1.91746189641088	-0.230109131619395	-0.20309514125557	-0.380450188725092	0.553330737536277	0.846839004306001	1.00325272093048	0.407550096067042	-1.18028591666311	0.668382590015989	-0.69478985707106	0.798592117156537	-0.154226666556051	1.1970304096428	-1.01658887701413	1.25725476593546	-0.752456160949538	0.608202173407227	-0.336267261699152	-1.11470309573233	0.123372323527752	0.843618594123998	0.655755864509716	0.750210376199677	0.938926608845828	0.579005441288976	-0.991459387855352	0.492185836408127	0.834673463067831	-0.653846389913534	-0.497210953654647	-0.180883579825846	-0.234534063671341	-0.590428427339864	0.59164789944922	1.61457649721929	0.518751746666096	1.65873213563938	2.61972171151265	0.202913471344989	-0.810576878349316	-0.444116424760253	0.56534387271245	2.02328233922022	0.649805708361695	-0.387141640023841	1.39706273882326	2.68420098870944	-1.81249170657815	3.61916037140472	-0.775297513160337	-0.555520115908909	-0.55798277086127	-1.34895741514108	1.72079813824009	0.700523462699671	-1.49174159738709	-0.773525149202187	-0.974545443723153	-1.9733384785784	1.18908693012559	-1.37648039321112	-0.961219535616635	0.92666690672171	-0.935169310008371	-0.0845931644965489	0.660714983732744	1.69329138719947	1.6561792994255	0.112659932811335	-0.08232535793996	0.523747821010535	0.177774325882197	1.36273246189375	-0.502564742906508	0.559350849393712	0.0434998426125059	-1.62347572162635	-1.53846977856238	-0.59281802711171	-1.00569813551514	1.94919411403412	1.09256431195304	0.515985132554836	1.15070849104422	1.47223590796794	1.57210933582756	0.549540065630385	-1.2753569529071	2.29344915653724
-0.392421707365813	1.43652943745215	0.301463917379193	-1.03808605249602	0.38685745349145	1.3940326549196	1.81178753694124	1.26480281575902	-0.164435599990589	-0.128224220133554	0.0349421964527664	0.435419767058893	0.126852262220883	-0.865656290746686	-0.934331170011824	-0.351802665455741	1.57187028992719	0.072270968806694	-0.796658392007976	-0.640437093710856	-0.698866042375659	-0.851868987093033	-1.33152556886679	0.328648889671047	2.29377156819267	0.790910332775187	0.930502010115915	-0.809256865055407	1.80142732519081	1.74803086230889	-1.46009394440457	0.653211743804113	-0.621172644228464	-0.937479260593869	0.763296320686969	0.708225895061777	-1.07665171247953	-0.322095024477576	-0.676846622643995	-0.520568390008064	-0.963495690681356	-0.963947761975447	1.69769307233929	0.5342037747959	1.20741684708145	2.1452485928988	-0.297489434613432	1.0707612640353	0.515108035033522	-0.204269352055082	0.182512212284642	-0.374512627464698	1.24076615089346	-0.187522859997905	0.239653150196322	0.444573537048251	-0.248197383624677	0.00424561443770042	0.0428457560273924	-0.184540093274451	1.41625718897483	0.535009461869401	0.0208537738580689	-0.235229466352239	-1.39733940989378	0.244038651749067	1.48296535427802	0.727258866819085	0.583555699311314	-2.09378369415139	-2.06174582935106	0.298409818399455	0.912976214795158	0.440838820539149	-0.517393130585844	1.49368222631323	0.910364352762686	-1.14770652268846	-0.908689164697192	-0.642209962043429	0.00929499343469249	-0.128451710171278	-0.102830852840983	-0.750624654999944	1.76976974001667	1.33525111571285	1.17313018846082	-0.592059223054159	-1.26125927973734	-0.827928281542328
-0.805516716431128	1.68352552606316	-0.495831722484556	-0.150353825094176	0.703323842176325	-1.16850141677006	0.65518459110597	0.482165994643061	1.00421590857941	0.793851229445137	0.439365604146275	-1.51042812585914	-0.787992177100373	1.26941208548633	1.15482430467243	-0.761043006519497	0.543278177788439	1.47860010425993	0.846472242144292	-0.401947705095587	1.39956793486432	1.33524867736031	-0.719561553510025	-0.00425672115135614	-1.0898853602498	-0.514443804987913	-0.555955754170318	0.0337437749718497	-0.132631397679565	-1.70819204609232	0.293011768231337	1.46134423837174	-0.604493197382165	1.7672265746684	0.0568043708215632	0.185597915934362	0.580606403124503	1.7385292565695	0.853066891864461	-0.379212437208804	1.61989169504697	0.757010823962393	-1.02474119672789	-0.645083987774751	-1.58218970215758	-1.55358946224426	-1.81333883750617	0.44007131112311	0.188927262715331	-0.469681331696699	-0.237213400003263	0.62559533967409	-0.0225430362223353	1.10023792666863	-1.42377930260453	-1.29947318070225	0.616170547363587	0.701324555212427	0.194866074055152	-0.0582354779632351	0.435986052511771	1.78735352595378	0.90902724410089	-1.79229875991186	1.35509672451671	-0.583434990614956	0.231045480396731	-0.168334327701714	-1.21319382352579	-0.300675639880023	-0.161003040221721	-1.68339627582163	1.05034702985119	-1.4136674604181	-0.599010638033572	0.85216278996822	1.35155090885501	1.64496167615676	0.446666654994854	0.525079673043453	-0.056430964439096	-1.32008378575712	0.57411176588132	1.22001305387647	-0.332281284296759	0.672407292730555	-0.278188331118646	-0.354438347488511	-1.49965163848832	-0.641705704655791
0.573507854820695	0.856429634759602	-0.14376658483805	-1.2298860702337	0.446130808669315	0.0737152649475159	0.568145469490315	0.583158136749487	-0.843349729706871	1.24000396192758	1.71552616699601	-0.487844523098953	0.309730974631162	-1.03956910049687	-0.339631621174357	-0.316324869973454	1.07577598424849	1.56505712959149	1.78530397809748	0.0202728872897295	0.0631025496654375	0.19203867857107	-1.14693626859049	-0.413082892395947	0.320071018687291	0.51911747595736	0.930632169841889	-0.586703567269789	-0.311505002363345	0.111291102831568	1.07934187828402	1.30878122932349	-0.432224874091323	-0.198121968157072	-0.00471559376258819	-0.775751190155364	-0.048645215225289	0.655007619950112	1.18487281083951	1.38633800629081	0.827169875797722	1.65501466000997	-0.16950279750279	-1.7237070012781	-1.04704739817868	-1.8673632237107	0.064610961397171	0.958400658091272	0.798853283680762	-0.891332901558306	0.268957229961326	0.557462554390578	-0.152604362737137	-1.33016341741907	0.167638430833142	0.159470701589024	-0.345204507035536	-0.323792692373298	0.0780584735081143	0.390082919066496	0.111936248516385	-1.14090631499009	-0.087218733538306	-0.373792148830152	1.56789303084798	-0.00818525460569669	1.04106583314276	0.349614132604255	0.11151730119291	-0.284893876305469	0.00669884715245349	-0.312383481301155	1.33487489624984	-0.828634138186694	-0.207216604470838	0.493175747345373	-0.468620661804757	2.83228544079514	-0.244762739571885	0.249719945135041	1.8983514919146	0.737855319765876	-1.54564996214673	-1.73831468801003	0.567004067950233	0.822951727885623	0.605026838351944	-0.467240030255161	-0.222696471159163	0.27556423835136
0.398111111542316	-0.665472089119292	-0.7057463850932	0.348029976750151	0.967281396830683	0.946948321392786	1.99168901683388	-1.32156771997522	2.28273535219535	0.712143623229988	2.03661402821301	1.10114152364514	1.20598130469662	0.662027306716081	0.65498223332337	0.152011431813431	-0.773498933327432	-0.401927832367419	-1.34369891654344	0.776614232280457	1.80697594910581	-0.784112264699866	-0.96885836309011	1.3497257387501	0.623314690730375	1.29427152995622	1.1834232829424	0.621156203727708	-0.710155262801384	1.31478773699209	-0.527065346680087	0.0252708440472153	-0.908997990898756	1.86000391695079	1.05105939779851	-0.480539144711576	-0.489633848555208	-1.81443527174838	-1.04744593923998	-0.310487957878032	0.977579297491158	-1.4556252011243	0.876352821502633	-0.646379882730205	0.107583403701999	0.0670027133859551	0.549117372552735	0.286641077015848	0.191666686848757	-1.42814107270876	0.943753503283593	-0.394167471410532	-1.07922602289714	0.870288537161343	0.654215685157462	-1.10936144157082	2.00698711173914	-1.80977131704518	1.55974013948738	0.812807349337812	1.31750737272989	1.4851159115079	0.609719757864546	0.755178978200963	0.366897202050318	1.91677921976552	0.549453385232926	0.953451617081917	0.127089779843874	0.600522478110874	0.108411799241722	-1.08922320801135	0.21951675319873	-0.107078555869227	-1.77281615725431	1.07938961300233	2.45850676930017	0.105663084047356	0.0423675008747533	0.323142642428143	-0.449562976459246	0.0371815747653403	0.0769209355210675	-0.929992839716805	1.18689761817504	-2.19525597142037	-1.16827323027371	-0.927977137360894	0.261374694653244	-0.111599638185576
-1.37714821530602	-0.184859746084965	-1.2746800607113	2.48796535163301	0.453937186552893	-0.160225187226406	1.00102272386766	1.01937012563131	1.93573731989151	0.205119938272033	2.23758403276247	3.1007007148993	1.29776572071813	0.939258971273759	2.39989419439379	0.884341360753407	0.219649679249144	-0.418664489496628	-0.862047247296217	-0.814248880794788	-0.568720940460734	2.01480331212975	0.472337580215369	1.64779500732342	-0.516977581069986	2.31554138875028	-0.375618093935375	2.09745810335077	-0.519157444390867	0.371897243415407	-0.450707686358426	-0.371605060099905	-0.560140636956082	1.84043482368374	-1.08727897830172	-1.30389862450752	1.62979813730932	-0.126767714539805	-0.229068312884565	-0.375999762239559	-0.305537993326259	-1.23106596154068	0.28322971412767	-0.012406638614921	-0.574650661984394	0.19878988575268	0.692555735545388	-2.30509704453552	1.23223954697114	-0.15172596386166	-1.10657180290136	-0.910700949380391	-1.02168482735562	1.69191575360341	0.752968893469441	1.02433888737069	1.58220373712695	0.824190276366939	0.0613060504186003	-1.26343225178364	1.05019082118832	1.3708658864938	-0.0370412505989131	-1.851115614046	-1.02798468790542	-0.76216394757116	-1.80217339362596	-0.509515948817762	-0.121316628327685	1.40037239430612	0.617881270953583	-0.989431114132542	0.115823065289586	0.103008559160285	-0.33856413625861	-0.388479510694931	0.291411024364297	-0.203527377422684	0.80054604339499	1.79471030016276	-1.1415023229898	-0.208703360325976	-0.838270214365013	-0.00890670883278016	0.0532271655074156	-1.66811688122	-1.03504783881275	-0.491208535828084	-1.79179368207732	-1.25350622340842
0.440207121959829	-0.271615814831286	-0.4170490895613	-0.210422061268882	-0.809176347458152	-0.497447918424345	-0.395148456457247	0.962894811702988	-0.083086697381334	-0.234354938945311	-0.68729522160388	1.26461045426696	0.126879504855866	-0.038337755899624	0.380987062516943	0.627311444887911	-1.7658637006295	0.457468493652372	-0.752604754627087	-1.53567051790489	0.134732277311428	-0.297386243162555	1.65654236632825	0.613209093772686	-1.51090542960692	-0.319095577153855	-1.10314094422057	0.368880195657047	0.577237783718888	0.586658295742325	0.00448905872189569	0.0133423446952283	-1.03960621417688	0.615111057069387	0.96632554607457	0.615363981105914	-0.605107666358976	1.20172562102433	-0.60532498814945	-0.180569924217114	0.390499289423119	-0.238859176421728	-0.967470018958785	-1.08585810902	-0.322867899756274	-0.796312870467131	-0.270986042970601	0.837443657627603	0.292774197180658	-1.01361585137001	-0.512563626942441	2.16854766468412	-1.1407608282478	0.372172395329778	-0.926583630902269	-0.445849371328077	1.15372908831103	1.49860106372895	0.761934000263986	2.43893614755277	-0.319562239559647	-0.188843119654844	-0.969943202785908	0.0549458530992855	0.0527237843461596	-0.672268630586334	-0.287524883494241	-0.343538706815407	0.571209898853925	0.194842436096104	0.509144379859504	-0.807054561959777	0.153028744859342	0.541135756293806	-0.143964977837177	0.993066780737455	0.218774596562802	-0.462482055330813	1.04511795854407	0.319235119526069	0.758236876171796	0.513966756913596	-2.1114002713452	-0.284245202259221	0.627051859801257	1.16892530250738	-0.733469572212785	-1.26498630983507	-1.24072469214693	0.168375273051807
-0.100318497173217	-0.295196420677362	-0.27521732874355	-0.0867064445265499	0.052734459623512	-0.6825869583279	0.926826833986668	-1.19480113614524	0.799487608248747	1.68773752451201	1.91607512710278	0.615315864786822	-1.33690410309197	0.0220031910957018	0.743184572941425	0.564637651292384	-0.795828139286679	-0.152543832056717	0.47543293548769	0.964405319668639	0.174367714376879	-0.803925502715071	0.034677980793882	-0.251760053105905	0.213123566817114	-1.02322708269959	0.428120500162902	0.182554357912981	-0.156788543300329	-0.688490795260946	0.399973702915191	0.0560888912972157	0.210637024895811	0.787354616245132	0.920240011621301	-1.25796588333588	0.36799263167478	-0.590142842010315	-0.608757460309153	0.692999793653163	0.809748008424334	1.00600914548164	0.934951965257356	-0.0911834995156426	-0.654511799666551	-0.637746548126034	0.65693661630544	-0.830729360982907	-1.02330093154898	-0.719055909691818	-1.16232311471865	-0.755100931404632	-0.293610091358728	0.933099962266956	-0.228875703110737	0.543529904292793	-0.744402174076304	-1.3120371444449	-1.52786984709114	-0.374020515543572	0.567564244524866	1.03750308086882	1.56090049057741	0.368521545813915	0.302678384622865	-0.607374081441972	-0.370453950190555	0.480814756887827	0.576134196103763	-0.897390390279829	-0.123391944708316	-0.784173597266772	1.22244239742998	0.208842928482654	0.122265792144244	-0.887985779456665	-1.06787244496448	0.435972960906633	0.326498465708677	0.517316588171179	-0.741976831884698	0.569392695134996	0.980553538194898	-0.489534058965329	1.04329931528791	0.978814571028508	-0.38504143843656	0.987701850098213	0.387078671259452	-0.0548746043417571
-0.432972608811613	-0.280723989331608	1.58574006427783	0.555957413191712	-0.845024264700716	0.381031737725434	-0.487488401679433	0.543013738560551	0.802765743218597	-0.831917665973831	-1.55494281434845	-1.04287865236112	0.723712629583392	-0.0637631972299717	0.468845564493721	0.597183861258361	0.430684367030234	-0.614162702368606	0.773390534671757	-0.13911213065537	1.55277551474611	-0.451416860481947	0.993578924253065	1.44097253700989	0.495534357933706	0.356034456861399	-0.656276259697321	-0.230879507734304	1.6246903646566	-0.795538760637393	1.00546261538695	0.136487181465098	1.04692533147957	-0.382290282552942	0.901006527554914	-0.405317821283217	-0.245973551698264	0.127652564805311	0.215436963568792	0.812977932449844	-0.450997552180334	0.300777823548214	-0.333977642883636	1.08833765530087	0.556983181092114	-0.0363113940920553	-0.251599739150446	1.05258491556743	1.59931095264278	1.14954812923199	-0.341437310443314	-0.182624013885391	-0.19688828085487	0.640532933546135	-0.661314080123666	1.1131799848131	0.230358853790056	-0.519844467715279	0.0601610965644994	0.128632053472855	-0.425942269112052	0.759292581486069	-0.785114258508701	0.0630256975586917	1.38727889594652	0.476091346659348	-0.290875568083109	-0.391778485959974	0.55324921381128	-0.322729806840438	-0.57029562471274	0.804239306356256	0.195800852975119	0.352091209602078	-0.643425853449321	1.20488813609647	1.43712983381773	0.454450013629522	-0.870930508262147	-0.887283722576803	0.00741845950539482	-0.858182663176156	-0.579938877444752	-0.723404916430838	-0.164167830485642	0.450971772467751	0.943921918964966	0.0998570883173926	-0.615657299733237	-0.0660936138669304
0.421239782269025	-0.147852284364808	0.75380402215525	-0.295952734790457	0.248558062080602	-0.223418013852668	-0.62478586105281	-1.56705449701286	-0.810986578663217	1.55519740163813	0.0863388687404991	-0.0329510087370236	-1.73672431656949	0.983132570863396	-0.556707594836602	-0.549632866852201	-1.31631616523247	-1.49315830423501	0.731656529048589	1.16821261412086	-0.308190297725706	0.443230097936389	-0.501074172055239	-0.771689695093663	0.548360554465895	-0.81692940975445	-1.4319290029829	-0.855991317743688	-1.42953436373062	0.822559311370073	0.00288967363732792	-1.21727960547105	-1.03925204035769	0.354588778366007	-0.23877347305226	0.507321805676856	-0.611853366906917	0.387580458025556	0.188097428206785	0.329926386533746	-0.656733716402723	1.04317916050622	0.236798535158011	0.0755399120162291	0.403931748575152	1.42885023625262	-1.15731782074246	-0.879833821867903	-1.09952422381415	0.569634439759366	-1.52986079775363	-1.12353152282567	-0.899321635745505	-1.49059603787074	-0.419894172796566	-1.61036263072667	-0.553509507239824	-0.902329529740546	-0.637664285506949	0.482953806676048	0.444050608483797	-0.872286619275652	0.594334106956238	0.994764729673326	-0.325779914459468	-0.926139366990387	-1.39921872875347	0.257246290498828	-0.341031028520424	-0.00411923742553042	0.453942869637224	0.262320237310135	-0.118269939903483	-0.122664161368341	1.21483531154769	0.963520402539182	0.386351355784646	0.867399329706161	0.87369386448489	0.383368212886234	0.996976347224408	1.12538192841398	-0.953222269896402	-1.44510322042038	-0.559843736099032	-0.772434430945288	-0.984429261602103	-0.724854937670504	0.643823642537532	0.582856080643948
0.493150201340732	1.12933365510401	0.438207860188187	-0.315912011243621	-0.900318705839401	0.766418782024477	-0.416945472287291	-1.39915853995954	-2.24893299516148	0.885897240020547	0.167698478600048	-0.890089440164252	-0.672522224425755	0.921948030259395	-2.92700536350764	-1.55525498025714	-0.117732403727199	0.12399773599379	0.210158643733596	-0.959167747154807	0.37134856953777	1.1659952762001	-1.24912068084503	-1.39381688300725	-0.666941904198436	0.0810475529574502	-0.377566934710205	-0.0208933798624068	-1.27753466534225	-1.0598240140167	-1.02431914410977	-0.00221973059266703	-0.196023124211513	-1.41261301266244	-0.563691190581939	-0.209836105588938	-0.115991108790519	-0.0403655950599486	0.961998533150231	-1.64479359211152	-0.920463396042388	0.31115345613878	0.535466530470032	0.276738464514523	-0.820845844683519	-1.80117788957755	0.150032048545576	0.959132483058846	-0.173819272164504	0.669911084933755	0.748567795560068	0.333908916905745	0.427225657069895	-0.960218785487304	-0.193940602282475	0.519379395261914	-1.14357663796237	0.81494265985114	0.656235865089636	-0.34045381866144	-1.14505749111764	-0.489047459227498	-0.436324781977704	-0.844062469979329	-0.181990313116658	1.04345676344984	0.495785406962542	0.231251070414736	-0.0430078614034856	-0.228837519415145	-0.0466781511300367	0.618688166744622	0.178232022908143	-0.566873937934755	-0.0300299583596879	-0.795311763293996	-1.21263634198678	-0.297131116784408	-0.655698638741218	-0.81823766643891	-0.431642175675865	0.897496532518716	1.26171667615022	1.85494739674335	0.619714110102429	-1.55156345588846	1.23547119471605	0.752605439615459	-1.55238105023476	0.851962849442772
1.56707204424996	1.54531196685321	-0.307821566354434	-1.66222898765907	-0.314870764732467	-1.39936621022319	1.33016949037777	0.382509878035812	-1.89469051678651	-0.0722322175072297	-0.124926684573436	1.839347716944	0.486306667733858	1.17834201752503	-2.79532853434772	0.231876186830351	-0.380180656960392	-1.31651983271459	0.664522609063001	-0.792242912605867	0.45874655313898	1.52425979972622	0.483379824937209	0.368534418286762	-1.00418889678443	1.03666698148094	0.998974734762503	-1.48615463003769	-0.286520130067676	-0.770581290459894	0.789453989948621	-1.27940130074515	-0.199806620535647	-0.629933553301282	-0.22748787334208	-0.1161532938709	-1.69136006181576	-1.71633836660908	-0.922209473537204	0.527278677567114	-0.138667202292134	0.762571025205924	-0.969456185909678	-0.200824549007577	-0.566446722907446	-1.17107804328404	1.36425778513927	1.04701157042941	0.602863571265007	-0.214456561197481	0.0305560747557213	-1.6503138277319	-0.456293821307044	-0.969313314817811	-0.340931543191394	-0.163022016501527	-1.3918824294639	-0.937237609418231	0.133775121551761	-1.41215825345669	0.757370933356912	-1.84821424475655	-1.92199151383074	1.14291746264457	0.927201517341372	-0.160178194539032	1.59815889511298	-0.316785472167595	-1.42909705233247	0.859836569738405	0.945436613265912	-1.16384698834054	2.07385455606543	1.38377512964131	-0.310701799634494	-2.30579318634552	-0.857342651642987	-0.359510614531315	0.483978916335262	0.448401528173302	0.0495914889491789	0.89548389080947	-0.351102518296005	0.125361944686742	0.984518874177305	0.261181196561987	-0.854586732056783	-1.48738063049163	0.673174806644998	2.04317032679777
0.883713965495909	0.307884462369592	1.71207847497519	0.0457805097486966	0.557515669566027	1.57045224441902	-0.613182682504589	0.399892487259279	-0.775485791285038	-0.406982355650524	-0.0120118346077673	-0.519267369510746	-0.362313649510727	-1.7526958604586	-0.0244167021392321	0.244712219301875	-0.0656570622071345	-1.26501323194017	0.256984916029907	1.47226223254879	-1.12637110703735	-1.42450937733843	0.0572657853082407	-0.282509905744363	0.633637066688048	-0.598047550776707	1.73345990529499	-0.391273735349647	0.736517441626358	-0.111653816374933	-0.371014551184612	-1.69000308600009	-0.765403485852562	-1.50199325285413	0.0828001973041101	-0.214837308056777	0.690138645368715	-0.867271846423389	-0.653110916091872	-0.766660241472434	-1.41299201289676	0.433781428997733	0.678575894870953	1.71296823952513	1.23741901979547	0.563404534572659	-0.26154108649691	1.08546819225944	1.04018215541144	-1.3855502055783	0.623909685941686	0.0421899753499051	-0.163143353554388	0.249420649851041	-0.135426941943941	0.27389073243603	0.202819699565916	-1.32058373076608	0.372818053596453	1.01369222353558	-1.23459770075146	1.24153332956172	0.477677324201501	1.53075094550649	-1.03346932381315	1.67548493138866	1.26433840615433	-0.934538364843932	-0.680125059021296	-0.149994219367916	0.102633363120352	1.1225857875855	1.00754995644613	1.25479366609997	0.147888487636969	0.714215032610825	-0.0445740537102603	-0.325399915270691	-1.35115263027853	-1.4554201855616	0.404604754120104	0.698125052895046	-0.120595087918756	-2.20888203608973	0.0341287537749668	-0.354805903913831	0.187600958822491	-0.525825420287686	0.920275420076015	1.42277298736359
-0.422126847924483	-0.28875125592863	-1.58960995229928	0.698557353125133	-0.511091598018273	-0.114638575159049	-0.836547221506013	0.560181718967004	-0.628487549466505	0.225454898001876	1.21980070067822	-0.775005552040806	0.947265258982001	0.0696570126749929	-0.306187619549241	-0.557411203683718	-0.709855113892205	0.576917297149851	0.971306580965543	1.03057005898176	0.681443240295977	-0.478501020910799	-1.10116820205737	0.579922238632516	0.0114036701074723	-0.0310754003951023	-0.836584494631246	-0.0133786970357952	0.219518327168751	-1.37073317805314	1.9071686223904	0.922717827295425	-0.322270078948814	0.590637002539216	-0.0832780912515343	0.550801379321888	0.706637539538139	-0.116361867076189	-0.206550821740914	1.35917967231097	0.0859654054776213	0.732932399507625	-0.187646286773696	1.41008198114494	0.349787966939462	-0.738252224246294	0.343366844521815	-0.649018577288312	1.45485033643834	-0.289879773857265	1.83329773421712	-0.30057008998287	-0.0398108281295521	0.283452048084984	0.0486100519754484	0.783325988551092	0.145993062715896	0.56209454799729	-0.0637494053439102	-0.227994504808121	-1.17297072363059	0.370319643581613	0.880288610052228	-1.09807059571366	1.20283884724297	1.24847781319013	-1.01832807646044	0.300805227178334	0.966390697847517	-0.0460570943857016	-0.0705312112159385	-0.96591820881414	0.102177072320067	-1.65236586455656	0.494280861934739	0.718109135350745	0.133441542360252	-0.155324448303596	-0.9529997738307	-0.2891980774698	1.65409097872541	-1.03774633292841	1.75224874546152	0.628547296526746	-0.360355501789461	-0.408822144635435	0.2983745916231	0.603612990237609	0.156482598790116	0.582709645429771
-0.0209430909119977	0.776078159634446	1.10325840631638	-0.754970990689012	-0.539222878990049	-0.375522299939604	-1.10885603246909	-2.27969470936799	-1.19335712354128	0.438171282148739	-0.78476922818356	-0.542769738119548	-0.839349868668767	0.918386793276848	-3.0169811237391	-0.930742150018231	0.0212930788647982	-1.64552590059903	-1.56236794941633	1.0723705446239	0.165714953829668	0.945551461564794	0.0113724585506623	-0.394383228599174	-1.53346372117732	-0.650159935860265	0.457552848837796	-0.560436779292834	-2.36192955139458	-0.0595407967389741	0.149604214092923	-2.91514404579715	0.50123993868646	-0.0407324092985448	0.57669632618552	0.243078823486099	0.18948110643466	-0.0168108869661502	-0.230127575847367	-1.56708309094433	-0.101112827551753	-0.651231291710586	-0.620175667848745	0.164354611061198	0.180921812705324	-1.13974313841512	-0.423054810915815	-2.03286978228529	1.33278966693614	-0.465779009896352	-0.95555227421851	0.316614400902962	1.07995714367826	0.0435114515074046	-0.905753261966051	-0.977995878521829	0.983423813036842	-0.0804922453423279	2.19715260944936	0.599252988191637	-2.23537455942441	-0.0910498820412563	1.06168021599549	-0.461881034228959	-0.838805283657703	-1.26201268173194	0.0815528135976746	-0.836830988636423	-0.941181186804969	1.38074513553593	1.71229739054466	0.238266687334976	-0.1280974643018	-0.794397579555616	1.4774783075461	1.11765076299264	0.393439915753027	0.323100481750737	2.13820594018636	1.11151629868057	0.598977445506503	-0.982898216329732	-0.98016717388413	-0.963272953726876	-1.38699411489741	-2.00834721450261	-1.05831836823113	-1.12044704120668	2.14953486573431	-0.0817944737140651
1.51668155578298	-0.877319627516159	0.048421681795074	-0.603447373705909	0.902465075570894	0.947193291112744	-0.145945152439362	-1.60461559163235	-1.92267659665372	0.206294627641416	0.120322338545208	-1.06690539806023	-0.48723876721986	-1.10105834022161	-1.14831689900685	1.05301139631947	0.28102094381535	-2.21879276129349	-0.0542750717839818	0.357949411019564	-1.07820310331324	-1.1743754978621	0.649149034542804	-0.397542311291808	1.84221972945922	-0.73295816613474	-0.776061373145941	-0.198147824081612	-0.73856133056108	-0.592275520420523	-0.615221264193097	-3.03240127227787	-1.14416952728119	-0.173864955669548	0.544380863482481	0.517969422957541	-0.411358342967441	-1.98304923031577	-0.425409827635723	-0.110988663995815	-0.185019564574881	0.436811146065353	0.565491913401461	-0.127732657512276	-0.454169342473177	0.0505935693692236	1.54762175248379	-0.226775539830665	0.427164661461939	-1.52103256977742	0.976977396656771	-0.814575660816386	-0.270007998488794	-0.883945375817189	1.43659921734488	1.70591893158427	-1.6133394670343	-1.57879651681842	-2.21386307496786	-0.669681646995562	-0.794851551003023	-0.159692459416124	0.70881316327783	0.402652330957293	-1.30579289074353	1.57495714177646	0.0435121412801319	0.520945585978275	0.450331655565206	-1.05947314510839	-0.406094590695718	0.474834267618925	-0.910002810511428	1.61298993980852	0.300102278382396	-0.409880847196824	-1.21642864561601	0.133689278587599	-0.908881815721571	-0.701154844654805	-0.86550816026256	0.568303054330426	-0.489832832376429	-1.44490341020278	-0.551971794290736	-2.25692568342987	0.220590085937795	-0.974622820543291	0.283168154674407	1.82374978276422
0.447369534879798	-0.952394565242384	-0.114812542934123	-0.891496529837278	-0.505701646030225	-0.131879368766419	0.542715808839616	0.954447660903403	-0.646056784131968	0.23464595529603	0.80676307754111	0.776483277652213	-1.03944433688502	0.469819332995253	-0.980887783512772	1.37208174128031	-0.791758850254431	-1.08490640647904	-0.794565662803216	-0.327286361852208	1.20013003323047	1.14174926427433	1.88102951435303	0.377688903709636	0.565462667651632	1.2205268282517	0.456015120954785	-1.00368459373369	1.34973243020349	-1.03176773625155	1.60823136296006	-0.898502157536829	-1.60766766063056	-0.0609000879522255	-1.28896808218401	0.330311780177276	-1.25501351050713	-0.596704472701908	-0.240698307094432	0.624695932461062	-0.966074066509682	-1.25475862520461	0.096613109773903	-0.589581559443676	-0.673246893958393	-0.739599119997017	-0.0562546285723348	2.02401834716912	0.85956482412857	-0.282295984500907	1.22003414661325	0.538222491805142	-1.38064215309907	0.675966846394131	-0.558718601974702	-2.2649102502819	-0.984993120815649	0.601395457008014	0.259950850650955	1.18604757011399	-0.377118552788623	0.586944887299076	-0.140863304550532	0.446428782019535	1.56210756786271	0.911154745567342	1.09745947653168	-0.248974695534473	-1.98492164004823	0.496897164029325	-0.205113030272667	-0.791638360340764	-0.504005027250325	0.719566262770828	0.998096131285944	0.355644193238191	0.569612577959598	-1.0511777670424	-1.49926805707919	-0.96807303079291	0.942959091663495	0.923216377048245	1.38759829685693	0.62892221830167	0.91203670642395	2.4088654593794	0.988616076323923	-0.0145512595478968	-0.322662003970047	0.0717500131509026
-2.43206798412114	-0.085608869659147	-0.128723455161896	-0.0475943358043589	1.67105223724409	0.782517335368906	-0.77515908672281	0.606933706644576	0.277055334187815	-1.20831463164526	-0.0616115673416882	-0.0127075521178552	0.0383454884540108	-0.75789465052381	0.200187101421299	1.94487021778928	-0.702990790237731	-0.424930296214047	0.593123941922639	-0.555076637810562	0.0111609995185855	-1.47267281824494	1.19187023994398	-0.340352685003404	1.55099595074693	1.14806809422517	-0.177727027993864	-0.735205777395754	0.203666715296897	-0.957113711015052	-0.930201781065157	0.445692650355132	1.89943885528376	-0.308940322659359	-1.65117064972249	0.144401187180939	-0.0554868520331551	0.438660922091896	-0.342152925970056	-1.40588631070114	0.724468151187221	-0.0456649466955998	0.718395975323324	0.325259077029538	-0.188675385453223	0.842150417561026	1.82440864395755	1.32031423897859	0.925783188466755	1.23750115846548	1.20535646538103	1.30295496831302	0.966240883215777	-0.384466957309371	1.84774270276271	0.372139584827458	0.237567024236638	0.8153100801525	-0.287701976031797	1.63727320286502	-1.7518372610202	-0.407911459072263	-0.642027864808836	-3.04532787182457	-1.73824535852568	0.544496269522515	-0.0934168995828924	-0.49008964118803	-0.399076553045028	-2.15093672708203	-2.28337960817499	0.0643738596535964	-0.230183099451694	1.38659362507073	0.654293523735308	0.299972402380564	-0.290737416421521	-0.783617631998033	-0.411281080690508	0.719902778625375	-0.00520441733460471	-3.13480831963623	-0.0279101013446393	-0.552061734413035	-0.375026067379168	0.951163524433823	0.787759178934686	0.0215648305503622	-1.49056139382561	-0.409288424409379
-0.946582746501913	-0.643346549824868	1.20250335282557	-0.631912560392491	-0.21695847363849	0.384511419872477	0.335828194240013	0.835063403857419	1.45781908483356	0.630579927041901	0.36760744827696	1.13417652648191	1.10949186888081	-0.304887598832555	2.04204230347006	-1.2858557087769	-0.854548052346979	2.45899689923005	0.38571480361655	1.54954535333567	-1.46666401752824	-0.0496672200290361	-0.733177181169309	-0.477640864180439	0.189507721100122	-0.149084143082087	0.217555418937887	-0.229098971130418	0.735041868233667	0.163624951881626	-0.000797534468481507	1.61228125093816	-0.280219289149624	0.162428286693266	-0.435891328251973	0.165688887805864	0.19182760803645	1.37352890005679	1.41382072199876	1.68116795355591	-0.874573317269349	0.156821283921804	-0.1978379344151	0.818002444320323	0.255649984700113	0.0147291162502562	0.420135096054682	0.0176189138596862	-0.215199306363771	-0.0178402766372462	1.14490004401037	2.36692923091808	-0.0361967625904124	-2.85478230358	2.29164115507267	1.75357258458626	2.20561791298334	0.354917167301136	1.45095414982565	1.51870413310121	1.03099143193729	-1.70540391214763	-0.192385707992134	0.349850707078388	-0.705182234997868	0.930276607435624	0.410728228948475	0.453564443679151	1.98237347598105	0.365176160188148	0.157585572811739	2.94503310131048	-1.39762577501203	-0.694197448185254	0.387682089051213	0.918305426097925	-0.762417081747459	0.200339365678735	0.191315932985322	-0.652240392075319	1.06648643788152	-0.457258814480817	-2.13993773467118	-0.84575397355339	1.97630195737932	-0.648469147632975	0.140123488548581	-0.936621149173916	0.603398411111581	-0.466381045106298
1.18212230541025	0.00465855639677294	-0.872455924756341	-0.904526418472022	-1.36424358959912	-0.979236372238366	0.248394444385899	0.36840299979205	-0.710018391457624	0.74868686171841	0.414587355146058	0.332026973694558	1.06323365130504	-1.00406171613116	-0.104075340463487	1.73520833473182	1.81772764518244	1.25008401408708	0.451040429295861	-1.03642782866576	-0.651452288767447	-0.240595409061966	1.75170634179402	0.273126632466054	0.824982384659814	0.72330699881925	-0.973055721790438	-1.79850415123687	-0.019571303895308	-0.134098854804141	-0.79025013492575	1.24555185114117	0.467057038923944	0.0744336903406915	1.22747694324703	-1.03182995611034	-0.319389531291196	0.63261242729079	0.322994907645673	-0.414893420497847	0.352741691633587	0.349494017878761	0.617658643391889	-0.121163242756468	-0.763630999947324	-0.215138943173401	-0.728788540455926	0.213105082909702	0.852583046108573	0.268505677629395	2.35190335122579	0.19379764432163	1.41147323028506	1.20795764128058	-0.671893110046876	0.171460499699379	-0.422382204710067	-1.1181478560908	-0.514696430350222	0.031892636200356	-1.76497161141941	0.389047563200891	-0.672083762230411	0.256264235910021	-0.505361516685199	1.68931490255988	-1.94112534769387	0.572417554915826	0.629629463484977	-0.724715453903022	-0.605718890551768	-0.682911109361545	-0.831524596745436	1.07500896143472	0.410620320798597	0.784949816514485	0.838790360241491	-0.150806158381305	-0.164216997145964	0.110089111451789	0.765799703923655	-0.214454913612084	-0.559846890053118	-0.742188920318002	1.06995025431896	-0.0891766435407763	-1.72144710630014	-0.603059496138994	0.102898760183337	1.41897160070488
-0.992602671267144	0.766846014900429	-1.93946026792087	0.243177434615645	0.190222389156587	0.305186724654568	0.000354545691593667	-0.939722848189681	-0.0892205910030559	1.3962465047051	0.455966304544714	-0.645363736219011	-1.03796144800651	-0.607211882361898	-0.0338120317876877	-0.299605323920145	0.672583338028898	0.585429747218017	-1.11001141505678	0.773006031661592	0.490642918659277	0.221777709642958	-1.45917715315111	0.50538487867068	-0.405735884554978	0.575243278160271	0.98873597373202	0.402211126335327	-1.34830053815528	0.421317586239834	-0.448074990547343	1.19003114538294	1.42594312872293	0.420101789168355	-0.961044017393797	-0.78401137131261	-0.248422289497125	1.40911435527124	1.27568540582611	-0.715273894017528	0.551075343027908	-0.0854614526040754	-0.509469050183811	1.41485870427707	1.77898414070703	1.00412595805879	-0.556596022140957	-0.299389531062557	0.353474028765053	1.2249700212943	-1.01358929044495	0.559007361765407	1.33225633065163	-0.348456959735448	-0.0214204986311513	-0.602609049127222	-1.18045082931422	1.65548322838771	-1.30622829173369	0.532657240729957	0.0189313864595316	0.822269111954343	0.870072252911343	-0.521329124685046	-0.99860589066495	-0.766003082295354	0.0902810511461195	-0.851810419568103	-1.04568055537666	0.798622766202222	1.43571936845699	-1.75459029062488	1.53813753211218	0.0886627358155868	0.347919693757156	0.743310313835677	0.0410544267672606	0.735109173136886	-1.10241176935617	-0.943811225662776	-0.790858728714112	-0.589719807049317	0.305586044098597	0.690206682386977	0.133764463901046	-0.594434719755856	0.372072028845889	0.880248961920903	-0.492845810730712	-0.802898697561443
0.000838391908146788	1.17611551451061	-0.181003571498072	1.48422576975906	0.993175516716587	1.01398197471299	0.269010867779012	0.0832397987535811	-0.596555518329388	-0.433350699072925	1.0683556813801	0.780371108977968	2.7713036075923	0.731530998917769	-0.70978062830438	0.696769320092699	1.92122968391492	-0.743897026501366	0.137051378364357	-0.718506163036928	0.170285575510282	1.13716244478153	0.211710807497554	0.922963351315989	-1.1006722768883	-0.464647021397608	-0.526664937427433	2.12912989999291	0.520170333590275	0.187605997700075	0.769572623333028	-1.2246689100159	0.283338839477274	0.080285435839359	1.48144605635697	1.13155887094191	0.810049438229513	-1.3029356027749	-0.743913726939537	0.296263046508265	-0.267315640132936	0.063749270263533	-1.64422923867025	0.984989946631521	1.27930373394771	0.434743481422174	1.14445096699489	0.70558036386152	2.80071692117382	-0.556574595871148	0.0538916393510509	-1.14683472749194	1.42294462383189	-0.116350584828173	1.38563115049303	1.40098535752227	-1.34645226947619	-0.160653178454934	-1.06263028697282	-1.61453307119259	-0.259582880381741	-0.552719738944106	-0.392950337282949	0.0216850153193044	0.939870516381272	0.912146426675008	-0.116025371300948	-0.695197428783669	0.922480531957324	-0.758627185359826	-0.671184863430525	0.0228639852641346	0.584055730249366	0.49153465491791	0.519604967730451	-0.176048832503005	0.455940238943485	-0.754936124905375	0.107802705930268	0.625574574805002	2.3236033833824	-1.19701868069203	-0.961219103498969	0.332600402571838	-0.654994786036825	0.34305231284908	-0.41688094983201	-0.482479314760973	0.413949122387162	-0.490036282506687
0.564571760606293	0.398250788977281	-0.210955579464888	-1.75060946932491	-2.37680071878318	0.382473366947919	-1.58598083812888	0.0351918786529677	-0.893995242790464	-0.182562955125841	-0.562565618839607	0.0371358751496544	-0.335537119666071	0.626392457075598	-1.49140699084031	-0.202510158711387	-0.353076819527714	1.00270994695113	-0.949132277902154	-0.925881462095075	3.22488935515975	1.09961555034544	0.0984843729099378	0.437746652357858	0.264136208112181	-0.0491817847392875	0.894716163058908	-1.94866272894106	1.48421241756818	-0.68767447607785	1.46021551938626	0.124133704357033	-0.0213595716437489	0.0740747627604183	2.15414729833794	-0.869587984403065	0.569872161772053	-0.0674288669951276	-1.08865074927425	-0.24116959974099	0.307075713339232	0.161785794410148	0.315848409171763	-0.638129089601087	-1.1952402640112	-0.505198696776434	-0.919850261132478	-1.68574082831955	0.571607895849546	-1.92268471797799	-0.427483531312939	0.803273212999055	-0.464812258504615	-0.135787125287102	-1.37750698322468	0.738112749800814	-0.563648266186094	0.270447610635644	0.684208566481514	-0.724963352000021	-1.07552749080501	0.246658720110878	-1.1987315078546	0.911363626990715	2.14710957163604	-0.460960732808676	-0.332459684283383	-0.152000405094071	2.03366832769285	0.257274611031356	1.10589812413244	-0.196179489125832	0.162697010711433	-1.16964074634794	-0.0631597358543593	0.490901072441229	0.804794098391572	0.364965272904062	1.70231101995095	1.38083592711771	-0.637260121744888	0.731517219651576	-0.102049550928446	0.910005276808651	-0.68225470633176	1.62408710437981	-1.25167825220223	0.187672441986085	-1.44545909561073	0.571699754655902
0.116083364958748	0.336340683267029	0.698396351420442	0.529007306103167	0.817480863644533	-0.591446238735491	0.134758673125125	-0.158044123688269	0.798771538495451	1.07108625784925	0.083249335802377	-0.959291464125483	-1.43227656742441	0.631872381857475	2.16114466244226	-1.00742998685464	0.327243234944253	-0.27572300708458	0.137029432288358	0.0312065107506529	-1.5843805199951	0.788518663850485	-0.826044923732304	-0.897957758478299	-0.118291358970776	-0.678906461463169	1.14782140222791	0.720821283792959	-1.32346581026672	0.832549961694924	-1.57574211619859	0.242959221839565	-0.782671034023428	0.28514701797877	-2.01700551697081	-0.415393066216972	0.32699489675103	-0.0681225478663872	0.327556866874148	-0.665769215657946	-0.431429597294523	0.360676010052064	-0.431308198102819	-0.293630674459844	0.405550109531708	0.19600489148527	0.837090088530791	-0.591600979596946	-1.52359861826756	-0.288873691527972	0.482557747761034	-1.19428798254032	-0.375217655982597	1.21026648115418	0.393860339559843	-0.964698401440903	-0.908086898466634	-0.559799434689867	-1.34273294330863	-0.43956208314638	0.261628160630944	0.846169188620835	0.574909264297358	0.420984332645584	-1.23421824643881	-0.106876048418489	0.386109876133553	-0.161525979022992	-2.54560323676296	1.38020526909149	1.38981822212339	-0.0900952086240937	0.0847499959816082	-0.358380898339372	0.601780795479618	-1.13854277324755	-1.22885831388755	2.00465740309369	-0.886248791184763	-1.32513169971229	-0.866797595422458	0.248205810065399	-1.56869800288648	-1.07157696622142	1.20031680572711	-1.08484118542948	-1.6092592747751	-1.6770556887532	0.183438631462269	0.712846932733879
-1.92666795457025	-2.13101721828912	0.675731119791316	1.10853647276889	-1.69011386349093	0.208208870951507	0.205691761004037	1.88313257342219	-0.549529027418515	0.260009657833268	1.09403236675959	-0.538807740119868	0.680025125875663	-1.4505951376943	-0.122263291764618	-0.519639514226463	-1.31003239625377	1.76200197643535	-0.652752724074267	-0.411393324942166	-2.48368381425092	-0.00921640908261471	-1.13114248441001	-0.909511347564503	0.415559434643577	0.891825987074152	-1.03822303952279	1.91389993527713	0.265204603138858	-0.401307294801006	-1.33650024616409	1.50370318018432	-0.203773796757242	-2.28366801456665	-0.67379623849493	-0.0297049067372085	0.54520448335669	1.60629900208504	0.0422148405810362	-0.367363964111511	-2.6306295090349	-0.330647866959359	0.286610800674861	0.0715135423040069	-0.479175753731867	-0.810201917432278	-0.305170963152535	-0.0392554378038858	1.12112983396995	-0.810788963326832	-0.199876152876287	1.97246980266639	-1.6237918710559	-1.42721621628468	-0.0940661952724203	-0.381880884482148	-1.19777490884984	0.97081501557	-0.515871272779939	1.69720089183593	0.367027460242249	-1.11145165589089	-0.49064852017955	-1.61522227989911	-1.2214803177851	-0.418874967719553	-0.481921681741898	1.43275192584092	0.150182011696342	-1.20273139675663	-0.814520293376416	0.89614385042778	-1.13139596702385	-1.31542402689573	0.767282839905708	-1.21991238592798	-1.43243381613501	-0.354988992794855	-0.902955159405024	-0.113246157160161	1.33307438400423	-1.25296060898525	1.61241209690924	1.29318089931272	-0.692155870065046	-0.912127268209845	1.1754275321799	1.86005755570975	-0.904147187176726	-1.79822043603834
0.113857778059092	-1.02964986058092	1.40984023232223	0.352730911000671	-1.30890910278708	1.36278281136827	1.20110588746357	0.965554434689069	-1.14433317249491	0.749604475529007	1.17308215190855	0.871877617936422	1.02666950552529	0.289208975353358	-0.937157020173287	2.24393214215592	-0.954342901508086	0.0175581612064429	-0.629059627587896	1.2188863798848	1.63628414250562	-1.35296454809179	2.26415801617056	0.975368307882785	-0.603487751059671	-0.177938764145277	0.705194182090257	-0.232219308189678	-0.487630660624057	1.26024840525388	0.027708109944337	-0.843091135992326	1.38421921388228	0.403451788117203	0.770902672606393	1.58012985043812	0.71873815857991	-0.814465414645907	0.20954070070886	-1.06942843163596	-0.00808819292619998	0.681926959377453	1.28313744183809	-0.0399308371704645	-0.112900253351005	0.951738229160044	-0.851683006199775	0.429645200644551	0.850917586202935	-1.55298297904988	-0.832371544002602	0.252430617932572	1.06425230368934	1.40586386947651	-1.047778616978	0.371382996809293	-0.565062104607865	-1.45559785131401	-0.126331918339404	0.710868099575625	1.27963857854431	1.3915077856676	1.82944289389327	0.16151435847566	1.225245915744	-0.314867485552029	0.593151715479775	0.271726571836811	0.676938676858226	-1.22456522673926	0.14246576757232	1.36050121571972	-1.49697574983769	2.10185829511732	0.74706235789876	-0.246254215787243	1.19171109945969	1.1571488180641	0.175117769759912	0.439579866958789	0.717337722790063	-0.0512105328036986	-0.121575163701978	-1.6183277842093	-0.379888356436749	-1.49875739017488	0.214283312406808	-0.104206507063256	1.28753838837553	0.269883458671169
-0.867852481610524	-0.723036423326087	0.614211222393871	-1.16299718870504	-1.01878668923897	0.0852012502970784	-0.00881290961992197	-0.329330605774154	1.66166139603659	-0.596192491937802	-0.879721884250601	-1.96415509228687	0.0146696772565075	-0.315314626904819	1.39388327221758	0.0753011598550677	-1.11787128994694	1.45457556106935	1.07204300309257	-0.391227645402684	0.426951408657246	-0.737364687800868	0.243484742805414	0.598029041199338	0.049276411292645	-1.06757976454709	-2.17793066742924	0.421587288524044	0.00234929395777476	1.75795332194013	0.879010940459024	1.81884124011451	-1.41697225661888	-0.11851737608052	1.86139651561014	0.165643412510196	-0.697754197765302	-0.0546553360302822	0.509231358839846	-0.350152642797854	0.505979985434121	0.925279704642904	2.79053103108013	0.939624492092991	0.323504290247437	1.8646914598139	-0.230947595475889	-1.06061696759494	1.139145051644	0.949247302292578	0.142298048928057	1.67077901603743	-1.47420943530836	0.139226011788745	-1.2121456183127	0.976790851327816	0.108613630269849	2.25605054504759	0.0618077703974951	0.963762501345645	0.130635870145642	0.614208347074042	-0.602115787338028	0.635545664663825	-0.69155357196228	0.232211007446541	-1.84107040459296	0.405739427107607	1.53406684728928	0.428986114297092	0.433288885506687	0.129890861294707	0.580026573873577	-0.201846522328013	1.23816956138853	0.359194412440187	-0.0779120764891875	-0.283085418718531	-1.77373324658907	-1.68386316261081	0.596526765125353	-1.47882261209625	1.14683170506238	1.34372821999042	0.281524950776516	0.0300778713683696	1.14404571667683	1.02154710451264	-1.15883358858489	0.421891420496507
1.61841953034527	1.05798477774332	-0.652762235629661	-1.68379450329763	-0.965158765960618	-0.98970419650978	-0.633089931053748	-1.1154870205313	0.571530873171565	-0.472021770031766	0.0720177079205074	-0.996272094536271	0.929358367272734	1.72439588864056	0.298359278878703	-2.43572832042473	0.706621908793993	-0.523173909696599	0.866807359081866	-0.165675186732351	1.96226459775848	0.9698913321779	-1.77919348806537	2.84622240770977	-1.81991965737626	-1.7541800031254	-1.51361586123729	-0.408301079829688	-1.20701882229441	1.67475973580594	-0.41356841557958	-1.12546110155597	0.0128387995026608	1.43931860232589	1.47733097283516	0.653386577321952	-0.895752673645427	-1.20070096411614	-0.0377124340894822	-0.836942254813989	-0.308946457663579	-0.385397089389775	0.908860229114293	-1.16119006699219	-0.591097687070337	0.270940302008541	-1.21452568497377	-0.201219315471704	0.991189967018209	-0.975371250518066	0.207878142213327	-0.202021058746385	1.13513037286864	-0.487538652448039	-1.93628222163	0.253251438622221	-1.08901936516538	-0.0136919977047793	-1.88786934759915	-0.155984303311041	0.377745254668985	-1.20071536202626	-0.700807376158682	1.07279618325393	0.538612733681106	-0.512253290278864	-0.87217725970998	0.0853699379924857	0.267506531832752	0.0583960825405797	-1.00039080947887	-1.23968231547465	0.43665280218194	-1.68798243959432	0.656475115558089	1.79035625384033	2.56634044413453	0.140876904648146	-0.199433104748107	-1.07943578824202	0.211783548300845	0.493394687651507	0.356285528595668	0.0483427988811656	-0.410326667544446	-0.726569973050897	0.411339752252478	0.790222400490338	1.13810506880479	1.41133898426103
0.408578031625861	-1.75155406733531	-0.44707114350681	1.67944754259361	0.778559346261042	-2.0497838989823	2.53178037198302	0.608288184172401	-0.124887980318178	0.618571308054052	1.29750814040688	1.9650335335479	0.675870331827106	-1.46066326388515	0.676823314259562	1.37028300275121	-1.26984774377176	1.40261841268533	-0.21969641319802	-0.656192186708935	-1.32494386584701	-1.71718469378026	1.22367972652462	0.054067764175389	0.0369619162398964	0.874147700720937	-1.14953281185584	1.08789829947467	0.342992371315451	-1.32231272611474	-1.54071840853593	0.814919104174131	-0.503610397887828	-0.219951431643489	-0.0217850284664488	-1.48862325257034	1.87165554635942	2.62232765543773	0.273698140209927	-0.538326953156187	-0.526715124289774	-0.833249233152641	-1.08455224125711	-0.927360890456212	-0.755830640087924	-1.26206419297312	0.320431982288916	-0.641336131102809	0.804789352446924	-0.211181718102396	-2.57031219963949	0.35537942429922	-0.624169435495877	0.416711725284353	0.794102277702281	0.565936668458499	0.462875657964001	-0.511013815146259	0.234354259651398	0.629207337947434	1.37466042064115	0.798272224709622	1.02616162162259	-1.161290913675	-2.04139914777477	-1.921072970896	-1.30385571172321	0.208536904581089	-0.17113238937774	-1.13760727031859	-1.5887501327332	-0.027737252534407	-1.1464700438662	0.828546641374365	0.789770299200704	0.329049680486827	-0.459283858960008	-1.19323537368415	-0.692346479339118	-0.0832327538367475	0.194304115465424	-0.197783890547705	0.606493662370448	-0.924796364818998	1.88405717903336	0.505462129174096	-0.609132046487607	0.276034434288459	-0.717153087956217	-0.529154292549258
-0.750144562208541	1.37645906394871	-1.17738664410708	-0.826269294045142	0.786427259257851	1.58627553030809	1.86668891173354	0.428423997237344	-0.329911676682029	-0.858079100206086	0.286610811501102	0.881208990894521	-0.259448908852005	-0.245720781790143	0.0736434286352833	1.38522574809259	-0.0288255111953973	0.48411400333254	-0.793795758683217	0.100693707372611	-0.298372737785971	-0.226808948662633	0.838396959827777	-1.10966752836727	0.442462007961716	1.10810531278968	1.02518831119303	-2.15881946280663	0.503250355178495	1.12018088711316	-0.571997880457467	0.965322721239875	-0.239858794232668	-0.493392500633014	0.628312585489261	1.21176287238019	-1.0125892703508	-0.465310380760574	-0.385061581924814	0.188778024891724	0.0323280198246664	-0.453925117668103	0.868347358241252	0.210033558276962	0.655791542377924	0.614718264178586	-0.758351664958413	0.908645128818674	-2.34206876877566	-0.262076084521585	-0.0103437185509419	-1.30457470780546	0.134625031593705	0.632996227959813	0.842987029243192	-1.77284321407521	-1.14762736179957	-0.814444373785879	-0.886842303798057	-2.03153853710604	0.334321314793736	0.854902165479904	0.0254076501996503	0.813620514505155	0.831624970476066	0.117670297043323	1.65287703193378	1.33039819885988	0.9038823324206	0.967394746695739	0.969238946764897	-0.458939857339315	1.56962060612092	1.06845459544451	-1.4825083025555	-0.925223132334993	0.100634836303607	0.667320090902082	0.39971156466287	0.98167537567486	-0.720462046214576	-0.0559562329164069	0.193712415833238	0.426907668299036	1.53976224205167	0.504853535498329	0.445512366940392	0.0591413517228364	-0.113917289552806	-0.791293054301754
-0.903913098288716	1.19785174716908	1.42475899209184	-0.547399450658924	0.0262863469350494	0.980869736009519	0.232156644692627	0.106533358462037	0.432520097617311	-0.951948697908285	-0.408717337961815	0.449628410365114	-0.0375877468649763	-0.283440438562061	0.51988824453347	-0.626933045060901	1.18294368271091	-0.473631701647363	1.45908754576109	0.0347184044895708	0.860975963633046	0.796711487630621	-0.493339012437626	1.10145818759846	-0.540107228691712	-0.470401955247656	-0.103113779959296	-0.581759021909637	1.1455729013144	-1.12123803894219	1.08772110205465	-0.0959214607733192	0.735119288178096	0.353840955725485	1.51272535015087	0.757946783380321	-0.644800875515246	-0.637423324464816	-1.12867313454885	0.221966628730086	-0.852393520389667	0.921242513445552	-0.5554984461514	0.907167541742117	-0.130984379451481	-0.171615023615626	1.3753954206425	0.740843549757586	0.430382334958877	-0.787627961292943	-1.15514412843225	1.01705325998777	0.705670133610797	0.219288292271883	0.0473880290116875	1.01969815290826	1.2175585146638	0.386387426184197	0.568428735843032	1.9940413024794	0.91001493166444	-0.118175252658029	-0.364062309773963	1.49004649273562	0.92474613257589	-0.560711950677733	0.79813222121691	0.266884988884282	0.913824058459853	-1.18235004225861	-1.20334623696681	0.386480293399604	1.24246244755866	-0.515646870904104	0.513517100969445	1.78426364974004	1.78673023818192	-0.572603230361173	0.235080348774256	-0.0273828654903954	0.32711356551108	-0.364824523783669	0.756915103253477	0.617494634129073	0.903413344541782	1.0415816094556	1.5046249277764	1.30958098776887	0.0927088478851481	-0.610787911339814
-1.18972017519721	-0.923454631549121	-0.518306038279182	-2.24287954690942	1.93052450923587	-0.238842565585331	-0.976336007924561	0.300519530621758	-0.359168313116019	-0.503018699436576	-0.307356219325557	-0.261115936643116	-0.294321025168027	-0.322041499144159	-0.887194388140298	-0.486465856980161	-0.0290887761560606	-0.940584285959411	0.475415588381438	2.03926526357441	-1.15720636903397	-1.05823456231892	-0.679290693036484	0.0214664398023067	0.605325106363616	-0.134587412810133	0.538884485258738	-1.67273390497594	0.339436639536571	1.35556491076088	-0.66653090034901	-1.11944355886542	-0.263656127238852	-0.911675027874882	-1.78282196035175	-0.67111229929166	-1.75920906023028	-1.59910872695468	0.358411565067064	-0.0114322367320998	0.190075945282544	-0.182334373269497	0.992267031715384	1.49172542522076	1.30332439883328	1.07574521267874	1.83108197865012	0.216863302534069	-0.664441778418505	0.652356531090364	0.710516902518944	-0.626102121016218	0.047609526599536	-0.0107888526023648	1.34380288228046	0.417346994502758	-0.450910163067269	-0.389999788279659	-0.233223144705881	-0.445840440778775	-0.983902596881338	-0.291741603480693	0.949379440524338	-0.761849472869757	-2.00073043289363	0.731652705237559	-0.148708813852103	0.354710130209678	-0.933799183120387	-0.235255361841888	-0.741341631683643	-0.414858295704679	-0.856679892407726	-0.736452333549878	-0.73095148290316	-0.553140532554753	-0.80243630265041	0.140825887228671	0.414137808066598	-0.0901466129794297	-1.22146449054789	-0.635140658764785	0.434140908071802	-0.602762510152159	0.759062636247048	0.168565857794348	0.560260893859021	0.402114951971424	1.72372540522905	-0.362767469232558
1.29394938943946	-0.536950206379669	-1.53273375515602	-0.710350918240535	1.10538091886931	0.134879057634097	-0.762648847682612	1.33304187450191	0.346094998776944	-1.44257066288476	-1.4038296751708	-1.15129959680569	0.160196113606903	0.183366361398045	0.461932158665201	-0.0515454325140617	-0.509872178840218	0.811161337099423	0.737765187758006	-0.101196260793387	-0.15406234761502	0.475229845364559	0.27628670350017	1.59697625838371	-0.325767134570663	-0.726692504365798	-0.213101223717582	0.119307634046857	1.12993312631333	-0.287567956016831	0.808202567589892	0.158204855017719	-1.29642539939025	0.995629315363929	0.442296148101348	0.119814514792715	-0.344952507362993	-0.235237580528626	-0.140985659550262	1.02430568566868	1.54309846550699	0.309151335789735	0.814731659667641	-1.30176995904586	-1.88732258977603	-1.49304001277444	-1.16254928356372	1.26997668147911	-0.283703440815052	-0.462314468157534	0.789927708965225	0.871860191575379	-1.20939028758388	-0.112566077019548	-0.277657803717903	-1.29023221677028	-0.299196546860441	0.576040787471505	-0.648324945132746	0.624958372059199	-1.00657591562229	0.100191897756341	1.13151138917423	0.863110627522606	-0.215504746054912	1.04916433766195	-0.0287277519915664	0.624569624079784	-0.543843668513198	-1.26803670816103	-1.3166734723477	-1.44485437339094	-0.435177543585618	-0.347607690393076	-1.05543566238937	2.29359102299022	2.2942405376682	-1.52413280564291	1.20097287584064	0.376227472199466	-1.21851030360731	0.458954736367165	0.931749902787341	0.227819450024235	-1.0084741676664	0.161730556875223	0.452729969905672	0.338656964234502	0.438984651599145	1.76376858943779
0.170260221378703	1.61572059394352	-2.1746740342359	0.65608520478597	-1.48068936080765	-1.68169839571061	-0.357261777228795	0.422257636296067	0.171676271489676	-1.2337019725647	0.329563038957954	-0.0336736423749565	0.254148889106455	1.59557482034553	0.298778375045932	-0.070220424000739	0.636332124157958	0.118813254384914	0.206861450942254	-1.03628501161907	-0.234341852022728	2.01333138161843	-0.998252608270654	-1.25536241092548	0.849246429962506	0.831449166776796	0.733261689591535	0.220576918239985	-0.0686330453567615	0.0366733103258909	0.419941734383799	-0.318094580738728	0.497154905823775	1.72773584608581	0.908661693261336	-0.892146126386569	0.876718157993076	-0.544848053431748	-1.57623242123937	0.492264151309908	0.61597581808105	-0.183351332724502	0.567419468353382	-1.79383004723765	-1.92102195835999	-0.23302827357049	-0.878463603849108	-0.330316453106735	0.360638662628624	-1.64833521500975	0.838151019256924	0.169122160339147	0.586427375872621	0.521664615813938	-1.35905788350883	-0.524898364339683	1.32690770270855	-0.727488866211078	0.634285235344937	-0.573866674388592	-1.05769348052096	0.370521944412482	-0.321259405257129	-1.39993922165912	-0.444968364310655	-0.0838608615546748	-0.266170330823747	0.058558179319502	0.900816463889201	0.313222583848158	-0.080753964416681	-1.45607556313014	1.09949605026379	-0.390871948516629	1.01452209242773	-0.466607489419297	0.238420554616745	-0.258655255856256	-0.554475868602131	0.113236082385724	0.866446547319239	-0.946320506740434	-0.833321831926822	-0.36074005642047	-1.12897253802273	0.423037928062891	-2.14589776732465	-1.54653731212201	-0.812879909233779	0.392654206296028
-0.329596081216037	0.626410968600465	-0.52089970556946	1.18207551979003	-2.58473875285889	0.327695816881695	0.400019302256514	0.241028387759211	-0.304672827280756	1.46593020178714	0.158776245316747	-0.387554292620182	-0.897823013480924	1.73843990004738	-0.697320223208793	0.598086773776681	0.851443428253771	1.02055185391882	0.78319145717739	-0.694281021378154	1.75545133613018	1.17158149628346	0.947226194290912	0.550694987474827	1.83519934341163	-0.651911923871422	1.58670749942918	0.718112134725971	0.248286499644037	-2.90708721458989	1.56362877527555	-0.434892684009992	0.348104033781102	0.328459554411533	0.753592437041089	0.583722417935761	1.99008337866311	2.64354047064938	1.5107605389308	0.938960622315366	-0.0933491122300539	1.46300591867168	-0.457731073729857	-0.593004532282239	-1.56164425509644	-3.21708927097729	-1.3751059620255	-0.188888369289473	-0.0162697921528949	0.00913839521907001	-1.75060862210606	2.6143600416846	0.735907520100055	-0.24230852859981	-2.24672944586376	-2.12668202013924	-0.512270013872562	1.04627302692361	0.0212348617535207	1.10593244590266	-0.812252751450234	-0.0719921642646665	-0.234865844681314	0.255454649080543	2.22395018870561	-1.48401596157311	1.5988055403436	1.62644112163712	-0.272648882308126	-0.605709203332013	0.328180937201706	-1.0084431966515	-0.79732347724361	0.762938512114556	1.03671617950381	0.832017814035011	1.46670220503886	1.2319171854515	0.372014764458174	0.491741324529319	1.11471514831357	-0.464614329526355	1.05768045038069	0.805095199698801	0.0928663114517919	1.36950369308076	-0.0881787593200318	-0.348077570746396	-0.486175401403495	-0.398743347348961
0.171203689566427	0.382924944373074	1.98532241879517	-0.116682833470139	0.110703670158548	-0.551324570887373	1.28656543634167	1.11745825053992	-0.978571885508254	0.862482190614937	1.21312037394046	0.495412435054573	0.0203856832799304	0.916771755106707	-1.76778257869385	0.32523185644631	0.117794144613677	-0.646794682259496	0.156609875344435	-0.996489782768223	-0.332274347893848	0.0025098328270583	-0.257365424802308	-0.191479739659102	0.501045671334122	1.67605713451607	-0.788053482371409	-0.448349926848405	-0.101554732927696	0.715984230954178	0.0702091747127408	-0.890876884119581	0.861591529931904	-1.3179015357239	0.899091775372053	1.59675295565077	0.553862149652698	1.35394412316122	1.16662713529041	-0.75117403448327	0.142903913079283	-0.312705829236309	0.607044683671984	0.384624663596045	0.488081014758304	0.168910532276393	-0.934417196363729	0.520884826882337	-0.13854594015905	1.55030460049485	-0.255348581717561	1.56956625748479	0.836969889236948	0.223922126015046	-0.73460024443155	1.40124053953928	-1.30784169190782	-0.143095167545967	0.00143981713181432	1.35022324108777	-0.451040979853225	-0.117690841475185	-0.283486437943237	-0.720468721948788	-0.0738300563224833	-0.764283477078721	0.256258929087924	0.42257274597518	0.422592127854689	0.399456151713463	-0.0974284970476395	1.60427855852006	-0.799355482724295	-1.54935835940725	0.735536905040927	-1.12896722020943	-0.904272390373521	0.138102574353786	0.771536005704132	1.80257579311666	-0.169043773075484	-0.696419358849038	-1.65773036729177	-1.06666101612222	-0.223091161709085	-0.432355105902983	0.575844009018435	-0.538585612937439	-0.262326873772862	-0.409061530619285
-1.27539221660777	-0.107507471771633	0.80751673487188	0.953431275187004	-0.326171160702738	1.17399457897125	0.525892359762353	0.173334240505722	2.13294863290315	0.785324571120274	0.894664638988992	-0.0254441228214812	0.106663105976951	1.44350869131122	1.66337578812337	0.627281385298195	-0.817698376447577	-0.343843215841805	0.451635620793603	1.02422988471772	1.45862238372503	1.52572809238801	-0.136249545560987	0.368700216682335	-0.269801462752735	0.478200864689584	2.01828309913653	1.39219244938502	-0.0334158217457744	0.198247607749081	1.25125726534445	0.606869446370627	-0.595755152936778	1.31421826468859	-0.691521198549926	1.15733387953209	-1.35359854970106	-1.25933690704188	-0.908329871013176	0.952681506348373	0.110996382270842	0.504460607570714	-1.08807347967765	-0.297468204802722	0.860297163294	0.592526674241693	1.40990797391247	-0.498157964180733	-1.357256889672	-0.786208436404825	-1.19758299926455	-2.2197012494607	-1.5752483311315	0.400963374794801	1.46958644851679	0.375667027642874	1.04338453647053	-1.07309465542496	-0.201107896464295	-2.17187824675971	0.129167092455407	0.978687545050723	1.46258273917333	-1.36350861565908	0.795208500291295	-1.02424512441089	1.6642990259362	-0.663648785538079	0.0466545335922782	-0.944380741523657	-0.635902988130294	1.73509908775655	0.703305450489665	1.52259576716956	0.0664119822881078	-0.395353293516591	-0.0682257705237237	1.11545636287354	-0.679064607840275	-0.278141546260303	-0.710985512170325	-2.13660294323283	-0.583962924038626	-0.254231050125244	-1.07475026841042	-0.955473472511915	0.0162990506367594	-0.351310436004851	0.780034319910388	-0.659165224422314
0.69432832885929	0.00715123659518599	-0.153289401226389	1.60489731725614	1.16026142442256	-0.332036961492255	-0.468528209018315	0.321724596579479	-0.940686272720572	-0.392047704240564	0.483418464999583	0.373656522512855	1.3495091772789	-1.65619580153716	-0.244264450987602	1.63668379177074	0.687732973425744	-0.0662434227805135	0.222539028592939	0.283087343107034	-0.13972989296154	-1.15413083155	0.395182629529016	1.1331103502719	-1.26965618508877	1.25024050652656	-0.31204813434891	1.61571308975494	0.212640799865495	-0.407266670998691	-1.13774264340794	-0.665377777795202	-0.698692981362683	-0.41166954908974	0.0879685543818923	-1.28858933952963	1.29830457799998	-0.0752339102648495	0.567310277000273	-0.267587100368662	0.887660276244783	0.0288657253066304	-0.0147888396799258	1.76860129046389	1.15889449464913	0.306895074263292	0.764050235180173	-0.365505176719497	-1.09736141933414	0.000448777572910956	1.05961279543261	-1.55344448651442	0.202576997567464	-0.164246123891623	1.70131639674643	1.82342501946626	-2.14680973753898	-1.88735924328402	-1.87171891926503	-1.7592686963334	0.073457545046368	0.727738354607447	0.0359940203813744	0.772180711448797	-0.00785770974672699	0.560017444169304	-0.44878347662582	-0.754313112656935	1.39645111515787	1.28602804887091	0.92021864457216	1.13568231578204	-0.10585991826075	-0.129089622802642	-1.2627009028404	0.14970012232761	0.78983646622227	0.372544363887214	0.619833638995277	1.2856262218262	-1.38455417462107	0.496105117232927	1.36171054564617	-0.165165147634684	-1.07518183897262	-0.442041765083871	0.481094472353668	1.41955757898286	-0.712802589690405	1.19767472296229
0.583670161936672	1.64776077247885	-0.658710440538103	-0.263303166847643	0.331138965610157	1.93152555969295	0.548173487607317	-0.923600561655125	0.199424162740523	0.967567735542713	0.472304496670195	0.127155283440819	-1.43785989705248	1.33202430878307	-0.592063935107747	0.871923237548265	1.19772343848756	-1.26765200330239	-0.99678349358232	-0.516841125911487	-0.957622410698459	1.05478666104085	0.234786921469078	-1.71992002524302	0.854083781623179	0.186122225464078	-0.361661242810751	0.965300165933571	-0.437099200424087	-0.496179831550535	1.85943784763479	-0.22020106319212	0.570128864991054	1.08358826413037	0.458409048616177	2.09007947781095	-1.48727778109364	-0.926110269187751	-0.63184413326798	2.00596410987201	1.28472440609146	-0.860672041644708	0.594528967855449	-0.0308530422294285	-0.510980652480152	-0.523513747002182	0.588786422567179	0.714448776723849	0.4648912739303	1.1690819228841	-1.05496295107751	-1.53042317528224	1.63060736958402	0.622563122210509	-0.734090553626868	-1.18839332020432	0.458412496614407	-0.696135954147702	0.212267542325931	-0.263291410033443	-0.510106911737985	0.675807349298373	0.465582997694181	0.323233702104389	1.21296897658016	-0.555934126352724	1.27412987339712	0.123258989357992	-1.41620132801599	-0.781959351557325	-0.720184212004363	-1.8786649998562	0.229091934991811	0.368687057960704	0.848754026307701	-0.461029065239608	-1.06471265580288	-1.93822343856559	-0.767219380604263	-0.0653593489695485	2.32727209570183	0.513807388184572	1.22773978232321	-0.905262321892495	0.364098465994539	-0.814401329625171	3.15119743647485	1.29850531913915	-0.260126191639136	-0.535271965463841
0.795802654856276	0.322534894493064	-0.794655640894904	-0.353518023381643	0.161073935405647	-0.373677772510802	2.43842567748978	0.756098735860014	-0.816363551737435	-0.37237155619531	1.11711843070074	0.28716508837209	-0.125730002324973	-0.757159540495385	-0.52169689079628	0.426994335749256	0.23421102644648	-0.567407145062336	0.81041280448023	1.09435634051447	-1.20152002028434	0.0181610347129935	0.190379297558396	0.67254945081475	0.0540304114912461	-0.128400677491442	1.37302510876356	0.48553732277431	0.353161151980207	-0.369467692786251	-0.218190602586837	-0.299684745391522	0.318242305620119	-0.502764135861706	-0.372852861515157	-0.00609422545970453	-0.86879836197059	-1.27031539817168	-0.317869561984365	-0.236488537971066	-0.0111507439328231	0.414875592326071	0.846416156064235	0.156595530033598	-0.639855508914326	-1.09809350439415	-0.246544405051252	-1.28734294606183	0.293378025201733	0.0499233655594328	1.00364824837693	-0.0411379926852175	0.232696643057333	2.17549313069476	-0.687891313046447	-0.633118357874036	-1.49546385463079	0.64441052299315	-1.263494306063	0.836126459408764	2.41863020429658	2.5058747074723	1.38395691213337	1.76211194929857	-0.214042554769608	0.308022561334654	0.110110026249933	-0.0147169202763667	-1.45873561581443	-1.20572557400688	-1.21760117916289	-1.5140183018817	0.828974827381313	-0.0887047730804759	-0.261502762399244	-0.840873131018452	0.160112656178671	0.00601152198451219	-1.52646854264753	-0.843141422587159	-0.986824719112502	-0.272334368891249	0.563804899223957	0.169660630643968	2.02132487451362	0.727713596557937	-1.85494125657381	-1.26356183679779	0.52079139314666	1.03201389206013
0.0796448898527191	-0.87968243324498	0.0223686891390865	1.03136911205133	0.0514892582226444	-0.298513427893428	-2.19934694507639	-0.507877729868097	-0.41866101366431	-0.924370852920026	-2.16512565822015	-1.35382982554296	-0.837420614587347	0.188195110568291	-0.556557822008767	-0.997669497601409	-0.112524881399488	-0.280865229745918	-0.00785660525853659	-0.396794996770227	1.8071650724272	-0.451512272813324	-1.19481138135827	0.0271106780323909	0.154649093786409	-0.0460651899080411	0.820380706028961	0.802546204811303	-1.46749089849351	-1.31984241553292	0.372896710556791	-0.267473147184819	-1.07780851535155	1.35642148318786	0.90188086510781	0.235989231229738	0.849195358205602	0.528795492592693	1.06451556105699	-0.0476151034893881	1.05515255877403	-0.00175701035686385	-0.512105861841157	-0.131635137019302	-0.414761051527195	-1.08718622774678	0.274380839580429	-1.77351291183253	0.172354305571678	1.74480094594311	-1.05976784611109	-0.160259363366479	-0.708339340692074	-1.56343612421883	-1.12021401443953	-0.846837140847136	-0.6093763954011	1.81143774509617	-0.743661501821519	-1.14662379688969	-2.30050096806019	-1.41318592759228	-1.04790869842097	1.05114446223816	0.805514648650769	-1.79201316622235	0.572954762369654	-1.17123995707271	-0.54333527344681	0.684197189233869	0.570465008327229	-0.810873083506892	-0.905192553588127	0.88112842203761	0.858093550355776	0.140702767298373	0.306014507570149	0.694576522174435	-1.18421650432004	-1.71103317514064	0.725300516217925	0.669172915471093	-0.734205739923951	0.85475505937201	-1.43041488445085	-0.505380737476099	-1.50784089742183	-2.48212076556378	0.331095198239171	-0.862407094315471
1.82930830531226	0.139235968700353	0.803045009049163	0.196879692031641	-0.620609177647009	-1.37486999949251	-1.33045690471738	1.44280028822335	-0.0723309153248981	0.629041691918355	0.921388480438958	1.30573671689761	1.0397268027067	1.45734259668014	-1.14500034625173	1.21328661795831	-1.08096072810531	0.53541942773435	-1.11419102354777	-0.432638255632973	-1.51701315500628	0.828406657177036	0.639398774082222	0.407219866019595	-0.4526206466573	1.2887437901924	0.131145340964211	0.129225780889065	0.844401176684354	-1.36363641244474	-0.596017018104036	1.05665368921638	0.743090553513139	0.418116456803017	-1.34657190308113	-1.65270496893922	-0.882988122205499	0.941606987284119	-0.695832776392092	-0.204250038318909	1.34447514400037	-0.671035895564011	-2.08243572072916	2.70055231640509	2.11245708762483	0.557850995335611	-1.2249791445611	0.844629902187565	0.935957473849904	-0.749919492474731	0.659483473692805	0.632384365696965	-0.338846032891231	0.74435197481588	-0.567421032886768	-0.21055887832739	0.223224861240181	2.24288231875175	0.563642968090242	0.0199794551390816	-1.86621939864905	0.37372220353235	-0.563570501239982	-0.523318363112248	-1.30215009665171	0.687814609804949	-0.155076123003858	-0.892211992429949	-1.29692891806174	2.2336802604594	2.05185608202923	0.74458533119421	0.440687518695364	1.03209916164091	1.0286278644651	-0.843189883173418	-0.441228796330032	0.710638336060109	0.842548959144934	1.53247032457424	0.38841799329689	1.14018262539168	-0.807252026867649	1.65142812886744	-2.02320460677682	0.957470507216567	-1.2430770428701	-0.994883518774466	-0.0511880158285222	1.16935500317328
-0.957294150282427	1.28504322290076	0.676407001614568	-0.173484021859486	0.0890738845781122	-0.710325420433694	-0.0221592924682775	0.00557699317102166	0.43276100672479	0.261575899532516	0.755514137228715	-0.227277716200673	-0.562716088386114	1.26174001160202	0.343638685812876	-0.647278232170464	0.865805495300073	-0.558752837338721	-0.403241256076464	-0.282514749599643	1.56599171581426	0.714027741317325	0.351461449977773	0.420488335458804	0.736337440902677	-0.0759067476383285	-1.3335669174282	-0.152669210663025	0.0644684922359015	0.00860352695208307	0.816960067177957	-0.689802726052257	-0.618376191128476	-0.130887619348167	-0.162852741490385	-1.25365340824974	-0.394006642948772	-0.382306858132117	0.455222088579547	0.348015145055037	1.46754683857686	-0.521882958973616	1.05545750872909	0.151861188562375	-0.723702494258779	-0.597479590541688	0.264338542777036	0.578656224093676	-0.140320382673491	-0.661538381476157	1.94904537171812	-0.495815438795933	-0.817789248783374	0.197363498477594	0.485064273154566	-0.609629841702011	-0.0484172259939481	-0.401894458247584	0.163583973694575	-0.556221011822274	-0.290453354263699	-0.431673662767255	-0.689025749485361	-0.280038089759441	-0.2370209324314	1.99604506367433	-1.69686997859968	2.02600078821861	-0.164811187820389	0.85116225884269	0.50424022553981	0.516924588381999	1.45596413881873	-1.1852970034403	0.446905424259864	2.34769371233102	1.11160244133877	1.29442391128259	-0.551756334003692	-0.435408996002676	0.581628621636034	-1.24423237283129	1.00457160241986	1.14086451346252	0.212904384685967	-0.901509720675976	-0.90102938480251	1.04338030812056	0.359058648659285	-1.06796604305945
0.846215535097666	0.000173811746256389	-0.335983528197364	-1.39480014395632	0.399253697294556	0.0778356397204043	-0.619403386343699	-0.318725706797889	1.47754377394461	-1.23355173230305	-0.459163222950207	0.992252201793321	0.302308074132442	0.737974434712201	1.58857931737832	-1.36474343545056	-0.599063271689478	-0.00982659713676063	-0.408649673103775	-2.44082219180154	2.20189523371756	-0.857934384435485	-1.15036129320947	2.05504224933236	1.87190095258578	0.952108587538829	1.29696596491943	-1.83286137069363	0.204756235438186	-0.757397874787575	1.26320572675404	-0.632500664250623	-0.597114487201547	1.84826457660931	-0.678481791377088	-0.455913260480469	-0.195609279320607	-0.248704646780586	0.0702514098187725	2.60267206182799	1.75914848144682	-1.37373059621535	0.0929501708081828	-0.714143208305331	-0.823533467509437	-0.409661422680695	0.150284245151617	0.040453454802914	-0.77106369295798	0.112411440888099	-0.101485526103257	-0.248007809050149	0.179588620923788	2.08964446493046	0.181846640573843	-0.502017358318511	-0.487472839558318	-0.50615819821058	-1.76157585968564	-1.07136286244174	-1.17914950384904	0.523391483277038	-1.33352777589864	-0.357338435255269	1.70195258488899	0.604067904780694	0.19717797911107	0.224946901030975	-1.41172892682322	-0.828852190055665	-1.71733443978067	-0.865608584043124	-0.936020942588178	-1.49987658225782	-1.07161861221996	1.84612653802732	2.73122829625247	-2.14952325979254	1.369054805466	1.17779469169075	-0.402917634378484	0.558652375112641	-1.03585247322012	-1.12301149051504	0.0620302830174534	-0.15919654266904	-1.44160176455113	-2.0703534546688	-1.11067533364847	0.0832947505844168
-0.561448815557924	0.991558134598943	-0.76489271902839	-0.392697904112243	0.134675262170506	-0.952571659482405	-0.982386217439401	-1.69820164696529	-0.476091902912887	1.14400141980854	0.945171724144156	1.97997327446888	1.70583693006943	1.3363551763033	-0.976373692388564	-0.368530614455992	-0.90908525319022	0.665195536168779	-0.51483032940977	-0.0923231289284569	-0.398998213355749	1.64528187107142	-0.682622439423649	0.138627363484536	1.07268756835218	1.90019828284618	-1.04751399297418	-0.438478620198511	-1.04965725579269	0.418265017866914	-1.07454606904245	0.890567195441502	-1.90757445198212	1.02779350088738	-0.510446584629493	-1.64469742715286	-0.392031826129889	0.601912431577618	-1.20157063266652	-0.142725892161485	0.820245434580739	-0.291809110019093	0.185314881644488	-2.91072981351003	-1.65051240831578	-0.277005038539335	1.06195143282045	-0.322684172254238	1.40450545769911	-0.744808460580792	0.234401233468863	-0.964937432315752	-1.906419138401	-0.372757070702536	1.02596362551525	0.469861909102996	-0.417730547572913	-0.192075518569686	-0.163629447738167	-0.590197984643834	-1.42904033345213	-0.333218071562017	0.132780248507651	-1.41718022881451	-0.08718954965626	0.739881726654813	-1.12333082287554	0.782643850796754	0.143726302815472	-0.324501378041454	-0.156468301989295	-0.167268254974531	1.68043441490202	-0.36721163026861	-0.339566257964586	0.260749703043053	0.0414090660283174	-0.103055911448069	0.281957707653266	0.514269963429395	1.28517050885306	-0.826808418088296	0.859936403004542	-0.137052168164596	-0.811564946073167	-1.2438831251438	-0.492437023548083	-0.167951002263887	-0.23705892362952	0.150759509404872
-0.641574618886669	0.700770321619999	0.259365273402954	1.53772923752937	-0.712256666059017	-1.41754228226976	-0.476441736133686	-1.18832967769583	-0.644817119878656	-0.352829668393168	0.442868861197947	0.0826830063478726	-2.77701609116957	0.31073332680166	-0.483221803042494	0.301332285846306	-0.323029774304319	-0.764984613246711	-0.402930678959018	-0.713458357703153	-1.37079780987616	-0.0153668553081062	-0.0490899284906877	-1.3807564622156	-2.18245143961552	0.721480569667021	-1.94155600422113	1.60965839920283	-1.93462475791117	-0.728054262202708	0.203783173500251	-1.40455812088247	-0.939303415018021	-0.928385890337207	0.540798430907487	-1.11538206091455	0.906810797123033	0.63052339190013	1.21845240528529	0.561383276867966	0.0678288716227251	-1.20125946190816	-1.08790182415282	0.333786047480268	-0.416898478478796	-1.51926829954769	-0.613723452518655	-1.13366983975957	-1.09718841366363	0.798865299886637	0.236868458971257	0.103673663975195	-0.819120670300703	0.315539543815	-1.44492420943459	-0.172160212206878	-0.491856328565188	0.219960722680253	-1.04568099969791	0.58184587199365	-0.893050497562148	0.146035972794126	-1.50053815897949	0.532074307007109	-0.505455941332247	-0.561268145655616	-2.21812236903454	-1.26220993707808	-0.971035291202893	-0.161268950545361	-1.00019316706173	-0.798046040298918	0.379209141032846	-0.109610252333991	0.68701658661405	-0.369027744901956	-1.84372129340356	-1.20690594946074	-1.74710108291113	-1.37239454330815	0.149099611548545	-0.973487843077385	-1.57688137842933	-1.47953398598956	-0.295364188246106	-0.788209893506227	-0.428033418680448	-0.0762325834887366	-0.160730332161288	-0.0951814768310511
1.26366985273206	0.393926748310152	-0.0253306795130205	-0.554758249019621	-0.0195405718258082	-1.10745517026574	0.127305726372104	-1.7417483316069	-0.755175307217304	-0.454316315464058	0.336664053360983	-0.324894731634663	0.315406329360508	0.678071602307931	-0.762195982404085	-1.42306762319643	-0.945475931499424	-0.0510019062433962	-1.21262939830511	-0.644100010671863	0.624698600584971	-0.768465681090835	-1.80391832746172	-0.466929740423569	0.804069476824059	0.0119539682161296	-1.03187421233879	-1.56609461528613	-1.34900514240629	0.488069513109533	2.20066009612937	-0.592916520103088	0.516548355864081	-0.50174661731417	0.139709521928234	-0.774337254043952	0.418981496353754	0.561255529577232	0.192371748012397	2.60860042620416	1.20315418279686	-1.37378607058714	0.841840928833745	1.05683956722838	1.17387588668671	1.296013717874	1.58169599040814	-1.14737030732185	-0.803881641858568	-0.908668519418201	-0.445230355335042	0.546876475135204	0.562558854051366	-1.69039838668962	1.17232346480846	-0.136690674561323	-1.86017430632217	-0.185952385019078	-1.65246904256376	0.145140761100749	-0.605478989056095	-2.09943258485162	-1.4006634465963	0.683948865040318	1.89608358755703	-0.586434827677972	-1.11984086449389	1.14886253294746	0.201708490353513	-0.637023602236981	-0.936659561682355	0.485991489395774	-0.378299576349676	-1.09965692520451	0.361545785588359	-2.16835449782812	-1.45122904004159	-1.01520285707348	1.95210358280908	1.78704274169162	1.16728385220194	0.188288708540783	0.940948081825226	0.522599617464908	-0.205154149781847	-0.414700063817782	-0.730184690820084	0.0827725179675989	0.626697835800423	1.28090230813842
-1.81935703186202	-0.0639397122729448	-0.357367812718283	-1.14888414216635	-1.33508975436452	-0.0171803386426756	0.0633135839341984	-0.413681458056229	-0.619506355548914	-0.646681531579719	-0.0110987446447965	0.330917829113745	1.12446040429609	0.993748679317041	-0.0477693303227348	-0.765677195146885	-1.23984689033546	-1.55518387010861	0.0996790794730402	-0.605792271049032	-0.634191628771285	0.292386327260758	-0.262364685741518	-1.00513109011975	-0.20750517512925	0.255529698662637	1.3345575884257	-0.697231455485083	-0.344716894601961	-0.260559285342914	-0.609604496408567	-1.22264272709914	0.078281454474581	0.0375865811280946	-0.921741413879405	-0.773526966124386	-1.43351037236065	-1.43158256317623	-0.0492254273617777	-1.2745374713461	0.616823545170979	-0.849327871294321	-0.118658322865031	-1.54495118511341	-0.893311904663418	-1.06773165682894	0.0485053131268996	-0.174233720359813	0.84396726065856	0.212746711016801	0.411128407457306	-1.59162107998064	-0.128273825005044	0.270071578645178	-0.193734188404124	0.45355697355492	-0.350078623844891	-1.58564069881729	-0.421647407308159	0.469885722342254	0.443893314745482	0.781360923378956	0.0185319435377218	-1.60327012450524	-1.08460904956104	0.818159660635394	0.408982315073399	0.00626053973856749	0.0035613697372306	0.305371404742249	-0.657680407484696	0.398083923485984	-1.143632644708	-0.690199746358265	-0.506480215915353	-2.29070960653447	-2.11222710130502	-0.391104607808862	-0.991599656899275	-1.00590243996167	-1.04945533079218	-1.05469587473547	0.373620696877195	-1.65423011074273	0.30950662956774	-1.17494936867861	-1.18835958829628	-0.575202255286704	-1.46123369072756	-2.09868726829481
0.0468114428463781	-0.62201539360812	0.848938039601198	0.0494296279160941	-0.125390720671618	0.563758711949939	1.42541242589538	-0.643978018725852	-0.215531496001512	0.602877673731866	0.445588947931115	0.374264237988148	0.874210747603891	-2.04896727165411	0.243089527113831	1.58430739747339	-0.220807354891869	0.700827447384044	-0.541730825235268	0.556516378447656	0.347791396240548	-1.67416344028653	1.25531100116885	1.43982776157506	1.09553607277756	0.445620827425753	-0.00808866278318328	0.375464081215191	1.0689681439402	-0.0709186929740791	-0.198228430513597	0.72835588977899	0.855997988520201	-0.389871144040232	0.497471702215318	-0.327307598531779	0.222813180312475	0.727717887512039	0.887553701339475	-0.617685274484985	-0.843041900600291	-0.277644108334472	-0.034428428050896	1.54834454547809	1.63532971503306	1.48357019203004	1.06822281041598	-0.268381449027062	-0.0148051328394209	0.700542684876496	-0.858673417540562	1.21910225578512	0.684389638349448	1.54118407637591	0.0602239042790167	0.559532802789588	-0.0958181093993823	1.40915784920439	-0.1172015052536	0.989540334224111	0.825439296483958	1.35489044984	0.945874821368365	0.160425672800414	0.732224392678142	-0.148942117207163	-0.324901416479632	-0.163871148097821	0.10477817951671	0.760789778563986	0.776218876985465	0.335661261580146	0.144445498673614	1.80801506289697	-0.641891500564609	0.462637110532758	2.00776559470081	0.214691922187079	-0.777903534805135	-0.269368650881706	-0.35466516690886	0.970548214773427	1.27541739377522	0.688748793826401	0.877741258273371	1.61015886600817	0.879154419554097	0.948143011212195	0.465912830704803	-0.454011686013874
-1.17915364001163	-0.569000882537729	-0.694147009638277	1.26067564322412	0.336222484046871	0.979207939641424	-1.28362445031038	-1.60700034545518	0.570082218377876	-0.996655183763967	-1.02579163179869	-0.910861064175714	1.96464770827053	1.2443758726575	-0.29598969051756	-0.264261033380951	-1.12301223931108	1.22051098701589	1.16402948926227	0.981751565093142	0.100196307843291	-0.173957057050426	0.539234544543523	0.631326608717274	-0.263398086386459	-1.83855431943944	0.302907265972016	1.65056445858508	-0.729054345853678	0.976135803201947	-1.71775055879163	0.127928581547424	0.197839358256963	0.5741459866184	-1.81618349678115	-1.20399789529917	2.4055246005892	0.201954610851654	0.276389477959843	-1.66059350988464	0.223068583047285	1.55131069328633	1.51881766604362	-1.40882149381452	-1.42317092944948	0.22395515559513	1.16806417287917	-0.634463794601183	0.67016014244411	-1.1636969697965	-0.569374345560675	0.901585187291274	-0.177557709494807	0.858707337293235	1.14006361848686	1.32474791081679	-0.0728445307533206	-0.932049777849663	-0.228678031882042	1.27237913661097	0.23067585082882	1.28201686750715	1.40633033802915	-0.692126346189351	-1.01739406765184	-0.693899571276097	-0.20904530948883	-0.495819135116015	0.301116048622764	-0.274372017719858	0.394323061978405	0.247277930886371	-0.477277107438995	-0.348441626213613	0.256239452031678	-0.985670206502059	-0.613944397852538	2.25703615011826	-0.51241804426499	-0.964202868308388	-0.0347616381074454	-0.724513116177078	-0.189970156291146	-1.56890003638402	0.763578141617501	0.415115242673632	1.29270581326316	1.39892704432057	-0.868506802037344	0.0509063391558253
2.12898494350361	1.24506959279747	-0.380702336972949	-0.104967790036873	0.118068697328479	0.301786877534489	1.09838379034745	-0.897272805328915	-0.289403369947599	1.7563385663298	0.0706312514183181	-0.385678975189316	0.778456627108365	0.743421335532374	-0.877776122149231	-1.21364539014996	0.694537038425694	-2.66881681672531	-1.69796524619724	-0.0718671296453728	0.0938762013494605	1.16845772225224	-0.705110709226968	0.654777415871355	0.391660182877528	-0.495521278153222	-0.243419634975879	-0.0640554350822337	0.221285073654163	0.169432245885645	2.32375282189099	-1.79841223406429	-0.815562156861512	1.43499104352981	1.57722295086397	-0.0388700736351554	-1.30487912123956	0.305835777713062	0.522813060469242	3.01485611224536	0.929199511083108	-1.12379212478439	0.776756859189818	0.705656396844368	0.508116155024048	-0.333773553680211	0.679081123653169	-0.578088215372339	0.587150322621253	1.77511999511466	-0.433379397513885	-0.95609032543707	0.53278758140258	-1.26753510653339	-0.0424526797180452	0.513021729510963	0.174307515516264	0.553286343971551	0.705590119787937	1.49541134414553	0.539283806045871	-1.04924259249463	-1.43993774124319	2.0592301479517	1.64099138484409	-0.0273158012397711	-0.922193988766028	0.872630170595	0.493869651155206	-0.336092954318448	-0.0669256680488359	-0.337347456851763	0.786384998951594	-0.642162032936649	0.662599121380401	-0.727986698312926	0.301435050784984	-0.0409523437151068	-1.18048123695464	-1.39367786488122	1.61100228649057	1.54385666967334	0.0672778285821107	-1.08571194088421	1.09508497563771	0.431365115206414	-1.14379175685908	-0.500973696289058	0.948633086815177	0.821173932731559
1.1155455722165	1.68126161084106	0.812523873431032	0.823943185154356	1.12413645371747	1.24584693578897	0.794588611223969	-0.572799772661084	0.115795833313986	-0.816024607109213	0.260334866834233	0.929680140120285	-0.797933229244353	0.0573710168567239	-0.86147019017825	-1.20132429031512	1.6768372802418	-0.0396373447220556	0.0945504863192818	1.18087624729389	0.306004827455711	-0.420189344547031	-0.759347675534102	-0.589374158095523	-1.57526809921099	1.02939146396907	1.15804644104421	0.235936552899712	-1.04176798830216	0.0118079252801286	0.663909972681665	-0.760420708968413	0.642894906524132	-0.82734507841703	-1.05199248289009	1.51646878215068	1.25565685489049	0.889276328072089	-0.401080892053933	0.967293023360572	0.533396297017817	-0.778514158393476	1.22214571236542	0.703849561101796	-0.747920333497141	-0.266092001727156	0.614501889515774	0.429492835504782	-0.958203640987096	-0.6951353152246	-0.944191118845336	1.16364735579235	1.19008525147915	0.16396437859551	0.704493855659244	-0.124882785128152	0.0401873527150043	0.916861981885071	-0.0891910516945119	0.146150914903927	1.20506083149903	1.09077578814686	1.75211121222931	0.380433207673293	0.717711855653205	-1.46017166728108	1.63998682646175	-0.397455349288426	-1.32830411612624	-0.295389855285148	-1.08131589596435	0.389029982956549	0.980231558324469	-1.7811595233968	-1.41666187285788	-0.00769676079495208	-0.516045889002987	-1.45077411927137	0.555553066858943	0.635009818748104	-1.06961012560893	1.86538888739056	0.396250320941127	0.971681872575531	0.423620931522537	1.01453232579839	1.56670096676878	1.04365013499366	0.257840690073718	0.296263608223941
0.271062826595985	0.426816589928088	1.26682351969149	0.916148237898974	-0.738186249231616	1.73447292825807	-0.457074040714843	-1.49982043868017	-0.540336163602586	-0.0662946975373211	0.09134999581786	-0.196810493723977	-0.697726612992034	-0.817543458762606	0.225905550158494	-0.270422675155354	1.34428235366492	-1.65359285734649	-2.88491390326244	1.02571993584917	0.333768890613699	-0.108985582838991	-1.1851875387098	0.473869547533357	0.338013942497247	-0.372853181757932	-0.915028970695201	0.530051390474787	-0.74688877583791	1.00102121603158	1.48078346888582	-1.73805063879825	-0.288160975095409	-0.151648738998287	-1.01525915657224	1.0424869559524	0.653932546218047	-0.531789329562629	-1.15233554866312	1.06561245647732	-0.346356593064005	-1.83190388867441	1.00127612207338	-0.921625576177764	-1.00040187936539	0.0792252273804079	-1.38071907360933	2.20607853482705	-0.16373503998997	-0.0753318390669209	1.65558896166645	0.288537544399285	0.58920090274053	-0.826159135795028	-0.632071989258972	-0.0148382495787029	-0.43055131328071	0.0318496502767559	-0.0466439885840854	-0.661303676700175	0.503463034175191	-0.406135742990651	0.271250399165664	-0.115083823070205	1.6852318779679	2.26827232218974	-0.0562690884153966	1.33918202851169	0.113865796478116	1.07513259522469	1.32434140667848	1.14555610329142	0.238443061065672	-0.607484453671212	1.01033461970671	0.534258550975175	0.728978397511013	-0.831043259965175	-0.85356352063726	-0.0390848520644636	0.704613076351919	0.901005584224804	-0.316933877828012	1.29672429330856	-0.251292518406983	-0.509368131413304	1.21357527358004	1.04285908588487	-0.162614381055905	1.02696199092876
-0.795223177407174	0.919269413051366	-2.27698416369314	-0.67697753910442	-0.0775703707501699	-0.24538591780009	-0.174092163217738	-0.280592723826511	0.288760185984919	-0.648190161255399	-0.847320151547726	-0.67475920763053	0.909855216181883	0.882395108233742	0.758664562074211	-1.07483092014359	0.31993971428034	-1.22179162948234	-1.53028331905417	2.3013076525279	-0.672347876339571	1.60681384186937	-1.00315327853463	0.797119940746834	-1.35573173395576	-0.160629494646189	-1.57684263391245	-0.527345460773925	-0.851460664689253	0.750356591589407	-1.59266597969079	-1.10739451546609	0.907791968311953	-0.734327688026808	-0.611366139711558	-0.110919844488628	-0.513059263664697	-0.00930651851043439	0.993893252431229	-2.05882496808047	-1.08367575062462	-1.59773502273098	-0.373054385885203	-0.40573710083826	0.381524738662543	1.10454696960161	0.982172127555057	-0.63671314658794	1.45118355717227	1.24270786566469	-0.308657921677801	0.283016739296532	0.779761761571567	0.881058766783312	-0.109100202271698	-0.772226566739154	-0.453562766405102	0.446094039594867	-0.436254435166842	0.91841515291396	1.69392438338916	1.98044372078354	2.99919841022441	1.41532415331067	-2.1229001472295	-0.885739210160885	-1.22543419755891	-1.45169171361509	-0.665712403404152	0.144071935355504	-0.264321979421834	-1.96892424313938	0.665684757598607	-0.343280100683952	0.0132883026980686	-0.264997600677069	-1.03842167297672	-0.930307664200288	-1.64750268537201	-1.89249258957198	0.0574978017722975	0.29217282678213	-0.574539193145882	-0.0718097947244513	0.279926550954765	0.438075835196017	0.579158667905728	0.854246155002367	0.932653270671534	-0.571263466326213
0.530924063033379	1.52567499961404	0.71128697317478	1.58257038250188	0.876804938671621	1.4667985149421	-1.40534042109014	-0.77302618994121	-0.269846712509648	-0.151329048835895	-0.2073420464766	0.737337936053752	1.1600106664851	-0.404992526405756	0.105577559300611	-0.179319603810571	-0.261149947501533	1.34385014472188	-0.201206290246548	-0.44157464021727	-1.33968276142973	0.00393605047288523	0.447896952367839	1.53353569211069	-3.34867633451774	0.923114720602732	-0.695787856493271	0.62174605216942	-0.365579409423321	0.695600373073681	-0.520619505289726	0.783885206437014	-1.79502609809595	-0.796704988468894	0.172323583305503	0.701144180739756	3.29365001706203	1.86288161962739	1.08779775489691	-0.536977758169149	-0.233199985950516	-0.398654309781106	-0.987587925655704	0.638116942546948	0.803516500075539	0.487244449604754	0.134517673413833	-0.0303344426251669	1.05777740967128	0.0745925063711077	0.871093936164655	0.98276064571643	-1.33119331793431	1.07342903520828	0.564074536947446	1.21877038639357	0.884838207065465	-0.931506185543629	0.841387202170461	0.295407930202365	-0.860212234916514	1.06461116398835	-0.0512014839794047	-0.606627439944381	-1.89424458522908	0.719340342956244	-0.675967889827111	-2.22898074299112	0.761107229710351	0.130224474247592	-0.127683500761559	1.01330255217836	1.39976281211337	0.187905022622163	1.70981826561144	-0.485307015866448	-0.314010267386711	-0.168951346776559	1.23318979388288	0.566842169449456	0.859109909213323	0.365614310232531	-2.56513665661696	-1.26855242904528	-1.21756336407608	-0.529842979285049	-0.226871076033715	0.0918973865787476	-0.856654756944568	0.330732344165167
-0.0581925766424669	0.63647024907339	-0.497185384180347	1.65085018984227	2.00649927560887	1.15517005032548	0.631774486945375	0.68216040574761	-0.562540704908396	-1.28340559703468	-0.794668224570873	-0.341874799690884	-0.809206097509327	1.17887571330611	-0.246590753716039	0.140387043603212	0.832051288511311	-0.335834620578989	0.999214723643382	-0.329352648252646	0.124287468347862	1.26565537384636	1.19274732090096	-0.905502546306897	0.545312485717912	-1.23153913638218	0.747231588338593	1.56549930439988	1.13031129610578	-0.748939417019229	1.59756394369307	0.417739681177438	1.80195084592557	1.68873254031405	-0.0712240814896345	0.131818353911103	0.0981202115950598	-0.121490537593812	-2.53257788594597	1.59114755776167	-0.0065082431961631	0.886182297969699	-0.648924707715351	-1.00016652897591	-0.892708973603556	-0.594804835097808	1.34707566091907	1.05267916120497	-0.365438194658173	-1.63414412646597	-0.933360279082191	-0.27692770599843	1.8262792146888	0.414228018993811	1.34232719174432	-0.735174612761956	-0.455700796772761	0.431791023986823	-1.28615138439587	-0.278827789416733	-0.281106050040718	-0.130547293744478	-0.446248160902196	0.506817393923028	1.74802620889009	-0.281362113574485	0.11590789495678	0.7164638488863	-0.974661742282061	-1.14061936878761	-0.847427377921581	-0.984833347927074	0.175503309755236	-1.22170283304876	0.757740750735944	-2.08884072298877	-0.569524147087512	-0.385737799380279	0.531481060206487	0.663410350724922	1.63939104244425	0.218689885803619	0.39768631210379	1.20175472674512	1.28056202598147	2.06321110030827	-0.244260180328568	0.95491254627297	0.498758196837833	-1.25251248749372
-1.16053494673347	0.127842039555465	2.18577403777945	-0.142127754710057	0.603262441620508	-0.320778756178073	-1.92271874521219	0.365085261850404	0.906385310280599	1.13672237186554	-0.393724661497794	-2.04307106504787	-2.15124074956773	1.03105510312216	-0.131413654405097	1.16443486548514	-1.26005504961694	-0.597997588445079	1.25626235992703	-0.0223286048079544	-0.344384829111776	0.541829201987675	1.51293382770272	-2.75974368424567	-0.363046945405519	-3.06257066982634	-0.40277420856906	-0.0643905342730663	-0.645135199698206	-0.650052262062677	0.215194019430962	-0.969240498058198	-1.60535121646118	0.299980129470752	-0.623032332732597	-0.0758630553041576	-0.627863425148847	-0.285741797941601	1.59301081097057	1.02957501577109	0.0170722780520048	1.51353743762759	-1.51390420711839	-1.18437625723523	-0.808026031369194	0.541164420775093	0.994787056634232	-0.882230374713462	-1.03998309670041	1.22276112937186	0.511166522403382	-0.285238639684423	-2.27035346325258	-1.38535167706786	-0.196377743585644	-0.259018978570676	-0.452224381220105	0.427996170931888	-0.120261186768579	0.632975039535097	-0.583269850543487	-1.91495268138587	-1.45676949944066	0.499393976623224	0.113123544539992	-0.435751540600165	-0.158272505648583	-1.31204095557349	-0.366981396350777	-0.164765299890755	0.3765981519829	1.04633742971949	0.597373301480208	1.97777360804116	-0.611520681048721	0.0157000204069564	-0.115917467149228	1.37457013983395	-0.471873904622278	-1.05953960223506	-0.505561664247109	0.434794306927232	0.354646005877085	0.270002844519512	-0.800823402870452	-0.704924990983564	-0.12825925664001	-0.246755580080322	-0.0693582986668181	-0.0257221577757796
-0.330420393689697	-0.322449524623449	-1.28881507124883	-0.819238540932602	-1.01791612696397	-0.198769368029993	0.0406305236934424	-0.703158039404164	0.021081835671308	0.787396243051308	-0.292750061274112	0.0129771325110568	0.136123274688632	0.475606526199237	-0.155197987483381	-1.12024129997091	-0.84582669738638	0.0771717600342112	0.680074899496163	2.00059104488829	-0.614668312462326	-0.341462244962102	-1.59410463339815	-0.324879036870884	-0.946271961859511	-0.379571793833408	1.03687720211577	-0.172766098683981	-1.56351606122619	-1.6337374281787	-1.32962269266308	-0.339592229881523	0.0598240501787801	-1.76342125546221	0.451201947651002	-0.550307647264414	0.0277703176110716	-0.522014725758266	0.704493119828352	-0.787647678800857	-0.00727012977434962	0.969806323270488	-0.828177460183199	-1.3888501998484	-2.34400179554056	-2.79154161159932	-0.414985043616513	-0.673817972772447	-1.20436409268007	0.273588200986012	-0.302507782667599	0.384695302376489	-0.154003652035465	0.0717582862118661	-0.483599778743183	0.0774223680129694	-1.01302395698365	1.17054504063343	-0.208921412706061	-0.480768895058601	0.162902959374049	0.692106774166437	1.63258121334357	1.0248748021741	-1.00917108281743	0.0109598628052583	-0.0814464144181263	-0.0326134190189123	1.09082016415355	-2.78495337826531	-1.87901738513052	-0.595746457466519	-0.353517555229696	0.226550824235449	-2.36642635083258	-1.82964165533825	-2.53774925742252	-0.234103423722963	1.26879117354923	0.644019395821363	-1.72079756208389	0.5554147188102	1.18605828210407	1.78779599534555	1.02060754405643	-2.08517784103139	-0.599385008866149	0.351579229960712	1.1600832509464	-0.654566828432217
0.527640271727067	0.93870166165489	1.28249333139726	-0.0730363622667279	0.0350146314762663	-2.01267089138442	-2.5626661789866	-1.9639442860424	1.05932521849701	-0.0623156271774816	0.392490592235541	-0.0744796857236204	-1.50936413241322	0.157843042771029	-0.293751010744971	1.24012881544044	1.62275205979544	1.22310634077299	1.33459064607505	-0.824918187757994	-0.200349539031053	0.0776630506979207	0.412261787152416	-2.52164484902171	1.81343255318333	0.337415726169973	-0.616856241643077	-1.52396315916371	-1.4218538359548	0.717806479238263	-0.699440751795236	0.851420413593734	1.04771929474234	-0.0951886736291226	-0.387000508002738	-1.58803060262353	1.42582098747649	1.11557202467423	0.631449145810603	-1.60797294028397	0.330314789791707	0.776335128556511	0.57755766469474	0.91552294624179	1.44195349608771	1.09824268101166	-0.899418769578856	-2.98585337866698	-0.31968073616427	0.47741436791046	0.10388359014061	0.198434729106347	1.5042957665015	-0.162016252695596	-0.541864223524579	-1.17120648724963	0.670261666048789	-0.489292764995626	0.914289204080165	-0.2509661366355	-2.43241632757515	-0.434441523714953	-1.07457921495128	-0.730515207013552	-0.0199017099359251	-0.625564088593105	-1.67891822996067	2.02996792631895	-0.352208452216648	0.329198971089864	0.00147960627137722	0.750739739172094	1.03905667319172	0.418838097048354	-0.203568684397602	0.0670424073370488	-0.939477511755922	0.919902059732588	0.448562212904021	0.643257619324056	0.227482761560924	0.639545082196105	-0.417813251508831	0.0933875336497462	-2.14856997407062	-0.345203182486957	-2.86156295450657	-1.14197108713289	-0.826240855306939	-0.0158457768491603
1.33840552501987	0.614232331850923	-1.11328559773342	-0.12745062329807	0.238029219024722	-1.75299238396816	0.302572798132086	-0.00648374136337666	0.720450521319836	-0.974044747798227	0.142596391026965	0.59517598351604	-0.47798315082724	-0.102407003708695	0.278287439664338	2.13288432553894	0.0340952480903638	-0.376250721448909	-2.05141276089718	1.54152228146551	0.00144762803582117	0.711178099142666	1.53756092242247	-0.629798826509532	-1.63174660233878	0.412097096055164	1.17427271028604	0.248456658718578	-0.603515895373324	-1.59260931481873	1.65202777876328	-0.349229800071215	-1.06923327303775	-1.11378681793659	-0.398470425380622	-0.226432341224072	-0.137400301754659	-1.07442791762371	1.034161986064	0.792987687626166	-0.816754547167396	-1.85315796706531	-2.09597087978754	-0.291682740207334	-0.271948561032154	-0.865319078738866	-1.13536123292633	-1.14718652140208	0.148798885509647	1.22351409049603	-0.937019097297213	-0.0462280583594609	-1.03737776857511	-0.0562596024587131	-0.420848631889723	-0.980932843307946	1.04912698220264	0.715679608812739	1.56098717251541	0.0553027753614776	0.149250776962848	0.605387983581571	0.375949279819026	0.880605530363648	0.602618159005637	-1.35624579005294	0.411199929132552	-1.97643961653851	-0.633092702215951	-0.60161641922265	-0.72871400269081	-0.838443959432462	1.03054065707547	2.90516605633344	0.99720024469592	0.997801777821784	0.0236832316779867	-1.43164040888202	1.79888880065134	2.14971358534756	1.1626291622783	1.8851987302421	1.41142622043148	1.65301259301426	-1.71280483047966	0.0801478738231976	-1.04324153498444	-0.12853408288383	1.22536119187465	0.397120746398938
1.23206547436231	-0.728488909041811	0.114396718075594	-1.34806908659848	-0.372042172896523	-0.640586684998388	-0.0238687262997846	0.713871978649968	1.21332911113151	-1.18566868235856	-1.9196605654173	0.017326787962748	0.146256145229957	-0.0709445324010605	0.456570241778926	-0.0590559601707218	-0.276052463434347	-1.31415216689123	-1.76530648003227	-0.539195690221252	1.43502296024537	-0.521299687019631	0.0426024352963513	-0.503980202092197	0.758815025876005	-0.537361539059218	0.786654799148053	-0.566893388604741	0.48338081949333	-1.32815148263329	1.51354599199898	-1.19920240837013	-0.459480792599404	0.66583626774853	-0.325353088634326	-0.228781968194205	-1.6234910300558	-0.824111791606483	-0.178550686898492	0.198522018798721	0.519025509333902	-2.10483806306138	-1.44305212187677	1.52024906004065	1.60595745562902	-0.0289899152027632	0.0201129857661306	-0.365658626738581	1.66049769442561	0.970173668723117	-0.202934831357919	-1.22413319625344	-0.126693505428038	-0.281740329979769	-0.065895210704331	0.885389997943498	1.28351460871489	-1.19137142726615	1.03488856853553	-0.514389472608044	1.35877868148864	0.166342461623894	0.509133639242221	0.523466393232262	1.11039870734808	-0.545598274813787	0.400955575681133	-0.00864519066288057	0.228262951201722	-1.24553703154142	-1.72975842198349	0.689977705863139	-0.723106023776151	0.480974571810417	1.63836932805138	0.0427707916372068	-0.74645602575237	-2.57553002682739	1.86417738745736	0.548007386797068	1.64762669241354	1.08569368235151	-0.0218941420782311	-1.08378529789176	0.127266038767544	0.715271647595607	-0.339155260442639	-0.131811267788832	-0.936153052348611	1.08669898695808
-0.642387899279151	0.703635471892387	0.367186304305064	0.175617222993319	0.398397701154905	-0.473648700761022	0.101005545201181	-0.792911193421688	1.59556513423666	1.05319484399921	-0.898476845847148	-0.302343243001172	0.40286236674843	0.665114057987844	1.35137594364807	0.964907303161647	0.0535457298301144	-2.2574600319719	0.595238510344368	0.114648090718324	1.92362207662845	-0.235218271932308	1.49660411869076	0.946324435212672	1.40491408685882	-0.563437433382373	0.281898893093827	-0.415668245117176	-0.877792722315366	1.34066610278352	-0.480302348022664	-1.90328108093807	-0.292536374330922	1.26150366869755	0.494900641863819	-1.38524781403669	-0.592966153399218	-1.79546706387097	-0.703450084999262	-0.158283015366654	2.13138113909419	2.20113184316292	1.14550400823168	0.27879891119086	1.10811174159443	-0.476765771610872	-0.544569546928875	0.737792514786972	-0.173025188446011	1.11365867486419	0.280798462722516	-1.75947317472053	-0.511113200262993	1.21553721633255	0.661542884932886	1.09347150842096	0.348916069530327	0.00219553823888012	0.265199253398872	-2.13852725083103	-0.454479539209438	0.665145990886034	0.263152705377421	-0.277608251218429	0.907963150860839	0.670790970119154	0.262190873875301	1.63024950813866	1.25322872490067	0.402678295253128	2.0320761975246	0.506188725889529	0.876977618692096	0.670616107816833	-0.134815268802825	0.911682780492053	1.08053253989232	0.911932253064316	-0.754429575381091	-0.584227801967765	-0.283627784592522	-0.926603885428368	1.0193623085754	0.950345139562248	0.560310012824591	-1.30183612373049	0.593677768054141	0.162662233896975	-0.133221992667282	0.526545188074445
0.346424712052339	-0.18065978787056	0.753296126864902	-0.458608582619587	0.677359259014955	-0.923960074706089	-0.642306625509554	1.40934949666991	-1.11758392378488	-0.460432403827801	-0.294814090006082	0.550882421767873	-1.16209168431536	-0.590090605868372	-0.497245214633263	0.309379711928293	0.625957287404457	0.790737972050315	-0.132010252927602	-0.417206862833174	-1.6737479043587	-0.50646831086538	0.979807077409655	-1.47535097355795	-0.221826887137802	0.434956481080463	-0.618391088163571	-0.125697843713156	1.0924920409476	1.79279769833631	-1.35033121097276	1.33611623573013	0.151708080464357	-0.744972284523545	-1.28668178676351	0.799599507702715	-1.20498346453449	1.03507280425899	0.232863232973108	-0.985028048844755	0.00938170303875299	-0.281601538349824	0.249125194028429	0.061040520769725	1.13698733187066	0.813971678885628	-0.697789081450877	-1.12481669474373	-0.812585868768595	0.429479699096363	-1.54721978185153	1.91247356415593	0.139483982047137	-1.05245933995954	-0.138827902356684	-0.426486406374533	-0.67468840666621	2.16153468758999	-1.24945196296223	1.89674034068358	-0.824248366320893	-1.07675192541405	-0.233123569315317	-0.984201732622588	-1.26098803253948	-1.76409969647722	-0.307612219173349	-0.70862205143163	-0.802960624173093	1.06440808285871	0.706567413226559	0.416361080091336	-0.606338497075672	0.062326241749644	-0.180297181847649	-1.21681361611672	-2.0334651178381	-0.223984042325328	0.542149239961282	0.648615505132595	-0.39471520390782	1.27196232651254	-0.866982003046948	0.649004564472416	-0.539564082427713	0.426131477081674	-0.086126180949751	-1.00104640427342	-0.78510127153141	0.0255376229602601
0.92406027919376	-0.855736842280511	0.424238592632665	-1.63281982495503	-1.27132524245117	1.11486817449061	0.581759422801552	-1.44081719594435	-0.322987553216566	0.55243228440292	0.897688280910601	0.698354108125552	0.0963830711917005	0.313095380404519	-0.111000149365271	0.435244032790889	-0.810595686072939	-0.480287327006954	-0.483670144781657	-1.22307442350132	0.636339439205991	1.00887913884828	1.21723858006272	0.392019046305843	-0.2887491151824	1.3374095770302	0.527938707848985	-1.99436203959667	-0.693443142199241	-0.989872046299298	0.648279711049101	-0.365285848786249	-0.237746773967699	1.05402482369659	-1.32134854516767	1.45009212730031	-0.287785510617684	0.130532983029524	-0.0404246352344932	-0.425914935985744	0.84837900106699	0.0797473251387923	-2.0847900889256	-2.06482309969779	-1.55522653903721	-1.46041756844683	-0.729643639830333	-0.236953827937919	-0.105086614629717	-0.423130100418332	-0.467233909020989	0.765039902965723	-1.10271593881307	-0.502653313170597	-0.984264659208675	-0.425148154346791	-0.300822728459657	1.73569493531541	-0.50485387465943	1.00582781563122	-0.252141583290653	-0.608002220759504	-0.799043338432001	-0.771110151633013	0.711375689444081	-0.0120724345938578	0.634147196480684	-0.630423060159771	-1.5420859631141	-0.549074969590616	-0.00187602985967103	0.22697252038404	0.15206215151256	-0.693731212438741	1.69552574054966	-0.790373536447309	0.238328624444908	0.879896738680225	-0.0755467256187327	0.36862369698088	0.479449430069539	0.9897321303318	-0.43552023491937	1.48932292707976	-0.0277257239022548	-1.18807186877357	-0.214876368164399	-0.157184345982634	-0.85643317580821	1.11632784023943
0.130186988239587	0.263026453166692	0.982023004796908	0.852928884179821	0.326288210212781	0.0921987498257638	-0.708397666278602	-2.02361469686969	0.23475478274818	1.44921656002737	-0.339464302195296	-1.03725606311461	0.137796374347918	-0.125344367271762	-0.422726145762248	0.276292168908487	-0.177586243425922	0.296753594629977	-0.178349399127054	1.78730569370793	-1.22061389953809	-0.456405023961236	-0.409171584244784	0.791478169555424	-0.235201665993598	-0.650893646409964	0.12170053008662	1.59390536454848	-1.20706088775628	-0.361048248243225	0.357595110065974	-0.173113184835585	0.776256325373253	-1.54024664853429	-0.293190422989246	-0.180571434230668	0.939732438853941	0.336564293169884	1.23499176991468	1.22840218597284	0.232132215968543	0.254317504713894	-0.848775146851453	-0.548750207938863	-0.110460703682642	0.0548970007654728	0.957641490857956	-0.499406858754246	0.651813758008777	0.206440287169704	0.912704346124249	0.53429808889107	0.0834620580837846	-1.03698640951725	0.211031530506987	0.778491826105599	-0.275700499272833	-1.09830430256965	0.410752032237943	-0.0022736204698105	-0.358248351178987	-1.00311358693483	0.507012576940718	0.305083495796501	-1.50133669940246	0.872569251289642	-0.181712682928701	-0.547632174320674	-0.557640894746454	0.928047133833873	1.15535305991067	0.414539517312186	0.542558108516295	1.31088334589242	1.13373373991341	0.0465480025185134	-0.0894924883739194	1.18161493432573	-0.638736701389568	-1.1642864604713	0.613547852723283	-0.569209456050124	-1.39713977182303	-0.834957345617677	-0.351723107454939	-1.30337017947654	-0.881311069213299	-0.876385843951908	2.00325925762994	0.429914288592269
0.804446215113929	0.860913288821652	0.369204973798315	-1.50031094867035	-0.582613536999138	-0.397169501268334	0.849817491915479	-0.819923494487408	-0.238614548113009	-0.126743519668472	0.569155939540778	1.11104145568903	2.50899711445521	0.38338559626414	-0.802881215250269	-0.0107797754783575	-0.0496406891866257	-0.0371937047605964	0.0750879021163267	0.339334939763102	-0.191105725462562	-0.238831156100705	0.580987408708494	1.13660491389225	-0.543142216816975	0.355408429589411	-1.46920624804297	-1.58437195309835	-1.39576096898747	-2.0576988011591	-0.760888256185791	-0.630565792858574	-1.31423078156782	-0.22501891683966	0.240263586106029	0.987283942162382	-0.610206191738527	-0.868358809671803	-0.516577429499128	-0.371867632245706	0.898364095361559	0.578623550068452	-0.771012366086467	0.711682902614019	-0.722027120039286	-1.73609870968456	-1.58451241037441	-1.08448460648988	1.25337789126464	-1.09916565727931	-1.12273453143027	1.51800749585475	-0.469726771433701	0.0367268507590899	-0.701357683674594	0.597756333608602	-0.777113298509207	0.301588163739293	-0.567494020113615	0.717904202472287	-0.347104182891734	-0.431942456886452	0.74583244338678	0.224465384801519	-1.17221605571686	-1.94038228819323	-0.50399805614038	-0.760165680354779	0.458891100345398	-1.29541445680413	-0.562273157846468	1.00650834897108	0.331763839797165	0.394179406830429	-0.723516974007698	-0.651415666616268	-0.221726183865268	0.241764548376834	-1.29821697743926	-0.902691421982068	-0.42991567357043	0.0801627561929937	-0.487026448424238	0.299621704188288	0.825612631954482	-0.772707560312868	0.105135392590846	-0.462024311879925	1.3946112393392	0.171855745931439
1.77697070985962	0.676487458581449	-1.15811122985874	0.473806385628	2.50666421054634	0.907021084271144	-0.326286821137904	1.41459807277504	0.567437454564871	0.341917342702725	-0.839794537997086	-0.902344068406688	2.47156499172478	0.52169131439363	0.335912907568071	-2.10637743074252	-0.467030523916033	0.140105765521397	1.51695057312696	-0.647944358828605	0.383748402343283	0.0651049144054696	-1.08879633342358	2.0994597682483	0.833729318192265	-1.25243693353008	-0.607764054819927	0.416465548874351	0.772036462929605	0.737931835176907	0.463695865383986	0.590546373052148	-0.905370509927056	-0.672422362159146	0.299668313378642	0.830774627117161	0.71239183798618	0.812172054564388	0.318891785583159	0.0233350614133058	0.0113211489370263	1.11320049288733	1.71984792381095	-0.791107153710145	-1.08692911511373	0.0911478570906822	1.6450590513728	0.810292870560677	1.63340480430389	0.512294914647062	0.147828695738251	1.67620194745314	-0.807553827792618	-0.0908222929976011	2.32058757249802	2.57628191391089	0.555891790386563	1.58280871458681	0.477543191342352	1.33579228101044	1.27235565001127	-0.426186348169694	-0.51316947988308	0.464934018483245	-0.149952638943399	0.0217249176358007	-0.241783196239047	1.21457913419083	1.19757098533731	-0.918337028648791	-0.841346632766502	0.168588058010631	-0.0199308696276026	-1.7490641452089	0.701996178559971	0.684248762637042	0.572166091888606	0.802785953807769	0.0652232729299187	-1.01914574699964	1.00911929006067	0.99980103071151	0.216185802173355	1.23208195612355	-0.224951482247789	0.0842337733563626	0.823363035710652	0.488281954981635	-0.0902090963606763	1.48072444521485
-0.743862916579045	-0.57354088621546	-0.498923053613821	-0.858346039227293	1.33229891626564	0.47587128957302	1.1235440452299	1.88398889109637	-1.03701278775223	-1.15893206140649	-0.844027588505624	-0.284914035695047	0.608755007081409	-0.113196553170467	-1.13148967444423	0.969458634410856	0.175756696932539	0.174772167432846	1.47996194641697	-0.413769317576494	-1.45035534276294	0.736728382292181	0.267799985924118	-1.30205925230404	-3.14004841201781	0.185624779275756	-0.800316517834075	1.22093179223554	1.01824773678179	-0.519500412932328	0.96908999118135	-0.142529006225673	1.30241815729971	-0.602061422023551	0.449582934900298	0.295989760346949	-0.681046636772149	-1.99120468847874	-0.304687227423797	0.445816602895182	0.534256219850537	1.49375991285223	-1.42472037960274	-1.09193578516558	-1.06121217795812	-0.35276085524639	-0.76672045588355	1.12368377577635	2.33191914501153	-0.51300591407022	-1.2263934525057	0.11551642391649	0.6277358571948	0.360174541042896	-0.362831196895488	0.343944003153158	-0.713989931396285	-0.597101160473479	0.523368838164579	0.711320873942065	1.50883327825131	-0.253444564345237	-0.0226737376898771	0.791562480444043	-0.422283993983403	-0.756562122784406	0.00622418499003725	-3.79768583053913	-0.157273856841566	-0.462573310948563	-0.0622812066286356	-0.685965181341167	-0.203912569734878	0.827010417934162	1.66858659108713	-1.93475439488959	-2.10624745210167	0.543206534017362	-0.524106674335689	-0.465416886629398	1.89715387976759	-0.801269491186359	-1.31623329058112	-1.52370446257614	0.74874385560494	1.09382421731727	1.44131131102776	-0.0947794580391839	0.470357239236193	-1.24953227759663
0.800434612206532	-0.593393435659437	-1.58290689376599	-2.16506983553356	-0.792917790569297	-1.67705389581389	-0.309714919601799	-0.254868858343551	-0.0461501924444612	1.64866083388361	2.78016066524108	0.806793519442645	-0.582187748638019	0.493273013632449	-0.6104935967307	2.12828838440029	-0.878051404085846	1.18373194392643	0.0171475872644116	1.18287340694606	-0.653535587562972	-0.139737175484043	2.19761829269701	-1.34675200375438	-0.536940168071417	0.434439169046352	-0.132461951410485	-1.07839085077902	-0.0958858582826745	-1.01629814603316	-1.3248955628251	1.70582091285506	1.64544492852459	-0.902138542632633	-0.164589261873198	-1.10067535421214	-2.21369580251245	0.674464988194977	0.727447958340586	-0.223074233113593	-0.104352875449291	-0.122848114663915	-1.81135083359213	1.25649692831015	1.61712391812404	0.847723387215283	-1.78839007395737	-2.40938880553524	-0.540323220848829	-0.490494988915364	0.260978015913522	0.242188749224193	-0.0335941669172196	0.206821506454674	-1.420445201754	-0.927428907126764	-1.3171647216826	2.34218487571736	-0.938044249126242	0.0794361930726511	-1.79416967290645	0.267180448073688	1.28677573496016	-0.629744338114457	-0.39597461113442	-0.393816622512343	-1.20470810676834	-0.725457541807341	-0.342611202879455	0.609314097992212	0.370365469154143	-1.30334008788125	0.519399235316058	0.530773526098102	-0.237422247613257	-0.294866492040072	-1.31613150843089	1.8575480955946	0.50317079350037	1.50671004801312	1.08321747711346	0.400624528875322	0.982838010123804	1.70143566469265	-1.27559774746747	-0.675631938887026	-1.8354428656243	-0.356978081243832	1.29318255309428	0.611325778261134
-0.693503085025797	-0.965076166465599	1.20537028420985	0.833803678497786	0.283497699832777	-1.80817308393709	0.011499017142383	1.29467480166676	2.29528255332558	0.428222661463912	-0.205928137242741	0.643019193570141	0.334967166084388	0.110838538476734	1.0996720141004	-0.233710091478688	-1.42845649440517	0.605655995334563	-1.94595671315337	2.28098855504381	-0.321750903364476	-1.49193623923855	-0.263059773595148	-0.516588194900618	1.19574560193327	-0.0238566997810913	-2.31442515258365	1.58019190436332	1.00636944337644	0.0219240993951241	0.269818735953153	0.954324055452699	-1.65076573138004	0.885697339514222	1.35269939269214	-1.79162073185071	-0.50087251517941	-0.403241646989713	0.560468021198643	0.426674031411525	1.23594314649852	-2.04515109623096	1.20338479158839	-0.97888956090217	-1.28647570072281	-0.0721363179504792	-1.24361997201394	0.241970782128965	0.162863976516371	0.914392562692996	1.23274611854644	-1.21762757718914	-0.317591469860106	1.56247087611065	-0.50253505339937	1.25760405601825	1.55949089325768	-2.22322180142757	1.35648764164482	-0.816089976738905	0.627413318431655	2.27602838295094	2.01606566900868	0.00321165820532764	-0.512317849064899	1.3227498397294	-1.99266055647149	0.716010073956191	1.52676427423417	-1.63331373057511	-1.85229014521982	1.07833692741158	-1.46760342255828	0.756615216815508	-0.00371853436806256	0.0453509665314706	-0.47164424323914	-1.67386790453433	0.528426115469697	-0.109726887397237	0.201851966291225	-0.294019844685854	0.564994595108992	-1.4081439123342	0.0833694117055964	0.204363880401016	0.638095040846783	0.599295362383081	1.10517181096009	-1.11964309219068
1.21127325658652	-1.95297027895467	1.56631999369149	-0.725885631921002	0.176947311134134	-0.144666273583838	0.614395631590797	1.67546750658053	0.249350672822215	-0.338409614081928	-0.218873723458017	0.443153746725591	-0.437780046897742	0.233124444440641	-0.267203767987304	0.393815272082164	-1.57800954195061	0.28600751418238	0.0541258199029422	0.102872567823611	-1.52860744296481	-1.05466220147166	0.673500169414247	-0.804342174555737	1.21952076863178	0.450970523789489	0.227649448612008	-1.18038780582859	1.33882994122339	2.40304260868972	0.407935393463881	-0.437465571875535	0.962113725228619	-0.178696268160996	-0.99223850366593	-0.215409203517859	0.317260686186696	1.03413567904554	0.552588012883557	1.03893818158925	2.124814420178	-0.348401205455555	2.33552869029488	-0.336972463423936	0.197105514712535	0.608686992367376	1.01405350042867	0.429365440215488	0.366759000757322	-0.469536967657187	-0.299983255258692	1.85680584622763	-0.568042974092205	0.406649862062652	0.800266740591844	-0.796959883577745	0.0869291798657434	0.422676989507813	-0.117966453042979	1.09417461918079	0.170607305808815	0.282676715759001	-0.288112562793331	0.492329208276076	-1.45479792175206	-0.278333064144597	0.174654220535222	2.9471237204256	-1.00900060877902	0.46564381963553	0.00160496906073528	1.30537100881217	-1.62272289022092	0.936734153987758	1.51268700953182	0.242265844599822	-1.73741326204968	0.575517287742027	0.566267602439753	0.59317986137206	2.21702886390393	0.881891604836261	0.303279063250004	0.58977630087005	0.265162458433468	1.3628400856682	-0.149508170296556	0.524766276840625	0.308934170296087	1.48217538760814
0.10432916804761	0.156414657253394	-0.265585064876401	-0.441807302674352	-0.038442615280016	-0.180395473884549	-1.09306759912864	0.619509959617219	-0.33930211863201	-0.516590367528707	-0.338632406899499	0.154097432896512	0.9881542326372	-0.261967286702926	0.272109943203585	-0.626970313455878	0.709667920491035	0.227904951997053	-0.758996269389301	-1.37235758813213	-1.17100591979341	0.466217397697018	0.150108736205761	0.685748597027443	-0.217273820397969	0.329387413930938	-0.201222337727764	0.0707718293820443	0.476790390890357	-0.772782573326443	-0.552774359221918	-0.167312016944141	0.473623906960821	-1.43936570981979	-1.38524734662	1.28329428876655	-0.0583888193491159	-0.124480303317715	-0.36496333767328	-0.280617066403824	-1.85417424795802	-0.371490190286498	-0.652841708651519	-0.871047028258848	-0.543879108075916	-0.524323550943221	0.164462555276559	-0.216690986253719	-0.242985678992295	-0.691936306945404	-1.37595422362447	-0.675053878037478	1.61457503042514	-1.2785825213792	0.523033751205214	1.17551744843569	-0.273332000784744	-0.815668797981795	0.276273248661897	-0.0705679197134998	-1.01604622547896	-1.23648862899005	-1.21423201951687	-1.23161280008317	-0.357960782206388	-1.38346750756163	0.242948037298645	-0.582138189389918	-0.265248758058641	0.437454949509457	0.584711791355004	0.439917697245702	-1.47516566599054	-1.62211188974509	-0.423586158832557	-0.108773288617355	-0.620945805488928	-0.0296294287926395	0.310789548984255	0.683152863104423	-0.547211656434711	0.297162069617838	0.88246444435469	-0.761776330303317	-0.844866307405846	0.437368365633826	0.152910525017189	-0.400414982938858	-1.59542942418821	0.430558222705821
-1.84016568296047	1.32220513457377	-0.914035590570942	-0.196632224262808	-0.0351560257333549	0.069152491158119	1.92399047202568	-0.217575845531234	1.32196211161577	-0.410727893687713	1.58045305914714	1.26866964483875	-1.92299775731352	-0.144609551264671	0.952527159196613	1.25376119325768	0.991737402588797	0.37931582134144	2.05654736498196	-1.19464267079211	-1.91493766416406	1.78759436176772	0.833911664376419	-2.95735012837872	-0.461373649797012	2.63389441292768	-1.49465720847609	-0.250627719551106	0.66986419126465	0.794451729064176	0.563193079881549	0.459657714101512	-0.595472043845101	2.01148566181941	1.56131423059755	-0.865342265279427	0.0233678550674859	-1.21291047921699	-1.41874825078826	2.02673417212167	0.0265276627792257	1.51534168024821	0.545669469323251	0.146116805425706	-0.271126276755629	0.460944773493608	1.26039420655381	1.58930017226464	-0.666948271659216	-2.0632403594969	0.517844886567698	1.37907251639375	-0.479995689776237	-0.93789769761282	0.190516445027888	0.691944066109091	3.1875353034363	0.845639437982652	2.42243273664326	1.23833410497232	1.14772391642187	-1.02860259751844	-1.40810887480604	-0.563025576373899	0.138364404144206	1.35484114438429	-1.3876780103877	0.316307927609469	0.719245073729894	0.528165971541542	0.33255488750405	-0.772203464748214	2.05967848063125	-0.702262827467765	1.00117828724062	-2.20022354103136	-2.33659170408172	0.994610474635204	0.188836413082173	1.10427163102026	0.857453369798776	-2.23570036027736	0.573712160221479	0.595154745875663	0.444032543553169	0.0825700341323873	1.1897134673661	1.34586033247491	-0.231076361083789	-2.88117749481006
-0.285059246297937	-2.51441796326083	1.05176998278685	0.200536213018939	-0.0635024676369471	0.410702934211554	-1.35706098082825	0.110639686028671	1.35349200751134	-0.855040479872395	-0.56604713840793	-0.724993236404003	1.01245191320269	-0.973106241330592	0.195861834658426	-0.510646230157673	-0.463490144669013	-0.689971198026284	1.71472925456754	0.0904833063208643	1.17260769278357	-1.87919357380566	-0.854694008903159	-0.142806556041457	-0.488133951724473	-1.03143886186092	-1.07726677614755	0.018775553999811	0.264090883809067	1.06748026184208	0.19212265566066	-0.630738492645418	0.497794142988788	-0.173017570138461	-3.72518246636998	2.47151439452537	-0.0473956091771404	-1.31972928451421	-1.94981729548418	-0.637897292953837	-0.0243846168499266	1.71262432477513	0.380437827077827	0.33539694782007	0.732941445925576	0.931838800595929	0.508152960094783	0.290949810754022	0.986726364355534	-1.53234392952563	0.120198602655681	-2.03502735069542	-1.05447340898238	1.07801887887637	0.878458693338667	0.129694935546472	0.842944739423893	-0.795992480965043	1.3582770827301	-1.93178786018834	0.0405330724536468	1.52924280245315	1.15789262862293	-2.6783065087227	0.198602965854726	-0.512301464125203	0.369681779923876	0.401608925033532	-0.967649862999228	-1.43711782429477	-0.835541997115682	1.61004464627848	-0.478510827888877	-0.390586819634977	1.41984987169289	-1.43557722356429	-0.330265611290993	0.116609570219974	0.299181991672818	0.236348213022226	0.764698743360149	1.27791357948133	0.675525095408689	0.289034193741922	-0.0679727806115902	0.461762914150756	0.876874890542478	-0.0657686767739148	-2.45800292680961	0.423931295781274
-1.32619829728858	-1.88870236294389	-0.193702700276264	0.845946120749928	-0.33768006541732	-1.03590495521199	-0.275797194623425	0.0545293108967175	0.873056884772776	-0.339859405158925	0.306024208010771	-0.665322417531906	-0.625730907932639	-1.87629475935401	0.718880990935953	-0.744552197878256	-1.10003176682636	-2.1848959656761	0.846954754360607	0.245783965537384	-2.00149247340667	-1.87498629407385	-0.720464150618955	-1.07591807723521	1.53670730012197	-0.486277921778268	0.259086983068346	0.633346440229657	-0.162608722037037	0.0536168820173287	-2.03683848168502	-1.47027262717364	-0.715131282101144	-1.30802573287287	-2.01460079362319	-2.37561651585583	-0.566335859303416	-1.61386238239832	0.246970477062962	-1.5716160226739	-0.950114661406551	0.00107075771420347	-0.0452448226639645	-0.894258198487615	-0.120095927111312	1.23426753634573	0.180708131522558	-1.10790681076875	-0.97440081658687	1.19142757201053	-1.38469456367875	-1.75006783629123	-0.551588869977009	-0.696495953927111	-0.611374815193048	-1.16131153079649	1.31743739942412	-0.860653635924915	1.75181470176552	-1.26885826110983	1.55952032195436	0.0498135311396	0.251622012211192	-1.03905306795181	-2.22654033650849	-1.1274760278001	-1.19751846127211	0.085580524952451	-1.12174358186605	0.22000465661599	-0.472172802867472	-0.75804859624239	-0.998255878564959	-0.648443467289311	-1.37648736904332	0.374665430402902	-0.450775196377585	-0.109758725951684	0.818937529613	0.671448677007256	-1.44556453996637	0.370434905687927	0.322901441212637	-0.494467833254142	0.0682718577061601	0.833826627324169	-0.45023190328336	0.975250177860462	-1.85848116149314	-0.220370381284988
-1.12376785188716	0.656748620564579	0.0611747256106755	0.762071422942126	2.70987463702221	-0.558492761012618	1.83638736619122	-1.40410110527272	0.815129799057942	1.40425696670556	2.74298750212079	1.93369260747927	-1.53195938601101	-1.0721365552683	0.77618283567602	1.12952103652262	2.20906648535661	-0.756159908508841	-1.67382212426808	0.712398096785898	-0.102344769193497	-0.0428325901864294	0.425333566034211	-1.11508085076431	0.501243032996688	1.08640595209751	0.364668967639432	0.707262630165505	-2.93039507080034	-0.212969079487912	-1.54634679495893	-0.335463850268573	1.23499589864857	0.846106222739782	-1.87264972272566	0.562162334765959	-0.720165713822765	-1.03298079188888	-1.43317916573724	-1.59664264145212	0.31166217447785	-0.759329684876546	0.688251053126961	-0.903951981826441	-1.20326906004493	-0.574656862495452	1.69547253958771	-2.17096396083282	-2.81851810201275	-0.940926618343724	-1.56395949555989	0.311078064707878	1.84207548228099	0.941881069743726	2.37087864420552	-2.05483736602542	-0.256048254925722	-0.140414041688293	-0.336138504139268	0.71089016381137	-0.334815756216622	0.990117710199888	0.0754587160001527	-0.601138241616616	-0.331732832774005	-2.15339296603575	0.778183041914371	1.01747699897079	-2.06524264421818	0.743018007084925	1.16481517651391	-0.256707129437991	2.10008481879	-0.598551231837057	0.550442592083192	-1.47162243572848	-0.266228824713941	-0.562046029354916	1.58177228153282	2.72033806036865	-0.484432755159437	-1.14489960470902	-0.0284319490470844	0.310713367082336	0.930236356970122	-2.71145140530098	-0.356955391207329	-0.439425640154907	0.500286081812846	-0.879617986506489
1.59990927452297	0.174333019839415	-0.157403671885696	1.3425232747774	2.2731282455346	0.574658397962527	-0.26022315593136	0.301542676531305	3.02203019093323	-0.140532276409872	-1.62217735698436	-2.04519594053938	-0.0900246450580263	2.04828878471044	0.974000431658641	-2.35950788517344	0.366067211795744	0.00297078759061295	0.572167701362521	-0.347939860913193	2.09446965655261	-0.110660330265909	-2.75309589601951	0.909261920226091	0.330384287482905	0.0581153137973542	1.62836708843128	0.414287563903637	-0.0112839096647298	-0.382658022810066	-2.5075334679931	-0.667602603076646	-1.74293195116786	2.91728770863855	-0.441711630170584	-0.415138511307014	1.10067967205498	1.15819298446653	-0.713759204098667	-1.32052592563406	2.28728114281553	1.18062426017247	-0.0621181319472943	-0.089388936378768	-0.525770159150382	-0.0231277150989925	-0.331492468068976	-0.240981585868664	-0.987528518376297	-0.631417965395157	-1.21028103170187	1.58839499603782	-0.620431117133184	0.175591924480683	0.742294612989806	0.139009203546041	2.29280783264796	2.39929382490727	1.90025736543905	0.573614700832464	-0.198937198918828	-0.0295074796401839	0.201079614466466	-0.257541458208609	-0.638000507542617	-1.00127127518935	1.77479044249156	-0.222990391873256	-0.748099448181692	-2.09421540452634	-1.01718941652188	0.145224637207106	-0.893290437502421	-1.97990675800622	-0.465754084441355	3.1523277208206	3.0465991222829	-1.29572392547105	-0.616018796661482	-1.11266177346547	-0.669456562934535	1.24659155244849	1.37511034867203	2.41675071320653	-0.565328286882218	-0.0228696639798127	1.31956927515311	0.787672730356347	0.463546132991538	0.448114445812746
-1.33115808466841	-1.22901161123073	-0.962726287319271	0.306843434062878	1.13989785543104	-1.77099900621527	-0.0386037401654764	-0.644120189045761	0.225937200095759	1.39528830688774	0.749134649643751	-0.787685225852071	-0.61329084425973	0.205663280173711	0.16973413236749	0.574921258482573	-1.34804146399287	1.79333770613887	-1.34088571662586	-0.669900939560102	1.3058886343723	-0.895908158985176	-0.331666748626869	1.59938021338658	-2.06451296114923	0.297421466549675	-0.46150652623056	-0.131706017605709	-1.81598568623069	0.557866170147103	0.288580919050297	1.8126991689965	-0.390994546258669	1.97321633813358	0.813356635863691	-0.758347017338834	0.895622639336835	2.05666083382324	2.28726105758292	-0.232027730333358	1.35711494731994	-0.315200386187787	-0.20555824731445	0.805759326138682	0.454342527987926	1.0548709540181	-1.38733785619491	-1.29433941971365	0.51671667060153	1.5427448658328	-0.0727267546080376	0.61432051380082	-0.273375970937205	-2.87596097259782	-0.636866761683868	-0.112839323504578	0.478648782054815	1.98467247715299	0.000774790409039116	-0.444714406613923	-0.571645670904524	-2.30956484137068	-1.8019746900516	-0.909104161656864	1.07602115306965	-0.846549392788069	-0.744490557052158	-1.285229340807	-0.210888843423954	0.927776388543427	1.49581651453755	-1.74352568450143	-1.32455817094252	0.424453424518083	0.444495529186899	0.162431161833454	0.959676630441491	0.584980767315367	0.0656614529497183	0.793838721583553	0.104286500170828	-1.61470797146584	-0.605138749261206	1.4509133407711	-1.16284090458562	-1.60444098804016	-1.80150190419535	-1.12708435627976	-0.724985481645122	-0.994833964265145
-0.436001673437389	0.358935022903713	1.65136164038989	0.51271512700175	0.511402587741509	-0.413359240328279	0.298858451179467	0.489851321128197	0.509984842517831	0.0436940735481954	0.101864957979346	-0.0744856591387091	-0.496643317989354	-1.01192068161109	2.73813722622161	-0.886431971157669	-0.307503998458215	0.284428445805265	-0.719021735800748	0.14195721217699	1.88183425763159	0.378543860062726	-1.23223734911003	-1.18906314392458	-0.829398421223819	0.798111280226904	-1.75835880453343	-0.407906476449174	0.471928625355457	-0.681642413944974	-0.698150534633721	0.467515033415488	-0.640935188344263	1.89430468590768	1.58849136397027	0.285654606040547	0.735128093122984	-0.499022319074982	-0.207294233605111	0.157083892883646	1.21224432491785	-0.75975520030021	-1.23624139509843	0.282494073151056	0.877017673369647	-0.451342736554723	0.494350217092932	-0.311487720054252	-2.09450621726608	-0.185923245965763	-0.633890430270363	-0.817115256380113	-1.62755993688565	-1.01315353218999	2.25282195395384	1.73659764438147	-1.33122903830466	-1.72388500905809	-2.57347095386488	-0.868895473521892	-0.464376889771699	-1.86134179475013	-0.521095155698179	0.657359848619332	1.38278448641815	-0.484936984473069	-1.67226772892221	-2.02953302061065	3.01657368474917	-0.673126466270794	-0.746024762247272	2.8386366027513	1.83130142167952	-0.961184328191493	-1.83335918663477	0.113146098961152	0.125858846356857	-0.675831779534689	-0.44639180298622	-0.242288767896805	-2.37576709718254	-0.623575988774812	-1.58331082519989	-1.51384980976389	1.20745873394544	0.30742285669163	-0.905811575637375	-1.65250750554357	1.3521859921943	-0.655791930114064
0.296362374994583	-0.228043546981509	1.04787660807242	0.859602844127102	-2.1726233388701	1.91723275078901	-0.844096963210567	-1.07076235830242	0.356289532199864	0.95847569790236	0.267206803907176	0.55963809050202	-0.435181407564354	-0.585535707368943	0.51853665441705	0.718537021075796	0.638721282079849	0.533058792610312	0.67425023694208	-1.28390475773931	-0.833524977209725	-0.369582551984616	0.324462515134404	0.206181274487717	-0.5886971920795	0.537870499520064	0.507453434785681	-0.227316534145053	-0.385561695852558	-0.099849423553804	-1.20772864860199	0.331737812203405	0.235030049744673	0.0120510405682275	0.67030520098639	1.40246799257987	1.51699405141359	0.0453462316055039	0.0558747874790565	-0.994987276379768	-0.71793284869029	1.75575278420157	0.692085451575112	1.97864913707971	0.639338674733181	0.558598139276936	-2.20791898499014	1.80114399556015	-0.749712183604002	-0.0949844788157456	2.09729338644255	-0.772049673993683	0.247792058565743	0.433349765132033	-2.12625262740496	-0.870526414705973	-0.0551193614598114	-0.142339399487463	-0.547000620626905	-1.29323854047798	-0.901151417794009	-1.04229467743855	-0.538874325898748	0.0432956940846104	-1.10467549748544	1.98094600165625	1.17567786800393	-0.164249779096444	0.314647720279991	0.496270165461971	1.61144937590199	0.471973205778398	-0.14693576864557	1.4556316703034	-0.825571662428269	-0.284432528309064	0.474096472166892	1.66316794664447	0.0395206956138792	0.303211664544001	-1.25908963318786	-0.150450693220452	-0.299394104776273	0.433536965857849	-1.15955160445677	-0.209688497673123	0.894301211983637	0.277220480108524	0.149611165222187	1.09269015312822
-1.22003126334184	-0.00470637999258205	1.05389031941617	1.19994360817065	-0.40401124586853	-1.05174874176146	-1.02139521107885	-1.85789436964391	0.606517633010684	0.731044108792623	0.287236665880987	-1.08632291413475	0.444509081988626	-0.255270874942962	-0.0823222513429176	-1.00817153961719	-0.260099986283195	-2.0623682249594	0.694729374520634	-0.0762893405764496	0.46678191788006	-0.799914204686484	-1.6963329096084	-0.884565482532224	-0.776674413882544	-1.05858186443983	-0.952660075786248	1.63087302073106	0.105906086542084	0.855948854943846	0.796914592083478	-1.73393761963376	0.234413537979448	0.586215648644816	-0.845174077747276	-0.990890393816182	-0.217742719174275	-0.51822879197876	0.0986992529120376	1.30871222063767	1.35715253582685	0.400572773609932	0.113684731424525	0.86209274828606	1.26461756832208	1.2595051511867	0.764589423403613	-0.837198422226725	0.51451309209425	0.175242523955489	0.627672491402519	0.454423602986395	0.018562280191782	-0.696584007167108	0.537355602686613	0.73717553293401	-0.871321388916741	1.39561242669656	-0.959228841401711	1.69462618629162	0.202095655354582	-0.331019411377051	-0.440049502538215	-1.05115248366152	1.31561615095446	0.826964657724395	-1.29458687158554	0.262278017935166	0.607875739331667	-0.850372198716813	-0.848110650856688	1.17305995287816	0.534804391674615	-0.587026603697933	0.685345958302902	-1.34082302299413	-0.369306617887026	0.40454101287028	-0.0953019396348042	-0.343608156736601	1.37743706854172	-0.241190690713835	2.4723516321653	2.21051844273055	0.399480672117418	0.0357594927083852	-0.129848225197526	1.8507602149065	-1.44288991328697	-0.370027683831533
0.386256959177709	-0.694852360746108	-0.83426963795977	-0.443634914294168	1.01991329956388	-0.0258996217414324	0.314520633551158	0.199817165462239	-0.39762046862304	0.845787811920854	-0.152574064083345	-0.0026784583061113	0.253198355985754	-0.53176459244337	-0.960234388844109	-0.112108792849999	-0.250133800133486	-0.00836680790348863	-0.0434743827571307	0.994469173541585	-0.149383645346494	-0.781115430246434	0.529866794112552	-1.41264584952346	2.02342150187581	-1.27899789470955	0.312444149823292	0.0747361301763234	-0.241228629668449	-1.34025363890341	-0.0685625169897578	0.449499270864473	-1.19414139864783	-0.0092493225125244	0.947470944523798	0.604766612228902	-0.397988669144842	0.0668740493396843	-0.277987245000243	-0.573358412927114	-0.0394291882389781	-0.0979811537320237	-0.412283934704054	1.0243813158513	0.903274434360127	0.50021005277727	1.06865194610444	1.06313475493874	-0.0876469914391824	0.523267140382088	0.846074067219793	-1.16011248040677	-0.817645817310889	-1.01927882863445	1.26745820148453	0.0221620246271902	0.800954270951218	-0.743672290404494	1.05944965693888	-0.616092927550475	0.546287154538651	-0.210273197405328	0.353406539316409	1.02163318347448	0.568135735902485	0.250856568106017	0.738190979516568	0.179938418702387	0.586950029839851	0.141811653271353	0.0548466375742077	-0.272878379650984	-0.0533629282614097	0.369610267250225	1.02831419341207	-1.73128174469921	-1.67920990315961	-0.458277029193687	-0.035144100026941	-0.588185358461735	0.744918112324414	0.0298979260791255	-0.547522251284577	-1.03126259277544	-0.537101156308623	1.01168068699086	-0.641378193085655	-1.26093900697319	1.09595334933435	-0.843034544460482
0.0973332878189746	-0.190997520534079	-1.89443882859743	1.24894020094881	0.143872113220275	-1.06086479916053	0.58274571239257	1.68663637925287	1.31138374828974	-0.945031231887706	-1.20206046806901	-2.18878014879596	1.82744200435208	-0.454788249145104	1.83173267927583	0.0103559381034761	-0.375901932288073	-0.11227179237993	0.21149191717638	-1.4890353509006	-0.154072083856818	0.249939405956968	0.876390057631403	1.31413715340307	0.218243925230897	-1.86806182477179	1.10833569857225	2.37063566384868	0.90776917799041	-0.0413637336638465	-0.18472664129005	1.3678139224833	-0.554384468329968	-0.210949649963614	1.77074789119853	-0.276844686654123	-0.841086879123061	-0.532946401535447	-0.982652964305221	0.0261059383508377	-0.111272628324881	-0.228503971270565	-0.606372320975058	1.33963313531354	1.45134615900273	2.37649887032932	0.0751325913310188	0.145827840092074	0.724849430489266	0.148309502391654	0.0128337040591805	-1.13535700071635	-1.18198543463338	0.963137966112604	0.485684543151858	1.17333562313658	1.01401841292993	-0.406844712636521	0.377430027290628	0.842732592961415	-0.944321639971583	0.570456721655822	-0.483657606693098	0.0665439898885672	0.439695396447078	-0.335451205514679	1.11506626573232	-0.604048164043722	1.26538805418527	-1.36483601661569	-1.51707257824364	-0.987723202732562	0.240193652286922	0.485205664220094	-1.29473273396586	0.646693031289222	-0.131295561720252	-0.12678015192418	-1.39114530333161	-1.40683959709411	-0.395311780906621	0.00974622327468936	-0.0790894915985131	-0.278314584175063	0.220878650985031	0.0193141035513984	-0.149488684357674	-0.353552495843872	-0.400555949426545	-1.39361657853213
0.849151640636835	-0.482674704233754	0.0660658420475169	-1.27422360640208	0.597050483838759	-0.683151832565352	0.507205130258798	-0.083220942072703	0.385331657200289	-1.46107530689824	-1.29197646692115	-1.16359134588386	-0.240263172824988	-1.11039228446703	-0.0366092269844602	-0.297683077172775	-1.1937216467635	0.269186026884744	-0.837840268386018	1.69507933535693	-1.98774535874167	-1.3852159229938	-1.37656498859938	-1.01111988961974	-0.154155715654887	-0.933052529413765	-1.01788974334919	-1.69682705311076	-0.473526974736497	-0.604950861248044	0.313507278298859	0.128678261844405	0.565297432536465	-0.873882847436105	0.286529109012481	-1.79325907676943	-0.124813101104133	-0.171360068347342	-1.61508822903212	0.157303218779316	-0.636017848676688	-0.539679678067485	0.118356155411359	0.506170025954553	-0.499147487556525	-1.01758555594261	0.405778850019965	-0.160431812612737	1.17545097770201	-0.998936025455364	0.662004863601877	0.959154877146779	0.175906442688691	0.425006796944375	0.8421113783344	0.228685373856811	1.37685542327565	-0.406270223019821	1.74160481918438	0.447423232599442	1.49215791484351	0.850291540389181	1.17340943548108	0.839450525531736	-0.887472017149188	0.895857528208022	-1.14722075903011	1.02705040954737	0.714677488947216	-0.923086369733216	-0.645014141863941	0.159569747730608	-0.339070238105004	-0.389684785806095	1.54130738303201	-0.259173236093945	-1.11910504453182	-0.29757525729063	-0.207853429049	-0.0156238780006352	1.34510459941357	1.83861557477693	-0.172790662151296	0.588380766011919	0.382840331372627	-1.08405572459533	0.886426770928113	1.95162816166203	0.866259397557365	-0.047416937839273
-0.258813317905411	0.545083457640273	0.431983307956357	0.456236635895439	-0.694653831408089	-0.530675660065982	-1.06964374052741	-0.386702245515271	0.106521577790835	-1.01248007600065	-1.1797521226281	-0.32412308634003	-1.79836761459757	0.948990112903735	-0.577997755910583	-0.558534878805274	0.307641191039612	-1.55844063414775	0.203974839080407	0.348235127015118	1.65563073462484	-0.0199815834464285	-1.15897407353446	-0.896779205806478	0.752920546514103	-0.133539818580681	-0.60931735078907	1.48679042601327	0.579476308845344	-1.01002578467108	-0.882776034140709	-0.872204948674863	0.943025967102309	0.314691467400359	-1.13153146833366	0.499495725418016	-1.4724265298081	-2.06325606498573	-2.36381362381411	-1.16781741525488	1.24779827072501	0.408406217852937	-0.106528805669424	-0.675393233349818	-0.947750477242587	0.59921095848715	-0.726127196419314	-0.601717509713551	-1.64248151986818	-1.15301493879645	-0.0377977213412968	-1.25946057360654	0.456012285869181	0.823093365182662	-0.826828054523514	-0.463591297547302	-0.766904977926946	-1.43244004912783	-0.564778604008976	-0.479732561252987	0.809165144985426	0.35023384824887	0.731757041157621	-0.640319192790097	0.142789898157347	0.25717222673647	-0.169594202099306	0.216120307382711	-0.278635996001272	1.12407444383455	1.17292583921411	0.192850112718158	0.600998433512598	0.919215535220925	-0.80076685514911	1.44490952750091	0.0727446902978634	-0.446850342705017	0.220215490330388	-0.307889279936476	-1.09992972760362	-0.0235890743542291	-0.754093160342616	-0.691090426351033	-0.819018352346819	0.197535221216723	-1.2357050062399	-0.98505972686771	-0.253433906169458	1.26720530220281
-0.468462822538125	1.84393054789941	0.819045449626569	-0.397714209653463	-1.29173309526179	0.890440746363602	-0.755007000173966	0.266700436521909	0.493140498631455	-2.41206993361884	-1.27319106263262	-0.685054918177029	0.137703997713505	1.85186782459273	0.604064127884923	-0.598502622098465	-0.459796163047105	0.505737605592216	1.23060830420304	-0.210912382105032	-0.111953465076187	1.86351425896722	-0.252182605388896	-0.581981817475999	-0.0253600757036038	0.0360996343092537	0.304456559633181	-1.63871382137828	0.931936122233679	-0.276929087765199	0.0708139005077491	-0.401502970797452	-1.43035436048512	1.56576671561134	-0.213233370163346	0.834005408425314	0.926815281507594	0.98972430899919	0.439994294171432	-0.933226124442601	0.896808943217033	-0.220904873058243	0.135233608689294	2.10673288721594	1.03343172074812	0.510933215046259	-1.93650071847557	0.511818184239733	1.01534940231022	-0.0629272835490704	-0.361924068264174	-0.595568351404186	-0.969012899098036	-0.875380499346257	-1.48813898282404	-0.800533444092845	2.49977344173542	-0.37829389240561	2.86955382180064	-1.63858938793134	-0.352871210768338	-0.946764623767584	-0.579143571788868	-0.625767581947842	1.07399017000833	0.527801071475288	0.400047899826317	-0.971808800154057	-0.909114075823662	-0.553117774277751	-1.62644706040043	-0.243215231207775	1.30588241452107	-0.843622533410432	-0.166182015330125	-0.629827946132505	-0.0505997046995232	-0.859540474963868	1.11743464281766	1.04375802782544	0.306188909578946	0.268618976727943	-0.0893066455981683	-0.766581665628236	-1.00534126987871	-0.0213452152272069	0.911807124141959	-0.173840658626654	-0.151683641563086	-0.754986635444084
-3.1452762760411	0.0140405344258947	-0.726848508009175	1.21003490924692	-1.34873407827398	-0.761154304946673	-1.03825653610682	0.44331008464631	0.604975916668897	0.804455773477068	-0.518480748170749	0.0316486068123761	0.693137591737214	0.278072866320271	-1.03629928166892	0.985116839217899	0.0394621424336417	0.685047128962679	-1.418231405946	0.445863947645712	0.325372450704327	-0.486729454270683	2.59429423899811	-0.00464783523831441	-2.43324823868809	0.428187928496225	0.162366839120147	0.851086525515245	-0.334348910757282	-0.345444176006635	-0.942309287376603	-0.636666087788567	0.995287047606289	0.451721984248577	-0.273122493764971	-0.583846025380896	2.32913684941598	1.18052173229139	2.75790372237938	0.513808242721516	1.37265676822542	-0.584012641181873	-1.36683796779224	-1.03830193378551	-0.167325451413145	-0.399202819336593	-0.297088335251644	-0.226209546861009	-0.657972344909105	2.05314303959302	0.469307806423339	0.306917211569978	0.519623120423811	-0.434423452764342	-0.454157651397762	-0.286714730225616	-0.0531258417617204	-1.11954776050548	0.648524710574063	-0.152815721577562	-0.539678837481256	0.180113674246253	0.698080543209902	-2.17789770555449	-0.042967185383079	-0.00180498496926109	-0.21766841361052	-2.53500131733856	0.0891189198756549	0.730356734744141	1.12859225834216	-0.27311244915153	0.347273254668085	-0.243263846627807	-1.7143952619119	-1.19018059384357	0.181290171718142	-0.380424778291785	-0.849984200651406	-0.853638953978546	-0.928023918702332	-3.14741403833115	0.678560967011607	-0.772642547427534	-1.27420713606792	0.0750938439379544	0.648981661019562	0.899401459773067	-0.159262269505199	-3.01094742097691
0.39271595991625	0.621468205408171	-0.686220820800571	-0.306334965960315	0.179952788265457	0.670797201484742	0.753539404329363	-0.246603137113537	0.256142009802564	-1.21015026953045	-0.956842442733962	-1.48033445504502	-0.981324600333402	0.448656987949093	-0.203442993803246	-2.70076651610838	0.005730597242216	-0.0976439888793577	1.36812204300732	-2.02990815072863	0.177393630428685	0.250359191619244	-2.22314544959035	-1.54805635519488	0.875151265459847	-1.64772397979897	1.25231174360926	-0.354276765718338	-0.297973195271	0.359562107553927	0.0222501920809978	0.306849686839938	-1.24201005886666	0.286811940189398	0.511625748088307	-0.232871723966727	-0.685146891618058	-1.25728497343602	-2.0660620682708	-0.299790881742502	0.745849622101309	0.437435764437184	1.2203048191741	-0.158001781677166	-0.720388357608112	0.738363891852268	0.413046269978378	0.190453512754113	-1.0820166049275	-1.3496001740291	-0.367974024378344	1.20836456212737	0.0818082303430183	1.88464296261098	0.256067567941644	-1.58215618956951	-0.646113313929936	1.3720717446356	-0.993008435493534	-0.166343207352547	0.539056374890616	0.687119713574258	-0.756734795254791	-0.64177020507075	0.998606185247552	0.0704717418302302	0.605910980888118	-0.153412704700676	-0.161262558091747	-0.686751320037977	-1.19754363467346	-0.510157946142885	-1.20914887345955	-2.70745459356434	-0.0292358056671382	-1.37536655088648	-1.17392937032007	-0.982486257155793	1.7288915017506	0.758876934681098	0.206077317736473	-0.159613909252125	-0.439655597256289	1.32374766831591	0.458101281556301	-0.584092013451088	-0.36338739111045	-0.648372709557661	-0.520450466016014	-1.07778362764985
-0.508260854364916	-0.495507546558579	0.153468090137992	0.932397949563779	-1.52385190056017	0.419871489145235	-2.06617574289999	-2.54111614507242	-0.579364231192435	1.20657887588479	-0.819137803122843	-0.168467085183341	0.8416001214888	-0.209378190910045	-0.417116146744954	0.611355931567013	0.00155180503296582	0.37353407600103	1.21979966964758	0.354695526672491	0.922948067902213	0.555648616881848	0.560330398369569	1.03370687647006	1.12295411645478	0.462163125524136	-1.35702370985684	-0.877423996612282	-1.27857020201042	-0.606816524046041	-0.0934642263086285	0.60963569978213	0.482749798105435	0.124556002070944	-0.628421514199253	0.835453590223765	0.661290660211701	2.50350866252249	1.32183649948019	-1.11166154080185	-0.0573871259218857	1.22621890745343	0.373512462808477	0.0610160224708451	-0.856331277446252	-1.22855526757531	-0.75487797070963	-0.165816253106637	0.346184788333248	2.08552516527072	-0.1841198339467	-0.622449849994197	-0.868910148894634	-1.08050164693166	-0.0389475320952182	-0.0214057755270184	-0.262273991199191	-0.741446157847403	0.180698396173698	0.947555285911322	-1.19573402210991	-1.44108786622132	-0.290114365501957	-1.88196933560145	-0.0497797695643669	0.22483565894512	-0.745661013415978	1.7294778554751	0.741231199551077	1.02878797344001	1.11049116704719	0.645316266485154	0.484987825805135	2.11514004832259	0.638242597528345	0.405628066171876	1.54943146520659	1.30216720187556	-0.539651567410715	-1.0163920258543	-0.709345614293659	-0.855866144039484	0.350063408905267	-0.983610683661675	-1.54699670103414	-0.399718213076918	-0.260740009219504	-0.516050934985853	0.197771762035887	0.929379879314896
0.104614010934195	0.478542237279532	-0.32295599704772	0.460199249540279	0.618372091270485	-0.522422678777917	0.123640474715477	0.162253008489099	-0.308928154985473	0.145914651393422	0.382607085868697	-0.473968211111941	-1.02066140841577	-0.809778828223801	-0.133791140713873	-0.267324140114213	-1.03405369390139	0.401757231379883	-0.566008131536385	0.743869597880405	0.0301424958624014	-0.714273941005693	-0.451952612804544	-1.56449181371623	-1.19323246371712	-0.0365738666657027	-0.864131670786571	0.291952595166793	-0.735145279279662	0.839222474928821	0.180312292365057	0.953808935191163	-1.33120487810942	-0.0269421073611066	0.00142946395336489	-0.0392003250030783	0.0513196920046891	0.177103063235395	-0.296981872427468	-0.891000425482243	-0.122661568359169	-0.143957215757967	-0.397824007372176	0.768786415006823	1.21755196906509	0.190131845372727	2.41213654208016	-1.32727691784963	-0.184861708114985	0.0427333397203384	-0.649235935070574	-1.08677124117389	-1.13355767938051	1.01825892594496	0.750159110810768	-0.784022524881327	-0.670462103054398	-0.579063115403629	-0.576399585828949	-0.524046409499696	-1.09366199784482	0.641683262237956	1.7581427605557	-0.703280418173941	0.311623731627502	-0.921342472219464	-1.68169714960516	0.11481457534828	-0.860293498324039	1.87718807815457	1.84987131073887	-0.898790226865438	0.339610708935084	-0.978082171615843	2.04953842383323	-0.572649573140823	1.0145850017016	0.369609800256444	-0.344977758414727	0.197313886986647	1.01030086188244	1.32683247852448	0.0662618738743114	0.64734514606598	-0.0665525838393522	-1.24454849706587	-1.29852642607009	0.716449483329695	1.20581425050754	-1.11645811148776
-0.231213539749775	0.237490252821776	-0.471521412655811	0.921481546967804	-0.524025131342988	-0.444315438030688	-0.280349362633518	-0.779617023573031	0.761248267400816	0.465522511961258	-0.0766294366266168	0.00402890705419093	-0.229213178298009	-0.0611650957379621	1.13429743863125	-0.755651380912949	0.498137082643399	-0.297514604092146	0.218007490221971	0.248587067077489	0.696605661729099	-0.0326171657211043	0.932164866898596	0.308485087540695	-0.0862220704046624	-1.30559329792456	-0.294849209374341	1.16306981730861	-0.855518231033891	0.527089319125742	0.656417409428842	-0.596360259562058	0.908014368529241	0.699042470703336	-0.655597749066156	-0.935259668203117	0.168011409827263	-0.400811549358888	1.31652419866103	0.167878430564284	0.250576963042993	-0.108766749857705	0.76512574959341	1.30916263212149	1.03970849226122	0.87713100571226	-0.718920735116435	0.658665587333753	-0.690049286582393	0.354025439171749	0.939316309186083	-0.334421341511893	0.719253306424666	0.0376885624826025	-0.508646518660162	-1.67776936217567	1.56875492803287	0.54250968738871	1.28024359859405	-0.668931102162684	0.381998565869249	-0.258741266846701	-0.779069818218386	2.41237901589933	0.261553149872019	0.557199708554795	0.282055901319448	-0.299481253914196	-0.48270627614675	-0.5123672766601	-0.699306179220703	-0.421216703865218	0.485365846306888	-0.816784287551442	-0.0532334827095459	0.652088321947582	1.05683456723248	1.06166539484955	-0.321307981918597	-1.03429760788364	-0.435149922585013	-0.0203649478482087	1.0681523184006	1.49165610626264	1.50312154455325	-0.685691834153022	0.300292469190981	0.277129357920841	0.408904648877141	0.738961623150615
-1.63440702697457	-0.725999384208603	-0.736926732343449	1.13485814203889	-0.311738202396519	-0.993035922660637	-0.701788922814973	-0.956459845296912	0.883283485790326	1.41975246158494	0.247384101827672	-0.0704683315562353	-0.0922962004094461	-0.318341554145393	1.23036189029066	-1.39007332276888	-0.55822603726204	1.0267166570381	0.62305653891281	0.673712012325832	0.368602639344343	0.0800788152435433	-1.03755708498974	-0.320480237135823	-0.284283821213412	-0.599552979339231	-0.204750127715031	0.5312055829475	-0.490710780835849	-0.374084186800477	-0.637540803575952	1.69367650260438	-1.40659755921787	1.66227079941882	-2.17118704383608	0.163637363811491	0.90289257358307	1.44659999680475	0.25287809823416	-0.977053511646324	0.611131052289797	1.40269271984593	0.465405072574839	-1.44896008520314	-1.32062471033323	-1.07178199807155	-0.3208180399224	-0.308843156067771	0.168379100569487	0.97792029118547	0.174407326050957	-0.918608454454108	-1.910294060229	0.630773775992788	-0.530581995564826	-1.26443247072273	1.20195214668801	0.366446196397817	0.227612532114532	-0.176551697025024	0.351225540187102	1.09006704409735	1.38475512099844	-1.77859993715592	-0.0781898591924254	-0.254746789640513	-0.514982726624304	-0.136762658846772	-1.78076841417512	-0.291464702132548	0.652909757115917	-1.14263462782299	0.606859976578016	-1.27009716641906	0.0438768772220594	-0.743915914442656	0.179369220504168	0.311319003558355	0.00935809048812187	-0.327594312183638	-0.112377334598977	-1.57810511719722	2.99108107570748	0.233818533510528	0.254788192059867	0.450608204877944	0.985041124030348	1.84143835526873	-0.791706683812308	-0.28443101679699
1.23959745220102	-0.414047823824597	0.756769301213297	-0.109311294069383	-1.28255769507031	-0.605462094798992	1.57230256960566	0.805421493663595	1.33838641193963	0.604340907106442	1.44403589792199	-0.925485963271204	0.156762584851971	-0.235208635739492	0.232782566987937	-0.109676458550411	-0.00106054394046879	-0.685943911543614	1.16989166945977	-1.2670838938312	-0.37068292685342	-1.04245162542798	-1.07578985335203	1.27879184780763	0.947991509873942	0.525669304558278	0.416500164754961	0.0836392493731994	1.01681492051134	1.16283831567568	-0.248275126047274	-0.214778130423944	0.208504706109963	-0.951757937325103	0.0321214644634469	-0.281420212343437	-0.505950979526559	-0.128989648709621	0.906079923533765	-0.33074426880443	0.442099426997335	0.121300172377165	0.32360943161039	-0.422897821365758	0.283039775554165	0.971508894331185	-0.808273934973076	0.508540083631619	0.806334192849283	0.869593196121548	1.35447413742953	0.602958479173194	0.784397889005533	-1.50212267220675	-1.26210538593772	-0.488023135282789	1.80118726797906	0.853864281797346	2.73783736645656	1.46282221852932	0.255285187095906	-1.71855754858488	-0.633469013917506	-0.69608758153914	-1.44880632425427	0.606405764467664	0.0934001618443438	0.719719599069167	-1.11201722353021	-0.468380642325507	-1.17364199539193	-0.0533124642701198	-0.729114303394218	-0.966826846414873	-0.55179250268195	0.734923732600283	-0.0548534191503381	0.814507082036469	0.462674376944483	0.910031204252853	-0.559883227671878	-0.123650645198525	0.283026557046008	-0.00959804117972871	0.369086684017529	2.04173887363969	0.0439231356851875	-0.0535349238710983	-0.260155191586011	1.12737297778519
1.85364084545611	-1.37665672004472	1.17531705695652	-1.72568331182002	-0.861822257279227	1.27253836495125	0.995197159830819	-0.74849140292489	0.495333667357266	0.156803390255345	-0.421439358225363	0.576428412543743	0.562460144900025	1.32910182854412	1.21444743102837	0.329651986676418	-0.478346466083142	-1.26667778568733	0.513820187173988	0.189617220578188	-0.422489180728783	1.01334392844902	-0.126839756907135	0.697999993164849	0.669123768581366	0.0374197798959309	2.20062394062672	-1.78437286224042	-1.64805877374205	-0.459172444896437	-0.575253217994535	-0.895203015575558	0.960198156408938	1.51288916311597	0.0510505645707173	1.98877394048455	-1.32072208647712	-0.84564083910474	-0.357886148492384	0.376103716795582	-0.425013127683921	0.748978119420468	-0.268978674056558	-0.808514988303423	-0.26244501027807	-0.338646996817192	0.047078788396345	0.494466793716227	-0.0508191556750538	1.39604709132904	1.38614479065831	-0.520120027081067	0.214869121663672	-0.512901149241132	0.069062738565441	-0.0701103016583858	-0.595969753215515	0.197170187000996	-1.1756271232718	-0.683553571218518	1.43487535672484	-0.163249924080256	0.280676332706514	0.996577968878239	-1.00515416390866	1.08718593398667	1.60602795273908	-0.236179485879237	0.09519522727433	-1.18570060790265	-0.643800066046477	1.2131766108353	-0.696857060662738	0.0451952763040546	-1.49190322663187	0.383054516555542	0.486299027076855	-1.199471053373	0.766789284802197	0.857734372773244	-1.55640689743706	1.71510575388298	0.0884852244541879	0.0971789188414536	-0.00524284762341939	-1.80976095664778	-0.913300507395505	-1.2896421912904	0.166861123755994	1.42580939759869
-1.3154081400953	0.173950722640302	-0.242195634019039	1.51179055272173	0.964803893147821	-1.56107503361492	-0.19921344531215	-0.483329219469347	-0.763351441883931	2.19277220135923	2.13075509597934	-0.0814201561632997	1.80271194355436	0.744308419924268	0.285550117243488	0.954532752791071	-0.602638282646506	0.232659590152847	-0.171071227732124	0.764557056853893	-2.28471026395325	1.07429530273355	1.41878143351753	0.99201352317178	-1.01256613842303	0.537295999636592	0.0356044896026243	0.337819629555999	-1.71267064489549	0.769964336491324	-0.147469171512142	0.685981976521995	-1.98478168230097	-1.20192831368826	0.562660059337164	-0.829579418045171	0.534100152540251	1.99696573638077	1.25867607970668	0.650302274291161	-1.69426692259218	0.0109344354878867	0.407396999284687	0.261555513664675	0.542394277606951	0.700668945052613	0.890684933522717	-0.793885863080341	-0.210151018890272	1.40234248581053	-0.0699912750770411	0.33025363307576	-0.995924649300996	0.621712888487038	1.25130629943106	0.324185264053246	-0.053065554409315	0.974357318072649	0.0828569831010857	1.25389581127391	0.0684656740620704	1.03064917758538	0.753169221814881	0.309503125351695	-0.533168303289038	-0.98102981496662	0.0132951001922613	-1.05842634634072	1.01969899928009	1.42204190659054	1.31968763148454	0.222021586088855	-0.603254434050196	-0.753093687929172	0.0111706431207609	-0.292877547360947	0.190555297200208	0.844489144254823	-1.65255862006243	-0.824568080023743	1.38317204003429	-1.56026850136779	0.734128239230078	-0.37896262161307	-0.884519892949627	-0.677716959161497	1.09932851483547	0.733095664531205	0.128913220815446	-0.755159384285406
1.43336052176541	0.275733981535586	1.508675660818	-0.167655937476463	-0.408789085636829	1.43172038590614	-0.317009158586501	1.14898557967096	0.823731100276972	-1.09902051207893	-1.85101067479641	-1.13261679331977	-0.793084085277336	2.08815276154419	-0.0707217463853418	-0.591493889666872	-0.31228349361034	0.276178617328663	-0.150548466641032	-2.18910188451029	-0.982465587379503	1.93706993084635	0.251674067373829	-0.873283589974017	-1.37451144190806	-0.0884727576628957	0.234463773639767	-0.193948550054575	1.29045060132727	0.945762494667309	-1.37313132788324	0.316173592970492	0.538680546156418	1.08425676592993	0.639484299864457	0.826245113782439	0.14716628334963	0.126246990504027	-1.55394132630229	-0.419438946468333	0.392326469502461	-0.063445754355563	-1.24206660268081	1.31492403590527	2.08790181391941	1.21844031773204	1.31826287250939	1.31955947323829	-1.34543769260706	-1.45661073148554	0.529233377370993	0.74659333849838	-0.167003978625149	0.460066883418653	0.381711773762901	-0.210552964765606	1.63776449655425	0.791693885616211	1.96506090563449	0.641077651575452	-0.240507761294836	-0.51368887299734	-2.0277475303302	1.33683619001023	-1.86091667342839	0.924417996145194	0.668454883553592	-1.27839256298029	0.193245431023187	0.355133812654563	0.348071089240123	1.31034678179173	0.849234540178443	-0.807874508920246	-0.393023922785762	-0.657241617749871	-1.19967930330713	-0.0415068877231572	0.574185069601037	-0.290079044897885	-0.882906288751629	1.5715995902348	-0.923974125595077	0.377004590047894	0.254292553492765	0.276858539742044	1.10429465508794	0.464766614217353	-0.788172080732637	0.83247946322945
0.682671807018467	-1.66330569991782	-0.226834485444366	-0.848225153930174	0.0365349015766837	-0.133594141620987	0.40578835577984	-0.438144298239243	0.600135425639304	-0.617584400111775	0.233359543843043	0.165944521817367	0.958791697885276	0.111607615246073	0.351854879609904	-0.272972421046974	-1.06326784076961	-1.09766201362548	1.0969145518194	0.718174306966176	0.948629166416973	-0.739365993122319	-0.515343305670773	-0.537327035389544	1.14738824970333	0.383324669288606	-0.275526758243784	-0.340169984725023	-0.766523537100752	0.277254840029907	0.128100769126024	-1.84532072345443	-0.448411190139666	1.48753943933248	-1.71471678940046	-0.396532406277338	-1.43004662599989	-0.231036709192475	0.630896990989999	-0.235598556835011	0.968930061958432	0.359895600989541	1.40483365321925	0.128249475111546	-0.369122812679589	-0.117703342491943	0.92238938861169	-1.20156524549589	-0.964591221768767	0.821490366974164	-0.861587949031599	0.969183577423954	-1.12809633748186	-0.812331790243656	1.68413009120039	0.309262262162225	0.599941890746678	0.958894821177781	0.152959176551174	0.0869244780612218	0.664495089743065	-1.01417857653998	-0.191268941326104	-0.218692804326369	1.20740034923725	-0.686728650044658	-0.998431584129619	1.36859240528688	-0.405623807006681	-0.772690159715923	-1.1348975604429	1.0679136250798	-0.182748966669633	0.0657765364539408	-0.118666038750508	-0.366104511157145	0.212069302312333	-0.964842302290463	-0.307401708480742	0.402707047302998	0.148801736513462	0.34921374418655	0.719799603959967	1.05729642682474	-1.3551200301625	-0.284025217742813	-0.0679598873369191	0.627443215775193	1.25610751108023	1.19365521568558
-0.867490530303343	0.612834873400698	-0.544797411232363	-0.0161710929638832	-0.201222063706542	-0.45404928880405	1.045221172585	-0.0104153373383423	1.193768576412	0.0606489117298463	1.32936384730467	0.500608637571427	0.990688928533714	0.580437190664071	0.720550289301035	-0.695940380289924	1.00652577201276	1.47271803121239	0.306911942329627	1.75048718784382	0.378774006269951	1.25620172159601	-0.989314518633379	0.157076322809486	0.229603355274532	2.05425908651547	0.611152920305126	-1.15605350279449	0.779446962355456	-0.975492864719405	-0.279400617141808	1.55161777384247	0.0404422193895017	-0.0688233535202724	0.850009826317028	-1.19553772062558	0.1736013811721	2.05162168098658	1.28219412272276	0.115159153739576	-1.29532603287835	-0.592178636767282	-0.145425568331556	1.24869035152422	0.40414152758617	1.23592278028558	-0.718583062570473	-0.428722178431163	0.0696047489299745	0.964310695833597	1.10832669565651	1.72353084688846	-0.139925706426624	-0.0130977976044753	-0.466072234945071	0.108954740126374	0.813218806565815	0.887482872631597	0.553600761830782	1.19311809017544	0.871308170342591	0.363616104853462	1.21755398663453	1.89967771589494	0.144410704665207	0.279959460369597	0.11656627328491	-0.726675690096207	1.49130248646193	0.617060277139897	-0.307839640304553	-0.0517978081729815	0.57744969018052	-2.42920353898805	-1.60470395625648	1.23922935704214	0.97868530201994	0.0342379794893211	-2.31566789303562	-1.18115230621044	-0.733909527045321	-0.417779796844149	0.665945531292834	0.638717766740534	0.736894244201982	1.7822672415027	0.877961917778935	1.77231904922542	1.10797081754629	0.13555919389527
-0.676674746534747	-1.38209412177013	1.9462419305841	-0.195928862440874	0.494837837489093	0.0150027359759278	-0.762422541124867	-0.864590479213971	0.609162509844214	1.73346984393062	1.04834043186677	1.73701695883991	-0.603875602755281	-2.15891434130041	1.05451483635355	1.03700811793297	-1.43267007388571	-0.0877370019485037	1.60755974750649	-1.50656505392754	0.461633905695641	-1.93235833984625	0.995466705177222	0.561170198743055	-1.22226328721165	0.89557218339185	0.826059573027491	0.575747383387014	0.140898459552289	0.995670184492081	1.22551647557625	-0.00929549582914107	-1.72650580067222	-1.45830611380039	-0.105415727910074	0.7620772658175	-0.573206491584277	-1.71945784458735	0.462035627582525	0.754962543786966	-1.93986294263367	1.5957207187143	0.213341042071655	-0.812622996983798	-0.517165378781914	0.809800857865059	1.23684713804833	-0.0729802395318643	-0.700144532285351	0.13828345311825	0.453761615566296	-0.925443655060439	-1.42374166679418	-1.19932638434123	0.945404486332727	0.690162000227906	0.853838627480357	-1.17219498319122	0.828108336502157	-0.672021437404221	0.547185298315566	-0.766257869770084	-0.766649846355102	-0.0440734197063276	1.02825076988539	0.685490780876152	0.46165852233398	-2.79641498113668	0.423457122384135	1.45399013174533	1.52480960827454	1.83384472135928	-1.03650942866882	1.0443218366855	0.610382795953927	1.35359821437236	0.577322094279274	1.45388911192853	0.0108451477536585	-0.395283808805467	-0.115857591557699	0.295065039421897	-2.0880019350541	-2.59587447884478	-0.656356996057664	-0.483356555930209	-0.537782028655347	-2.37696996722025	-2.06223600408156	-0.62043477884735
-0.247253772980228	1.09275252631489	1.22127853243488	-0.742678221283229	0.437938497478614	-0.511864337093945	-0.761910696506342	1.08942451566957	-0.573543957271663	0.533861591453578	0.768019818426835	0.364066049567417	-0.736075066790857	0.435785237704689	0.230888020181343	0.180355949449843	0.0387463725620721	-0.547458501113516	0.621807622784493	0.146817058908773	-1.0664976388914	0.670019578399192	0.44492460794494	0.104145482627215	0.746135781545487	0.899616904236685	-1.75171198345704	0.249479671390817	0.576329597626007	0.751508742827311	-1.36884845155619	-1.44075553134558	-0.81501073088686	-0.827263264913951	1.69489384180206	-0.715064898097868	-0.144814782487291	-0.367667655260263	0.884210317228051	-0.68038319786107	-0.257019660370399	0.32356490336473	0.384055502649858	0.367473149731443	0.252639641312809	-0.268767843018337	0.99854135782096	-0.141848616201343	-0.646171367482041	-0.457001115796613	0.68809354776191	0.714889852988165	-0.258002892830852	-0.111111070249176	0.720676007047799	1.30004608762904	-0.582160956748568	-0.596842165550071	-0.811715244544747	0.990355817504642	-0.334412292898127	-0.293397185094118	-1.22555373298485	1.16513968898722	-1.1241329035068	1.11957211828424	-2.50028146816077	1.1617615332533	1.58660528294947	0.502973355958777	0.252527066807064	1.22557637995475	0.347867755275587	0.933973069306607	1.21569471366513	0.427631202591665	-0.752380842669069	1.02983940337343	-1.2181031116645	-1.14493691686759	1.17347745931877	-0.528898822052488	0.124863989657815	-1.1892613929531	-1.76482822994318	-0.318624622044167	-0.24796311061642	0.953838785073578	0.648257847340869	0.164495649502322
0.74244515417711	0.709715518291957	-1.45829282439075	-0.409549385843887	-0.294193926845448	1.82709633155093	-0.132273832496431	2.16787593920747	0.8895647807523	-0.276747542739478	-1.53177448393618	-2.06299922207395	0.552931191217044	1.62938371600765	0.148127352241886	-1.65992558046571	0.169046874986002	-0.256483589499267	0.682148944267596	-2.51830829004618	0.379356202486553	1.00940261359277	-1.41715903630939	0.371636790099477	0.410534711596817	-1.76312798194946	1.58060546506659	-0.00168235479119274	0.778942161790763	-0.376346102448165	1.16841361552527	-0.233585382669496	-0.648683135519636	0.714237660776267	-1.15497296774308	2.11732322886085	-0.659991524634146	-0.040947170325239	0.0541048640336244	1.22596073305683	1.51149712932886	0.532512010235074	-0.380509965639347	0.885654685638147	1.24899692205115	-0.573588649224696	-0.561999143864191	1.0048224253127	1.25509366034946	1.31439383852496	-3.54782735011304	-0.271107444762379	-0.714641921914069	1.4509066203072	-0.543096927818456	-1.58815145371313	0.559010457366428	-0.80995700168395	0.778562348446435	0.250301396200454	-1.18214541494261	1.06545160050675	-1.06184803930601	-1.10482387897841	-0.101898123823434	-2.76812033352	2.1527572135851	1.20103766778038	-1.65925071214325	2.08100703303243	1.7165078622976	-1.21460509752588	0.646179166242356	-1.6996668505032	-2.14636323870415	1.5802718606154	0.267590089702005	0.536230056468715	2.50910610741724	1.56902856640857	-0.671313699537434	-0.14355330281577	0.731892300266445	0.129335212582391	0.395362705889752	1.04530632852791	0.489443591154877	0.437345286579879	-2.01286693034797	0.526187346504596
0.886062071364794	-0.722935209991395	-0.279628100613573	-1.86459618169871	1.01936084459156	-1.32577305243055	-0.271550943944776	0.878541917386546	1.74862633419568	0.499802591906977	0.127070291132467	1.10477663592545	-0.383921149311311	-0.509805290028012	1.88069762207497	0.169466375739201	0.450277121614836	0.682820845700832	-3.15077479651829	-0.901966042243512	0.0573279176916789	-0.807456068521667	1.25384919985951	0.668425922004351	1.57335554819505	0.364497608273288	-1.73909640412369	-1.55335586157665	-0.121312741226833	1.81377212691034	0.6863543285863	0.769932865712658	-0.76984758202838	0.168713443883768	-0.337622628445663	-0.465105599527856	-0.939991842135288	-0.605095804766805	1.34002933082659	1.24759670481646	0.729718957834049	-2.22425439935879	0.977932134637167	-0.150307118247234	0.791789229841929	0.857943576210734	0.687911122167488	-0.816170270375382	-0.493504836087959	1.15830684621714	0.327915880313882	0.247098226276498	-0.781456319301959	-0.471091162161591	0.295130677093124	-0.162342021923594	-0.0790752051190075	0.408866697209599	-0.536534883694047	-0.685795514877457	1.19001846751543	-0.884168968928745	-0.518288064421627	0.37639980289317	0.421192815428826	-0.490820218278285	-1.70884650168246	2.05255907316939	-0.340314595030658	-0.669822670807186	-0.298675995291276	-0.673654266371871	0.00244027868273271	-1.0174538333492	0.876213434309634	-0.441246089605747	-0.0944953438638216	-1.02862133094245	0.175413025469774	-0.0066963127572272	0.974052889630509	1.34328268459797	0.49917881974843	1.1568081818186	-0.104123332494293	0.132456767161602	-0.373146313989292	0.397225559786031	-0.835140558435388	0.84101128715006
1.00178226613288	-0.361640130085487	-1.05758693640738	-0.506777282234791	0.296342727740697	-0.344267529852838	-0.97335816217701	0.820005077434821	1.15553932047205	-0.930087987643433	-0.742406256493975	-0.581795272283212	-0.0982383633148179	1.01285255251442	1.30622867346344	-0.21224580603007	-1.65387233550736	-0.521147773021082	-0.179389019237772	-1.04171352435789	-0.413698376791715	1.44792295278784	0.0744394421554405	0.161489180207853	0.188545044733708	0.639978303930963	-0.473997185628962	-0.0993733832359265	0.0222112305509169	0.356168325248204	-0.817299944761243	-0.384759833234291	-0.576404306871283	1.76842474539861	-0.310857435640386	-0.322802231590641	-0.727958262916867	-2.30759088238415	-0.825420393717186	-0.787681519720828	0.339189547225881	0.17914136156094	0.539291127756303	-0.840485970490041	-0.526189708854796	0.117211680219332	0.227156177006657	-1.4169267581129	-0.118643960499831	-1.45771272060187	1.42007865246321	-0.995102511156312	-1.8524275202426	-0.664330456944393	0.427350816906751	-0.0648156421136099	1.65041760971823	-1.24815156404303	1.0994677359825	-1.37818432385547	-1.24308900877174	-0.695693405872745	-1.24725035844539	0.177630740835182	-1.08163487113129	1.05890893687499	-1.52022396250042	1.22833824614996	-0.436321031670595	-0.720510026548574	-0.281623548658273	-0.78705846794843	0.922042511786368	0.149103194799567	0.674323790321879	0.065463848284525	0.145467949412922	0.0181692788554593	0.0393628357059209	-0.221490591756381	-0.540476845953831	1.79965349499391	0.793182420225533	0.559160969872357	-0.161434599538929	-1.53320752154431	-1.34342665910585	0.909687299048091	-0.707782217802103	0.278667538227594
-0.435747085185312	2.35090208950208	1.24874142188875	-0.722544533506691	-1.15230264432601	0.390191751182032	1.61406546008724	-0.770089193729084	1.41938109983242	-1.05242674830104	-0.894002965374513	0.83024702800483	1.26465796834532	1.46504443678337	1.18539095613519	0.12065269263977	1.81006547717691	-1.06295311135386	-1.75370781257156	-0.878053291192925	-1.93397081796479	1.60430491371452	0.692826722906212	0.385976420954128	0.105901497917944	-0.449633793784512	-0.613218700697554	-0.930822478393113	0.393686891482841	-0.143194255109864	-2.27065167081618	-0.62136826628832	1.04516722527537	0.323811380324651	-0.383782253639902	-0.376095905624769	-0.943056487950174	-0.789070280670797	-1.20572447213991	-1.9221037948538	1.16843748378908	-1.39978755718713	-0.891691074234147	-0.0499462228319629	-0.286456913563385	0.508946940466555	-1.6388897814502	0.100595821106018	0.0994851106686648	-0.230775073354068	0.274606986175922	-1.90788686332519	2.0887472928876	-0.617806162750103	-0.821922092547482	-0.805739143632398	0.52600546221327	-0.336583231687337	0.197773690168927	-1.84685820052405	1.98463889013753	-1.4674173362117	-1.33005886169158	1.12619802230912	-1.98696043499015	1.02103620901659	-1.1048118644211	-0.554274789941891	-0.491092034564165	0.522211917661346	0.415604646011565	1.56042217973792	0.849720816412093	-1.00445780113842	-0.839762100083683	-0.7581329736955	-1.04058060431392	-0.321878846396573	2.19062815944172	2.26167739675086	-0.770081607667558	-0.981641684291846	-0.920590407827525	0.473737179613126	0.353776275959968	-0.202534961661235	-0.674350435660908	0.19191480374625	0.913197373426547	-0.957055642234417
-0.293902670870307	-0.749582856995233	-0.952914929364831	-1.08026344114239	-0.209696515445005	1.53815311087789	-2.89424242590045	0.598572784026982	-0.606431617232741	-0.0322113050015346	-1.43675351887861	-2.22605238136958	2.2993567157135	-1.44978373617072	0.00832461875944526	-1.4309824824622	-2.19822202923067	-0.666704920182746	-0.392406379317598	0.412123097474373	-0.726769652728055	-0.693528206100124	-1.68593927621162	1.72475463668983	0.392667221329526	0.202415977571792	1.68120797894229	-0.0537746602628189	-0.136067059699314	0.110122197547545	1.19836700789908	-0.60898836431463	-1.19571958056156	-2.61840998669968	-0.950873282479859	0.427835297032541	-1.5642146561742	-0.611196930717348	0.324409075058426	0.483652616059963	-1.69017477611413	-0.293479020001944	0.60338677694949	0.20081525447052	0.629302014230025	0.109812025673252	-0.647761226233625	0.626597928599039	2.29200606284109	1.21899271608878	0.39043444901603	-0.331321253585083	-1.72850756067978	-0.231907051479987	-0.370633079584175	-0.629140970107637	-0.709370712100086	-0.477302029194268	-0.33249421616367	-0.36698479020557	-2.34090962938378	-0.334943471908173	-0.870299827713731	-1.97160890141466	-0.199189631582083	0.244399731586655	1.29582159986969	0.682153303339687	-0.813254959128364	-0.379797476529907	-0.298573805544857	-1.05877094199705	-0.67845189299071	-0.514611717715716	1.26382381607647	-0.692283481664591	0.235738051213638	-0.959042121629255	0.0210523637711579	-0.431568867349707	1.95122105776355	-0.200700714946913	0.91796997056618	0.283462153798276	-3.35991350260965	0.0102812975481457	-0.0341712833233661	0.506488156424098	0.212452599348872	0.201115996306097
1.17602326866685	1.14246181660636	-0.443513551656768	-0.012922188111862	-0.0401315349783448	-1.60357986463354	1.46449614166511	-0.495321514879481	0.592054552841767	1.00633337305441	2.35682395920936	0.838105710738338	0.443927596124393	0.534504375384031	1.04936053886306	0.842166771612888	0.157088380905876	0.916375713955046	-0.993531175575885	1.00003959471535	-1.10626572569698	0.5865671110232	-0.539714423625446	-0.674478792866233	1.81457908019616	-0.398120025367095	-0.292851102129033	-0.559062928748048	-0.961572571678642	-0.391897522401803	-0.84773175324423	0.460981112385363	0.459081622485446	0.264724030113389	0.0961629349004782	-0.582604168293447	1.46296517893236	1.12559145448591	1.35004862551271	-0.547076702388763	-1.10974269455079	-1.41768458655369	-0.351846238205221	-0.775007001808859	0.0353163948307706	-0.345855604038539	1.26164346147072	-1.80969735413834	-0.218060845185743	0.554398978950864	-1.24791648609436	0.266429882437234	0.802009876944515	-0.635143404814688	0.786788339194434	1.13613590084834	0.219346477332983	0.278206340045836	0.0302170953554797	-0.467604485872508	0.28826595986064	-0.0293408618957768	1.10592826355303	-0.0908606890130799	-0.380873490178053	-2.05228268714031	-0.922227132485291	1.15929477232444	0.888545936848397	1.36970080131433	0.511146135167529	0.402288570942453	0.199763237229488	0.890789637213268	-1.3311694390047	-0.0293922859479553	0.735595535020783	0.116919784397586	-0.377902580255726	0.53809391362862	-1.52229459275694	1.1007267859185	1.44385070595769	0.675614927798216	1.47877573878856	0.398016224159619	-0.824952169892579	0.447240130361633	0.485878526597849	0.185148512178853
0.30658712827702	0.135042220601504	0.0913335445912094	0.61047676698997	-0.264177855551564	-1.53352125120802	-0.0528552611920071	1.42851576110105	-1.50188490161668	-0.879928011532447	-0.70782896481507	1.10875461107165	-0.00691560524734333	-1.33735489002122	-1.38535149811728	0.361342640920801	1.36955887396832	0.884251958967302	0.654263052307614	2.0159007953901	-1.4853598259515	0.124850678943303	0.790097357291232	0.97905130275222	-0.259837310254053	1.18183890533341	0.313527712832231	0.0598842443774556	1.17637827188096	-0.526226799261325	-0.169767114872272	0.570809551367415	1.41462792903205	-2.9178031261495	-1.73346297389099	-1.29644601236379	0.86123609506849	0.289906853023061	0.00944333961890152	1.2049930842536	-1.84695838054399	0.464137143428433	-0.7933164261849	0.872535621301575	0.208567277517258	-0.880716511128058	-1.18403728637969	-0.43237657791874	-1.50024119330386	0.419094416513511	-0.426951297717001	0.026373958811098	1.01489724726699	-0.608196191036544	-0.574873708392482	-1.2741071055022	-1.08692236525473	-1.31985767908781	-0.362488267947768	-1.0314839487157	0.130269827929477	0.131603148916482	1.07234137219287	-0.731263646758897	-0.611177870160759	-0.415722405316658	0.0923304231500256	-0.18152168358876	-1.23162050689013	0.6592540259921	0.494633185706634	0.156832242742225	0.453460781879216	-0.775746971129788	-0.99626716319468	-0.527509249156674	0.253980916101269	-0.394435455451442	1.16569721138661	1.62071991027059	-0.683681314468237	-0.0231166263521364	-0.754412300302761	-0.294955347311385	-1.17828477035728	0.38946320894338	3.93603904940316e-05	0.0744204741722669	1.1296652826587	0.517592224857393
1.46902950229459	-1.11523223892849	-2.20032818675356	-0.610948850530063	-2.28323326518453	1.58883599015811	0.813362227927523	0.489912671042762	-0.760311402224902	-1.43264884276982	-2.26068510345761	-1.04682432751471	-0.540964266627145	-0.283690531249739	0.266167382097893	-2.59317271293767	-0.145923321242022	-2.04848312695559	0.171225393970903	-1.60012718573031	-0.208991835131731	-0.59447537611459	-1.55207619047519	-0.212729100076821	-1.67903220188393	-2.45898058505404	1.7311867024896	-1.22485347586771	-0.330252330958006	0.321922712025647	-0.898066435678893	-1.05993449827015	1.16517082476461	0.241366548445176	-1.43125477785217	2.06929616645521	-1.75396774259146	-0.899312614904393	-1.17611587709023	-1.04349241474376	-0.717129770160664	-0.508905475352133	-1.49927657846592	0.347653196220712	0.645795344521225	0.472381232259292	-0.50225037473231	1.28818378769793	-0.850122001249824	1.39343907406437	-0.471645072954423	-1.92682258284154	1.37391015489781	1.15142491993884	-1.34273699893704	-2.89026720375803	-0.486479283663119	-0.963073286723369	-1.82350262781375	-1.13818930851907	1.83738563114501	0.883332494820521	-0.0775895479937807	1.12522602209053	-0.46090307607909	-0.641406350493862	2.969934882216	-0.87430153088059	-1.56304264170389	-0.201225391477606	-0.798225555469504	-2.02164777726106	-2.03109369615968	-1.46968827132485	-0.129302717975827	1.2839032211326	0.535743668839371	-1.45056807509114	-1.20849712891767	-1.67577304133997	-0.0561909228234057	1.8513145209036	-1.66578502021829	-0.529002224781035	1.87978462662804	-0.0635576300648363	1.57867550596627	0.0123857201212924	-1.70300049430514	1.77130211353335
-0.10998819596912	-0.0241674698765889	0.282328322513623	-0.26418225351104	-1.19618566678309	-0.174629744783979	-0.251979174151737	-1.26624182419059	-0.207390525378887	0.300120071005818	-0.0819974601024125	0.351016234251535	1.34396811463945	0.998072450035901	0.359498159040063	0.58343950227554	0.546386812771091	-0.169077888495541	1.71357135928124	1.42224994876535	1.12508443230689	1.30643695569866	0.40500476853455	0.977661722771715	0.325966022959237	0.415777536805728	-0.23931485580124	0.197200059731986	-0.470692144293609	-1.06085082490889	-0.73635079297824	-0.631852677885097	0.162083231093747	0.239371839035365	1.23293348294237	-0.508594382438548	0.395486745160481	-0.0392340157684494	0.655336418755977	-0.492065449481436	0.0928653691989598	1.85677337927546	-0.14014654225208	0.613832682773522	-0.111754139160824	-0.558475383573377	-0.00498757549706164	-0.0678274669760629	0.0942639731974886	0.707312230760585	-0.855241940652888	-0.0970432330648445	-0.319151234321468	1.91687832760418	-0.665776467630499	-0.0848018203082515	-0.964804477879038	0.565700609844818	-1.18269317716425	-0.503511114729518	-0.980607608930321	2.58626428477571	2.33228014911472	0.162708304367546	0.451498465294093	-0.452734873686634	0.0155048463580284	-0.374769427935058	0.63649987781254	-0.519050687020475	0.0663868718536659	0.245507397326453	-0.502313854322257	1.16394130934971	-0.775631112164425	1.06000569820403	2.01237632890685	0.656302225573535	0.463198171157642	0.276529155044668	-0.151482381267863	-0.917041880175742	0.594181154424034	0.305882082161753	-0.700831470776393	-0.140792838977903	0.646595206629471	0.496029273373243	0.874166297110483	-0.378024628447877
1.34570472771845	0.763723032174759	-0.754231733286202	-0.067193443077017	-2.22705876093323	-0.442187489403031	1.10374453153167	0.364132973334575	-0.942863344325668	-1.11270949426588	-0.45422131666927	-0.158447984247248	0.149200472384614	-1.43875423124532	-0.319084684304293	-0.124351693083971	1.9141339804666	-0.556715871717609	-0.405494094218524	1.29782033753821	0.114333302499872	-0.392857052347553	-0.557785765613973	-0.0598965945905113	0.942820150275867	-0.299852554057108	-1.21673691966904	-0.0818654485403922	0.0673423733974276	0.194203894901435	0.583854643709393	-0.422542391700925	-0.365353075582542	0.327252696442701	0.49820655653472	-0.263886213256501	-0.249347830402882	-1.34792885626157	-1.40806046709733	0.459408845634304	-0.307120558225349	-0.445518304091272	0.982742696183118	-1.45697262745546	-1.81616395485787	-0.70999362059841	-2.39226448991573	-0.820758711082949	0.0793024691940972	-1.50457398481621	-1.50881792820752	-0.718541986829315	0.365603560914901	-0.799141987436031	-1.87742333312802	-2.08071381112846	-0.911814926614723	-0.148994221780472	-1.87336099589899	-1.36150415309751	0.680271476419513	0.0859848846592885	-0.167162038548	1.31420565669941	1.08331810480049	-1.56654554405554	-0.435212864336063	-0.24465918475876	-1.01016566113883	1.70251079271372	1.28531311054312	-0.819517679096437	0.859443058319524	0.547080343062135	1.04812495779832	0.00361713485965226	1.27744183050144	-0.236953918420471	-0.257472550261014	-0.467729719320983	1.13529115263034	0.268018381407443	-1.94875239114489	-1.28838880551677	0.581735288922341	-0.32621947886313	0.691838643207819	-1.22931649330391	1.86775458469136	-0.503630196081663
0.236588201147584	-1.38788918754639	-0.193013284164699	0.891654851621901	-0.743332555231851	1.89182519049484	1.00418476704251	-1.25066334117607	-0.0965022383411852	-0.1589730755949	0.481419080070886	0.246191169916111	-2.43394585174138	-0.568098828581588	-0.399656828870552	0.70013846269598	0.222806191280182	-0.365684897326104	-0.0962865267590234	-1.51128547533109	0.79048094015711	-2.39057625563219	0.467632684492963	-0.212476649459225	0.801557472772414	1.22983361752629	0.572455425609073	1.68982204938675	0.0441311406905144	0.605141330865028	-0.185827170911327	-0.0913713663105919	2.05455706291888	-0.780635477292116	-0.778706114405786	0.688920291514039	-0.532046248218774	-0.609236741692828	-0.0817352654853754	1.14693873935201	-0.229450414433641	-0.392681491689331	1.57404425671602	-1.44276045291251	-0.982501675558484	0.450593369012007	0.0369083242081947	-0.952701969570989	-2.26300679185238	0.585693880136303	-1.70841250384732	0.989059711245038	2.06445680061661	0.853710762902644	-0.750349390276534	-0.731259293512404	-0.897185228084981	0.205349797700926	-1.07395941461638	1.3055902386097	-0.483618653736762	0.189597223031452	-1.64732703610219	-1.4522573084039	-0.385818089512722	-0.610297444275069	0.761181165442873	-0.11905786925353	-0.919223970592434	-0.456664677973581	-0.688593230675508	-0.614923885885655	-2.23758716632384	0.441480940857848	-0.929162776039459	0.693909168226212	0.318304672559057	-1.82763315086973	-1.5930122173118	-0.6254989597889	-1.77522094633241	0.341996479867175	-0.30645996409185	-0.417030250667516	0.7884166044527	-0.879631292282481	-0.524598713845817	-1.1354015279729	-1.33332286530633	-0.157359881563549
-0.395471369089387	-0.778415115974168	-0.531609650722544	0.862980419625066	1.13523325042978	0.427080467902647	0.402904312435531	2.02919783719136	-1.6652737773535	-1.18310726767371	-0.0990460035439458	0.653684180754053	-0.078238569066462	-1.68871856865998	-0.813288993354962	-0.182796745513605	-0.716194999747648	-0.332200457475823	-0.679661334427728	0.610638460429533	-1.08492133431143	-1.37007918939026	0.544863427710205	-1.47516862634221	1.02055332934484	0.857055564038196	-0.680512738112226	0.0558698178111673	2.23018216091626	1.30206744413894	-0.157399322685016	-0.64361274993048	0.580766972018705	-1.2100530776429	0.832988269569957	0.163451726315517	0.402031129019172	0.223698345859479	-0.0864168166184959	-0.267653350543899	-1.278661719571	-1.01947882203973	2.18398806946541	0.616234860022042	0.456372310936912	0.51245906920151	0.642370941501054	1.20075615787496	-0.44593426170978	-0.685724440781158	-0.656097912190353	-0.22988999647607	0.384106993114774	-0.631180771076053	1.82285072479728	1.00440186864536	-0.747274189092593	-0.357178761717443	0.0770202923838005	-1.08954560686474	0.311967862686724	-0.95261531168145	-0.588875393365863	0.719594358824624	0.665693907927402	0.280093554869524	-0.63976305478434	1.94945205915389	1.32607508454833	1.25836314420446	0.566853188507338	0.786909315864589	-0.706950645937102	-0.324213638778862	0.887249083578613	-0.684714751718001	-0.36723100707518	-0.0153870321531763	0.0393405147835589	0.0855320576192552	0.373115484225309	-0.770586442280381	0.852255676793065	0.498685701359993	-0.3469457438111	1.39357383737746	-0.199296831379654	0.689202717171108	1.86620060961606	-0.801382647560105
-0.423727003844881	-0.926656069386056	1.38065222915326	0.822149160835922	0.394060433075206	-0.449905473667925	1.01079502123182	1.30148393007357	-1.05953527459837	1.02424570846619	0.697953985704682	0.946419415253198	1.24057844529497	0.674287602389992	-0.416582279462857	0.12177798292372	-0.279557667917323	-0.712019289925436	-0.858264487456885	-0.220521509680665	-0.642040493412637	1.13882779585505	0.837196991942362	-0.120136324878315	-1.51388693662705	-0.246075422354876	1.03850384616263	0.0527195029315397	1.25870378015461	-1.58331830265616	-0.00917369716810975	-0.622140583820975	0.882223333105528	-1.02150143519206	0.471861163372216	-0.360633975675594	0.190382037415282	0.57779077630241	0.386386499198027	0.778552293476995	-1.77870737956835	-0.222120344064044	-1.6667635158448	-2.24813067873181	-2.11620283249259	-3.07028322439884	1.33156081888385	0.388798748730986	-0.0748213921111616	0.507841908211895	2.29029206139082	-1.16185772595104	-0.058463193029721	2.55313647604864	1.17683615474022	0.334811390235729	-0.551151690462361	-0.361124569684511	0.110765651322389	-0.153507131630309	0.905308216096188	1.36936368412322	0.540470641700167	0.687586947056566	-0.611691211587733	2.01388945163598	0.481566976797653	-1.92547995415931	0.809821476915397	-0.621401310172004	-0.0680558732699313	1.60743137050175	-0.728990855681135	0.445155946107299	0.663447762315813	0.685576776890022	0.67544313167024	0.0911150234159289	-1.17435185509376	-0.9737380714475	1.87224225435382	-0.715362702670251	-0.999623990940891	-1.19995010781304	1.37180340260582	0.825786939734136	-1.55840236675317	-2.23353580404701	0.680029281687089	-0.128283500582767
-0.32128841082881	1.08512137513533	0.616403567310544	0.30337712332017	1.24621433081458	0.111627401332284	0.809972598886881	-0.414744805083156	0.645473250712478	0.543543687678603	-0.714410591223816	-1.22102675206968	-1.37283604758385	0.649201915394309	0.661830459758003	-0.686474069813038	0.989362432143006	-1.00327621681889	0.198739742953735	1.40261431959706	0.00133311008518847	1.64237156567583	-1.53034253369229	-1.49472967379887	1.11496991812026	-2.11010856170936	2.02955380728081	-0.0492006686161466	0.486587691535469	0.852810324114289	-0.62432978065501	-0.200497093573748	0.768361894504992	0.0943498860520408	-1.36335792900013	-1.86762624483647	-0.509869651817606	-0.0522575249138571	-0.981714953370072	0.311704692531342	-0.784658787792098	1.57482428386639	0.353534598200749	-0.918747562329389	0.481746614738773	0.840150093951062	1.86943296236663	-0.173512367991503	-2.02760113016175	-0.212633915736218	-0.896829469435137	0.244534353624923	0.762677052690094	-0.721867762377017	0.346201327669052	0.493341536144865	0.65050599386817	0.190785571242378	0.396295171357129	1.26770909871076	2.80153717729902	-0.308262608076938	0.222879917478648	-0.0209452731053709	0.988815921723527	-0.316405755385019	0.729549715386042	0.954953702565192	-1.39890849475909	1.86128459704329	2.93125891568828	-0.278306267741163	-0.195724300923989	0.347237003187888	-1.54183434024831	-1.34626661329319	-0.645772917128094	2.44341475257183	-0.559228024653593	-0.916423688212855	-1.13439916886083	-0.0338627309804636	0.367833082760238	0.00521825741581884	0.886021302987751	1.36007851072048	-0.614973158667009	0.6943127477614	0.502981087322779	0.148799988739513
-0.158334099611034	-0.763821514728654	-1.18258187659057	1.70477247028099	-0.683886647578958	-0.784391955805679	0.860666840965365	-1.44893969252093	-1.28104499885972	0.0345365480233185	-0.0913849158003553	0.997456740119845	0.921780759631593	0.0525964820920179	-0.0261984383489961	0.468549292092619	-0.228537974475669	1.5956629616196	-1.31381985418121	2.31167072380709	-0.352769862434513	0.112619775785396	0.33387951585036	1.70367803243812	-1.31671032041383	0.368836288525424	-0.0822844115111619	1.94718516281263	-0.0851720946452474	0.0352796940372033	0.12664615388567	0.525424945631283	0.817326018926432	-0.373154413615533	0.959872773601322	-1.99162471534337	2.36278144720185	1.76013087921698	0.702218129886756	0.558867277300508	-0.663468293043363	-1.0533217385399	-1.06209219078548	1.28821530033211	1.37277878035384	1.38774810034058	-0.695476450222272	-0.554671851829244	-0.22872730422577	-0.0304793000650562	0.42602165900923	1.51912299022604	0.0502092948831118	-1.42423206693248	-0.543784524918489	-0.00980423329389356	-0.980470436375237	0.868741724446076	-1.32450725806448	0.074993435568842	0.580263782835357	-1.02906424941186	1.03022747934148	1.95531299179419	-0.318836319003845	1.02972667558413	-0.75130995874098	-1.10946124429149	0.849353127650729	-0.359699954578943	-0.314522417912494	-0.75259034242564	-0.695764320852145	-0.181044542654741	0.107258321698537	0.975717162821972	1.16088116772734	-0.781015021591032	0.0692577555139885	0.315409782532519	-0.430695004223111	-0.881237020798026	-0.598045495010703	1.02278910546447	0.667546146914754	-0.15644418659909	-1.31124497319371	-0.0356619507006024	2.57792570274509	0.523786091802757
1.37738332721619	-1.33252398321749	0.426495629746146	-0.666532340379689	1.87954438161128	1.45941239028552	0.257924046507841	-0.935475490199995	0.516786776696213	0.564723796595278	0.474546548275534	1.02655963185941	0.845841005781434	-0.261949307089356	0.726270672249186	1.44288439447043	-0.891424708797533	-0.0223836759336022	-0.0810342237600375	0.893578697918982	0.446935384717384	-1.28286040473747	1.14096649250078	0.495747216408832	-0.900035149040238	1.73197309520467	2.48136755810832	0.421382379499321	0.1840273016305	-0.659872353351541	1.47369869412416	0.389793014833028	2.05492891408129	0.295789458647274	2.60379338406983	-0.232547127298006	-0.113885418715254	-0.0820976652625801	-1.16686297271284	1.74687679247683	-0.964063764532817	0.187461834839055	-1.0735974754272	-0.488319150149486	-0.0374304942366332	-0.061556970915689	0.776213936634079	1.81214033985169	-0.327576791446518	-0.479941351178324	0.966302057197681	-1.41474385572211	1.39546265559531	1.89506279385707	1.72090432166934	1.65824849443667	0.999754055338756	-1.17857462916197	0.876790848074267	-0.185645148780161	-0.579301789212118	1.19370907028061	2.08886620591889	0.81566777036434	1.77727153141499	2.03881112192714	1.93400069852053	-0.666382807542286	2.58820697068017	-0.341885086536	-0.0362768039035456	1.00938364277615	-1.52353592451981	0.761594928808177	-0.570487927437911	-0.122314282400524	0.814945916078281	0.176688225024566	0.828457075991018	1.24533243199358	0.0788375283636803	0.562480168186748	0.479472693707826	-1.2953617520075	-1.26883493472121	0.0564255096752612	0.989822881682979	1.20721438295715	1.8539965204598	1.29083620628862
-0.30617152334677	-1.22066843820254	0.0121157895246689	0.130261971374021	-1.34548640294219	-2.15306157584501	-0.213476606469983	0.154266833527258	-0.0244184241907543	-0.0456613823867453	-0.530409226320508	-1.07607736933136	1.17537467663151	-0.721170522827173	0.157116788118194	0.0207742139911857	-0.463448901261478	0.828604383069424	1.12110016537123	0.714474885613938	-0.294003832455778	-0.642102700368603	-0.296428866964596	-0.855053112719259	-0.122207694675823	-0.618554629234211	0.60981035064073	0.570303050468038	-0.103570444153022	-1.30002408328589	-0.199471436056718	1.01320134198582	-0.828713418451252	-0.380220757267369	0.16573945962776	-2.42466031387148	-0.741409319919796	-0.261772572849798	-0.498184712176536	0.276291538526745	-0.538372669973384	2.17049213502293	-0.646796252109425	-0.842236192561825	-1.13481235334415	-0.509559692510735	-0.199558570335471	-0.270746015217226	0.642597099775019	-0.119015647965252	-0.197779394140943	0.0335909364333003	-0.794411321595219	-0.736706460732066	-0.865964032932468	0.0977518363071228	-0.80673808476494	-0.32264572194375	-0.912957302005131	0.061818687792714	-1.22061537094956	0.429409304557658	0.594961161708331	-1.5114463923398	1.09525383220159	-0.105595603271045	-0.31119277690169	-1.19042863074588	-0.21134022437236	0.103456098538343	1.34759907662297	-0.248333926769998	-0.841511503947972	-0.193775472713936	-1.84263133338713	-0.59222033301765	-0.314294779437696	0.640215394348649	2.06604789200222	1.88307313181912	0.170740326907838	-0.289094914364914	-1.62380550831589	-1.20954136342593	-0.582460396033018	-0.0197116181717378	-2.40214243445339	-2.48373500318468	-0.286817596570953	-0.584518113498844
0.357788903990822	0.445994748125638	1.88996262056145	0.425077839862285	1.29023979346791	-1.04565349392524	-0.950406079086691	0.544939956185548	-1.72795254962184	1.68489532784218	0.728719923749916	-1.15793383905707	0.150522620387668	-2.25329116759067	-1.54410014050209	-0.811001973388926	0.538651456930062	1.30251024168763	0.0163812300991018	0.187011543179287	1.08596981485019	-0.900575141175234	0.345298301803911	0.736506948126185	-0.160389923977637	-0.744194596270184	-0.716428004202391	1.11592061618218	-0.179503809202513	-2.94261503210432	2.50194939572926	0.854394131416904	0.328562926978406	-1.52245386617823	0.660689923506082	-1.25804359623086	1.08200199924084	0.165582222751255	1.32193540690914	1.60699279120846	-1.61894763597803	0.395664955241159	-2.14405338943281	0.428455227627642	-0.653250974954806	-2.11492926112278	1.14169140016174	-0.43678530651763	0.87900694810723	-1.09177022651688	-1.2835950788947	0.861238201795163	0.21024885585223	0.570769681660911	0.917703361964507	0.875271775752279	-0.836328562935439	-0.696062594232237	-0.263726948349032	-0.499369361349194	-0.823742987172974	0.0223673164626555	0.169538524192233	0.256418628023027	1.52757906874953	-1.6886551974594	-0.939656884217262	-0.46606322602933	-0.0510984417876887	-0.524120764370061	-0.0581700196781087	1.42985695989301	2.0697092960186	-0.879169525011665	2.18751619128588	0.87987600454086	1.36833118358759	1.64823903386486	-0.442821107448548	-1.11177161597191	1.99259783747568	-0.27664716698393	-0.645474982891427	0.0164641299194939	-1.31940136208682	1.43668743599293	0.838924462463675	1.61313630247718	1.30918035979768	0.0039697066385535
-0.841350241100761	0.0568729771939675	0.0916304178120906	-0.812797397255667	-1.49579207012811	0.222821369499873	0.933111016122674	-1.85047268433591	0.64274790211448	-0.715107295366969	0.634449820215735	0.594717220138251	-0.446351985473709	-0.724937274663884	1.02049864963368	-0.970418163056059	-0.491006416246014	-0.00306440739369341	-0.45088502296267	1.07076475273277	0.678992854224326	0.29168007875098	-0.514163407145433	1.48452876069396	-1.06689916506514	-0.542590620477077	0.135946402682884	-0.306641567096764	-2.14382528722734	0.266792846225343	0.901418436712786	-0.854395002941355	0.445216209210248	-1.16380254073036	0.111168860701898	0.722034820723076	0.158900675266493	-0.0314858697224267	1.48872736320292	1.09081336160101	-0.813413675474232	-1.43907105333628	0.710811297451602	-0.266661168670387	-0.210502780864336	0.311100021361936	-1.94712804481546	-0.637741353663918	-0.422806269216621	1.19863173067783	-0.497121497673231	1.621621801119	-0.867732256671296	-0.68662156159646	-1.69182022028433	-1.56919851371914	1.0695242244453	0.91621897412632	1.70458222954826	1.3547870195332	1.37006390504091	-0.625546287672953	-0.0242632962577628	1.20431484035917	-0.0474000253008123	-1.07733680849692	0.377876278221588	0.430752181772779	-0.560850058235075	0.431830997577463	-0.705660938846094	-0.51663628885415	1.85053740379814	-0.808927278000774	-0.567977322241762	0.372945330855846	-0.000732852492883482	-0.853130809034832	1.07851031958393	0.818835245112941	-0.345052968540867	-1.50946411662759	0.78122943333259	0.967609598280565	0.583794367196811	-0.649380987079028	0.19319220916889	0.494632040563459	1.29304264214428	0.0231871611841356
-1.81616081777627	0.290245323414466	-0.254052879108818	-0.51183543823746	0.952287565828215	1.41098891200716	0.0688218101811126	0.237772101977419	-1.08696458123466	1.49647848227257	1.84533146187725	1.90365571758948	-0.960609769773054	0.286412224700852	-0.881968095809317	-0.261840323291783	0.50480197451715	0.137165023778529	-0.26214188343735	-0.948173313838357	-1.06079134036589	0.582519126126624	-0.322058986083851	0.278277229190226	-1.53929087377182	1.09131326854699	-1.09551353781488	-0.545290869931462	0.154243036572342	1.41906006425131	1.27073689368788	1.41390403623095	-0.230236043582297	-1.34869251464912	-1.59968661589005	1.3304219204323	-1.32383083415422	-0.423204156305879	-0.335190305341168	1.28109375389015	-1.61121988183406	-0.293717415635314	0.765934191061764	1.38615393569001	1.00193033484521	0.198333300665455	-0.218503020454645	-0.165156150070992	-0.301576610069609	0.0372741776806095	-2.41690763274152	-0.94864210849542	0.492988692029486	2.26070812980013	0.464616466785134	0.202795011386348	-1.31392995120805	0.59168667720966	-0.897712411994922	-0.583697385608471	-0.00355657790515557	1.58572659585117	-1.3778592381318	-1.32819226384791	-1.17709353849064	-1.78604038278494	-0.315801452287046	0.0487490492635907	-0.129522117908229	-1.12060945057783	-1.01254227624315	0.00657470629480191	-0.574742678737869	-0.461488539327608	0.933097642358391	1.04520320063078	0.3550016431402	-0.655001158396396	9.85826090106474e-05	0.421894392962174	-0.262812853064253	-1.05324236828391	-0.821422331078045	0.887921314311585	1.23517009334531	0.808311610174388	0.859196440894493	0.251012397198364	-1.95802837251268	-0.377205644733621
-1.25433793231511	1.22860312126244	1.53827940221125	-1.10244183104706	0.301731620657846	0.769719787016719	1.02243838040667	0.906500315854533	-0.8269492699747	0.375817515788319	1.34301774829963	1.41185469045409	-0.491477668314787	0.354332247691248	-0.818035414139842	0.338149218297792	1.62192857734717	0.255740142352945	1.97598143603953	-1.92063111670793	-0.670166691661451	0.406699999062326	0.868865278474698	-1.11084127297463	-0.555698880234763	0.814258797073122	-1.4771868767158	-0.655884797819905	1.3700193043752	1.13353820272285	-0.427126317909282	0.459246543415876	0.948654085736045	-1.01761644843748	0.624501566264525	0.65391807466927	-0.644603379389927	0.753027135538863	-0.346416990716876	-0.443011061265749	-0.740198711091673	1.2387393561033	0.540495448062073	0.625338502255185	1.09907556036727	-0.0365807010029552	-1.34278139924564	0.865924965703042	0.113717389989702	0.393374279830567	-0.870066109228078	1.20440262485203	1.82439581108273	0.317324192953268	-0.799406038107407	0.728604505967239	0.397952011833128	1.53743274209505	0.492979228409334	1.82129812493308	0.366322661797786	-0.364988808631761	-1.30085164733641	-0.441324492416847	-0.189723696234958	-0.659701312060875	-0.381544629805585	-0.357355723573301	0.67799135890829	-0.22551394295285	-0.500074658794419	1.25327773608968	-0.445805320496861	-1.85248959825832	-0.989834324564716	-0.27488875769103	-1.16324688664964	0.0890530290344901	0.617611545980588	1.38281674067947	-0.837035973515754	-1.51479984429499	0.0756206195344451	-0.198644529429817	0.625831208797174	1.70213155425731	1.70955454003436	0.424910485672506	-1.40908736943235	-1.21117931182735
-0.647285025831495	-0.374711614350024	0.265754963000161	0.361397009042851	1.60270127120596	1.00409187908925	1.14336844970904	0.746266314332617	3.35910098252911	1.93351470832973	0.784258872469522	1.02382309554186	0.199463085911716	0.0736524521455771	3.34285053514448	-1.36115268261381	0.105142555635679	-0.371257826449724	1.5248451541353	1.69755231313217	-0.103398639946263	-0.261813585214587	-0.493057210992147	-0.137316391804343	-0.0537655652695069	0.413463903734215	2.00007861106019	-0.14577985413327	0.707828498666096	-1.36719900521782	0.496388619851864	-0.293476582509919	0.685849205695246	1.36647875328693	0.262005953904343	0.439193130592289	-0.821012087488711	0.368145966223204	0.880551916978384	0.925157300513204	0.391611574227139	1.77308144285901	-1.13534014629376	1.73240302000034	0.887129773900485	-0.268332032390896	0.191879453394676	2.12576057126603	0.431657111227692	1.3195531933559	-0.251094914011734	-0.76829564604898	-0.124386813729177	-0.178343279586375	1.33522158680627	0.170534932609096	2.24150702145485	0.607678353481302	0.535398630843604	-0.906470520409006	1.54376449807681	1.13237198884177	2.35228506900662	-0.458570225811663	-0.202770570883407	0.315628908253496	2.52239285664928	-0.280651373961385	0.604822225905647	0.369120560019525	0.865171770260757	0.129585635087806	0.282090544686013	-1.38683478074674	-0.906797444950116	-0.216570984253993	-0.562951067673298	1.07387990651919	0.171782687544798	-0.021570708989201	-0.437206193895548	-0.57231729846726	-0.379025732482562	0.723881864885443	0.765769526371237	0.771926209286471	-0.438638116855268	-0.825135997562982	-0.107372032353683	-0.479140089134187
1.02706462927997	-0.0397373600580346	-1.94519377323491	1.86593633713252	0.272407519316022	-0.614888315884493	0.865782520430525	1.02597883841704	-1.07283297721409	-0.300064264612651	0.983984059880784	1.75703666279914	0.931274586446979	-1.66584210753536	-0.606997715489172	0.367891069463951	0.250992441522047	0.56060105464577	-0.533527149211546	0.358333871829613	-0.0681374874402811	-1.90441069433537	0.339418585455657	0.519487680865973	1.4834084460528	0.675092062501629	0.52028713258806	1.04874569065473	-0.538966679357089	-0.0940232725350204	-0.975622485913093	1.04610069277465	0.490598129189516	-0.118959696188534	0.123618733227315	0.450734658770597	1.17375645103964	0.827210169692132	-0.631655761888179	-0.447556012874853	-0.29122243624695	-0.808469259406343	0.0739761838439869	-0.887278062801515	-0.880774129325774	-0.87369469717032	-1.42930587265379	0.771964845518834	-0.285183967858409	-1.99060033753802	0.108925799892473	0.128167127380865	1.11184905837716	-0.178475349328043	-0.349188512566025	-0.707814406241981	-1.37979529461181	0.243731524161062	-1.48138345546737	0.292436318560104	0.812768890151495	-0.348432775896463	0.172493367756017	1.17932493763634	0.547954872310016	-0.375980213816439	1.3831412709208	0.459686109358585	-0.266201806538047	-0.153467776244415	-0.507355789983184	-1.52283209186106	-0.100576056298426	0.815585423941242	-1.11998916868777	-1.13887515172667	0.472766178895991	0.762075865904224	1.73518713449344	1.64529041297903	-0.564032455123193	0.644756926970011	-0.481181807896803	-0.940944647185093	0.639952321375863	-1.33569947808799	1.21219735855476	-0.729139508567156	1.04033430977253	0.693551685874223
0.246193411167504	-1.40928453645631	1.0129072132029	-0.825818831684195	-1.75968696543865	0.85765800847554	-1.12139444257461	-0.467054660559238	-1.21814528430624	-2.02181067057668	-2.17205415038328	-2.14215424622384	0.0141568626680932	-0.924922155254528	-0.0871243214752853	-0.953532434932731	-0.00315764830851537	-0.373362125505965	-3.06002369610368	0.891229664101779	-0.500953501667753	-0.136498715365941	-1.02044912352681	0.818961469044263	1.17590118110247	-1.61610188773051	0.0256349481398831	-1.07232694175884	0.881774026437079	1.26922905847653	-0.195855410520803	-0.726676184850662	1.16721623840801	-0.656777481273866	1.34391177776314	1.37421854046327	-0.548454352222792	-0.477279610922923	-1.3156220119616	-0.815441924438223	-1.13388242330278	-3.04707086851653	0.39155177163665	-2.31120331136618	-0.651872396684004	-0.752149198607301	-1.86435524204847	1.0695254598127	0.866457095562495	-0.907652037672217	1.25490827825824	-0.116305767593543	0.410982825350771	1.50904066232528	-1.52251588042528	0.447052648572551	-0.640349631020896	0.155986720232014	-0.557221920531112	0.561112745794978	-0.255728232438213	2.16014321621256	1.42607005162888	0.123007651696832	-0.706876359800359	1.32338612060155	0.0179268064181411	1.54560681357999	0.645251426608629	-1.33667589467889	-1.72786688180394	0.70464800674478	-1.07044376575642	0.0635993995141677	0.611994469014979	0.370827658266078	0.155569292739817	-2.04397903647385	-1.64310578621845	-2.23524299324775	-0.018212166621404	-1.24208015341051	1.6092904214887	-0.388627338577092	-1.32005323926126	1.15016776094793	1.00783550621877	0.52828207896836	0.392482473548205	0.753223106890671
-0.871758768554685	0.802993067419869	0.650254450788144	0.81400915004927	0.132093805810393	-0.255463935022732	0.221527203264893	-1.67632953561747	-1.08775763604695	0.518123910059754	0.253236882115691	1.01497143843087	-0.265999870260521	1.12713494656139	-2.2957562541952	1.23781864767872	-0.158226465743495	-0.598707334559981	-0.952303561343524	0.331069069397333	1.31076980160008	0.225408438943874	0.607728955601361	0.792425469590244	-0.164792667861465	1.61926655489287	1.22090183069638	1.05003085522713	-1.31758142218563	-1.40464185860888	1.1512358725419	0.278087481360365	2.06483266216707	0.145376028548876	-0.409586272599189	-0.00834636963676244	-0.511948384641963	-0.0441433770053809	-0.851016312776866	-0.014875155979803	0.909417553153112	-0.319415402611064	-2.05889884774896	-0.488750323840787	-1.06923679682446	-1.46908297609083	-0.963487624603557	-1.72480225347121	0.763149141940281	-0.573243640167017	-1.77148890828761	-0.39998699368659	1.81861166445625	0.339853896710773	-1.1467011668727	0.378293924353465	0.196535136013557	0.930947288571543	1.5449650496226	-0.0783762929953282	0.232837004866143	0.14617673552161	1.25445134179171	-1.34084954751549	0.834194798310911	-1.53777958119712	0.685447798294797	-0.860518526438291	-0.474021788970285	-0.985324034693973	-0.391864915008366	-0.301418376612503	-0.186183515629383	0.834006917310073	1.11053576949026	0.0494463035832386	0.771288041610929	-0.108566057277069	-0.768579295733085	-0.197496398741039	0.60948033268077	0.278705374281398	-1.82532458628591	0.533581943807013	0.438948103934062	-1.64410785821671	-1.71773975604492	-1.9663272261995	-0.279823577266853	-0.268205435206509
-0.591468484289856	-0.613469488135781	0.0750613372721683	-0.85721219631949	-0.226540325325319	-0.197404656657973	-0.477433209721401	0.0686458478586933	-0.792467126490521	0.542083925925647	-0.709345163255875	-0.495677249771809	-1.26029762860418	1.23157565664437	-0.102509182483313	-1.48386718862883	-1.69863417314811	0.23957819462788	0.649613686354894	-0.434047322153165	-0.242470557274767	1.17758877645393	-0.849888344640083	-1.31297297412476	1.15424821589638	-2.79943650948254	-2.00484046950175	-0.778544367264078	0.781393880120529	0.759572501123647	-1.25864981549624	0.950677907464286	0.351441829590109	0.0722884788467447	-1.52525828480567	-0.836893583088456	-0.893013241207236	0.128189312396326	-0.339275825847305	-1.74298676808825	0.0906016431377256	0.735288145165016	0.673175630751812	-1.07392485582507	-0.450837986549523	-0.221224905887258	-0.809288451387954	2.00598199149031	-0.920716614107637	0.858621809974855	1.85801128678221	-0.338448713065758	-0.370099470391435	-1.72527766277332	-0.639293818318587	-1.43930965852833	-0.25546945241139	0.221715882873176	-0.101042440736192	0.72950101968448	0.639864622783004	-1.12618069856944	0.346591680905028	-0.463299929869076	-0.468516997870572	2.07739586602602	-1.56078100441418	1.34876793661237	-1.18707484911717	-1.26643089799299	-0.829085790343127	-0.235869535548498	-1.44241276952226	0.234259729314003	-1.04507521247048	0.430509975928845	-0.654219903803165	-0.592518192185351	-0.688161928018865	-1.3863574665756	-1.17812811582234	1.04051093000907	0.359136894027026	-0.552008519171078	0.859951402768801	0.491831711737721	0.142143433028846	0.144089783453018	-1.30649759234957	-0.100876737430602
-1.17066130310672	0.520097291349304	2.26594426240464	0.208812850558986	1.23508887137739	0.947807315733112	-0.504644032236623	-0.459388536024192	-0.0861499976483552	-0.490394358387657	0.159678141748504	0.153498175378583	1.37093372573348	-1.63373778205198	-0.992801642535161	-1.42088726902925	0.793376893462765	-1.10790905169819	-0.375801074520784	-0.502643097536619	-1.34770393687949	-1.64533770294335	-0.559018000793838	-0.00801250915442559	1.09460635505364	-1.03356887948324	0.256898334541625	0.225798029754754	0.46931988814139	1.7829680426272	-1.68657313868416	-0.201376206480202	1.10010971778175	-0.619756724880681	1.54548181515699	0.294044817810873	-1.08466984953884	-1.44608246782016	-1.26809789555091	-0.331768304404719	0.106213124409779	-0.366700009342109	2.0143523062746	0.828752800561562	1.23306421199663	1.41520390352934	0.927157215604073	-0.0735066603667171	0.15497460418768	-0.978472510481152	-0.224029332760114	-0.162012858792869	2.13463650190065	-0.60644411002772	1.53388395428993	2.69370292509305	0.572394357106819	-0.0470548223883795	0.613726391293343	0.694025233209898	-0.540875570775578	-0.914187911715653	-0.307352747778438	0.0268644634883533	-0.886758355091564	0.0461101551751947	0.106982050705982	1.57260072320712	2.32764599320904	0.361253016193782	0.229897432592131	2.62506547969572	-1.02721762911705	-0.630701737701373	-0.658904693119149	0.0215444912647468	0.260646536137291	0.555536605590112	0.163420892952398	-0.281318963155499	-0.484849386965544	-1.66854066176221	0.848251212715185	0.520537504702122	0.588088282549339	-0.0194509879424665	-0.0592696909500067	0.833030034935251	-0.104904572795894	-1.01330138382898
0.399520762706802	-0.842926944650133	-0.238283076331124	-0.74450169574477	0.266991994280428	-0.710348560537697	-0.510915019792732	0.401280027294464	-1.30925180969969	-1.91025406482477	-2.52149980134851	-2.27195544656358	0.371014636333261	0.223820396511675	-1.52652320696527	-1.54431969394408	-1.27668489051539	-2.30395106372094	-0.248440937395419	-0.0621848666428736	-0.472460447599512	0.0844721784592282	0.0318247097864545	0.443806861345727	-1.61064088693425	-2.55250306868393	-1.83014962329966	0.263085095796886	-1.03824843277225	-0.649571111377267	-0.134185500687553	-1.88248050419688	-0.157992434882204	0.176225908262922	0.111511643314352	1.51700212941966	-2.16877516530982	-1.88281693130048	-0.362401648567436	0.350358466349211	-0.103060166996475	-1.2298953301328	-0.353559882686257	-1.75812939073666	-1.53119761853025	-1.71326512015865	-0.228126369357075	0.6260425894124	0.934697074588014	0.516479146125052	0.22748120478386	0.547978572996339	-0.401488274904738	0.132947712644564	-0.0832711634157185	0.849440676333903	0.0281936545777631	1.58116193991906	0.201858300465624	1.49688421335884	0.607794903545982	-0.0920072503884943	-0.36198840200102	0.853701645386076	-0.737496949494496	-0.73408599827701	-0.124846697552626	-1.18840203429412	0.178053771765118	0.839544850374603	-0.319727599395525	-0.152782445961009	-1.00664471793426	0.168372078294586	0.414300405602616	-0.309423103979748	-0.740850688340672	-0.174571186136169	-0.221433303414847	-1.75205253578403	-0.120272376324546	1.09202726052082	0.761181918396408	1.37663073245681	0.419287272614968	-0.250739225921888	0.28488311067542	-0.980493775114159	0.120190320323956	0.268752547684773
0.759835788413023	2.12980117198218	-0.762677600882911	2.67168258194218	-0.50435262412466	0.106654556370018	0.0748031913912038	-0.516173936918868	0.235052700926256	-1.14580734603432	-0.493794333916576	-0.539816300824034	-0.686249460511787	1.05323633456575	-0.574299541067681	-0.427030580361713	2.10755359060256	1.51261518026605	-0.0781278932033957	0.677457692956269	0.18609855237069	0.831228813206788	0.535904438496249	-0.934844487666148	0.0776920391419188	-0.452120750194654	0.0130116317857035	2.27033440740577	1.16113195604355	-0.233376396213196	-0.985852370605812	1.18468898923056	1.0632178707898	-0.584022569503035	1.14756307664466	0.185805352290945	2.33029734886509	0.619760015430336	0.601953352982157	-1.90871226202422	-0.528779845646193	-0.774316731762584	-0.636326395148152	0.162476872936649	0.318452849535705	0.900861790423871	0.48886184572627	0.775865306716631	-0.30789040244668	0.482322573626623	1.24615017780198	-0.456528268468372	2.16877068137555	-1.91928711522362	-0.0214275058466956	-1.33886827695047	-1.05574342201443	0.364870279802943	-0.776104598735757	-2.14792634351631	-0.166854443756722	-1.67065913441992	-0.715963611203555	1.42309858004097	-0.774343717888333	1.6330455943651	0.178094810160687	-0.75203933653827	0.319850834055766	-0.518539877347635	-1.1282394541491	-1.02158766060898	1.10746321240186	-0.725029566776467	0.0695797670540214	-1.64442163079778	-1.08336659992933	-1.05414810782924	-0.268379814787409	-0.719203500888187	-0.437825710067246	0.925721080699073	1.74794767824043	1.18565769547725	-0.135738473347072	1.72861398825741	0.8849206425564	0.792287033726086	1.21714366715094	1.4305549451048
-0.478224466350969	2.69649920797706	1.72381130869115	0.685175664240006	-1.64940066344424	1.13068224752902	1.32032189034068	-0.397389183500048	-0.626703389928993	0.209204984023846	0.973590698665344	0.914593720011108	-0.0115565278255131	1.00071991516594	-0.557194373532588	1.37416397741118	2.78941006447586	-0.885366252737481	0.737776358120654	-0.883288648955882	-0.229451556128697	2.9496428015564	1.65923682459988	0.0540941578995748	-0.14032835899101	1.21924356975023	0.417272264737954	-0.124657287631566	0.174927935751171	-0.959137661378349	-0.268500415848487	0.111341860522271	0.861437368267488	2.25794500424157	-1.19144354143662	0.0951520205698875	-0.757372610857976	0.034062327828254	-1.41029588792418	-0.0223968030656229	0.154184496214344	0.981032312360904	0.704147355938294	-1.04503786629702	-2.30973434526076	-2.08294484552646	-1.14533809976702	0.395145007068553	1.28112128819723	-0.858197684783343	0.422531155213099	0.309854090304075	1.70916625329445	-0.318427345908691	-1.31716278144055	-1.05999130496662	0.628236637454328	0.28433359818559	0.090788979579834	1.55513778085546	0.191742188392723	-0.936381659126881	-0.310761159956246	0.304861721823501	-0.651210383435964	0.246255904414904	1.12316360850494	1.38624744615369	-1.33422645905519	1.28714093578057	1.45663851881027	1.15751682026662	2.33861904151077	-0.538285534407256	0.256163112836365	0.294666889607868	0.447986758038312	1.43009010895556	0.955349221764804	1.66350753872887	0.0582041362098623	-0.384734766066024	0.0411150130530032	0.0405534468871547	1.00291864315706	1.57175879222723	2.03540097172832	1.81150343166943	-0.157925718857965	0.168626109648233
-0.905641862277639	-0.00654814148523756	0.714418705445785	0.629307945518598	0.677858556891133	-0.030530409340471	-0.870687185845404	0.329086427227805	-0.103344623888732	0.231048149664484	-1.56214025090517	-0.535013009889495	-0.721007212840252	-0.363258082427568	0.426710349760626	0.406225842599887	0.740442962414924	1.44138745418505	-0.542086712675993	-1.05577535089618	-0.767933255623101	0.394577028102757	0.988454126942293	-0.964006575568719	-0.698644524727371	0.257708850690247	0.354037283705415	-0.485044349465701	0.092755907545487	0.0186467841553191	-1.24072088500114	1.38233298216191	0.655585674144581	0.234480591429684	-0.0520875134480186	-0.555528779149621	0.5815717967626	2.30596321524171	0.497714475593474	0.239434587203575	-1.18302790743572	-0.362280301594922	-0.45632841486675	-0.0634476404597308	0.339664465149631	0.452690175041923	1.26237412661266	-0.960995986760063	-0.292210615003552	0.66956687865524	-1.0376596353386	0.773219775310268	0.721599907594345	-0.87983741275635	0.317701646480603	-0.250619254570763	0.226021843400837	0.940955254034613	0.221918230905948	-0.774373014863596	-0.175214403167419	0.128828113674248	-0.24912569799172	-1.04552858036719	0.816849626985881	-0.884943319506915	-0.312495995206768	-1.3967478528172	-0.468326887416444	-1.93790097253565	-1.53945653516105	-0.333445606126417	-0.583918841930654	0.700831988634794	-2.36901931304248	-1.5442372122062	-0.869433149488302	-1.29648418796577	0.294934683023188	-0.384635037744956	-0.542927926639468	0.182811719953901	-0.461857936019007	0.0388769979976047	-0.561601606511616	0.162729878911921	0.578763039185953	0.553281218537604	-2.58412810979803	-0.797473131829776
-0.108115031069927	-0.328016496243262	-0.925019173120379	0.0883168037210167	0.859408798479688	-0.0822642785234627	-0.893680263426818	1.43140516191014	0.511455567852517	0.388106929080622	-0.243100703512906	-1.65167550984369	0.261978629645114	0.57660791865088	0.446659048322073	-0.764363549491766	2.10122608441453	-0.186317923743069	-0.512077948902868	-0.254759490058566	0.393992567085079	0.634250385870573	-0.0565763381111216	0.988270619880107	-1.15671826083262	-1.75436526134686	-0.543210969815162	-0.262788148504701	2.07125450083602	1.64091109513704	-0.211341898121604	0.092423274048022	-0.0961646504384287	0.430919857474271	1.34334460119339	-0.454690638347127	-0.369233030040657	0.10573258589678	0.0939092682960358	0.694367201078823	-0.588055689301601	0.0410850732427447	1.38563531078409	-0.760506988699252	-0.340349494217803	0.962876159847609	1.04208634110201	-0.4313021412645	-1.58962163264254	-0.17370547876553	0.320314481872263	-0.532419336927175	0.908246650628617	-0.251787481548236	0.835483026134868	1.00237894166538	-0.0854623327928684	-0.561051491043778	0.130784526174586	-0.425934681129644	0.306240286671919	-0.63730477278641	-0.196016778723873	0.218802732810633	0.56324966092863	0.20522468922274	-0.987105936059467	-0.643362814287073	1.26222422896125	-0.267219896944995	0.215381762393967	-0.649258848726839	-0.252369876127344	-0.892754694794388	-1.64978839843758	0.952561048322688	1.57728263993507	0.0766993085714047	-0.59324790386953	-0.674794933324034	-1.23631679473745	-0.871023247781698	-1.37077464637404	-0.916725725271806	-1.68411916118515	1.21437471153916	-0.108557555525613	0.281570001132443	0.304079143031086	-0.245437930858393
1.16535201438921	-0.484007849958571	-0.449243135685367	-0.29432522601373	-0.16043247063007	-0.383179414376463	-0.646631015647898	-0.870745150380536	-1.52975627467371	0.25014056872133	0.0888789273876163	-0.632261451593091	1.09932998407419	0.833536469376603	-0.0197486562054397	-0.266611083305086	-1.38190732852981	-0.166914377089647	-0.568302393296415	-0.236025248782631	-0.985912419642768	1.55591206168043	0.218458928486392	-0.293689334485053	0.397101184985551	-0.0258216722563514	0.18681551159758	1.18872504816905	-1.52152863553067	0.212249224495127	1.30781957147768	-0.559423831590453	-1.05628918421016	0.347888586369848	0.242654956490442	-0.153742794156606	0.332109702713965	-0.733668515247132	0.594909630802874	0.548236818706548	-1.31330486360093	-0.525225484770576	0.819965867672265	-0.241936689638193	-0.933142659806997	-0.131107466844574	-0.445217978952262	-1.65573906934319	2.847520018199	-0.938916933755045	0.163814456006273	1.15778503346997	-0.789233700610215	0.319217962445875	-0.662481069661516	1.64833398002328	-0.317899761140989	0.560788260172156	-0.546347182523194	0.529482717149617	-1.03963611745162	0.529874065792351	-0.792611968781041	-0.726474354376098	0.928001604784601	-0.649879081452657	-0.21384552892203	0.650504906845555	-0.0379255670473828	0.99993466489997	0.751758149698093	-0.0830776578125653	-2.02308269266717	0.0913392397522912	1.22972417721235	-0.783344227956902	-1.11601897624039	0.967052077708875	0.203255676543453	-0.167197777914399	1.81672493956453	0.03371909525158	-0.679763560042032	0.339638379853379	-1.11220138515539	-1.30254669353164	-0.449379963293784	-0.164574002966929	0.00631930582073053	0.379674291565221
-0.94135750125762	0.728759019310803	0.594893382673753	-1.43190852553711	-0.457104938649902	1.76302948044628	0.125038854382262	-0.808470782183354	-0.974444172171863	-1.21749238457292	-0.82855171564146	0.496094594951015	-0.558221156591956	0.845200965346185	-0.409058949715869	-1.33603108633356	0.620979981637756	2.00727332607742	0.8144419201303	0.0862063121999371	-1.25435609814534	1.58065261321907	-1.61657287871691	-0.344462921521565	0.628292111518196	0.948781856745622	-0.233422954402384	-1.11897090423311	-0.766599491638445	-0.193527586850209	0.811827261894619	0.937122120720901	-0.046445805468878	-1.14938395076461	-0.777928429802262	1.52823508944717	1.47733803111884	0.176954246045476	0.516986415402767	0.785991193863899	-0.779294719294337	0.381250439645977	0.404290705921328	-0.450691385573126	-0.608040313035203	-0.973593042611444	-2.84711200836965	0.568473726889035	-0.524787525907986	-0.710903835192255	-0.0496270981287973	0.894378655504979	-0.345899789284705	0.336550784338109	-1.61867365360382	-0.772369953796382	-0.552516590190344	-1.33227847638029	0.260453917181076	-0.384376215739128	0.703613472045963	1.1413830345991	0.944857416982372	-1.09945180798128	0.0104507066580866	-0.362348096989952	0.799824954905706	0.958930845816588	-1.34670422936034	0.556210124130011	0.204133852147741	0.311164694147057	0.356694499359697	-0.834488641086974	0.768237757599173	-1.44436050631895	-0.903617611962909	-0.363323890161079	0.616012511328915	0.286975264797478	0.156334838576602	-0.73712493735527	-0.907148340973462	-0.964474335142181	-0.225399182047312	0.576661725724339	1.53159197860373	0.472618673706615	-0.417757787213104	-1.49824170723011
-1.21183476297469	-1.48444829628467	1.5920289608944	-1.99776121409054	-2.04714729341184	-0.639397959044709	0.0326492060667628	-0.259338781195336	-1.21834823243179	-0.403057430588721	-0.398073499245685	1.02953767182631	0.174158796202427	0.407341154278166	-1.70933810629947	0.924014674577302	-0.687931466935804	-0.391496569727295	0.814637986670471	-0.780918306063049	0.620517687887695	-0.698674854045559	0.999818573090416	1.30969951134366	-0.611081408770064	0.0499093242293436	0.767994203046669	-1.43408669493942	0.328550404156295	-0.21163333930321	0.316531131906327	-0.320680309610348	-0.63942260099853	0.472711772572445	-1.65728561353946	-0.842798375067515	-1.55480209985875	-0.586990969328128	0.0480146290237787	-0.616099565775061	1.16305609717628	0.589218006961554	-0.150398049307846	-1.50309501290578	-1.32054187112595	-1.30437911796432	-0.785302545952572	-1.41727558169959	0.186987301659749	0.481744081215452	-0.786045768826599	-0.297517036713264	-0.946121075469231	-0.0558128351218883	-1.00334116726391	-0.130816405515136	-0.718377942150663	0.119013048929417	-0.642481532039492	0.203070004433192	1.15516798021113	-1.02913899210215	-0.717550192077532	-0.596832362437337	-0.661191653991712	-0.374734757247433	-0.361429658269915	0.519005848717366	-0.662494142811916	1.28035553079066	1.00717165335732	1.42472728324589	-0.266986371950422	0.858504011535644	-0.51101752589559	0.629028244436129	0.278463054066606	0.822886046010763	1.77505328503867	1.42089097396906	-1.27986427694365	0.174200028455642	1.8901941300738	0.705014758397197	0.124913479271667	-0.599973930543829	-0.250575639313729	1.41683839278459	-0.468412472873478	-1.05161146692654
-0.749455571115454	-1.76178349918628	0.707095735240458	0.145868812494283	-0.764505339004894	0.663387592082551	1.05049402806359	-0.174279848057155	-0.725039500668732	-1.17322668183215	-0.818733607632962	1.36321001303265	2.65504614793484	-0.422529825786077	-0.489675791053276	0.116115973507547	-0.881735169383159	1.73969384055462	-0.0866506389006171	-0.730788881344886	-0.641026021506253	-0.0159799441470977	-0.21598755999442	1.49523335315147	0.0839165199396758	0.144719595684171	1.74669464029401	-0.465016574544695	0.704155468802503	-2.63448839820075	2.20140042175516	2.26854158820891	-0.472230465831748	-0.694438060050027	0.747434288401064	0.0324814775496545	0.0523998446065725	1.3562575827372	-1.82600978742098	2.91670522468872	0.204409222922456	-0.378974408230928	-1.8206371223132	-0.996437505145979	-1.90091949272916	-1.44787640716714	-0.0635675188524183	0.0885648253730947	1.75002343123057	-0.487174331656715	-0.662837645682252	-1.11008165897337	-1.43824716170765	0.880602556546656	-0.196644751606821	2.53919967086251	-0.0339424167549922	-1.47825227131234	0.934046212500563	-0.670569606453233	1.51123906510302	0.430021818424251	-0.795818035339893	1.12006023786387	1.65201223290483	-0.0816457518080065	0.803463364797586	-0.0601093479114995	1.94450177793123	-1.0824562913413	-1.20038600373597	1.06612241320212	-1.51832391214371	0.389632653381509	0.337960614845491	-1.51846543379887	-0.309364317639147	-2.03135515323398	1.30739878965608	1.62065767183726	1.75291697781779	-0.34359733976857	0.135124333616385	-0.451011067164567	1.61117331913693	0.897255554726997	0.0233340624695581	1.86419789194142	-1.23834538214884	0.386519606924919
-0.379734669802331	-1.48506823228212	-0.522482018684813	-1.66489110891056	0.13961992222508	-0.712448257170416	0.309196531091178	-0.323898286736359	0.384209625351169	-1.4914759409097	-0.78306341247108	-0.166738513957846	-1.41419964351613	-1.15693142337357	0.484968909821084	1.01967256252715	-1.98874244729578	2.22559217118329	-0.226104457722593	0.0232825956799401	-0.424201980853753	-1.50917524979266	0.294641196346553	-0.893072707062027	-0.53407131735342	-0.416276294926489	0.989820936302175	-1.36519548831437	-0.256894093964539	-0.18791740491333	0.479595430547912	2.05125815824223	-0.618615111890423	-0.424783088973477	0.583332682351916	-0.821042448588909	-0.415490866883322	0.342199876482748	-0.204248307681768	-0.694529510264041	0.0178443180015981	-0.471549024342674	0.0845590657009932	-1.17141255051933	-0.978633426684646	0.78786977776078	0.604479142307876	-0.448784293083178	-0.496896195347103	0.226287951553977	0.303546723891894	0.572791113819609	-1.54663684591012	0.191532056330439	0.180686371327395	0.010340347455016	1.51559114702274	-0.155292081745358	0.98510404618771	0.125342836025137	-0.174995264707836	0.0865970611066354	0.27361883594588	-0.494103783946201	-0.0953465704367055	0.182100790896413	0.679364357858585	-1.25099043713713	-0.470480948812736	1.32260879046055	0.806654777163531	-0.670783900675961	-0.877391584778648	0.843499421706227	0.643670842098527	-3.15918844960965	-2.73957481525219	-1.58164774837002	0.304392547615315	0.803737684830613	-0.58792482851517	-0.161316685791631	0.812162398187916	0.151995594298576	-1.5739920037386	-0.235186197910509	-0.646255213675348	-0.550759724660653	0.890909436641916	-1.39839130736303
-0.129430043147656	-1.6167172070419	-1.28060801744542	-1.33943387972754	0.738849178338945	-1.75354540592037	0.616238758095004	-1.05675203264699	-1.12976323988808	-0.122127402799488	-0.367876665101962	0.797256266501345	0.682487453728885	-0.910658306444648	-0.909166554537257	-0.941483477382499	-1.61092773125493	-0.119459054751365	-0.194717960560502	0.49059427588234	-0.619467073012667	-1.99521280696628	-1.85701651660258	0.486540031700048	1.78889679732887	-0.41486949078269	-1.11654304691655	-1.33328228546435	-1.04466295174391	-0.225950542880541	0.275577227393732	-0.284270989267123	-0.624513691915196	-0.137026793998273	-0.441090339755321	-0.803913266161597	-1.44791670014051	-0.637961944669513	0.794556778498853	1.46850962371419	1.42404471740692	-0.176982284117666	0.278703656094747	0.291987847635857	0.244881711205976	0.92405116644421	0.0922617962624295	0.191945335269386	0.721592723551017	0.720867089557023	0.965007409791208	-0.451673077570126	-0.620316577079478	1.1468268868991	0.384050502804672	-0.476895374998953	-0.871981165669291	-1.18319516064902	-0.391801209587227	-0.867832025561764	1.22436604053367	1.30831187376826	0.639076833200932	1.35269873283146	-0.911268464797973	0.888785659356166	-0.915390866442109	0.32526652649971	-0.405794121480455	2.09519166577796	1.71059697291754	-0.936465562855887	-1.34683121018623	0.146963553460792	0.0763069250593518	0.051820512386737	-0.428212049609747	0.930856377283291	2.28561300833319	2.01056591688691	0.345363886514419	-0.091959061671954	-1.38320848103199	-1.4351642425419	0.883819692576509	-0.59484494957174	-1.79271239960819	-2.60481123652433	0.160515432903609	-0.36867954819236
1.03960289878228	-0.199435254866733	-0.730100416566789	-0.306525896100099	-0.72714101135312	-0.245376184004116	0.829116436663803	-0.505406543155496	-0.106287966547122	-0.0888399782012777	-0.11705400414629	1.00598559572078	-0.778641137104887	-1.10947439967808	0.364149736794401	0.679080228775532	-0.576794178110355	-2.07838331343673	-0.584436897821562	0.592757356742395	0.609709549924177	-0.567873746951819	-0.0286395726533821	0.383587239946052	0.190054203883162	0.472382234720785	0.454742409817795	0.143058546452774	-0.0603709372648204	0.395541992043613	-0.81707057534882	-1.27413980610282	-0.870274767758334	-0.462585030404608	0.0946893907201388	-0.545209521601215	-1.70405673896555	-0.775134640976501	-1.33844549183107	-0.0632754350586706	0.750868906377387	-0.659011473651666	0.0538174636631555	0.329595907078746	0.378981630743511	0.786616005909679	0.0725227458847922	-0.950518754214213	-1.19486358656848	0.500934105434685	0.364753042159355	-0.57361873731625	-1.00705336681396	2.53177467387653	-1.37810284924165	-1.54029355343191	-0.478232620023153	1.16853612015422	-0.176310887466572	-0.485430713648783	1.05797060243833	1.99406970924497	1.44796229520151	1.50032586460732	0.584289819043356	-0.0634322492393342	-0.438217663783029	-0.852763478780281	-0.98687770910755	-1.22566569583197	-1.20848926902833	-1.73104101264517	0.293371084644151	0.808610106440764	-1.57093083955105	1.08353200002595	0.930983928925722	-1.21058679056622	0.545239684682685	0.52383439275361	-0.281066486876937	1.33533149900032	-0.946142153273868	0.407937483189239	0.758187748551173	0.715364159957571	-0.938735875719835	-0.729743057435171	0.567356779525963	1.87396409418042
-0.849983492675965	-1.56622552185561	-2.55629298919095	1.76836686621497	-0.393564811620846	-0.899858280232521	-0.0247739538835879	-0.40690628722321	-1.34988739274566	1.76374577970186	0.890981153840647	-0.752003349287602	-0.575567891369557	-0.898876410258466	-0.739147644208481	0.0101473297640149	-0.182079493425562	-1.17698066734322	0.0518502870124456	1.48934220036176	0.355783484825042	-0.498136759477132	0.183914170753969	-1.66718938481189	0.432394368625072	-0.941073621547217	-1.00712702119139	0.910276314578576	0.126900995033949	0.761603308610237	-0.474543863520996	-1.63538206338628	0.382104366016704	1.06606307255338	-0.104430129239256	-0.99141203681297	1.84072671176598	0.75024281575233	1.03809034486441	-0.887981201138998	-0.799479353911137	1.10474486950821	-0.314486850465667	0.762464349504292	1.47901951974436	1.254260914346	-0.0398733354872325	-1.1232632424227	-1.6910158994008	0.702081617939014	-0.253114119226024	-0.237921810572442	0.465997595047919	2.00054443546847	0.572973990156386	-1.13785927184086	0.166285240387041	-0.0637803235859827	0.0919476576900082	0.516352324331434	-0.443603946768146	1.55892307165041	1.56069594595188	0.0538600679968114	0.937094894547059	-0.0206753457181425	-1.93986625082726	0.435241958060238	0.0160959963208168	-0.212995387962253	0.867456255738327	-0.924590340915285	-1.61473660473938	-0.0631944310143406	0.232524523302233	-1.04438222820986	0.730532430957583	2.38353996979914	-0.393800578098279	-0.473551027991087	-0.897892995042731	-1.38106697551526	0.62600476663264	-0.155640357221029	-0.980952104048338	0.319426536381695	-1.09369584850633	0.53676303449936	2.68963603806883	-2.23124955981939
-1.43727834704522	-0.225840573918738	-1.47180164726581	-1.70872048842643	-2.60847009655076	-0.0766647619009596	-1.12165216393652	-0.241456360569121	0.457761974334682	0.0141790504985684	-1.4864262110584	0.136891627777561	0.82459257132317	1.4047057471659	0.441207686921508	-0.856351480601291	-0.523034926662893	-0.745890256464265	0.620900930469891	-0.934413856224368	0.619511435101919	0.534858199739784	0.0456739826927114	-0.0175168198328713	-1.26998619847521	0.979109237164575	0.332264285838921	-1.75906524854021	-0.792124873082597	-0.0485917796112275	-0.403036832535239	0.467603853638764	0.622943443633239	1.34705390281991	0.1327645053956	0.316064046195025	-1.74124935349849	-0.55727320573809	-1.50648491393274	-0.731304797521439	-0.357293735494635	1.06642098717979	-1.2116630686348	-0.18311663622615	0.20915532230713	0.528260325423823	-0.72110799460535	-0.306655886485821	0.51006967675563	0.643722071000125	0.470996413665977	-1.8347804051972	0.703295127770892	-0.355156695114875	-1.47056217774018	-0.177241736325643	0.363178208275926	0.694731784095121	-0.181433607123826	-1.90480103669214	-0.481999810967853	-0.423113210477563	-1.46774532874556	-0.881027481885513	0.601937196550497	0.193371841451771	0.193820466900672	-1.90237571461313	0.745121445569304	1.1353230377934	1.50521546774603	-0.938744145003523	-1.33798837585	-1.44327914323608	-0.156357194254812	1.01024690262004	1.40590611285376	1.34042973769937	0.0349226081516193	0.316666885998624	0.325132305133349	-1.27374505002257	0.60459162298553	1.73428877809051	-0.744139322042755	-1.56636420489667	-0.7213544881187	-1.12041488855482	-1.23823741195322	-0.792753817798675
-1.22971209804516	-0.688166985856732	-0.50865924818806	0.795737978856098	0.000597976903676494	-0.90641967946119	-1.20288576236796	-1.16844133253751	-0.358077249912065	1.21692812026465	0.860722068536733	0.585043602019115	1.3653319661842	0.519551438115243	-0.504448089133256	1.14019049614403	0.46585080676679	0.497143624166064	0.621791317056881	-0.0997077694523095	-0.387421398479126	0.0521399540766459	0.835424114128373	1.93204477691806	-1.21996134321672	0.559327683271662	0.49256721064203	0.288202265030864	-1.09360408290223	-2.59639084825676	1.00665216194555	0.622569096877539	2.50905153225786	-0.0104952783451214	-0.527468115164111	-0.583935382872264	0.347117836222548	0.750338769593953	-0.249429842935673	0.958473989609488	-0.113791570976873	1.34507910023733	-1.79526365654939	-0.885669253307023	-1.87020452615547	-1.23457823471724	-0.908362536631843	-1.3697925336259	1.78341173981477	-0.920367491002147	0.65801159133264	0.352890870598849	2.12100018004639	0.869271648721412	-0.616411575297009	1.4255670172121	0.435353134701899	-0.0597252681253538	0.565322441061406	0.411243376622386	-0.035630806188199	0.889052844717531	1.49586612304459	-0.870848160142751	-0.150058026260612	-0.301055233044493	-0.572290507492991	-0.781539853706564	0.109824886827115	-0.828114472404375	0.153338642136013	-0.409898455078884	-0.756220952170282	1.54411376654866	0.898574569649578	0.408159486465834	0.207234963936286	0.478891732941226	-0.0772364837561225	-0.106499291288262	1.04103640493115	-0.429934092400813	0.495402113551798	0.640085709821848	-1.28778482247972	-0.430258306556937	-0.863151919063225	1.0674431856171	-0.960605332755714	-0.436949385830339
1.82376138418573	1.48272403198853	1.94214221740094	2.07808986561583	-0.679620971867981	0.00894842563861165	1.0259033079052	2.68006004775417	-0.651970534751131	-0.80975628656882	-0.157856449083102	0.304437249468438	0.748786104796764	0.347274285230807	0.00520349016337342	0.309271085490568	0.29884037616849	1.41080948275192	1.13795154421142	0.068869263184085	-1.35790132649957	1.33807352281987	0.769476034288851	0.736582937419644	0.942293144401928	-0.389167212259624	-0.377573191194025	1.5921289855059	2.01578574697076	0.984149490584053	0.520431807999418	1.30743853123982	0.272866596858062	-1.07374790420046	0.370047158994082	-0.757422177128844	2.22201722035712	1.14739335880621	-1.24230021135889	0.397231027168085	-1.00085630242444	0.894124824494097	1.23606973576668	-0.565860461761571	-0.204147881235353	-0.259289455093094	-0.680187644781062	1.59613953657679	1.11869621792996	-1.44294541311842	-0.481397707094953	0.180993690361625	0.0346170223757262	-1.65836013425485	-1.14592556576169	0.108951923149449	-0.138680702397352	0.0311806969860238	0.297741840505443	-0.1300554835583	-0.0230072181027219	-0.905083019667596	-0.760191086418866	0.181152908719945	-0.0873322452661992	0.294986962816086	0.00693930142839882	1.41948188522157	-0.620837645974091	1.36713991881333	1.12796972684208	0.919589648543986	1.1697552426201	0.142024093703428	0.487129244172406	-0.361623814347255	0.048180044258128	0.483321418827635	-0.0645606946134967	0.086061785830033	0.850895178306428	2.1640702704143	0.25450030263255	0.330664740853259	0.370168876649437	0.579461374412837	0.196207561127778	0.450430449045547	-0.0586451912672514	0.768613067961956
-0.454809561376313	-0.359232802337006	0.0237434029816817	0.983779233046903	-0.344720497525453	0.368398571623408	1.46649522466069	-1.06925875161952	-0.201805183709602	1.37653367665969	1.40348171485594	0.537237758176768	-0.228044215236261	-0.831424624811915	-0.881158074258884	0.0677455336787527	0.185859339381065	0.487888667079555	1.32356356595518	-1.29666457015374	-0.482917663247533	-1.14093760347216	-0.422768560407452	-0.689202692906574	0.412199908990523	0.794141287136626	-0.785317831076439	0.669583780307651	-0.680627901575923	0.424828770165456	0.310875008218364	0.849545427769403	1.29652157493186	-0.632508107627675	-0.3077987491	0.296960638832135	0.826708187567181	1.18788504142803	0.106457926256151	0.267983175553785	-0.730762617531282	1.35807835483979	0.675696061281861	0.42892949386625	0.463979286420513	1.19122622399074	0.437649022856458	0.593679522608042	-0.618543300579994	-0.136417257666839	0.483764284985059	0.387663678599869	0.800717315775356	1.39516731512519	0.299614253168751	0.189669503696184	1.10345099518059	1.20768677549491	1.06917522763031	0.320909701606412	1.54458736238607	0.773287438592877	-0.635773124765357	-1.44450913653479	0.119662566517499	1.06503865024114	-0.249357229439096	-0.0222403066572274	-0.233518145579961	1.93075883107829	1.9058711478628	0.277637308073526	0.313636228272968	-0.385893680373668	-0.0549539695021192	-1.57232050051985	-1.20626696266507	1.56840994403722	0.0417399602550837	0.600740393233182	0.107771304504876	-0.608437315350021	1.28828592949987	1.04273976536717	-0.398893596620725	-1.47529466767854	0.831923159712924	0.69368403196482	-0.769693571146525	-1.27815339161547
1.15960636163936	1.55957187685236	-1.67159633926242	0.384330253852169	0.463627486602462	0.295742869714819	-0.941079799042573	-0.776255428265084	2.3952589455819	-2.14588126620984	-0.182167010250255	0.566756009012812	-0.522604868867697	0.274902672446383	1.59330831245906	-2.07493471118045	0.295773105918155	0.138829008252397	0.543828766452362	2.44192977603741	0.113310930409706	0.166834532760289	-2.60056388599223	-0.222488339657409	1.33617054410339	0.677305859930638	0.208175607196085	0.342145282282626	-0.836831056497882	0.169751870438384	-0.0403365022652055	-0.385983079558043	0.377950143260727	-1.42627002343817	0.371676609916946	-0.154540113084909	0.949269640042653	-0.303991291826172	-1.11746059997843	0.310897251692612	-1.72889106437297	-0.409693387019211	0.331198375119621	-0.664607863856608	0.311934106983288	-0.136244109098926	-1.28322806481217	-0.919353131377392	0.438030078926354	-0.838180039004301	-0.407014279347827	-0.510999686172399	1.17838852748352	-0.0325086224360884	-1.81332771188435	-0.979999139297502	1.03487231852293	-0.441216710438822	0.659992689755656	-0.147193829456157	-0.429511644948263	0.477540592154093	1.77026645742712	0.804755294015393	-0.161339241479801	-0.109888447910317	-0.104897043281748	0.764558716828698	-0.466921020875237	0.828419721210248	-0.137226421167747	-2.3371897231594	0.457626591070862	-1.52373598236032	-0.112132180661563	0.00389167402895857	-0.844931597602489	-1.56495353462876	1.08367421065316	1.31656211253773	0.786963129818557	0.923658992256503	0.528444345496588	-1.14394198112576	-1.47311986908216	-1.13897845903132	-0.696164202877065	-0.871909693863393	1.804089790122	1.34335546523486
0.0192604236881169	0.456457756919466	-0.678442158680049	2.11572408524226	0.468815684241821	0.560881330889208	-0.966772986390621	-0.00117321974911535	-0.537871025165697	0.627222790635313	1.69484578026686	0.721623005915766	-1.12057752004163	0.976592974624815	0.300798669211722	1.52360847277461	0.716585971913526	-0.238295345243429	1.19861306352022	-0.718005451891941	0.0491897154198765	1.42542513216706	1.31239424556936	-0.428047543294911	0.491299906283332	-1.12414127865891	1.7169591084118	1.43438939121156	-0.548466332890035	2.86539600505699	-1.16022780958755	0.432070759054541	0.96305562913687	0.327225385996964	0.655312764770139	1.725407527889	1.60114311952213	-0.0623103361048064	-1.13010042371807	-1.10860363420895	0.477897178104399	1.38054145031677	1.42265538243468	0.452204564153655	1.41626124686718	2.5403325875855	-0.273343298576433	0.176645939356391	-0.789315052867103	-1.39736655606021	-0.212275739407684	-0.602437021496368	0.0357549540322232	-0.211386399724713	-0.521767806784605	-0.286639715215677	-0.972634479745002	-0.165655227907795	-2.06449332077119	0.273918298834287	-0.915092868346193	0.167653977430273	0.138850090781286	-0.153329303540577	-1.56250416031887	-0.815268772278048	1.99601049123631	1.8508702944603	0.664180699262028	0.805271210652151	1.09334026720744	-0.759584346538891	0.431371789931657	1.27306163724544	-1.05105020230448	-0.793067682660443	-1.75717803861279	1.0206296634879	0.276418515995049	0.750286046739896	-1.63617963893523	0.884690278698823	-0.315815860082624	0.0808902660391907	-0.48137066198029	0.539788653798036	0.00867764655540162	0.018307184259358	-1.43425221940446	-0.334745529985884
-1.04300299669405	-0.923119308514914	-0.736520138063495	-0.0218601630987155	-1.52410280888155	1.04536744792463	-1.93573167365778	-1.12909224515989	-2.31318698101616	0.0127627116833359	-0.454047896011339	-0.454496230254126	-0.329457145598492	-2.33623005699119	-0.194886366902208	0.00741227591390842	0.258198708176537	0.181005493280124	2.41491862481173	1.00300710564946	-0.973293755370892	-1.02687672303492	0.554242769005132	-1.07925263929814	0.406251970132898	-1.27140301949293	0.447203016192408	0.565268748172707	-0.722030052343038	-0.59580620664894	0.755845291016307	1.07926754273157	0.579515169831287	-0.706881543953014	-0.380265688972402	1.39011391204607	-1.21286857180638	-0.297767320927586	-0.872209334828082	1.31772384391104	-1.07167191474428	1.59688682306379	-0.761898325935483	1.09127583024495	1.35318853989623	0.476754340384632	-1.89811658776729	-0.6855263078895	-0.56756348705111	-0.530296094685817	-0.855290417456891	-0.0341849324310009	0.281487957833447	-0.925553260644169	-1.37488430388523	-0.814954004472512	-1.83809317305117	-0.00721106171421687	-2.60471684364565	1.18905263456055	-1.22913954627339	0.52417206257599	0.834926242027213	-0.852474251693628	-0.299346481385932	-0.17866364615815	0.31935474476664	-0.559517259844638	0.779238409308721	-1.37685136294323	-1.44093083787163	0.0335682818437414	0.215914535459611	0.786060930241971	-0.0188680443431743	0.399883454301548	0.00640241358836699	0.146647186015478	0.128270396154951	-0.553729347770052	0.488299579572948	-0.018729467339713	-0.181851715931484	-0.762396432385482	-0.07724321624864	-1.69422785940311	-0.73392645068654	-1.49107338671656	-0.895760251442224	-1.47053363483599
0.822933923012984	1.11657279765036	-0.313317635778502	-0.120732250710246	-0.103032516967793	0.224099494093469	-1.14014452681694	0.580871059404432	-0.682690937517147	0.762862132507001	0.163607029842266	-1.0543893151542	0.437810610571617	-1.17652908728674	-0.257487723925516	-2.23034787517135	0.629928059804514	0.835773493526057	-0.153475814628853	-1.05409757737105	0.0751189934592777	-0.577245397227992	-3.0852060194864	0.375314777436207	0.764776158518872	0.558198257200183	0.865748565083354	0.155665566184398	-0.194217398906523	-0.115155232218133	-0.303378779508766	-0.11053670487259	0.281086565395177	-0.762993658719116	-1.50640699236448	0.617520349802062	1.13303987005391	0.995055535291087	1.9457897502406	0.278394319608196	-1.0119519595258	-0.22789853549439	0.479167717425391	-0.386648329423774	-0.211947398887668	0.320924687101408	0.0943596621311223	0.180591081874985	-1.38049009720894	1.19431376164179	0.865626336284679	0.851957983038759	1.01179644935227	-1.74233951530322	0.783300789831258	0.655517435391004	-1.61823293297865	1.8188214478209	-1.46316133415799	-1.06778030876895	-1.07251255480916	-1.59748274913731	-1.93902926898979	-1.23411350609022	0.53655098981855	-0.268275285588266	0.534371974035162	-0.0148806981326983	-0.181619808842561	-1.44414148421254	-1.29973487105256	0.230952576434054	1.00488044738265	-1.75204923887603	0.438598184344499	-0.318153180950233	0.857862756904453	-0.224622447841215	-1.33430290479237	-1.22099308989906	-0.485956451359633	0.35164343258607	1.67396580988955	1.61130105845892	0.543985804758665	0.795188313056685	0.506842724570692	0.282900308626197	-1.65609942822891	1.26853140677425
-1.06619510268645	-0.378931675879527	-1.8921780858144	0.787752170713112	-0.270441806587208	-0.14415209996015	-1.64018668090935	1.46340519211879	-1.38784741489316	1.35762470779726	-0.23230691243575	0.577028698622684	0.928600396665904	-0.0672129121041035	-1.3654691385656	0.0175353909596572	1.24277645114872	-0.843281146123376	-0.42478415455586	-0.707150787491671	-0.475775189597722	-0.389801343437382	0.25589007541639	-0.662746368079955	0.723459158111653	0.0493142334201336	-2.02976581467734	-0.0418777589853306	1.89924685848608	0.125820380903616	0.25800495765827	-0.426258422942005	2.1733563593584	-0.0969005809010216	1.19001118338347	0.398986754812954	0.570545825587797	0.0546579605326657	0.368750334539071	0.651730106675896	0.176056512555516	-0.0178376040432482	-0.713733845429581	-1.00694983774584	0.22847645001805	0.500131467628987	0.771489132195017	1.04898667631082	-0.0499245305035388	1.06076981509836	0.240837708570391	-0.208635248218483	1.62540446981717	0.117509875797946	1.13212718029794	-0.187394517535759	-1.31895173090427	0.564531142750431	-1.26221141273028	-0.723260701595829	-1.23468216532951	-0.172590371271913	-0.543373803567881	1.29919837245931	-0.195131080472167	0.39156855680281	-1.05829144066011	-0.296786198198077	1.38367628333244	0.119330310831686	0.409874844775574	-0.56255639173028	0.101099474963171	1.1857374457821	0.647385704794354	-0.511911496551852	-0.00170859003857417	-0.7650067726754	0.648627141422854	-0.299464672881194	0.741985976562516	-0.524220068370493	0.865997040044524	1.45080746311616	-1.45770649764307	1.3132341611522	0.418787485858322	-0.19550710191544	0.265553219282747	-1.53915879589665
1.362701281866	-1.00536667583189	-0.733239715486727	0.944653021997479	-0.854039553156649	0.103123111329078	-1.12490255966405	-0.242194972451069	-0.0279793965624686	-1.54351425282342	-1.13447865992832	0.0211977845848309	-0.646793267803553	-0.075724355770612	-1.38256428601671	0.580572567603871	-0.559209973189045	-0.463757445329853	0.9494389721676	-0.132310158275024	-0.340676592493777	-0.602274847591252	0.984780741767817	-2.29469906848876	-0.248676897240378	0.853803914757203	2.20755335523601	0.672030883636367	-0.392271200982483	-0.356157098079537	-1.04091390632011	-0.815110027597975	-0.693676761144903	-0.97922558238682	-1.50467077087866	0.497684516330497	0.45178974799793	-1.12060008035623	-1.91226098558082	-1.2511291897825	-0.64718138094636	0.720206962284782	-0.849499690889421	0.652908474347885	0.629513049068153	0.959748451085801	1.78025561273806	0.516159524772471	-0.146631189140406	-2.09756306273048	0.538235135637002	-1.13714810301946	-0.566898743770841	0.143119808877983	0.706242070600812	-1.86961035636935	-0.109577712951016	-1.33132869105345	0.79559893407463	-1.76065064759813	-1.98600589740891	-0.413195593558787	0.238160843795727	-0.453345957133051	-0.117933906427444	-0.000149076431881317	2.52889377664234	-0.843090394534191	-1.03572420595661	-1.42731616121307	-1.20896234680657	-0.622249472381142	-0.900699858824876	0.409523705568717	0.280003068434223	0.18314739937791	-0.673979694278045	-0.58475046010416	0.336489262404236	0.0540842345568032	1.09808850564663	1.40077259234343	-0.863912557990815	-0.811832723350478	0.612235560389829	0.0160182473133328	0.435037889034658	-0.711837369388295	0.0339444846894103	1.38789286595744
0.150106145084192	0.0279306285060874	-0.197593164167955	1.11690368495403	1.84288002026907	2.2394940942512	0.767395301475799	0.0859043573677346	-1.16220550314409	-0.474804024100487	0.876359513662523	0.30823318684607	-0.775533790933868	-0.223541325256644	-1.21903029959409	1.08686771595977	1.40440883180929	-1.56708180916753	-0.564391006409671	0.520808483038294	0.981056251649026	-0.304408897142215	1.60103480083725	1.03341971593833	-0.195473791326897	0.514583334078271	0.0869736538894152	1.30056738404224	0.783180880877675	0.0527358003037921	-1.07334467520179	-1.65015331265131	0.692410529728246	-0.080459759317167	-0.895850811701879	2.32334950137146	-0.315574300394842	-1.19681679029447	0.455144034598453	-1.75531029625972	-0.152616873839628	-1.44041586802385	0.556810193949542	0.329077857036978	-0.151725608825795	0.731636178046867	1.41395312254324	1.47352244038877	0.787491476947755	0.112632024108447	0.827514535965858	-0.608334115319354	0.964606514801826	0.370327473156019	0.983638363482654	0.294997584515916	-0.70311506131674	-0.176231086091604	-0.728497496265092	0.361716093386334	0.814413841418633	0.299001817619335	0.762138867701302	-0.186145365568015	-0.153894352270111	1.03001345311212	1.2912182618415	-0.00518575272633827	-0.797860955357876	0.857043225279602	-0.267340888331643	-0.91220176726724	-0.174014704654988	0.938941237009615	-1.82778669304274	1.18378452350188	0.149891564333211	-0.0602953252656485	-1.90892711047455	-1.65700137239489	-2.10689884865682	-0.111637376202985	0.984613192397509	-0.0317504035222011	1.65657603947164	0.939763045268595	2.45644552460913	1.45664819601897	-0.290769829426716	1.32510790789809
-0.215770236892185	0.238455068105477	-1.1985504745213	1.72500381919401	-0.670740137777996	-0.837613728229781	0.00239627325590791	0.777544709443196	-0.584585243111374	-0.151466260438169	0.297281468711728	0.854939538303491	-0.967387056253836	-1.30048045724194	0.782008251420489	0.198682342831274	0.279237657578152	1.25805318474343	0.450079002901471	1.12702346213489	-1.25084166392171	-0.467209549056039	0.511499326208547	-2.33286679846145	-0.207994211571949	0.531029286933917	-0.937032606801686	2.68558584888293	0.319838693140166	0.0312982656644031	0.0205230157588088	1.60826140737902	-0.288264372748712	-0.191342798095046	-0.539330682534652	1.40521115471734	0.973183031020572	0.708163230057738	-0.255553487326704	0.0919228795481982	-1.56014910801716	-0.28627510145875	0.134560036565965	-0.727083181837507	-0.986602098679024	-1.08534029855078	-0.568195444730877	-0.0804124309199827	-0.300384627989445	0.217909176656625	-0.94251341873845	0.205431779367518	0.233820390564105	0.405444709310579	-0.382119307661824	0.0452727750018355	1.28619636339513	-0.748115680688041	0.633153265854139	0.781921433640423	0.31176568658824	0.810475357516167	-0.528786826385202	-0.0622539398917362	-0.239391846178801	-1.41969055658907	0.235506934859632	0.56793108575036	0.39420464167046	1.63969261434632	0.727637044129733	-0.284748423833859	-0.421111591011223	-0.765116038370252	-0.0810085307624322	-0.826325827668753	-1.20501508324534	-0.308263552443393	2.28191870566928	2.20255051296926	-0.535464428112258	0.347973209389716	-1.19294717480507	-0.744447032380936	-0.359203288939645	0.681067817495684	-0.309065888305463	-1.19365949629913	0.418488013731384	-1.04988084065051
0.954846467707519	-0.930899583691824	-0.641571309558354	1.24912678424036	-0.887644121083521	-0.742240972212444	-0.58065807491091	1.04024337560829	0.522538267734397	0.88585086109106	1.02310817703225	0.824780288752041	-1.74429638225506	0.217141767607745	0.134659461076231	0.0983855821184189	-0.223009496254923	1.18593449176408	-1.25261083906581	-0.676075610641053	-0.782093820711637	0.0286691967626894	1.26401300357877	-1.7305968524642	0.700069506358911	1.12239058640095	-0.814159957783317	0.707095479536639	0.45928557788889	-0.889268019247905	-1.32400759183981	1.04682801478406	-1.02640601045101	0.71932740617937	-0.6414836646038	-0.790931502851318	0.928517385315229	0.64607186933137	0.846663757097617	-0.940232011692827	1.32281877424843	-0.556619172043872	-1.46358055914808	0.232219352084472	0.323037495718751	-0.696022512757099	-0.522126502744441	-1.12762053166925	-0.386820601898704	-0.313157354317541	0.0642765253056464	-0.628904906671417	-1.05789587088408	-1.20366325175871	-1.51775474243977	-1.33623853435276	0.866853409679521	-1.43882941151955	0.750128499260174	-1.02302073410925	0.802991049309055	-1.49901354119502	-1.39841322175925	1.45101806731357	-0.265985223656098	-0.352800169752649	-1.67714082924415	0.0421591170691145	-0.554220196063418	0.206619384346322	0.593987549803479	-1.38258649318561	-1.70883783346907	-0.901383447801395	-0.501958310741434	-0.117512131983552	-0.732317678621804	0.47640959917149	-0.847916030727386	-0.624150501916292	-0.789557341521417	2.14818957628643	-0.787494858864645	-1.37142350541801	-0.599520286104907	0.341432355708259	-0.719025751454207	0.239293349289474	-1.08198527763247	2.32112921061909
1.57483553838659	1.12380164214405	-1.1673414826802	0.758901287841088	-0.471377438602903	2.06858281707667	1.28225322842878	2.24895694120501	0.49507294054796	0.337625304732414	1.47318913577715	0.351018860485777	0.0274214221782513	-0.534134797592633	0.277184312055168	1.33725112436414	0.847053312304193	1.23386472648349	1.08140980315913	0.103856810318068	1.04565635669543	-0.628552383229019	0.0715900014787022	1.22281302000247	0.855280134672091	0.417461999941949	-0.652415538109548	0.862509857315914	1.25255944011551	-0.506382772440525	1.33228187844072	1.41373592861733	0.00196797657841938	1.05393159896492	0.0315760825454776	1.97079433150396	1.14026511257817	0.587846513787719	-0.12058662041067	0.487502291404222	1.36147166320517	1.57229184253997	0.117056285457578	-1.19555703126227	-1.15843862753652	-1.58551583343556	-2.11444717083533	1.41503487342998	0.512027944622353	-0.304748636532045	-0.11680790721527	0.783426123411443	0.200999881901933	0.374406335603131	-1.87343142159339	-1.31250324131597	0.646381142483014	-0.00925597532934569	-0.40160824654924	0.845798059908924	0.319281855542464	-0.213734511093912	-0.197812584587609	1.24478338199184	1.77957891769531	0.636907911323763	1.01563751768557	0.61563221739076	-1.64652621570639	-0.747898361134263	0.0870266444502898	-1.68426828518379	1.57505619455123	0.65104064626226	0.348085769768063	-0.839462329507704	0.571143208409048	0.926385344698437	-0.78625854010143	0.288487931965809	0.663537786154514	1.21326025108666	-1.54146344090786	-1.228494476097	-0.613136315336495	-0.704624189812666	1.15258419478746	-1.12434729238233	1.64462975660018	-0.143628159777074
-0.810038501761261	-0.274249687707931	-0.290128309806852	0.843169238793122	-0.591226181844524	-0.285224977018618	-0.845862096565436	-1.97858070457457	1.3667977438914	-1.15543972126475	-1.44122529682052	-1.6097428288778	-0.222432646535544	1.815928444028	0.215624425425468	0.400105354753417	-1.04106269259257	0.665092423719524	-0.517817473486163	2.26393873492702	0.322124870117501	0.658880329472692	0.163990260823764	-0.417927923590654	0.304321301232087	-0.648524809564207	-0.642625316467817	-0.131451109772526	-2.03901547614461	0.292566279628292	-1.19690195887339	0.152498299995372	0.689451443235592	0.765722369696321	-1.37417730617244	-0.272020690814912	1.60912741483112	0.89513720423568	0.934821542878896	-2.04760064845015	1.65364520609237	-0.0792065723113143	-0.447935950359207	1.70073278463348	2.02197272227965	1.37312928848424	-1.36571691359797	-1.08642569030729	-0.949110502953302	0.924880477204164	-0.0252585431032517	-0.134242622539099	-0.244017444397237	0.450903787140111	-1.76785790051409	-1.14635796095213	0.976290416892885	-0.266904132863797	1.477777515574	-0.138979355743811	-0.39808848997969	0.641516224512712	1.49295004449917	-0.0199898003575176	-0.275038454214248	-0.0503729244756906	-0.473408471937898	-0.103783227749547	-1.18195044391133	0.236923505049949	0.518943014397865	-0.67936856420194	-0.367898348706731	0.573585580334382	0.1097740829463	0.89447832044282	0.555330331867385	-0.726973848797396	-1.33570727716857	-1.10278627598741	-0.620338908662863	-1.10340049064971	-0.417832069055531	-1.15774358431866	-0.1947516164614	-1.58251889243536	-0.0279895485075171	-0.583883212040631	1.50709401424214	0.575794286948886
-0.0534897174354934	-0.246803284229612	0.0180058301244754	0.28511497457537	1.25810211054289	0.766873730986785	0.358666133769252	0.782954746455868	-0.400780689039452	1.46615067867721	0.992925060872535	1.67046268304994	-1.1044904634772	0.679363258342568	-0.448425390261882	1.63680895664507	-0.39629910089335	-1.78935223326916	1.15800442245546	0.745357238413581	0.480059662272351	0.763103672874151	2.01484229313721	-0.673700925410048	1.07447897615931	-0.667280649312007	1.29023508985833	-0.197160254491894	1.53058837785776	0.1435190333768	0.0861464135377059	-1.95418319738612	-1.29846219925354	0.0329277614874082	-0.232347743448822	-0.857194177663871	-0.080690019678414	0.485918854568763	-0.353355761812037	-0.0274281922110526	0.279587416121632	1.08679217930934	-0.0460052635390195	-0.56612531664289	-0.316364502334282	0.402627180575575	-0.392525819899867	2.30938820375034	-1.37771357599107	-0.21902200314044	3.66677948411247	-0.172398833502982	-1.4403539920033	0.812803582502051	0.573399240152215	0.475821070246318	-1.38478680600033	1.03761618919416	-0.766024137290048	-1.1093526938267	1.50312476942552	-0.190981715437486	0.15538206490613	1.50751247947546	0.786516959481802	3.88899891770353	1.01827321377366	1.04625284764037	0.19721020024138	0.163457245031112	0.305534148015599	0.426705234957591	0.0798704952186999	0.710499524135784	0.136831836929758	0.0139659979656247	-0.0527256307078648	0.508909672026079	1.21025110279473	0.862513600998408	-0.136274352147804	-1.36447784889231	0.447632407838419	1.63066040576676	0.507242939473431	1.23868685620521	-0.0820654410769031	0.623981036803103	1.74999304012068	1.38083374737228
-2.58376916479042	0.406412976345049	-0.564416405173419	0.683854992913633	0.492848332197854	0.705622432896788	-1.9721339195713	-0.569462919016601	-0.500820019543316	-1.13016245384117	-1.50932263187249	-1.36132416856133	1.14259521996181	-2.2727690748052	0.0798855522077888	0.128153781035157	1.20856231471959	-1.68595582051653	-0.266356629067453	-0.340298701773517	-0.584553995489525	-1.14618038900425	0.131411245245373	-0.150228653384247	1.14238822914376	-1.01937189992832	0.257760847349747	-0.196648527941817	-0.333530246279822	0.674212749771934	-0.56129421465453	-0.780466714454275	1.11802508462802	-0.740477521622735	1.25988568032475	0.153138376388071	-0.843839735853701	-1.55767048124364	-2.45023802601444	-1.18740026296199	-0.919413048503708	0.0307954051831994	1.71543427259315	0.148956580144629	0.38246174837094	0.809495553421524	0.00186194531891793	-0.114410096129815	-0.919048242471473	-1.36527911149296	-0.816050722431049	-1.53938498798587	1.80588660712991	-0.0933853448300266	0.754044644968668	0.498854646474319	0.769133905814936	0.252686439037724	0.757814769056551	-1.1672499450291	-1.00029412193192	-0.850310684148055	-1.43792763333085	-0.902715129692427	-0.703819576535083	-0.79984784869202	0.012611335948022	0.933916986005117	1.7491165967274	0.305521529113903	0.489072793112529	0.265362940025968	-0.137929480794716	0.998064839153579	-0.555918817232728	-0.828648816957338	1.3612294808186	-0.757578727880064	-0.589589220884249	-0.857208790884619	-1.70173559823114	-1.75232484119656	1.5769105666784	0.749427298450246	-2.20088937203783	0.248260147111731	0.595140645880781	0.9696629435478	0.674079228923263	-3.19385346031671
0.875287046413566	-0.772970065717412	0.421859747120209	-1.04894592776459	0.816663222058318	1.2675341878351	-0.204131136768988	-0.101360470808508	-0.299481348739553	1.99903157854724	0.846662033360122	0.0504520766767142	0.143743562827298	-0.397663781764353	0.00282418804858014	1.31478593784728	-1.69685113036147	-2.22939554409628	0.602891062029716	1.27602966050504	-1.49852200895677	-1.39927072865092	0.508895856312133	0.196581997512242	-0.0290234788089532	1.17415902635707	0.0994828390088135	0.0871677685545972	-0.114866042590568	1.33480386267663	-1.49696836175223	-1.50880621712212	0.484053125771256	-1.43385230180299	1.49532512711899	0.642631907905609	-2.08879986769072	-1.41920970452875	0.558632677129901	-1.14153749028186	-1.3218602695153	1.35008809761236	0.533780481239088	-0.816939114459178	0.329635206402672	0.626419963284184	1.50438266677266	-0.301024697556573	0.79440501378785	1.67433439514586	0.381243211489083	-0.094379151460869	0.326767682104083	-1.62181150196585	0.573441108788547	1.31065987222615	0.609766796045542	1.23918112559487	0.676758567379397	1.21260974168025	-1.15259247460327	-0.623837713602418	0.0187602741703363	0.962421782499119	-2.06885389553352	0.0389051104894447	0.524269235123428	-0.819156630291147	0.629454448865667	0.286515579842388	1.09512909350284	-0.284704199278962	-0.577826570630067	0.737212578925463	0.285673549172996	0.356523993556529	-1.26251721655954	1.62237252289274	-0.927429418330592	-0.799866358293814	0.350319099146145	1.51354087708328	-0.23027173245979	-0.198792999804269	0.373279534349896	-0.265249184862556	1.72611711748304	0.375432981496827	0.731756131943909	0.507680371161999
1.70746060238956	-1.64957028300358	0.0323711472018337	-0.446788557130517	1.39735017311483	0.0870864926462429	2.4367541459587	0.802054677211439	1.75171544829546	-1.18538200991899	-0.524800649571218	-0.489140970761216	-1.32629483875544	0.116982808720865	1.24314335404944	-0.29438174435311	-1.47243579258332	0.210680719050943	-0.0924716857177823	-1.62874894859583	0.805128955252251	-0.406816165417388	0.2174086497156	-0.273674173852966	-1.3429926526957	-0.704652047406768	0.414000915675581	-1.28610772041474	0.794244727775942	-1.44786600649771	-0.0905479050161357	0.273506817760335	-1.24445158451726	0.0437175696675092	1.12247655417033	-0.256473395523464	-0.444182276712348	-0.479583196319745	0.576779082592719	-0.0791519767233972	-0.179313986079695	-0.408181523005839	-1.08866166944206	0.367300532363416	-0.409265634353444	-1.06105248135555	0.488663611482686	1.45401937664317	-0.45025959511868	0.341209029699595	0.770594089976408	-0.269132992754004	-1.82245133941626	1.31860787644189	0.549995973701848	0.197283483598598	0.0620946439808524	-0.346262450046074	-0.321843730977939	-0.195128997863687	1.98775276832976	0.222859784964367	-0.335950195599709	0.777730662947308	0.652408334180972	0.550104447427505	0.294088904276798	-1.22960009388299	-0.519526239048284	1.38958749439138	0.820853276046475	-0.88762444463918	-1.29177438982711	-0.847079124563549	-1.29905508969767	-0.288556008330274	-0.197265146526103	0.19422958040939	-0.697668934743113	-0.446999547764511	-1.17048480706073	1.04969926585025	0.470871897310745	0.187780308139296	1.91626880690242	0.872956408412605	0.676841934078146	0.518845528655912	-0.119647871093723	1.28514762397049
-1.22379160340763	-0.754193525366894	1.61262007527665	-0.856105820038633	-1.58817778242252	-0.175813768772421	0.0333832643169409	0.287879273558671	0.786493143000626	0.803010869489274	-0.401152604801391	0.446789844571149	0.456580424193437	0.782191801901118	1.19096661008165	0.596640085098609	-0.989214174208288	1.06569567155849	-1.66521667083397	-0.00181680641699606	-0.189273951329507	0.623074277132562	0.213491442571278	0.35739799806899	0.537483134021663	0.638756442496717	-0.00513474873866254	-1.45773879174477	0.357296655580485	-1.14995343428754	-0.835128615288987	0.843013687521882	0.487428099945133	0.526523584620452	0.0692655411757577	-0.155118974747418	-0.0102865420209212	2.09122639992798	2.67878035159503	-2.28061115714745	-1.67929423268555	-1.04352714353302	-1.30364967674005	1.10457860888172	0.942176557931283	-1.03336834971639	-0.442102096423158	1.46819020928261	1.20651314897004	2.36047196673023	0.525191877747243	2.27531468684863	-0.648948311768596	-0.0659848254488201	-1.26010324480746	-0.0393083369948402	2.19139899865896	0.680735269447793	1.5422889145666	1.92318505664083	-0.0951720836050322	-0.560125095873202	0.437795327529558	0.156710737023587	-1.033978998934	0.155879843162332	0.516702186529216	0.284168131521194	-0.279424913866054	0.845933697199372	0.964500126602938	1.05390620043125	-0.688475074057734	0.882036799428895	1.49693603441046	0.312243070581384	0.642804227451359	0.371175892117038	0.335569802576864	0.135877472067268	-0.0423567764662203	-1.36529079416612	-1.5348982405956	-0.344821877306548	1.1355704583221	1.31361819062181	-0.222175962406401	-0.966821424351128	0.689137582872861	-0.989239880843986
0.0954325387922194	0.676024001305156	0.608103346999563	0.0864070476888102	0.413792017461839	0.0913391621228571	-0.291636459309739	-0.941079312141427	0.256202342831183	1.04966173831168	0.400368342501494	0.216931399169935	-1.56533914533799	0.637392601549948	1.18022140159797	0.0422237774005465	1.04294954743798	1.27075712386546	0.324063168128206	-0.315992147524135	-0.434906353412631	1.15714307153684	-0.13148351306156	-1.10497012529725	1.25756285398769	0.42995653677754	-1.28355592538771	0.747879452454149	-0.608608169801176	-0.505637019288203	1.02507683865329	2.07791273651041	1.3824291144967	-1.77201114818506	-0.595688364222726	0.546849240627137	-1.1382609430569	-0.903346284248469	-0.250560629082723	0.434765696557594	-2.58504610789093	1.00435031097166	1.75722604698224	-0.288111647957528	-1.11048766482067	-0.764691214023079	0.451285944343478	-0.410447002329969	-0.818833145342813	-0.514473868869061	1.34055169272435	0.20290074742694	1.25524722031626	-0.900539949607024	-0.616373991017388	-1.20598939195157	0.0629631596264022	-0.555415434381441	0.296555042393061	0.0390723363964678	-0.00187586863932874	-0.882375054587736	-1.04518193175385	-0.364153395205506	0.741942774618179	1.02349982396378	0.16751678039182	1.19818950633866	-1.85458701073375	1.47804071998479	1.9575408760859	-0.750048705656553	-0.632639545860552	-0.0221490111634528	0.97930190240204	-0.73751122370829	-0.756729515084464	2.40668862851632	0.666094107866741	0.518080197280621	0.778611467255769	-0.648881545385997	0.234083357407339	-0.10575853950841	0.458676804457134	-1.56169481604437	1.07582293101052	-0.143159956428093	-0.102026151085616	-0.216519560482958
0.453388727610061	-1.42064579516268	-0.862283377551101	-0.518737514818474	1.17086445564914	-0.269809636421149	0.300942846974269	0.173426499067844	-0.33427615260383	0.508047089025036	0.520651032652561	0.898735660185511	-0.942304145522214	-0.38945919583822	-0.531050334387737	-0.280842775075221	-0.184050345883744	-0.931514568419912	-1.91810562842338	0.605808361392366	0.909616481121316	-0.770535574574736	-0.39901887946476	0.364698930267349	-0.4271381317312	0.646771082794195	0.981923665877182	-0.535264867060144	-0.266424142760164	1.72389693543747	1.66488044569079	-0.233178167737695	-0.759759786931479	0.994305987602944	0.18194162852854	0.551729662720872	-1.24984560817386	-0.977790308469915	-0.486315174328038	0.959744037527328	0.550478121596892	-1.9424881044858	1.24679977346132	0.639996645023499	-0.0157166453985052	0.114877220490581	0.27619933867389	-0.657374873658042	0.611718608696589	0.256391153505948	-0.379681610927819	-0.98785061763255	-0.405001528306211	0.55736447257346	0.335757656429007	-1.30933578189901	-0.638174771702135	0.788178273736543	-0.514058067585832	-1.1255089168406	0.696583404940841	0.279405739119635	0.309903066800093	1.12159370751778	0.311489182838789	-1.23688129076455	0.656993232419796	1.23960188640971	-0.825297837703883	-1.59379670503548	-1.74042369054876	-1.34772617172303	-1.59765980312541	-0.227907992866474	1.19167981985212	0.289175340311374	1.42167385635113	-1.03118309964702	-0.159216654998785	-0.112859796535071	0.152826416654182	1.19404243092079	0.171513513238592	1.72676444003687	0.0561132403682335	1.49370716860385	-0.602169598393295	-0.496213460814211	1.17062627219256	-0.39089528784282
-0.838683666190976	1.25530035716766	0.0419394667215372	-1.23797749421251	2.39956071030798	0.138018336257961	0.583989483804594	-0.240870468696408	0.124315871268097	-0.194944474856762	-0.37914481077601	0.136491446307041	0.769376784338849	-1.73843824641422	1.46930873344109	-1.34651729653346	1.20654157132063	1.07944933454691	-1.03340515608915	0.374500355759847	-0.317128279101901	-0.214048673883147	-0.99141419702175	0.155673750823684	0.318399580526769	-0.653076161740887	0.0821514140752393	-1.47552877296892	1.53370941708728	0.0119506056863573	-0.0394841039944091	1.10356847105673	-0.330738499654461	0.0077611168352171	-1.23333513970096	1.54351629738753	0.0933227430756076	0.196588673150978	0.416181778023543	-0.11493946334565	-0.955664219858842	-1.83939144087727	0.0774112328168914	-1.14247348367517	-0.642423310101067	-0.702869176080673	0.757531318194211	2.14288902380973	0.227146479015634	0.287308602151448	1.97283587895146	-0.486057382261925	0.342744290044516	0.840956635782294	1.61723939105453	1.11223286808881	0.354986966869784	-1.35313186198005	-1.06173402069586	-1.29486528398507	0.852967328013005	0.787814813690712	0.23901748327868	0.618134724281862	0.556060455570418	1.81393763731007	0.789257438769953	0.989599024963019	-0.298377672089275	-1.03635890864628	-1.8625119405267	0.587412119642161	1.15716911004822	0.000733757095324388	-0.856705499299002	0.00930657119828008	0.128194943302397	-2.17689094722953	-0.716194928484332	-1.37344381318775	-0.477430848949988	-0.633882976129401	-0.64023201449402	-0.0845794082645069	2.2478901982029	1.9030698631662	-1.12375556141425	-1.60601300056274	-0.0342794123033503	-0.17953684586273
1.44626000073283	0.395706681639423	-0.403927989882502	0.520202186253136	-0.78432619962959	-1.7323606133671	-0.119833582167854	-0.237159580639471	0.554594440341653	-0.566385318086038	-1.67412775480531	0.255523578186149	-0.208217867548408	-0.937764991721314	1.90575044792425	-0.302958925344931	0.0480429216527491	0.296238025208149	2.14352821369302	-0.0777065682041546	0.339894089606814	-0.52879623472062	0.119507927088926	-0.96817428815633	-0.580081333858072	-1.50916375499949	-1.48505675082513	0.546746127372163	-0.129333045012151	-0.502363081947479	-1.20348467119104	-0.664059331052318	-0.0636045022743215	-0.473172541906654	0.38824105594877	-2.45938626252151	0.836887540643875	0.238516472389076	-0.898888549013167	-1.09370392170012	-2.91613269755847	2.4015210157157	-1.08028422326986	-0.991602900897616	-1.19296566247813	0.0903569247809067	1.92299143838908	-0.760850605680546	-1.43606088449575	-1.24178536900007	0.298239450151102	1.45453431986174	0.359820678073148	0.354397290173336	1.98218093143519	-0.071688318455472	1.11494655762326	0.54880790054305	0.0861580487328096	0.252887758739651	0.866841434204273	-0.4016222268607	-0.450256701149616	1.43859709722093	0.870861210430459	0.175872857039274	-1.55313571954528	-0.927013048795801	0.841625307856336	-1.56321133385293	-0.595779325495429	0.50265138089929	-0.116718725901564	1.07217226806234	-0.106064808514179	0.691122658884228	0.341400302586334	-0.762704253767113	0.0912803259067457	-0.669174327210448	-0.517064216959406	0.707281213202029	-0.446032020304988	0.293018933044879	0.617258389346013	-0.501231594876935	1.21973424962256	1.67850212856611	1.06721672260088	1.02082529941843
-0.895352892450161	-0.994337250812655	-1.77263431902964	1.08802463711483	-0.374654213329198	0.240668551690483	0.789470861848421	-0.995628147111657	-0.0179930702272602	-0.538119133321402	1.28266186440043	-0.724789066355922	-0.297842147762775	0.140879485825612	-0.474145013764064	0.206937764689344	0.44633218072124	1.72723695749926	1.25789250724577	0.286842832525715	1.24266146554803	-0.252065802591245	-1.3946114594309	2.17234999301448	-0.564724900526217	1.92908424292411	-0.0968945054320746	0.862983722215907	-0.935813535471324	-1.02992500455091	-0.933238372583518	0.839635874528652	0.559908421400242	1.08774492830111	0.51636486955217	-0.1681448113487	2.4496975107113	1.08129749200698	2.02011428678718	-1.8174541319462	0.510217213301959	0.267159787455871	-2.44615000305788	-1.1193835358335	0.14779739593028	-0.156466164968141	-0.33497346179422	0.378527890217107	-0.328946163660794	0.657438826706577	-0.272101403887189	0.508099408535766	0.979207048974926	-0.0710438804330505	-1.05249717775968	-1.66299223408609	-0.28376907725596	1.37050171500336	0.0798490936499225	-1.30444250168341	-0.56725565196371	0.505089583207185	1.04493717392072	-0.660917852196279	0.0417295137066645	-0.349953662007801	0.639317350826384	-1.83351469060302	-0.62784987050146	-1.38980484519349	-1.86102393239909	-2.19729561442391	-1.56277526640543	-1.06160165337858	0.246804045400019	0.950076289928887	2.23184602909177	0.0107622389981765	0.230579242485316	1.03993501642678	-1.38691323883469	0.0759086655332751	0.886628378758197	1.29075928058369	-0.927026246497227	0.0102960012981782	1.77066561890396	0.943906793938349	-0.00696543239403254	-1.94801416423608
-1.90640985476714	-1.34488889392185	0.370122241354921	0.130316891940074	0.850011392116988	-1.32517431650213	-0.0663244688201878	1.13152590291935	0.581645050695636	-0.00512455029686113	0.493413337757515	-0.735533939989112	-0.115748204554289	-1.54075340575536	1.12379283792447	0.547109223618668	-0.473728930755347	0.211378715520506	-0.183374029392696	1.89446767397991	0.835252796323808	-1.0033498941867	0.880585261122126	0.442833136579358	-0.964561204591762	-0.40193791145829	0.102631156047072	-0.20261495075718	1.19734534676898	0.43139947683745	-1.09886966059837	0.136102904439102	-1.05258739998402	0.295380459233581	-0.429380827073216	-0.331282097056188	-0.0309514022289793	-0.75571567397993	-0.714553219844382	-0.60605759472473	0.263672983188122	-0.34976743204954	-0.392214335340592	1.22810837655027	1.19997496399422	0.943244094144319	0.455573504187307	1.07116248107576	-0.10440001149563	-1.50260474051057	-0.119648949183537	-1.8786410332369	-0.874081105295216	0.437094205879869	0.917337574523045	0.439005309325493	0.118691020330986	-2.4261162238475	-0.34241152571284	-1.36933874522792	0.236925672891901	1.25748902353177	1.4847499897769	-0.853460205314908	-0.738850375455931	0.234278722439997	0.467064346231365	-0.18122470135103	0.603872098275276	1.68895788002795	1.19618937762883	0.590199938644598	-0.305657589974325	-0.0355340229306102	-1.00319526225583	1.53611518062753	0.124650028244863	0.948645416840063	-2.87295340292264	-2.61561051492607	-1.08574800848375	-1.08336804309723	-0.486139798711763	-0.907182559053388	0.63239504902185	0.51436358681456	-0.985830171070243	-1.01925265259988	0.245826074378189	-1.59445606481696
-0.109329501337503	1.74871144089993	0.772917376843127	-1.31826538789323	1.10876239706275	1.67805240105539	0.0619003103248535	0.58723698008065	0.571421595357169	-1.56961094828108	0.248543037483926	0.69239411894472	0.856571477459282	0.834596030340944	-0.386242169490335	2.19619924132637	2.78899250170954	-1.01490667424774	-1.14347816427503	-0.206585943088285	0.698144722555643	0.731899804168488	0.680902266585048	1.38797299877771	-0.535858258790907	1.41807976229674	-0.518759395663188	-1.00129803312443	1.03801348596543	0.171172175483531	0.888322124811107	-1.5700142933075	-1.49426027744612	-0.00923140698729783	-0.753838638712311	0.0328313885062482	-0.885680459225668	-0.888184200298444	0.946069108407549	1.32853867419041	1.69686663446616	-1.72572760471632	-1.39268597384118	1.96532682527789	1.97398932733277	1.56487051514208	-0.464970748526912	0.499105502664703	-0.159492340659927	0.889374840010939	0.55233444347097	1.60386854172462	1.1543614273304	1.52854704798409	0.35179299347355	0.160266167063801	0.0281793655375475	0.711663569987639	-0.0347108769052367	1.55660402724977	-0.280978223112109	1.34248840968575	0.749287180798637	-0.47043399597534	-0.822246744134017	0.916230581314099	-0.756362407368163	-0.590160965139525	-0.470415589360757	-0.965739647356601	-1.60741225503258	0.706219865697928	-0.439278740616732	1.96329065829575	-1.0884217542306	2.05279545833083	1.17736156170081	-1.38139474706446	-0.271392051359041	0.562196798906672	-0.0545181829546225	-0.1821299541784	-0.862776492638294	0.586792701476704	-0.532932583734326	0.612891553407909	1.14235777294755	1.9276505056143	-0.501465491053084	0.703336983818482
1.99463726427888	-1.93289332589437	-0.686800414466301	1.38412966175277	-0.877192567241345	-1.72387070180588	-0.426284836947447	-1.13446818536419	0.540615132860616	0.319012109781755	-0.537940444022495	-0.184643618568977	-0.107779496009365	-2.38529466023437	1.58533433036626	0.46168817207558	-0.533528112315058	-0.609978919750476	-2.00517052920174	-0.0524204769268925	0.961196705901443	-2.14639915631172	-0.742836536646763	0.193033745962286	1.0421590742339	0.525852989103216	-0.555036153950327	1.19413472136077	-0.75756807970699	0.210899309683474	1.33084586682111	-1.08710156194273	-0.707245002773813	-0.47383259530611	0.794705405091757	-1.54743228133829	0.752024215193254	1.46060021813376	1.02309013775917	0.0317623065031181	-1.34394825583488	-1.47793383262144	0.705380408988489	-0.756896841850131	-0.571339628101166	0.263212530132027	0.63630087020357	-1.85540443052201	0.634290412089934	1.85970533652266	0.188379598940325	-0.310959243502329	-1.08758369694457	-0.224871024129589	0.225093176881227	0.214971157161775	0.91308615053633	-0.496660550562005	-0.477885143908461	0.392500389268212	-1.01094606258324	0.668242430721757	1.39350526815513	-1.04792330655361	0.550630563517219	-0.11479614660386	-1.39515827256242	0.302802152207414	1.05506393491197	-0.0623454453841187	0.0498192766604032	-0.0851782368894121	-1.26834241974324	2.35274389948971	0.616884575676502	0.935497270505959	0.0962999649687137	-0.76210867411943	-0.0190998454752614	-0.0275334124898437	0.427103386981243	2.67303792524494	0.789044013195818	-0.758606220184383	-1.37504954765983	-0.844334455185296	-1.01155547793107	0.193777414351702	-0.856320603163569	0.99431330418978
0.0580678069920627	0.506850806607598	1.22613501171153	0.47593080775068	0.620286999752539	0.409344680457624	-1.90511175712389	-0.327481419040701	1.76015184630068	0.0950695565015273	-0.226377158399175	0.751684073746635	-0.746303073690617	0.10228731955738	0.796092327696288	0.620950573612946	0.789996839205533	-1.22968663422886	0.0505997231196761	-0.557981886817657	0.611575716482521	0.355341173525303	1.01690584812613	-0.593198629113229	0.182301679652742	-0.876442336315058	-1.57049514487915	0.0381516852649519	-0.0908038568432747	-0.095673710703846	0.351347095413694	-1.13699681587574	0.547542952792888	0.176560443328837	-0.401319113143899	1.52557082243471	0.226823669369825	-0.69996743347814	-1.14778585224666	-0.286180368039281	-0.0586099661468335	-0.201854790176101	0.600499024251782	0.47901776717312	-0.319585481663517	-0.686648783141529	-0.258725519892571	-0.663737081656516	-1.31196156151075	-1.11822489146439	0.147117932589743	-1.26528496333688	-0.139114843569111	-0.0109639878484364	0.200426115694416	0.712069794087902	2.54500368020615	0.695869850679398	2.26951618213603	-0.803216680277822	-1.16656498348632	-0.504405224868379	-0.452415929955214	-0.201650404463641	0.58314782263734	-0.477900838774377	-0.84755282580931	0.630170355733677	0.660128957876426	2.13673708718829	1.53077791866537	1.45031424620747	0.890254082863273	1.68274269795931	0.51845546141654	-1.5677540838837	-0.453197511834725	0.177059292796263	1.90745649237185	0.72206724078854	-0.317777092636005	-0.626576544680706	2.35943486061091	1.20230328855073	-0.250002530425471	0.1075450365146	1.66626346280347	2.01550323722816	-0.609425722040366	0.854599284476094
0.00504710742227093	-0.490537649277487	-0.54291928102271	1.37767573872636	0.161331799691551	-0.802446871828246	-1.54276398616042	1.42239732205948	0.346793791316063	-2.01428643532368	-2.55094267766558	-1.16027656220968	0.0739057840795857	0.341469431260951	0.546644560467389	-0.981991102259251	-1.4268807990683	0.263909350506685	-0.691286656194788	-1.89973113300757	0.481468245540435	0.218546944916303	-0.537911294844915	0.778135687732662	0.549867937319449	-0.911276301487739	-0.885477846920544	0.906728076749628	0.476814918395036	1.2068991070464	2.23670870466762	1.73114582994504	-1.05684048433523	0.580802665704274	-0.799942625371204	-1.85876262171578	-0.121056568528761	0.551501185807972	-1.67119108653739	0.708301420327379	0.0211025286030226	-1.47245571459583	1.10711617407164	1.4357497783672	1.48488439168492	1.07094963539927	0.644819681106962	-0.614108177396325	2.65121416453271	0.0969476229507051	-0.204216050760068	-1.94755707611985	-1.0144517400291	-1.51835964933211	-1.02123017014938	0.305591546313044	0.0183703724973513	-0.731911491901424	-0.187143680702573	-0.363483760181467	-2.56663350454371	-2.0135202281848	-1.31662154827589	-1.30199100217446	0.475814602333598	-0.640675040744387	-1.01385713752513	1.05782043296086	-2.25309443131105	1.25485987421669	0.128557695578611	-1.54510375733505	-0.551578854524389	0.54160150220582	2.44987562415603	-0.323592562935308	-0.557566480404373	-1.31973458325384	0.661133180859163	-0.589776537075053	2.1154225375146	-0.644406084719305	0.664754877091133	-0.883999768052133	0.238504836971867	-0.100069831166664	1.60198095645765	1.99330168796045	-0.71482854214689	1.0001678392317
0.890294194002781	-0.0296202565178018	-1.5181025713937	-1.58053354706727	-1.1556979332727	0.469462980543534	-0.735501287008317	-0.624802231773228	-1.06330952227306	0.202528469166309	0.223887280783116	1.77993750877415	-1.37481373305908	-0.0182333491762008	-1.99522177279755	0.426830886451802	0.167495536528091	0.53219730378598	0.184121263292219	-0.703415781665172	2.13739378809348	-0.250225071964571	0.370297413877488	-0.361014178321625	-0.578456986172898	-0.14687797734601	0.884872537503588	-0.633325479325544	-0.599716029256445	-1.43005802116581	1.00210773657883	-0.318535840821443	-0.142831861459616	-1.1191299345428	0.613832801780734	0.00914690984445798	-0.45214008019906	0.524327800274297	1.06896040452751	0.112199507801727	1.00290022612157	0.378504504438495	-1.72369588360671	1.00189130963784	0.379743334360567	-0.87075922281099	-0.954352366795185	-0.0330864047211091	-0.305090182179509	0.285044848891105	0.794955329133761	1.76302021903516	-0.0376622176603734	-0.629765530748344	-1.46242900556633	-1.00378456151822	-1.0433248016798	1.0053810858181	0.0749976908606253	1.35779322788932	0.428479626371296	-0.977806909578365	-0.0925252556967458	0.125400427320623	1.41042163933774	0.385202358070095	0.980505699806958	-0.655158149077307	-0.0674417991906707	1.39369872366011	1.38204021144867	-2.05887301560645	0.285248330611199	1.13978838417451	-0.605186992695983	-0.278070362801943	-0.957723137444622	0.625429913346214	1.99700293248103	1.48698506854789	-0.470097000816231	0.630713448896921	-1.89036178089844	0.0692792426501913	-0.393306844197514	0.189743375806509	-0.458788012214042	-0.561618182500578	-0.444500588814627	0.938523933257697
0.522771010349402	0.0819825116034987	-0.909870863179087	-1.74568164779409	-0.706091506985029	0.910400740964421	-0.8832205167183	-0.905652070529029	-1.25941814761005	-1.0500630754642	-0.0878185956853238	-1.16855077573758	0.816730544023961	-0.275310807173674	0.167080775807835	1.04713059123942	-0.0936702957159073	-0.282486559169015	0.840018398054204	0.827467299255605	-0.24691672027264	0.644448959735201	0.381149859076079	-0.113014039013033	0.532393301324443	-1.4259819208231	0.773847532403234	-1.88233002164138	-1.66822011317116	-0.455121970920595	-0.0254668475665597	-0.78234395138038	-0.177219369526557	-0.458905912528423	0.962716145746835	1.51784723273065	-0.585224565756162	-1.51828368343273	-0.0647225550570792	0.064082591189326	-2.20003659947943	0.77665167895337	-0.52947368045112	0.880749333419826	0.627739891182847	-0.168053471453292	0.0436486375154076	0.109163286850551	0.414595565529492	-0.850624173957317	0.349542222339222	-0.247104091831454	0.168685927053153	1.27123349678993	1.07094430219169	0.642567268807553	-1.22747744248892	-0.471549748995246	-1.40410893211295	-0.827357353759705	-0.913935875675485	1.79400530074771	1.48672059238	-0.276908508662356	0.15018672755293	-0.447468671284603	1.2793508102595	0.402609519385843	1.78498670336159	0.640973974173642	0.642387209458641	0.264380033140712	-0.00533746648392344	1.4791269508784	0.874050322144897	1.69101049032755	0.995781658267672	1.18721056775724	-0.248137888080489	-0.344516722770365	1.03809129610858	0.520236595443614	-0.902164811841364	0.484403188139555	-0.855900410013566	-0.853803201949635	-0.284942351130905	-1.03670332281443	0.117789611466587	0.335499054141245
1.39291613316457	0.756236074728136	-0.571017026696829	-1.14332837250037	0.426987156463949	2.18627800810648	1.18900224854936	-2.06551209729358	-2.02323680257849	1.93896317310569	1.78966993971792	2.1410286749438	0.178312507413484	-0.747011606416404	-1.34122303990158	0.896716047927236	0.276640487636287	0.995556918666549	-0.444684683488176	-0.618361237082119	0.92367672663176	0.810404749111613	0.534234559503467	0.257207129507464	-2.1422907411131	1.31438942284791	2.18956472506351	-0.393514559442648	-2.55433926173888	1.42476583408408	0.41746894890473	0.202667788464902	-0.570095456027967	-1.21613981202267	0.0202430938965155	2.0237195742416	0.727091389489023	0.291297154982653	0.175585121780825	0.297170842262949	0.0388128227983007	0.312336038734516	-0.891471108524443	-0.486478792714822	0.279435709597255	1.22195170673585	-0.664812195190404	-0.260232642433684	0.291833177584959	-0.479828352541637	0.326841170538927	0.713572653418057	-1.31613858932177	-1.45611863489892	0.0468854855302752	0.272545403992657	-1.59842862805969	-0.940434129975865	-0.817122237570908	0.639958076573937	0.430246428137168	-1.38542160008994	-2.43532645804224	1.22229001290519	0.394550515977636	-0.50376962518607	2.65620232086054	-0.635394671215153	0.426807298019931	0.187895031762575	0.805917469449954	-0.309884769839326	1.76375396674568	-0.32949461936524	-0.516322995397923	1.10906795606021	0.788674965830798	0.192386229598216	-0.862113426586525	0.237858527752174	-0.164582635648718	0.446205641903023	-1.3650091527169	-0.33973539803395	1.7243493166316	-1.63286115755576	0.96346814869595	0.679485719129353	-0.679647566124364	2.56278613312304
-1.14305105601362	0.258799358628326	1.65903048338289	0.216379714248423	0.724811045329787	1.35746115984294	-0.145427170841483	0.686188953099517	2.13290557602537	-0.880888606756244	-0.567228588588217	0.849546380823526	0.378132994824393	1.17801705680206	1.57835472053073	0.435554288532727	-0.226829822269775	-0.311928034103813	-1.28710615152222	-0.299203752488339	-0.0470337235654153	0.680338660870197	0.51371618432363	-0.435792151026212	1.05807628420305	0.860496343199318	-0.798457046366664	0.0492216066011077	1.81264634203326	0.717627068818792	-0.221562249571608	-0.426418856313342	-1.27664032763424	-0.104846740901648	0.736557194809109	0.729948513319871	0.585328366859898	0.393278210091372	-1.01690709761555	-0.723482078049974	1.12211337567572	-0.929316858589983	0.819128404188838	1.10562526238794	1.44380229176053	0.356074951210412	0.0413511427925085	1.53666802249989	0.316835036768731	-1.11001709176152	-0.791223742171759	1.67656113975685	-0.713166616477968	1.10118693806198	1.11124058527122	-0.130978133526957	0.163203394864829	0.535107914074195	0.128737388507633	2.84318967903309	-0.146043492437103	1.32426789352445	1.2704277778726	-0.311300812545333	-1.86760380437815	0.674254331473068	-0.171749055341367	1.37975166841996	0.911945758572475	-0.579439579332254	-0.39534971058678	1.78773059701406	-0.399839743180106	0.994060940454184	0.466564237212772	-0.545908885108864	-1.13004661404048	0.212576551617326	0.725099416578799	0.600529871295645	-0.142748886210622	-1.20869388033631	0.49899212526038	-0.216295132326044	-0.496237766216497	0.476574580013148	0.709646717567226	0.721890918592295	-0.561014274051134	-1.05025206291766
0.625033400782539	2.6432645421261	-0.811347565975249	0.349355272008345	0.359839582517425	-2.40850129141387	-1.14359507344461	1.07395842122395	0.843152903388316	0.124050926185746	-1.28253997485735	-1.02248608337054	-1.56671354001557	-1.34335562929243	1.65186171202487	-1.7524712760284	2.09342976956559	-0.0299616708238491	-0.378965134986587	-0.698500953662875	-1.45836709242896	0.574843423106974	-1.3497085263157	-0.741486269282482	-0.631724155626733	-0.699525362081817	-0.250349978178736	-0.523705901787106	-1.05460377620207	0.277229957909921	-0.731389834161223	0.0419467727919724	0.513564723693687	-1.55408576117255	1.50617241711573	-0.00956341048658525	0.0750391058829501	1.21237974467413	0.841429786693663	-1.17615804716309	-0.569262884973905	-0.0443505238786198	-0.971208380188663	1.6690930004104	2.33669829003687	0.633902293349007	-0.0295088095333152	-1.12691229152834	-1.10994983007402	1.2597510536003	-1.12829570957657	0.221544031271515	1.22251393221328	0.938004569960899	-0.409763225459787	-0.0679837725944331	1.0799377876782	1.49506781990672	0.5205636539451	-0.899872665888506	0.0623717388014754	0.260634722857528	-0.865982899088094	1.3152359583739	-1.84001966661145	-2.18708443251351	-0.488750418368923	-0.773973527092903	1.22916846016186	1.11636836603344	1.17337346561951	-0.80604240763829	2.47524176739692	-0.711628328451023	-0.327773736434938	-0.349397985172885	-1.69230328618213	0.56736292464221	-0.204019135110538	-1.18138307803291	-1.30143025965503	1.50313024341433	-0.680504765514647	1.24279821496823	-0.366646343198045	-0.456664246490082	-1.57171058593043	-1.33322127685548	-0.176177158599239	-0.689395009399646
0.580560480449845	0.843790767809429	0.314817941172841	-0.618560599510535	0.693700402548046	0.369858052707205	-0.849199803451352	1.69503383519649	-0.263487273546312	-0.724807901613488	-0.499170392953174	-0.887333489035957	1.34448709699736	-0.791073562400304	-0.798681743440927	-0.827014662729445	0.253313823295598	1.09200678929118	-0.38351953693744	0.585273645513385	-0.275175186931054	-0.0968621487813682	-0.651050476271407	1.34197476964338	-0.333149631298655	-0.639551106082967	0.221620708451222	-0.0988861304107696	1.11722551186691	-0.392579117281685	0.710815586201185	0.892442145250066	-0.901035261219704	-0.53993598741627	1.42671276065349	-0.11956105954097	0.267820846601248	-0.542690792619566	1.18680500694151	1.55114710309111	0.335074245377496	-0.742325075537662	-0.286786437899598	-0.350333915590142	-0.803489553608844	-1.02515794335092	1.79856783942331	1.16189820078147	-0.874273476164893	0.804661064887045	1.57847523806196	0.934361032769493	-1.1880296098761	-0.555529460299491	1.48205842889895	1.42557058206455	1.11695514720229	-0.0773528668031872	1.7100239671411	1.02606409198137	-1.22234045074069	-0.484957548333814	-0.0972610369996698	2.75032922766951	0.51613628421665	0.967751806880013	0.493101883927954	-0.459096212042598	0.836000956636606	0.768944378947222	0.204690797792962	0.819725749951325	2.24960353014767	-0.200590327492891	-1.4200262590547	-0.622709024936515	-0.0512718169626988	-0.639196011517587	-0.571594096647726	-0.919086682383099	-1.11020217303028	0.0486711427303777	-0.818600010411003	-0.216549714440555	-1.18835318287032	0.679964413523112	0.192685538278046	-0.620225458750801	1.78869223923217	0.549728872513257
-0.105169563309952	0.117217805994854	-0.293509209698239	0.00344017317647647	0.569544515895309	-0.459857107485968	-1.82486011447281	-0.759507477685721	-0.818779759196598	-0.756985279004776	-1.33057460040573	-0.210454889377979	0.246054970507566	-0.224993390493085	-1.07889889331028	0.125874721386275	0.283855275120218	0.0942776616349036	-0.269055726770397	0.299928104384142	0.253860865192035	-0.58708036540419	-0.0548500352410324	1.18993974906509	-0.249532166698109	-0.569525707017001	0.301399389779294	-0.823881298016301	-0.834497344750279	-1.33746389773249	1.02893275890502	-0.489472352999102	0.9381521684584	-1.06507913072592	1.28701067653667	0.286204224115185	0.927650354560572	1.54991811872739	-0.587304473218282	0.692617059262692	0.861532236995232	-0.339832317022422	-0.0545394104582633	0.245531243674035	-0.406762234427409	-1.26956702201438	-1.17498788920717	-0.894147927736775	-0.551395330620539	-0.73077518723091	-2.05723309866389	0.614527635880962	1.27860246926852	0.80492315342085	-0.0485530720631027	0.291187546971747	-0.905208516582379	-0.626121467910351	-0.410992432100992	0.252568200595032	-1.66984381425185	0.856710995667286	0.822364833128347	0.110150108506932	0.271839895477054	-1.57885926929808	0.749850046491993	-0.190654338023616	1.74837268236901	0.561918330730062	0.33970310199939	0.334239323589939	-0.395582655606664	0.205710513015384	1.11136786702338	-0.281165641645675	-0.4617032406673	-0.321354194224977	2.41412233848437	1.89482200445759	1.00679870975429	-0.798615100798404	0.0708709939056821	-1.30328674673814	-1.42258060102157	-1.32245571852825	0.505308195778277	0.161974755789045	0.104522326385718	0.138896248589738
1.05694674948023	1.13291518331308	0.969652803729826	-1.09942489314743	-0.869578069410795	-0.321990131292908	-1.1395503729092	-0.567286672225604	-0.372907521154251	1.52050404533977	0.67800464477691	-1.01371887829517	-0.214973486921053	-0.539589377472248	-0.900761155750957	-1.08797420543373	-0.373720143682924	-1.51261891885298	1.06167199140389	-2.65066477640823	-0.335892904642857	-0.441213021619536	-0.984243393747583	-0.930537747192183	-0.650803519707725	0.4008508814102	-0.327998914449788	-1.06431871111639	0.733738465021813	0.303136091576216	-0.00846257026177063	-1.28602894370624	0.00114484593910864	-0.740445799147452	-0.417998175350463	-0.972876966117696	-1.20780003561167	0.142714804334947	-0.22018523832484	-0.759590132404728	1.03872653387063	1.0156746000834	0.46932529777442	0.0647970486544773	-0.329028587111463	-0.468753647042437	-0.265723987466477	0.13076445087692	-0.0250824090242816	0.0297317444962386	-0.465545216379295	-0.912129395747565	-0.290679811680933	1.25700963443788	-0.64366778000819	-0.712717941070706	-0.186571390607644	1.49061290460478	0.809361893383038	-1.27010081899992	-1.33378486007903	0.429176647822421	-0.405974365769224	-2.15572422683221	-0.584229677446431	0.338413496896693	-0.886185022393004	-0.300085939099647	-0.567983845381294	0.0235280499463724	0.194514739176929	0.690804051653959	1.8882968546369	-1.26683162005179	0.116608093285609	-0.745553325444929	-0.177186367827664	0.42323777938271	0.137810305247742	0.0930054403139396	0.229759369480738	1.49401222609503	-0.315080578517762	0.790142374098567	-2.46418259784442	1.02319045565936	-0.984408091627911	-0.452427605678253	-2.06130601185233	-0.352944321240334
-1.07948869149578	-0.694507687427027	1.54258147319379	1.45608931778448	0.0398995890900773	-0.72343435756889	0.177653505713362	1.76144503374021	0.319283349887956	0.237955464551458	0.396063494221502	1.03373603411004	-0.204776745295412	0.619996253946208	-0.677348659337804	-0.707436601170039	0.304433355016514	0.315906093514318	-0.0483672012573755	0.320105237825412	0.721406235986594	0.191285796849235	-0.162657656671762	0.180226858193378	-0.0958736060575968	0.315783943449349	0.449482233720554	2.20213694618296	1.77604880735682	-0.53978131423467	-1.47220210174321	0.84524880435313	1.34184072888737	1.24055838406888	1.18487429506097	-0.356462131304512	0.763235331846487	-0.840517222790815	-1.15297408374769	-0.507672555391053	0.834128671957815	0.475148725990157	-0.84797902971803	0.719369547810438	0.368897390448963	0.888763143215521	1.118396266567	0.394255538548775	-1.36348324330973	-1.21050662565825	0.928486021918315	-0.377620249444633	0.433107462037965	0.616988344873913	1.36422501148922	1.74764183145607	0.83539398673785	0.524566207935956	1.0816515795424	0.443150382009382	0.487527642323634	1.3469859617486	1.11000488031813	0.698338699156896	0.19303171029012	0.45533070384985	0.337421277622096	-0.436266420682153	2.53010161552647	0.735863584327322	1.11242191770914	2.05331577364938	-0.291084197380008	-0.128939600688686	-2.07968728614048	0.493051759658122	0.575457986434902	1.20977493823845	0.437261208632067	0.50201432576671	-2.33710222932381	-0.327371641508655	0.98720685135853	0.37261459261037	0.73249106344827	1.53623544204846	-0.123526822824282	-0.425206995652295	-1.24472564761554	0.17551140815505
0.746466747292924	-0.179503319803403	0.134292446252375	-0.296212968146876	0.441366140381346	0.0918303174281858	1.52985068923643	0.283390781117731	-2.02874715954871	0.31019644192381	0.0215051853040464	-0.526989900891713	0.0481100183559521	-0.0400787987887501	-2.10503663023862	1.5407462276168	-0.246172596115926	-0.542124711887983	0.903721982814131	-1.7212040398555	0.0870417125132171	-0.530826495858783	1.45364038061308	0.157407035585403	-0.321771719952877	0.739682025699633	0.698731858133272	-0.139754149882663	0.108502744245813	0.713234574978645	0.930330027642754	-0.541958144934603	-1.66175387194545	0.493330758475407	2.29783581013508	0.24316695530899	-0.260730048977968	0.227957465226225	0.286026686296992	0.945475713541678	0.484886502275331	0.521090002797388	0.697269576077664	-1.64774698683208	-1.12486193364319	-0.385120624368871	0.17174148383864	-0.00371242596955044	0.179877516562678	0.035697940799736	-0.264092608386551	0.702175209987151	-0.521140285411847	-0.469539505517638	-0.272567671107573	1.60336584793122	-0.182362656409329	1.55296510571835	0.356199560831499	0.616416012445682	0.147549066969044	-1.11287847028301	-1.66007200264299	0.596379514890806	1.8373742584733	-0.00684698310124097	0.776279673484011	0.412818284306642	0.923035903470136	0.780947359696921	0.458199674504678	-0.0115928421448322	-1.46217402803061	0.414363272929524	-0.366730152845771	-1.45232175786812	-0.210013831372793	-0.293682404899912	-0.130733909552574	0.0791276564255085	-0.0741199271814394	0.364421172486361	2.08616282667129	2.49326853915275	0.185152555402996	0.0944459505200027	0.391982183787315	0.893608541794086	0.155982595413571	-0.400687332009925
-0.18381975247864	-1.24426927227758	0.864613548958704	0.954706014454808	-0.367754982594812	-0.208362835721825	0.863731980744993	0.934782749505632	-0.790568793766906	2.1476059723084	1.82990167825184	1.06044437907198	0.0705762823199864	-2.36213274379564	0.545016916031111	0.682526341682073	0.110267339957848	0.451922133012642	0.846209158286016	-0.56501115857579	-0.830304841334543	-2.57346486809083	0.555398552773653	-0.451387709552656	1.07012230777759	0.52636053398513	0.380651495717506	0.771149924163231	-2.3372545962503	1.62585308475456	0.0808325608758044	0.642152688760928	1.23228712190488	-1.56954331684453	0.340824776590714	1.95977623182154	0.635535451872753	0.55102476485609	1.83453860625902	-0.418431936980128	-1.16586703046145	1.19843819872641	2.0946572340883	0.0648540318955011	1.11284300852762	1.83881246602015	-0.28090343543769	-1.02028357276554	0.943584933295642	1.69103930846249	-0.533248054864653	1.40188013112797	0.962533878297762	-1.69408119647624	-0.0836009453454104	0.573540484088486	-0.719919027098608	2.12570561234605	-1.38756439604769	0.0432077722924063	0.294273099000484	-2.82755199463846	-1.33117789089011	-0.751408266181272	-0.653112596806695	-2.03912443881806	0.817385408817006	1.07205917947637	0.3974644243319	-0.320391721119598	0.25594755222048	0.829651776188876	-1.35276622403423	0.0186150239725529	1.88933863457371	-0.0548180666315836	-0.609670751446031	1.46002883523229	1.19387487781715	1.5806436632524	1.30372493158845	-0.219246898457907	1.93452182098596	2.09770577803027	0.0627243992643983	-1.53959502517768	-0.231548370200445	-0.799479376248622	1.13591570986796	-0.246786664445399
0.0135647995754839	-0.335653766858916	0.519254069337026	0.719566372062988	-0.289872120952516	0.225547218832805	1.71204452956231	-0.328678464211958	0.223359381635643	-0.306176671268097	0.279441230526194	-1.1129653753482	0.198764385584742	0.217550757819826	0.235612874371293	0.798411229311419	0.228246436803585	-0.714186711423356	0.707476954500895	-0.396214509958832	0.59929069002648	-0.0528118914384713	-0.447471963209242	-1.24647054525508	0.308131262822535	0.614697268730573	-0.777951295942009	1.60776548801891	-0.249834739838037	-0.523487500740119	0.539973751815642	-0.511573796914964	-0.542822319917894	-0.265872683879839	-0.960706709515106	0.415454907970447	-0.554230890496286	-0.162414327500646	0.89743438219273	0.604236300274805	-0.0125974762614625	0.353348265726694	0.0149761301003234	-2.41583136403238	-1.8919903824935	-0.402417196462682	0.856330732161209	-0.115991870528529	-0.740913067747881	1.65078766883759	-0.0694100374804226	-1.00499433332673	0.0693177369358593	-0.455229164355696	1.13002742655695	0.541134021236233	-1.81705361495883	-0.320843593127031	-1.85557415470796	-1.12831534966372	0.439376842240767	-0.307004639049549	-0.535388021758991	-1.17139148832824	1.70441063281996	-0.420409768531837	-0.0944679632984084	-0.158253230917172	0.319813369077613	-1.00869088877326	-1.03529657970674	1.4621921153665	-1.13372277480512	-0.219572381444535	-2.9138262397824	0.732060644092701	-0.502772896441577	0.266005860692138	-2.04470798875117	-0.904415107755143	-1.03632402601207	-0.382943497960827	0.775683222635742	0.132154587332557	0.953094476488397	-0.4717563805893	1.94525603700795	1.97897284791646	-0.642148789757435	-0.291285603436338
-0.308698477955121	-1.19850242184218	0.156662133959452	-0.0276545434023889	2.58784773664284	0.416644345436301	0.194302214226567	-0.15299126111434	-0.477291804461236	0.148194976821468	-0.525701938017414	-0.0409502312473586	-1.1673031473944	-0.888107944857576	-0.0279273963912537	-0.0413288171273916	-0.0170197661366078	-0.658040469050552	-1.8978689439136	-0.267328221939029	-0.137404531431582	-0.835369279199783	0.107675043434423	-0.706554601787736	0.312790518020628	-0.912097066381444	-0.821840596934801	-0.0867072264838671	0.5739623568226	1.50282088155358	0.684301738650503	-1.45594291290858	0.945244941276062	-1.04696587090057	-1.44375935451551	0.608938532127337	1.34544913208963	-0.995790330591193	-0.0969277168405576	1.5209291335121	-1.28266567771664	-1.20867070122262	1.15658711072273	0.669777811029718	0.977132249740253	1.06835427254752	1.22201523450264	-0.0685081252458091	-0.896972278355902	0.270482283584772	0.416289867669534	-1.4941684360843	0.438949987801193	-0.252184253403205	1.48886441406978	0.0738413664671351	-0.79114944872492	-1.46506506503808	-0.750376380625049	-2.23206462893375	1.45343833038473	-0.0705379247657206	0.0549667828864042	-0.690988610307144	-0.327858874265255	-0.256568480453375	-0.419577915532286	1.43878748181597	-0.94977196751706	0.0130985315005149	0.293386438025296	0.0450916211037581	-0.64253062450688	0.269779857233501	-0.313477037503393	0.115119970406506	0.236561965907246	-0.778772167494806	-1.28373745492231	-1.32074129634482	0.166984427411432	0.369315547616987	-0.041955541798641	-0.00738068784956173	0.471008055714923	2.03836897915507	-0.457739787202469	-0.108508140169765	-0.930339535973437	-0.416227049563184
0.48908442343324	0.646251947268087	0.126582502160561	-1.004502794175	0.0480807979000044	-1.53969337540964	0.366568794344395	1.19046155537341	-0.316101831228084	1.22884996655571	1.35304250561316	-0.626500135808886	-1.47873452196544	-0.403421886758278	0.326773563500006	-0.301344315001147	0.997597950073084	1.76578246643665	-0.519454809495121	0.253507859524399	-0.183834237611577	0.615379443208556	-0.556310457349425	0.450590904983105	0.68057698687006	-0.370915476325606	-0.582633227800359	-0.912718780678568	1.02481008495735	0.620578161214854	-0.487327002766808	2.04052384720873	1.63573520103122	-1.24000518655787	-0.0749021061502365	-0.168136700946731	-0.520398510302988	0.394400165829497	0.791082427058355	0.0619499912528684	-0.595971130369385	0.309810768614308	1.90438520121466	-0.0742789687157721	-0.28161438254475	-0.257896999947255	0.308445502114734	0.0395158303826409	-1.62912710305879	0.0481749382092461	-1.64049406461442	-0.715256584465127	1.13600894143556	-1.45186749293051	-0.854186603016303	-1.67181798047105	-1.10036770370532	-0.34461921465195	-0.564594812512275	-1.27159422074554	-1.10271579582219	-0.765910136788671	-0.130641974561635	-0.625710703658929	-0.590475866303297	-0.775291374827093	-0.705314082971196	0.464715954625929	-2.13505072114645	0.309521237478598	0.961921380221842	-0.915371870045121	0.449923085104253	-0.485273011451903	-2.09674907189952	0.124744836878764	-0.206888643762527	0.910243221222169	0.69560880049085	0.560798365781049	-2.55102964310718	-0.458682405651733	-0.790455273658637	-1.15385601124516	-0.143233563744951	0.211144895983691	-1.48285742961243	-1.67243414716587	0.904645343874432	-1.26964415189529
-0.663576858219826	-0.560183012939916	2.80175070078849	0.867481005160566	-0.218516374174695	1.56217550969779	-0.357955248762249	0.532132320599723	-1.17587552440222	-0.882624347033593	0.129925687963537	-0.519486788749349	-0.118560259693631	-1.10007566530644	-1.84307366659566	1.91706462474615	-0.995102177756042	0.370708828358842	0.444933826714796	0.482208423532473	0.269843011142504	-0.26735746547826	0.900793356986988	-0.0976212206114563	-0.595838280082602	1.20754823474365	0.923725083550018	1.38811811270091	0.710896271528599	-0.591264765363055	-0.672560089242858	1.18774571396895	-2.81918702605218	0.273375267188441	0.146542981451876	0.470478790108481	-0.410518602392903	-0.680929115373685	-0.960969712234654	-0.588548287858462	1.17127433502731	-0.138035732453222	-1.13421127195199	0.0965301370413161	0.202828825005573	-0.933056288402744	0.646463284555595	1.16910819071486	-0.00489363705871486	-0.648887759609336	1.06161781908407	-1.81284096232359	-2.83580920246913	0.226797545053004	0.220415026243558	1.82126168379716	0.0855312793693025	-0.661371971660389	1.03680890866316	-0.954190391213532	-1.02942843745511	0.528433309357367	0.274622271072515	-1.56344566154497	0.692630206038008	1.59032127459319	1.03643582012198	-0.464703522311731	0.140587107229354	-1.85588531503774	-2.01522251321408	2.2642420625028	0.294673411116063	1.32766533540266	-1.22911909661693	1.25093064323771	0.922882535236046	-1.33584895008839	-1.80544658026874	-1.07821755863571	-0.924079829167192	-1.58394778235319	0.124697143030908	-0.253409832151486	-1.05688971824272	-0.499676031536712	0.510211817907009	0.315493272998729	0.150598880685282	-0.857247447752329
-0.544826466883359	0.410203112545423	-0.812775723025574	-1.25193345605698	-0.228078055055077	-0.406247948827707	-0.204182856979204	-0.192963767591934	0.209755669130174	-0.79894061788421	-0.227676694934497	0.13797194788552	0.93896187777896	1.29970041867313	0.255796321408922	-0.448532303092294	-0.0646621809631464	-0.279843610828346	1.08585692234891	-0.418753734210769	-0.038216646249846	0.567905979184106	0.188084312077881	0.138644456050069	-1.17419006288974	1.34934988531161	0.832373136316431	-1.67625540355773	0.0259752490565904	1.11025488438501	1.6224801993401	-0.451491043155648	0.212175810586706	0.46872589618556	-0.772458260694233	-0.489692142577621	-0.65258812768337	-0.511583839492366	-1.13686124318905	1.02255534734074	0.0757997226988773	1.04091038647258	0.300204654008807	-0.0762709668095467	0.358908042232794	1.19192230728018	0.662285005711394	0.938617037354773	1.55620139533938	-0.695205419535602	-0.2198465194506	0.13978334261566	0.425385336964624	0.402134606294535	-0.164795582720425	-0.049318085939402	0.57004983398447	-0.746442351488292	0.63264739954564	0.953171645159063	-0.380155387768638	0.0388126839642905	-0.753497490573523	-0.723735569081678	0.248677311858333	0.31027361884137	0.557909443508238	-0.912156578558669	-0.616863904391957	-0.375330410531334	-0.129457562738292	-0.688914667653878	-0.040823434026023	-1.81982088498023	0.37005908917007	0.0800375041381891	-0.0197365942829426	-0.446451677481856	-0.660861633028646	-0.0781727815051	0.504148943000799	-0.737305931366313	-0.514934888873742	-0.778953977371262	-1.10903903128028	-0.428825294160297	-0.395612610816823	-0.386110615353582	-0.276084732502055	0.0655845152059967
0.669284480241456	-1.92609456298657	1.24508151796126	0.617548393224216	0.0585755208718846	-1.40441830082174	0.0191205257499019	0.496365548876726	-1.31085228639767	0.0861060355106023	-0.706826967935751	-0.755545254425591	-1.99592398939888	-0.942557363646297	-0.897119568767241	-1.66813037394056	-0.279105752170942	0.622376996762462	-1.8989904210759	-1.23043999433909	0.553038228044946	-2.44078123576825	-1.54371177718617	-1.73995394901033	-0.299432078440027	-1.57876062404539	-2.3321804530858	0.186732746813825	0.94349700577629	-0.154659923193985	-0.964721847624436	0.438064336525518	0.78182348990276	-0.597003531937963	0.746578781771276	-1.63505350184176	0.7588802243367	1.81061182397812	0.734102624708368	-1.60398673287173	0.94228825874309	-2.26610182295113	0.303842766669719	0.00701879742019906	-0.991325846427926	-0.878457545775979	0.191054425394836	-0.349194798343498	-1.40542204981569	0.745625189189712	-1.09261157984389	0.0525264088371396	0.479697283709204	0.0334055132941831	-0.169145884106487	-0.0481698230231389	-2.28923960942825	0.557540745337645	-2.009438018933	0.969436917155343	0.360165035130695	-0.827492632269742	-0.350407272098657	-0.0800872808628623	-0.870259343943074	-0.591167834267537	-1.68815561146021	0.253806670807602	-0.184592196801793	1.9315393363175	0.844199680812957	0.650201818446966	-0.946713900035095	-0.243705042015877	-2.12379470291069	1.14503595994114	-0.60989110986346	-0.709815894767856	1.44940390220274	0.4152533739483	-2.55474972708247	0.542569002477061	0.370647725194519	-0.019468792074155	-0.299237189018954	0.0237464643103273	0.465205739248336	0.593038873878145	0.220433528535412	-0.257422874353903
-1.62860677237131	0.167881289788562	0.773777719484235	-0.470104799611891	-0.557638583858827	0.408421499295906	-0.12890951990363	-1.30048001129906	-0.0787586131490175	-1.23112136626279	-0.368279141638466	-0.974836595938739	0.35888140479985	-0.00445305877759272	-0.084659688417818	-0.0508746610158316	1.41670248597202	0.0603018524104231	0.451942997129705	-0.20896872181395	0.0450312651879141	0.549135990467078	-0.916682294305009	-0.245542411042239	0.551595341673242	-0.626130617008119	0.0458254838227171	-0.840888863201265	-0.229932049878868	1.60626668379119	0.839499508932546	-0.445302876748535	-1.6240153869152	1.81988970747651	-0.768102368237282	0.0106049114604801	0.00396812235722948	0.12209964073527	0.293408712790405	1.07876090169005	0.00571445394168654	-0.33096155294497	1.32878413450347	-1.0528170708586	-0.0374687771309916	0.0837748059687231	-1.02707644987977	-0.37106663836355	0.728919990262444	0.0304173143218083	1.1642999891347	0.591925758827697	0.269159307211585	-0.954756261410684	0.0194337626283126	0.529223106762038	0.899483280632374	-0.520631833009044	0.798438764648061	0.631042978894094	0.114326440447415	-0.782761898249004	0.465148173100693	-0.640269945237935	1.43820988528462	1.34090262466428	-0.626357182168356	1.24181722535557	0.354426613192394	0.648973914934199	-0.137373271297292	1.278164566772	-0.744769342834692	0.0815106145671723	-0.0480389700696446	-0.0332278019582595	0.194211030538343	-0.613627458708831	-1.32630323546626	-0.814472500151279	0.787701221014807	-0.914410290436604	-0.169208772031512	-0.37384952013325	0.176798786384794	0.19713107223814	-1.06888889790471	-0.262403632708858	-0.616249830213267	-1.47904623862298
0.104903825409734	1.95192590625413	0.222136278622289	0.00865862961022148	0.772776684185101	1.10138224240794	-0.574608189360811	-0.123100821476143	1.39670637400374	-0.133044970337922	-0.742877490941232	-1.8406226931471	-0.460594493893875	1.05532644595548	0.966663340573347	-0.892613917732031	2.12228157453538	0.359200812026158	0.42753737341495	-0.37911698041993	-0.20199632177148	1.25773046536782	-0.905537751123682	0.305194158195471	-1.58569082391784	-1.74830152722127	0.562436392323053	0.850574756224672	1.9092365953381	-1.4834805834338	-0.892804328630315	0.634447558614314	0.44820465737316	0.871710427619999	-0.623664171587323	0.237584926629066	-0.663273319219232	-0.987807339583624	-0.598343260987144	0.740466675343167	1.50265798085854	0.766869963450173	-2.05710336638666	0.266441952362194	-0.0726443829371526	-1.40429476840412	-0.55611149015702	-0.415718378227994	-0.885401925852247	-1.57211572372588	-2.109740093545	-0.447030845845928	0.0661451888957538	-0.982471547001564	-0.122597042986595	0.256484297265706	0.502656112109615	-1.96538122549548	-0.645279230791194	0.629766972935605	0.435737910083093	-0.526506527807393	-1.11062813188456	-0.278979600732343	-1.86609169096199	-0.369558727615416	0.523996541384086	-0.597913683299785	-0.508733970985397	-0.369271913706929	0.116026183136881	0.196184487230492	2.7330425754002	0.718138718587632	-0.218436991187526	0.0583003180061416	-1.03794162700912	0.906117714173456	-0.411119620051495	-1.38288996875115	-0.558733258000067	0.286297246279454	-1.25786663823295	-1.40591045996657	-0.176232448477699	0.51745084446189	-0.022082604357604	0.196500117268446	-0.751020502693432	0.910677308877372
0.25150340397649	1.16107894617667	0.963256953447149	-0.28578548555226	0.710800425461292	0.575082724184741	-0.0125549763860623	0.797259916555643	-0.562908228294072	-1.0331728294646	-0.282679230544599	0.857684256523107	-1.74564444434478	0.645883547336663	-0.33114479037961	1.38795328608241	-1.35100803809935	0.24753167257969	0.453660812839053	-0.057230932741066	1.17614662936558	0.112813968090511	1.39477870599715	0.180792253170216	0.325599943241273	0.0979913679068786	1.32960840422411	-0.164984475576169	0.911619545852418	1.05923744440596	1.12062779410757	-0.788408837081768	-1.39636357346581	0.689591858346328	-1.24066760570018	-0.119399320717529	0.837832443576714	0.119431426283215	0.539403244101396	1.27941117335798	0.736808613450992	-0.262270150899831	0.0680099864424949	2.16761119909083	2.25403393334816	0.186320607879966	1.25076490035565	-0.109529831882943	-0.192802250070848	-0.233966875338399	0.246990934523556	0.772640011892249	-1.34795598806258	-0.439839047434407	0.850460230561713	0.203301380191432	-0.57821032763489	0.556061966180314	-0.145061470122181	-0.603375135628772	0.229985886327723	-0.420536121063487	-0.355508810139149	-0.224996377600179	0.979796737811374	0.285955511292381	0.412957555199411	1.0749036515973	-1.19336469063275	0.426519762490232	-0.255373235756282	0.418906577298789	1.51120399619849	1.59417690446192	0.837641138515947	1.70223277168585	0.853014573800202	0.0655865551022535	-1.48342266195219	-1.110919349511	0.246578648924454	0.611697667098648	-0.435593886321627	1.39897227877507	0.484754528064937	0.556051290328113	-1.14252943396358	-0.128039130641803	-0.312518305191122	0.66769091984379
0.182113858735993	0.179744938712278	-0.794605691966849	-0.884228624711936	0.539235702809385	0.486643753201033	-1.21801118509302	0.661628642891173	-0.193506915387961	0.277699755936594	-0.760667779254133	-1.46575825122616	-1.3198481204558	1.00214366017917	-0.0440421641668125	-1.91968636118641	1.73989715271863	1.32791710882522	-0.734298319642805	0.173315567962475	-0.460918017719918	1.0165920591339	-1.24387757178299	-0.606863209545879	-1.74695414817502	-1.35066460878456	-0.140507212310556	-0.573771235345925	1.06378524347115	2.4372362181864	0.772086489033784	1.03018503148794	3.27476125105591	-1.04020193076129	0.17245812661195	1.02421789159396	0.0689660545178765	0.486250103365951	-0.58512457982079	0.307102505566584	-1.42362499913693	-0.304347412062504	1.66811774001101	0.0932343079708757	0.289878338035116	0.941037065338815	0.224162949378507	1.13903569826408	0.108597574310409	-1.40528987739347	0.538909481560773	-0.592998426356565	2.06382050045497	1.46330772866127	-0.145682254982334	-0.79595608302952	1.05102421811957	-1.12570690000774	1.4679412568089	-0.331451133826618	-1.44987646126385	0.931434907758126	0.87245818893182	-0.672307337730887	-1.11660924438713	0.920485540610833	0.264417844369829	-0.592814474532382	-0.833961474205702	-1.18320125435893	-0.709470146888727	-0.943960741617687	0.469576469905592	-1.29981611020718	1.34094128252095	0.732254647656148	-0.450307877226146	-1.1744417952305	-0.622312959538552	-1.44182658417855	0.807688294240514	-0.915027143063802	-0.213880521719729	-1.50087134384941	-0.670506540315003	0.294713462185066	0.420949697701816	-0.390049444723263	1.16514347819578	-0.341289108026067
-0.366267347672886	-0.288284464111681	-0.0987919140574921	-1.6728599917906	-0.650670005300425	-0.116055896766101	0.773471120756463	1.06001555320668	-0.792323600202137	0.757871091365287	-0.330936660036424	0.123940373701597	0.563500583500672	-0.236502246815556	-1.08562283501501	0.902008717968314	-0.651294532215415	0.380295456578108	-0.122335450978639	0.472201351831097	-1.08542219330927	0.0913910683976203	0.203847054805231	-0.634676581720561	0.0690423177423346	-0.0826724483623597	-1.45788666532456	-1.92375947676102	0.723254552652791	-0.200648232631822	-1.261519336299	-0.591342259551326	-0.100449305553867	-1.61328332796707	-0.116271024693273	-0.581640798489375	0.557545455862207	-0.197555740413584	1.41355823289026	-1.5175460759879	-0.629622609565846	0.878081315415221	0.133998897232146	-0.711979870638778	-1.45027920878004	-1.3457593775515	-0.924524399955533	0.343609583479432	0.804389287347114	0.374509969391357	0.869496011460013	0.192800724426122	-0.25826344089211	0.91662693945957	-0.313753224146304	0.170668871109358	-0.850772816105862	-1.29235853243129	0.0228559107851253	-0.0727630168999201	1.11648603266947	1.40962867058281	0.635572625612664	0.542870854126743	-1.0812737250978	1.11761063207465	-1.46312441066576	-0.144033520836265	0.634347207301061	-1.45974143783726	-0.25171797681259	0.415581041002995	-0.624158899990169	1.83835600797645	0.679129889189348	-0.876027102313345	-1.40065336653514	0.186179982385756	-0.0545379336471448	-0.207436821291991	0.439735644078298	-0.334116876869345	-0.628049466160711	-1.35900883926428	1.89457517390211	-0.950652145389638	0.260629105960106	0.122119314651979	-0.517923256265838	-0.527594392581982
0.969481732176736	-1.41101345731513	0.126565608817514	0.0427389927952875	-1.58140434595979	-1.53408058438123	-1.05370449481305	0.348455671835653	0.25809265573934	1.00592478899589	-0.935060531098103	-2.01477490878889	0.339966922852267	-0.491214236702416	-0.617083839128021	-0.390094051015738	-1.08788085163901	-0.592658974752959	1.70737634063525	0.0829207633127372	1.14804672440736	-1.36694855117097	0.210667640151059	1.03693015520126	-0.310053124264645	-1.21261857152602	0.37138472896515	0.503266695633188	-0.00571183898521898	0.851310535657637	1.00769000856983	0.134908549625216	1.62661323338207	0.266074334332653	0.0180546572571218	-1.69123346609281	-0.199206878141859	-0.771963619452269	0.316691833480759	0.0240051465727888	1.35644807714761	1.92146806956065	-0.639316110896751	-0.645361600506041	0.756646283371452	1.11137794327783	-1.15439607541765	-0.222220800965794	1.17169121739904	1.10029322058405	1.51258498572102	-1.12058434216037	0.574915373504757	-1.45613721957119	-0.958104969748677	0.0465147457818817	0.123239873853729	-2.33030099660376	0.0837828305298001	-0.349972687423104	-0.235543115983797	-1.31666059514362	-0.819487657514408	-0.0115699677159882	0.800754285258795	1.08197481675801	-0.131673877729123	-1.34179091072293	0.87395377294805	-0.420640317900323	0.21607370783227	0.580467119185304	-0.562569184135868	0.500593581291898	0.58204742685754	2.02529913702303	0.397171919768066	0.982437347364383	-0.455282169997236	-1.41856632281678	0.962197846792319	1.57625543078238	-2.48415495462756	-2.49160015339784	-1.47880265167929	-0.726029744069358	-1.90029318141739	-2.2504257925289	-0.127042947485899	0.500602887972226
1.54689015406198	-0.0948078817213987	0.0141151447724872	-1.30472145300911	0.380359599329885	-2.35191324435326	0.303546630970399	0.522893201074919	0.650777032606785	-0.743519516936821	1.38255370702943	1.06429455960144	-0.725604386244071	-0.289749188180905	0.123736918005014	1.05850700158806	-1.223385858122	0.575962173790305	-0.628004622291379	-0.936780936130118	2.11319785161513	-1.16477889754117	0.22367160690041	0.220000281365464	-0.861696045081848	2.09304058953936	0.409622070809276	-0.937416838008595	-0.444471502781411	-1.48169504326053	-0.00560287968726574	0.311529030327632	-1.58655477278579	0.328969486949351	1.18252453937213	-1.457250142817	-0.252525053568312	-0.724859565692482	-0.688779034074953	0.134889714068866	0.954458430467102	-1.00816241553091	-0.810891114378837	-0.758726480885207	-0.570154610467143	-0.383779817507348	-1.14039666756593	0.225829386909959	-1.46057980202862	-1.70152633991117	0.520258712521958	0.178427745143288	-0.983209175154488	-0.161849738493279	-0.305886603458332	-0.282286813828945	0.909809235228843	-1.45507467437709	1.26196512818632	-0.126305990065916	-0.90554806800272	-0.403381293227479	-1.10654919038869	0.995841446342785	1.52354641609729	-0.128861464330934	0.50591744994416	-0.901318169567497	0.369769782189276	0.13037071096194	-0.395319952361981	-0.173702239241092	-1.00104383566554	-0.0203054453690695	-1.13401403240442	-0.212146267952556	0.699631340096619	-0.415450085559661	0.461643319375701	1.25752580117279	-0.961936883250679	1.25825738038423	0.245517263653106	-0.842464916745529	-0.352002768993777	-0.328835803883884	-0.513829776472599	-0.539177887655592	-0.115075247708761	0.685911252134644
-1.28665880407004	0.937052905470778	0.724012889554312	0.431430994818765	1.73708444184498	1.5634705368968	-0.323228571494653	1.63467428190783	1.81890536501175	-0.981184854267296	-1.171905360734	-0.203909584340506	1.33106402708366	1.3885898224298	1.66327890875658	-0.633945584928004	1.07829138794455	0.323114133591128	-0.333003318697685	-0.283672896520601	1.27905448321851	1.65539699597529	0.729576241079655	0.865313204918095	1.03738950733361	-0.899932299573135	0.35214551617167	0.111619249723742	2.60558921922205	0.166948295567004	1.90923491382573	0.777225008741484	1.32624200770065	1.74310176914518	0.130016971349259	0.575942557626326	0.544118964105922	-0.661056472367059	0.601796726711768	0.580999241691302	0.613707579094139	-0.953174607892027	-0.24170189091188	1.4800131430897	1.9220260366453	-0.0265075962767389	1.71708825071288	2.08327756168583	1.42938813283311	0.627706260219664	1.19890039881745	-0.347214244235108	0.571800202566328	-1.69910498804285	2.24222554130225	2.20006424284314	0.695559506915204	-0.908291154046744	0.173328019732482	-0.419142544078299	0.442080756149318	-1.81557419586613	-1.58602778801142	0.831275317422497	1.41971869796501	1.45619245202494	1.06824521571684	0.353143207278907	0.806499725431954	-0.732428571187803	-1.28349292039403	1.40184743307176	1.03673276647145	0.725106876113772	0.866388781129553	-0.271083525155323	0.671871515061699	-0.558379855286905	0.154934199708952	-0.874689529866781	0.531957985712918	-1.12970315252886	-0.0634231224266431	-0.571097002590606	0.749234388100232	2.17761491411379	1.6132301735182	-0.153583173194776	0.376463216487308	-0.510202138870005
-0.60380487181059	0.625368153162168	0.127955671661629	1.01135390668131	1.26777378748427	-1.01079780982031	-0.416858030124113	-1.05967901332697	0.751612059336925	-2.11806051361559	-1.42253560261762	-0.981506772777594	-1.5596146435847	-0.161819391022406	0.287361339926824	0.340744489900076	1.24370025379323	-0.570795823086917	-1.77935620115573	-1.37204130113104	1.25008314163861	-0.859063744895953	1.74307885713537	-1.28980452215347	-2.31113101935095	-0.924618500643255	0.617168176393297	1.20913823391637	-1.54138782567964	0.623487106896611	-0.951678522469469	0.850420374262383	-0.286225472416567	0.731615122777367	-0.471099734072923	-1.16492706996385	-1.03317697145672	-1.07334010424249	-1.60471416225239	-1.40619752809117	1.02998007238256	-1.88385598156268	-0.493263890704309	0.421955249979785	0.338910825063841	1.45543388469526	0.0421190610295644	-1.71908475293778	-1.3123588194575	-1.0856153274776	-1.05422274340286	-1.25672130846716	0.144664564663539	0.0841081244888902	-0.166017566275497	-0.356580348399536	0.859176627876567	-0.0683083294213624	0.109832453405958	-0.229479830410242	-0.370526244511991	-0.554876468671084	-1.1565441392938	-0.166537763673121	0.198577889070666	-1.18863305308232	-0.271616409863367	-1.76884556207834	-0.478289100767713	0.118559057400356	-0.373430969467899	-0.203123664549595	0.752438336943982	-0.799757764028532	-0.566131331540814	-0.0110698377269764	-0.593284479208231	-0.745259881527279	0.468664699788017	-0.315225230582046	-1.2107972176335	-0.508034139732192	-0.243365400060108	-0.0850889186948625	1.3786352098304	-0.835212474564036	0.00702881889749706	0.992575432947631	-1.03477234726305	-0.680335773050865
-1.02318168813142	1.28938406186131	0.117372649429398	-0.90236815473563	-0.542653206131265	0.623625418793306	2.11144049342676	0.0937730649062827	0.741592511259106	-1.11153142216194	0.844786117077023	2.51962669150841	-0.210453926621717	-0.35027254876491	0.245888836246855	-0.0146610246479173	2.17153287107292	2.24172171793424	-0.625674359745964	0.695690325637027	0.470897748921282	0.0189681714978096	-1.31446409411978	-0.530020823297054	-0.154145117252237	1.36434266226221	0.796004092665625	-1.03322849788212	-0.53867966076084	-1.22408481458328	-0.801209022699969	1.99109867378311	-0.253974373961163	-0.308842709589626	-0.693097633067296	0.341739856426959	-0.277498604909551	-0.392208775827579	-0.654013033486986	-1.46589553229931	1.14510290895386	-0.514799806435539	-1.30879386919227	0.407573431344659	-0.0746194484797635	-0.303288066316122	-0.705857487260431	0.386393942580666	-0.6587463673502	-0.63991165236693	-1.10650276786393	0.711869069788566	-0.0786097674934378	-0.640491047664996	-0.815137106352511	-1.37307218312948	0.642239400146852	-1.08467122671488	0.0884436807104762	0.447009026372204	2.30569094689045	-0.615166377883536	0.29179673382031	-0.297831611084718	-0.56990228584917	-0.687130544049659	0.287511908997072	-0.0367642319403258	-0.0616545474578514	-1.54487692824649	-1.29922522457144	-0.327917017333713	1.61133285689478	-0.685190211015236	0.247519126634901	1.47122864013713	1.08509398113703	-1.45735417122663	1.12461349807438	2.13195170649618	0.42320750604331	-0.788167783904209	-1.37888649906505	-0.64524563443581	2.30574008951093	-0.864988537399374	-1.19516604541659	-0.726917346302326	-0.203730143651387	-0.991401167359673
0.247049679971917	-1.52950161144988	0.0755631443143067	0.946471930336004	-0.678644031128278	0.342249172786301	2.30461455955282	1.41769346047645	-0.739994988497426	-2.55935605942112	-0.744604609006869	-1.0416504344282	-0.107434713797393	-2.34733099556513	0.759768519225174	0.039571798646174	0.302045130409797	0.786494915599066	-0.287034487027845	0.676829710219652	-2.40506162749695	-0.358287808442875	-0.474232073520214	-0.279310350846482	0.359166345620564	-1.15390562749009	-0.0685406118616757	-0.0902608663884202	1.55244123543659	0.767000240019894	-1.68658148593979	0.177239424847568	0.661912042187484	-0.359704839249211	0.350968478243835	1.09963711513654	1.4978011995194	1.29490788874186	-0.994464747536067	-0.305595299260626	-0.892611195522304	-1.1718053557886	0.123010366462187	1.22969528100597	1.84198788815398	2.52498234705874	-0.478997782887545	0.215322091500304	-0.704156796298742	-1.48335516849822	-1.63153779811815	1.31342643824914	-0.635595071728803	-0.0948339932623845	-0.524630970228391	-0.61515339606619	0.359739463652139	0.708887612136775	0.552093575689329	1.14094232077191	1.41079056162336	0.238766873800752	0.701342725314537	1.20439649280385	-1.23808690482094	-1.0059625626602	0.301341535634978	-1.10479243695842	-0.523772608273874	-1.29421102642763	-1.9983673564135	-0.0214873364716756	-0.0646142754328865	0.235455867424749	-0.850950269708259	-1.22253283623536	-0.228116085485298	-1.41532416554636	-0.975763786997213	-0.823071607305726	-1.06376193067557	0.17211116400828	-0.76393176889525	-0.724572895290493	1.67753090097612	1.02231316744734	-0.441467481373317	-1.47110797507779	1.16644244420002	-0.285117090469801
-1.78016867898229	0.0613861230518524	-1.23516269707135	0.0343060494920285	-0.221399825773824	1.3037785718623	-0.432678165832181	-0.0312217195117191	-0.271955458536029	1.09495167972588	-0.749676899237877	-0.111479061096482	2.22642842567084	2.36143457974814	-0.78096460736902	-1.02447355380163	-0.392463881378166	0.983016296665497	0.657948449500041	0.732851020698735	1.72269216017105	0.554689401381725	0.422991884940725	1.73975646182022	0.780864302470854	-1.1343573310022	-0.472958447733063	-0.168402844859213	-0.230929528049265	-0.430205371657025	-1.00412086171165	0.674648575906899	-1.40650590949295	2.19616703388202	-0.618919301959398	0.690757562948674	0.557867532820039	1.01403859129798	1.1282881147026	-0.786437642157898	2.38045877918716	1.11608378873679	-0.102144788541072	0.503969643234738	0.58629620183795	0.197323631684346	-0.525417606934085	0.615165320542433	1.02279339047139	0.977317307623449	0.318659184826827	0.307848086846246	-0.100418104247591	-1.39330127321004	0.652950124566462	0.414521962145948	-1.35053214581227	-0.207303825269362	-1.37648923065658	-0.490229365660907	0.188729582445041	-1.47738163045776	-1.59896730473753	0.886440696523773	0.68392402113215	0.924198543618186	-0.573765316672687	0.0588979237347709	0.32400855731628	0.96447221299172	1.38391123729152	-0.327613005385952	-1.39844339962606	-0.929657391088024	-1.32131921968305	0.812409630693857	1.39543596764373	1.87505462422436	0.194807767268226	-0.606541439164392	-0.288265445670726	-0.418571519449035	-0.236712739200131	-0.270374444709674	0.651916097013974	-1.70409532606726	0.329268347257537	-0.0178216734503493	0.944177989915665	-2.02548820280947
0.695285436730616	-1.48761827519508	-0.343808466881663	-1.99947464922434	0.806900755418651	0.42469428186208	-0.0434948836059445	-0.25648627272305	0.410934982427176	-1.98193307619323	-1.06413406628183	-0.622655452051043	0.520723140812963	0.0987358427036975	0.124340546293854	-0.0272309965130278	-3.02316752301402	0.0304494042086208	0.382067748743534	0.131237411241756	-0.510196022669753	-0.227744411076925	0.335219587347574	0.299610843208135	-0.627132466438448	-1.2266083761793	-0.825519897776344	-1.4936240948814	0.373309897277564	0.660501190710081	1.06137684260722	-0.0710524731308827	-0.768161299725627	-0.381201511871735	2.06232172814338	-0.873177986567936	-0.944336516341269	0.0445492547626516	0.677521356650891	1.33441275689558	-0.351800366621544	-0.589617289716777	-0.401118074348159	-1.00536813806074	-0.420080970820618	0.205937152692471	1.26206596832873	-0.456468281361749	0.0552706977286938	1.50116293864091	0.816251178638491	1.11235208002735	-1.96950995017284	-0.822986258476462	1.01520543886697	1.51407139503625	1.08380723492905	0.289618556539456	1.11491009801425	0.68935603070812	0.0624026033384586	-1.05403360173404	-0.0921119222443522	0.991483885951721	-0.0730324783238139	0.885477547186951	-1.51425702273587	0.0975334770200692	1.8354753253979	0.56318140365697	-0.408051858136946	0.0307890548397843	-0.824503684225019	-0.563831556875335	1.46293445803978	-0.0961684469212065	-0.318635153006516	-0.69238417888053	0.175968682712043	0.263969674607304	1.06466091016808	0.543934066818251	-0.467799939651831	0.444111787278363	-0.940406626097947	0.542946323944105	0.3951791670301	2.02720779742216	1.00059210735545	0.862829354390366
