1.5059930278235	1.5059930278235	1.5059930278235	1.5059930278235	1.5059930278235	1.5059930278235	1.5059930278235	1.5059930278235	1.5059930278235	1.5059930278235	1.5059930278235	1.5059930278235	0.146172130843476	-0.635731419119397	0.112011502483482	0.770023188592511	-0.0559802972721405	0.224931608225666	1.84026341650501	0.296613298335865	-3.66704440967206e-05	0.749293710536295	-0.836903617883731	0.368421848849275	-1.47580929624991	-1.27522865695279	-1.27522865695279	-0.790516265870918	-1.25426048663994	-1.23524932657224	-1.47580929624991	-1.23524932657224	-1.47580929624991	-1.26658281098209	-1.72412461342752	-1.47580929624991	0.136625449043304	0.559270451279309	1.28304294746216	1.13872184092377	1.66689668114147	0.202840159001275	0.163503082435443	0.866738670454485	-0.31336002843551	0.718035999413187	0.683442617129746	1.56689689202895	0.67217875455555	-0.254553263997745	0.319235051090017	-0.897985962825212	0.248250945760063	-0.658859082235983	-0.165954121479636	0.722184974392445	0.713714043447522	0.125192105887238	0.121576439868571	0.546895804192734	0.142919552164611	0.142919552164611	0.142919552164611	0.142919552164611	0.142919552164611	0.142919552164611	0.142919552164611	0.142919552164611	0.142919552164611	0.142919552164611	0.142919552164611	0.142919552164611	0.753845024749343	0.817012647370496	-0.17569686403364	0.948709202046969	0.818496216446193	1.2984080104687	-0.030765510162503	0.0675025196511979	0.101378683276508	0.257320013492235	-1.45761983115002	-0.74028020809743	-0.112057373354086	-0.932909280135892	-1.06322999806825	-0.712258010505499	1.14102597910308	0.278719373123709
-2.03643120311399	-2.03643120311399	-2.03643120311399	-2.03643120311399	-2.03643120311399	-2.03643120311399	-2.03643120311399	-2.03643120311399	-2.03643120311399	-2.03643120311399	-2.03643120311399	-2.03643120311399	-1.15240879871611	-0.617510917467626	-0.633996821315245	0.832724119086996	0.879625103829994	0.585273935216933	0.627662692603715	0.357796778576025	-0.311505148360163	-0.531456746494742	-0.719390234884765	-0.480026164391227	0.0511502120801956	0.248195339584648	0.248195339584648	-0.537091994088869	-0.33620780058275	0.052378528887263	0.051150212080196	0.0523785288872628	0.0511502120801961	-0.0118832225770428	0.412467198641488	0.0511502120801942	-0.0527352556791835	-0.990545037458956	-0.129396455415809	0.497395410121923	1.35871348060316	0.164732227302519	0.964666603602216	-0.42650164508086	0.293727813910848	0.616609206975694	0.653399713217064	0.0509601193349071	1.27348720311027	-0.506089489864561	1.15115014686152	-0.324775226539293	0.497447070943236	0.383539681140042	0.80152404715173	-1.05372000073663	0.637885269160053	0.297015508553478	-0.755462260740583	0.1385191944031	0.173356438629886	0.173356438629886	0.173356438629886	0.173356438629886	0.173356438629886	0.173356438629886	0.173356438629886	0.173356438629886	0.173356438629886	0.173356438629886	0.173356438629886	0.173356438629886	0.84440743370205	1.46118172912071	1.8702060993555	-0.73721363953572	-0.838243904061421	0.689632647667514	0.366769392811554	0.515311987308627	-1.16891122302488	-1.33833668708665	-0.958910702689694	-0.491788408529445	-0.0840146131015116	-0.594349493489769	0.795283955531948	0.780106512649574	1.83910766640938	0.555443004635495
-0.490584841194585	-0.490584841194585	-0.490584841194585	-0.490584841194585	-0.490584841194585	-0.490584841194585	-0.490584841194585	-0.490584841194585	-0.490584841194585	-0.490584841194585	-0.490584841194585	-0.490584841194585	-0.834184129090425	-0.327891949264368	-0.511360414233721	-1.50790434732003	0.468851756598345	-0.86665645734952	-1.29231150094503	1.23815568602484	1.2730638373543	0.090727300936367	0.758805883629718	-0.612973977356928	-1.88205440700672	-1.85616210218155	-1.85616210218155	-1.63826649651622	-2.14695457366865	-2.28950397240375	-1.88205440700672	-2.28950397240375	-1.88205440700672	-2.0322915529348	-1.23037757527032	-1.88205440700672	-0.680155947944833	-0.180250352384249	-0.279832489280219	0.237468044493422	0.391937539320433	0.51715583543334	1.82718027576052	0.25046656092631	0.501985416445909	-0.0971968311891706	-0.0508487633764635	-0.939168225696434	-0.012018286707531	0.43457508162748	-0.37764278522324	0.228550246894872	1.91165866261224	-0.0526320816044433	0.602408471393343	0.8719021933258	0.784737776085897	0.265106565586151	0.549695274392406	0.0695084752923679	1.04249813602002	1.04249813602002	1.04249813602002	1.04249813602002	1.04249813602002	1.04249813602002	1.04249813602002	1.04249813602002	1.04249813602002	1.04249813602002	1.04249813602002	1.04249813602002	-2.28955657083726	-1.08835488470682	-1.47346594710135	-0.765965821041677	0.14905491979822	-2.24939991149669	-1.21425812920309	0.876488068309897	1.46263776905272	0.420714879464089	0.617292162232184	-0.612327826593058	0.582298849707488	-0.773332589843726	-0.647933183667822	0.241855049780633	-0.740645532526195	-0.57525722072855
-0.304955865962054	-0.304955865962054	-0.304955865962054	-0.304955865962054	-0.304955865962054	-0.304955865962054	-0.304955865962054	-0.304955865962054	-0.304955865962054	-0.304955865962054	-0.304955865962054	-0.304955865962054	0.696500298234923	0.759662438685578	0.0757043488390152	-0.419158850666525	-0.577941747418281	0.0699078707654429	-1.0037501533173	-0.73716615941902	-0.158602032639562	0.0752104848842034	-0.339849078335108	-0.310925560997134	-0.130274016601302	-0.140986287763079	-0.140986287763079	-1.03988945651085	0.0715402311679402	-0.300909413610467	-0.130274016601302	-0.300909413610467	-0.130274016601302	-0.339242297762969	0.262951460692604	-0.130274016601302	-0.647616083136211	-0.478681160055002	-0.16436270094098	1.28837835744541	0.681426846049616	0.536801368830528	-0.234791149008316	-0.152674970319199	0.142846930073203	0.838978934605076	-0.0283886589705137	-0.70872761470283	0.726480712947752	1.49202445078601	0.837759897612243	1.59847713079731	0.804116256359397	1.3099510800065	1.6614628886377	1.07258472925804	-0.084652890237621	1.24411391214235	-0.440749141292257	-0.378849951322582	1.33403705402196	1.33403705402196	1.33403705402196	1.33403705402196	1.33403705402196	1.33403705402196	1.33403705402196	1.33403705402196	1.33403705402196	1.33403705402196	1.33403705402196	1.33403705402196	-1.94639336132506	-0.687182283111937	-0.92503771490973	-2.22484171840391	-2.06318623210882	-1.3421050805146	-1.34695053952782	-0.338029687186069	-0.282058496944069	-1.2363228701289	-0.790294508355934	-2.25168556261033	-0.874980110913668	-2.15941387453021	-0.862752269285634	0.268057935534831	-0.326360379307808	-1.28607003167191
-0.281079271027964	-0.281079271027964	-0.281079271027964	-0.281079271027964	-0.281079271027964	-0.281079271027964	-0.281079271027964	-0.281079271027964	-0.281079271027964	-0.281079271027964	-0.281079271027964	-0.281079271027964	0.679859269238857	0.51812073220638	0.958541776436671	1.7077300675603	1.94494237970171	0.884754941664573	1.90551560354997	1.86890748367006	1.58149066696252	1.65793466559838	0.82423835729124	-0.440669893854894	0.138218324836734	0.233229829757055	0.233229829757055	0.117224063058078	0.292756305980177	0.49043861305213	0.138218324836734	0.490438613052129	0.138218324836737	-0.390520707050798	0.608815794964109	0.138218324836729	0.23489284949709	0.40336323402239	0.535443009935007	-0.262293264214867	-0.124889046246637	-0.333022500495861	-1.76121795904311	-0.669205109390174	-0.510204529792887	-0.0159212960183425	-1.25141850962506	0.424383035580992	-0.65421614013631	-1.47587951487515	-0.407140324040632	-0.798899268503914	-0.967811240072148	0.219732899677803	-1.03185108285407	-0.682541164221954	-0.0404170084672938	-0.755703131890159	-1.16386724707263	-0.592709355362715	-0.226026820837932	-0.226026820837932	-0.226026820837932	-0.226026820837932	-0.226026820837932	-0.226026820837932	-0.226026820837932	-0.226026820837932	-0.226026820837932	-0.226026820837932	-0.226026820837932	-0.226026820837932	0.472254224299852	0.206278448811976	-0.282587413298214	-0.60001064900253	-0.105205029075978	-0.458971703981585	0.0961640247605638	-0.605184534946992	-0.248789614870893	-0.873752384789055	-0.223523644434318	0.0897437024909121	0.66392752369427	0.394700860139137	0.963739930288051	0.353504184710728	0.92258721466372	-0.0381193199645771
-0.633915164133231	-0.633915164133231	-0.633915164133231	-0.633915164133231	-0.633915164133231	-0.633915164133231	-0.633915164133231	-0.633915164133231	-0.633915164133231	-0.633915164133231	-0.633915164133231	-0.633915164133231	0.511303734524354	0.315834281405497	0.463929385597542	1.0720472264585	1.03628021985474	0.8545027040646	0.893413702132012	0.321885507664567	-0.27648223150384	-0.350782927890888	0.454343603567914	0.995954778705263	0.521311777671045	0.516251686965459	0.516251686965459	0.794802991150026	-0.264777682261748	0.104301640658876	0.521311777671045	0.104301640658876	0.521311777671046	0.483347459716329	0.923815145952203	0.521311777671043	-0.109938132072187	-0.116079910466571	-0.0790139549492798	0.310127038210155	0.45647668325496	0.0638057784946827	0.471591514822376	-1.43613761957066	0.344464807478127	0.289325824202265	-1.10457975774047	-1.39796840245974	1.86763468646878	1.20533899214568	2.32101617924305	1.67150688342012	0.601512018469543	0.640727726420087	2.26501183804443	1.39768168325125	2.74422822331994	1.7946044245458	0.700527568920916	2.48597079919495	1.41520665410408	1.41520665410408	1.41520665410408	1.41520665410408	1.41520665410408	1.41520665410408	1.41520665410408	1.41520665410408	1.41520665410408	1.41520665410408	1.41520665410408	1.41520665410408	-0.604676991178684	-0.853443459599201	0.475707312747229	0.219729735859838	-0.548101263301033	-0.675958948127363	0.702108755591331	-0.563564519000507	-0.445244714117918	-1.41546066648477	-0.960654554839749	-0.182044373714671	-1.39688370290213	0.886979448537896	0.0698036189291867	-0.422750488580821	0.232699503146504	0.902905834902245
-0.931043792160831	-0.931043792160831	-0.931043792160831	-0.931043792160831	-0.931043792160831	-0.931043792160831	-0.931043792160831	-0.931043792160831	-0.931043792160831	-0.931043792160831	-0.93104379216083	-0.931043792160831	-1.63588553065243	-1.43989372961499	-2.1132891643429	-1.4654330425278	-2.21804481540349	-0.0330322743243692	-0.498181540359841	-0.294517332657625	-0.21571454425937	-0.62423926699868	-1.89172258748968	-2.18392255164522	-0.0623725397787558	0.307238674999039	0.307238674999039	-0.629417266289791	-0.023758899233739	-0.0603499158387355	-0.0623725397787559	-0.0603499158387354	-0.0623725397787559	-0.068698528921129	-0.0216610256955772	-0.0623725397787572	-0.394168402309425	0.665856572005503	-0.16490982050741	1.20081065110612	0.402295590325868	1.06007694342701	0.483351389857166	-0.674836063667767	-0.157629740576085	0.200083160647055	-1.96533068846004	-1.0346235671817	0.908466260868996	1.66508784754147	0.194875418529766	1.31848069967952	0.704208269991048	0.388882780092745	0.517796200182844	1.4073779027578	-0.434021152049344	0.487077650894735	1.56786341145411	0.303303331035735	0.27067898603249	0.27067898603249	0.27067898603249	0.27067898603249	0.270678986032489	0.270678986032489	0.27067898603249	0.270678986032489	0.27067898603249	0.27067898603249	0.27067898603249	0.270678986032489	-2.00576325586611	-0.817098388690598	-0.888704115952733	-0.5164515529129	-0.38580740114275	-1.7306613700377	-2.68933306257164	-1.52320498982684	-0.494128940191492	0.0140068172287764	-0.374168373406972	-0.660137276140622	-0.505927225487168	-0.676901240475794	-0.769526003235078	-0.575695995850431	-1.24455568777256	-0.414418134376674
0.503000817656695	0.503000817656695	0.503000817656695	0.503000817656695	0.503000817656695	0.503000817656694	0.503000817656695	0.503000817656695	0.503000817656694	0.503000817656694	0.503000817656694	0.503000817656694	0.211810633861298	0.52453859068816	0.590719173198664	0.259144708323355	-0.550638535848051	-1.03914507552876	0.475023386680102	1.0210131879014	0.976172014423779	1.0465078153739	1.08160982157392	0.966607873561161	-0.067862969026675	-0.656507897961084	-0.656507897961084	-1.07763917971801	0.289478361958055	-0.175877697088631	-0.0678629690266748	-0.175877697088631	-0.0678629690266747	-0.48875769750762	0.54232266603704	-0.0678629690266724	2.07638222145781	0.701472446883631	-0.950720591535065	-0.87934869936851	-3.00497782468114	-2.49994355753456	-0.638600340424262	1.04590020441705	-2.26695898436833	-0.905098927208636	3.34936408222507	2.66831335875704	0.161036788819633	0.109175270239306	0.367763979978582	0.133348309861408	-0.026158685506705	-0.0191228224583663	0.176648394974455	0.593728457412443	0.531360525722611	0.746842579997189	0.152804137685161	0.143131191932828	-0.677012678864125	-0.677012678864125	-0.677012678864125	-0.677012678864125	-0.677012678864125	-0.677012678864125	-0.677012678864125	-0.677012678864125	-0.677012678864125	-0.677012678864125	-0.677012678864125	-0.677012678864125	-0.354506607090604	-0.572600292531159	0.248155926327804	0.754612674867339	-0.215243459823785	-0.0131428491594369	-0.531458654318635	0.121370004999572	-0.663452872654159	0.389836643560505	1.01624015553612	0.920105035124848	0.157536984676606	0.226192274777781	0.555584082715788	-0.027986531437318	-0.839947781405856	0.39641594832881
0.33638708355521	0.33638708355521	0.33638708355521	0.33638708355521	0.33638708355521	0.33638708355521	0.33638708355521	0.33638708355521	0.33638708355521	0.33638708355521	0.33638708355521	0.33638708355521	-0.378963080722371	-1.24015119131183	-0.544590457840647	-0.266601262842426	-1.39171341668781	-0.829267342931655	-0.431048509938178	-1.46161817703097	-1.17272166434437	-0.0934740427268463	-1.78067402313065	-1.1198362426253	-0.290626760207585	-0.367018608341534	-0.367018608341534	-0.438973307202965	0.227820405963213	0.302937218718195	-0.290626760207585	0.302937218718195	-0.290626760207586	-0.05067617019977	-0.376869156257413	-0.290626760207588	1.11116506007878	1.01963948191401	0.638013297992995	1.46644983712543	1.72982531649647	3.39511324019047	1.83297073633815	1.11522269609695	2.30256765892767	1.23700722912603	-0.279709284185339	0.954610176949419	-0.153458761943636	-1.13124022601841	0.073047599873442	-0.468573939600994	-1.01942643647058	-0.461908968281461	-0.612026184054243	-1.69702976660848	-0.938280877171355	-0.415375511337227	0.217692751474431	-0.373934548130698	-0.0467141732345653	-0.0467141732345653	-0.0467141732345653	-0.0467141732345653	-0.0467141732345653	-0.0467141732345653	-0.0467141732345653	-0.0467141732345653	-0.0467141732345653	-0.0467141732345653	-0.0467141732345653	-0.0467141732345654	-0.128501079088956	-0.972397280833198	-1.00586682625281	-1.01121637949904	-0.176540042590995	-0.964170621154006	-1.20336790044371	-1.75897714814347	-1.18506744780754	-1.673676978136	-0.629954324042159	-0.340300575194164	-0.232033855276633	0.00976130519845156	0.443892038087224	-0.0624200157854401	0.0901934550607203	0.254172500779069
-0.0388328877380401	-0.0388328877380401	-0.0388328877380401	-0.0388328877380401	-0.0388328877380401	-0.0388328877380401	-0.0388328877380401	-0.0388328877380401	-0.0388328877380401	-0.0388328877380401	-0.0388328877380402	-0.0388328877380402	1.02176701099775	0.924780225538749	1.150331712947	0.945498892323861	0.578522166159147	0.0188216789660595	0.288081613260938	-0.614361805788633	-0.10677929744616	0.725388274362666	-0.0481627422792824	0.302879790787649	0.571488191013588	0.46005273724119	0.46005273724119	0.267752156778495	1.16983884778235	0.969699155552932	0.571488191013588	0.969699155552932	0.571488191013587	0.317699835155361	0.340209124087728	0.571488191013588	0.802430494561365	1.30482436985907	-0.329679100365905	-0.0445869785468366	0.508109317230258	1.23125135910745	1.36209139400655	-0.580566436445534	0.845168627037381	-1.45192218086053	-0.563622524539064	-0.591860838720185	1.42610129985049	1.39920584191034	-0.076406114313459	0.397323109009288	1.20188080214926	0.1007230575557	0.425862388174013	0.798046180144504	0.561217336800614	-0.402428834570515	1.17016384644568	0.726028488946947	0.536080347326759	0.536080347326759	0.536080347326759	0.536080347326759	0.536080347326759	0.536080347326759	0.536080347326759	0.536080347326759	0.536080347326759	0.536080347326759	0.536080347326759	0.536080347326759	-0.71688102614427	-0.717352181317199	0.162493465461559	-1.15960162135766	-0.664830288765364	-0.0948778318175278	-0.919923102531774	-1.13127172089459	0.0409025292523266	0.105661377610558	-2.20172486940287	-0.233544321418531	0.881992559286771	-0.877118065436461	-0.267398802989768	-0.0448085652241471	0.667156890541895	-2.41952756259057
1.17591127904362	1.17591127904362	1.17591127904362	1.17591127904362	1.17591127904362	1.17591127904362	1.17591127904362	1.17591127904362	1.17591127904362	1.17591127904362	1.17591127904362	1.17591127904362	-0.689439392425065	-0.485598463934813	-0.446298324416735	-0.954301805425151	0.0737344061884686	-1.02913326777857	-0.858243912863254	0.150651275960643	0.420050370836569	0.56300623914051	0.260831852728481	-0.91640514306963	-1.21020141444092	-1.0799730209553	-1.0799730209553	-0.647581721691205	-1.48279616321541	-1.5470338038493	-1.21020141444092	-1.5470338038493	-1.21020141444092	-1.42539935588146	-0.791782469271111	-1.21020141444092	0.200581677580008	-0.532971944598096	1.01053792683813	0.565056229024151	-0.155183913201462	-0.362261218177787	-0.841952335784309	-0.248423099260588	-0.118526339372521	1.22541839066047	0.413925433902525	0.338895042113811	-0.921407497780725	-0.910504535754587	-1.74309937706935	-1.3203137235297	0.412939789060684	-0.466981534557518	-1.44266440780223	-0.0458151597261742	0.0272223705097546	-1.0961360052679	0.589269526988459	-0.275956791259668	-0.761914292916126	-0.761914292916126	-0.761914292916126	-0.761914292916126	-0.761914292916126	-0.761914292916126	-0.761914292916126	-0.761914292916126	-0.761914292916126	-0.761914292916126	-0.761914292916126	-0.761914292916126	-0.698880712856501	-0.556693694163918	-0.352267780175003	-0.803367740879744	-1.67906069744441	-0.265260998222347	-1.25617662270334	-0.675783020404031	-2.00354202835312	0.136943320227226	-0.349983519203006	-1.08273061612466	-0.750083929291922	-1.74871130777033	-1.02587345289673	-0.963270454122763	-0.467326724898432	-0.972483128938122
-0.0518657400224491	-0.0518657400224491	-0.0518657400224491	-0.0518657400224491	-0.0518657400224491	-0.051865740022449	-0.0518657400224491	-0.0518657400224491	-0.051865740022449	-0.051865740022449	-0.0518657400224491	-0.0518657400224491	-2.56154823060343	-2.25098867473709	-2.02307106871788	0.357964075315472	0.389510167644387	0.989169795866347	1.4053094872485	1.32666511688165	0.761052233193504	0.13903177968987	-1.53505499870337	-1.8026431009791	-0.128815346310628	-0.784279004259821	-0.784279004259821	0.607840050640692	-0.143380001540994	-0.0629003326280956	-0.128815346310628	-0.0629003326280955	-0.12881534631063	0.283595167365396	-0.362871953113961	-0.128815346310625	-0.0618536378731446	0.00409603217799265	-0.352411524836263	-1.21144000682692	0.477085753851551	0.74032774189316	1.03880435254591	-0.901964962242373	1.298345713618	-0.67321013505388	-1.6596819236483	-0.836132962789787	1.55156188325754	1.86344014380812	1.65744226359576	2.11630366700451	-0.118146477702358	0.953558633302777	2.28112767134742	0.816046001432275	0.584136830944257	1.52508415921194	0.392354453501219	0.994777894014963	-0.104980376353028	-0.104980376353028	-0.104980376353028	-0.104980376353028	-0.104980376353028	-0.104980376353028	-0.104980376353028	-0.104980376353028	-0.104980376353028	-0.104980376353028	-0.104980376353028	-0.104980376353028	0.194125135906234	1.32880565806504	0.361248176177688	1.09676159786599	0.578391037359107	1.60881819400185	0.0803256668834579	1.57592908470069	1.93877877669086	3.11325679697986	0.194478087694206	0.642496559270624	0.321236330951267	0.919184148802792	-0.942020437496204	0.697280790670716	0.167659362689311	0.24783070424952
0.150635599822353	0.150635599822353	0.150635599822353	0.150635599822353	0.150635599822353	0.150635599822353	0.150635599822353	0.150635599822353	0.150635599822353	0.150635599822353	0.150635599822353	0.150635599822353	-1.28258618923917	-0.754710203261479	-1.61971817436224	-0.388548288196513	-0.577860542751725	0.970848159822951	-0.365284600984967	-0.256160524213969	-0.677888860389841	-1.18823389246744	-1.45027468993037	0.583079546035496	1.07042884814247	0.802376884326673	0.802376884326673	1.04544757504482	0.751682578892213	0.925153773864389	1.07042884814247	0.925153773864388	1.07042884814247	0.536194268826711	1.585377240013	1.07042884814247	0.143843253719435	-1.31652456270435	-0.918787659716003	0.439913396890728	1.96874492499547	1.04371898547615	-0.655677664269109	-1.2624385616	0.444863265988627	0.107604333303282	-0.256336862436155	0.258869390225526	1.05684153196021	0.190632670659062	1.24702125162399	0.507569161035209	0.0634233394296316	1.24391551658617	0.376323886977729	0.808254098920756	1.59873900917097	0.219577963473101	2.27829784740698	2.14421317617245	1.01589390530608	1.01589390530608	1.01589390530608	1.01589390530608	1.01589390530608	1.01589390530608	1.01589390530608	1.01589390530608	1.01589390530608	1.01589390530608	1.01589390530608	1.01589390530608	-0.733085683587819	-0.587193523216705	-1.26300451090317	-1.14243439327345	-0.766290676811889	-0.651643099532319	-1.51131451060469	-0.898118665058828	-0.85865875643615	-1.03821835539855	-1.7310573338937	0.089557342809993	-0.451732595120567	-0.277754632779011	-1.63127917172249	-1.91536389254951	-0.58307593619548	-0.515470621817574
0.0607409904581095	0.0607409904581095	0.0607409904581095	0.0607409904581095	0.0607409904581095	0.0607409904581095	0.0607409904581095	0.0607409904581095	0.0607409904581095	0.0607409904581095	0.0607409904581095	0.0607409904581095	1.38711621932928	1.02546557814111	1.66394784609803	0.446994382020221	0.902484224477101	-1.24252669689452	-0.932885685809814	-1.02614393164863	-0.71205048110936	0.423292331341451	1.25554255271838	-0.586319803996598	2.5105044178729	2.45396075216661	2.45396075216661	1.75542670333168	2.08118730067725	2.20549453393692	2.5105044178729	2.20549453393692	2.5105044178729	2.29132770829468	2.67367509820462	2.51050441787289	-0.272621828412138	-1.25701332530328	-0.737194869014194	0.415735211697457	0.386629350838601	0.387610007135907	1.05560030201437	1.76463276739267	-0.682974950679837	1.2995948485435	0.951385104902142	0.416016319300292	-0.737825697714776	0.0769086342397072	0.343673209992253	0.470260419665474	0.642893766914824	1.12570553608476	0.981928598484434	-1.23443958578157	-1.36340059708563	-1.09597270647022	-1.74537857435804	-1.65840140124815	0.136693405859457	0.136693405859457	0.136693405859457	0.136693405859457	0.136693405859457	0.136693405859457	0.136693405859457	0.136693405859457	0.136693405859457	0.136693405859457	0.136693405859457	0.136693405859457	-0.948990547837642	0.0578003765357015	1.19537073070363	-1.0541934619796	-1.05004778417852	-0.50767676759368	-0.0183081735340733	0.59300809216628	-0.331609369644454	0.243316619036956	1.29097173286652	1.05727373843716	1.33468349206417	0.244760548278368	1.13976494623329	0.298947198905133	0.545120740450375	0.855069448890891
-1.53745974749022	-1.53745974749022	-1.53745974749022	-1.53745974749022	-1.53745974749022	-1.53745974749022	-1.53745974749022	-1.53745974749022	-1.53745974749022	-1.53745974749022	-1.53745974749022	-1.53745974749022	-0.704608560035314	-0.363812097070875	-0.629077815459149	-0.513727631333172	-0.293803725356662	-1.32661588382052	-1.71191269210538	-0.570176460304236	-0.908880409709503	-0.353208319181421	-0.327806969879184	-0.645762773151904	-0.046136854115298	0.393693742761247	0.393693742761247	0.231198172366056	-0.186275544096132	-0.174658211369334	-0.0461368541152982	-0.174658211369334	-0.0461368541152984	0.0510864301939052	-0.374732359931581	-0.0461368541152985	-0.408048124576787	0.982577457446007	1.04473830107198	0.096488559727839	-0.100442974783797	0.965947568661414	0.0930094594490629	-0.556636399525984	0.522255974649176	-0.710341101486278	-1.96929633874692	-1.94887373073309	-2.05909107516671	-0.269168439710178	-1.55311896189174	-1.32111113809676	-0.235350496648918	0.180930477876495	-1.95206679504572	0.0420445104548506	-1.13868813698342	-2.64881540240574	0.0620033568812048	-1.07619442113301	0.811253324232768	0.811253324232768	0.811253324232768	0.811253324232768	0.811253324232768	0.811253324232768	0.811253324232768	0.811253324232768	0.811253324232768	0.811253324232768	0.811253324232768	0.811253324232768	1.44489259833806	2.18738789144344	-0.102480446622628	0.515971567196258	0.289229187052507	1.37942315276766	1.2795557590605	1.21752264332787	0.562834031163317	0.712453141054453	0.337124119179225	0.153912186490198	0.225935776360846	0.405941504124389	-0.113555345264182	-0.678280326997492	-0.198331101658838	-0.361487716182037
0.157763773481245	0.157763773481245	0.157763773481245	0.157763773481245	0.157763773481245	0.157763773481245	0.157763773481245	0.157763773481245	0.157763773481245	0.157763773481245	0.157763773481245	0.157763773481245	-1.05542384092918	-1.13086335460181	-0.952068211592398	-1.77762874760497	0.579087567642886	-0.78254562069656	-1.21706692949665	0.617478317813407	0.312262536649293	-0.42360728804218	0.172210362571547	-1.3477393950927	-0.0206070919911562	0.249045797877842	0.249045797877842	-0.170486093986861	-0.510422129693441	-0.0455071000286911	-0.0206070919911559	-0.0455071000286918	-0.0206070919911542	-0.161428420637205	0.497814815923305	-0.0206070919911606	0.731496181205497	0.160132547404847	1.34892240067898	0.15788338281509	1.5715282338889	0.970121095070199	-0.224934370466879	-0.323608118448689	1.80631867159009	-0.43705718180875	1.36561886919558	0.985787943818108	-1.60800610377918	-0.617327059673423	-1.89444073446793	-1.50383764165633	0.337388516108832	-1.32003969174949	-1.70578301125016	0.311788493731306	-0.584517807951087	-1.21781083246755	-0.311796862998325	-1.03548497493651	1.24386694263479	1.24386694263479	1.24386694263479	1.24386694263479	1.24386694263479	1.24386694263479	1.24386694263479	1.24386694263479	1.24386694263479	1.24386694263479	1.24386694263479	1.24386694263479	-0.335718213048701	-0.163507743909551	-0.391464907977995	-0.716649421775581	-0.838057975611079	-0.438360268559524	-1.27372305647842	-1.18797029898764	-1.41162299700621	0.0433446933850672	-0.479558392979638	-0.598076055601261	-1.2649204401078	-0.116333468188661	-0.958845174260865	-0.948026443264833	-1.271893407352	-0.422962672327263
-0.26752576130824	-0.26752576130824	-0.26752576130824	-0.26752576130824	-0.26752576130824	-0.26752576130824	-0.26752576130824	-0.26752576130824	-0.26752576130824	-0.26752576130824	-0.26752576130824	-0.26752576130824	-0.180552363503575	0.267820102410781	-0.240477285870322	-0.341388295889349	0.098453157518422	0.51248987655719	-0.624965670905715	0.0250194654594019	0.0850760142714602	-0.709170862916067	0.175643363004378	0.621687005866272	-0.554467240223087	-0.087013831920954	-0.087013831920954	-0.871940898437604	-0.84788627503593	-0.832375546545	-0.554467240223087	-0.832375546545	-0.554467240223085	-0.468697334679674	-0.0408154510495276	-0.554467240223092	-0.994734756835888	-1.43590579728478	-0.192619283245145	0.411843617295732	0.863746691465002	0.760993588011815	0.816511660930616	2.17472211003375	-1.03453958662138	0.631837098127174	0.62582254714304	-0.425014656901293	0.540260842753266	0.265729045476759	0.508543411801428	1.13395954246968	1.84479351269912	0.553366870133541	0.566429849294362	-1.15868253354022	-0.0154413036731148	0.497161311536174	-0.0059945714173823	-0.407933080694879	0.462347084567589	0.462347084567589	0.462347084567589	0.462347084567589	0.462347084567589	0.462347084567589	0.462347084567589	0.462347084567589	0.462347084567589	0.462347084567589	0.462347084567589	0.462347084567589	0.0177132531830871	0.41084179724596	0.666513266797188	0.958701321118662	1.3223886543128	-0.158372927620325	0.317147221274613	1.62170249091781	0.958360228551587	1.30551326106225	0.189691224256428	-0.796489209795788	-0.0561119161316048	-1.20265077839594	-0.660233876744142	0.611483486213123	0.899799262629585	0.419056195510513
0.568082540657337	0.568082540657337	0.568082540657337	0.568082540657337	0.568082540657337	0.568082540657337	0.568082540657337	0.568082540657337	0.568082540657337	0.568082540657337	0.568082540657337	0.568082540657337	-0.505688842467372	-1.05643530321631	-0.0390474255841909	0.297919821643918	-0.866500278221954	-1.99171368566761	-0.557869919123228	-0.795478763892919	-0.956448370355876	0.349204701952259	-0.231821811338912	-0.663699683347564	-0.591136463673248	-0.373054027085714	-0.373054027085714	-1.45954102299241	-0.890280179971997	-0.689203139535795	-0.591136463673248	-0.689203139535795	-0.591136463673245	-1.01230817535445	0.496013522206816	-0.591136463673254	-0.694954872295332	-1.31667755719843	-0.0900536869760373	0.356877337687878	1.32407978870973	-0.479545528059954	-1.47149812445999	-2.5283889613702	0.659948335882519	0.986382150545422	-1.19427772145592	-1.17808137138038	0.953931353571211	0.908111697819452	1.82755305325187	1.88593915761098	1.40203949395186	2.48916707213278	2.11136540059964	1.97317039049089	2.37251210951094	2.66882054981099	2.05277933113736	2.37588300511531	-0.460884123111703	-0.460884123111703	-0.460884123111703	-0.460884123111703	-0.460884123111703	-0.460884123111703	-0.460884123111703	-0.460884123111703	-0.460884123111703	-0.460884123111703	-0.460884123111703	-0.460884123111703	-0.707383332335986	-0.587324603073873	-0.759436629311817	0.154844444606269	-0.601053735349474	-1.11273753277467	-0.261215170328892	0.386754057716511	-0.520259332160227	0.631017690511883	-0.19925794038623	-1.02185748414709	-1.20418407272622	-0.492622640303284	-0.875524258955541	-0.570460329169213	-0.72811658157524	-0.847479001764835
-0.241948540931047	-0.241948540931047	-0.241948540931047	-0.241948540931047	-0.241948540931047	-0.241948540931047	-0.241948540931047	-0.241948540931047	-0.241948540931047	-0.241948540931047	-0.241948540931047	-0.241948540931047	1.35223863935373	1.57272414912037	1.61733589150716	0.0654767291809147	0.357434664281433	-1.09422666468678	-0.903129230571808	-0.505687212427843	-0.386361373719198	-0.191912364745263	1.58553658394874	0.678134136113869	-0.56563146647973	-0.457937944576872	-0.457937944576872	-0.0765095358474693	0.0741082373095975	-0.42433155657821	-0.565631466479731	-0.42433155657821	-0.565631466479729	-0.460492040958542	-0.656820288651863	-0.565631466479735	-0.768134247632969	0.0776158703618625	0.753823735217818	0.133726618650714	0.946784367121092	0.781365404406781	0.354683461807464	0.321653632618906	0.420549405700899	-1.61455990665566	0.586381931896356	-0.983581788039479	-1.87035525430525	-1.40630236570647	-1.96520370714385	-1.90046928377335	0.788666211964256	-0.855812801721174	-1.64729964389391	-0.225421730115139	0.189846123096516	-0.878517559568551	-0.93582917939287	-0.950559243424932	1.53220467688092	1.53220467688092	1.53220467688092	1.53220467688092	1.53220467688092	1.53220467688092	1.53220467688092	1.53220467688092	1.53220467688092	1.53220467688092	1.53220467688092	1.53220467688092	-0.847970291053881	-1.31647228181968	-0.0248334484443008	-0.143412257770639	0.0424759620995614	-0.516251021619387	-0.238191703013617	-1.22672455061232	0.244133645918074	-0.661352379499518	0.111526447445671	0.262619268694578	0.0682373418298297	-0.253675333035248	0.0800760169516614	-0.0150962560863162	-0.138300359451432	0.00265961810873377
-0.068228066237	-0.068228066237	-0.068228066237	-0.068228066237	-0.068228066237	-0.0682280662369999	-0.068228066237	-0.068228066237	-0.0682280662369999	-0.0682280662369999	-0.068228066237	-0.068228066237	1.11832720854348	0.716126264086462	1.09907770986411	2.45922716241479	0.838195486947695	1.34848045754799	1.28807698302935	-0.181816665043623	0.0101354007784063	0.738061658542633	0.162455353313911	1.32541770933624	-0.200786077876746	0.181674262664898	0.181674262664898	-0.170898607682855	-0.311075288480804	-0.521356437813167	-0.200786077876746	-0.521356437813167	-0.200786077876742	-0.671415649733345	0.581623027975773	-0.200786077876754	-0.648194502076812	-0.0169999882180063	0.169509753663174	-0.129707823933912	1.5277413634586	1.67494716388671	2.03379214863149	0.937688793332188	2.51081944876574	0.658602379211367	-0.286546326148873	-1.11905197237716	0.999683834992827	0.56709933559663	0.14741827531861	-0.570778639860915	-0.129773150022913	0.104618706892829	-0.264743410841588	0.706359771558025	1.05002422430985	-0.392796675731288	1.13787039008923	1.200846681137	0.329869622454039	0.329869622454039	0.329869622454039	0.329869622454039	0.329869622454039	0.329869622454039	0.329869622454039	0.329869622454039	0.329869622454039	0.329869622454039	0.329869622454039	0.329869622454039	-1.31306220288892	-1.14312935702568	1.14754905782997	-1.61231072535028	-1.52772739687876	-0.483406971910639	-0.133562704736079	-1.20567238466364	0.138794535304224	0.634761989175726	0.668813357523688	0.00901852381839362	1.48671702309693	-0.510540114354901	1.9486263010803	1.99113009233424	1.0246770091201	-1.43564316009523
1.58442991012635	1.58442991012635	1.58442991012635	1.58442991012635	1.58442991012635	1.58442991012635	1.58442991012635	1.58442991012635	1.58442991012635	1.58442991012635	1.58442991012635	1.58442991012635	0.988186944578597	1.9735491560293	0.691383629460299	0.926601159781286	-0.0375129793008482	0.567578992196372	-2.24657209506984	-1.84591350535659	-1.30058528868208	-1.50480492262035	-0.145923285532825	1.1371489396172	1.0296371186109	0.815137789810733	0.815137789810733	0.524811807464154	1.80819348661962	1.40599332532977	1.0296371186109	1.40599332532977	1.0296371186109	0.823176179397977	0.776619804397843	1.0296371186109	1.76565017227787	1.99103569695954	1.60515727537492	0.0653933864290384	-0.36292965021907	-2.53242136697561	-1.32900942664425	-1.183825766924	-2.73406481346072	0.0607093446509158	-0.733017413105139	0.0750343512391809	-0.109248898185428	0.672591227334839	-1.15112323135996	0.045081519737595	0.795184201349217	-0.665233610340384	-0.894185303458304	0.813061339464949	-0.386056353323285	-0.0692954657051986	1.19606252177353	-0.0580374002010961	0.881885161551989	0.881885161551989	0.881885161551989	0.881885161551989	0.881885161551989	0.881885161551989	0.881885161551989	0.881885161551989	0.881885161551989	0.881885161551989	0.881885161551989	0.881885161551989	-0.106654479556043	0.483829624112155	2.11647121288824	0.11346725393661	0.492702962245473	-0.622757956256848	1.09824384530396	1.27535495274313	0.533883193285	0.231692976003138	0.994703520632944	-0.835396243942155	0.203545232025942	-0.986445192877228	0.809794402282957	1.88081130505601	1.68295400364179	0.732538992386338
-1.01583604465104	-1.01583604465104	-1.01583604465104	-1.01583604465104	-1.01583604465104	-1.01583604465104	-1.01583604465104	-1.01583604465104	-1.01583604465104	-1.01583604465104	-1.01583604465104	-1.01583604465104	1.32779925282573	1.27550153796663	0.705727408516618	0.0430856762215486	1.05765232840502	2.09769127665602	1.52088145283388	2.06804957194351	2.45657220452898	1.11612575311096	1.07582366639846	0.760659958738026	-0.0914812264970679	-0.659299753863952	-0.659299753863952	0.326379146804793	0.292126379774958	-0.284574950416312	-0.0914812264970681	-0.284574950416312	-0.0914812264970666	-0.0579599131870272	0.13030407116529	-0.0914812264970685	-0.3866141535435	-0.533199070447226	0.264740520793074	0.963889642587875	2.31031997642572	-0.225002073753813	-0.433849075582412	-0.598419786842278	-0.0794470650827033	0.305467447340433	0.724631760378741	0.323016136611522	-0.12824552833072	0.240814273617728	0.198757880508316	0.180408313354021	0.644358404449331	0.126145412760484	0.662651834363651	-0.953503348358128	-0.594396341122169	-0.561413746501114	-0.524555539124918	-0.922316483958705	1.02357233501004	1.02357233501004	1.02357233501004	1.02357233501004	1.02357233501004	1.02357233501004	1.02357233501004	1.02357233501004	1.02357233501004	1.02357233501004	1.02357233501004	1.02357233501004	0.535727317776828	0.754113813147669	0.229118631845662	-0.597958761764797	-1.17374670616076	-0.87095120632857	-0.400980597819396	-0.649735329800722	-0.988541295958871	-0.910307778824208	-0.0712832631622958	0.219194074843091	0.245019210189028	0.453861805592346	0.244885983146358	0.658181517038127	0.999357027822765	-0.501573466657951
0.449804620650306	0.449804620650306	0.449804620650306	0.449804620650306	0.449804620650306	0.449804620650306	0.449804620650306	0.449804620650306	0.449804620650306	0.449804620650306	0.449804620650306	0.449804620650306	-0.222095152883992	-0.508630728148815	-0.472443467641141	-0.544057967605182	0.671531894594427	0.448885707033937	0.0914847909123129	0.754884668522815	1.2762177416404	1.36316745020471	-0.304999077276025	-1.19491998971078	-0.718093213753134	-1.0414650381424	-1.0414650381424	-0.604601531015321	-0.770263542248875	-0.696762404956749	-0.718093213753134	-0.696762404956749	-0.718093213753135	-0.541957266292004	-0.707600124675709	-0.718093213753131	0.757775387306752	-0.895926349888917	-1.11815253998925	0.157025956087322	0.463740812719129	0.0290318685876251	-0.00819780647119007	0.326937763432601	0.310187718562295	2.00617217352401	0.562750964121776	1.69727215105601	0.913465506154431	0.838763668544638	2.82560972332975	1.01081502071113	-0.0932869718774378	0.132651948969079	1.37590038568087	0.491883535528405	2.12419248853709	1.45274212793578	1.28754972657528	2.77763372534114	-1.22085837995992	-1.22085837995992	-1.22085837995992	-1.22085837995992	-1.22085837995992	-1.22085837995992	-1.22085837995992	-1.22085837995992	-1.22085837995992	-1.22085837995992	-1.22085837995992	-1.22085837995992	0.216372821181227	0.538652675505526	1.62837779485564	1.01978871222145	1.39642732132323	0.57927101648845	0.431990558978078	-0.0277865027333901	2.18056188019312	1.33587209373093	1.04135896298043	2.58628206490417	2.27791124947236	2.09745179344905	1.07628701119974	1.89832952722578	1.87103657972417	1.28204017864579
1.77802886886784	1.77802886886784	1.77802886886784	1.77802886886784	1.77802886886784	1.77802886886784	1.77802886886784	1.77802886886784	1.77802886886784	1.77802886886784	1.77802886886784	1.77802886886784	-1.70619979212411	-1.84727322158087	-1.36756010901764	-0.31411363090705	-0.0467288408691255	0.162617915006818	0.229818816339875	-0.493153471691571	-0.106785179078495	0.345841224646354	-1.89081511529412	-1.32897010387783	0.90420598535185	0.541652668485195	0.541652668485195	0.559783659555633	1.2850084088385	0.595957994992811	0.904205985351849	0.595957994992812	0.904205985351849	0.840651195347041	0.680462603394497	0.904205985351854	-0.25172592290277	-0.0337973658606151	-1.51579689757726	-1.17078531317747	-2.38142828808966	-2.51288171586511	-2.14466522381668	-2.51263979819657	-1.43534697092833	-0.118871649463396	-2.32675959532702	-0.81975392945073	-0.0428352996610722	-0.432121029720297	-0.259917415873411	-0.316229345060558	0.0901166834815043	1.57922365557283	-0.998624043761769	1.38537941303918	0.441750412345174	0.263716463246337	1.06986408680409	0.682629013765809	0.336993204547313	0.336993204547313	0.336993204547313	0.336993204547313	0.336993204547313	0.336993204547313	0.336993204547313	0.336993204547313	0.336993204547313	0.336993204547313	0.336993204547313	0.336993204547313	0.954285830971458	1.18561313720428	1.35907415717944	0.379804989842318	1.18458444115606	0.772459817544753	0.193980310393253	0.824183377571577	0.791604537355229	-0.936427438185806	-1.12498992422161	-0.564779200409978	-0.888826402285465	-0.0998805621817972	-0.858432707730095	1.13921497828848	0.997040814160032	1.37060283700742
2.98342947212831	2.98342947212831	2.98342947212831	2.98342947212831	2.98342947212831	2.98342947212831	2.98342947212831	2.98342947212831	2.98342947212831	2.98342947212831	2.98342947212831	2.98342947212831	0.0475445851301459	-0.417277746915287	-0.528890130657232	-1.43590698245057	-0.440124100793658	-0.201330702618775	1.2963730177587	2.40720130666674	2.27070852520592	1.99268415479339	0.536493442315933	-0.335307071447204	0.837127369702182	0.753249079520507	0.753249079520507	0.810172427640824	1.59719992299807	0.799314708611349	0.837127369702181	0.79931470861135	0.837127369702181	0.736956564168563	0.204743289627499	0.837127369702185	-0.692350843583596	-0.655335313428694	-1.10238381856303	-1.09701695051139	-0.789022133010322	0.252280346653672	-0.136913307524217	0.896927320634143	-0.035746292262809	-0.826084583772158	-0.116202992855814	0.851818006082147	-2.12199796679111	-1.33561851203989	-0.845280471978192	-0.955041880087822	-1.02133469848263	-0.53637698002022	-1.29258637638454	-0.742995835442838	0.0771968851930724	-1.12899544683414	-0.929933752854689	-0.384471264270496	1.13029828606785	1.13029828606785	1.13029828606785	1.13029828606785	1.13029828606785	1.13029828606785	1.13029828606785	1.13029828606785	1.13029828606785	1.13029828606785	1.13029828606785	1.13029828606785	-0.954087252091535	-1.35329619299728	-0.487280443591337	-0.922533946326975	-1.20105295249309	0.662842507596393	1.2053446610708	0.236577365895579	1.08772791095892	0.382546926029065	1.44432751389573	0.501818688535739	0.428171101421629	0.225970522248393	1.02282410679994	0.201802258135965	-1.35597859518573	-0.42585445626628
-0.891711732821315	-0.891711732821315	-0.891711732821315	-0.891711732821315	-0.891711732821315	-0.891711732821315	-0.891711732821315	-0.891711732821315	-0.891711732821315	-0.891711732821315	-0.891711732821315	-0.891711732821315	1.61805022327755	1.30319519634923	1.96828535679477	0.745561749480615	0.116642753834961	-1.46799262215325	-1.8340712998568	-2.36107600187512	-1.63736482706449	-0.520620698456843	0.41196873309575	0.321136429119203	-0.490905538641991	-0.744838552294204	-0.744838552294204	-0.570495929694287	-0.370899027366313	-0.525490555685697	-0.490905538641991	-0.525490555685698	-0.490905538641989	-0.557193434450271	0.177888793309107	-0.490905538641995	-0.854396280696545	-1.21641666170627	-0.528629518062733	0.459937923059477	0.0618592292460386	-0.248731545833496	-0.44664067511302	-1.33380542262722	0.280924618115337	0.724321199203651	-0.507778459753746	-1.2489756286534	-1.42960424198273	-1.08162799720671	-0.386095204125925	-1.02599434526292	0.453328762915102	1.0252421308697	-0.55900927339597	0.0174612204017189	0.430100508043766	-0.539067119325545	-0.395615137958574	-0.68090914788984	-0.168158539740495	-0.168158539740495	-0.168158539740495	-0.168158539740495	-0.168158539740495	-0.168158539740495	-0.168158539740495	-0.168158539740495	-0.168158539740495	-0.168158539740495	-0.168158539740495	-0.168158539740495	0.785246902163832	0.50274448877471	-0.116109997613743	-0.442352617384325	-0.626150213165383	0.356031403953798	0.0915415011325308	0.0261224186532074	-0.865703654826562	-0.492815227084868	-1.15374947592336	-0.983229581842836	-1.96466966816354	0.346734956325146	-0.810730529455696	-0.310401951269663	-0.80198552062967	-0.194280310750086
0.417985975476474	0.417985975476474	0.417985975476474	0.417985975476474	0.417985975476474	0.417985975476474	0.417985975476474	0.417985975476474	0.417985975476474	0.417985975476474	0.417985975476474	0.417985975476474	0.275428337250158	-0.448974682702607	0.0392557174706214	-0.130208601526066	1.25827235578225	-0.2909376193652	0.0142914549983535	-0.217533592162571	-0.939283499030455	-0.157117885405251	-0.978167590266002	-0.621558803591547	-0.365031797355048	-0.285389762650504	-0.285389762650504	-0.941596249454388	-1.11063181457295	-0.474206119619882	-0.365031797355047	-0.474206119619883	-0.365031797355049	-0.516440152866409	0.0229332822738045	-0.365031797355045	-0.236537794247256	-0.461104109036424	0.0693283725550595	0.455904991650789	-0.180098635929734	-0.408228401209434	-0.265928611470171	0.573768563883419	-1.27011361985424	1.28824389992112	-0.525136793876439	-0.064875058062438	-1.15731196862999	-0.944988310759501	-0.21938626034048	-1.31094002526635	-0.312218037315893	-1.30289834480648	-0.966605426564394	-0.578930329454915	0.5078297637917	-0.598032147516265	-0.592280222818746	0.218722826271783	-0.187749630736566	-0.187749630736566	-0.187749630736566	-0.187749630736566	-0.187749630736566	-0.187749630736566	-0.187749630736566	-0.187749630736566	-0.187749630736566	-0.187749630736566	-0.187749630736566	-0.187749630736567	-0.0751265300460767	-0.688738431773245	-1.17779731093615	-0.338503356096159	-1.18151025892474	-0.35144680151876	0.953920614048272	-0.714147900237072	-0.0514332097164621	-0.831862328047418	-0.240661690996542	0.287423744715329	-0.392139175815071	0.094900267190233	-0.717403500028097	-1.23809276548605	-0.211595355559659	-1.38790645601682
0.918183223171376	0.918183223171376	0.918183223171376	0.918183223171376	0.918183223171376	0.918183223171375	0.918183223171376	0.918183223171376	0.918183223171375	0.918183223171375	0.918183223171375	0.918183223171375	-1.22825186664117	-0.577835255313185	-1.19723757024787	0.101129209123005	-0.831575474813837	0.559411706562573	0.182746058933349	0.388299170112529	-0.0593227406583764	-0.681730380356737	-0.506751341529194	0.251738443986587	0.0879161252380935	-0.127118964657439	-0.127118964657439	0.418197124028563	-0.167299456237363	-0.354380456736887	0.0879161252380935	-0.354380456736887	0.0879161252380963	0.672786233457434	0.683682656237713	0.0879161252380868	-1.23448868009192	-0.552214758483248	0.157440458415055	0.877442204543203	1.19995120452275	0.372017485561596	-0.0836271919515986	0.245815422736632	0.0224778735102463	0.806358932307121	-0.560835326578179	-0.182072410688599	-0.495750272296229	-0.454514218420354	-0.300884141042518	-0.31247758957881	0.879391541188846	0.149750387435338	0.937861719655699	-0.122840338961333	0.238851402621572	1.13114665035924	-0.737387317189861	-0.988547134398624	-2.43053099136031	-2.43053099136031	-2.43053099136031	-2.43053099136031	-2.43053099136031	-2.43053099136031	-2.43053099136031	-2.43053099136031	-2.43053099136031	-2.43053099136031	-2.43053099136031	-2.43053099136031	0.0242538126925043	-0.0618681101745945	-0.456555380445996	0.19391902244326	-0.271541087147563	0.607596603622584	0.647687024017797	0.347608056574729	-0.276510911136475	-0.368650085019247	-0.369784800936029	0.139025248795642	0.0412381162666444	0.00115558874037887	-0.174667994477768	-1.25674573732618	-0.544178614381301	-0.49345022981764
-0.239959022483207	-0.239959022483207	-0.239959022483207	-0.239959022483207	-0.239959022483207	-0.239959022483207	-0.239959022483207	-0.239959022483207	-0.239959022483207	-0.239959022483207	-0.239959022483207	-0.239959022483207	0.535979271634039	-0.104310324205719	0.473203707869309	-0.978166982246418	0.425678513742172	0.25272870529983	1.72389459141414	1.47064244670765	0.61949768302268	-0.561520871431173	0.818460845075115	0.967035127461212	0.605710419902753	0.902824033067109	0.902824033067109	0.731848817779462	0.799926449204974	0.595965230605434	0.605710419902753	0.595965230605435	0.605710419902751	1.10161301391594	-0.193196385162264	0.605710419902755	1.53501461944408	1.42074434588079	1.06838621581946	0.183473296533181	-1.14168578826398	0.281858516254501	-0.195213333699366	0.0236807678885638	-0.473885757754831	-0.383257322511562	-0.0660782523155021	0.108674565348343	1.42519700687026	0.360060705307465	0.832633331891925	0.515960627255141	0.0848224036574973	0.762306240604393	-0.205259579419508	0.529606272420779	-0.230973866321932	0.82374638351132	-0.388798811652914	-0.36533229809772	-0.430947181950038	-0.430947181950038	-0.430947181950038	-0.430947181950038	-0.430947181950038	-0.430947181950038	-0.430947181950038	-0.430947181950038	-0.430947181950038	-0.430947181950038	-0.430947181950038	-0.430947181950038	1.28680395230049	-0.0782701641219297	1.1042143581775	0.218200533410632	0.0616686797354687	1.15389043085313	1.21482151741012	-0.598769924035616	-0.243321876326509	0.289013791859691	0.127839475676002	1.65168941965073	1.27528393780359	1.91703178414371	1.55929416162153	0.852646290789987	1.26120365549899	0.365697397696664
1.86484620174806	1.86484620174806	1.86484620174806	1.86484620174806	1.86484620174806	1.86484620174806	1.86484620174806	1.86484620174806	1.86484620174806	1.86484620174806	1.86484620174806	1.86484620174806	-0.993645567975836	-0.531207314695152	-1.61455225950702	-1.654607500048	0.717396674970568	0.934350058730788	0.0104052790966245	2.05981635422377	1.25321351131689	-0.111380203011174	0.175188046559312	-0.524136101506133	-0.921195139534415	-1.05841617965094	-1.05841617965094	-0.687847508940768	-0.901774146245854	-1.21044235939254	-0.921195139534415	-1.21044235939254	-0.921195139534415	-0.595991809923334	-0.654061709511667	-0.921195139534417	2.10827866671101	1.2540629146034	1.01223955828166	-0.162236088977279	0.419682017267428	0.722176130480658	0.718810511773351	1.08530688909479	0.482615440230286	0.161332484066701	1.15743861084022	1.8875813831904	-0.0772633087839223	0.30667706129005	-0.0175283130654871	0.494767217716111	0.691682132367094	0.644087631290801	0.117257909725056	0.0599888441942061	-0.183275166716813	0.601779653028027	-0.205988588088837	-0.843606356938966	-1.0749003718807	-1.0749003718807	-1.0749003718807	-1.0749003718807	-1.0749003718807	-1.0749003718807	-1.0749003718807	-1.0749003718807	-1.0749003718807	-1.0749003718807	-1.0749003718807	-1.0749003718807	0.468187540852005	0.612680760451012	0.772717342412581	0.835908253435136	0.595293858081304	-0.111633004685079	0.417021489000272	-0.0229226626216296	0.208135333250284	-0.469041114128729	-0.229472432196967	0.427810710415075	0.31034351918278	0.691088064904551	0.467290603767049	0.570438391608508	1.22369625586228	0.555360945126917
-0.95038342487235	-0.95038342487235	-0.95038342487235	-0.95038342487235	-0.95038342487235	-0.95038342487235	-0.95038342487235	-0.95038342487235	-0.95038342487235	-0.95038342487235	-0.95038342487235	-0.95038342487235	1.41742645789719	1.83318928432602	0.867216539526093	-0.703177868557581	-0.215896637269892	-0.0237990509952171	-0.661276012306365	-0.0191443769187256	0.465394970578801	0.355879306485253	1.21980790670185	0.83309598389703	0.19236966841377	0.235011429763698	0.235011429763698	0.466164589276555	0.361518497261328	0.117032788814943	0.19236966841377	0.117032788814944	0.192369668413769	0.516951173162999	-0.272142697924167	0.192369668413771	-0.919359588008063	-0.783599556459929	-0.704418258654663	0.351973001594821	0.569514454795585	0.521099672697009	0.243180074045146	-0.236202664810225	0.108676161534586	-1.13448430913011	0.607226680164727	-0.527632886455524	-0.551117314530704	0.280914589436386	-0.139117505959348	0.586675622985648	-0.2181137416727	-0.268579137891254	0.477419463483337	-0.0310165092886872	-0.353744104674018	-0.00988927287168947	-0.554911854992416	-0.263701329322028	0.439637182999482	0.439637182999482	0.439637182999482	0.439637182999482	0.439637182999482	0.439637182999482	0.439637182999482	0.439637182999482	0.439637182999482	0.439637182999482	0.439637182999482	0.439637182999482	-0.94851134970679	0.160508422567915	-0.995341610802986	0.750778588656424	1.03924437965452	-0.511737081644043	-1.34321102446282	1.14562287157205	0.763051320825207	1.24188486851338	2.16912186220103	0.530806754799053	1.00676824779976	-0.0531828632021631	-0.118785633800906	0.255704154313433	-0.920540126166672	1.18975905318284
1.33644574816157	1.33644574816157	1.33644574816157	1.33644574816157	1.33644574816157	1.33644574816157	1.33644574816157	1.33644574816157	1.33644574816157	1.33644574816157	1.33644574816157	1.33644574816157	2.34447974356293	2.91208850295299	1.84461630331713	1.14800994699629	0.86873188077325	0.536685939864456	-0.305581995319922	0.531109284589342	0.75412646589699	0.960119567568084	2.70563092657388	2.9410157285481	0.435224196404382	0.565354484931322	0.565354484931322	0.399139607170995	0.349760586618584	0.589778143745454	0.435224196404382	0.589778143745453	0.435224196404384	0.339120282936983	0.664552076174056	0.435224196404378	1.10989227330308	0.518245980256533	-1.84045493215594	-1.38655595833872	-0.731218022310562	0.853892895649773	-1.31055661631641	-1.42282717368452	1.00245945905374	-1.82850270554367	-1.04553731707215	0.566925818692274	-0.580439700691761	-0.766849604587726	-0.908564433663292	-0.336528942238594	-0.571791814768751	0.637051407866328	-0.681047304407003	-0.193469632811727	-1.09350899548884	-0.0926415704548962	-0.976179115744595	-1.59487700151914	1.30331355165256	1.30331355165256	1.30331355165256	1.30331355165256	1.30331355165256	1.30331355165256	1.30331355165256	1.30331355165256	1.30331355165256	1.30331355165256	1.30331355165256	1.30331355165256	0.197684466953097	0.256799613624633	-0.131337568288235	1.03496593188513	-0.0638268323864932	-1.79590504798161	-0.0288361340451514	0.923269913558699	-0.716141771204832	1.35450245600394	0.271883773259659	-0.238044789429483	-0.658517627246928	-0.178246405309246	-1.26974462618939	-0.111419287493497	0.84370599392683	-0.939583874488769
0.359573055975766	0.359573055975766	0.359573055975766	0.359573055975766	0.359573055975766	0.359573055975766	0.359573055975766	0.359573055975766	0.359573055975766	0.359573055975766	0.359573055975766	0.359573055975766	-0.151373922166718	-1.06261640920162	0.204426859168579	-0.00452713157658523	0.233791860907789	-1.02781244567145	0.447800395017493	0.551089585418793	0.666498421191928	1.14827093803103	-0.472132607200889	-1.36384803458898	-1.17462602154552	-1.52048818978314	-1.52048818978314	-0.9285974828928	-0.65518714316232	-1.09529951527874	-1.17462602154552	-1.09529951527874	-1.17462602154552	-1.31018404648239	-1.46585738440159	-1.17462602154551	-0.544932193581787	-0.319818569036844	-0.50857119088546	-0.215906950527875	-1.08000270476553	-0.422417730302878	-0.804067390680042	-1.27202171953153	-0.595534254920695	0.921566687695744	-2.75779259693499	-1.53865333480708	0.0641297396272843	0.807224735115343	-0.408787206564419	0.409584443813573	-0.521379878027718	-0.484196873160535	-0.18041496236399	1.20698416123876	-0.0386369568955649	0.299003096879072	-0.429852766757204	0.0749255498160425	-0.80349097759239	-0.80349097759239	-0.80349097759239	-0.80349097759239	-0.80349097759239	-0.80349097759239	-0.80349097759239	-0.80349097759239	-0.80349097759239	-0.80349097759239	-0.80349097759239	-0.80349097759239	1.13177188724786	1.30243483708143	1.14896323229572	2.22784913743773	0.896520346056503	1.27650510715228	0.750030871424938	1.59063238440327	-0.0789179208544853	2.6330174875856	1.50490075317836	1.76143708824433	0.430744218843879	1.29269741160437	-0.633377181013944	-0.332112083666997	0.151864049488913	0.973585211017603
0.400202664090002	0.400202664090002	0.400202664090002	0.400202664090002	0.400202664090002	0.400202664090002	0.400202664090002	0.400202664090002	0.400202664090002	0.400202664090002	0.400202664090002	0.400202664090002	-1.14048772696831	-0.3027388772872	-1.40426793345986	0.114565121720935	0.218517136007785	1.40872458569046	0.391470217502501	-0.2384477020553	-0.70092808196614	-0.752460073613862	-1.70219111270854	-0.557513174816699	0.23878848226978	0.486879831999252	0.486879831999252	0.489071550858186	0.322266721097783	0.384445931784845	0.23878848226978	0.384445931784845	0.238788482269779	0.62870568428479	-0.175169858553644	0.238788482269778	0.909942786035389	1.19596432027324	2.2984192666035	2.09502955645183	1.89876342059666	0.16123981116828	-0.228692791419506	-0.232244996830014	-0.709367643449882	1.20419136572012	0.146970075731116	-0.170130479566875	-0.0259018587455783	-0.354002862348832	-2.61900142472983	-0.281456200278817	1.60195165842154	-1.48336927501215	-0.692407143180999	-1.68733721753146	-1.91446830205474	-0.813002002693117	-0.0372385797548642	-1.82130211257445	-0.470245473832724	-0.470245473832724	-0.470245473832724	-0.470245473832724	-0.470245473832724	-0.470245473832724	-0.470245473832724	-0.470245473832724	-0.470245473832724	-0.470245473832724	-0.470245473832724	-0.470245473832724	-0.299330257761705	0.355271286774715	-0.323688731837648	1.18332971952158	-0.0181432620926172	-0.52869586012005	0.930627119988398	0.671010265731027	0.56152920513113	0.705436120596721	0.692991517795756	-0.756033555851733	-1.03127752240982	-0.437747071152823	-0.687048637800295	-0.601434325556959	-0.420652480611276	-0.284624879768231
-0.422158727217982	-0.422158727217982	-0.422158727217982	-0.422158727217982	-0.422158727217982	-0.422158727217982	-0.422158727217982	-0.422158727217982	-0.422158727217982	-0.422158727217982	-0.422158727217982	-0.422158727217982	1.56178528254472	1.62979977950454	1.07308602211854	-1.72007020265395	-0.543897531444321	-0.145463478067025	0.0780181947812192	1.23435565192089	1.65010982653725	0.442752118138915	2.76824882303558	2.14649978595112	-0.792924806479938	-0.696951670520237	-0.696951670520237	-0.736984722558674	-0.499070240566736	-0.848946809963346	-0.792924806479938	-0.848946809963346	-0.792924806479936	-0.885355662644937	-0.450677799010199	-0.792924806479942	-0.165687946440633	0.546634806901734	1.18780822076179	1.45812951397647	0.360957072517835	-0.852166001373808	0.41300810739944	1.34832286824902	-1.77053213540013	1.88111599825656	0.142284726157935	0.143460381785267	0.896616595284377	0.258156373700089	0.690755995095837	-0.196608703069288	1.16547541413626	-0.0453591975380829	0.463911991662284	1.8271198620965	1.87609607842206	1.0781931905902	2.05617439629034	1.50763977878091	-0.189739757527942	-0.189739757527942	-0.189739757527942	-0.189739757527942	-0.189739757527942	-0.189739757527942	-0.189739757527942	-0.189739757527942	-0.189739757527942	-0.189739757527942	-0.189739757527942	-0.189739757527942	-0.0915066995195142	-0.15593876909431	1.31760853390981	0.220359846340997	-0.38281825128554	0.504133371215248	0.413488217265536	-0.226653205449421	0.416434564318844	2.55402207414958	0.716736779602546	1.08985168085195	1.00961158284423	1.48181605414226	1.06594971816313	1.38629778964166	0.49930964756152	-0.690699571449132
0.282007124134597	0.282007124134597	0.282007124134597	0.282007124134597	0.282007124134597	0.282007124134597	0.282007124134597	0.282007124134597	0.282007124134597	0.282007124134597	0.282007124134597	0.282007124134597	0.124018452045629	-0.489843101389269	-0.206026847270154	0.483895900465564	-0.529176082576085	0.18413883237728	0.0646974397989892	-1.10581843537819	-1.27521735614312	-0.565360526785069	-1.22697164383441	0.302180407092013	0.388369152657463	0.0660064706984867	0.0660064706984866	0.587009757578088	0.598882313258319	0.610011951523775	0.388369152657463	0.610011951523775	0.388369152657463	0.416802955144301	0.434135976141754	0.388369152657462	-1.38216569348357	-0.326923921037963	-0.153017697684559	0.0689690506292696	1.37875918751371	1.4733150973072	0.383140841866561	0.0588046703109737	2.05841136769788	-0.439981033652528	-0.470470281775831	-0.670344619515802	-0.55921032003983	0.605886137142022	-0.804559314866517	0.348566011380146	0.188617293274545	-0.593385111514547	-0.191147131616395	-0.904894657446824	-1.57452455218227	-1.05065658800713	-1.19972875973281	-1.38996608059305	0.854272129554658	0.854272129554658	0.854272129554658	0.854272129554658	0.854272129554659	0.854272129554659	0.854272129554658	0.854272129554659	0.854272129554658	0.854272129554658	0.854272129554658	0.854272129554658	-0.498975246591452	-0.532388747109357	-0.400604481880059	-0.275257348338877	-0.729215945620485	-1.504041396149	-0.673728280163928	-0.533600141240642	-0.885357172394134	-0.718943487280318	-1.25829068670464	-0.870446938348381	-0.410841189152319	-1.16751928114727	-1.20508893301724	-0.378088691331668	0.847206370595471	-1.61260322282726
0.514798228877862	0.514798228877862	0.514798228877862	0.514798228877862	0.514798228877862	0.514798228877862	0.514798228877862	0.514798228877862	0.514798228877862	0.514798228877862	0.514798228877862	0.514798228877862	-0.50897892656621	-0.656297802203603	-0.275534699504664	-1.56233631259996	1.01404928989102	-1.51454562193103	-1.80247915232008	-0.411904302214347	-0.191635658290555	0.318360290247147	0.273083231161448	-1.97787206636806	0.760756088768102	0.649936851380915	0.649936851380915	1.405047339194	0.210395779675124	0.137093345269053	0.760756088768102	0.137093345269053	0.760756088768106	0.913471758421781	1.30936609248639	0.760756088768096	-1.89696181058655	-0.3353365151131	-0.827540215889118	-1.16397704176078	-0.951097338154381	-0.0928353523511453	-0.00476833338674689	-0.160657588341714	-0.34477219365978	-2.21976190459209	-1.36466591343797	-1.892853873969	-0.851768337753907	-0.281489979406195	-0.545773635003692	-0.771107063423132	0.253475456685092	-0.436397965070128	-0.328576289684922	0.324851683124764	0.156874770848554	-0.555293170140287	0.568616939039292	0.123902370436452	-0.445274035899762	-0.445274035899762	-0.445274035899762	-0.445274035899762	-0.445274035899762	-0.445274035899762	-0.445274035899762	-0.445274035899762	-0.445274035899762	-0.445274035899762	-0.445274035899762	-0.445274035899762	-0.227034042527616	-0.689511764477502	-0.504692010758542	-0.577125686643769	-0.592296834565371	-0.876194751977388	-0.967026372566592	-0.972776403008133	-1.59059929699489	-0.324315215195796	-0.828396749457057	-1.31090126945129	-0.530425686811186	-0.911175943796693	0.185373206644034	0.0890622835525976	0.257123682246214	-1.00883785761677
-0.528792557605348	-0.528792557605348	-0.528792557605348	-0.528792557605348	-0.528792557605348	-0.528792557605347	-0.528792557605348	-0.528792557605348	-0.528792557605347	-0.528792557605347	-0.528792557605347	-0.528792557605347	0.338360197564266	-0.694432731052272	0.765093671209408	0.546550495667368	0.718830201896916	-1.46078364835983	-0.139852505397751	-0.342302684096444	-0.570723329866604	0.690375116464021	0.331953518938173	-0.274876846937447	-1.28044022904965	-1.01537624981992	-1.01537624981992	-1.9798146761551	-0.932164665676424	-0.742876443817502	-1.28044022904965	-0.742876443817502	-1.28044022904965	-1.81045605317104	-1.17065821411058	-1.28044022904965	-1.39042065316665	-1.79235452712625	0.915247399098885	1.53181541503028	2.23192828820484	0.267858202175919	-0.474853146697518	-0.440976781210938	-0.00499839526622272	1.87817180109731	-0.219669034647011	-0.490174580095915	0.803938687176421	1.30771209598108	0.637647834409879	1.52852738962116	-1.70820278192751	-0.264027665462654	0.271741762195341	-0.76530146266256	-1.54004063055057	-0.0857153958675802	-1.31831421736372	-0.404650420208557	0.294461530873783	0.294461530873783	0.294461530873783	0.294461530873783	0.294461530873783	0.294461530873783	0.294461530873783	0.294461530873783	0.294461530873783	0.294461530873783	0.294461530873783	0.294461530873782	-0.401319191327858	-0.20644170938169	-0.839598335256991	-0.180801288015901	0.0714603621469844	-1.38877123192083	-1.30598239256335	-0.82027558040054	0.163745857543001	-0.251165252984908	-0.162848583348914	0.600191394270613	0.315713821765299	0.63594532735481	-0.59666394467834	0.0381241132273726	-0.134564382564175	-0.477682573057416
-0.937364277363178	-0.937364277363178	-0.937364277363178	-0.937364277363178	-0.937364277363178	-0.937364277363178	-0.937364277363178	-0.937364277363178	-0.937364277363178	-0.937364277363178	-0.937364277363178	-0.937364277363178	0.8380916775157	0.481195557027631	0.359040122012258	-1.04728139593192	0.0729324096955772	0.341379681701235	0.605016412025557	0.831629505997355	1.49665263396453	1.44374358093661	0.602443525611299	-0.0412345068617193	0.616720014146829	1.32356991452516	1.32356991452516	0.183675910326217	0.597010071491195	0.554090268193374	0.616720014146829	0.554090268193374	0.61672001414683	0.384697982982323	0.50377889177364	0.616720014146826	-1.30213873583363	-0.859699054516248	-1.72029176130637	-0.6808207998876	-1.31959946999592	-0.397936945210119	-0.735354984988546	0.947554577088184	-0.397674089592975	-0.553566115970843	0.302118222727743	0.741551587724694	0.557004130014349	-0.879248089844245	0.512335503786088	-0.466936645311695	0.345265678375343	0.991981110097655	0.107130599207877	-0.312092466789456	0.560668276677972	0.103934366039343	0.609253925805766	0.650598823906711	1.24497151919423	1.24497151919423	1.24497151919423	1.24497151919423	1.24497151919423	1.24497151919423	1.24497151919423	1.24497151919423	1.24497151919423	1.24497151919423	1.24497151919423	1.24497151919423	1.55893570022438	0.970820480635697	0.569568489932978	1.21849994539123	1.08564173061787	0.736453963776061	1.37192615623402	0.956414866894591	-0.0405463367597078	0.517244391062794	-0.820070787111651	-0.694873392121729	-1.96799798547004	0.0939597929425094	-0.887453945267676	-0.516748904031316	0.760160867834199	1.24066841278642
-1.46798057662521	-1.46798057662521	-1.46798057662521	-1.46798057662521	-1.46798057662521	-1.46798057662521	-1.46798057662521	-1.46798057662521	-1.46798057662521	-1.46798057662521	-1.46798057662521	-1.46798057662521	-0.257015651940895	-0.2962577365458	-0.536463550245318	0.051518604703031	0.152800271329321	0.671505742490659	0.2149995233828	0.436585164618216	0.0778995064189514	-0.232014116137986	-0.483138466939738	0.903879486614635	0.90621129070657	0.838485373075332	0.838485373075332	1.0229878998293	-0.0719903468770957	0.418799140113917	0.90621129070657	0.418799140113917	0.906211290706573	0.820392945015753	1.55579692366557	0.906211290706567	1.93614147681163	1.93165811277487	1.67268537932403	-0.174444687018031	-0.405985285623575	0.618727090757148	-0.313604385476199	0.138004090656543	0.214156641245115	-0.572195103629024	-0.12712072115893	0.245176776342893	1.54711057170375	1.77962504621525	-0.224051471833066	1.0629096447981	1.05339443495042	-0.397072674543401	0.162391232080402	0.131553993334044	-0.413434871152753	-0.678339595360581	0.539776103393616	0.257727378157001	1.89045012153442	1.89045012153442	1.89045012153442	1.89045012153442	1.89045012153442	1.89045012153442	1.89045012153442	1.89045012153442	1.89045012153442	1.89045012153442	1.89045012153442	1.89045012153442	-0.663909529811037	-0.906389936898309	-0.999060021562977	-2.12786498897422	-2.40982960609835	0.246012392297437	-0.439306492900789	-0.732385316267621	-1.33995338457606	-1.14904231249872	-1.58308386771085	-0.397155546637011	-0.570831082353314	-0.333556283103902	-0.423490057942814	-1.79203388350725	-1.59173031502905	-1.46885945724119
-0.153569363602736	-0.153569363602736	-0.153569363602736	-0.153569363602736	-0.153569363602736	-0.153569363602736	-0.153569363602736	-0.153569363602736	-0.153569363602736	-0.153569363602736	-0.153569363602736	-0.153569363602736	-0.619175631083418	0.181303469224363	-0.740019912623474	1.08712944884653	0.187925581844725	1.85813053756989	0.266853557476535	-0.052235550499623	0.0492158617382258	-0.48644847639026	-0.716480103441196	-0.267271827471768	0.988720557648211	1.14591761104422	1.14591761104422	0.36496419592863	0.881986764246177	0.741005594576885	0.988720557648211	0.741005594576885	0.988720557648212	1.23437622432782	1.27844177718671	0.988720557648207	-1.41168332696073	-0.952503780447362	-1.02603841478177	-2.29455864320263	-1.19170199116155	0.0261442592442987	1.20628019296358	-0.779556181563803	1.27988857956622	-2.20385889567424	-0.948273227938854	-2.16716492154305	-0.0581310099354956	0.728758169173234	0.69051009425267	1.05851813413108	0.433757168810152	-0.132886566827613	1.05306429133647	1.47896773613394	1.57782682776325	1.6044610611377	0.565039935723832	1.83452978267534	0.322641752774149	0.322641752774149	0.322641752774149	0.322641752774149	0.322641752774149	0.322641752774149	0.322641752774149	0.322641752774149	0.322641752774149	0.322641752774149	0.322641752774149	0.322641752774149	0.243979385119579	-0.311350833419014	0.884369670901021	-1.27561947311871	0.0455255818373913	-0.590843228010219	-1.13994944862046	-0.438606366889828	-0.532725586680284	-0.192809759038884	-1.14335434344246	-0.0289510404900155	-0.0168690991263604	-0.131664958651382	-0.134833815376626	1.14871135990013	0.775928644595774	-0.272638985339549
0.0701839737275698	0.0701839737275698	0.0701839737275698	0.0701839737275698	0.0701839737275698	0.0701839737275698	0.0701839737275698	0.0701839737275698	0.0701839737275698	0.0701839737275698	0.0701839737275698	0.0701839737275698	-0.41079793523189	-0.330762992820589	-0.450254134845818	0.0561279034359588	0.128066745748741	-0.126026567555436	-0.249252860535142	-0.273961067655316	-0.502446943847542	-0.0287689849978144	-0.0803963082000498	-0.704756697676657	0.393853553912261	0.307285342082477	0.307285342082477	0.216338229970725	0.80792840684769	0.38880394773016	0.393853553912261	0.38880394773016	0.393853553912263	0.3880735716329	0.745432787230956	0.393853553912256	0.701302223088015	0.706775468617502	0.452244045677833	0.004427619808265	-0.642104177934309	-0.676654775051619	-0.730423025478664	-0.693305225504807	0.134728353451081	0.642047946660795	-0.322415482444338	0.261999175962557	0.446984297827369	0.171906315240459	1.05641575007242	0.735202960887064	-0.759990417592577	0.16276771966229	0.981699654997433	-0.107013562183312	0.293038638245708	0.88783825888918	-1.06034098154976	0.211178245163625	-0.953485134074787	-0.953485134074787	-0.953485134074787	-0.953485134074787	-0.953485134074787	-0.953485134074787	-0.953485134074787	-0.953485134074787	-0.953485134074787	-0.953485134074787	-0.953485134074787	-0.953485134074787	0.222505583391657	-0.309715514839378	-0.956439079961369	-0.635461100611142	-1.17486156131149	-0.470011052323932	0.410451899755969	0.490577490155198	-0.903064313835549	-0.551113391831155	-1.03569366637217	-0.862605893974317	-0.940164930977317	-0.905107719490282	-0.849757470560756	-1.19539667168346	-0.344640206535855	-1.44559272275087
0.168014831319889	0.168014831319889	0.168014831319889	0.168014831319889	0.168014831319889	0.168014831319889	0.168014831319889	0.168014831319889	0.168014831319889	0.168014831319889	0.168014831319889	0.168014831319889	1.11271342696829	1.85516306982158	0.977663880795093	0.820595752564414	1.15306886175665	1.09248866437675	0.280681857294189	0.439240211158039	0.614160219578379	0.380331319150222	1.45421744248162	0.675791740808418	1.08386702076081	1.14618732247483	1.14618732247483	0.996043060474905	0.549516041536057	0.994490873805948	1.08386702076081	0.994490873805947	1.08386702076081	0.439593429267515	0.799134506835298	1.08386702076082	0.430606861435979	-0.506611886849014	-0.529400842110592	-1.08077764352951	0.48581256884967	-0.262658358145626	1.19959452663418	1.73488473826205	-0.60254340492755	-0.998212080967331	2.08778910215482	1.65575721406383	-1.0757073110567	-1.52951498727661	-1.31869053614375	-1.38813865688876	-1.95882666782343	-2.2721644958876	-1.32023574250538	-0.981156692573625	-0.609664704401976	-0.705567298372478	-0.678289560431325	0.306643227056784	-2.5246852981895	-2.5246852981895	-2.5246852981895	-2.5246852981895	-2.5246852981895	-2.5246852981895	-2.5246852981895	-2.5246852981895	-2.5246852981895	-2.5246852981895	-2.5246852981895	-2.5246852981895	-0.488807843640359	0.0848559875345378	-0.555622097499888	-0.455945846499167	-0.132831150311589	-0.953623884117688	-0.253226529017036	-0.620113752323451	-0.309961432658033	-0.572343977227397	-1.58832416588584	-1.99283317509642	-2.01032820240715	-0.84659106641443	-1.49296130903361	-1.15411990642858	-0.725951980947816	-0.898254995818646
-0.996817461872424	-0.996817461872424	-0.996817461872424	-0.996817461872424	-0.996817461872424	-0.996817461872424	-0.996817461872424	-0.996817461872424	-0.996817461872424	-0.996817461872424	-0.996817461872424	-0.996817461872424	2.1338762091808	1.18085726848034	1.84789218615937	1.17688325164254	1.34494190507317	0.94785362950226	0.314550946923525	-1.3304984962775	-0.887711819112432	-0.196918537500811	-0.451131117325471	1.1421462421258	0.335863851306013	0.205121720224522	0.205121720224522	0.170720166154885	0.979194988500924	0.76116581861394	0.335863851306012	0.76116581861394	0.335863851306013	0.486345653706809	0.225087163423223	0.33586385130601	0.500150596449826	1.11219923198026	-0.0631737615834474	0.48548672976574	-0.653972371159289	0.604408994250928	0.748255134025911	-0.728593658726354	0.893376308665904	1.23500216308696	-1.89374310011875	-0.517325778441875	-1.88251106314575	-1.22785204972164	-0.662329828432064	-0.352965983247092	-0.902979171018595	2.09903335472561	-0.627756348851435	-0.97167948940729	-0.348717969337845	-0.883245770282112	-1.02404907741716	-1.09388862776768	0.387837704028943	0.387837704028943	0.387837704028943	0.387837704028943	0.387837704028943	0.387837704028943	0.387837704028943	0.387837704028943	0.387837704028943	0.387837704028943	0.387837704028943	0.387837704028942	-1.51092169543469	-1.67833828811646	-0.510650407849577	-1.24027071668324	-1.49399679026887	-1.13329348068339	-1.36947069685289	-1.10175856560421	-0.361147194138194	-1.13364525648648	-0.215559002838033	-0.025763207347314	0.549434748730127	-0.505617449060016	-0.195083651239235	0.871571772224202	0.383489199420385	-0.627722012592807
-2.02890156774796	-2.02890156774796	-2.02890156774796	-2.02890156774796	-2.02890156774796	-2.02890156774796	-2.02890156774796	-2.02890156774796	-2.02890156774796	-2.02890156774796	-2.02890156774796	-2.02890156774796	0.527239191550887	0.405959927652678	0.709854725160104	-0.680617666623191	0.800259830859458	-0.396184678714968	-0.44361954154046	0.0449276522129342	0.536017662936006	0.277094220277053	0.53560471195528	-0.480442885502425	-0.705075962067377	-0.959411646384628	-0.959411646384628	-0.448207075323328	-0.869048030945292	-0.829391333255875	-0.705075962067377	-0.829391333255875	-0.705075962067379	-0.890920248635829	-0.774041608818629	-0.705075962067372	0.0239832118346022	0.0799899261242118	-0.573533345730097	-0.234541279583663	-0.407345754685442	-0.271125788970105	0.25641846054982	0.142626397171565	0.887263042102223	0.503914186573703	0.501364327469576	-0.271972508373719	-0.368756889586142	2.21383893021663	-0.37323049580106	1.45239993286973	1.02312262774658	0.496206830510455	0.382308855472437	1.02005507136156	-0.878435118138659	0.0390184849907194	-0.408984215914098	-1.17506076504415	0.170926850790832	0.170926850790832	0.170926850790832	0.170926850790832	0.170926850790832	0.170926850790832	0.170926850790832	0.170926850790832	0.170926850790832	0.170926850790832	0.170926850790832	0.170926850790832	0.776181460056868	0.35013107805472	0.228794337238763	-0.0416792885680084	0.22479461259341	2.41210775131947	1.34868152831579	-0.331202319661879	0.997307507076295	1.89569473413512	0.189072736045055	0.385992086389453	0.877277308538743	1.05789694562711	1.51762339560857	0.351888759100717	-0.937931540924852	-1.43809826680804
-0.126775167829927	-0.126775167829927	-0.126775167829927	-0.126775167829927	-0.126775167829927	-0.126775167829926	-0.126775167829927	-0.126775167829927	-0.126775167829926	-0.126775167829926	-0.126775167829927	-0.126775167829927	-0.214091823041349	-0.346750818284056	0.240360845202238	-0.287983702391572	0.210285374263218	-1.23690113818401	0.00756196716034042	0.713424986603967	0.86768287226877	1.147136125233	0.613849343628432	-1.35994815332447	-0.017892188226333	-0.385706461789402	-0.385706461789402	-0.650510563997853	-0.34773548955028	-0.214430163719651	-0.0178921882263324	-0.214430163719651	-0.0178921882263343	0.0304759395588292	0.213319489320575	-0.0178921882263283	-0.369469173212846	-0.257293163407962	0.755162242860952	1.38301813938949	1.46611322543056	0.0511723581809931	-0.20066806991923	0.0917942815096472	-0.369463092368404	0.538844138925287	0.848133323184666	0.382247715318532	0.254790333845789	0.535183876207621	-1.25147896106364	-0.488191811767227	0.748565586891081	0.163057852422003	-1.31639773945693	1.04590449931271	-0.205543485779908	-0.831187406350717	2.0890338951575	0.236125048786188	-0.247399329545335	-0.247399329545335	-0.247399329545335	-0.247399329545335	-0.247399329545335	-0.247399329545335	-0.247399329545335	-0.247399329545335	-0.247399329545335	-0.247399329545335	-0.247399329545335	-0.247399329545335	0.176896085817222	-0.33159406572277	0.861077478309473	0.360466962653638	0.656603885554089	0.296261398203176	1.08535756930029	0.633530942325778	-0.220267954425091	-0.0938384321316078	-1.3100136710831	-1.78441278506965	-1.35047164777885	-0.821693328104893	0.432262619473111	0.0824032458872763	0.572575002844795	0.609820608990393
-2.17480620573803	-2.17480620573803	-2.17480620573803	-2.17480620573803	-2.17480620573803	-2.17480620573803	-2.17480620573803	-2.17480620573803	-2.17480620573803	-2.17480620573803	-2.17480620573803	-2.17480620573803	-0.617102400191242	-0.704337113412747	-0.775772128454309	-2.26058071294203	-0.872591745690145	-0.691927405953662	-0.437588051683999	0.39965988884419	0.647582607164126	-0.123940566073193	-0.614847273074581	-1.05828386519914	-1.21136305262157	-0.944124810289304	-0.944124810289304	-1.77877858486542	-0.963874206444386	-1.06725158826877	-1.21136305262157	-1.06725158826877	-1.21136305262157	-0.94521895608871	-1.05827460600021	-1.21136305262157	-1.22673878168764	0.555978058833346	-0.336040217780156	-0.421995077312899	0.0665011044371059	0.611178416459295	0.879199503704719	-0.0295258558451549	-0.239741725387749	-1.78128766265486	-1.7365009110427	-0.846368480260214	0.519629409376056	1.50738333532586	0.589191519859908	1.2001535993828	-0.145942965416167	-0.442649226682902	1.07330425378921	0.927973610364276	0.235932906514075	0.382930770334872	1.17456742091832	1.27809764277166	0.475652831270956	0.475652831270956	0.475652831270956	0.475652831270956	0.475652831270957	0.475652831270957	0.475652831270956	0.475652831270956	0.475652831270956	0.475652831270956	0.475652831270956	0.475652831270956	0.939779700286145	2.18766755859702	0.805370644938442	0.804692220241916	0.426757688234258	0.226751992820349	1.09592959116927	1.00213754611492	0.786853459122036	0.870400314962388	0.291771417533053	0.075009046152108	-0.0665270485172521	-0.149812925912183	-0.468329891502271	-0.104989574646512	1.21659290313445	-0.2015581362949
-0.574240567902122	-0.574240567902122	-0.574240567902122	-0.574240567902122	-0.574240567902122	-0.574240567902122	-0.574240567902122	-0.574240567902122	-0.574240567902122	-0.574240567902122	-0.574240567902122	-0.574240567902122	-0.075611492044656	0.238621755839861	-0.239211769652246	-0.94722446996302	0.681253962338391	0.194278984753152	-0.199299337206458	0.224347345950476	-0.222185349801331	-0.72350303861362	-0.0120880702996817	-0.141635664381659	0.563108404800432	1.04379254539852	1.04379254539852	-0.0742466452744816	0.765486348356187	0.838140465945802	0.563108404800432	0.838140465945802	0.563108404800429	0.518327050679604	-0.174758472003344	0.563108404800435	0.885159006918964	1.35248665509581	0.92315008698991	0.823549152848098	-0.249970535675294	0.897293898084742	-0.575912607350558	0.63179608422633	-0.150353923272059	-0.496301310204499	0.412164527197977	0.717776809061517	0.101321939023489	-0.925176698006971	-0.460966786247283	-1.30582653954829	-0.925702346554136	0.19599127255343	-1.42746649234174	0.25955981089834	0.273539752864245	-0.641466582670089	-0.190889864484384	0.178999522277526	-0.208854393031086	-0.208854393031086	-0.208854393031086	-0.208854393031086	-0.208854393031086	-0.208854393031086	-0.208854393031086	-0.208854393031086	-0.208854393031086	-0.208854393031086	-0.208854393031086	-0.208854393031086	0.0788125458968605	0.0815568335494773	-0.6636310793011	-0.427231250927016	-0.873326740176477	-1.05693281873897	-0.0140822070658475	0.642839901724264	-1.39751242034998	0.111542835320134	-0.296956966063062	-1.0771489007218	-0.83206607835686	-0.8544055336638	-0.572719436554363	-1.08390003946146	-0.880225110613793	-1.61879835024432
0.5313849063462	0.5313849063462	0.5313849063462	0.5313849063462	0.5313849063462	0.5313849063462	0.5313849063462	0.5313849063462	0.5313849063462	0.5313849063462	0.5313849063462	0.5313849063462	0.729412429777549	-0.326441379359086	0.543264169876102	-0.461508485707555	0.810400716984964	0.75160219134185	2.17474194887581	2.09176486992885	1.6333043209703	0.677971317406365	0.662128907608233	1.39522936402704	-0.0280259106195377	0.0421683032248758	0.0421683032248758	0.439119183265488	-0.965668897477383	-0.438109360120478	-0.0280259106195374	-0.438109360120479	-0.0280259106195386	-0.434104272276107	-0.0673593071995165	-0.0280259106195325	0.414322492416498	0.058295713005821	-0.22596121031344	1.1978713280429	-0.713414531792879	-2.85028969884167	-2.8858652682596	-2.60496348943407	-3.21860089699661	1.15337454366477	-1.22687623911619	-0.250109627323271	-0.158823365016032	0.523259182920996	-0.223266053394153	-0.0437023988857739	0.602797928272296	0.572778757177251	0.257776311958855	0.81285102989441	0.158209317934314	-0.82232316414609	0.639455302572988	0.271163337727099	0.23942466420481	0.23942466420481	0.23942466420481	0.23942466420481	0.23942466420481	0.23942466420481	0.23942466420481	0.23942466420481	0.23942466420481	0.23942466420481	0.23942466420481	0.23942466420481	0.986610728988496	0.889992483390425	0.239505660066641	0.315124104442568	0.753704346229931	0.0634640419586247	0.566042410097381	0.96917325925537	0.200418498681044	0.764223230310489	0.0263874228001611	-0.622586898183149	-1.64443657581739	0.46677198304244	-0.392953197169492	0.234174879074072	-0.111307133146719	1.12457755524095
1.16404081807642	1.16404081807642	1.16404081807642	1.16404081807642	1.16404081807642	1.16404081807642	1.16404081807642	1.16404081807642	1.16404081807642	1.16404081807642	1.16404081807642	1.16404081807642	2.74736288855712	1.39239619002442	3.15322392935729	1.60671541288513	0.796206377580994	-0.810255328760279	0.306457854530621	-1.20086921052212	-0.810404773951439	0.0411764819590216	1.54265795762896	1.63633231124913	1.05599095725133	0.867251965395487	0.867251965395487	0.74298215841607	0.788514155657494	0.890124606244569	1.05599095725133	0.890124606244568	1.05599095725134	0.635036284690078	1.7528017107092	1.05599095725133	-1.45185097270279	-1.04082974068038	-0.200971710236941	0.494752606458193	-0.574268979162122	-0.285353529776708	-1.49239390430843	-0.69264399039423	-0.797834853740155	-0.904794774848488	-0.0022433939092507	-1.16448415771337	-1.16840525634742	-1.2273361251178	-0.949292791474786	-0.960461523425748	-0.0649444427472068	0.14295924922671	-0.348110380885637	-1.23111370483405	-0.27385149635996	-1.62624584980122	-0.282341060536793	-0.54231401747706	-1.15476653536887	-1.15476653536887	-1.15476653536887	-1.15476653536887	-1.15476653536887	-1.15476653536887	-1.15476653536887	-1.15476653536887	-1.15476653536887	-1.15476653536887	-1.15476653536887	-1.15476653536887	0.721099413352979	0.145445556059296	0.968393446068648	0.477116893736682	1.20189474676975	1.85697848576935	1.49813598773206	0.487060117359163	1.36256810305237	-0.124212124189895	-0.152618372111882	1.06789661367245	1.01004740782127	1.92917496203989	1.76302472641444	0.86927710839055	-0.289056514238561	0.694066147333042
-0.685827638318186	-0.685827638318186	-0.685827638318186	-0.685827638318186	-0.685827638318186	-0.685827638318186	-0.685827638318186	-0.685827638318186	-0.685827638318186	-0.685827638318186	-0.685827638318186	-0.685827638318186	-1.87030149352875	-1.85132939427878	-1.25059236885974	-1.3379980228396	-2.4648202926564	-2.16890962401164	-1.64919461471455	-1.88134657839115	-2.1403924603854	-2.29619419331565	-1.76185969476928	-1.21027757185142	1.21080503914272	0.580351191368896	0.580351191368896	1.52929887188839	0.699243251378235	0.834605266416388	1.21080503914272	0.834605266416388	1.21080503914271	1.26389665679471	0.889523378678515	1.21080503914272	0.113860280330614	1.01107320607491	1.30408958468553	0.0781117881023008	-0.260325676203226	-0.848786665773763	0.0175650600009805	-0.197160413455805	-0.877463862431473	-1.15445249390784	0.368074128250068	-0.956101048526805	-0.954459061372621	-1.36002190209734	-0.334854691669413	-1.35511211644169	-1.92167331316555	-1.14666732496699	-1.4908460451467	-1.29203144414092	-0.523019556167485	-1.19875642071454	-1.49213577172134	-0.439907373840309	0.0700949520404294	0.0700949520404294	0.0700949520404294	0.0700949520404294	0.0700949520404293	0.0700949520404293	0.0700949520404294	0.0700949520404293	0.0700949520404294	0.0700949520404294	0.0700949520404294	0.0700949520404292	-0.736018413943865	-1.08231351960651	-0.748792833354843	-1.30108759989994	-0.120098364279903	0.393937828620734	-1.08813129440906	-0.806224415520074	-0.481131867536934	-1.34043669609337	-1.20134873751037	-0.995314103436015	-1.6140809978978	-1.17460438917816	-0.956369093011857	-1.70086471265789	-2.51282914904405	0.431517624796878
-2.96895391083175	-2.96895391083175	-2.96895391083175	-2.96895391083175	-2.96895391083175	-2.96895391083175	-2.96895391083175	-2.96895391083175	-2.96895391083175	-2.96895391083175	-2.96895391083175	-2.96895391083175	-0.0932027500563705	-0.4528116821752	-0.435752421468835	-0.753688421430795	-0.334649725931645	-0.496438705706668	0.501108341203839	0.652706232236627	-0.377064716555418	-0.275149421952579	-0.428201919435137	1.28992571499212	2.45217610678069	2.55701875565196	2.55701875565196	2.75176185323253	2.02354211687545	2.29392874009553	2.45217610678069	2.29392874009552	2.45217610678069	2.49083324672882	2.46508564179891	2.45217610678068	0.00418896268497757	0.2784484748126	0.775291705711503	1.36968591555576	1.07790453436439	-0.399157366710133	0.609882314541938	0.235231101362933	0.163819616574648	1.49009459644764	0.98760858245944	0.348634448451192	0.740128858575994	0.446297360983714	-0.272415625616601	0.0819890060671352	-0.356533493359078	-1.49790971597514	0.228050755128615	-0.508223478282414	-0.653597672290007	-0.125209161312602	0.120841631169216	0.00696377236286859	-0.756899701515323	-0.756899701515323	-0.756899701515323	-0.756899701515323	-0.756899701515323	-0.756899701515323	-0.756899701515323	-0.756899701515323	-0.756899701515323	-0.756899701515323	-0.756899701515323	-0.756899701515323	0.357053533561218	-0.337218101824132	0.929129502196806	-0.509855049964976	0.662474500202896	-0.517010990308848	-0.130234662283121	-0.234581189816478	0.260356691197531	-0.271304537416173	-1.59644184067569	-0.522889721684966	-1.9690105112591	0.187400556374375	-1.07148829673418	0.293720919815452	0.107439041822129	0.797135111243849
0.259202921181702	0.259202921181702	0.259202921181702	0.259202921181702	0.259202921181702	0.259202921181702	0.259202921181702	0.259202921181702	0.259202921181702	0.259202921181702	0.259202921181702	0.259202921181702	0.434121057157481	0.274035429923829	0.748533659177717	1.32432787708823	-0.136620499230584	-0.266329567980038	0.400081202476841	-0.212036654399751	0.323889262885462	1.3782721132929	0.635328134044606	0.670167137416625	0.184244253568742	0.294189535419487	0.294189535419487	-0.0272540236428531	0.451176446441909	0.523036145714947	0.184244253568742	0.523036145714947	0.184244253568743	0.177049954655549	0.395813236894867	0.184244253568737	-0.243974139147254	-0.981650924365549	-0.924393206972738	-1.11297515282595	1.01919336974997	0.661319453513567	1.57255062038421	0.521950519409631	1.6958259595211	-0.131186759306983	0.736004377549126	0.9653367225157	-1.17009943461249	-0.379021795101504	-0.695077539879032	-0.612934046000952	1.69017179169465	0.448278693849314	0.217049741919105	-0.498276717345586	-0.318311421390025	-0.806174336924186	-0.634565271456096	-1.48307722316656	0.0787018069940761	0.0787018069940761	0.0787018069940761	0.0787018069940761	0.0787018069940761	0.0787018069940761	0.0787018069940761	0.078701806994076	0.0787018069940761	0.0787018069940761	0.0787018069940761	0.0787018069940759	-1.11508057023906	-0.351145238357026	-0.68344810023617	0.809548343137666	-1.31084281565947	-1.10010714942998	0.815549783053692	-0.0403524764699407	0.131776959762109	0.0696213772042373	0.594434284894369	0.0678890884250918	-0.710990476623336	0.412050653298346	-0.837836288984829	-0.84432804509941	0.322716845051129	-0.308181111198193
1.37211967795456	1.37211967795456	1.37211967795456	1.37211967795456	1.37211967795456	1.37211967795456	1.37211967795456	1.37211967795456	1.37211967795456	1.37211967795456	1.37211967795456	1.37211967795456	0.582151778099587	-0.0618623492673297	0.287312099219515	-0.455249518236357	-0.738015152294654	-0.735144549911223	0.17158361258465	0.34119936555434	0.249207974522201	0.602490920347527	0.929335825061028	0.623719386867468	0.439516635340499	-0.00712413741831718	-0.00712413741831712	0.125590428860155	0.282971164135124	0.471195839135321	0.4395166353405	0.471195839135321	0.439516635340498	0.149285647959654	0.551000819818714	0.439516635340504	-1.61655444692926	-0.568069686302785	-0.861062478279686	-0.411041708124613	-1.35985710159973	0.234155595725095	0.490271805461027	1.81817656645227	0.0890854294647235	-0.989082836251833	0.990699156985225	-0.20629582087164	1.36296959691182	1.45517035785508	0.783733021340283	0.383675146954571	0.734440039445856	-0.337699797710479	0.43675628627141	1.27422313963308	0.780771423547785	0.284244383305121	1.49618255507276	1.34374950420874	-0.0015818833322733	-0.0015818833322733	-0.0015818833322733	-0.0015818833322733	-0.0015818833322733	-0.0015818833322733	-0.0015818833322733	-0.00158188333227343	-0.0015818833322733	-0.0015818833322733	-0.0015818833322733	-0.00158188333227342	2.29821395708821	1.12413385288516	0.281929414617257	0.726617113589761	1.58013490343412	1.47112966470827	1.5742855018005	0.892089854422754	-0.472730444619227	-0.208298722846678	0.280851494000396	0.181836865704184	0.37551001759217	1.30703175567322	1.59179005221982	0.0842156019960602	0.0150174019935801	1.14470117848614
1.18767440693579	1.18767440693579	1.18767440693579	1.18767440693579	1.18767440693579	1.18767440693579	1.18767440693579	1.18767440693579	1.18767440693579	1.18767440693579	1.18767440693579	1.18767440693579	-0.297633694917717	-0.0119149502775772	-0.268742178327765	0.0168699031426312	-0.837070773608497	-1.2270565585255	-0.338316009318269	0.136263867821668	-0.208827432290867	0.471243893082891	0.35083220352717	0.499506446328293	-0.44220539578501	-0.573669102832432	-0.573669102832432	0.217001248714522	-0.0590113113708629	-0.298987654838033	-0.44220539578501	-0.298987654838033	-0.442205395785009	-0.222762203018471	-0.439521230502032	-0.442205395785014	-1.26962769283316	-0.615976226688987	0.129136907730225	0.543505894668534	0.482928390510569	1.22074792842105	1.64891160626881	1.40485820559284	1.84168251689715	0.347385815631883	1.31693024708622	-0.206403286530406	-0.698225876365513	0.0221540371335677	-0.575424016470332	0.114482249291515	0.374320978182891	0.472317077633172	-0.0975673792677622	1.15086980579432	0.529298994185371	0.107195953930266	0.0852775727998306	0.387828209914296	0.597062317011831	0.597062317011831	0.597062317011831	0.597062317011831	0.597062317011831	0.597062317011831	0.597062317011831	0.597062317011831	0.597062317011831	0.597062317011831	0.597062317011831	0.597062317011831	-7.03721419744062e-05	-1.00596827651989	-0.0483516183306681	-0.889384787570555	0.519952098817016	-0.54259733781957	-1.57203654568745	-2.29404965502685	-0.765109501752768	-0.946373810040138	-1.2857843398499	-0.137827565331015	-0.188439368049627	0.247076832495494	0.288925623802597	0.318502590844317	0.174621220864054	0.459452248185525
-0.333708308808873	-0.333708308808873	-0.333708308808873	-0.333708308808873	-0.333708308808873	-0.333708308808873	-0.333708308808873	-0.333708308808873	-0.333708308808873	-0.333708308808873	-0.333708308808873	-0.333708308808873	0.275925096459239	0.196260015488419	0.130835469111915	-0.810358057632383	-0.569870857370838	-0.191986214361306	-0.989473438179014	-1.87581781217359	-2.18619689204213	-2.64145315182897	-1.47969612011761	-0.0569986754498592	-2.39382267039758	-2.20314377505562	-2.20314377505562	-1.52170033017512	-2.54000767124747	-2.69510302188637	-2.39382267039758	-2.69510302188637	-2.39382267039757	-2.26792349548736	-1.48757502359214	-2.39382267039759	0.585052327750733	0.479347368252498	0.782400699757829	-0.0327419278855903	1.00087039604421	0.965918213367815	0.286161276528417	-0.657517576346211	1.31010463133092	-0.149218650617718	-0.47266159315479	-0.240971129499118	-0.294320430409897	-0.90543071133749	-1.10508749700059	-0.508863367675673	-0.722496759337779	0.138967073337708	-0.425340165914482	-0.855801913413733	-0.895939738764197	-0.741303117801847	0.395454967564191	-0.683615547892422	-0.474763419293172	-0.474763419293172	-0.474763419293172	-0.474763419293172	-0.474763419293172	-0.474763419293172	-0.474763419293172	-0.474763419293172	-0.474763419293172	-0.474763419293172	-0.474763419293172	-0.474763419293172	-0.973793810350323	-1.40397154338202	-1.17888067808077	0.0917356110843933	1.08110262750161	-0.577121248894059	-0.485402927777561	-0.156927861151464	0.979798845275846	0.406433243471836	0.71972437195282	0.522546711673366	1.15287035081503	-0.236892953676525	0.0322109919218506	-0.357823442275106	-0.983688970040191	-0.516755227247095
0.257932535496985	0.257932535496985	0.257932535496985	0.257932535496985	0.257932535496985	0.257932535496985	0.257932535496985	0.257932535496985	0.257932535496985	0.257932535496985	0.257932535496985	0.257932535496985	-1.18808837357888	-0.405188930165363	-1.33316581184917	-2.08725843099017	-0.957254309032584	0.290288904676216	-0.740620067968066	-0.12389790700209	0.128512307734926	-1.08457493461864	-0.59087318322561	-0.913517692203811	-0.840945042363899	-0.337913917275521	-0.337913917275521	-0.245647203942306	-0.429332839807974	-0.56908316179893	-0.840945042363899	-0.56908316179893	-0.840945042363899	-0.539848712466518	-1.35582905284308	-0.840945042363902	0.764239996898614	0.530515435228364	0.163481854259653	-1.19772332451104	0.0318955306383407	-1.89020017549454	-0.612191859115248	-1.80855618340258	0.313522053702588	-0.195609317088363	-0.217005153221568	-0.258212062819783	1.47761748226014	0.424835689830478	-0.122403305011629	0.414583371237838	0.370558002744471	-0.490863962290468	0.404006960288628	-0.371234574780711	0.763973267227404	0.370267382881848	0.479335350029825	0.672368769189304	-0.187653643174638	-0.187653643174638	-0.187653643174638	-0.187653643174638	-0.187653643174638	-0.187653643174638	-0.187653643174638	-0.187653643174638	-0.187653643174638	-0.187653643174638	-0.187653643174638	-0.187653643174639	1.08970900173632	1.55302140738033	-0.181504931678906	1.28988674702161	1.12496693756635	-0.61227148252004	0.843038308103271	0.778054466985903	1.32948076923605	-0.725589886386214	0.0290589091244862	0.359974015644387	-0.727876622193136	0.923989966410528	-0.455650301436274	0.198644510677949	0.66040651967029	0.799195614965356
0.208353795687749	0.208353795687749	0.208353795687749	0.208353795687749	0.208353795687749	0.208353795687749	0.208353795687749	0.208353795687749	0.208353795687749	0.208353795687749	0.208353795687749	0.208353795687749	-0.42528815832728	0.114344741712242	-0.0122126456433724	-0.330161557240151	1.22807720894203	-0.102614739488837	-0.241163025784969	0.441651195267051	-0.0269373131604731	-0.470594250537458	0.941165398976112	-0.061003299205105	0.161732882633026	0.262575063229432	0.262575063229432	-0.630533772514563	0.115914564395175	0.20882599495393	0.161732882633026	0.20882599495393	0.161732882633026	0.277701596223213	0.304779282963879	0.161732882633026	-0.363111305010243	0.104969388235477	-0.160568167380991	0.521623992151964	-0.800705452382906	-0.113469111027456	-0.681921353826352	-0.594016205888255	0.202707116338859	0.569403871987842	-0.62701584691398	-0.0484087113335451	-0.230888875512132	-0.397543089822635	0.55550290835225	0.240376948076797	0.177305093579908	0.900216880322555	0.0578871994207846	0.520062095815842	0.617831024597149	0.171625300122437	0.418229400656627	0.673125304232312	-0.686653788386577	-0.686653788386577	-0.686653788386577	-0.686653788386577	-0.686653788386577	-0.686653788386577	-0.686653788386577	-0.686653788386577	-0.686653788386577	-0.686653788386577	-0.686653788386577	-0.686653788386577	-2.87894355113757	-1.91143474044391	-1.00402876246308	-1.76642278357522	-1.93572959039985	-1.27039920460205	-1.93474862008698	-0.885607195916368	0.202071704178229	0.321730645783086	-0.589058090942187	0.367654675585281	0.327324659986972	-0.985122578819088	-1.3237673065332	-1.32065221402077	-1.31532071823056	-1.47616044876334
1.10216233944845	1.10216233944845	1.10216233944845	1.10216233944845	1.10216233944845	1.10216233944845	1.10216233944845	1.10216233944845	1.10216233944845	1.10216233944845	1.10216233944845	1.10216233944845	-0.193232576370935	0.0605537361587962	-0.189398054879605	0.179451224440609	-0.806199232805977	0.0892521444034648	-0.0854335148483767	0.177939769997831	-0.0458288190156689	-0.76184905396926	-0.325883175383587	0.588769836233976	-0.118266850533993	-0.0310444075267301	-0.0310444075267301	0.459453005434139	-0.168025420999808	-0.145533319059106	-0.118266850533993	-0.145533319059106	-0.118266850533996	0.216010086134056	-1.01015630025646	-0.118266850533987	-1.21927643134284	-1.49475688181969	-1.03546495428512	0.955785449942365	0.795744556799507	0.850571230017797	0.527040148401109	1.52322021681558	-0.641708263614489	0.516898042023333	0.870984924755541	0.0278080609348494	0.0651602723815316	-0.427534843721989	0.178325942289975	-0.328675743995698	-0.534839628349787	-0.38863427214766	-0.428350156577706	-0.237575610022449	-0.571266271397796	-0.265674609273835	-0.360602230057937	-0.478946755165357	-1.21339932215803	-1.21339932215803	-1.21339932215803	-1.21339932215803	-1.21339932215803	-1.21339932215803	-1.21339932215803	-1.21339932215803	-1.21339932215803	-1.21339932215803	-1.21339932215803	-1.21339932215803	0.230484255383565	0.607741175636244	1.97826505656037	0.0345844734037106	0.651385161735446	1.40991648180279	0.911152827984728	0.192693568735117	1.17501753650487	0.358801563684835	-1.61349764207702	-0.234513749486585	-0.470738715127884	0.278824299661292	-0.00502754406210972	0.599950771042635	1.02850455913775	0.709131209959349
-1.16458949815819	-1.16458949815819	-1.16458949815819	-1.16458949815819	-1.16458949815819	-1.16458949815819	-1.16458949815819	-1.16458949815819	-1.16458949815819	-1.16458949815819	-1.16458949815819	-1.16458949815819	1.02358534373321	1.08291201303728	1.32121529226736	0.644275126939443	0.102437746672056	-0.655091820458676	-0.181906902271298	-0.767888409269418	-0.499169095327526	0.0432119063420124	0.940758020625182	1.35364853440706	-0.0156211055329592	-0.0861609096884011	-0.086160909688401	0.179360979651917	-0.454155493097518	0.22745487563751	-0.0156211055329588	0.227454875637509	-0.0156211055329574	0.172457304231681	0.432942233268122	-0.0156211055329638	0.865262164880361	0.951894912339834	-0.00971185323443045	2.13668932759754	1.72740772723674	1.91636479209074	0.566031834744838	-0.49517512931883	0.752834116137267	0.721222803563175	-0.289613947729085	1.21620845831366	1.7479854943163	2.13207331188028	1.21322443049028	2.72204930505972	1.93883964816854	1.19054693409911	2.1525541645618	-0.120912888725988	0.4394006036493	1.26863420059086	0.916398426987613	0.892850567868348	-0.590230041803654	-0.590230041803654	-0.590230041803654	-0.590230041803654	-0.590230041803655	-0.590230041803655	-0.590230041803654	-0.590230041803654	-0.590230041803654	-0.590230041803654	-0.590230041803654	-0.590230041803654	-0.938575748810969	0.16423688327646	-0.0972112906870532	-0.411658820155705	0.252127180487185	-0.286218378486026	-0.537404434757048	1.21994221235077	0.422964787094967	-0.842216729597921	-0.235255306559075	-1.74355565632822	-1.26952336574288	-1.53965847277442	-0.999000904437082	-0.189757670561592	-0.579636307207835	1.64673055803192
0.925563799095933	0.925563799095933	0.925563799095933	0.925563799095933	0.925563799095933	0.925563799095933	0.925563799095933	0.925563799095933	0.925563799095933	0.925563799095933	0.925563799095933	0.925563799095933	-0.36835070757721	-0.518035049242719	0.0698782368347697	1.51275559521219	-0.654242671916865	-0.103574167903078	0.838838874273208	-0.329530527750464	-0.762803989175793	-0.472341884241728	-0.22165399944273	0.303576298735966	-0.281764944892482	-0.254558928955641	-0.254558928955641	-0.160010130022229	0.100070531254278	-0.0811901535800255	-0.281764944892482	-0.0811901535800254	-0.281764944892483	-0.349271482138595	-0.610019296877058	-0.28176494489248	1.5636916118729	0.579946116051586	1.15814978854369	0.0551396932664988	0.46952635806484	-1.00417766093161	-0.481763673989129	-0.474358702575638	-0.899760540531217	-0.00926699315603321	1.07254784457719	0.583899580079662	1.89217195485748	1.13171923860375	2.64053662156645	1.40979915899534	0.485085756352515	0.426006602633614	1.89713241433267	0.0131378030044441	1.57818699894178	1.79684373544622	0.646088206696864	1.53993428945079	0.458852349679382	0.458852349679382	0.458852349679382	0.458852349679382	0.458852349679382	0.458852349679382	0.458852349679382	0.458852349679382	0.458852349679382	0.458852349679382	0.458852349679382	0.458852349679382	-1.0422663698095	-1.39654578907751	-2.46149769068524	-0.683460339774102	-1.02839742058331	-1.19608182720185	-1.41628616320766	-1.35558496492538	-1.13497138336926	-1.8729846314201	-1.19603685457874	-1.29783005495582	-1.21360893200061	-1.14518637779768	-1.22503527401418	-1.82995588472208	-1.40971073443956	-0.741865188290444
1.25959940665417	1.25959940665417	1.25959940665417	1.25959940665417	1.25959940665417	1.25959940665417	1.25959940665417	1.25959940665417	1.25959940665417	1.25959940665417	1.25959940665417	1.25959940665417	-1.31463641475773	-1.13276077710155	-0.552583157627648	0.119216860155165	-0.459050306471865	-0.361866286189703	0.116044634774321	-0.583876262060665	-0.234977290511152	-0.181976412510374	-0.483397247942752	-0.950508382743431	0.206363478188027	0.286798019220239	0.286798019220239	0.580612228327274	-0.229130802894815	-0.233824111274869	0.206363478188027	-0.233824111274868	0.206363478188027	0.0878667436232683	0.165287745321106	0.206363478188028	-0.531259559848677	-0.156596250561337	0.00117672884841254	0.237825635142013	0.484470275693266	-1.20220672947098	-1.89739630827914	-1.97063066688531	-0.876994038312779	0.0783189625850389	-1.45442989937695	-0.453326848997313	-1.53076669733182	-1.06648874959414	-2.06670079054826	-1.59113588001171	-2.08627210969443	-1.61869384488712	-1.97871359280308	-0.945150144223921	-2.10046255679138	-2.40303360961284	-0.414119751855314	-1.00238422396677	-0.107614452499979	-0.107614452499979	-0.107614452499979	-0.107614452499979	-0.10761445249998	-0.10761445249998	-0.107614452499979	-0.10761445249998	-0.107614452499979	-0.107614452499979	-0.10761445249998	-0.10761445249998	-1.68047118388801	-0.418626543763717	-1.23728771274553	-0.8756745353937	-1.75320760483581	-0.15361132152152	-0.649730839776672	-1.06520681972178	0.108532991953415	-0.778745842766978	-0.652286441478896	-1.49790280260042	-1.02578652877414	-1.35364572673492	-1.50283088224336	-1.19367640465022	-1.51449121758561	-1.72648554969647
-0.489825677436967	-0.489825677436967	-0.489825677436967	-0.489825677436967	-0.489825677436967	-0.489825677436967	-0.489825677436967	-0.489825677436967	-0.489825677436967	-0.489825677436967	-0.489825677436967	-0.489825677436967	0.702452212894246	0.481844622782819	1.24201371542474	0.783975153578639	1.00828345074904	0.0327715636657003	0.634054086010333	0.249371158795154	0.941516270073156	0.993998224923972	0.518670160987947	-0.462224584591969	0.326633357470311	0.227167559639533	0.227167559639533	0.734140846014651	-0.323023701092696	0.165987601617531	0.326633357470311	0.165987601617531	0.326633357470314	0.513888805313632	1.13911583775912	0.326633357470303	-0.476515970596735	-2.81852195304308	-2.62042227826071	-2.08816876631682	0.252384819065596	1.16942809202126	1.65608349813991	0.750285045742292	1.69168070711247	-0.803011005143713	1.3407452917317	0.477032206666273	0.637238046451999	0.362147468810476	0.342830248017028	0.172729991675256	-0.326654863098332	0.22886233521512	0.252902637850522	-0.645793593861432	-0.681860391311824	-0.367815784607566	0.165549932487467	-0.593094195253686	-0.163441072511845	-0.163441072511845	-0.163441072511845	-0.163441072511845	-0.163441072511845	-0.163441072511845	-0.163441072511845	-0.163441072511845	-0.163441072511845	-0.163441072511845	-0.163441072511845	-0.163441072511845	-1.29609333172121	-2.25265432271632	-1.89640960129406	-0.819937415450707	-1.13309054423953	-2.74842140561155	-2.28528714027546	-1.81762903895886	-2.5879341753174	-2.20857178924558	-0.824582843302717	-0.876981275602968	-0.50444739970816	-0.952589110818949	-0.63013617896705	-1.0201423393942	-0.759839346491523	-1.0752413561285
-0.13191793649268	-0.13191793649268	-0.13191793649268	-0.13191793649268	-0.13191793649268	-0.13191793649268	-0.13191793649268	-0.13191793649268	-0.13191793649268	-0.13191793649268	-0.13191793649268	-0.13191793649268	0.450889807722251	-0.262173498022105	-0.0578112508736488	0.00616270595285994	-0.459509350686263	-0.391781012756024	-0.562409200605369	-0.106261725024258	-0.221310436559928	0.242409663382272	-0.375714005972227	0.474443291618871	2.21844848585938	2.08223999278446	2.08223999278446	2.47834884538486	1.69953568689981	2.17590528982822	2.21844848585938	2.17590528982822	2.21844848585939	2.70015268094556	2.1603709408791	2.21844848585938	1.37560335329151	-0.077188375174302	-1.01894392115209	-1.18577527560072	-1.47115590738716	-0.853438573372057	0.605814186132994	0.386308184900173	-0.303657502703173	0.899972853079049	0.300209935902771	0.352427596968673	-0.188636573104901	-0.269770405551963	-0.50476536387045	0.0382649839684249	-0.755066716770182	-0.375113000887063	-0.915897389790018	0.660457320837467	0.0367931395666185	0.203256081654667	-0.0559016263401373	0.506893856534608	2.25982464244899	2.25982464244899	2.25982464244899	2.25982464244899	2.25982464244899	2.25982464244899	2.25982464244899	2.25982464244899	2.25982464244899	2.25982464244899	2.25982464244899	2.25982464244899	0.146481326937544	-0.30241462334399	-0.295012339280563	-0.156128226382146	1.98472148714708	0.257339825646924	-1.51155154139413	-0.149549700435017	0.129091619351566	0.136004012153319	-1.43920386654191	-0.676209961147409	-0.409011232490493	-0.807486206117666	-1.43562886395364	-0.519209649865338	-0.35558910823968	0.89269093102388
-1.88570105321911	-1.88570105321911	-1.88570105321911	-1.88570105321911	-1.88570105321911	-1.88570105321911	-1.88570105321911	-1.88570105321911	-1.88570105321911	-1.88570105321911	-1.88570105321911	-1.88570105321911	0.731354054857783	0.614715508123944	0.865143354816287	0.570688029928462	1.48462540868539	-0.279843588214088	0.715189452006369	1.06214234950838	0.470741343654777	0.953697633310425	1.76182862483413	1.20946310472044	1.0843476154953	1.2312048620764	1.2312048620764	1.28747036229163	0.705373067543713	1.01167659967205	1.0843476154953	1.01167659967205	1.0843476154953	1.47946718308698	0.427365062920102	1.0843476154953	2.56351548795387	1.96197510682558	1.43592666047281	0.365271280990094	0.0102959342272307	-0.585316750157211	-0.857439537239837	0.767265231777609	-0.782728447209521	0.119713508322583	1.80348458610569	2.17760320904593	-0.726634428495662	-1.38198938608592	-0.756518014642871	-0.817286825933738	-1.59402649773364	-0.378657195344168	-0.952899884483361	-2.00622436321515	-1.1501692486541	-1.50254054013185	-1.49950981855611	-1.13588744479579	0.74805509943813	0.74805509943813	0.74805509943813	0.74805509943813	0.74805509943813	0.74805509943813	0.74805509943813	0.74805509943813	0.74805509943813	0.74805509943813	0.74805509943813	0.74805509943813	0.52193078170638	0.829882924140664	0.239135773727322	-1.14500325138031	-0.561141854780982	-0.902803273704531	0.468474191558238	-0.676313661576858	-0.813437954879497	-1.23342745881709	-0.825733058132915	-1.35110567197983	-0.0906384717938519	-0.879331368926528	0.768066971468289	0.162047562535548	0.994711047687483	-1.53335521981482
-0.932496804465977	-0.932496804465977	-0.932496804465977	-0.932496804465977	-0.932496804465977	-0.932496804465977	-0.932496804465977	-0.932496804465977	-0.932496804465977	-0.932496804465977	-0.932496804465977	-0.932496804465977	0.474488307728483	0.350293781001699	0.320386596568125	-0.243373054229931	-0.0509991661713229	-0.190996985628491	0.559736957090851	1.01087275788153	1.35394220804076	1.49610575824375	0.492173895011606	0.0277965582419614	1.4009363591142	1.03886377263061	1.03886377263061	1.29163614334803	1.48655340720953	1.21558513207929	1.4009363591142	1.21558513207929	1.4009363591142	1.38175175005931	1.19770746165926	1.40093635911421	-0.991440146069373	-0.00855028120537195	-0.819284114422315	-0.448330842529475	-0.403753914670058	-0.133571377855114	0.577878493589119	-0.0199059621004334	-1.38972426969881	-2.22623694412636	-0.621661757634257	-0.635671776805041	0.558588298629377	0.0508268918553406	0.357277930761437	0.309346390198094	-0.505616263031205	0.187822909176356	0.121983724753843	0.324145259767296	0.146622758966035	0.317392628031194	1.05042638678603	0.517026025969271	-1.21032730227338	-1.21032730227338	-1.21032730227338	-1.21032730227338	-1.21032730227338	-1.21032730227338	-1.21032730227338	-1.21032730227338	-1.21032730227338	-1.21032730227338	-1.21032730227338	-1.21032730227338	0.624436921488858	-0.8231716096479	-0.803554724121224	-1.24449892726073	-0.160025612936528	-0.0426241261530941	-0.364817490437554	-2.42551355669552	-1.24976389906178	-2.56476481878688	-2.11021719820872	-2.13388314807132	-2.53084745159989	-1.79073720965274	-1.19162819751638	-1.51455831547994	-0.756291986552725	0.0851754857241408
-0.420637864847298	-0.420637864847298	-0.420637864847298	-0.420637864847298	-0.420637864847298	-0.420637864847298	-0.420637864847298	-0.420637864847298	-0.420637864847298	-0.420637864847298	-0.420637864847298	-0.420637864847298	-0.0430958981978108	-0.151275451827885	-0.773929592956593	1.07152965936596	0.309021243459926	1.91585605330061	0.438815283915082	0.326105966561265	-0.275587118718419	-0.647661989183238	-0.81572959699223	0.828492412945651	-1.97708813597259	-2.04143491682925	-2.04143491682925	-1.19822624346062	-2.34120296731817	-2.65737072353059	-1.97708813597258	-2.65737072353059	-1.97708813597258	-1.50176720089617	-1.73703134652003	-1.97708813597258	-0.615649528935841	-0.528798964700034	0.023819370102849	-0.375528071405405	-0.149183341643885	-0.384162108849945	-0.883327793165673	-0.67584857379131	0.505279567661055	-0.577134410459376	0.275613624278183	0.510312441547228	-0.508273006097529	0.237277912622906	-1.10551162562121	-0.00051927517460408	-0.759837338808202	-0.587660849157451	-0.789120482587131	-0.500462410024036	-1.38397465453147	-1.28065817666697	-1.50186014466069	-1.14202585742764	-0.508192116656005	-0.508192116656005	-0.508192116656005	-0.508192116656005	-0.508192116656005	-0.508192116656005	-0.508192116656005	-0.508192116656005	-0.508192116656005	-0.508192116656005	-0.508192116656005	-0.508192116656005	1.57991871016918	0.898247766516302	-0.598916845261934	0.868199080480123	0.776744099119729	-0.00919998238226582	0.96032251985511	0.914301541926247	-0.610009663126493	-1.09993270032196	-0.190614782595549	-0.442648575566947	-1.44319181100372	-0.362868369138374	-0.895092788332368	-1.31755793974945	-0.281092721063071	0.622276309370539
-1.38771587566461	-1.38771587566461	-1.38771587566461	-1.38771587566461	-1.38771587566461	-1.38771587566461	-1.38771587566461	-1.38771587566461	-1.38771587566461	-1.38771587566461	-1.38771587566461	-1.38771587566461	0.785620443653174	0.198144134053706	1.30344582714703	0.142654199640547	-0.668249351236793	-1.05109667058809	0.77410054799476	0.0194890874007189	0.30715559812315	0.31234945883973	0.636030425704481	0.842874594564508	0.756171359826033	0.573208636363702	0.573208636363702	0.929790817617303	0.783958011505261	0.796218428909141	0.756171359826033	0.796218428909141	0.756171359826034	0.524659271913157	0.829672868359353	0.756171359826032	0.921607789517709	0.863216560334602	2.16580712789032	0.604508409467228	-0.164907681402871	-0.431990150482792	-0.244516579096031	0.400535798134614	1.22180362413615	1.56532397133714	1.49006664460928	0.262022532145184	-0.617609222367144	-0.273063454259076	0.313376784620756	-0.248279445036348	-0.1699463199865	0.370444007643718	0.496075383547654	-0.470871915206779	0.173186511911129	-0.0813901005220518	-1.43978261702882	-0.553536247327235	2.39701503942325	2.39701503942325	2.39701503942325	2.39701503942325	2.39701503942325	2.39701503942325	2.39701503942325	2.39701503942325	2.39701503942325	2.39701503942325	2.39701503942325	2.39701503942325	1.01909497013352	1.45460462235115	0.546675150206902	1.2199207140331	1.14804549991766	0.683823654644866	1.24659887813462	1.01729641942471	1.99085592040088	0.560552768862268	1.63405814668915	1.67874940783065	0.793048027798562	2.21741184598488	1.53003547138928	1.29595941229794	-0.152859878609167	1.1384620759593
-0.810595075447961	-0.810595075447961	-0.810595075447961	-0.810595075447961	-0.810595075447961	-0.810595075447961	-0.810595075447961	-0.810595075447961	-0.810595075447961	-0.810595075447961	-0.810595075447961	-0.810595075447961	-0.752413817291041	-0.26162111869936	-1.13138281194481	0.215330623145891	1.76179760012785	1.4177455170274	0.562344452923397	1.53809167130113	0.43864520158764	0.0307731702051545	-0.180122383906112	0.0348501809940908	0.316890584334001	0.475174380637145	0.475174380637145	0.26025290745219	-0.0265240112929395	0.279069225934726	0.316890584334001	0.279069225934726	0.316890584333999	0.218493300631658	-0.203150262459484	0.316890584334007	1.1136512872404	1.3262662438338	0.753308698206584	0.156592794896664	-0.183763148445047	0.829749471068068	-0.826559590161334	-0.208214243257227	0.765884204111994	-1.38730102780502	0.778427860851707	0.8218564013379	-0.0984229146917303	0.268836209656214	0.275932725496411	0.195228373347337	1.01453012642091	0.610693619691747	0.184407331630976	-0.654633007083991	0.025983795022291	-0.652804446109353	-0.102477043892413	-0.643862405178108	-1.42834034525428	-1.42834034525428	-1.42834034525428	-1.42834034525428	-1.42834034525428	-1.42834034525428	-1.42834034525428	-1.42834034525428	-1.42834034525428	-1.42834034525428	-1.42834034525428	-1.42834034525428	-0.50068771146572	-0.960436297269688	-0.343973484993889	-0.84663492546884	-0.195065012969433	0.41902561870842	-0.538150590483196	-1.23969721731975	-0.0819811333536923	-0.338296795364183	-1.32513349422337	-0.354435705895351	-0.134232767076797	0.780390253852523	0.59498637065235	0.0414892975712902	-0.76190899507732	-0.270343595674987
0.570051470437444	0.570051470437444	0.570051470437444	0.570051470437444	0.570051470437444	0.570051470437444	0.570051470437444	0.570051470437444	0.570051470437444	0.570051470437444	0.570051470437444	0.570051470437444	-0.136822820907471	-0.89071006204354	0.0818996840012635	0.659074092302666	1.36609076481405	0.46995741019112	1.53316239089839	1.13728555253996	0.866043496861268	1.12239972657681	0.116844198437857	-0.669192159184635	-0.290618634829781	-0.169781268099977	-0.169781268099977	0.132523447022343	0.10205655858286	-0.374351970108554	-0.290618634829781	-0.374351970108554	-0.290618634829778	-0.146257326399639	0.0310256776445518	-0.290618634829789	-1.02991464761293	0.218474489859232	0.51532829558354	1.46196685837654	-0.3148373710373	-0.299829938925083	-1.59978153079892	-0.562495435537589	0.257979186825308	1.21996025749097	-0.506676540694471	-0.449155748152195	0.681854976128483	0.531873430090982	0.422850686183489	0.192513683403932	0.483105457218324	0.0630659661505982	0.772223540744998	1.02453725319371	1.26175655883827	0.550077557537818	-0.0599013926620604	0.925342811344348	-0.0901766046026454	-0.0901766046026454	-0.0901766046026454	-0.0901766046026454	-0.0901766046026454	-0.0901766046026454	-0.0901766046026454	-0.0901766046026455	-0.0901766046026454	-0.0901766046026454	-0.0901766046026454	-0.0901766046026455	1.71308936575979	0.340502289011362	1.36025297678507	-0.755539163201139	0.38844446883676	0.8223597475201	0.724498608552847	-0.517178252206242	-0.730233843831575	0.206025578537748	-1.91571086272667	0.136243463672751	-0.252282582593225	0.821429379941857	0.498312691790757	0.480527283821511	1.22462070923117	-0.620897335314837
-0.192927678197899	-0.192927678197899	-0.192927678197899	-0.192927678197899	-0.192927678197899	-0.192927678197899	-0.192927678197899	-0.192927678197899	-0.192927678197899	-0.192927678197899	-0.192927678197899	-0.192927678197899	-0.792157552718691	-0.75427227288843	-1.01351766412448	-0.207254156151316	-0.672393732531278	0.395220404866833	-0.778997567665402	-0.846623276555849	-0.999621086075693	-1.29388112631591	-1.24061359998719	-0.159208050581883	1.99860533924626	2.17718498742851	2.17718498742851	2.12229568694629	2.36409882228807	2.40204620860787	1.99860533924626	2.40204620860787	1.99860533924626	1.96568169772222	1.31942202649546	1.99860533924626	-0.271209561538242	-1.30971386258699	0.302004196519468	-0.0213832966667676	-1.243083831943	-3.2684026288678	-1.24326007522149	0.434056211590949	-2.65563357537324	1.20494060844649	2.06233986675285	0.270761027637862	-0.442503011352565	-1.31176384927317	-1.48813366489003	-1.25141470042946	-1.26565182344864	-1.09563992942126	-1.21544195479207	-2.4251556385628	-1.46727184566996	-1.81851768196285	-0.895147098079138	-1.18156405238499	0.671141088578202	0.671141088578202	0.671141088578202	0.671141088578202	0.671141088578202	0.671141088578202	0.671141088578202	0.671141088578202	0.671141088578202	0.671141088578202	0.671141088578202	0.671141088578202	-1.792603698287	-0.552098314703121	-2.06484493409915	-1.57634830000144	-1.08316075847101	-2.37871933078981	-2.1982725813681	-0.259513998057546	-0.867817751283897	-0.486845630434879	0.708926292550385	-1.70418783771591	-0.902479579911278	-2.66232866134665	-1.99218464524801	-1.18239002135714	-1.46648889270684	-1.34161507843577
1.67223302732727	1.67223302732727	1.67223302732727	1.67223302732727	1.67223302732727	1.67223302732727	1.67223302732727	1.67223302732727	1.67223302732727	1.67223302732727	1.67223302732727	1.67223302732727	-1.33094154516176	-1.277539924093	-0.348294755326786	0.190944840957084	0.297143026976472	-0.632040074244629	0.208458207162796	0.151095144710223	0.119108581038342	-0.0502223098634986	0.20732281423239	-1.2755392207269	-1.03570593386465	-1.13791625128521	-1.13791625128521	-0.317990034525776	-1.46681332909122	-1.26168540537326	-1.03570593386465	-1.26168540537325	-1.03570593386466	-0.267601957996955	-1.25552159626696	-1.03570593386465	0.0517011622861889	0.493219089276936	-0.0962759618920858	-0.783635470105466	-0.897714310667829	-0.0634800223869239	-0.473172459163136	-0.230451238264264	0.496496401971249	-0.595444355419186	-0.583575366842627	0.066619108412087	2.10580579888201	1.89283391841419	1.05928585847418	1.20603020184158	1.69651392033176	-0.390130540143922	1.30127722869773	1.6446602041625	1.51893616536831	1.59180378285452	2.22928236189616	2.19934203651884	1.52631474887824	1.52631474887824	1.52631474887824	1.52631474887824	1.52631474887824	1.52631474887824	1.52631474887824	1.52631474887824	1.52631474887824	1.52631474887824	1.52631474887824	1.52631474887824	-0.0859229535486093	-0.557675192015784	-1.6810642396848	-0.99045166063019	-0.656520864689409	0.390654691240457	-1.43992548373605	-1.23189271027824	-0.937205066555243	-0.468511459941875	-1.16279995815929	-0.670997413010143	-1.05802256665147	0.218821227475179	-0.929181360070155	-1.2790779819823	-2.74523967214348	-1.23605778385009
1.37913028998042	1.37913028998042	1.37913028998042	1.37913028998042	1.37913028998042	1.37913028998042	1.37913028998042	1.37913028998042	1.37913028998042	1.37913028998042	1.37913028998042	1.37913028998042	0.182056610523402	0.514069963982918	0.0551675533053976	0.0975862885801012	0.477571597280205	0.985555376584955	0.48323787115874	0.570174319948117	0.514952263854187	-0.225308988196527	-0.230843900893913	0.179273234761517	-0.578180585074469	-0.883818645660699	-0.883818645660699	-0.437574826363375	-0.397694111881061	-0.107108541860626	-0.578180585074468	-0.107108541860626	-0.578180585074468	-0.598360075953102	-0.294059231327561	-0.578180585074471	1.18256725417214	2.09345209204454	1.2866014897497	0.780948263015764	1.14121197219481	0.664304051336584	1.2498382625608	-0.191078737183405	1.2140718914687	0.262977138795999	-0.0740113568686579	0.354843843927485	1.38250617191774	1.0186039172069	0.122265893832124	0.264955120162851	-0.302175058364513	-1.33013505590048	-0.115850718676016	0.394605402913699	-0.481621908137866	0.697752691205889	1.20902424413715	0.3828544563802	0.112983852711899	0.112983852711899	0.112983852711899	0.112983852711899	0.112983852711899	0.112983852711899	0.112983852711899	0.112983852711899	0.112983852711899	0.112983852711899	0.112983852711899	0.112983852711899	-0.131384570959801	0.674295411565927	1.29279309293368	0.191881270029972	0.562392835042701	0.534436747536835	-0.708735372128921	-0.0873256149646553	1.41919642259951	0.388113323377188	-0.198017406744867	0.0677600461833848	-0.364393082616672	-0.511574986258624	-0.898408978145998	1.3754715037744	0.562299633097595	0.608777130407947
-0.0851386771180192	-0.0851386771180192	-0.0851386771180192	-0.0851386771180192	-0.0851386771180192	-0.0851386771180191	-0.0851386771180192	-0.0851386771180192	-0.0851386771180191	-0.0851386771180191	-0.0851386771180192	-0.0851386771180192	0.169188277726845	-0.525598185997025	-0.261595978318318	0.293575565319062	1.11308054104765	0.762310883645237	0.664210313966834	0.821140064369465	0.475770787723926	0.84235845805122	0.0346355694528364	0.46348292055622	0.42139884299099	0.797362491042407	0.797362491042407	-0.0289217672534863	-0.094090210689755	0.0256295682404525	0.42139884299099	0.0256295682404528	0.42139884299099	0.285591508593779	0.465102037864293	0.421398842990991	0.647692168830109	1.1808229207806	2.16712517909001	2.1746727898665	1.15171240885779	0.644074297555247	0.00827701816661154	-0.723196439317521	0.0165872112750826	1.4460558738549	-0.685333263789247	-1.07575383458305	2.01158667564618	1.59299093404577	2.63386971512533	2.41690050267836	-0.231747974186745	0.975990658567165	2.01977494782948	0.473260060630804	0.771995611318255	2.20845011358956	2.20548571157616	2.08187814737964	-0.173250682823191	-0.173250682823191	-0.173250682823191	-0.173250682823191	-0.173250682823191	-0.173250682823191	-0.173250682823191	-0.173250682823192	-0.173250682823191	-0.173250682823191	-0.173250682823191	-0.173250682823192	-0.779490390874558	-0.0464015320306511	-1.8083265723415	1.25571375283426	-0.0194343394829451	-0.137865812120425	-0.00312531620232939	0.816048339576409	0.590857828729448	-0.0908604941673408	-0.876834561295389	-0.897984997243985	-2.27854266917958	-0.778741513662648	-2.58544437646	-2.59167140401504	-2.18013190947371	-0.570820529668989
1.47597123484434	1.47597123484434	1.47597123484434	1.47597123484434	1.47597123484434	1.47597123484434	1.47597123484434	1.47597123484434	1.47597123484434	1.47597123484434	1.47597123484434	1.47597123484434	-1.02470193480213	-0.655909194910147	-1.77743709702599	-0.741170361153451	-0.896596300436786	1.84760048913488	-0.947470890711638	-1.33973816470911	-1.41829451285475	-2.41822576393322	-1.91174581138626	0.156805244417835	-0.0320596334883164	-0.513480957762315	-0.513480957762315	0.0409524264599539	-0.716147391122046	-0.206807908889726	-0.0320596334883158	-0.206807908889727	-0.0320596334883165	-0.188405108908826	0.39740656917833	-0.0320596334883132	0.63636988586634	-0.417659682624939	-0.039121148092675	1.98431715311785	2.02290945124541	1.45756858321535	-0.45521171434873	0.467725979930696	0.132951931780746	1.40067780268353	1.03173986721903	1.76448434488919	-0.876481028234065	-1.46045254948595	-1.16427131477419	-2.12184967670581	-0.175636563965753	-0.294350162732424	-1.46584807861507	0.0240152854639551	0.344831074476386	-1.24092238179573	0.500789996451497	0.142496220389007	-0.73863641272841	-0.73863641272841	-0.73863641272841	-0.73863641272841	-0.73863641272841	-0.73863641272841	-0.73863641272841	-0.738636412728411	-0.73863641272841	-0.73863641272841	-0.73863641272841	-0.738636412728411	-0.830118496114883	-1.03379343089551	-0.667564119030772	-1.59048136782076	-1.9614330109802	-1.75833326754975	-0.334762197469743	-1.56610437432465	-1.15143548026399	-0.580819424849996	0.477204109802904	-0.945983489322964	-0.589405417322971	-1.02181511958727	0.400178278503933	-0.140898120927625	-0.843151585518179	-2.17709771669363
1.07160255833465	1.07160255833465	1.07160255833465	1.07160255833465	1.07160255833465	1.07160255833465	1.07160255833465	1.07160255833465	1.07160255833465	1.07160255833465	1.07160255833465	1.07160255833465	-0.398203545494364	-1.8284495714229	-0.587485604366164	0.537847338523647	-2.0893913517237	-1.0130601405017	-0.295555635960328	-1.97306802358061	-2.19796646815396	-0.861589212895533	-1.86598720233636	0.173183229571231	0.0585402653301035	0.388753383415128	0.388753383415128	0.18693247844453	-0.398006038120934	-0.293510307389685	0.0585402653301034	-0.293510307389685	0.0585402653301033	0.234307007415024	-0.0227383504103408	0.0585402653301031	0.887643881050512	0.340904099300733	-0.821021295991252	-0.751277445754748	-0.714395310865604	-0.601984941990977	-0.82165105090263	-0.212823098699238	0.457199141935846	-0.82504257790598	1.40506404698629	1.7820257202752	0.905939886603097	1.56110120204888	0.776390109802977	1.82168841634187	-0.665491707105236	1.69515394013032	1.28637777289451	0.694564236131247	-0.573576892647913	0.548732695165967	-0.65515447505849	-0.335721230529334	0.0511758309942627	0.0511758309942627	0.0511758309942627	0.0511758309942627	0.0511758309942627	0.0511758309942627	0.0511758309942627	0.0511758309942627	0.0511758309942627	0.0511758309942627	0.0511758309942628	0.0511758309942626	-1.45693825941606	-2.40125639060531	-0.809087663213477	-0.648425297976195	-1.51665553583846	0.287731679122684	0.560680208164853	-0.721510429226638	-0.321997709689259	-0.598253372132898	-1.04430009055006	-0.140027760382095	-0.237449413283688	-0.157089515328097	0.451237101131916	-1.43620168400558	-1.31766983093609	-0.968313529052916
-0.22444643391202	-0.22444643391202	-0.22444643391202	-0.22444643391202	-0.22444643391202	-0.22444643391202	-0.22444643391202	-0.22444643391202	-0.22444643391202	-0.22444643391202	-0.22444643391202	-0.22444643391202	-0.226889733959465	0.536921772264386	-0.35119897595202	-0.238667403360182	0.55814021870061	-0.136396252627005	0.409186183176267	1.04459847591527	0.393867682417327	0.560320822661633	0.0913236383009211	-1.27238873653774	0.811599574416385	1.27109704393201	1.27109704393201	1.00358197129907	0.333155496455182	0.540393675421816	0.811599574416385	0.540393675421816	0.811599574416385	0.834720755259934	0.54364854650679	0.811599574416385	-0.590849240569605	-1.11520539063303	-2.26203221288904	-2.05382804032839	-1.07180958221494	0.975431256448695	1.05862304663527	0.667921140200082	1.42278447553887	-2.70652965968946	1.27050355545636	0.878994453375228	-0.0215015966196528	-0.0176320382839664	0.124078335052474	-0.563374876724963	0.126906146371337	1.084803091261	-0.547655536604534	0.271483626237358	-0.184852660245744	-0.571309949420731	-0.015440907746596	-0.452452622620037	-0.79247201200757	-0.79247201200757	-0.79247201200757	-0.79247201200757	-0.792472012007569	-0.792472012007569	-0.79247201200757	-0.79247201200757	-0.79247201200757	-0.79247201200757	-0.792472012007569	-0.79247201200757	0.182763215783066	0.179681713498178	1.58646877449501	-0.47796694614243	-0.590091962237735	-0.686950243438748	0.641553362809591	-0.649512704903557	-0.0576325924502883	-1.11479558254879	0.084716997145811	0.576829966241514	0.33452317506906	0.384257946485099	0.482781944243666	1.2369596312205	2.32946084437963	0.862770691383858
-1.7374828287412	-1.7374828287412	-1.7374828287412	-1.7374828287412	-1.7374828287412	-1.7374828287412	-1.7374828287412	-1.7374828287412	-1.7374828287412	-1.7374828287412	-1.7374828287412	-1.7374828287412	1.08908056242676	0.791517535181825	1.43665263553538	0.865529274879555	0.599790811676858	-0.862105493385737	-0.481122896857878	-0.80597444661649	-0.874398491943749	-0.186996610992333	1.05339689303599	1.7545250662807	-0.582205839680815	-0.306419543133977	-0.306419543133976	-1.00823273934224	-0.416955437845107	-0.513125527696429	-0.582205839680815	-0.513125527696428	-0.582205839680817	-0.489790611281141	-1.00569885252126	-0.582205839680811	1.03673417190917	1.71488681353053	1.06161597731888	-0.221236805697057	0.249832883087989	0.514800595557758	2.39046034813995	2.12884984334834	0.0708271734171667	-0.781056480645343	1.36069834096589	0.338404317954369	0.0783706220427353	-0.501375399483482	-0.944635721035818	-0.275685292219999	0.263676208235777	0.824741929654337	-0.40897037260585	-0.285612612679752	-1.48750664481008	-0.0788297747435784	0.370184554966764	-1.49232130254963	-0.235657224140844	-0.235657224140844	-0.235657224140844	-0.235657224140844	-0.235657224140844	-0.235657224140844	-0.235657224140844	-0.235657224140844	-0.235657224140844	-0.235657224140844	-0.235657224140844	-0.235657224140844	0.324233410140818	-0.855293462328453	1.00317161992204	-0.946915220211706	0.972550295536579	0.0337528500074155	-0.578367066776358	-0.865910455982046	-1.07174751654001	0.181898547856059	-1.49251858632331	-0.999730636951649	0.183663400519979	-1.31293354192369	0.65658835691921	0.246594000629535	1.13493804236874	0.116965796504846
0.292301972527667	0.292301972527667	0.292301972527667	0.292301972527667	0.292301972527667	0.292301972527667	0.292301972527667	0.292301972527667	0.292301972527667	0.292301972527667	0.292301972527667	0.292301972527667	-1.18698835998316	-1.16779281869837	-1.50290772661911	-1.9121802512813	-1.09062677536684	-0.527072278016302	0.240648651245825	1.2837584547374	0.812703808293343	0.442895254245834	0.355413307272624	0.132909499042184	-1.19483796964193	-1.65131168661317	-1.65131168661317	-0.581804441089006	-1.43255355506929	-1.10886029772095	-1.19483796964192	-1.10886029772095	-1.19483796964193	-0.7326427694853	-1.40324837863103	-1.19483796964192	2.82017852665814	0.904444403772105	-0.0581153695797662	0.602704144320717	0.12729418466797	-0.6119994940649	-0.0501551040966468	1.91455831657405	-0.300612718282667	1.35537799912085	3.96143200643975	4.11167244851551	0.812866686489498	0.598636590886879	0.361744757981297	0.664194426533888	-0.479849566364987	-0.432155423474438	0.479825625949295	-0.111744745129838	-0.253769786180707	0.416854320802989	-0.564740970225836	0.210486865552861	0.821035343782747	0.821035343782747	0.821035343782747	0.821035343782747	0.821035343782746	0.821035343782746	0.821035343782747	0.821035343782746	0.821035343782747	0.821035343782747	0.821035343782746	0.821035343782746	-0.209280378244578	-0.379495963942039	0.342652157543397	-0.379111150829361	-0.158585914110803	0.770662126122299	0.425269425527177	-0.842800239047449	1.12186563721708	-0.314622437533047	0.913947796224883	0.727833080895402	1.36341373761046	0.242333565809496	1.28224530146331	1.33335240767329	0.631047026800825	0.196969338707771
0.0889332111124595	0.0889332111124595	0.0889332111124595	0.0889332111124595	0.0889332111124595	0.0889332111124595	0.0889332111124595	0.0889332111124595	0.0889332111124595	0.0889332111124595	0.0889332111124594	0.0889332111124595	-0.118467540226065	-0.387601372257352	0.0289833138598846	-0.333216392384956	0.864557617329525	0.00138049186356424	0.471543043425395	0.953494811790339	0.225920877342834	-0.393411116705654	0.486422358688546	0.592553443979327	-2.0650225211927	-1.75093740572825	-1.75093740572825	-1.78803116082586	-2.44969376284758	-2.30386579992979	-2.0650225211927	-2.30386579992979	-2.0650225211927	-1.63406483711568	-2.14866335707682	-2.0650225211927	2.25093484624178	0.541419403669056	-0.416656696617437	-0.614905939542562	0.00971472804863421	1.33477064936609	1.78381664345194	1.40860689142433	-0.140226561380048	-0.876395804042474	1.39291708680781	1.80523510462168	-2.21490502440626	-0.6742350862514	-0.863420306305284	-0.717544786589828	0.261061749478881	0.427753034314192	-0.989422091737049	-1.23448001183677	-0.143411221790147	-2.0994929727828	-1.69890084340891	-1.34279309836591	1.33598836185593	1.33598836185593	1.33598836185593	1.33598836185593	1.33598836185593	1.33598836185593	1.33598836185593	1.33598836185593	1.33598836185593	1.33598836185593	1.33598836185593	1.33598836185593	-0.467400144200781	0.188078364310576	-0.22555217546862	-0.524433799093095	0.370770998997291	-0.65231913078747	-0.916572176160068	0.652229572479212	0.689359443651227	1.62399338773935	0.876396255441479	0.00840493756026219	-0.056458702585026	-0.548025950505425	-0.46486996024857	0.312903348195476	-0.991074127444937	-0.665581032290745
-0.230446352974942	-0.230446352974942	-0.230446352974942	-0.230446352974942	-0.230446352974942	-0.230446352974942	-0.230446352974942	-0.230446352974942	-0.230446352974942	-0.230446352974942	-0.230446352974942	-0.230446352974942	1.46257884694448	1.79619121466476	1.54675812080133	1.8894551356646	1.91408478272635	1.91625828399508	1.03048125701887	0.189903019752004	0.78006799322494	0.761724161119996	1.03979756997094	1.59828783416741	1.74326915571007	2.14142653951976	2.14142653951976	2.08124116078545	0.674202289182641	1.37657993233989	1.74326915571007	1.37657993233989	1.74326915571007	1.69113269899006	1.13043167332422	1.74326915571007	-2.0495950405024	-1.41001005158834	-0.728225263617632	-0.53073609589089	0.101878470392731	-0.280147395032609	1.34967942558477	0.458143722499701	-0.258841897706134	-0.959464165586464	0.164317384952045	-1.37776670705421	0.714735908244968	-0.397444389188371	-0.430582008998195	-0.92385198816981	0.622294722387192	-0.691683943028142	-0.423993703407161	-1.45540777641772	-0.992649855766895	-0.930881902703476	0.157203921528679	-1.20949813032491	2.30726937653537	2.30726937653537	2.30726937653537	2.30726937653537	2.30726937653537	2.30726937653537	2.30726937653537	2.30726937653537	2.30726937653537	2.30726937653537	2.30726937653537	2.30726937653537	-0.190963786147315	0.267685526333353	-0.73539836442188	0.321113236049926	-0.915030969610984	0.207870877791788	0.989346001384893	0.00457377331165435	0.457273060728083	-0.487326112693503	-0.314324548454244	0.224551724013957	-0.896870639649624	0.693463842721145	-0.660857969455139	-1.13147439000134	-0.404018920217123	-0.405718633465319
0.337818871994338	0.337818871994338	0.337818871994338	0.337818871994338	0.337818871994338	0.337818871994338	0.337818871994338	0.337818871994338	0.337818871994338	0.337818871994338	0.337818871994338	0.337818871994338	0.815942303597166	0.777748966907301	0.744234168931687	1.92317303852098	-0.627323966104225	0.820574663244546	0.1298597424782	-1.81039925457389	-1.01994451976957	0.120671278248784	-0.729701871779656	1.05201712386	-1.26537032422373	-1.50750606168658	-1.50750606168658	-1.33905604754977	-0.702491433279343	-1.20357873294567	-1.26537032422373	-1.20357873294567	-1.26537032422373	-1.46666950009577	-0.890654691603627	-1.26537032422373	-0.133915366779598	1.37421827033027	0.758371156245831	0.261204348466532	-0.531238440174414	-0.0495425011356366	0.293895876381653	0.607941356429986	-0.222768873883543	0.00607692573484437	-0.753431125933047	-0.417682014700779	0.260334916751603	0.841166572972891	0.273527629139261	0.461748098051835	0.344565531100462	-0.346217242222889	1.11679759366938	0.841821745575966	-0.755928371495834	0.588150875023275	-0.466808261424461	-0.788141602335872	0.959355659575396	0.959355659575396	0.959355659575396	0.959355659575396	0.959355659575396	0.959355659575396	0.959355659575396	0.959355659575396	0.959355659575396	0.959355659575396	0.959355659575396	0.959355659575396	0.643940459661833	-0.357585658314496	-0.933963883964126	-0.78289548594736	-0.721968038155133	-0.929791722616918	1.2460376401337	-1.04731275908385	-1.35443012285215	-1.6809554229626	-1.08589838531122	-1.47690062575654	-1.59477352613541	-0.384357696549619	0.379089375411484	-1.38724973052879	-0.659209522822719	-1.75165810783794
-0.712264993239375	-0.712264993239375	-0.712264993239375	-0.712264993239375	-0.712264993239375	-0.712264993239375	-0.712264993239375	-0.712264993239375	-0.712264993239375	-0.712264993239375	-0.712264993239375	-0.712264993239375	1.13603388632923	0.116053747220682	1.00836695491447	-0.775561837581297	1.16733892333003	-0.435997953512771	0.681429784144068	1.13672632692497	1.17465483224991	1.32866200533215	0.898465474096611	0.171273000151791	0.137279518524676	-0.0243834261274447	-0.0243834261274446	0.0837906796332056	-0.18417626532097	0.228073551289913	0.137279518524676	0.228073551289912	0.137279518524678	0.214489113510923	0.770068259161028	0.137279518524671	-0.456681836434552	-0.116242549562101	0.175842560837573	0.48927958285575	0.349407768254161	-0.202529935210661	-1.25588454266013	-0.869157992190921	-0.543859815115632	0.749396172158199	-1.60241376315527	-0.288497963490751	-0.526866300821907	-1.1523270812279	-0.435696079020928	-1.32495751128091	1.14027137559204	-0.310998005186844	0.569217332685307	-1.13483992914739	1.21831955266828	-1.0342460706289	0.360356669313015	0.597092636805609	-1.02945944040253	-1.02945944040253	-1.02945944040253	-1.02945944040253	-1.02945944040253	-1.02945944040253	-1.02945944040253	-1.02945944040253	-1.02945944040253	-1.02945944040253	-1.02945944040253	-1.02945944040253	0.454315356223663	-0.299933566219895	0.0382606134575563	-0.267857711270889	-0.326625866204314	0.28654639905016	1.45249500579255	0.415135242194185	0.285830864478409	-0.804473125794952	0.48587908085522	-0.988694496290278	-0.587460211895192	-0.544865253766667	0.58471187090264	0.790400204019911	0.533962326731632	0.668864345351157
0.904409219255564	0.904409219255564	0.904409219255564	0.904409219255564	0.904409219255564	0.904409219255564	0.904409219255564	0.904409219255564	0.904409219255564	0.904409219255564	0.904409219255564	0.904409219255564	0.535465369937003	-0.186483100912758	0.614581766010468	0.301034054431896	-0.643253430014323	-1.22101111813665	-0.430658618312387	-0.979371820529561	-1.21765128221605	-0.441719822310024	-0.661058508563344	0.418487999697486	1.00533888714328	1.15992606724276	1.15992606724276	0.476492502204541	1.13554420973327	1.1579005394354	1.00533888714328	1.1579005394354	1.00533888714329	0.835796874483464	1.73254553978382	1.00533888714328	0.275025533556533	-0.18714023137057	-0.161555238102031	-0.184363631033895	0.449435965908176	-0.073512389315744	0.470098823491905	0.627143122706994	0.209141292834737	1.26887242890263	-0.057973023071858	0.667241533292095	-0.845706806598371	-0.498729243903522	0.816560562121381	-0.151532207771976	-0.138857404462991	1.15532555597937	0.476164648064696	0.0147830462290192	0.110296624858315	0.104989489894675	0.120118947510997	-0.180913622193536	-0.432914871327952	-0.432914871327952	-0.432914871327952	-0.432914871327952	-0.432914871327953	-0.432914871327953	-0.432914871327952	-0.432914871327953	-0.432914871327952	-0.432914871327952	-0.432914871327952	-0.432914871327953	0.743683497830555	1.91275899411997	0.352977691387566	1.63455111486339	1.41070943327319	0.665665805374275	0.813193699242528	1.80501888528385	1.59565763109751	1.10279027216886	1.2796606110653	0.561418706093436	0.547943564558785	0.737902448520509	0.0079971587412942	0.700674916897426	0.704496623208719	1.32589495106297
-0.215352950202498	-0.215352950202498	-0.215352950202498	-0.215352950202498	-0.215352950202498	-0.215352950202498	-0.215352950202498	-0.215352950202498	-0.215352950202498	-0.215352950202498	-0.215352950202498	-0.215352950202498	-0.12864561947622	0.075820970415447	-0.534399472228656	-0.121766907481422	-2.12270082425243	0.470415593315017	-0.16168129544631	-0.667083033310788	0.10229322160918	0.045357145222365	-0.392664174650634	0.969991332223297	0.703295924195345	0.408201519818791	0.408201519818791	1.41014268865225	0.249962762251025	0.773110850944593	0.703295924195345	0.773110850944592	0.703295924195345	1.01504843709418	0.618700188500349	0.703295924195344	-1.82894821772587	-1.09740582816381	-0.756934743663625	-1.19686504884719	-2.10327513394422	-1.54511758784903	-1.9784006691117	-0.671693286847251	0.00524574579669762	-0.369447932967526	-0.632631455137895	-1.00929982905941	1.23034588951184	-0.0264143966670047	0.326422994311721	0.487710523290822	1.2881266957919	-0.626875699520953	0.66186674613913	-0.291344477654861	-0.221590495824578	1.48624059426903	0.177617134019498	-0.141232018765624	-1.21115730731531	-1.21115730731531	-1.21115730731531	-1.21115730731531	-1.21115730731531	-1.21115730731531	-1.21115730731531	-1.21115730731531	-1.21115730731531	-1.21115730731531	-1.21115730731531	-1.21115730731531	-0.143609229809464	1.64153273017669	0.925268461760648	0.661921779084805	0.0891882421054036	0.926557723820787	1.05525318077366	1.31622301159334	2.0014236809608	1.0209590621292	-0.0981707717358287	0.787599173083276	0.156612868575135	1.0900021680421	-1.10982867427249	0.112893843460753	0.976056559705492	0.662024463731126
0.267681736511126	0.267681736511126	0.267681736511126	0.267681736511126	0.267681736511126	0.267681736511126	0.267681736511126	0.267681736511126	0.267681736511126	0.267681736511126	0.267681736511126	0.267681736511126	-0.232555613463891	0.0971783712744376	-0.910659709663544	-1.83916479236173	-0.216122002248387	0.824809501396311	-0.994405831591122	-0.650740687361623	-0.87334695471923	-2.00899921936608	-1.19984588044127	-0.345403198442507	0.050944803922153	-0.37636332070845	-0.37636332070845	-0.185282252878137	0.142638704109602	-0.0909120539613009	0.050944803922153	-0.0909120539613009	0.0509448039221529	-0.292131992446356	0.295285604455399	0.0509448039221559	0.47135620950412	0.694317884847267	-0.179106959902506	0.341655912623716	-1.02799327101025	0.517132831486518	0.252349451715494	0.919250470424468	0.211337088418773	-0.55454466231684	1.2358682279387	0.881985390201091	0.53905137620447	-0.548396842923086	0.554860030111511	0.0701111108817633	0.358177246378228	1.07434696261103	0.268055649726077	-0.847944833498092	-0.0856439908324859	0.0125089687520286	-0.140819137914735	-0.185378556535442	0.704418731670766	0.704418731670766	0.704418731670766	0.704418731670766	0.704418731670766	0.704418731670766	0.704418731670766	0.704418731670766	0.704418731670766	0.704418731670766	0.704418731670766	0.704418731670765	0.836189160815573	1.01394399525317	0.365688846022518	1.87232221921295	0.739953975517102	0.712038013851921	0.996829512156959	1.56682564268649	0.887926592698991	1.86206532750079	1.34206719477956	0.85954744178175	1.04316074492584	0.593903366812358	-0.484703384102648	1.04906855871255	1.95933379589541	0.66366262050494
0.125270676472721	0.125270676472721	0.125270676472721	0.125270676472721	0.125270676472721	0.125270676472721	0.125270676472721	0.125270676472721	0.125270676472721	0.125270676472721	0.125270676472721	0.125270676472721	0.459836664764209	0.261452854545153	0.481115836777111	2.05023811505125	-0.170526333636	1.20353591301921	0.55687654088211	-0.916562033630542	-0.242109050201927	0.379189582786001	-0.0212083308747341	1.02354176267016	0.451482212888839	1.15403962835665	1.15403962835665	0.716732231323566	0.300622702993097	0.451042424447285	0.451482212888838	0.451042424447285	0.451482212888839	0.606102262126174	0.0593909722172082	0.451482212888835	-0.0637044147742371	-0.899577343775406	-1.04400500116395	-0.280738305158342	0.689311828933866	-0.045632954372045	-0.437749019869939	-1.59655692617646	0.388074709649222	0.255066087754317	-0.965559111159667	-0.943867899635685	0.00195858378862254	-0.516433692520028	0.229537165432762	-0.346850580091599	0.620645406192582	0.150679977678475	0.171935734670005	0.759555477363637	1.1706718223537	1.02720082267406	1.05740540131253	0.94239850811198	-0.788345087204747	-0.788345087204747	-0.788345087204747	-0.788345087204747	-0.788345087204747	-0.788345087204747	-0.788345087204747	-0.788345087204747	-0.788345087204747	-0.788345087204747	-0.788345087204747	-0.788345087204747	-0.303905308406632	0.847023447519024	-0.921237527746546	0.138499008199476	-0.0637113264907764	-0.672166102007313	-0.62261862793101	0.853628540995962	-0.694885533235633	-0.756625186246473	-1.36002643407942	-1.48993629423126	-2.5539333143185	-1.37198326176359	-2.79090007557067	-2.50472902929411	-0.907821206735881	0.497772740757116
0.569474054782926	0.569474054782926	0.569474054782926	0.569474054782926	0.569474054782926	0.569474054782926	0.569474054782926	0.569474054782926	0.569474054782926	0.569474054782926	0.569474054782926	0.569474054782926	0.878524709798362	1.17918336434081	1.19164726111863	-0.407694987344824	0.152418633129158	-0.209519253511137	0.267630663596313	0.731065500983713	1.71599145112117	1.25986415456659	1.88131355392871	0.670325283245438	0.850132208331138	0.773929548987215	0.773929548987215	0.465108703547816	0.920173669275505	0.923729396961405	0.850132208331138	0.923729396961405	0.850132208331137	0.629120475815954	0.499326747476368	0.850132208331143	1.2771906119802	1.04360646785408	0.96653000815946	0.888977125932479	0.447498737972254	0.391696825535135	-0.345768171193019	0.201885490989281	0.433872497231425	0.73392069943782	0.809812113458911	1.28415398057351	-1.91392402782448	-1.10134909494381	-0.95670610662563	-1.01199992690041	-0.559880078423108	0.0246144999509734	-0.94705283894734	0.0550280509045117	0.289543451351238	-0.389366145032749	-1.00414764337791	-0.526657781242671	-0.570456057426234	-0.570456057426234	-0.570456057426234	-0.570456057426234	-0.570456057426234	-0.570456057426234	-0.570456057426234	-0.570456057426234	-0.570456057426234	-0.570456057426234	-0.570456057426234	-0.570456057426234	-1.26898437824271	-0.565975908140271	-0.406356078159263	-1.42020930811314	-1.63902754032523	-1.03570122818277	-1.03443483127493	-0.909891394715167	-1.00492687818591	-1.16950189752319	-0.528294989887127	-1.4102726925936	-1.35214455644049	-1.83172707915487	-1.35955979247544	-0.902190534877124	-0.673126107469327	-0.721225270443009
0.862232429972976	0.862232429972976	0.862232429972976	0.862232429972976	0.862232429972976	0.862232429972976	0.862232429972976	0.862232429972976	0.862232429972976	0.862232429972976	0.862232429972976	0.862232429972976	-1.30467903095063	-0.370282156536966	-0.793395457313635	-1.1362577929885	-0.32006827964206	-1.23367230111187	-0.596301423214511	1.10904107090126	1.09912769030507	0.692884484568808	0.856201644198508	-1.15637959229775	0.0482564181444244	0.160803776527193	0.160803776527193	0.0820167719304216	0.120802003621293	0.326127370208696	0.0482564181444244	0.326127370208696	0.0482564181444212	0.0917382328063719	-0.694938566526732	0.04825641814443	-0.72419488360695	0.0668123508436201	1.66053846124526	-0.00942310770818663	-0.435044041261468	-0.00519759792719691	0.399209151045711	0.888681214406488	0.100453611431966	0.491762154354281	-0.296559624130464	-1.32142802657759	0.860903495063806	1.22230767125925	1.17222539439286	1.0107300734286	-0.0548996860004672	-0.0317738523876561	0.304162985551585	0.207753712693974	-0.252970879277221	0.328323647288168	0.387548655813177	0.450316267873661	1.02267107075193	1.02267107075193	1.02267107075193	1.02267107075193	1.02267107075193	1.02267107075193	1.02267107075193	1.02267107075193	1.02267107075193	1.02267107075193	1.02267107075193	1.02267107075193	1.00685863530567	0.962530966904053	0.144953963864261	0.739337514519799	1.40526161866442	-0.157329717418561	0.684287950775379	0.993919536525135	0.292479677796495	-0.105155589460237	-0.00721556433921246	-0.0553158370626177	-0.0201096513223365	-0.00502631152524625	-0.473590716459853	-0.0888020728317286	1.10666300096264	0.787644204068433
-1.11923209888505	-1.11923209888505	-1.11923209888505	-1.11923209888505	-1.11923209888505	-1.11923209888505	-1.11923209888505	-1.11923209888505	-1.11923209888505	-1.11923209888505	-1.11923209888505	-1.11923209888505	0.113124656391536	-0.153256287713047	0.132618356146171	-1.51598146100925	-0.531141552108475	-0.435241814482155	-0.947719199613414	-0.481412920579962	-0.384757211098276	-1.54970804763765	0.0689106087509908	-0.00509603055872121	-1.39477208390706	-1.30704288100798	-1.30704288100798	-1.8352863716021	-1.42489385665913	-1.38601631630454	-1.39477208390706	-1.38601631630454	-1.39477208390706	-2.14490047055216	-1.07391337927232	-1.39477208390706	0.61807693403063	0.549472989844955	1.01499370566342	0.703549542629134	0.409719608445859	0.247958639860744	1.32768321636991	1.08070900045105	-0.323650094692635	1.32424957558352	0.179267759800191	0.0523564700865101	1.01814105910306	1.26846676130261	-0.0480329366814316	1.79652994384575	0.47458508883523	0.87248982527943	0.638586252056752	0.160344482153913	-0.619028439867016	0.310986859171891	0.214871906736172	-0.676442070658045	1.57933192949778	1.57933192949778	1.57933192949778	1.57933192949778	1.57933192949778	1.57933192949778	1.57933192949778	1.57933192949778	1.57933192949778	1.57933192949778	1.57933192949778	1.57933192949778	0.377030128420377	-0.280714179013259	-0.101292318573462	0.375171584028203	0.112643804659055	-0.464261115739741	0.525300937844456	-1.50212947115951	0.128863931575227	-1.99430861921169	0.431712069547371	0.687345240319947	0.799726803330982	1.53596594900339	1.99288612009275	1.00381833023887	0.583823377754151	0.669637010531664
1.72340939191246	1.72340939191246	1.72340939191246	1.72340939191246	1.72340939191246	1.72340939191246	1.72340939191246	1.72340939191246	1.72340939191246	1.72340939191246	1.72340939191246	1.72340939191246	-0.245752652473674	-0.0471377473098698	-0.438419818567469	-0.192742416727347	0.310532132237323	0.544702618924228	0.506209473687847	0.875186454725531	0.895500648708972	0.683088758567253	-0.658596026392381	-0.995842729039088	0.0200297011758962	-0.0595632646894187	-0.0595632646894187	-0.290436405654822	0.583689461202801	0.450369057824539	0.0200297011758962	0.450369057824539	0.020029701175895	0.301495084209244	-0.289558511084127	0.0200297011758965	0.66945306502915	-1.32983495280278	-1.84966086852594	0.225127344971671	0.676758546064481	0.384785701975119	0.0340029246073011	-0.241457484240004	0.425949317550893	0.932345700394735	1.12019659454363	1.07364527840662	-2.39795331327993	-3.0514890951934	-0.26873748674211	-2.34277464746295	-2.1706130629702	0.620368103355043	-1.79181912772244	-1.2268769218284	0.169808379965964	-1.39412926813294	-2.10839838024416	-1.16115631846876	-1.65536060317468	-1.65536060317468	-1.65536060317468	-1.65536060317468	-1.65536060317468	-1.65536060317468	-1.65536060317468	-1.65536060317468	-1.65536060317468	-1.65536060317468	-1.65536060317468	-1.65536060317468	-0.29044840369024	0.0409265314290992	0.879390952430971	-0.837622640642033	-0.901356918210281	-0.883430123794096	0.462818154306863	0.0712551258554882	-1.30945844227604	-0.406973740056573	-0.304831097860406	-1.98986145636277	-1.09852111281399	-2.09010531694215	0.204867402783463	-0.103731919239071	0.391465818068313	-1.09059125899588
0.507397072818	0.507397072818	0.507397072818	0.507397072818	0.507397072818	0.507397072818	0.507397072818	0.507397072818	0.507397072818	0.507397072818	0.507397072818	0.507397072818	0.837758607735443	1.11658572973363	0.435070183624407	0.319365623296473	-0.218629287147119	0.293158093105191	-1.09845178273821	-0.836578823511605	-0.58122702273382	-0.491139434505133	0.583113559190461	1.14484917829041	0.227334039188621	-0.00930455275561626	-0.0093045527556163	0.522134388771069	0.0928833624849549	0.243419386146038	0.227334039188621	0.243419386146038	0.227334039188624	0.0670585030019925	0.886032271134595	0.227334039188615	-1.50417723947427	-1.20449610771333	1.17296498208362	2.74411409123768	1.56287308678802	0.32667991453906	-1.02241815635021	0.752657343104823	-1.10805440298251	2.5213411673562	0.107623502333111	-0.799068083053214	1.02448019915261	0.711540772984699	2.17086283781647	1.46925212674682	-1.71830731660432	0.899666711408422	1.34065854815691	-0.317308575758834	-0.258969980871631	0.100452335269587	0.615639665739251	1.28418392914524	-0.643849540807871	-0.643849540807871	-0.643849540807871	-0.643849540807871	-0.643849540807871	-0.643849540807871	-0.643849540807871	-0.643849540807871	-0.643849540807871	-0.643849540807871	-0.643849540807871	-0.643849540807871	-0.43003129848708	-0.571451995428651	-1.7943033953247	-0.881322989105822	-0.957664441513328	-0.566564430299271	-0.406866685674135	-0.562309982319092	-1.14434011888168	-0.669975056326996	-0.44687424920263	-0.717025960313562	-0.247830615439645	-0.86356853584111	-0.127284848530261	-1.89971940142724	-1.79049442029031	-2.08970046591859
-2.73178269774258	-2.73178269774258	-2.73178269774258	-2.73178269774258	-2.73178269774258	-2.73178269774258	-2.73178269774258	-2.73178269774258	-2.73178269774258	-2.73178269774258	-2.73178269774258	-2.73178269774258	0.110554395906942	0.447252359938403	-0.0545756415728853	-1.98291226012339	0.462474464281917	-0.964141347670632	-2.05175441576194	-0.261392134463909	-0.0830848570668922	-0.62538381510536	0.0180347132912733	-1.475872791414	1.25865833279339	1.03555692633653	1.03555692633653	0.84254786735202	1.5743649694332	1.36876877960384	1.25865833279339	1.36876877960384	1.25865833279339	1.45430569001676	1.28860397256288	1.25865833279339	0.348832177248296	-0.218830443360165	-0.88054920613074	-1.77234853254483	-0.302513261406815	0.403137020548051	0.222030791824783	-1.75090169324869	0.881964604700917	-1.15474371857352	-2.10253001569307	-0.998521669430378	0.742658778940464	1.33834457550739	1.2413560273576	1.68323238230274	1.40985154141111	1.60022345342195	1.5314905241461	1.48588090699284	1.2204671305932	1.24346472314545	1.12254226592193	1.10609042265368	-0.699251563819933	-0.699251563819933	-0.699251563819933	-0.699251563819933	-0.699251563819933	-0.699251563819933	-0.699251563819933	-0.699251563819933	-0.699251563819933	-0.699251563819933	-0.699251563819933	-0.699251563819933	-0.222581859101386	-0.979896188296455	-0.0232094805336442	-0.493544594788543	-1.65955309199338	-0.831848802385413	-0.365148213536756	-1.4784201918943	-2.11314719406692	-1.80883350668458	-0.927304806387417	-1.11606874536681	-1.17182551041744	-1.205168231601	-0.599709107289399	-0.328506897438882	1.05495422679685	-0.181933274413603
-0.966754524478605	-0.966754524478605	-0.966754524478605	-0.966754524478605	-0.966754524478605	-0.966754524478605	-0.966754524478605	-0.966754524478605	-0.966754524478605	-0.966754524478605	-0.966754524478605	-0.966754524478605	-0.980151730085022	-0.623635076005563	-0.899637337416053	-1.41763754921502	-0.992387446028924	-1.36967324743092	-1.62071334888763	-0.475399934127186	-0.670993183941832	-0.826567978354209	-0.19457724932411	-0.718982918117736	0.0322187848035121	-0.0222329868849709	-0.0222329868849708	-0.64447327791716	0.183129608697037	0.116708077057179	0.0322187848035123	0.116708077057179	0.0322187848035094	-0.0981307668586202	-0.292164032606362	0.0322187848035182	-0.182427793348766	-0.146107832034584	-0.408268580212628	-0.0724239804735931	-0.594974147861099	0.38665079670843	-0.86416419523653	-1.01506042566667	1.37264716434273	0.761888338131485	-1.11287095688084	-0.449552788319056	-0.0529754887596808	0.149908788155969	0.56639640175055	-0.0495272093589461	-0.524021339335659	-0.387137031012321	-0.225874851436685	0.101197429933756	-0.344156348104533	1.08200525601402	0.320908806089667	-0.0523734677223293	1.2941956003387	1.2941956003387	1.2941956003387	1.2941956003387	1.2941956003387	1.2941956003387	1.2941956003387	1.2941956003387	1.2941956003387	1.2941956003387	1.29419560033869	1.29419560033869	-0.656745146188491	0.835531654754907	0.571698942369208	0.331865669523085	0.760538689588808	-0.517763110615417	0.121360843228603	1.66509449070532	2.42680563900223	1.74528547130871	1.84158681478273	0.798903981710934	0.0375488550315026	0.112741879092605	-0.591787779945108	0.8800197838538	-0.492741196674026	0.706539233916484
-0.012057669400087	-0.012057669400087	-0.012057669400087	-0.012057669400087	-0.012057669400087	-0.0120576694000869	-0.012057669400087	-0.012057669400087	-0.0120576694000869	-0.0120576694000869	-0.012057669400087	-0.012057669400087	1.15433346304813	0.363861032521617	0.927926776386281	-0.193918765232966	-0.645422652942683	0.337684022709313	0.847968157968128	-0.500756715864893	-0.0743002797163133	-0.290993251624901	-0.155496779829425	1.23058676745219	0.459981279777961	0.708454133327837	0.708454133327837	0.040704699868561	0.35533012138247	0.424327726294069	0.459981279777961	0.424327726294069	0.459981279777961	0.652782144443462	0.525647138500861	0.459981279777959	0.133442111167083	0.796536594931392	1.32181435455821	0.210176494693827	1.70752320235088	-0.195767640022526	0.904483513474671	-0.96589594151404	0.50679771542258	-0.173290122747422	-0.493578450294554	-0.50255688215169	-0.617614537233711	-1.26474167346998	0.462138329840914	-0.786968808454043	-0.431233686791721	0.638363648680442	-0.118983359807614	0.127088858211023	0.834802558569793	0.829175008485259	-0.447509789373038	-0.315732369891972	1.50330876624759	1.50330876624759	1.50330876624759	1.50330876624759	1.50330876624759	1.50330876624759	1.50330876624759	1.50330876624759	1.50330876624759	1.50330876624759	1.50330876624759	1.50330876624759	1.35980802982401	0.962462290138039	-0.49839559516515	1.07292217199828	1.12826202131176	-0.451952982496436	0.770370656709539	-0.390923740792482	0.0884763845533125	-0.792370922408057	0.820455682943767	0.0975703419086904	-0.298651457481103	0.757988204789702	0.185217994666626	-0.0197765582723437	0.599829421353876	1.07248959624128
0.314753828916475	0.314753828916475	0.314753828916475	0.314753828916475	0.314753828916475	0.314753828916476	0.314753828916475	0.314753828916475	0.314753828916476	0.314753828916476	0.314753828916475	0.314753828916475	0.194741586652092	-0.165147472347255	0.601941992281563	-0.99329274412279	-0.928223753081314	-1.39999767137201	-1.00058823473983	-1.24008435773174	-0.45198970642883	-0.571818913636483	0.20198447406417	-1.86181532513068	0.866158140963147	1.43956895819913	1.43956895819913	0.784147381514026	0.427533768832679	0.242299791922862	0.866158140963146	0.242299791922862	0.866158140963146	0.716775510363316	0.530729912020987	0.866158140963148	1.25848125141364	0.871151978785751	0.845646140868648	0.362224708088979	-0.255333056610911	-0.641554910691449	0.230063599872926	-0.556293090553078	0.0150546310523042	1.34973110153404	-0.154904184922569	0.581397344727487	0.200736376628013	-0.725816445802444	-0.0125072867912147	-0.896629929996208	-1.82070235610947	0.430510338032939	-1.14726629743274	0.319626909109971	0.814707106440786	-0.622070375607407	-0.823628221280956	0.674920062095892	-0.230732111789554	-0.230732111789554	-0.230732111789554	-0.230732111789554	-0.230732111789554	-0.230732111789554	-0.230732111789554	-0.230732111789554	-0.230732111789554	-0.230732111789554	-0.230732111789554	-0.230732111789554	-1.12468976084829	-1.89590956943743	0.628370142817402	0.149640441481413	0.474354153930299	-0.696227079613108	-1.21253592023247	-0.940714010946867	-0.420966967392378	1.07311143594005	0.529687422408509	0.770494627311145	1.02005411794448	0.549574694744371	0.852073388735832	1.00897632274185	-0.0449544236038037	0.255761352411699
1.20221062687485	1.20221062687485	1.20221062687485	1.20221062687485	1.20221062687485	1.20221062687485	1.20221062687485	1.20221062687485	1.20221062687485	1.20221062687485	1.20221062687485	1.20221062687485	-0.295038942816181	-0.00861177500546121	-0.514393874192541	-0.0904530590614018	0.119607610678917	-0.0201657826223949	-0.798097613280254	-0.804957918736788	-1.21008725431913	-0.783081547362494	-0.953028428226313	0.0854702123437149	0.991341678461281	0.693838487362512	0.693838487362512	-0.208317854029355	1.06514641397057	0.894694813022254	0.991341678461281	0.894694813022254	0.991341678461276	0.429665060292721	0.398907713368583	0.991341678461295	1.71775823214722	0.854982515853149	0.523389566392365	-0.859526716427748	0.345848653095593	-0.437897160520822	0.357911195208551	-0.65036412186567	0.773260700135747	-0.106123185017465	0.524678692324775	0.62995181356593	0.666736817848699	0.726303774994872	2.1491536119906	0.361848220580265	-0.814420122749747	0.232495379823377	0.734141889625693	0.11542003970152	0.934075676052892	0.698976007989066	-0.814387019729852	0.300058328797714	-0.65899183442671	-0.65899183442671	-0.65899183442671	-0.65899183442671	-0.65899183442671	-0.65899183442671	-0.65899183442671	-0.65899183442671	-0.65899183442671	-0.65899183442671	-0.65899183442671	-0.65899183442671	1.13373904244752	0.190402152454036	0.195349072847014	1.4174246190324	0.339157597781464	1.13208294643694	1.17025568761998	-0.304611732018275	-0.566732663112469	0.575807075850692	-0.0783728174317354	1.45712203076948	-0.435770416193398	1.32921388238407	-0.149665038737884	-1.78826786756919	-1.05730307324385	-0.394607899953226
-1.44370861514302	-1.44370861514302	-1.44370861514302	-1.44370861514302	-1.44370861514302	-1.44370861514302	-1.44370861514302	-1.44370861514302	-1.44370861514302	-1.44370861514302	-1.44370861514302	-1.44370861514302	-0.636021282349665	-1.10206003229166	-0.970076483995695	-0.574448442128775	-0.581988522116947	-0.236272379195707	0.346911218342975	0.801147694279753	-0.238739722451689	-0.539302039400032	-0.15329136278709	0.252675348079962	-0.0156977842840337	0.0981697182351671	0.0981697182351672	0.182245450466416	-0.306154497761575	0.125717757142699	-0.0156977842840335	0.125717757142698	-0.0156977842840319	-0.012947421555255	0.303097240889881	-0.0156977842840379	-0.853214680015826	-1.06902400301292	1.00003078665061	0.614427491115958	1.38549560080822	-0.890472014716366	-1.39480273244947	-1.5075380638632	-1.31526140364927	0.738049960267753	-1.34657240429754	-1.65410725373261	-0.0625200920716513	1.08601175796553	-0.919818852667034	1.33705434139055	-0.282634577700045	-1.83263357641779	-0.0870137211249841	-0.242800071187463	-0.507550427111287	0.720858091962031	0.951321234520491	0.5131863949468	0.392231465575448	0.392231465575448	0.392231465575448	0.392231465575448	0.392231465575448	0.392231465575448	0.392231465575448	0.392231465575448	0.392231465575448	0.392231465575448	0.392231465575448	0.392231465575448	-0.314321490547921	-0.863985800608222	0.0149628170448928	-0.497491288290627	-0.308457507707882	0.132765839372977	-0.230478801023501	0.129777649858914	-0.145291813870913	0.0428854087143241	-0.494321456371509	-0.600239216231712	-0.125405491840374	-0.0777066043492556	0.155714369408261	0.932684741959139	0.177428026638354	-0.0723389218056056
-0.579529028994269	-0.579529028994269	-0.579529028994269	-0.579529028994269	-0.579529028994269	-0.579529028994269	-0.579529028994269	-0.579529028994269	-0.579529028994269	-0.579529028994269	-0.579529028994269	-0.579529028994269	2.5585415621551	2.32075463050533	2.39758128423953	1.44496597431378	0.33050299037537	-0.442472280764372	-0.377951390218968	-0.702401844211723	-0.568812245380699	0.177586816219676	1.49288596791244	2.76774656425252	0.290760169054524	0.320438476228678	0.320438476228678	-0.0655794395342857	1.08880856518793	0.520231180824618	0.290760169054523	0.520231180824618	0.290760169054522	0.372178165845681	-0.374624353450528	0.290760169054527	0.332373939778125	0.136450977713511	0.66562682713915	-0.847386139066062	0.215567460185322	-0.0169948674981762	-0.233117337768349	-0.347663692246262	-0.696422284031267	-1.48466931063089	-0.467601949787989	-0.888061347179562	0.239013692040733	0.46608062610549	0.502619878822018	0.329133084395259	-0.527369299578413	-0.334230241635032	-0.130990650037951	0.547818601091581	-0.564089711389226	0.508785603366799	0.712153209971128	0.151272359164645	-1.41886966825869	-1.41886966825869	-1.41886966825869	-1.41886966825869	-1.41886966825869	-1.41886966825869	-1.41886966825869	-1.41886966825869	-1.41886966825869	-1.41886966825869	-1.41886966825869	-1.41886966825869	1.37541594144262	0.720377055259939	1.01964386923351	-0.369050165280906	0.610427144850049	-0.481700070117561	0.598072691722433	-0.288543131071927	-0.767795538782191	-0.854202389003014	-1.06955656585725	-0.95266739524787	-0.548616772004754	-1.29411371273993	-0.463723666754853	0.214561001791438	1.80084720125015	-0.63687193687691
-0.352566870876592	-0.352566870876592	-0.352566870876592	-0.352566870876592	-0.352566870876592	-0.352566870876592	-0.352566870876592	-0.352566870876592	-0.352566870876592	-0.352566870876592	-0.352566870876592	-0.352566870876592	-0.0187247883138194	0.26859480628175	-0.744074003506153	0.0858344376140879	-0.0114484763389531	1.53109843429576	1.32646360241287	1.30236195664164	0.854132991056008	0.300254503041805	-1.14390069339251	0.567291948649047	-1.76493737142505	-1.71094029081815	-1.71094029081815	-1.64766539397862	-1.55113583450002	-1.68634065645442	-1.76493737142505	-1.68634065645442	-1.76493737142505	-1.55452031986787	-1.85562869558736	-1.76493737142505	-0.375491225360517	-0.761354142726673	-1.6291296571415	-1.70709925778944	0.544874745443376	1.34590696291697	2.58804649267228	0.895973208847189	1.65302329601654	-1.18345322993142	0.0603129589095648	0.213602045354631	0.201154974244709	0.472205226579564	-0.0855052500449517	1.01041995925186	0.334796103967442	-0.612820439354418	-0.0654385753961232	0.296255646906933	0.112220948818194	0.754866497701113	-0.399907582682842	0.20714790067258	-0.282235129675213	-0.282235129675213	-0.282235129675213	-0.282235129675213	-0.282235129675213	-0.282235129675213	-0.282235129675213	-0.282235129675213	-0.282235129675213	-0.282235129675213	-0.282235129675213	-0.282235129675213	-0.0816816090080413	-0.487798249420568	0.151901919816591	0.658219264551836	1.59024937533329	1.53619230584359	0.375008485785745	0.278322446120044	2.09651596258857	1.22238739319199	1.36636153302204	1.04546477094522	1.66986209559559	0.691843365607866	1.94537399000124	1.51976684760113	-0.181955546767276	1.15617190835073
0.658643563732407	0.658643563732407	0.658643563732407	0.658643563732407	0.658643563732407	0.658643563732407	0.658643563732407	0.658643563732407	0.658643563732407	0.658643563732407	0.658643563732406	0.658643563732406	1.17531777805484	1.65405595857605	1.31728797842575	0.882408401231198	1.64352088099075	0.825073877107515	0.16720411065713	0.0686196129714229	0.157544951036195	0.02343190212671	1.67169314697266	1.48228474947016	-2.0069197099705	-1.61526639652136	-1.61526639652136	-2.42174145102561	-1.15405309921382	-1.39340525675736	-2.0069197099705	-1.39340525675736	-2.0069197099705	-2.16747433972507	-2.17636688735402	-2.0069197099705	-0.365221044558636	-0.249405773307533	1.16424634398226	0.69065320549921	-0.0820924698455921	-2.16157079629071	-1.9608656125023	-2.11614215118189	-2.17285500751145	0.404123564665991	-1.04529693013901	-1.54906355754749	1.22166116353819	1.61339669131933	0.789712346519634	1.05383080151697	0.0989081253895405	-0.83284334034456	0.660438905442436	0.966596667196136	0.400197880505652	0.977766143268465	0.444505315588553	1.12035059744422	-0.434210228540765	-0.434210228540765	-0.434210228540765	-0.434210228540765	-0.434210228540765	-0.434210228540765	-0.434210228540765	-0.434210228540765	-0.434210228540765	-0.434210228540765	-0.434210228540765	-0.434210228540765	1.43909932004136	2.4446004665985	1.02432411410463	1.44269480454273	1.55988761435804	1.34809453360136	0.516360686204507	2.52342720821985	1.29587437112697	-0.0820677064044648	0.624866657740908	0.770408657629398	-0.624528221465478	0.752162050064583	-1.00362847262365	0.338837102854824	-0.130755283031438	2.65875911061568
0.610717120642405	0.610717120642405	0.610717120642405	0.610717120642405	0.610717120642405	0.610717120642405	0.610717120642405	0.610717120642405	0.610717120642405	0.610717120642405	0.610717120642404	0.610717120642404	0.478098984040801	1.09865921129108	-0.538908149373608	-0.732908484726215	-1.34231909310845	1.5290495477217	-0.937736800275201	-1.08327372760053	-0.672879941146083	-1.6354085648437	-0.85365092499747	0.911658807808614	-0.254301731416102	-0.134694066290502	-0.134694066290502	-0.455961204981646	0.362988728771256	0.0541261259936703	-0.254301731416102	0.0541261259936703	-0.254301731416102	-0.419333660885498	-0.387049248428016	-0.254301731416103	0.922502271763075	1.08145413466686	0.446267792423104	-0.573108346510533	-0.597057012936704	-0.212642157737093	0.0280978253932974	-0.118567827054591	-0.345286120683528	-0.863122434707389	-0.249360138751209	-0.29468968477436	-0.288289816534269	-0.825017954856837	0.421563296374897	-0.46271045946776	-0.95362419716283	0.501101271526131	0.260749376475416	-0.861079642734148	-0.249590689617317	-0.676457438115094	-0.965664813408828	-0.287812799593343	0.598231260628722	0.598231260628722	0.598231260628722	0.598231260628722	0.598231260628722	0.598231260628722	0.598231260628722	0.598231260628722	0.598231260628722	0.598231260628722	0.598231260628722	0.598231260628722	2.59737747564736	2.12887798073662	1.20593404542494	1.64208564773556	2.70476891954651	1.95096318507448	1.47134764361422	1.59914542132843	1.35283942302087	0.447216767519478	0.427467599352685	0.67487675714017	-0.0167942394072931	1.62067204993034	1.21225980335947	1.31959410348729	0.644205135812944	2.52569680081079
1.0294776741185	1.0294776741185	1.0294776741185	1.0294776741185	1.0294776741185	1.0294776741185	1.0294776741185	1.0294776741185	1.0294776741185	1.0294776741185	1.0294776741185	1.0294776741185	-1.55910885308173	-1.973947873747	-1.32502369047362	-1.2421421793978	-0.237601357132768	-0.146109332891354	1.27193888883448	1.29305179648885	0.597379603638972	-0.0206595174340654	-0.677444667698746	-0.860206588271475	1.76421243463191	1.53037587100949	1.53037587100949	0.820757671655856	1.33955296906898	1.53266943985653	1.76421243463191	1.53266943985653	1.7642124346319	1.31185035110924	1.67554998747168	1.76421243463191	-0.753312611904271	0.767222596834945	1.87815119377343	1.2753671048721	0.172675578955981	-0.292497588849487	-0.176755096029125	1.48094956106278	-1.25600967008562	0.189026486701443	0.614528878562173	-0.470872157375681	-1.01654126142515	-2.20908641591873	-1.55066481923108	-1.81957416521491	-2.06111846956995	-0.97086869230241	-1.92272027335411	-0.96721267539241	-0.920685186054399	-0.839958449977386	-0.859219588764662	-0.720702047821278	-0.19880113875702	-0.19880113875702	-0.19880113875702	-0.19880113875702	-0.19880113875702	-0.19880113875702	-0.19880113875702	-0.19880113875702	-0.19880113875702	-0.19880113875702	-0.19880113875702	-0.19880113875702	-0.458795161596306	-0.397951689963611	0.548015125019514	-0.706386420419333	-0.940721581773728	0.300606230882296	-0.45623305019497	0.143463780901443	-0.469264666561282	0.326247054321833	-0.551117560781979	-0.14158385169431	0.436152768885778	0.0912595884192647	0.451761722101953	0.774758989029515	0.416462092783978	-0.148401862134435
0.428037594143978	0.428037594143978	0.428037594143978	0.428037594143978	0.428037594143978	0.428037594143978	0.428037594143978	0.428037594143978	0.428037594143978	0.428037594143978	0.428037594143978	0.428037594143978	-0.376135256532032	0.0311450918365849	-0.285821003603432	0.495276472447654	1.15435543408015	0.603590834396587	-0.422524218579928	-0.367181480502342	-0.806542356851621	-0.647350222458343	-0.0765710205966032	0.614830540141448	-0.332407858429856	-0.0443915160443363	-0.0443915160443361	-1.2228082445659	-0.604058091444413	-0.328753933815611	-0.332407858429855	-0.328753933815611	-0.332407858429858	-0.936239254232365	-0.476310395916398	-0.332407858429848	-0.501457722144502	-0.602958296602051	0.652400345104137	0.734255261661475	0.901204825349746	-0.0442608130646923	1.05514005531252	0.602353140545734	-0.256997592605709	0.888542222378	0.634499287316242	-0.330817977015151	-0.323705276795612	-0.416776941982216	-0.435500393365511	-0.688543985270091	0.331264677686122	-0.442369580490724	-0.630742860273919	0.238523797333134	0.864842597852244	-0.126912250624052	-0.447555905472301	0.374003417443429	-0.394353293127736	-0.394353293127736	-0.394353293127736	-0.394353293127736	-0.394353293127736	-0.394353293127736	-0.394353293127736	-0.394353293127736	-0.394353293127736	-0.394353293127736	-0.394353293127736	-0.394353293127736	0.417208098624247	1.24462268425844	-1.28570965272437	-0.235005959280165	0.766719394041241	-1.97595092410175	-0.459448105177624	0.418570983712247	-0.220327814592212	-0.874208531601164	0.068700323045682	-1.66078477638854	-1.10536945618191	-1.49635614516868	-0.550342111415702	-1.01566495386897	-1.01203577000802	-0.955161093437313
0.287446485298021	0.287446485298021	0.287446485298021	0.287446485298021	0.287446485298021	0.287446485298021	0.287446485298021	0.287446485298021	0.287446485298021	0.287446485298021	0.287446485298021	0.287446485298021	-0.309789379435817	-1.03502542615339	0.201210165718974	0.302350085381221	0.905681137943688	-0.547517709375266	0.627839974886659	0.194286877946813	0.381360945054562	1.10784517685449	0.0820334116573875	-1.38409350698174	-1.19937364750944	-1.05469819145613	-1.05469819145613	-1.37361564248805	-0.810834681824927	-1.08293364045531	-1.19937364750944	-1.08293364045531	-1.19937364750944	-1.25915349576251	-1.32014767607497	-1.19937364750944	0.485238865345458	-0.224507933483085	-0.476974987577889	0.308371023483278	0.909443821784347	2.19073759126695	0.169892494017649	0.246766651810833	1.82209920466167	-0.518793429530798	0.783120151369663	0.298209783923507	-0.248002780723109	0.248776792747339	-0.317044452549212	0.499929223923135	0.878428857252592	0.73263755312174	0.682682553040382	-0.329645747556363	-0.599481527652762	0.0287399294016656	0.207123039216207	-0.581822467211936	0.162199011068257	0.162199011068257	0.162199011068257	0.162199011068257	0.162199011068257	0.162199011068257	0.162199011068257	0.162199011068257	0.162199011068257	0.162199011068257	0.162199011068257	0.162199011068257	1.49661906239695	0.671653932237239	0.607323447102847	-0.154091686024089	0.826404463137661	1.02749289201596	0.120535325187363	-1.07931141883964	-0.706502769816772	-0.275799608359657	-0.154608374666383	-0.793246796951409	0.204965247638596	0.195952940270767	1.57808066943558	1.2402414136057	1.00000573527761	0.974910159770051
-0.194990951201843	-0.194990951201843	-0.194990951201843	-0.194990951201843	-0.194990951201843	-0.194990951201842	-0.194990951201843	-0.194990951201843	-0.194990951201842	-0.194990951201842	-0.194990951201843	-0.194990951201843	-1.32373641574863	-2.02691751279979	-1.13673915198165	1.27667545416451	-0.90039520492367	-0.044378516922061	0.605774229557931	-0.169138064200781	-0.603602931098577	-0.0190380225328525	-1.45211245065566	-0.79318478610349	-0.788847893861886	-1.07426732633454	-1.07426732633454	-0.456437265501359	-0.917247777276678	-0.636706053292514	-0.788847893861885	-0.636706053292515	-0.788847893861884	-1.00470522276515	-0.317080124238244	-0.788847893861887	-0.194770937610567	1.43958578053718	0.180435163889303	0.0676162067164365	0.102524047733452	0.104978310449511	0.77096943247429	-0.29639852643589	0.864861287152661	-1.06973443252467	-0.172491556932501	-0.32812649072131	-0.815468639038011	-1.22113436164093	0.318531238225803	-0.0842893838961693	-1.12262709815473	0.545223517889513	0.0271812760344831	-0.808411747147312	0.0778778483520032	0.373775228033196	-2.58112267543779	-0.973788492433545	-0.329307285572757	-0.329307285572757	-0.329307285572757	-0.329307285572757	-0.329307285572757	-0.329307285572757	-0.329307285572757	-0.329307285572757	-0.329307285572757	-0.329307285572757	-0.329307285572757	-0.329307285572757	-0.976959802474082	-1.36633868053884	-1.694520907948	-1.01408728987656	-0.808313382922884	-0.917624283296068	-1.86143699556768	-1.45719148339966	-0.751389065553255	-0.3285909168856	0.363428789610431	0.272002468423215	0.249854581702045	-0.152297847624344	-0.304051839225069	-0.391543957464232	-0.830832300068101	-0.207451198433868
-0.190721608404111	-0.190721608404111	-0.190721608404111	-0.190721608404111	-0.190721608404111	-0.190721608404111	-0.190721608404111	-0.190721608404111	-0.190721608404111	-0.190721608404111	-0.190721608404111	-0.190721608404111	-0.822212211979747	-0.192325929216305	-0.542442851892974	0.422493817190123	-0.373687300666887	-0.444131277235058	-1.12597232198546	-1.27453145156977	-1.35303673618348	-0.69642582225261	-0.371846913301881	-0.844325842591803	0.504469713825624	-0.0179628167749683	-0.0179628167749683	0.535622283803739	-0.128751387628358	-0.0614754067467755	0.504469713825624	-0.0614754067467752	0.504469713825623	0.374569248608886	0.667879916186639	0.50446971382563	0.189499514955549	-0.120744094162962	-0.724415958994788	-0.992565142306552	-0.773519062788079	1.10051922520712	-0.732548421039371	-0.261991595615554	0.300116910390459	-1.18071189190199	-1.25987748953547	-0.36739587420738	-1.30399320865922	-0.44393513965357	-2.45467669162178	-1.00644304228518	-0.560205216757892	-3.01352612173694	-1.45268027494268	-2.36410219811453	-3.45475082245101	-1.91989916428147	-1.64710775245544	-2.73669538970169	0.763815605400001	0.763815605400001	0.763815605400001	0.763815605400001	0.763815605400001	0.763815605400001	0.763815605400001	0.763815605400001	0.763815605400001	0.763815605400001	0.763815605400001	0.763815605400001	1.41336333132688	1.41919937355588	0.109780351397904	0.815713329542974	-0.244772265726481	-0.0981921230751129	1.83970437751343	0.975670805617114	-0.708284849268655	0.0897219136367914	0.672042448535704	-0.0221820894194901	-0.567575773970646	-0.0674985166549701	-0.529081540709429	-1.12925906813798	0.766144317764479	-0.182809897970182
-0.353461204165379	-0.353461204165379	-0.353461204165379	-0.353461204165379	-0.353461204165379	-0.353461204165379	-0.353461204165379	-0.353461204165379	-0.353461204165379	-0.353461204165379	-0.353461204165379	-0.353461204165379	0.658856815109382	1.01056690292361	1.03522966909095	0.643857940298125	0.552334885000708	-0.51090757973202	-0.292814275759892	-0.228372794678574	0.220799110227225	1.04008915550641	2.32987396542545	0.939340602329207	1.05633298974534	0.843328268942575	0.843328268942575	1.45897348589862	1.25217713695298	0.915500055957696	1.05633298974534	0.915500055957696	1.05633298974534	1.10746258088745	1.09204630329053	1.05633298974533	-0.387531401639782	-0.528963349196042	-1.12144521308494	-1.06764290101454	0.168463754644998	0.338095636334689	-0.621496648407522	-0.887332856432723	1.28653081104466	-0.532888755005231	-0.858118205574834	-0.172263094072832	0.512985170543947	-0.27032974337413	0.826397654019453	0.286455116416094	1.40470475586913	0.211311575002749	1.75524132099075	0.308602200202615	0.778388233269529	1.57981948185586	0.908723445603397	0.659957240272972	0.700115670771096	0.700115670771096	0.700115670771096	0.700115670771096	0.700115670771096	0.700115670771096	0.700115670771096	0.700115670771096	0.700115670771096	0.700115670771096	0.700115670771096	0.700115670771096	-0.406778392545789	0.415338761366543	-0.0305659739005168	0.551713255293136	0.210468225310823	-0.256068291237205	-0.00206212260698951	0.69833834539573	1.11474038893554	0.0904774652847009	1.53597801563865	0.563781809843766	0.708382019108336	0.74996509923523	0.342852122100482	1.26970301195285	0.396001705662135	1.18590057027931
-0.816280430593504	-0.816280430593504	-0.816280430593504	-0.816280430593504	-0.816280430593504	-0.816280430593503	-0.816280430593504	-0.816280430593504	-0.816280430593503	-0.816280430593503	-0.816280430593503	-0.816280430593503	0.353982440561088	-0.654297147223207	0.385208586009471	1.50843306950103	-0.613100934995685	1.06372079967949	1.7436438535848	-0.308410501323435	0.310589825869431	0.81534491019412	-0.279963884412638	1.05005633419947	1.9442015630312	1.56942854538389	1.56942854538389	1.81342658404821	1.80735358158893	1.95186783335648	1.9442015630312	1.95186783335648	1.9442015630312	1.93727562463464	1.4355696304998	1.94420156303121	-0.612987875002936	-0.663020375202076	-1.95339662722049	-1.52364830179393	-1.53637351232109	-0.636047429503912	0.454731091808942	0.260912623505683	-0.580065218014096	-1.18430055244466	-0.249243685572202	0.307590812713705	-0.32793633018786	-0.0733825272900215	0.357576107472349	0.427427317297578	-0.567877486595681	0.306763258016377	0.10309661342219	0.532842008510464	0.22977044284495	0.30298526193133	0.5473765631594	0.773744067877927	0.0040646086478958	0.0040646086478958	0.0040646086478958	0.0040646086478958	0.00406460864789574	0.00406460864789574	0.0040646086478958	0.00406460864789568	0.0040646086478958	0.0040646086478958	0.00406460864789574	0.00406460864789561	-0.45124360519476	-0.546912591494694	-0.0540732350886736	-1.22791036386961	-0.660684162625688	-0.835583122289603	-0.467711036830722	-2.47686043784419	-0.523387696117955	-1.26780854414352	-1.60885135911381	-1.69772097876011	-1.00490816422205	-0.902436669677672	0.299488039586528	0.350590556114376	0.647820950512854	-1.34514506024874
-0.209918111689488	-0.209918111689488	-0.209918111689488	-0.209918111689488	-0.209918111689488	-0.209918111689488	-0.209918111689488	-0.209918111689488	-0.209918111689488	-0.209918111689488	-0.209918111689488	-0.209918111689488	0.584636361929096	0.0648168402021014	0.553788124811191	0.279679869583047	0.487944181814357	-1.02748622464365	0.0479440454283801	-0.437233827734063	-1.04272165114983	0.142119670748689	-0.545833405087598	-0.421360567094007	-1.93602836729873	-1.91949940337655	-1.91949940337655	-2.08553382941976	-1.88806800546477	-1.94371624596443	-1.93602836729873	-1.94371624596443	-1.93602836729874	-2.2034062339986	-2.23956765445979	-1.93602836729872	0.839607147087964	1.14223898847368	1.575351989984	2.00538795994462	0.497798642097274	1.21302885513868	0.802900303348957	0.690280568305977	1.24569709449376	1.94737655193445	0.739960064571374	0.912334229412192	1.02431016775007	1.19235651737087	-0.155351590750524	0.824490392018035	1.79448008945835	0.948494096712521	0.647799538303812	-0.298813648756352	-0.587295920097938	0.159860196974549	0.388764721090263	-0.958415535172796	1.14438194481721	1.14438194481721	1.14438194481721	1.14438194481721	1.14438194481721	1.14438194481721	1.14438194481721	1.14438194481721	1.14438194481721	1.14438194481721	1.14438194481721	1.14438194481721	0.42037842296313	0.0742379488537972	-0.106840699032946	1.35002322229947	1.35950794316818	0.897853376719905	0.812938507258868	1.74303169908712	1.20106981923592	1.54316529357198	1.55913841221556	0.682914590362625	0.635132058334832	0.923994287795786	0.804523845467369	0.673430006688837	-0.551081352128701	1.40783944185522
0.573124120934246	0.573124120934246	0.573124120934246	0.573124120934246	0.573124120934246	0.573124120934246	0.573124120934246	0.573124120934246	0.573124120934246	0.573124120934246	0.573124120934246	0.573124120934246	0.689979891126559	0.487628378574087	0.683648933829564	-0.915972714596631	-0.00403741384161892	-1.07634632307625	-0.959579324601096	0.205119874464432	0.452932401870793	0.274635885600681	1.40318336175625	0.498065042693322	-0.168782734650237	-0.174473634589311	-0.174473634589311	-0.167590725928801	0.0591308103495509	0.185381447384023	-0.168782734650237	0.185381447384023	-0.168782734650236	-0.0703639773755659	0.0541484101730706	-0.168782734650241	-0.478513290308472	0.539862765053018	0.419279110898209	-0.54296860719423	-0.658896236383395	-0.482664385977544	-0.653902193809355	0.366628948092488	0.513286799647327	-1.31965171242773	1.02884498066565	0.726475173743465	0.734168139130729	-0.0860171549565645	-0.602898683227999	-0.359366664364795	-0.377434737837348	-0.933772883176931	-0.779095875962781	0.123610010082457	0.488078302385198	-1.07087282953562	0.890618523582235	1.23678522134585	-0.33736042223168	-0.33736042223168	-0.33736042223168	-0.33736042223168	-0.33736042223168	-0.33736042223168	-0.33736042223168	-0.33736042223168	-0.33736042223168	-0.33736042223168	-0.33736042223168	-0.33736042223168	0.219773517810233	1.30429960806428	-0.524267401701534	-0.51916537720513	-0.256783387972797	0.765078486631551	-0.37830538311638	-0.425911765223177	0.597734357257054	-0.328826293373622	0.78223973736115	-0.450557490426978	-0.938835437021191	-0.213273372919413	-0.68535294405406	-0.426391889633042	-1.25471351241614	1.0868324804622
-0.300806212387062	-0.300806212387062	-0.300806212387062	-0.300806212387062	-0.300806212387062	-0.300806212387062	-0.300806212387062	-0.300806212387062	-0.300806212387062	-0.300806212387062	-0.300806212387062	-0.300806212387062	-0.798972287858696	0.454498600009058	-0.866022295844973	1.07948461794785	0.348877549288245	1.88653360839558	-0.0514479510928966	-0.0855095706874133	0.0477437448609181	-0.457913035639412	-0.885558673693924	-0.132677001561751	-0.297839193924149	-0.357588979542086	-0.357588979542086	-0.471846036519385	-0.233906018981327	-0.192883266579469	-0.297839193924149	-0.192883266579468	-0.297839193924151	-0.172654448927942	-0.534396807839766	-0.297839193924146	1.04291616236587	0.649976579461249	1.06033856792024	1.00943068959254	1.2930898365716	-0.291698952162671	-0.676706602664983	-1.12886521830647	0.553806000045315	0.870749739865473	0.641225906047229	0.848597972333309	-0.345601661649635	-0.201222991490285	-0.857752593564085	-0.986329198079694	0.579889157164028	-1.48406511316043	-0.999592721224263	-0.842361656510673	-0.0607284004643851	-1.56288295973444	0.485251215934679	0.14823130470046	-1.29125007349719	-1.29125007349719	-1.29125007349719	-1.29125007349719	-1.29125007349719	-1.29125007349719	-1.29125007349719	-1.29125007349719	-1.29125007349719	-1.29125007349719	-1.29125007349719	-1.29125007349719	0.290385623475254	1.29233618160002	0.733888004923646	1.15535916285206	0.955790164817657	1.08869381853986	1.31018028289536	1.12005695419869	1.77111392342848	0.885753842816822	1.67402802047932	1.34175945797703	2.45616973749099	1.2415386326864	1.79407538869437	1.27385790508659	1.15316506290742	0.649522672445298
0.710837899035027	0.710837899035027	0.710837899035027	0.710837899035027	0.710837899035027	0.710837899035027	0.710837899035027	0.710837899035027	0.710837899035027	0.710837899035027	0.710837899035027	0.710837899035027	-0.477285657857105	-0.846035639904499	-0.00870300752601476	0.548951694553671	-0.241839521261647	-0.298991159654374	1.56354095305068	0.603633542751668	0.0926618394473678	0.131332966313471	-0.237836961248408	-0.33199912956049	-0.0680596857808436	-0.126670170350425	-0.126670170350424	1.03143659842609	-0.985106301263906	-0.0588025995428559	-0.0680596857808433	-0.058802599542857	-0.0680596857808453	-0.421289330150021	-0.44674091313958	-0.0680596857808374	0.160648638295575	-0.31439639899509	0.543596799107224	-0.137172200184878	0.506912500050925	-0.229061555338586	0.551538852552973	1.18543835543119	-0.716600082415015	0.214420589398976	0.938648048306124	0.467059461928889	0.0787571436002674	1.10236534141907	0.479558498548905	0.911281819097452	0.876913518401917	1.60018393580347	0.700838026014842	0.215393228911663	0.189808507601572	0.213163395514423	0.247263494800978	-0.346283019414829	-0.867315849393632	-0.867315849393632	-0.867315849393632	-0.867315849393632	-0.867315849393632	-0.867315849393632	-0.867315849393632	-0.867315849393632	-0.867315849393632	-0.867315849393632	-0.867315849393632	-0.867315849393632	0.000578950205823513	-1.4792124283472	-1.31590572974725	0.480543114996822	0.784817502000324	1.24753860135596	-0.508737215431796	0.64507595707647	-0.244375941802431	0.895060408112671	0.988072419984805	0.470055494805072	1.25294504793609	-0.0848806798136236	0.141792481138368	-0.0230688072209474	-0.550488964958337	1.1359014080123
1.32374265400293	1.32374265400293	1.32374265400293	1.32374265400293	1.32374265400293	1.32374265400293	1.32374265400293	1.32374265400293	1.32374265400293	1.32374265400293	1.32374265400293	1.32374265400293	0.70359437881202	-0.873206033315905	1.60279090821134	0.275811493536553	-0.132846196051526	-3.14287024693101	0.417403965956208	0.157588249019026	0.564457681729694	2.32937456723275	1.01204693555449	-1.78930080056259	-1.94906231489361	-2.03550078342653	-2.03550078342653	-1.84647897009903	-2.40750626329084	-2.20907289728061	-1.94906231489361	-2.20907289728061	-1.94906231489361	-1.75574438880643	-1.97770974224366	-1.9490623148936	-0.601925836014084	-0.999223247463245	0.632846989408109	-0.579672225167596	0.164259928485983	-0.38333392637675	-0.743164487965637	-1.13556542539993	1.16422043023042	0.467639224647062	-0.353190944365815	-0.377690148689846	0.525137873985183	-0.35273116585284	-0.362416545813167	-0.800614791741418	0.126295448747099	-1.14371869042218	-0.704266485287103	-0.604032349117284	-0.0563315963885303	-0.161211435385501	-0.348599161273403	-0.248127798890036	-0.856273796266091	-0.856273796266091	-0.856273796266091	-0.856273796266091	-0.856273796266091	-0.856273796266091	-0.856273796266091	-0.856273796266091	-0.856273796266091	-0.856273796266091	-0.856273796266091	-0.856273796266091	-0.597261109222315	0.565555657202562	-0.509568882428169	1.29394480275226	-0.0702521576980553	-0.131929709960349	-1.1714268673098	0.863597975907874	-0.0305911590178104	0.423119852204195	1.49761539186965	1.03536579682822	0.219975314569478	0.027315982396481	-0.880303056549893	-0.641442076578168	-0.956608757548562	1.06034120581923
0.0150155251006355	0.0150155251006355	0.0150155251006355	0.0150155251006355	0.0150155251006355	0.0150155251006356	0.0150155251006355	0.0150155251006355	0.0150155251006356	0.0150155251006356	0.0150155251006355	0.0150155251006355	-1.25421587126482	-2.03852286463265	-0.956766805416029	-1.16600974736472	-0.201944024524874	-0.693029898522127	-0.288873644019853	-0.0277601192451922	-0.163869976199321	-0.58678993219762	-1.30502471720641	-1.28431103745856	-0.145550779111507	-0.258161789431618	-0.258161789431619	0.0117509308640134	0.302746588133518	-0.138272048419426	-0.145550779111508	-0.138272048419426	-0.145550779111505	-0.537744161085349	0.212079615233841	-0.145550779111511	0.658135567039024	-0.0187439561511264	0.959796806246357	-0.824213917214585	-0.796520813223684	-0.111948941794359	0.879571904744499	0.986348268593006	-0.202872862480471	0.332065642908811	0.264768021980855	-0.0788813463602122	-1.37548752665851	-1.88395422378166	-2.49521022749428	-2.17160136934446	-1.17485979026076	-2.11105925293723	-2.1549137832552	-1.47842320551763	-1.0900138032941	-2.15390226590088	-1.03136512697641	-1.04879275199847	-3.02899841806384	-3.02899841806384	-3.02899841806384	-3.02899841806384	-3.02899841806384	-3.02899841806384	-3.02899841806384	-3.02899841806384	-3.02899841806384	-3.02899841806384	-3.02899841806384	-3.02899841806384	0.323758840310677	0.00856201636096761	-0.498599545796583	-3.31474726977483	-0.872406275440405	-0.599092039398553	-0.693568126690846	-1.13960873279295	-1.04153742765047	-2.25859713959342	-2.3773198880205	-2.66776907849328	-1.11315990670361	-1.984201594557	-0.054538334488622	0.0255810133807665	0.328201626343093	-1.02392786839111
-0.373275773007096	-0.373275773007096	-0.373275773007096	-0.373275773007096	-0.373275773007096	-0.373275773007096	-0.373275773007096	-0.373275773007096	-0.373275773007096	-0.373275773007096	-0.373275773007096	-0.373275773007096	-0.878894184517545	-1.43843637262611	-0.0751875590189371	1.6542393777764	1.39221784308561	0.184455842738154	0.98858788249715	-0.170732470016033	-0.17113201208506	0.850577574803689	-0.472710834277631	-1.14808566344056	0.425223053317272	0.393119644239069	0.393119644239069	0.0938033214928371	-0.243508866327442	0.249269199089966	0.425223053317272	0.249269199089966	0.425223053317271	0.378198498571223	0.560980826200814	0.425223053317274	0.941820998352892	0.0233722031539945	0.124080795613664	-0.397291093312358	-0.00793576017770416	-0.596987055349013	-0.879198659934627	-0.894361345679217	-1.03212402832832	0.243165774966911	-0.93997500203214	0.279860659681758	0.513004954799513	0.210784428404602	0.433327609089441	0.267119544215321	-0.0210970063854668	-1.47834182726245	0.754517828639967	-1.18382736942703	-0.529021921833523	0.692844814337143	-1.82860532655914	-1.116732532567	-0.785701207364309	-0.785701207364309	-0.785701207364309	-0.785701207364309	-0.785701207364309	-0.785701207364309	-0.785701207364309	-0.785701207364309	-0.785701207364309	-0.785701207364309	-0.785701207364309	-0.785701207364309	0.252833691209666	0.650297793393476	2.56808284098799	-0.553894851318041	-0.524147446849565	1.38160892354212	0.369363690900137	-0.302190128414844	0.493652737039231	0.340126269182102	-1.16391161807144	1.66083308873614	1.02574426913565	1.14810588791551	0.316706040046686	0.837815828623727	1.61619574671564	0.226234902172786
-1.23328690728741	-1.23328690728741	-1.23328690728741	-1.23328690728741	-1.23328690728741	-1.23328690728741	-1.23328690728741	-1.23328690728741	-1.23328690728741	-1.23328690728741	-1.23328690728741	-1.23328690728741	1.11643802902517	0.71260413359151	0.680604276931405	-0.374560338400729	0.787851198901249	-0.236838457553138	-0.09683603078017	-0.00667175757862141	-0.450914522967679	-0.0562728294435189	0.602979809056646	0.505610603471671	-2.97273667800244	-3.02567362682108	-3.02567362682108	-1.47097526296419	-3.26019512634076	-3.05105985265686	-2.97273667800244	-3.05105985265686	-2.97273667800244	-2.40836305766233	-3.03526336782326	-2.97273667800244	-0.174054967157247	0.87301832400628	2.45277777543187	1.74614104873423	1.46542645269608	0.545879060930951	0.689061865889585	0.0262478558292368	-0.288730343532481	1.15836161115958	-0.895679611329096	-1.09452960042284	0.779597081887176	0.20633980350363	-0.21238052647021	0.743074678147353	-0.685434584320068	-1.15772946815635	-0.0804721201558078	-0.998816712402742	-1.01266605406855	0.362769124451592	-0.170372258606281	-0.0924987186554671	0.884193282398608	0.884193282398608	0.884193282398608	0.884193282398608	0.884193282398608	0.884193282398608	0.884193282398608	0.884193282398608	0.884193282398608	0.884193282398608	0.884193282398608	0.884193282398607	1.47489450595525	-0.0207700182186943	0.127444114462732	1.11597534461448	2.23835804528646	1.00811458965117	0.314885362731083	-0.837886764108747	0.6708241734377	0.268335385060732	0.599968367137309	1.32584378801393	1.40854800426259	1.4647642521734	1.76371340822812	0.991778965874303	0.517059257819112	1.16142812822495
-1.08461050110954	-1.08461050110954	-1.08461050110954	-1.08461050110954	-1.08461050110954	-1.08461050110954	-1.08461050110954	-1.08461050110954	-1.08461050110954	-1.08461050110954	-1.08461050110954	-1.08461050110954	-0.286184581932833	-0.477419555588247	0.0827714299838949	1.13133982321523	-0.250845917922514	0.553216407080903	1.1059995682622	-0.320558945836477	-0.765331925049922	-0.865257939858724	0.450686977245433	1.64186405942028	-0.0176374968702935	0.232726970899164	0.232726970899164	0.0766791011073804	0.739644441281995	-0.139908704707083	-0.0176374968702942	-0.139908704707082	-0.017637496870298	0.120100301910742	-1.34835090239535	-0.0176374968702851	0.073633561005572	0.968077879602824	-0.559588218622347	0.403895838155634	-1.3688475975613	-0.487699432338561	-0.819470083108905	-0.498941021842297	-0.558011912410301	-0.158443914536213	-0.655491882477505	0.346580130536691	1.66921962381147	2.35541004975469	0.076708978592748	1.40333399748818	2.36162892460408	0.196254456454279	1.65021192365394	-0.0913706113001109	-0.957006847031576	-0.0511895217448102	0.39376051746952	-0.832974635092809	0.541023420818188	0.541023420818188	0.541023420818188	0.541023420818188	0.541023420818188	0.541023420818188	0.541023420818188	0.541023420818188	0.541023420818188	0.541023420818188	0.541023420818188	0.541023420818188	0.207452093799492	0.108524002576084	-0.442161535460014	-0.756920059174533	-0.709891831139728	1.53774902863729	-0.331153994312262	0.501996776750379	-0.302230529741652	-0.0311520248271063	-1.33569367536867	-0.308465236898558	-1.27605557450745	-0.601469033948625	-2.04531768294576	-1.58740474900612	-1.81177287828505	-0.616829592176799
0.310297702234695	0.310297702234695	0.310297702234695	0.310297702234695	0.310297702234695	0.310297702234695	0.310297702234695	0.310297702234695	0.310297702234695	0.310297702234695	0.310297702234695	0.310297702234695	-0.0216337976086546	0.564980689623951	0.370687460491955	0.743653120760989	1.19970030515272	0.504995927482317	0.471046847702312	1.08750096291232	1.69252978479928	1.76361764733386	1.1000442199493	-0.483920128879366	-1.53298225065464	-1.54666781987292	-1.54666781987292	-0.454114381126435	-1.11738336340256	-1.44701299568156	-1.53298225065465	-1.44701299568156	-1.53298225065464	-1.04474109988445	-1.50627747830256	-1.53298225065465	0.222575926010782	-1.27761809605176	-1.13792935036836	-1.45533116048003	-0.473461352761667	-0.799424052787122	-0.51592913887211	-0.0332581462105584	0.107067948060664	0.821379366348879	-0.0387511478204085	0.604708865374397	-0.533201145338543	0.0487667938167667	-0.014223180179656	0.0632109235665561	-1.00125808510501	0.185298593908781	-0.293046596419081	-0.672730565794339	-0.862309891741585	-0.446885908128352	-1.39878254661652	-1.10859489803159	0.954012996789364	0.954012996789364	0.954012996789364	0.954012996789364	0.954012996789364	0.954012996789364	0.954012996789364	0.954012996789364	0.954012996789364	0.954012996789364	0.954012996789364	0.954012996789364	0.781741944349523	0.385521028756872	0.685748371008718	1.47266182060893	0.282585603581531	-1.54160719299596	0.877223385822353	1.08402695669462	-1.55687585830197	-1.44783718190491	-0.175097892319833	-1.42834758112795	-0.819727538020912	-1.00443483870948	0.595594990882273	0.578922745193224	1.6793780910359	0.170139575942373
-1.04917543917702	-1.04917543917702	-1.04917543917702	-1.04917543917702	-1.04917543917702	-1.04917543917702	-1.04917543917702	-1.04917543917702	-1.04917543917702	-1.04917543917702	-1.04917543917702	-1.04917543917702	-1.02787538574386	-0.802268196603576	-1.1931132327022	-1.26081327317462	-0.704119486215058	0.772477898842269	-1.46230313664572	-1.84728680461191	-1.57273004535026	-2.59194988505432	-1.44167270780769	0.0575022915746748	0.284439299768253	0.510269980892658	0.510269980892658	0.779965616222496	0.370406027226937	0.429185015669122	0.284439299768252	0.429185015669122	0.284439299768255	0.481008875730068	0.319761982624143	0.284439299768246	0.567238046857572	0.390708051121475	-0.323460109767036	1.72833595632601	3.19852682449176	1.71516780145586	0.926251363725116	-0.160864502326628	0.165701051944834	0.467581582188244	-0.262658132671859	0.755843775105727	-0.777768130737501	-0.727280067407408	-1.2081304655134	-0.816521778722999	0.270239511359023	0.833284368369562	-1.23116567662941	0.414883735649437	0.00727523677411084	-0.849644176996587	1.01442666886772	-0.139142756576258	1.9001693610852	1.9001693610852	1.9001693610852	1.9001693610852	1.90016936108519	1.90016936108519	1.9001693610852	1.9001693610852	1.9001693610852	1.9001693610852	1.9001693610852	1.9001693610852	2.97582223863492	2.84759173915747	2.82009512633913	2.2785316252786	2.29225664822904	2.87314240619962	2.22420949044172	2.20100239441912	1.31535731079887	2.00814214403887	1.14333361049815	1.57475843671351	1.41035853605517	1.45991536211798	0.955756385570341	2.07996339721395	2.67434794687391	2.16334625362991
-0.121176816767698	-0.121176816767698	-0.121176816767698	-0.121176816767698	-0.121176816767698	-0.121176816767698	-0.121176816767698	-0.121176816767698	-0.121176816767698	-0.121176816767698	-0.121176816767698	-0.121176816767698	0.723301010738139	0.664991069757655	0.421754627966195	-1.25971550920749	-1.49149531515007	-1.8481043838448	-1.70910955171083	-1.28971671722192	-1.20950900028989	-0.408760569833672	1.3002803415083	1.63192833286111	0.69105851351377	0.729506101578705	0.729506101578705	0.706737613101191	0.530873780037562	0.90058003598589	0.69105851351377	0.900580035985889	0.691058513513772	0.815918106689111	1.02068227726054	0.691058513513764	-1.85816840935672	-2.23621841318618	-2.33225772524888	-1.61706188145676	-0.843951384643804	-0.52651330488689	-1.0848318250389	-1.29022719431828	0.203168205826172	-0.888693011131815	-1.31391678397029	-1.43819949087467	-0.24597732199318	0.131153033730569	-0.0289082556078528	0.31541332989898	0.897319400864407	0.160990034286939	0.458495124333639	-0.466954987559688	-0.172188069847811	0.0266096047145027	0.13904054231184	-0.48884675363416	0.662705805292598	0.662705805292598	0.662705805292598	0.662705805292598	0.662705805292598	0.662705805292598	0.662705805292598	0.662705805292598	0.662705805292598	0.662705805292598	0.662705805292598	0.662705805292598	0.0227585241164519	-0.854354581776702	-0.0742103656160867	-0.90004537021669	-0.353577018062448	-0.228907297638396	-0.395283146005726	-0.626138386845061	-1.21903518856736	-1.42189506639735	-0.152336203308519	0.00367758330702851	0.572313607435178	0.211889998084443	1.24311028316575	0.38683773051948	0.278207656735039	0.641280002338309
0.731408156935004	0.731408156935004	0.731408156935004	0.731408156935004	0.731408156935004	0.731408156935004	0.731408156935004	0.731408156935004	0.731408156935004	0.731408156935004	0.731408156935004	0.731408156935004	-0.529491572867203	0.11622934638731	-0.0109502914419936	0.474615040364157	0.107131902108442	-0.327480547997195	-0.00871105241145393	-0.310661536081265	-0.304703870326779	-0.0183355630319486	0.167205804535647	-0.402050083690394	-0.545132011264375	-0.214365760429259	-0.214365760429259	-0.608008513317126	-0.440559065090338	-0.721091650048875	-0.545132011264375	-0.721091650048874	-0.545132011264378	-0.767926339976145	-1.20443758399112	-0.545132011264368	0.730890669875527	-0.308410873904927	-1.87841220050536	-1.27693160894821	-0.380783867524434	0.85410859490777	-0.0444064099565509	-0.40082712951783	0.101445373794577	-0.452438169652492	-1.59966509121697	0.520600396883346	-0.611963874510715	-0.570999338557551	0.0602051013644667	-0.480315824018255	-0.508398628563829	-0.665514927909942	0.173943552163365	-1.14276107530563	0.270143068102509	-1.07888223288359	-1.53004169443635	-0.238697179389239	0.291443192035405	0.291443192035405	0.291443192035405	0.291443192035405	0.291443192035405	0.291443192035405	0.291443192035405	0.291443192035405	0.291443192035405	0.291443192035405	0.291443192035405	0.291443192035405	-1.6876855953555	-1.7663120354801	0.182264947281497	-1.43720517055357	-1.41150717017013	0.341529804669918	0.69206346874639	-0.100006562294382	1.5044965108327	1.36852068360971	0.102998388572961	0.379249146218844	1.86283038214049	-0.648907189617997	0.825631009405837	1.19732181484779	1.04488429344013	-2.12810860470207
0.514656538040519	0.514656538040519	0.514656538040519	0.514656538040519	0.514656538040519	0.514656538040519	0.514656538040519	0.514656538040519	0.514656538040519	0.514656538040519	0.514656538040519	0.514656538040519	-0.232763215371761	0.0801496814591001	-0.745180580141715	-1.1965611340777	0.563324459307438	1.57194011653938	0.344607814528208	1.05062644518138	0.74815309947462	-0.895001783824472	-0.371033385808667	0.0380028781405629	-0.852834229068365	-1.04991839764905	-1.04991839764905	-0.801535887645449	-0.818997071191952	-0.920070470330774	-0.852834229068365	-0.920070470330774	-0.852834229068366	-0.846748915643252	-0.825434987818302	-0.852834229068362	1.15463075070863	0.696228316510345	-1.0720435516497	-0.431966748659102	-0.678367704011299	0.118476515060535	-0.874637552447476	-1.06211763453059	0.217385321718289	-0.496656274174116	-0.647628605865694	1.04822336470855	-0.699024931151856	-0.048748375581499	-0.289243495951224	0.0363451413675458	0.607602678285606	0.0417514656546884	-0.0617739057934895	-1.10699014672	-1.60646437993176	-0.656109401629663	-0.615110684573154	-1.89739591395786	-0.767965333691018	-0.767965333691018	-0.767965333691018	-0.767965333691018	-0.767965333691018	-0.767965333691018	-0.767965333691018	-0.767965333691018	-0.767965333691018	-0.767965333691018	-0.767965333691018	-0.767965333691018	0.0706444977521069	-0.336417756871884	1.28237088638702	-0.413206691519368	0.218233672267775	0.775962505604586	0.277117301550708	-0.381021109177984	0.333831314332387	-0.717548160368666	-0.804153429210581	1.16659284706437	0.986909033472481	1.02069677801317	1.40075359230406	0.549382290691428	0.680808289791094	0.880697417135128
-0.224809967374723	-0.224809967374723	-0.224809967374723	-0.224809967374723	-0.224809967374723	-0.224809967374723	-0.224809967374723	-0.224809967374723	-0.224809967374723	-0.224809967374723	-0.224809967374723	-0.224809967374723	0.848156336110234	0.768536658144788	1.30805276068494	0.667892192128371	0.947425968725944	0.250625798983267	0.262217533517714	-0.63794388570362	-0.325548384526894	-0.557244850385655	-0.181431291071544	0.55014476540586	-1.01120211706847	-1.53860051276696	-1.53860051276696	-0.635239365953021	-1.31718232404012	-1.56159446911384	-1.01120211706847	-1.56159446911383	-1.01120211706847	-0.583491080646494	-0.711675581336889	-1.01120211706847	0.0810438626937063	0.288711517426892	0.712483662443502	0.0798429854779929	0.345142796813712	0.51874018087809	1.75196361511336	0.817734527310525	1.70923323188688	0.996436816197058	0.726424462309732	0.143645479480894	-1.73068000423947	-1.08404367467073	-0.949399030506759	-0.142734381815011	-0.303610447537581	1.97518978686917	-0.459330141623166	1.25702668749298	0.888720561225071	0.960449289647598	-0.263557713813131	-0.0349091304457851	1.15183746085042	1.15183746085042	1.15183746085042	1.15183746085042	1.15183746085042	1.15183746085042	1.15183746085042	1.15183746085042	1.15183746085042	1.15183746085042	1.15183746085042	1.15183746085042	-0.294468896004639	-0.0707420981235811	-2.03283370344442	-0.414022180576534	-1.60443279954436	-1.05483495867135	0.314348653278741	-0.42805896884937	-0.180083868414313	-0.847414429859504	0.231410797375594	-1.00496064724318	-1.00260974219114	-1.127228863267	-1.69381988948645	-1.09186926088409	-0.155824364179978	-1.64430820655538
0.994990048441308	0.994990048441308	0.994990048441308	0.994990048441308	0.994990048441308	0.994990048441308	0.994990048441308	0.994990048441308	0.994990048441308	0.994990048441308	0.994990048441308	0.994990048441308	2.21623511447878	2.69574085387375	2.54349385182721	1.18081318817889	2.46549257350648	0.400845017707952	0.433888446870938	0.293154532740246	0.835551619343771	1.0384212700493	1.51581782215141	0.0465462481329225	-0.36295401801453	-0.293000986038478	-0.293000986038478	-0.522622660544797	0.7576226586264	0.443340560901103	-0.36295401801453	0.443340560901102	-0.36295401801453	-0.518795378687492	-0.763002562763843	-0.362954018014531	0.268209846177785	-0.117756747311835	-0.0820745545259949	-1.02463153161982	-0.181396654504671	-0.0469953959329947	-0.177452212407782	-0.900027882925502	0.560158108119686	-0.917074027104991	-0.376601943168454	-0.483445568625987	1.25990767320236	0.349045081458475	0.872873921197394	0.179279527037624	0.481247677100852	1.16543878670735	0.596786223396047	2.46445949883695	0.718618199923165	1.91261077513117	1.48399800732797	0.945747750249413	-0.613201878424212	-0.613201878424212	-0.613201878424212	-0.613201878424212	-0.613201878424212	-0.613201878424212	-0.613201878424212	-0.613201878424212	-0.613201878424212	-0.613201878424212	-0.613201878424212	-0.613201878424212	-0.40290169262938	-0.813610691421835	0.312154091696673	-0.314474828735674	0.858836329982819	0.163021830886944	-0.63574690586114	-1.07564637582451	1.05453546247782	-0.68796772489057	-1.3930951981214	0.768504109044488	0.391240998630032	0.901399216579295	0.619452375438658	0.28048588164273	-0.767941004042024	-0.275457562414776
-1.20814715279725	-1.20814715279725	-1.20814715279725	-1.20814715279725	-1.20814715279725	-1.20814715279725	-1.20814715279725	-1.20814715279725	-1.20814715279725	-1.20814715279725	-1.20814715279725	-1.20814715279725	0.465107232158321	0.959186225215336	-0.0710533764558889	-0.631422594094176	-0.772506186219822	-0.544123807020068	-0.286909667276905	0.958329530492192	0.748938176245503	0.771548173403921	0.850850319253153	1.13135186103344	1.11052930841438	1.3181593065787	1.3181593065787	0.876958286934993	0.709977079891571	1.00342406319296	1.11052930841438	1.00342406319296	1.11052930841438	0.78220791076672	1.21843764165021	1.11052930841438	-0.484748366506818	0.392747902029015	0.731031657343277	-0.358301905220576	-1.7138623072959	-1.27430239949349	-0.602336831662176	-0.228000113950681	-1.51839868004194	0.284183166622464	-1.68910571970562	-1.68365116617987	-0.758523346574902	-1.23586460927427	0.228630078065621	-1.07763849078215	-0.15123682901198	-1.58492523598379	0.363823443828835	-0.554826770371138	1.4820419286291	0.176281097204675	-0.782855834025623	1.0793978133681	1.79510703427456	1.79510703427456	1.79510703427456	1.79510703427456	1.79510703427456	1.79510703427456	1.79510703427456	1.79510703427456	1.79510703427456	1.79510703427456	1.79510703427456	1.79510703427456	-0.722507215237629	-1.0851918660063	0.0351642744557033	-1.31471108871536	0.325800241236884	0.209917339225358	-1.53916396777583	-1.99369530871768	-0.354340366246219	0.00149111360314593	-1.08329501979511	0.438337409376767	1.4436193726865	-0.29786506590894	1.14451646154868	-0.165020035354167	0.0353399776437638	-0.595001376753994
-0.122913074304344	-0.122913074304344	-0.122913074304344	-0.122913074304344	-0.122913074304344	-0.122913074304344	-0.122913074304344	-0.122913074304344	-0.122913074304344	-0.122913074304344	-0.122913074304344	-0.122913074304344	0.238732221194729	-0.794324650372147	0.0470193850334021	-0.907969952651727	-0.598307499061278	-0.559103331275338	0.529529894892186	0.298356820372062	0.674306140876042	0.947614686905163	0.130002025272635	-0.664869883947753	0.69555522236154	0.252812145787758	0.252812145787758	0.99326692157915	0.479167285089261	0.692153688042962	0.695555222361541	0.692153688042961	0.695555222361544	0.696310857517275	1.32277086154529	0.695555222361535	0.103382617629609	0.689230721927048	0.327139948661641	0.34101372597279	0.226891755887432	-0.509354958198612	-0.515026631053044	-0.558862443751938	-0.431259261887678	-0.0657203626564286	-0.41880932263553	0.232032536417959	0.204981434144379	-0.189207208540335	0.870975862663652	0.478026091353215	0.636648761980832	1.16047390695157	0.591787752210271	0.865408727714225	1.03664970420376	1.5948143130078	0.983055129381775	1.00479770691869	-0.18223996690088	-0.18223996690088	-0.18223996690088	-0.18223996690088	-0.182239966900881	-0.182239966900881	-0.18223996690088	-0.182239966900881	-0.18223996690088	-0.18223996690088	-0.18223996690088	-0.182239966900881	1.6395884549634	0.742724250020093	0.542025581839029	0.846581971977603	0.369208919770345	0.196206260847152	0.666656044261817	0.760933297626882	-1.2777196410796	-0.00795204738873328	1.38761230297844	0.721832299511597	1.02895869462237	0.743488024866228	1.30985934376343	1.07859423428321	1.24743234764414	0.672132615490552
-2.71559391176005	-2.71559391176005	-2.71559391176005	-2.71559391176005	-2.71559391176005	-2.71559391176005	-2.71559391176005	-2.71559391176005	-2.71559391176005	-2.71559391176005	-2.71559391176005	-2.71559391176005	0.563151196330791	0.292326655102747	0.544264698740485	0.269832345852171	-0.892862056545124	-0.56499997897601	-0.143769125433144	-0.838597826158013	-0.82919946490099	-0.361141855605056	0.221877141897926	1.48386979630852	0.821801257457085	0.679466536275091	0.679466536275091	1.10460144638139	0.63105304746184	0.802958965408082	0.821801257457085	0.802958965408082	0.821801257457083	0.786070678585064	0.243747083986621	0.821801257457091	0.918734044896283	0.538071710242003	1.12230681073125	-0.171514287869756	-0.5052472306668	0.0860470106700878	-1.7278180288092	-1.45039511701896	0.134195799651118	-0.281507075643764	-1.03565347531593	-0.564809692869906	1.07676165456639	-0.236939679134688	-0.0570230871635882	-0.497841911644043	0.902694050175221	0.702673099589356	0.441860835158241	-0.8237764106167	0.183716123674849	-0.184234560021573	0.696526581724432	0.204692786888186	2.04598883678346	2.04598883678346	2.04598883678346	2.04598883678346	2.04598883678346	2.04598883678346	2.04598883678346	2.04598883678346	2.04598883678346	2.04598883678346	2.04598883678346	2.04598883678346	1.9048023704222	1.97339928508518	0.240555956580642	0.170711428339166	0.518825320245271	0.511041121612749	-0.0545471946308511	1.02982793606802	-1.28525457586624	-0.761339822095635	-0.195679165821561	0.110111610194222	0.0549041934642108	0.681031292647652	0.650794224868027	-0.0531231022614524	0.360750929202787	1.07173399045494
-0.913314988559843	-0.913314988559843	-0.913314988559843	-0.913314988559843	-0.913314988559843	-0.913314988559843	-0.913314988559843	-0.913314988559843	-0.913314988559843	-0.913314988559843	-0.913314988559843	-0.913314988559843	-0.0565372297526593	-0.790994164432387	0.214129929682888	0.345783782695779	0.850397686941284	0.236067394275183	0.570383368769531	-0.136498782940344	-0.227288315904446	-0.0985667701947463	0.0345986294593155	0.0419007166960166	-0.326932886137124	-0.768023551229558	-0.768023551229558	0.14367528810985	-0.0479275034720535	0.0847095404199693	-0.326932886137124	0.0847095404199687	-0.326932886137122	-0.0929628621269892	0.101331498607255	-0.32693288613713	0.37850621180312	0.580876069244185	0.284724914865352	0.153507347014609	-0.294966539031939	0.465568656163922	0.971349626987809	-0.521846110109954	1.17502019956623	0.669169843842369	-0.681117457366989	-0.316842635113927	0.481438395028904	0.872638041570613	0.141006802870982	0.443801553157311	0.925194408364009	1.02382583305903	-0.411940442731125	1.47160369189472	0.223407859531259	0.290716810549655	1.01990618366337	0.330444256634235	0.28092982002508	0.28092982002508	0.28092982002508	0.28092982002508	0.28092982002508	0.28092982002508	0.28092982002508	0.28092982002508	0.28092982002508	0.28092982002508	0.28092982002508	0.28092982002508	0.927490224407636	0.620912407723793	1.59627408677419	1.42500833031505	0.150523109228253	0.559072130304613	1.01510905664793	0.0281314112023909	-0.147790299448341	1.06934826959595	1.36381514906172	1.33377532997256	0.531264760482227	0.734204964525901	0.782876938796054	0.439880034327507	0.51001874645507	0.413329077677266
0.0582934158237831	0.0582934158237831	0.0582934158237831	0.0582934158237831	0.0582934158237831	0.0582934158237831	0.0582934158237831	0.0582934158237831	0.0582934158237831	0.0582934158237831	0.0582934158237831	0.058293415823783	1.02512352030164	0.708690023833339	0.846576972565582	1.15404072844919	1.05716896216703	1.73747862818399	2.39425550800902	2.08049307507757	2.28353136489083	1.69914637799462	1.11754904153896	0.873714707200452	-1.56393335430866	-1.50358313015202	-1.50358313015202	-1.29742196405227	-1.8488116668181	-1.69275670959127	-1.56393335430866	-1.69275670959127	-1.56393335430866	-1.67104283813794	-1.58292533934163	-1.56393335430865	-2.39164604242089	-3.22447856110939	-1.49965405124698	-0.517316581377236	0.0975670081835945	-1.12561296793648	-1.07792482013448	-1.26626593130575	-0.120248505840088	1.42149060403109	-1.15423425773954	-1.68781600994566	1.75402339260841	1.55632062536366	1.02826052130757	1.60171895017318	1.80146982805509	1.39985730211783	1.23445181576995	1.77889960193404	1.42387920926278	2.13339972064224	1.73905564300841	1.2726284319771	1.08915225293487	1.08915225293487	1.08915225293487	1.08915225293487	1.08915225293487	1.08915225293487	1.08915225293487	1.08915225293487	1.08915225293487	1.08915225293487	1.08915225293487	1.08915225293487	-0.91253148470382	-1.62789675347691	-1.55519844494656	0.401622562496748	-0.479996586089984	-0.587973178670663	-0.861659464299335	-0.277354907715863	-0.790535977559041	-0.0291055605168288	0.985995887871781	1.49304693538031	1.30284882690597	0.737724374306674	-0.22401574471606	-0.951468569333167	-0.399643040290129	0.384277905922094
-0.615451622368246	-0.615451622368246	-0.615451622368246	-0.615451622368246	-0.615451622368246	-0.615451622368246	-0.615451622368246	-0.615451622368246	-0.615451622368246	-0.615451622368246	-0.615451622368246	-0.615451622368246	0.474647554486808	-0.392542031588458	0.566436135318548	1.10180659316588	-0.158728439643226	0.698706302984304	1.13892805774302	-0.120703267860014	0.549614095555813	0.779558753517759	-0.0729463573213534	0.513240951044399	-0.331469885494141	-0.620460483108187	-0.620460483108187	-0.111361086148611	-0.525994767096645	-0.560062312776235	-0.331469885494141	-0.560062312776235	-0.331469885494141	-0.0854208307484298	-0.16555692350753	-0.33146988549414	1.54338925329556	1.41902701976451	0.936489841022815	1.37539697880928	1.4105442265309	0.399616534396642	0.277897183756974	0.0316501323966877	-0.788891278508648	0.47140495343841	0.226513175733031	1.22691822971366	-0.145173590399266	-0.854782677216648	-0.686626214148136	-0.577141302324434	-1.67632509944899	-0.680354367660075	-1.83800850556419	-1.47369153921296	-1.34333637213089	-0.824076197957625	0.119273840709202	-0.356975916785843	0.103313997513214	0.103313997513214	0.103313997513214	0.103313997513214	0.103313997513214	0.103313997513214	0.103313997513214	0.103313997513214	0.103313997513214	0.103313997513214	0.103313997513214	0.103313997513214	1.13340806096717	1.27745702751555	1.79658033043727	1.68042483350183	1.45473790165025	0.870676885883289	1.61088853280526	1.98004395976102	1.31576532859434	1.24591800342367	1.14096921419581	0.993741437342818	0.540119135779647	0.601136023294566	0.190123116685244	1.27920612810609	1.5584252502554	1.37673827379779
-0.430598235543508	-0.430598235543508	-0.430598235543508	-0.430598235543508	-0.430598235543508	-0.430598235543508	-0.430598235543508	-0.430598235543508	-0.430598235543508	-0.430598235543508	-0.430598235543508	-0.430598235543508	0.205137698146916	-0.0131829686147944	0.430729514053894	-0.781812864673388	-1.28294826029348	-1.48398873053929	-1.92782702889294	-2.23645734755128	-1.98365067930363	-1.91193838813807	-0.655303264696476	0.402367350168035	-1.1146731562788	-1.13136200337639	-1.13136200337639	-1.25118251562789	-0.64356898941046	-1.15487350012097	-1.1146731562788	-1.15487350012097	-1.1146731562788	-1.158636124121	-0.897581199268917	-1.1146731562788	0.846539884092453	0.107661722453404	-0.291720090020258	0.511438667638108	0.551618274698729	-1.20812342755183	-1.34789754846057	-1.81699896360089	-0.463646515111517	0.651085142790729	0.0729291985016529	0.0960897185360141	1.05389802438017	0.352403326052558	0.1430953788199	0.497618423924853	-0.91453070570881	-1.67848866320698	0.767073530714569	-1.60267259497783	-0.909712302940285	-0.369608869824505	-0.469124868095563	0.23117716949352	-0.63704056159791	-0.63704056159791	-0.63704056159791	-0.63704056159791	-0.63704056159791	-0.63704056159791	-0.63704056159791	-0.63704056159791	-0.63704056159791	-0.63704056159791	-0.63704056159791	-0.63704056159791	-0.145976134063044	-0.982853256964221	0.442932805352792	0.241384030446635	-0.622139673878642	0.304327975329898	-0.0112716946193636	-0.905251376401845	-1.31906680393324	0.342317556034039	-0.0598132538510227	-0.152441462933814	-1.0880360728397	0.184522210490224	-0.138087575541335	-0.633892337132453	-1.06569642524669	0.020727269185337
-0.600183713680962	-0.600183713680962	-0.600183713680962	-0.600183713680962	-0.600183713680962	-0.600183713680962	-0.600183713680962	-0.600183713680962	-0.600183713680962	-0.600183713680962	-0.600183713680963	-0.600183713680962	2.06909636183486	1.51657739996401	1.76042329905878	-1.01034939540993	-0.611922779534893	-1.12690097058999	-0.940305565713581	-1.25865258624521	-0.350175833738307	-0.00541578533424341	0.66861396696605	0.492014887448358	1.65828082416915	1.71022368130027	1.71022368130027	1.4688168674001	0.629674559423623	1.2710660244931	1.65828082416915	1.2710660244931	1.65828082416915	1.67090468294856	1.63219185324292	1.65828082416915	0.629455464027081	0.926952150152624	0.591261551231102	0.906821536643005	-0.823090025498703	-0.468278262519771	-0.77211832722419	-0.416439651250969	-1.69501448508676	0.701804815327253	-1.25310717699993	-0.0188062766751347	0.503490724412431	0.636401367251518	1.588728995959	1.71835006695153	-0.663832803098961	0.855805969145788	2.38755065144107	-0.505490014806815	0.523612945633572	1.3471572753622	-0.857396547086681	0.784907841882328	-0.202414610785415	-0.202414610785415	-0.202414610785415	-0.202414610785415	-0.202414610785415	-0.202414610785415	-0.202414610785415	-0.202414610785415	-0.202414610785415	-0.202414610785415	-0.202414610785415	-0.202414610785415	0.225548687738455	0.985817273230058	0.16059617501565	-1.0643854775962	0.34246550227693	1.35675602569189	-0.853040941219404	0.202721242834796	1.50032973533983	0.472152326880262	-0.000109821711922079	1.22618310580898	2.14070023745814	1.06621325727674	0.485669120141444	1.36697870945541	0.0649609086828672	-0.153500286366118
-0.398802429243863	-0.398802429243863	-0.398802429243863	-0.398802429243863	-0.398802429243863	-0.398802429243863	-0.398802429243863	-0.398802429243863	-0.398802429243863	-0.398802429243863	-0.398802429243863	-0.398802429243863	-0.837551525801448	-1.09477952165356	-0.701870181565167	-0.10690515968523	-1.96428131795112	-1.5144766574306	-0.484994195812928	-0.434383698930903	-0.128314825773646	0.742131594689206	-0.409819597288906	-0.835631986299209	1.10577470862713	1.00721179914752	1.00721179914752	1.23664633684658	0.834073237653417	0.6506746701541	1.10577470862713	0.6506746701541	1.10577470862713	1.34761949128255	1.07048750872266	1.10577470862713	-0.0363360584211816	0.00726249414164166	-1.32802781377364	-1.2297146155859	-1.27859200133162	0.291237054774679	-0.467018205678033	-0.0754595659367934	0.710085362572495	-1.42671893672415	-0.0435614751293374	0.612971384360264	0.0158431926123154	-0.692624549577126	-1.37846591773422	-1.15209104373276	0.279902819323555	-1.33122001273819	-1.61536279987639	-0.530975919176794	-1.31609552566574	-0.364319455939411	0.0546755103992062	-1.5510356462837	-1.21215173524222	-1.21215173524222	-1.21215173524222	-1.21215173524222	-1.21215173524222	-1.21215173524222	-1.21215173524222	-1.21215173524222	-1.21215173524222	-1.21215173524222	-1.21215173524222	-1.21215173524222	-1.94107557493211	-1.29261779693658	-2.24816314016552	-1.20730911941478	-0.460954436260197	-0.746178722242429	-1.09363148157402	-0.215120011834259	0.871453260688742	0.570898345862092	0.0377452431579509	-0.744391314479662	0.0794937586216559	-0.841815154559554	-0.684565171005648	-1.15546010651144	-1.59209770147016	-0.651802430713759
-0.740886703338104	-0.740886703338104	-0.740886703338104	-0.740886703338104	-0.740886703338104	-0.740886703338104	-0.740886703338104	-0.740886703338104	-0.740886703338104	-0.740886703338104	-0.740886703338104	-0.740886703338105	-1.44400388443345	-1.80915238055635	-1.64863330680255	-0.0587259921018995	-0.562546106253499	0.50350229934991	0.28463801303896	-0.905254681740997	-1.53942487042493	-0.985098642117184	-1.72766605510934	-0.324065528687312	-1.10358649041159	-0.692795060646156	-0.692795060646156	-1.23511224946343	-0.753810810085589	-0.697253890721273	-1.10358649041159	-0.697253890721274	-1.10358649041159	-1.03882041817762	-1.22808147661318	-1.10358649041159	1.30303215909	0.888632059579481	-0.497383685228596	-0.472495299562431	0.0524506938806688	0.786869439848808	0.0150127702726277	0.0125542910276091	0.264840476498068	-1.25257195123248	0.270219000627983	0.727834463538917	-0.0964660781636691	-0.0336575939135577	-1.28141222885508	-0.299204946837204	0.362686730078668	-1.93684434343638	-0.254825351464344	-0.433356993061629	-0.735770124884629	0.465344359411961	-0.290994702882809	-0.558505782793336	-0.216866317118805	-0.216866317118805	-0.216866317118805	-0.216866317118805	-0.216866317118805	-0.216866317118805	-0.216866317118805	-0.216866317118805	-0.216866317118805	-0.216866317118805	-0.216866317118805	-0.216866317118805	1.2202827635138	0.130770600395335	0.85826181468782	2.12305351031355	1.64378547838764	1.33492223188397	1.24867882008933	0.93281969310554	0.611147326707651	1.31591648102783	1.25369958472017	2.27582233919878	1.9161029934332	2.02681450142674	1.21292555889855	0.612591869621124	0.612324630875697	1.05901526633324
-0.252320798941443	-0.252320798941443	-0.252320798941443	-0.252320798941443	-0.252320798941443	-0.252320798941442	-0.252320798941443	-0.252320798941443	-0.252320798941442	-0.252320798941442	-0.252320798941443	-0.252320798941443	0.872093087573888	0.620802214250654	0.714699658984659	-0.172122353198557	0.738555269710621	-1.0126559795986	-0.0602934142395487	0.224611830646621	-0.431805188980748	0.266449808543795	0.282981520502169	0.0930660188425073	0.136676795344772	-0.156513621981975	-0.156513621981975	0.164282597425354	0.223282514842206	0.427273999358298	0.136676795344772	0.427273999358297	0.136676795344774	0.40512047599183	0.478855880159254	0.136676795344768	0.734503639644408	1.12630333179239	1.12797040596476	0.244209658878123	-0.690434653574493	0.44121049011256	1.07845445361556	1.82669945391618	1.08792786082424	0.766430493305133	1.5228697364898	1.27583829581178	1.32190232289079	0.581729562795832	1.21557692533403	0.787079273567266	-0.540965615744717	1.37471994005013	0.210665543926322	0.805837595523046	0.314773991274406	0.522464767010668	0.695096344875723	0.748501875969677	1.16212187350958	1.16212187350958	1.16212187350958	1.16212187350958	1.16212187350958	1.16212187350958	1.16212187350958	1.16212187350958	1.16212187350958	1.16212187350958	1.16212187350958	1.16212187350958	-0.0939734312097029	0.855768203741629	0.341541991543569	0.454462317816836	0.53938658829083	1.08797715088704	-0.719405025712708	0.04571460032475	0.473544822675113	-0.958868378906355	0.0363829361954537	0.685165850931581	0.355716394433337	0.191648344946177	-0.525666348992808	-0.42099675569142	-0.827130501675809	1.17340312941815
0.879179185572749	0.879179185572749	0.879179185572749	0.879179185572749	0.879179185572749	0.879179185572749	0.879179185572749	0.879179185572749	0.879179185572749	0.879179185572749	0.879179185572749	0.879179185572749	0.104324261346573	0.91631737150778	-0.229114328940921	-1.12913544470695	0.277273426488882	0.270155793972915	-1.65880429853256	-0.953668271714663	-0.805939947754687	-1.3607068491936	-0.379844008189429	-0.538748190771437	0.662681293583445	0.277477197184479	0.277477197184478	0.863863279152695	1.31246436557392	0.511990061119009	0.662681293583444	0.51199006111901	0.662681293583443	0.881497601449211	-0.0201559208251204	0.66268129358345	-0.47920641532093	-0.747909079179172	-1.18987925945564	-0.94198581379715	-1.01698534152899	0.425276525132254	-0.444340334535905	1.07045081450636	-0.638125383816953	-1.76502196669932	0.696364474460377	-0.0171965354659791	1.66671441582114	0.449254992752728	0.740809159851763	-0.165474999698554	-0.072835631839756	0.149420609961522	-0.11697417166932	0.674640772916945	1.59776438683467	0.118048628276996	0.0384990258539189	1.27338544526066	-1.36314569894203	-1.36314569894203	-1.36314569894203	-1.36314569894203	-1.36314569894203	-1.36314569894203	-1.36314569894203	-1.36314569894203	-1.36314569894203	-1.36314569894203	-1.36314569894203	-1.36314569894203	-0.611666875035811	0.647673680955574	0.70218312333547	1.37134800094451	0.447907506167797	2.08370266331393	0.215948025800499	1.99232410088142	2.28997183223912	2.97713562046342	1.5038858766276	1.90066719445288	1.03103312638402	1.42748177059616	-1.48526757023116	0.293634074145408	-0.308554050148442	1.94092052382502
1.56313463237802	1.56313463237802	1.56313463237802	1.56313463237802	1.56313463237802	1.56313463237802	1.56313463237802	1.56313463237802	1.56313463237802	1.56313463237802	1.56313463237802	1.56313463237802	-0.0406431705789272	0.693518329129275	-1.12594487697328	-0.928020269621836	0.178937499564425	2.09716037470814	-0.7132692293593	0.08015306800948	0.184034362424366	-0.89821016042938	-1.09248675534482	-0.0148448090421446	0.455300242019837	0.337138118253357	0.337138118253357	0.198401186781003	0.297894827943419	0.361708056246549	0.455300242019837	0.361708056246549	0.455300242019834	-0.324564093966912	0.129047237278358	0.455300242019846	-1.52370104285753	-2.58936489005385	-2.0822285419798	-0.186444540900662	-0.0415993734378707	0.336719983886053	-0.813423795678372	-0.355570379801618	-0.837496469012154	0.365543848352869	-1.11903596172731	-1.04044837647266	0.493412928416588	0.919500711971375	1.79230678935406	1.29823336790921	-0.557030816321951	1.20479898978002	0.604861171073835	0.423074303162707	0.91374133039347	0.783190831173562	0.0472379494052176	1.1899568410384	0.329879896938453	0.329879896938453	0.329879896938453	0.329879896938453	0.329879896938453	0.329879896938453	0.329879896938453	0.329879896938453	0.329879896938453	0.329879896938453	0.329879896938453	0.329879896938453	-0.100884749107659	-0.600839372887129	1.06073166182551	0.229916813755777	-0.616711401392028	-0.872381391111309	0.763623673915495	-0.533390632833038	-0.0804729442510807	-0.12927022095059	1.43940303258828	0.715724237633497	0.800255642131987	0.31133689421334	1.17056372291217	1.68670878226951	1.55293872765886	-0.0645070143151937
1.44259595196142	1.44259595196142	1.44259595196142	1.44259595196142	1.44259595196142	1.44259595196142	1.44259595196142	1.44259595196142	1.44259595196142	1.44259595196142	1.44259595196142	1.44259595196142	0.976921497394061	0.431204745147639	1.09155183203387	-1.33377392260981	0.0878704133378299	-1.80821628697464	-0.9340339079786	0.605521584455324	0.808706911895756	0.68497397744968	1.82964191026101	0.200751642056617	0.550494873333968	0.426572973442557	0.426572973442557	0.855650436747243	0.704508754446897	0.485552591449418	0.550494873333968	0.485552591449418	0.550494873333968	0.549701064237821	0.210872488504134	0.55049487333397	-1.10611024137931	-0.911636071535932	-0.991358935365085	-1.13363538027815	-2.06942473430935	-1.87117054945704	0.071411046025795	0.0516679979763899	-1.90686996924392	-0.588449420393352	-0.445119149506829	-1.64893090889369	-0.620208941750725	-0.442170845458551	-0.46285472410606	-0.415184853213669	-0.150003263393354	-0.949101106024953	1.10699488982177	-2.50141824968065	-1.46594729356566	-1.10321074768174	-1.9204166865295	-1.81048456020536	-0.896578049072743	-0.896578049072743	-0.896578049072743	-0.896578049072743	-0.896578049072743	-0.896578049072743	-0.896578049072743	-0.896578049072743	-0.896578049072743	-0.896578049072743	-0.896578049072743	-0.896578049072743	-0.471303178248673	1.04702648679191	-0.371726171379008	0.362062329514226	-1.35430024552597	-0.308459823080191	1.07966098003794	0.566998540884529	0.120640602046428	-0.927601479431392	1.04377653151552	-1.10885178677986	-0.448216336525691	-1.49786012164567	-0.484131495278317	-0.583937390975288	0.387853591767916	-0.432950766083175
-0.660105482103676	-0.660105482103676	-0.660105482103676	-0.660105482103676	-0.660105482103676	-0.660105482103676	-0.660105482103676	-0.660105482103676	-0.660105482103676	-0.660105482103676	-0.660105482103676	-0.660105482103676	-0.383210605861584	-1.14049796021241	0.169190208842897	-0.28179801445676	-0.78612874054422	-1.40711834623765	-0.137441485061322	-0.57752534358713	-0.583041458092294	-0.383457285859624	0.0703799673746347	-0.480923800607551	0.816924635677628	1.02414287206577	1.02414287206577	0.638110742005859	-0.101941991275791	0.387751797584748	0.816924635677629	0.387751797584747	0.81692463567763	0.819689969518019	1.22741590608127	0.816924635677626	-0.44110439140868	0.945174888879336	0.388304032878788	0.330422846217113	-1.33120377170251	-1.24386579033895	-1.62641421366254	-0.76944236987703	-1.15981619149204	-0.0538850737814813	-1.23229541277848	-0.515180030108218	-0.0826291307862863	0.581953378867504	1.00039682385652	1.15494487685258	-1.48599387704247	-0.496306391936031	0.585332572073632	1.06019005812793	0.25815722009831	0.693526354680965	0.8090587320742	1.40247038086145	0.294746211543951	0.294746211543951	0.294746211543951	0.294746211543951	0.294746211543951	0.294746211543951	0.294746211543951	0.294746211543951	0.294746211543951	0.294746211543951	0.294746211543951	0.294746211543951	0.606738742529609	-0.419017395242419	-0.603605670687152	-0.321443062248859	-0.956284390590261	0.699210490099226	1.00514412816947	0.0882524991717988	-2.17531850411125	-0.971480268664879	0.0579941198948722	-1.74941685836962	-0.451742455711231	-1.66737411210893	1.04206593063438	-0.842720981106032	0.0874566531027266	-0.281396116005057
0.436945298431305	0.436945298431305	0.436945298431305	0.436945298431305	0.436945298431305	0.436945298431305	0.436945298431305	0.436945298431305	0.436945298431305	0.436945298431305	0.436945298431305	0.436945298431305	-1.90793034821519	-0.827923783258202	-1.643297058797	-0.77109562710446	-0.334892185463718	-0.161701445524538	-0.763375764057502	-0.396074799303358	-1.05828877380662	-1.62843251566268	-1.01243131197213	-1.79043935170321	0.0770405243670989	0.303316315629136	0.303316315629136	-0.397260867495639	0.213593186840583	0.35621739553934	0.0770405243670989	0.356217395539339	0.0770405243670992	-0.104268194625236	0.152994914144544	0.0770405243670973	-1.22784420724721	-0.833521898496484	-1.65257865823704	-1.01820176011903	-1.28737712626056	0.746863651753624	0.135264995661518	-0.480108219722202	0.344107361106179	-1.24407401218686	-1.68419653836053	-1.97861045551737	-0.89370340611892	-0.115319998055579	-0.690667061365274	-0.192018134805222	0.480381500384271	0.0099049297615215	-0.299788151921521	-1.00698698967072	-0.252865209686781	-0.85668758140743	-0.655803476470262	-0.674942342251434	0.0599106857058482	0.0599106857058482	0.0599106857058482	0.0599106857058482	0.0599106857058482	0.0599106857058482	0.0599106857058482	0.0599106857058482	0.0599106857058482	0.0599106857058482	0.0599106857058482	0.0599106857058481	-0.441812741513299	-0.658912944114537	-0.201725070402439	0.130211840455113	0.042509407049809	-0.616944007468931	0.187938915496627	-0.0334489047205307	-0.542963906667654	0.234290205004186	0.525688956064747	0.810564941640543	0.617229733222252	0.0641269418930341	0.23657166390204	-0.95267805702756	-0.167904395874212	-0.622122265064236
0.255118521774203	0.255118521774203	0.255118521774203	0.255118521774203	0.255118521774203	0.255118521774203	0.255118521774203	0.255118521774203	0.255118521774203	0.255118521774203	0.255118521774203	0.255118521774203	-0.211176041691934	0.87004453256623	0.0322002148181725	0.975259471180106	-0.916475445755874	-0.425836316674296	-1.31245357138514	-0.718257553359256	-1.09388293464579	-1.37906595470442	0.330909161996032	0.87331764534406	-0.631865446963244	-0.068962451817149	-0.068962451817149	-0.881769867841003	-0.581827790818539	-0.571129761844062	-0.631865446963244	-0.571129761844062	-0.631865446963243	-0.915702820983567	-0.510938423495829	-0.631865446963246	-1.83857972171441	-1.76041383278509	-0.346391819307184	-0.175400366773317	-0.234231254133897	-0.265838636258189	0.335705776102162	0.178089895564515	-0.370549060283467	0.202017967748573	-0.337570898773882	-1.47124657624453	1.1540052965603	2.60936769083719	1.71236362869982	1.70720478538763	2.12917235620692	2.1217885032735	1.2445247408036	2.43431976527045	1.22807573373151	0.681340127878427	0.815418297908992	0.474875849386313	0.766025454480571	0.766025454480571	0.766025454480571	0.766025454480571	0.766025454480571	0.766025454480571	0.766025454480571	0.766025454480571	0.766025454480571	0.766025454480571	0.766025454480571	0.766025454480571	-0.70212225105454	-0.973740444293881	-0.445394035406816	-0.408837560162557	0.371240360782662	-0.0812141156936164	-1.03562203917095	-0.213622606628246	-0.371316056318175	0.75569197886479	-0.547439968252847	-1.00164434200161	-0.839615101694112	-0.991602105854257	-0.178206147994665	-0.475972183410044	-1.5417769134912	-0.562947320890336
-1.07281339584166	-1.07281339584166	-1.07281339584166	-1.07281339584166	-1.07281339584166	-1.07281339584166	-1.07281339584166	-1.07281339584166	-1.07281339584166	-1.07281339584166	-1.07281339584166	-1.07281339584166	-0.741180738840822	-0.117428653746858	-0.291247811981401	0.199460451155528	-1.77013069633796	-1.48071584898462	-2.59353301778262	-2.90410317003019	-2.87723471341821	-2.45659146606759	-1.035433032034	0.0790934717610141	0.806210416747206	0.958974782775684	0.958974782775684	0.678930604988751	0.612283733016025	0.579815567065908	0.806210416747206	0.579815567065909	0.806210416747204	0.513065658461549	0.422913609439201	0.80621041674721	0.85873496845536	0.314180611525885	-0.333183126384846	-0.751481764594952	0.104037134285835	0.527874471424103	0.656027031256632	0.741263125265776	1.12888114891439	0.887764432481352	-0.131056859701551	0.534326900469531	0.666272898486813	1.76812594507122	0.171660320344231	1.06738487899631	1.56488326262256	0.816130893659254	0.640804206998788	1.56273967007701	0.370490010662694	0.721140552116901	0.944180050227773	0.393428041544474	0.137043331299682	0.137043331299682	0.137043331299682	0.137043331299682	0.137043331299682	0.137043331299682	0.137043331299682	0.137043331299682	0.137043331299682	0.137043331299682	0.137043331299682	0.137043331299682	0.235278259509018	0.565260721114488	-0.307140899302475	-0.509899563554656	-0.0482376539075417	-0.927097571235208	-0.319732546108823	-0.342264579011891	-0.0628608399474757	-0.364171519536103	-0.484556518004777	-0.759726975021387	0.00362529450166745	-0.667667074426954	-0.025281364344332	0.464556510333962	1.01686450728842	-0.933097577163243
2.27254607881692	2.27254607881692	2.27254607881692	2.27254607881692	2.27254607881692	2.27254607881692	2.27254607881692	2.27254607881692	2.27254607881692	2.27254607881692	2.27254607881692	2.27254607881692	-0.716014869919632	-0.275742383345636	-0.464274283947935	-0.193648313888547	0.694253541503538	0.45181207458459	0.547349409796235	0.495557138039326	0.87659438476062	0.722936271396618	-0.541104069874439	-2.14476317420321	2.35347969335568	2.29850734845161	2.29850734845161	2.2372127242381	2.34418575922585	2.10807503339346	2.35347969335568	2.10807503339346	2.35347969335568	2.53899071161093	1.83495131393842	2.35347969335569	-1.36414357797831	-0.572987524767411	-0.494420085560785	1.04309147737713	-0.882138141354528	-1.97659796429493	0.672441065793698	0.689957471627806	-2.06387360538185	1.67275380915634	0.233614069570234	-0.669479356202742	0.624094864566259	1.90507919569989	0.0824432758271643	0.887382626800659	2.30439170106527	0.0248952262321071	0.713972475519087	2.10637059463458	0.716655635957782	0.552639261913365	2.62005660364125	1.46803771460431	1.79826950092796	1.79826950092796	1.79826950092796	1.79826950092796	1.79826950092796	1.79826950092796	1.79826950092796	1.79826950092796	1.79826950092796	1.79826950092796	1.79826950092796	1.79826950092796	0.37894340402698	-0.913940334031577	-0.0349965877151653	-0.0133684148856258	-0.375603489486436	1.3926557462366	-0.26804649609	-1.0907392716721	-1.11414282463888	0.214559027497282	-0.0958457872956929	0.484179387158685	0.196637781574247	1.10060622715112	1.44443271014589	0.204897664511073	-1.18743846018097	-0.111181259527136
0.369476450756937	0.369476450756937	0.369476450756937	0.369476450756937	0.369476450756937	0.369476450756937	0.369476450756937	0.369476450756937	0.369476450756937	0.369476450756937	0.369476450756937	0.369476450756937	-0.26613144499296	0.0911329384014211	0.188697442159578	0.811196543510262	-0.136664906290815	0.689201413450224	0.809242263673729	0.59665661372755	1.69147433906409	1.39765138395395	0.199145303026696	0.0712871750155362	0.424972346682119	0.527590318027873	0.527590318027873	0.293689922787337	0.532865949625347	0.589165795075957	0.424972346682119	0.589165795075957	0.424972346682118	0.507984701131859	0.050634540559892	0.42497234668212	1.1516239312944	1.55911699331902	1.26955303132987	1.12113442758545	0.314827118098225	-0.217304795889676	0.742956044433988	0.799799840821576	-0.458555498730275	0.47669513699427	1.25892687255052	0.75614622773104	-1.63612729293928	-1.27119482962262	-0.768861311400206	-1.2361603402397	-2.22707056263306	-1.34045561383447	-0.89968791580984	-0.327483904870492	0.0200219670908608	-1.15582767134524	-1.4646053230218	0.310507519639671	-0.621733843569176	-0.621733843569176	-0.621733843569176	-0.621733843569176	-0.621733843569176	-0.621733843569176	-0.621733843569176	-0.621733843569176	-0.621733843569176	-0.621733843569176	-0.621733843569176	-0.621733843569176	0.598311775180074	0.0142984413975032	0.451146778270759	-0.488810048732825	-0.285073390127783	0.733560950501167	0.0423217012410427	-0.319028020073801	-0.722065503228273	0.971291142912807	0.598157055958233	1.18747013751725	1.21477988745602	1.29619176693778	1.50973528854944	0.437107341316859	-0.147440119178385	-0.285308184857848
-0.201091339192815	-0.201091339192815	-0.201091339192815	-0.201091339192815	-0.201091339192815	-0.201091339192815	-0.201091339192815	-0.201091339192815	-0.201091339192815	-0.201091339192815	-0.201091339192815	-0.201091339192815	0.32622224849273	0.350176281673685	0.733252967727677	-0.417838919175076	0.73741369958357	-1.16469169565784	-0.423090521718614	0.804233214846008	1.08415281472494	1.19689311845978	1.72576652419715	0.164789986099223	-0.194744422518107	-0.648291521809779	-0.648291521809779	-0.268458456979795	0.50735007116622	0.194664387753688	-0.194744422518107	0.194664387753687	-0.194744422518106	-0.0418027335380112	0.0869666148671919	-0.194744422518111	-0.743657292856443	0.111726586810986	-0.150064312564729	-1.13631425316537	-1.16543844036489	-1.68731757180221	-1.18205576727931	-2.88756722657426	-0.820684375354504	-1.68072932944592	-2.29645072839358	-2.64125118551664	-0.451113511810777	-0.530897877223018	0.597565252632127	-0.124573286827424	-1.09764306854926	0.139142175725875	-0.844602787009537	0.586074623339129	0.768348430151105	0.526525143333091	0.531195217477331	0.731613333078187	-0.014722558430521	-0.014722558430521	-0.014722558430521	-0.014722558430521	-0.014722558430521	-0.014722558430521	-0.014722558430521	-0.0147225584305211	-0.014722558430521	-0.014722558430521	-0.0147225584305211	-0.0147225584305212	-1.33296024323026	-0.740934646455431	-0.599482619302738	0.28384980626951	0.227360434673571	-0.51391281076628	-0.389097453583351	-0.41167743104465	0.922011861794081	-0.356507692942329	0.48440909516139	-0.538333597410256	0.365765687039202	-0.938874721614309	0.186804689156211	0.251763245006312	0.0794036633212143	0.178556468577789
2.32925193515198	2.32925193515198	2.32925193515198	2.32925193515198	2.32925193515198	2.32925193515198	2.32925193515198	2.32925193515198	2.32925193515198	2.32925193515198	2.32925193515198	2.32925193515198	-1.13510477166771	-1.01416337018962	-0.747417956415415	-0.330342552874535	-1.73673678486411	-1.17636166288857	-0.731940749402406	-0.795470594184397	-1.03119288090377	-1.147823529369	-0.531694330542587	0.129849661157309	0.204037280464366	0.371335089553475	0.371335089553475	0.240044430644649	-0.058843376302335	0.143531522218157	0.204037280464366	0.143531522218156	0.204037280464369	0.507286003637365	0.777371003717773	0.204037280464358	-1.07364886667126	-0.999444655969715	0.273537007612387	-0.130667903515534	0.539976299726092	1.74987974609822	1.6026908392875	1.32633666450211	1.4007561226171	0.436705671988292	-0.261446414502442	-0.111171014237311	0.829339474758134	0.210828982054562	0.742325606580053	0.598734184947934	-0.0597445304217227	1.17099936705237	0.693543407532716	1.04827182622486	1.09920626112663	0.991703790638955	0.824377837516428	0.983183146900836	0.560606394049199	0.560606394049199	0.560606394049199	0.560606394049199	0.560606394049199	0.560606394049199	0.560606394049199	0.560606394049199	0.560606394049199	0.560606394049199	0.560606394049199	0.560606394049199	-1.57485902555867	-1.3564787618376	-0.159931944493201	0.936713939472662	-0.112927092343023	-0.507308751760086	-2.00866476846022	0.742030059090608	-0.517962526351863	0.985197265654969	1.3404215665689	1.06387161628622	0.501199339111105	0.078107091923283	-0.517610078823961	0.299221999029608	-0.896836209271675	1.39846716312081
-0.365705475123326	-0.365705475123326	-0.365705475123326	-0.365705475123326	-0.365705475123326	-0.365705475123326	-0.365705475123326	-0.365705475123326	-0.365705475123326	-0.365705475123326	-0.365705475123326	-0.365705475123326	0.5711553813528	1.43645310733686	-0.1945758770556	-0.34436524937348	-1.20955536588411	0.580470708988107	-2.44576724666177	-2.20031124800491	-2.07108075205973	-2.61003114322983	-0.689388157108902	1.49351894638224	-0.609103219200809	-0.445461190045904	-0.445461190045904	-0.820168712243221	-0.49795399628607	-0.268765329183272	-0.609103219200809	-0.268765329183273	-0.609103219200806	-1.05815543656718	0.0760975731631746	-0.609103219200815	-1.47338953022058	-2.29880158584849	-1.02192605741684	-1.62338231308718	-1.00765121659898	-0.66399838203164	2.35769411806757	1.15730808036512	-0.742658926389347	-0.571266888540934	0.63044990545787	-2.05584264974441	-1.14334033088919	-1.35204197598976	0.543761833456003	-1.23201058930264	-1.67648534523199	-0.301182537964362	-0.107826648973745	-0.970714191153695	0.340836716586222	0.0276750114470256	-1.03087939314992	0.0593873947409309	0.876794752140842	0.876794752140842	0.876794752140842	0.876794752140842	0.876794752140842	0.876794752140842	0.876794752140842	0.876794752140842	0.876794752140842	0.876794752140842	0.876794752140842	0.876794752140842	0.97569571354374	1.16818576274319	1.69828671360405	1.38412079546703	0.920660178362123	1.42489190051814	1.64975578056142	1.76105502641768	1.28062202228054	0.893007629894933	1.25284124961132	1.00095402675714	0.103087532193874	0.740042621232268	0.239056926959903	0.989841033111784	0.506424568251299	1.44394496390344
-1.94789491241071	-1.94789491241071	-1.94789491241071	-1.94789491241071	-1.94789491241071	-1.94789491241071	-1.94789491241071	-1.94789491241071	-1.94789491241071	-1.94789491241071	-1.94789491241071	-1.94789491241071	-2.24005372746523	-1.36840433557696	-2.32355674236277	0.255945077548307	-1.15256338740731	0.776578424118688	-0.965948656596414	-0.411224894035562	-0.649614676354643	-1.1583349397934	-1.75791846609874	-0.68471960173616	0.605077227415067	1.0131582770431	1.0131582770431	-0.211086796909942	0.131475740933956	0.733173955141244	0.605077227415067	0.733173955141243	0.605077227415067	0.209449874347654	0.841973450254665	0.605077227415066	-1.49378468144662	-1.21522413158192	-0.939629970859741	-1.89932651843979	-0.586405813465421	0.583772803098979	0.743601493576204	0.403281629016275	1.25291892047821	-1.96932373836746	-0.00755848388520852	-0.587711725496337	-0.885973439109689	-0.596203751453055	0.527815398896243	-0.0782411465804636	-0.266659958806925	2.12650746536895	-0.7381121914673	0.913540371430475	1.20891566274417	-0.0347960018148525	0.754662333118487	0.780595491588014	-1.47911464532468	-1.47911464532468	-1.47911464532468	-1.47911464532468	-1.47911464532468	-1.47911464532468	-1.47911464532468	-1.47911464532468	-1.47911464532468	-1.47911464532468	-1.47911464532468	-1.47911464532468	0.199235039814954	0.240003323770919	-0.538115802262504	-0.020751419144831	1.5400579289198	-1.06197220570279	-0.889505403811295	0.242204912824738	0.192644629339449	-0.472413658779438	0.460339109506758	0.947667754049044	1.94866377067608	1.20407041284003	1.30870074788489	0.793354513380393	0.768582612171332	0.892814792861393
1.07421632194454	1.07421632194454	1.07421632194454	1.07421632194454	1.07421632194454	1.07421632194454	1.07421632194454	1.07421632194454	1.07421632194454	1.07421632194454	1.07421632194454	1.07421632194454	-0.74341682793834	-0.627885206533451	-0.811611290121098	-1.4136723282768	-1.21907240009171	-0.38708569715431	-0.105311254723753	0.309140793135134	0.596788117528568	0.0203948932857166	-0.43241573601263	-1.25273555579079	0.851125710394832	0.144778600636047	0.144778600636047	0.962557011856633	1.28740108609887	1.07442742076421	0.851125710394832	1.07442742076421	0.851125710394832	0.766474509790314	0.659603188391748	0.851125710394836	0.700339641031396	0.924284750682333	0.659367206793095	1.53480637499172	-0.13738038609859	0.465116362680407	-0.745315624697735	0.19402458384286	-0.37618673260574	1.42287025887204	-0.379756896256619	0.939509764751388	-0.0969193551809887	0.522412577327982	-0.117750873964018	-0.0928327749177972	0.294495536917115	0.74957442176813	-0.774293257496527	1.01551576209802	0.188000270159834	-0.613912600272384	1.10086159704728	0.563671723914528	-2.1660272407299	-2.1660272407299	-2.1660272407299	-2.1660272407299	-2.1660272407299	-2.1660272407299	-2.1660272407299	-2.1660272407299	-2.1660272407299	-2.1660272407299	-2.1660272407299	-2.1660272407299	-0.244449546207166	0.920448362406574	0.252973973702543	0.913447183983978	1.19576677618036	0.414721395291863	-0.724421948971844	0.226432386826334	1.87900842807238	0.800158410227053	0.751696940434924	1.28662761658836	1.11449826840777	1.1927658416503	0.056156627330354	1.00058327467277	-0.0461229493795209	0.847252125742492
0.793602170075998	0.793602170075998	0.793602170075998	0.793602170075998	0.793602170075998	0.793602170075998	0.793602170075998	0.793602170075998	0.793602170075998	0.793602170075998	0.793602170075998	0.793602170075998	-2.39503309897415	-2.69946160900881	-2.63214993875733	-1.19757561202918	-1.88752700567178	0.695891383463376	1.02668307602282	0.580912262390825	0.260293781125567	-0.643615907807626	-2.03026299360615	-0.997072116903075	-0.300951346549481	-0.281160674466917	-0.281160674466917	0.113713962603411	-0.0964034791220428	-0.261355401067819	-0.300951346549481	-0.261355401067819	-0.300951346549481	0.022290407191185	-0.548980685593063	-0.300951346549482	1.58792499055782	0.316695611379453	-1.0989578092604	-1.94654126920298	-0.754473274423434	-0.167597918214171	0.677427886394604	0.106108733688444	-0.00829099691293628	-1.74061173794238	0.788947686574367	1.18509944102657	1.24644467825139	-0.171267521451908	0.176323477071867	0.0819836150729516	0.83208700552874	1.106087361261	-0.33996588214413	0.942466128831942	1.05866353197642	0.806813539597524	2.469344065033	1.24822436022535	-1.37690109019981	-1.37690109019981	-1.37690109019981	-1.37690109019981	-1.37690109019981	-1.37690109019981	-1.37690109019981	-1.37690109019981	-1.37690109019981	-1.37690109019981	-1.37690109019981	-1.37690109019981	0.536928081531215	1.45713046756481	1.20865797556344	1.80355010735067	1.70658163514359	-0.0542560901940688	0.255720118351227	1.44359101944943	1.44681378762436	1.44492086739773	1.11283255822834	0.783681442585923	-0.0908504823658344	0.797540397264523	-0.0178524639015076	1.16318501455848	0.682733524928608	1.5596421240928
1.12527936853826	1.12527936853826	1.12527936853826	1.12527936853826	1.12527936853826	1.12527936853826	1.12527936853826	1.12527936853826	1.12527936853826	1.12527936853826	1.12527936853826	1.12527936853826	0.614174082140296	0.42359023747099	0.282631450223787	0.939397066252599	-0.549857474356155	0.745625082717857	1.52035370319765	0.114003279420821	0.402177505276007	1.0669568728654	-0.421197652170524	-0.0661466943430821	1.35516463346132	1.44015187129719	1.44015187129719	1.1817860738504	0.835589381460125	1.13323708211781	1.35516463346132	1.13323708211781	1.35516463346132	1.55815184883379	1.24976031912303	1.35516463346132	-0.633006241467459	-0.685029690123444	-0.360762060254047	0.500490884750803	0.646315144555388	0.417962072651389	0.902198801967092	0.701784275636681	-0.231125668188619	-0.116220615393588	0.777956321243008	-0.223058942341542	-0.313285481379261	0.115633722860008	-0.702997775332116	-0.134398070235419	-0.0205463430149209	-1.5422858030937	-0.108872362803228	-0.426914766079677	-0.855746407599044	-0.259416839904002	0.143961351095662	-0.282521757901295	-0.808155570394157	-0.808155570394157	-0.808155570394157	-0.808155570394157	-0.808155570394157	-0.808155570394157	-0.808155570394157	-0.808155570394157	-0.808155570394157	-0.808155570394157	-0.808155570394157	-0.808155570394157	-0.14589454000964	0.567083270444138	0.0588381639100096	0.00209669416069536	-0.0938710192134392	0.528024826965949	-0.315922027213565	0.190966819846533	0.456329213316755	-0.273832164226994	-0.0622755817056377	-0.198102383142087	-0.0105420361150152	-1.06155861804962	-1.12667269108024	-0.205072312958525	0.618669847277032	0.61878643350972
-0.737465408255731	-0.737465408255731	-0.737465408255731	-0.737465408255731	-0.737465408255731	-0.737465408255731	-0.737465408255731	-0.737465408255731	-0.737465408255731	-0.737465408255731	-0.737465408255731	-0.737465408255731	-2.64770796181846	-2.37127969169557	-2.34743489094526	-0.735771835141886	-1.18646479325851	0.282939175658482	0.517247647281312	0.0441910987539615	0.081505075376676	-0.191405969582938	-2.53460738135787	-1.9065641516625	0.170347701957918	0.181215029009697	0.181215029009697	0.692169040118254	0.277815673825684	0.555357583226321	0.170347701957918	0.55535758322632	0.170347701957916	0.285533921545772	-0.571640771125449	0.170347701957922	-1.46728776438873	-0.478828507754161	-0.356931116500553	-1.00281316015028	-0.864079507608797	-0.772916299032587	-0.351991831209017	1.06739936399821	-0.240911869668314	-0.933195069385205	0.451010511880488	0.824831294346394	-0.487792935085908	-0.0300031360734779	0.295860557652908	0.607524594261908	0.903304808307499	0.41648236175223	0.934936753788739	0.225823218537844	0.480343300428551	0.636081095364881	0.536894926320501	0.291722345258173	-1.81337412933981	-1.81337412933981	-1.81337412933981	-1.81337412933981	-1.81337412933981	-1.81337412933981	-1.81337412933981	-1.81337412933981	-1.81337412933981	-1.81337412933981	-1.81337412933981	-1.81337412933981	-0.867038599982003	-0.225806882237795	-0.740484555234335	0.348271675549487	0.533254563878651	-0.832193643835219	-0.845918027592641	-0.573107707373519	0.233745193940035	-0.295841229468024	0.0465773465327759	-0.0264119524200641	0.336685027952902	0.223737566931089	-0.342220496619284	-0.324176109571471	0.157910606274157	0.556801463516046
1.81728311853227	1.81728311853227	1.81728311853227	1.81728311853227	1.81728311853227	1.81728311853227	1.81728311853227	1.81728311853227	1.81728311853227	1.81728311853227	1.81728311853227	1.81728311853227	-0.542821539634637	0.234112006535635	-0.86965737779124	0.666433724413917	0.0126843417203557	1.80579366565767	0.120548918679009	-0.00817354802154878	-0.838458068025497	-1.95424214629908	-0.426037040469114	1.72288420128888	1.08320131286421	0.78122084268182	0.78122084268182	0.753463896146845	1.80791573949158	1.41804364927368	1.08320131286421	1.41804364927368	1.08320131286421	0.672848684471974	0.919909025774595	1.08320131286421	-0.670445867023361	-2.45614708030048	-1.73649500986304	-1.40619464341198	-0.584857691832521	-1.1210410487026	0.462264359082233	1.10180224855573	-0.918947630831293	0.101837541455968	1.63296553525844	0.298763185250826	1.16729089962674	-0.516223046120289	0.675882887616154	-0.136031489454305	0.16814011695616	0.00838641521053673	1.52633965221283	-0.274995130391375	1.46260263486696	1.13561102881389	-0.16084911216	0.96944774420019	1.02204964842107	1.02204964842107	1.02204964842107	1.02204964842107	1.02204964842107	1.02204964842107	1.02204964842107	1.02204964842107	1.02204964842107	1.02204964842107	1.02204964842107	1.02204964842107	-0.34748166403622	-0.780168793679222	-0.527325346058845	-1.68762290004706	-1.91199359894834	-1.04459653940016	-0.89136879632217	-2.74141366496484	-1.98403012561174	-1.82867245279957	-0.778157917858712	-1.32942674575882	-0.771917022423532	-1.32234937298039	0.375636583217864	-0.357118353240378	0.0820233377586476	-1.42604945479627
-0.805897438085651	-0.805897438085651	-0.805897438085651	-0.805897438085651	-0.805897438085651	-0.805897438085651	-0.805897438085651	-0.805897438085651	-0.805897438085651	-0.805897438085651	-0.805897438085651	-0.805897438085651	1.29483787011734	0.852808387412415	1.12056168249956	2.38486045673339	1.45464925334073	0.791505282966819	0.881301855387296	-0.200856566952121	-0.905027386828944	0.167909185659365	0.204913044343001	1.4426670193181	-1.86336523170523	-2.11793395763929	-2.11793395763929	-2.33972293434806	-1.55968396063616	-1.70488274266251	-1.86336523170523	-1.70488274266251	-1.86336523170523	-2.19842720233439	-1.53966888569209	-1.86336523170523	2.04105563214759	1.01930885681405	-0.904844982208855	-1.31681230100803	-0.916127117600233	0.801804540549057	0.254279406489977	-0.814934358814969	1.59821388227866	-1.04079410689468	-0.00314874140849887	0.961122101737977	1.16143975826396	0.653117501442445	-0.430884257752992	-0.0441855050275542	1.11268206462993	-0.643119114974311	-0.0152090603588218	0.682523618726905	-0.0111565690450974	0.291440984851825	1.30052050122142	0.129696476858437	-1.80622493625732	-1.80622493625732	-1.80622493625732	-1.80622493625732	-1.80622493625732	-1.80622493625732	-1.80622493625732	-1.80622493625732	-1.80622493625732	-1.80622493625732	-1.80622493625732	-1.80622493625732	-2.20292701605319	-2.70827860609529	-0.995808277874447	-1.15725812896593	-1.28353028487661	-1.33578507673677	-1.09557263811777	-1.88116742378129	-0.316346005674024	0.360092324115276	-0.156274702241709	-0.0754539795322077	-0.0974328872323999	0.156885085660171	-0.236300948957379	-0.278565470641705	-1.08117368218788	-1.29152498571418
0.622519145591181	0.622519145591181	0.622519145591181	0.622519145591181	0.622519145591181	0.622519145591181	0.622519145591181	0.622519145591181	0.622519145591181	0.622519145591181	0.622519145591181	0.622519145591181	-0.655152682428227	-0.944520769847379	-0.644899272141267	-1.2029456916304	-2.24214139615911	-1.37548764749166	-0.0289422119191774	-0.0173075568021908	-0.479741313622253	-0.845949226581916	-0.284928535345111	-0.298890137680496	2.0946411424285	1.99236585285969	1.99236585285969	2.10592281457239	2.36262600521795	1.89647041944466	2.0946411424285	1.89647041944467	2.0946411424285	2.08291457857606	1.68235110231456	2.0946411424285	-0.875578647099989	-0.439445107551308	0.483177580125769	0.44345142772592	0.544633295126976	-0.579296667565204	0.415955595161449	0.481482949844478	-0.0307265309482328	0.7806097796113	0.595869586201639	-1.00834680388358	-1.38802320686748	-0.435071201766452	-0.689317604109877	-0.907915612254558	-1.79667311428861	-1.61368324087164	-1.04170022059107	-0.867687819803356	-1.82821519915671	-0.840183127109848	-2.13644511019138	-1.68950947702121	0.0731079217201871	0.0731079217201871	0.0731079217201871	0.0731079217201871	0.073107921720187	0.073107921720187	0.0731079217201871	0.073107921720187	0.0731079217201871	0.0731079217201871	0.073107921720187	0.0731079217201869	0.51138443407043	0.155938324467073	1.30822280559874	-0.291909460368378	0.459896894199205	0.696760490471695	-0.192019832973329	-0.393085506709373	0.0489823395846305	1.01146284677833	0.485524351758337	-0.347077433403745	0.560884256971619	0.000778677944511037	1.17923592804359	2.38664004923595	1.8004336094463	1.12320540741235
-0.858491763995495	-0.858491763995495	-0.858491763995495	-0.858491763995495	-0.858491763995495	-0.858491763995495	-0.858491763995495	-0.858491763995495	-0.858491763995495	-0.858491763995495	-0.858491763995495	-0.858491763995495	-1.10583910956519	-0.571498839070822	-1.02207010472257	-0.475020934478344	0.423559742106466	0.928113003828998	0.681844154372974	1.45512263371798	1.11362019269842	-0.114863050319213	0.0580988696532885	-0.872449837540293	1.1345710847873	0.970383447413383	0.970383447413383	0.782511069056321	1.70599663298037	1.2399020528339	1.1345710847873	1.2399020528339	1.1345710847873	1.27104496320333	0.789814039963222	1.1345710847873	2.06416266829332	1.9273265752997	1.9318042963466	2.19683626541119	0.118889054495791	0.768470793143868	-1.98614102379435	-0.849645049386464	0.905205472819872	1.79977019276703	0.261582719807779	1.4468754863447	-0.639298082318507	-1.36565822248106	-0.739190790770241	-1.29138531895575	0.789422117724861	-0.393573494077548	-0.780617510163362	-2.06380133107781	-0.425414701015536	-1.40058734167522	-0.316422555710093	-1.05625064935004	0.0440344659290259	0.0440344659290259	0.0440344659290259	0.0440344659290259	0.0440344659290259	0.0440344659290259	0.0440344659290259	0.0440344659290259	0.0440344659290259	0.0440344659290259	0.0440344659290259	0.0440344659290257	1.04256716546287	-0.139829068661191	0.0933917828718986	0.584613162586249	1.11537240571929	1.0449070437686	0.871033813525705	1.21247939189023	0.218103325991849	-0.196463372314677	-0.0339249590772131	0.0441852501272991	0.244947464965555	-0.13230042404199	0.00462591202963627	0.243165655906414	0.989929462103124	1.80406565396735
-0.330973835793143	-0.330973835793143	-0.330973835793143	-0.330973835793143	-0.330973835793143	-0.330973835793143	-0.330973835793143	-0.330973835793143	-0.330973835793143	-0.330973835793143	-0.330973835793143	-0.330973835793143	-1.92458978293235	-1.13137236785345	-1.64250738413656	0.147519180296849	-1.19757729265643	-0.720014668464369	-2.00612326069226	-0.997558126537701	-1.28587539399541	-1.34230323063235	-1.26122083303068	-1.04732708823885	-1.32289942381894	-1.29117046448867	-1.29117046448867	-0.639027645530448	-0.994636678628037	-0.835338241758091	-1.32289942381894	-0.835338241758091	-1.32289942381894	-1.25818811476265	-1.55705793899126	-1.32289942381894	-0.631784481297931	-0.885740577687341	0.947922623427478	1.38312788934674	0.221257926834922	-0.621577021177796	0.0163770450005833	-0.765638012039779	-1.23175786992437	0.509528806230262	0.424560168443393	-2.08449517443023	-0.707039317756133	-0.885612430020741	0.48468523457207	-1.08756620040901	-2.00411707230052	-0.836318590126777	-1.97535198461054	1.02301553058394	1.11521803533912	0.0188118548860142	0.866047855217654	1.44027537102325	0.0939693144512738	0.0939693144512738	0.0939693144512738	0.0939693144512738	0.0939693144512737	0.0939693144512737	0.0939693144512738	0.0939693144512737	0.0939693144512738	0.0939693144512738	0.0939693144512737	0.0939693144512735	0.941569564514169	-0.0861726200978637	-0.728612587186417	0.774113982758766	0.79845873178189	-0.280866082512366	0.248620853112871	-0.308350850355187	-0.234653023879789	-1.00925563177724	0.388442303389613	0.393858963901122	-0.70815715779407	0.202267385347478	-0.320060183477606	-0.686967627520682	-0.432573322485135	0.816662937327271
-1.4912888516503	-1.4912888516503	-1.4912888516503	-1.4912888516503	-1.4912888516503	-1.4912888516503	-1.4912888516503	-1.4912888516503	-1.4912888516503	-1.4912888516503	-1.4912888516503	-1.4912888516503	-0.218059949669673	-0.500336543147751	-0.463375944293724	-0.0986964375813623	-0.431555737134512	0.0144007759931292	1.07700794088073	0.984836866227057	0.743111793595742	1.04892013479057	-0.155463370577198	0.29700709440574	-0.528626828390783	-0.422337483601963	-0.422337483601963	-0.927236481276094	0.0334367583215541	0.103384103822767	-0.528626828390783	0.103384103822767	-0.528626828390787	-0.475893008918046	-1.27050219836306	-0.528626828390778	0.574677255125337	0.200908736243531	-0.435852307886879	-0.367720431772499	0.324046989674074	1.22246457712809	0.350634463515002	-0.0395641945247696	0.78194524329008	-0.63463914650283	-0.369431900912802	0.493367629201973	-0.897692487819628	-0.556111448052765	0.127362088941196	-0.524107511111725	-0.806042069037994	0.0839897932075611	-0.65809891846125	0.701197934524531	0.474748128455695	0.264147745630496	0.534156037355988	0.659724059240282	0.426022392975441	0.426022392975441	0.426022392975441	0.426022392975441	0.426022392975441	0.426022392975441	0.426022392975441	0.426022392975441	0.426022392975441	0.426022392975441	0.426022392975441	0.426022392975441	-1.84905885202061	-0.696734530157248	-1.95606593257106	0.269162327141623	0.159545371591211	-2.03240868675807	-1.75872725920312	0.99526821604727	-0.0330517696755577	-0.644944696584679	1.70307037182401	-1.10101481138903	-0.779884674621557	-1.91305832379929	-1.50534320855654	-0.765407082223484	-1.81100040618706	0.650104884159566
0.937850378542211	0.937850378542211	0.937850378542211	0.937850378542211	0.937850378542211	0.937850378542211	0.937850378542211	0.937850378542211	0.937850378542211	0.937850378542211	0.937850378542211	0.937850378542211	-0.125939920060983	-0.94865787385421	0.671950491837981	-0.466329620926067	-0.0958714237862527	-1.85740706316191	-0.84996743517965	-1.21110352718532	-0.911859928076297	-0.490062107160136	0.292965813394328	-1.791817425202	0.169587696786104	0.120043753920107	0.120043753920107	1.0121888527134	-0.192241631623903	0.0354705207070208	0.169587696786104	0.0354705207070206	0.169587696786106	0.655917972796375	0.285266935185843	0.169587696786099	-0.181018995027639	0.0146633015541117	0.612536636992708	-0.161383631178775	-0.369024882511912	-0.0356169087147648	0.0572576850563804	0.128867793932949	0.707127434479648	0.295859570673953	0.157045479205296	-0.194935011905466	0.16463605928118	-0.877414671087367	0.219023665880735	0.299636855413479	-1.94432273392259	-0.399794333422537	-0.336533055705789	-0.751050653947411	-0.452089237254986	0.943741858949592	-1.63963342848144	-0.675004566278815	-1.7272894599429	-1.7272894599429	-1.7272894599429	-1.7272894599429	-1.7272894599429	-1.7272894599429	-1.7272894599429	-1.7272894599429	-1.7272894599429	-1.7272894599429	-1.7272894599429	-1.7272894599429	1.87946711150419	1.22719615392632	2.04224770104388	1.53595242848234	2.06225738043455	1.34158197846936	1.05586234818298	1.08335641100365	0.264956039979614	1.3032822393709	-0.790635755229622	1.00821864469959	1.07332080128282	0.9699322685377	1.20300814677621	0.876219161306156	1.80953238305062	0.51225421673215
1.51255159208743	1.51255159208743	1.51255159208743	1.51255159208743	1.51255159208743	1.51255159208743	1.51255159208743	1.51255159208743	1.51255159208743	1.51255159208743	1.51255159208743	1.51255159208743	1.09001868477177	0.417600243739582	1.27054885591596	1.20382879393716	0.15968697751525	-1.57518641510361	-0.559989707883917	-0.228235252670644	-0.774138305766708	0.144648978650663	0.479591952687273	0.186173243488187	0.822969907992267	0.4878820674999	0.4878820674999	1.06054821368411	0.894024039216967	0.585422050775533	0.822969907992267	0.585422050775533	0.822969907992269	1.07447250815326	1.10205932780619	0.822969907992263	-0.000228856535379561	0.868486471067052	1.35098673516791	0.920281566938717	-1.17574963729092	-1.45392818510347	-1.10872636761753	-0.270373304020459	-1.52530089196971	0.332926344176435	0.145564204361524	-0.292481746840132	-0.120765604921172	0.488242038142222	0.388011700014113	0.435842961388081	0.50069929370245	-0.782711696889852	0.835947315615666	-0.696995722383166	-0.546084250323039	-0.0567122680936494	-0.910759198482289	-0.901002661456521	0.322371886124655	0.322371886124655	0.322371886124655	0.322371886124655	0.322371886124655	0.322371886124655	0.322371886124655	0.322371886124655	0.322371886124655	0.322371886124655	0.322371886124655	0.322371886124655	-0.243150701436739	-0.246773766280336	0.00293795464990312	-1.41618895329169	-1.16213070029806	0.0595437950837671	-0.178825155937741	-0.279152594272269	-0.749897050375323	0.0792474931310524	-0.126747072600819	-0.00168488144919317	1.57552484692677	-0.640738967365756	0.733788510733286	0.221360822113842	0.850586044660222	-1.38436042065607
-0.00522288328142387	-0.00522288328142387	-0.00522288328142387	-0.00522288328142387	-0.00522288328142387	-0.0052228832814238	-0.00522288328142387	-0.00522288328142387	-0.0052228832814238	-0.0052228832814238	-0.00522288328142387	-0.00522288328142386	-0.231339782122335	0.316007113605615	-0.279531198387182	-0.934886594211352	0.156522848224361	-0.379633862535968	-0.659223358669928	0.607344050096367	1.23990236245078	1.24446693978254	0.921276911971782	-0.83113164717292	0.955341722655415	1.00595088339962	1.00595088339962	1.34376074378281	0.406821124931744	0.825210759160257	0.955341722655415	0.825210759160256	0.955341722655415	0.695057509176716	0.745775506113855	0.955341722655418	0.5290670622754	0.457009424018494	0.884221295414845	1.33602857695687	-0.00981622332057356	-1.61050104912898	-1.37659525722096	-1.78819664924548	-1.96716697515656	1.04155116040668	-0.810862569915596	-1.05292156689535	0.862591557642703	0.394168585277633	-0.0616633057793994	0.0905501858655599	-0.535517717415632	-1.50022475088907	-0.0257343142090758	-0.153009680842848	-1.26797804611447	0.371511828487519	-0.830057254853737	-0.771497944205233	-0.826545209832093	-0.826545209832093	-0.826545209832093	-0.826545209832093	-0.826545209832093	-0.826545209832093	-0.826545209832093	-0.826545209832093	-0.826545209832093	-0.826545209832093	-0.826545209832093	-0.826545209832093	-0.774704022211667	0.194856252284287	-1.05238239611145	0.206267044805405	-1.54992651119561	-0.852167453323079	-0.372775711066526	-0.145221175953514	-0.85223993663384	-0.24518147150434	0.781093924427615	1.31386342705245	0.962003830693461	0.686640289074692	-0.0254438213646702	-1.70291559106939	-0.859518878840634	-1.06859396932775
0.781483321378399	0.781483321378399	0.781483321378399	0.781483321378399	0.781483321378399	0.781483321378399	0.781483321378399	0.781483321378399	0.781483321378399	0.781483321378399	0.781483321378399	0.781483321378399	0.992213237029691	0.546870722279059	0.763444704339721	-0.498432148030127	-1.0902893364335	-0.566958711162524	0.143850240609967	0.0212616712280422	0.20585006882879	0.0497129443655494	0.894569758602606	1.88846588290896	-1.66972182504271	-1.97968390341322	-1.97968390341322	-1.01247278874682	-1.0225798332265	-1.66890065594189	-1.66972182504271	-1.66890065594189	-1.66972182504271	-1.4464795294148	-0.981705243150306	-1.66972182504272	0.744274931219027	-0.180465259992346	-0.854587576496719	-0.871077151344708	-0.573377196592804	-0.12055128127368	-0.326776073034679	0.125607981185806	-1.1227315198476	-0.816161475155187	-0.181105673098845	0.636578672360191	-0.409648104174436	-1.07835696008339	-1.13912509079614	-0.549157779220603	-0.835503529797221	-0.142332700802571	-1.10004786788582	-0.896590879097637	-0.612400721842	-0.599846462604967	-0.290714259635794	-0.186759923490661	0.677111525280008	0.677111525280008	0.677111525280008	0.677111525280008	0.677111525280009	0.677111525280009	0.677111525280008	0.677111525280008	0.677111525280008	0.677111525280008	0.677111525280008	0.677111525280008	-1.12901392635108	0.370997657346874	-0.0195643142135587	0.155999252359654	-1.35469912825334	0.291950898823907	0.43245888701764	0.351973358698046	0.976535001541387	0.496680417108599	0.935727633848483	0.221295808716151	-0.194415691776831	0.0425505052857873	-0.613295437264404	-0.453368720712364	-1.28765373482709	-0.767107650623702
0.0784213815002682	0.0784213815002682	0.0784213815002682	0.0784213815002682	0.0784213815002682	0.0784213815002682	0.0784213815002682	0.0784213815002682	0.0784213815002682	0.0784213815002682	0.0784213815002681	0.0784213815002681	-0.653101620606111	-0.437884465206712	-0.538465250381821	-0.702665664782084	-0.553952909258137	-0.670989445995637	-1.11960800400414	-0.0750927971922573	0.115150057382704	-0.228163180530665	0.425860558383056	-0.73917993661447	-1.58737539444166	-0.6120681352187	-0.6120681352187	-2.80886963713836	-1.36682203897263	-1.51507646731348	-1.58737539444166	-1.51507646731348	-1.58737539444166	-2.02965505745544	-1.2237558130067	-1.58737539444166	-1.59842922363068	-0.753429228742892	-0.0223788797687923	-0.711740132422838	0.835794500180754	-0.531762784080455	-0.505469139715959	-1.29345015004104	-0.0754220146069351	-0.281651136866635	-2.25407242297645	-1.66753462331668	0.241041937795705	0.469691433876562	0.205773629297693	0.784970364239654	-0.02949967095918	-0.780110966238517	0.522623817228199	-0.48734951778691	-1.32818538001212	0.534989524113543	-0.150210480857472	-0.707548777745921	-1.84623659388159	-1.84623659388159	-1.84623659388159	-1.84623659388159	-1.84623659388159	-1.84623659388159	-1.84623659388159	-1.84623659388159	-1.84623659388159	-1.84623659388159	-1.84623659388159	-1.84623659388159	-0.923751593389899	-0.920611020104067	-1.71636806072907	-2.07865692413425	-1.82970316004127	-1.49270093295084	-0.848533409175299	-0.504717211932204	-2.22979471855298	-1.77774032623184	-1.61699930868576	-2.12971366078939	-1.89562373888924	-1.92302540975639	-0.91925588564711	-2.318682840235	-1.68929616947853	-1.90845714150781
-0.261340876223192	-0.261340876223192	-0.261340876223192	-0.261340876223192	-0.261340876223192	-0.261340876223192	-0.261340876223192	-0.261340876223192	-0.261340876223192	-0.261340876223192	-0.261340876223192	-0.261340876223192	-1.18371892270069	-0.595339422135751	-1.13900657589031	-0.959626343312246	-0.781937164259385	0.136085419028349	-0.204189277251829	-0.0506239509898339	-0.171351484375705	-0.857543443267562	-1.17916913316364	-0.521479361504339	-1.26887137313897	-0.910912292163102	-0.910912292163102	-0.415261751439381	-0.878941935034562	-0.838874637000647	-1.26887137313897	-0.838874637000647	-1.26887137313897	-0.375757572507893	-1.74631408285199	-1.26887137313897	0.178072765319604	0.464867348119962	-1.32814557100972	-0.346224615615026	-0.385836470977557	-0.187481871111031	0.0898497176102933	0.57938797481416	-0.670280619601883	-0.324317845464708	-0.238659004768041	1.16297892525441	-0.60155256967012	-0.080655247212516	0.154755994819354	-0.860507877483584	1.0600561622187	0.179133538281366	0.491188321103239	1.47829595005007	1.69165629053441	0.391442023708326	1.31233256222951	1.02213396360344	0.522242923936783	0.522242923936783	0.522242923936783	0.522242923936783	0.522242923936783	0.522242923936783	0.522242923936783	0.522242923936783	0.522242923936783	0.522242923936783	0.522242923936783	0.522242923936783	0.0324304370697139	-0.732244288261661	-0.25301985653071	-1.04434084724641	-0.782320212504769	-0.255396707977337	-0.237738947047712	-1.97537627523066	-1.11740554093694	-0.970568608848281	-1.69315689806218	-0.641525356034717	-0.234408107731928	-0.407745253092389	0.579632761614909	-0.497028592627779	0.282210179343474	-1.69018555184431
0.246079078953027	0.246079078953027	0.246079078953027	0.246079078953027	0.246079078953027	0.246079078953027	0.246079078953027	0.246079078953027	0.246079078953027	0.246079078953027	0.246079078953027	0.246079078953027	0.16760268311805	0.761149652020871	0.223862651894871	0.292799927302329	0.671066611326795	1.38429579161453	0.758334417568582	0.497455624127876	0.998523632979307	0.290988419675621	0.749879535479545	-0.0287365276047787	-0.505871914895199	-0.854108342713143	-0.854108342713143	-1.03884756077416	-0.0324287385923616	-0.617673172161272	-0.505871914895199	-0.617673172161272	-0.505871914895203	-0.619565578271909	-0.966897643495261	-0.50587191489519	-0.473329546229878	0.0824414300762258	-0.0103691346783721	0.0308510873358908	-0.263264076494491	1.65435511671709	1.65085741421792	0.620566222165954	1.08185490234469	-0.350749518147186	-0.688835476981959	-1.38057411887921	0.291669029529184	-0.489341245498203	-0.563578430658297	-0.999757064171427	0.888750660041779	-1.00455354723532	0.156525858103921	-0.437765703459008	0.442188119545606	-0.698250388922943	-0.326478580899736	-0.149084792705995	-0.803903472150888	-0.803903472150888	-0.803903472150888	-0.803903472150888	-0.803903472150889	-0.803903472150889	-0.803903472150888	-0.803903472150888	-0.803903472150888	-0.803903472150888	-0.803903472150888	-0.803903472150888	-0.757353130731255	-0.0929563954579542	-0.745730308705865	0.835321554450343	-0.211794599231506	-0.921969563186701	0.35815756630191	0.750940551848107	0.507954954501717	1.44339176890638	1.53095839202741	1.30366992498211	0.877593061115591	0.707744554121489	-0.265829668897683	-0.947344094579461	-0.492611951963526	-0.697291924396478
-0.560648369262243	-0.560648369262243	-0.560648369262243	-0.560648369262243	-0.560648369262243	-0.560648369262243	-0.560648369262243	-0.560648369262243	-0.560648369262243	-0.560648369262243	-0.560648369262243	-0.560648369262243	-1.39111995036942	-1.58430200206666	-0.741156621971842	0.399792340447059	-0.703182180921307	0.0445634731199563	1.65072505736538	0.828982176888546	0.814715085072862	0.562087454008213	-0.487824890008104	-1.46903244906468	-0.0373779290976987	-0.36900153744596	-0.36900153744596	0.297403151079597	-0.58202523471135	-0.149278744751954	-0.0373779290976983	-0.149278744751954	-0.0373779290976975	0.0796857963424202	0.424832719663435	-0.0373779290977001	1.12555545812274	0.58759085990455	-1.7406953783175	-1.2882542832476	-1.95381480766526	-0.480440448161846	-0.29247322136204	-0.562978012097293	-0.304746120795795	-0.981212163730621	-0.417809935573702	0.693230014797268	1.6140149192677	1.17486527202278	0.206621336310223	1.36911288055195	0.698317557966908	0.00768187374314252	0.839780113903611	0.429340492029724	-0.147443169181195	0.941609502454304	0.3017766071917	0.475211889747357	-1.60760063044085	-1.60760063044085	-1.60760063044085	-1.60760063044085	-1.60760063044085	-1.60760063044085	-1.60760063044085	-1.60760063044085	-1.60760063044085	-1.60760063044085	-1.60760063044085	-1.60760063044085	2.36280452590969	2.50050471587249	2.96366293091797	2.08629759891743	1.98744274261577	0.690245689398032	2.21012762457548	1.89979792660189	0.569091420234496	0.718976505485514	0.79444948904119	0.378492489949821	0.497674081568731	1.13515316467188	1.19784705001905	2.47470219215396	3.14477301217635	1.62169220138983
-0.188472287274871	-0.188472287274871	-0.188472287274871	-0.188472287274871	-0.188472287274871	-0.188472287274871	-0.188472287274871	-0.188472287274871	-0.188472287274871	-0.188472287274871	-0.188472287274871	-0.188472287274871	-2.66069846793553	-2.80460209338979	-2.28224234435251	-0.500667120054094	-2.53683376704633	-2.28796850261553	-1.43007079544334	-1.39369069291433	-2.1669877335059	-1.09463225405684	-1.78510170279294	-1.52579458028897	1.1464929200314	1.2951325417373	1.2951325417373	1.28200704685796	0.755420100512918	1.15579357207035	1.1464929200314	1.15579357207035	1.1464929200314	1.06971375434294	0.837482555385496	1.1464929200314	-0.291099225415573	0.83013101744053	-0.294818381492583	-0.965816825912079	0.25091098197494	0.211973870957497	1.42718180830069	1.53679799271993	0.667760184608114	-1.47636283500633	0.961387101025856	1.1925392728736	-0.373521498975997	-1.39288919092951	-1.39785252191816	-1.73994582435642	1.40428845859717	-0.818166595818674	-1.00702840469084	-0.926288413557312	-0.637045793882615	-0.419401045936643	0.248148254739796	-1.5256037879383	0.100916114499723	0.100916114499723	0.100916114499723	0.100916114499723	0.100916114499723	0.100916114499723	0.100916114499723	0.100916114499723	0.100916114499723	0.100916114499723	0.100916114499723	0.100916114499723	-1.78002818736536	-1.73499577116697	-1.711862222585	-0.950938869094998	-1.20317272775874	-1.11451141869864	-2.09404054304478	-0.403577796653039	-0.785033283543307	-0.243006487944876	-1.37524779329058	-0.63579242820888	-1.27196181358244	-1.29655302034167	-2.29901628852556	-1.69489708299464	-1.5160965340532	-0.96422583912804
-0.787415669601461	-0.787415669601461	-0.787415669601461	-0.787415669601461	-0.787415669601461	-0.787415669601461	-0.787415669601461	-0.787415669601461	-0.787415669601461	-0.787415669601461	-0.787415669601461	-0.787415669601461	0.989100660708223	1.83464249580298	1.02919390832415	1.12667898569838	-0.228973701724461	0.0968881358099214	-1.35571932316197	-2.16536622087711	-1.3806990381229	-0.673120532774432	0.305483482812601	-0.24577113004551	-1.40143271804411	-1.01454528347584	-1.01454528347584	-1.47412975244455	-1.35282590341853	-1.48904439336735	-1.40143271804411	-1.48904439336735	-1.40143271804411	-1.24588094772587	-0.791419280078685	-1.40143271804411	-1.23496759250309	0.384479011860389	0.112870200294581	1.81751015558405	1.32113862731586	1.49490067954994	-0.622122525518345	0.66245382889942	0.849816610595821	0.402387584259812	-0.150843252345514	0.654352775048167	-0.838592021037273	-0.265740143109735	-0.357832091698184	-0.325201372183482	-0.485662472118481	0.125350037104575	-0.900345193891728	1.06056452738034	0.941254157139898	-0.18770080843666	0.777817291117003	1.27017571623351	0.201292747606357	0.201292747606357	0.201292747606357	0.201292747606357	0.201292747606357	0.201292747606357	0.201292747606357	0.201292747606356	0.201292747606357	0.201292747606357	0.201292747606357	0.201292747606356	-0.0811255078084838	0.330916939687496	0.690626061145534	0.187700149580142	-0.0555487632939777	0.144120763138342	0.543290333158291	0.769478393201598	1.30333919248335	0.228157443451874	-0.474155581843572	0.219496221519186	-0.592491273951837	0.0916593743380075	-1.0873039773258	0.526802598023443	0.617814971857016	0.0629002628422538
-2.58974519481849	-2.58974519481849	-2.58974519481849	-2.58974519481849	-2.58974519481849	-2.58974519481849	-2.58974519481849	-2.58974519481849	-2.58974519481849	-2.58974519481849	-2.58974519481849	-2.58974519481849	0.629344004066858	0.130470769795198	0.249991643503565	0.852733833601021	0.345401547769569	0.0933165052442976	0.0608694929702746	-1.04744372132241	-1.64801310510913	-0.461038694589987	-0.937719540776067	0.599142904382387	2.62620454629126e-05	-0.235893540622902	-0.235893540622902	0.365301693870119	0.592406309651717	0.214345394081202	2.62620454626675e-05	0.214345394081202	2.62620454626062e-05	0.355160534609535	-0.316955454384896	2.62620454619935e-05	0.936556266238775	1.20718999706849	1.03239802494419	-0.186317561773137	-0.308624057496939	-0.85739831906823	-1.44853737555217	-0.648421557459242	0.0768812062896118	-1.09366677802898	1.08119071216212	1.62851006376438	-1.05924717771889	-0.912229106113399	-1.39788670640863	-0.929934941985098	-1.06390953357321	-1.41220602461211	-1.20880246829957	-1.14083819985074	-1.64643678907766	-1.3174438158954	-1.2296219280503	-1.50595843997852	-0.548110975556411	-0.548110975556411	-0.548110975556411	-0.548110975556411	-0.548110975556411	-0.548110975556411	-0.548110975556411	-0.548110975556411	-0.548110975556411	-0.548110975556411	-0.548110975556411	-0.548110975556411	-0.467681157283084	-0.751660236305118	-0.512505596789392	-0.142660878526401	-0.441003219389669	-0.690625972852806	-0.336816562856357	-1.03259366019938	-0.369504088148563	0.56228202655367	0.971121474391071	0.844697639626971	1.65993264126212	1.58042362572103	1.64606161291321	0.667182571284033	-0.662874085276527	-1.31189647885151
-0.187806607097995	-0.187806607097995	-0.187806607097995	-0.187806607097995	-0.187806607097995	-0.187806607097995	-0.187806607097995	-0.187806607097995	-0.187806607097995	-0.187806607097995	-0.187806607097995	-0.187806607097995	0.962842608355716	0.88544051156137	0.320849051335221	-0.0362316121144619	0.0777465517947369	0.79162713661166	-0.996994076305829	-0.367016374989139	-0.44769891779188	-0.920820508439156	0.982737617314137	2.53242008474475	0.508706772386337	0.61293256943925	0.61293256943925	-0.162686333397975	1.13395240757594	0.457459953168403	0.508706772386336	0.457459953168403	0.508706772386338	0.0713248701933492	0.716553230516608	0.508706772386334	2.07188924926622	1.22421741795034	0.200103098608594	0.302746147757829	0.0409128074292916	2.20594397939416	0.443357161656627	0.407544049367619	2.10419354248253	-0.554659519761508	1.37623163692107	2.31414519395912	0.441427711996987	0.871432670150595	0.588646143598015	0.975500037000601	1.69522975845317	1.58330325089817	1.36155615178793	1.26638818270503	0.846811696406899	1.56525066706483	1.37108321890161	0.562490987429516	0.425217829236456	0.425217829236456	0.425217829236456	0.425217829236456	0.425217829236456	0.425217829236456	0.425217829236456	0.425217829236456	0.425217829236456	0.425217829236456	0.425217829236456	0.425217829236456	0.465065812475865	-0.584888231242621	1.96114288791941	1.69502626345519	0.817701205872786	1.66776778567616	2.17489742026746	0.657340665071366	1.07881571384967	1.70111737928993	0.186800772673627	2.24712434047348	-0.154029273169951	3.06452431508879	1.01576811138218	0.159388684105437	-0.729158161946596	0.887501531368628
0.625929186549877	0.625929186549877	0.625929186549877	0.625929186549877	0.625929186549877	0.625929186549877	0.625929186549877	0.625929186549877	0.625929186549877	0.625929186549877	0.625929186549877	0.625929186549877	0.753542460867904	1.19416787427756	0.766957799208769	1.40076258993732	0.961206332185954	1.13028326939109	1.19731827886299	0.701165855647845	0.798422726222788	0.950848068391383	0.658696846975633	0.869263308001636	0.342814314591631	0.442160325508177	0.442160325508176	-0.0509870488820956	1.5564007693041	0.991945399227061	0.34281431459163	0.991945399227062	0.342814314591631	0.345868725247435	-0.0269630192406873	0.342814314591628	-0.63307261986665	-0.0344266110253248	1.0491805202807	0.962780462177936	1.12211383636278	-1.24889694909044	-0.698605786970158	-0.396456900314171	-0.226035150255783	0.97707363123614	0.705698222600808	-0.00278447183014521	-0.913597544226869	-0.727437898197396	-0.510436076963772	-1.01460086421126	1.79053933039221	0.253073492597699	-0.28726702846068	-0.157888429962312	0.746393943086351	-0.647336222780279	-0.10019144247593	-0.59968200574668	1.31808389998922	1.31808389998922	1.31808389998922	1.31808389998922	1.31808389998922	1.31808389998922	1.31808389998922	1.31808389998922	1.31808389998922	1.31808389998922	1.31808389998922	1.31808389998922	-0.149145902660324	0.840887042910135	0.721630105214828	0.490228830095188	-1.25081446464037	0.0601904167740238	1.9881082157391	0.859138026547839	0.489029247522721	-0.897004478753805	0.993935723916862	-0.275465176625963	0.367791072327399	-0.391012538559114	1.00760257889441	0.426816053246259	1.03841227871231	-0.202462732953265
-0.830148137718396	-0.830148137718396	-0.830148137718396	-0.830148137718396	-0.830148137718396	-0.830148137718396	-0.830148137718396	-0.830148137718396	-0.830148137718396	-0.830148137718396	-0.830148137718396	-0.830148137718396	-0.0800722849033327	0.301707957348332	-0.934494743222301	-1.1473205500734	-0.695008750125787	1.10783511626982	-0.337470731947442	0.0196913522376488	0.0593985289716609	-0.645129034434816	-0.77935362974151	0.488530672458215	-1.00642834936334	-1.13185894475689	-1.13185894475689	-1.20506241222125	-0.769851460742484	-0.9711661905964	-1.00642834936334	-0.9711661905964	-1.00642834936334	-0.947527799647114	-0.773902790927022	-1.00642834936334	-1.56530558835772	-2.79314181664898	-1.59606441593364	-1.49018701267585	-1.04272679537331	-1.04792795855516	0.262177319062169	0.483437944642043	-0.874662609986004	0.016637775374463	0.330345362923164	-1.00362133060702	-1.70229211028434	-1.07121164533563	-1.15970915156109	-1.39946932390904	-0.61314585000023	-1.12703739705612	-1.0184223742778	0.0311835174852033	-0.225514035979361	-1.06103808989309	-0.731991541486761	-0.204769256327353	-1.50573978580151	-1.50573978580151	-1.50573978580151	-1.50573978580151	-1.50573978580151	-1.50573978580151	-1.50573978580151	-1.50573978580151	-1.50573978580151	-1.50573978580151	-1.50573978580151	-1.50573978580151	0.192523622176901	-0.0289865204957353	-1.12102195139084	0.306273489587242	0.778904352613075	0.0266400943005775	-0.514643467628474	1.23792203592564	0.441591942432821	0.84377743558414	0.469937647171664	-0.439720328925614	-0.509979911993107	-0.727263257766203	-1.18519772351031	-0.0827912204382103	-0.462748572834201	0.571483617920007
0.853374484858236	0.853374484858236	0.853374484858236	0.853374484858236	0.853374484858236	0.853374484858236	0.853374484858236	0.853374484858236	0.853374484858236	0.853374484858236	0.853374484858236	0.853374484858236	-0.874460962352266	-1.02273706999354	-0.293698578829452	2.14904002632798	1.33775684657683	0.486098085305784	0.409521836814913	-0.213862709305809	-0.0559381346051683	1.0192825720389	-0.790837978270722	-1.5008892714592	0.251444767838834	-0.0275600645312719	-0.0275600645312719	0.706805798760263	-0.0952781730315526	0.181855505587467	0.251444767838834	0.181855505587467	0.251444767838831	0.442259954609271	-0.16985564349298	0.251444767838839	-0.44440410818512	-0.781460075204534	-0.861527018888208	0.0125495073751911	-0.864144391930475	-0.0475325199332932	0.0545368363423075	0.994957506704621	-0.669972860298978	0.516042911498119	0.304321056085556	0.258542239222409	0.229021164266026	0.422837339293666	0.210516847316068	0.0125423689492876	-0.161514275506468	-0.42712696005405	-0.283672205907278	-0.0477201547418982	-0.923997153663513	-0.0427217797481304	0.0802804766233762	-0.53361766502289	-0.39354180634599	-0.39354180634599	-0.39354180634599	-0.39354180634599	-0.39354180634599	-0.39354180634599	-0.39354180634599	-0.39354180634599	-0.39354180634599	-0.39354180634599	-0.39354180634599	-0.39354180634599	-0.944796236224048	0.418028066515928	0.450802987916978	-0.14081669250144	0.852264312791082	0.403036469624663	-1.97583695495034	-0.0923245764788545	1.37477319019972	1.06118021273274	-0.952527887504216	0.622598761314469	-0.335977301671501	0.434041009302758	-1.79361634711975	0.0257912217644456	-0.809520429555625	0.697408678640221
-0.772041527893434	-0.772041527893434	-0.772041527893434	-0.772041527893434	-0.772041527893434	-0.772041527893434	-0.772041527893434	-0.772041527893434	-0.772041527893434	-0.772041527893434	-0.772041527893434	-0.772041527893434	0.327855987748367	0.986342233596152	0.368034618765717	1.31889448283769	1.14803344271918	1.09979650340953	-0.0796262205945202	-0.0848539014499819	-0.171710702935518	-0.213532378999746	0.42688597339201	0.347267084642141	-1.50844403761769	-0.869921782126553	-0.869921782126553	-0.686001912949141	-1.83802950927714	-1.06195935761181	-1.50844403761769	-1.06195935761181	-1.50844403761769	-1.53295198870206	-1.47263253008864	-1.5084440376177	-0.292287394830613	-0.234063820536758	0.310272122997137	0.308786002596902	-0.369908389331778	-0.0442838325306906	-0.15039263041587	1.46113312628217	-0.432199630883223	1.02044498355598	0.496765332517966	0.706996907082503	-0.854907579316374	-0.85921173556905	-0.0960661450259495	-0.227426550971545	-0.139818370223348	-0.440594905065948	0.458553429541253	-0.986476356254984	0.114654135544758	-0.27977401549879	-0.993886175629903	-0.0952280273236892	-0.393459684164319	-0.393459684164319	-0.393459684164319	-0.393459684164319	-0.393459684164319	-0.393459684164319	-0.393459684164319	-0.393459684164319	-0.393459684164319	-0.393459684164319	-0.393459684164319	-0.393459684164319	0.365528129948321	0.845773960169128	0.214854482424855	0.548886282123614	0.455225289534363	0.651235666218215	0.200084521997315	-0.0625592653986837	1.06732839276311	0.53078585649687	2.08552309211844	0.532601807173172	0.813014081142334	0.196806245211946	0.552476008200251	1.08314015891123	-0.278633413567274	0.652669258832482
0.873926941826255	0.873926941826255	0.873926941826255	0.873926941826255	0.873926941826255	0.873926941826255	0.873926941826255	0.873926941826255	0.873926941826255	0.873926941826255	0.873926941826255	0.873926941826255	-0.0172782202833242	-0.0269878493120101	0.263602096313988	-0.272929124994958	0.442758660303988	-0.201789771801224	1.07535865783551	1.69545291469597	1.91283270915814	1.63794212243681	1.28589615823972	-0.770035899786088	0.5034279441641	0.557837936899878	0.557837936899878	0.663690472126501	0.136900843817212	0.118270125195518	0.5034279441641	0.118270125195518	0.503427944164098	0.843307072174964	0.0855028051077192	0.503427944164103	-1.49268714597848	-0.722243998765792	-1.27760592561567	-1.20875378365015	-1.7034179266044	-0.669661031520401	2.21432260821896	2.42274022733238	-1.22813317942997	-1.02957520407687	0.811513759828358	-0.552287610532818	-1.72218040959058	-1.37936181439616	-2.27814606440727	-2.01452361160285	-0.792421692653273	-0.261978166619921	-2.13132223258258	-1.1282997781134	-1.8509461305366	-3.01632528747867	-1.30878193439704	-1.93804873125135	-0.583205700782177	-0.583205700782177	-0.583205700782177	-0.583205700782177	-0.583205700782177	-0.583205700782177	-0.583205700782177	-0.583205700782177	-0.583205700782177	-0.583205700782177	-0.583205700782177	-0.583205700782177	1.86363504035796	0.853361572070963	1.6614987477657	0.360849824633646	0.348518734941048	2.21003245699659	1.07393926570561	0.399913414927977	-1.21977051579533	1.41826691864053	0.0415581476983099	0.506868732899539	1.35302233730017	1.40373654093117	2.37218956883671	1.16817698453788	0.649331455455471	-0.149272352798187
-1.12540861275332	-1.12540861275332	-1.12540861275332	-1.12540861275332	-1.12540861275332	-1.12540861275332	-1.12540861275332	-1.12540861275332	-1.12540861275332	-1.12540861275332	-1.12540861275332	-1.12540861275332	-0.0901506150252387	0.288575450590085	0.411680665456548	0.550995098328099	0.425713062399891	1.02882706059332	1.4226033875012	0.926366315739881	1.31457625707177	0.42745831735054	0.767071564915383	0.120169868146022	-0.33075821056942	-0.68627192519316	-0.68627192519316	-0.0726962995759242	0.100558480010064	-0.0991183366430843	-0.33075821056942	-0.0991183366430847	-0.330758210569418	-0.443515304161061	0.0799970202031515	-0.330758210569424	-0.76549661093426	-1.61687350747325	-1.01309367820249	0.0718108120406212	0.891609202033123	0.248662624932865	-0.601996832480333	-0.619512154870813	0.760885647784447	0.585408692102568	0.17301665338367	-0.0554910644773727	-0.697128569441566	-1.11442870294315	0.748244495720644	-1.12362734689036	-0.462624684166721	1.13038806100291	-1.27597231588981	0.721925999631489	1.24092989385757	-0.476597138111451	0.659405739588246	0.825107236780554	1.02926729533322	1.02926729533322	1.02926729533322	1.02926729533322	1.02926729533322	1.02926729533322	1.02926729533322	1.02926729533322	1.02926729533322	1.02926729533322	1.02926729533322	1.02926729533322	1.41980434459165	-0.0914928670911658	0.18392475685272	-0.0450128522869056	1.29041447821432	1.80873981655455	0.379482879173326	-0.659232959173048	0.167021240412194	0.347224345813548	-0.994984339218371	-0.276847955393678	0.283121718245417	-0.0930684700027575	0.604249221893579	0.039959415166657	-0.406747716155428	-0.229404381425821
0.615468848790782	0.615468848790782	0.615468848790782	0.615468848790782	0.615468848790782	0.615468848790781	0.615468848790782	0.615468848790782	0.615468848790781	0.615468848790781	0.615468848790781	0.615468848790781	0.0645262076945805	0.814150165197379	0.467934395165852	-0.554756267104067	-0.680026393159706	0.17961386844344	-1.60447993936992	-2.08738004064385	-1.1243538689623	-2.14617946407557	-0.410938794584056	-0.000208585371521916	1.30784324067807	1.24523398936297	1.24523398936297	0.697015209853395	0.919099338588085	0.952678919329609	1.30784324067807	0.952678919329609	1.30784324067807	0.856344222708774	1.39011016852171	1.30784324067807	-0.024420806783023	1.60241470814288	0.789359951402132	-0.0571680833532373	-1.33084624788023	-0.367631938684946	-0.859958628609677	0.216042749422863	0.547441678024161	-0.206908793336674	-0.328746021947185	-0.0540336929902773	-0.742951728488091	-1.50131433779474	-0.32822655027824	-1.02287973988638	0.562608732110772	0.51740545882692	0.149907936379645	-0.429717726902025	1.31924168314628	-0.532088473996311	0.201331113990597	0.75366496587278	-0.449538406139498	-0.449538406139498	-0.449538406139498	-0.449538406139498	-0.449538406139498	-0.449538406139498	-0.449538406139498	-0.449538406139498	-0.449538406139498	-0.449538406139498	-0.449538406139498	-0.449538406139498	1.40898822992679	0.969071055334599	0.0690152045781781	1.921716308234	0.562845083844651	0.115944257113807	2.39609268047526	1.51252309086285	-0.251574095062811	0.534253049424801	-0.428594442193036	-0.341407915400601	-1.63004809097099	0.334775365232729	-0.943965372048294	-1.58703085204424	0.327711042279527	-0.271088750617999
-0.0888996663094652	-0.0888996663094652	-0.0888996663094652	-0.0888996663094652	-0.0888996663094652	-0.0888996663094652	-0.0888996663094652	-0.0888996663094652	-0.0888996663094652	-0.0888996663094652	-0.0888996663094652	-0.0888996663094652	-0.219441353610395	0.435131563640249	0.0402572520140625	0.778494684269979	-0.372531307322347	-1.05827002152324	-0.311671065064601	-0.0103193634377919	-0.253467378910042	0.803637775003371	0.944249520969927	-0.674874866866501	0.733089856912736	0.638521788015615	0.638521788015615	0.414051113533237	0.47680108750145	0.720622544132882	0.733089856912737	0.720622544132881	0.733089856912737	0.747581594865879	0.900367230066462	0.733089856912736	0.510936528849469	0.775906078129732	0.276342567030319	-0.27607460662709	-0.376315757892148	-1.39380627709146	-0.800877031703449	-0.103895480747131	-2.08665631503849	-1.1566993271159	0.208104412381806	0.03657102240466	0.357759008905249	0.447367638170174	0.453142954364803	0.847972878608753	-0.713699381100064	0.0674687994695064	0.145089490014396	0.202177502375323	0.0564255010073129	0.635076368741442	-0.617489371581266	0.416722075016347	-0.34495529139006	-0.34495529139006	-0.34495529139006	-0.34495529139006	-0.34495529139006	-0.34495529139006	-0.34495529139006	-0.34495529139006	-0.34495529139006	-0.34495529139006	-0.34495529139006	-0.34495529139006	1.43875933299614	1.60261693091652	0.84565222578721	0.267118143349629	0.371967856148835	1.22372151218179	0.598781170010287	0.521143517424137	-0.0629599214685087	1.03195246028781	-0.651460486712103	0.252804128096847	-0.252557585958573	0.35826227890684	-0.305877683070473	-0.316026237711058	0.464438411395193	-0.152841439853415
0.189144268935955	0.189144268935955	0.189144268935955	0.189144268935955	0.189144268935955	0.189144268935955	0.189144268935955	0.189144268935955	0.189144268935955	0.189144268935955	0.189144268935955	0.189144268935955	0.634514335007698	-0.446780738114011	0.818991764783821	3.09392687414798	0.337475004888514	1.74452283168163	2.91461886232083	0.256910721319977	0.311009799573622	0.919296907112689	-0.972212908145639	1.10344176931038	0.778068666949475	1.20513930278221	1.20513930278221	0.490248078765095	0.398583073433143	0.496350968806988	0.778068666949475	0.496350968806988	0.778068666949476	0.586664616112968	0.864689654071488	0.778068666949473	-0.482148807191727	0.0375287258310053	0.707358062750808	1.11563810608111	0.354510367950921	-0.131277722734515	-0.0204646427720701	0.344151847099257	-0.728843489019486	0.468567411207323	0.29401060900452	-0.205558574346122	0.714739058124132	1.62760037390982	1.65576628268962	1.24011478365639	2.74353734523051	2.35406028643266	1.98535115854816	2.62950792714844	2.76751369008502	1.91868076710451	1.7434584991473	1.74802485908985	0.178889844598483	0.178889844598483	0.178889844598483	0.178889844598483	0.178889844598483	0.178889844598483	0.178889844598483	0.178889844598482	0.178889844598483	0.178889844598483	0.178889844598483	0.178889844598482	0.142387953831296	0.481234113549665	-1.12446405328679	-0.359482887275796	-0.389362163829858	0.507948152976832	-0.345885215986117	-0.0177894844086481	-0.394165615410225	-0.454587034270973	-1.05025282284877	-1.44776387580265	-1.63918776799386	-1.28599764449454	-1.07845381519211	-1.60551399617295	-1.45130547354781	-0.49588165082274
1.10130818943805	1.10130818943805	1.10130818943805	1.10130818943805	1.10130818943805	1.10130818943805	1.10130818943805	1.10130818943805	1.10130818943805	1.10130818943805	1.10130818943805	1.10130818943805	-1.43434114606768	-1.05608435539896	-1.73143732452207	-1.96426382638661	-3.51073097590353	-1.71406760071766	-1.24972474457125	0.181547703557765	0.28149999004721	-0.174349938071911	-0.219519643031299	-0.443774646343466	-1.08060971055038	-0.809832780964129	-0.809832780964129	-0.747979460153024	-1.57105022686001	-1.74210658428108	-1.08060971055038	-1.74210658428108	-1.08060971055038	-0.857786287249925	-1.19705914950307	-1.08060971055038	-0.200069193790884	0.442071224283723	1.40988072734271	0.498497549848014	1.02120429753544	1.61711926966719	2.39223431474978	1.59551132391505	0.253214373820093	-0.650069609981879	0.38782082472811	-0.235350003957926	1.99138921802688	1.83190280390185	0.120624108175735	1.61063989520537	-0.561760340581593	-1.56604165433342	0.601704330653871	-0.547679457439638	-2.18480215223117	0.436162621846577	0.295107903175744	-0.331782680067209	1.1851990895224	1.1851990895224	1.1851990895224	1.1851990895224	1.1851990895224	1.1851990895224	1.1851990895224	1.1851990895224	1.1851990895224	1.1851990895224	1.1851990895224	1.1851990895224	-0.251055859631698	0.663871635023726	0.895004420596226	-0.35128272885568	-0.0570875750116874	0.406372979512832	0.246435900391525	0.539695614332697	1.61485128827231	0.8617584153809	2.70174571574792	1.50397389484721	3.06218572892976	-0.357505420241789	2.10196136633729	2.13392840737662	1.16536799902457	0.0108394714964409
0.546343637859791	0.546343637859791	0.546343637859791	0.546343637859791	0.546343637859791	0.546343637859791	0.546343637859791	0.546343637859791	0.546343637859791	0.546343637859791	0.546343637859791	0.546343637859791	0.342944188777359	1.3354246631218	0.580307262418227	0.50649127221261	2.38525130406877	1.96721970043166	2.33890318233788	2.81206975688251	2.81359705385652	1.47940921503957	1.37074674354174	-0.0566638832503785	-1.08134218615922	-1.22111647765931	-1.22111647765931	-1.56473966175632	-0.956238300267898	-1.30100188344471	-1.08134218615922	-1.30100188344471	-1.08134218615921	-0.803233069481073	-0.481977724439655	-1.08134218615922	-0.0544547561661563	0.0775876357682038	0.00073818991309297	1.69807831262097	1.31196072004045	2.21204022729146	1.04370353506143	0.707593730772725	1.5891093633482	1.00903963498548	0.463313960062425	0.231431059929211	-0.640905545034608	-0.315328687334707	-1.06275461832568	-0.231633133363192	-0.589082642321125	-1.26663826984454	0.103028562139323	-1.70264668459192	-1.79119799243243	-0.730978331011423	-1.35934472620955	-1.53733824674111	2.03298530197031	2.03298530197031	2.03298530197031	2.03298530197031	2.03298530197031	2.03298530197031	2.03298530197031	2.03298530197031	2.03298530197031	2.03298530197031	2.03298530197031	2.03298530197031	-0.470537360703284	0.519404025034877	0.443291077449337	-0.00153493804893822	-0.0172750135933527	1.09651979295752	0.366454455120371	0.711194341057147	1.38547708739356	1.21737431633671	0.0943797885525741	0.132041272612183	0.988931452543782	0.34922754698079	0.849887775961917	0.74837262376613	-0.602647633089774	-1.13496668504661
0.963312887587172	0.963312887587172	0.963312887587172	0.963312887587172	0.963312887587172	0.963312887587172	0.963312887587172	0.963312887587172	0.963312887587172	0.963312887587172	0.963312887587171	0.963312887587172	0.68472004564725	0.419422820886468	-0.0706683104483778	-0.262961847029291	-1.54105665345767	-0.0585739998608072	-0.657341724021421	-0.483251511498108	-0.0708279525493711	0.299974870430032	0.0704109992411809	1.06865508162162	-0.529415926237938	-0.691395612284027	-0.691395612284027	-0.534218731340405	-0.983830035248603	-0.888418513995551	-0.529415926237937	-0.888418513995551	-0.529415926237938	-0.420238957231916	-0.359192523921936	-0.529415926237934	0.515992631162098	0.289703714137938	-0.554738924850929	0.498679333539395	0.044166552483301	1.3628200927367	1.20463904989053	1.05600370752442	0.0997665805318917	-0.7383236770647	1.00916641120028	0.514067232075599	-3.01364710665118	-2.1331022508472	-3.0215665201866	-1.72513514310313	-3.0401271146652	-2.17022342687973	-2.81435395848451	-2.55626618337916	-3.14723952725339	-3.09948889775929	-1.73701582815167	-2.43762568754319	0.0949560866061403	0.0949560866061403	0.0949560866061403	0.0949560866061403	0.0949560866061403	0.0949560866061403	0.0949560866061403	0.0949560866061403	0.0949560866061403	0.0949560866061403	0.0949560866061404	0.0949560866061402	-0.284116068164567	-0.779084000714593	-0.652236417861367	-0.21091503096521	-0.0836590138084717	-0.109250484386487	-0.90809431170966	-1.07556955056818	-0.127676627272145	-0.579232195688275	-0.969111332361501	0.917518482890515	-0.138299399096662	1.37527321218114	-0.788751452830709	-0.630069300782105	-0.842858588582206	-0.0142175511622473
1.16864653572576	1.16864653572576	1.16864653572576	1.16864653572576	1.16864653572576	1.16864653572576	1.16864653572576	1.16864653572576	1.16864653572576	1.16864653572576	1.16864653572576	1.16864653572576	0.523013637147828	0.496384154368102	0.550687210558861	-0.700018570015432	1.01492615574573	0.0178893230167268	-1.15286251851366	-0.598306232634677	0.213519249622316	0.0612566959889804	0.329389124805964	-0.834415630164608	-0.928774230662746	-0.72767066390318	-0.72767066390318	-0.737665502386935	-0.591555657332019	-0.776327413069117	-0.928774230662746	-0.776327413069117	-0.928774230662747	-1.1752004839133	-1.19063142998013	-0.928774230662744	0.381139459036016	0.464261282541495	0.227533058101523	-1.32757385039639	-0.451147761863063	-0.497371271264884	-0.755235498369376	-0.265703575267895	0.199840950394091	-1.09032316724276	-0.192973653313073	-0.091839501059058	0.980888257505559	1.27129364755106	0.175863717377317	1.26466011996533	-0.0907128938586157	0.0485626684049037	1.01946533694271	0.539099050249113	-1.1234773805348	0.800801620952437	0.519405002879421	-0.124243056695729	-0.42714820206013	-0.42714820206013	-0.42714820206013	-0.42714820206013	-0.42714820206013	-0.42714820206013	-0.42714820206013	-0.42714820206013	-0.42714820206013	-0.42714820206013	-0.42714820206013	-0.42714820206013	0.111947500878377	0.704956953635133	0.000840346449482711	0.545523210359166	-0.564819251124037	1.10700449559908	0.365516130320702	1.09382203366015	0.706490959115824	-0.368033709609594	1.27562234661394	2.42437175188137	1.87835865928618	1.6531488967389	0.525182104469795	0.0737349657227945	-0.338435557155621	0.533731755704825
-1.07959037269813	-1.07959037269813	-1.07959037269813	-1.07959037269813	-1.07959037269813	-1.07959037269813	-1.07959037269813	-1.07959037269813	-1.07959037269813	-1.07959037269813	-1.07959037269813	-1.07959037269813	-0.423320646376481	-0.124352822358937	-0.67182569095598	-1.01278394884544	1.13537920694444	0.615503963169042	-0.140584281527514	1.58699817559436	1.92830310081823	1.15683554302183	-0.6979125284114	-2.09643434155746	-2.63045947654999	-2.43698061725811	-2.43698061725811	-2.45795763807623	-1.93401106432349	-2.44105247454092	-2.63045947654999	-2.44105247454092	-2.63045947654999	-2.65272597438136	-2.96817882920862	-2.63045947654999	0.223704108040699	0.302034501314166	-0.391597209871176	0.4958017271752	0.219712096148119	-0.266135756462375	0.238901353504209	0.712054880431447	-0.662610635734748	1.10697321773002	-0.0662845325759754	0.739969640238944	-0.0173625087942267	-0.400260987763674	1.08568433467591	-0.0423327388722375	-0.745339255721167	0.49884299553849	0.690485485674602	-1.04719320014177	-0.0156593786793289	-0.370580746529141	-0.523267759709074	0.0368041691351416	-0.932320056921029	-0.932320056921029	-0.932320056921029	-0.932320056921029	-0.932320056921029	-0.932320056921029	-0.932320056921029	-0.932320056921029	-0.932320056921029	-0.932320056921029	-0.932320056921029	-0.932320056921029	1.05102674202019	1.28278428815995	1.17979952236215	0.75098424008052	1.25617406591509	2.52532226917782	1.37744656825903	1.56571901796099	2.33924182601164	1.85962170211564	-1.04929957544515	1.19315828793977	-0.00246711296393543	1.22741537082803	-0.89087602927522	-0.253988984705133	0.231415918388308	1.01255182244545
0.464158704231411	0.464158704231411	0.464158704231411	0.464158704231411	0.464158704231411	0.464158704231411	0.464158704231411	0.464158704231411	0.464158704231411	0.464158704231411	0.464158704231411	0.464158704231411	-1.54835355959149	-1.72627186309416	-1.65797355975442	1.35442744720601	-0.75846877489502	0.575591594286945	0.490295021610837	-0.415459100363467	-1.2669512375624	-0.645313968570975	-2.17349516268206	0.0879135567535023	-0.61558737366229	-0.687902980320457	-0.687902980320457	-1.67719824047611	-0.476348009326712	-0.293591839040197	-0.61558737366229	-0.293591839040197	-0.615587373662291	-0.96776090831194	-0.344504267242436	-0.615587373662287	-0.543360997232193	-0.194528000287888	-1.59505577420601	-1.93908379821307	-1.74825097690159	0.0942812444439161	1.90589993247188	1.85399376746964	-0.402829223514381	-1.78401890337648	0.231304729970253	-0.280135184515746	0.128506802127499	-1.00202759197347	0.340961950140776	-0.635265804236841	-0.663144733219665	0.568773940477409	-0.0204071528386586	0.733363785422598	1.28510523329467	1.77887319827248	-0.397539834384402	0.880110269295223	1.80930879238344	1.80930879238344	1.80930879238344	1.80930879238344	1.80930879238344	1.80930879238344	1.80930879238344	1.80930879238344	1.80930879238344	1.80930879238344	1.80930879238344	1.80930879238344	-1.01104075076878	-0.966683873398561	-0.0339912930314908	-1.5850513066905	-1.87534817221119	-1.37474438599866	-0.87743315889596	-1.15069680201552	-1.8541308482879	-1.0356290255148	-0.0454656804008872	-0.441960155793644	-0.0975333495938686	-0.941494112814339	-0.0440276263153307	-0.689800928808478	-0.61037054760527	-1.25802149935993
-1.66054951899369	-1.66054951899369	-1.66054951899369	-1.66054951899369	-1.66054951899369	-1.66054951899369	-1.66054951899369	-1.66054951899369	-1.66054951899369	-1.66054951899369	-1.66054951899369	-1.66054951899369	0.398942339907514	0.692199470703049	0.401122964508643	-1.18795599937674	0.348252141107189	-0.458358055338709	-0.332307362570313	0.0638685307277695	0.853881367920286	0.899213130533966	-0.211792597769647	-2.34025274890221	-0.467020607423167	-0.337192267806677	-0.337192267806677	-0.594141098297006	-0.943653540158685	-0.490386559954505	-0.467020607423167	-0.490386559954506	-0.467020607423165	-0.594698134815661	0.230049665118411	-0.467020607423172	-1.0251892276756	-1.03920559161745	-1.06538275487968	-1.50328018349004	-2.33674228977231	-1.61579919983696	0.0752944583981181	1.73701747828166	-2.03224613232326	-0.749070914478192	0.726803597694251	0.231876799825268	0.880130236447836	0.497979873248068	0.902580197776558	0.523371255241527	-0.13142370812735	2.26457644221602	-0.661434411955895	1.66833872177214	0.795570213466827	0.206268425702515	1.54695211593401	1.02190616193189	-2.19987078108643	-2.19987078108643	-2.19987078108643	-2.19987078108643	-2.19987078108643	-2.19987078108643	-2.19987078108643	-2.19987078108643	-2.19987078108643	-2.19987078108643	-2.19987078108643	-2.19987078108643	-1.58888728643158	-2.58068438596399	-1.99557946286201	-1.45977837771097	-1.27051212055902	-1.34608272775771	-1.67176028643085	-2.24247269664043	-1.60562506421231	-1.30076847443848	-0.249824040301852	-0.723489528955328	-0.37911329298672	-1.34113542249578	0.0108959248888258	-1.4969301575773	-1.63133410474746	-0.863835298021823
-0.485841022032862	-0.485841022032862	-0.485841022032862	-0.485841022032862	-0.485841022032862	-0.485841022032862	-0.485841022032862	-0.485841022032862	-0.485841022032862	-0.485841022032862	-0.485841022032862	-0.485841022032862	1.87829599104862	1.61298134670189	1.74340983608516	-0.915046215640837	1.87710633950827	-0.806962724510295	0.611501830157088	1.77349029354006	1.82314538634073	2.05768413899498	2.10112823268665	-0.0745928154032173	-0.649906840517172	-0.646893543431928	-0.646893543431928	-0.831939954491463	-0.790771172305611	-0.620694469622607	-0.649906840517172	-0.620694469622607	-0.649906840517174	-0.789898939169134	-0.725836516395984	-0.649906840517168	0.0915301996825852	-0.786678060365298	-0.385286940795177	0.451978330684266	0.980060153125317	0.657298802349638	0.607813715666111	0.397278742165691	0.405079226650477	0.234712809319776	1.2160506445164	1.07797742442022	1.76115976201725	1.43180225475167	2.82777955609863	2.26955249517806	0.264314662716156	2.96032167020141	2.69089030069102	2.06310292410139	1.62625725965559	2.53615638294614	1.26082134419999	1.60373212211014	0.10987180221144	0.10987180221144	0.10987180221144	0.10987180221144	0.10987180221144	0.10987180221144	0.10987180221144	0.10987180221144	0.10987180221144	0.10987180221144	0.10987180221144	0.10987180221144	0.408857543062212	-0.737224797751203	-0.646834190588587	2.28959404855912	0.860535264968857	-0.320662044105917	1.16731608128778	0.779130380730171	-0.466545614215629	0.533920632303088	2.54582528993724	0.997410596539175	1.03484126505059	0.921920917826789	1.42675150773887	0.0934335585981474	-0.355840292591503	0.470090932416242
0.86484851230375	0.86484851230375	0.86484851230375	0.86484851230375	0.86484851230375	0.86484851230375	0.86484851230375	0.86484851230375	0.86484851230375	0.86484851230375	0.86484851230375	0.86484851230375	1.51216887140024	0.761139179985809	1.71922541767693	0.549017946510471	1.88943235842464	-0.226837179798492	1.5247447520313	1.83919941499803	1.79176443297429	2.18708441744237	2.79109511952009	0.843011536518768	0.704132332165458	0.919650973930258	0.919650973930258	1.01782892589513	0.247965050124736	0.521163917521947	0.704132332165457	0.521163917521948	0.704132332165457	1.18184312815242	0.476041161832487	0.704132332165456	-0.684108594769371	0.224664805556066	0.861401442352655	-0.238776427793054	-1.58698487507531	-1.15010022173315	0.315943351813558	0.410570848528283	-1.65652117728526	-0.257860762350617	-0.669966551030541	-1.45362387288229	-1.75432208138941	-1.84368846187089	-0.904323200851631	-1.71981772329792	-0.780533199926679	0.0321701857202232	-1.21270976935236	0.0789316129133405	0.0554694318762367	0.0792371934728777	-0.969717093514229	-1.14009091271515	0.158519652626558	0.158519652626558	0.158519652626558	0.158519652626558	0.158519652626558	0.158519652626558	0.158519652626558	0.158519652626558	0.158519652626558	0.158519652626558	0.158519652626558	0.158519652626558	0.524448074531783	-0.225156533311525	-0.377624350011377	0.832334794590536	0.460574196894516	0.701541094495616	0.498737406142154	0.40408995939268	0.00288405172279305	0.125237241707576	1.5974847539102	0.542384513307081	0.916694897640199	0.0838595420985404	0.891759605844176	0.579523625126656	0.627845501769916	1.40824380705825
-1.03504623618217	-1.03504623618217	-1.03504623618217	-1.03504623618217	-1.03504623618217	-1.03504623618217	-1.03504623618217	-1.03504623618217	-1.03504623618217	-1.03504623618217	-1.03504623618217	-1.03504623618217	0.311161573684924	0.278908155723698	-0.848785756233568	0.580440100950013	0.969128459248862	2.35161091865869	1.37840064472772	1.09632884279226	1.02306591668303	1.37652633500751	-1.41625364525248	-0.998944198665082	0.874180026207444	0.814027620752454	0.814027620752454	0.244543588507542	1.28597665999017	0.999354899510988	0.874180026207443	0.999354899510988	0.874180026207444	0.604141780445147	0.814655195550632	0.874180026207444	0.97706699734385	0.0692040516843642	-0.902682395635954	-2.70714596706825	-1.84694989845431	-2.27420686727908	-1.5486407583996	-1.50612215011161	-0.15973866085473	-1.98769980560574	0.61354776116798	0.612599269885256	0.157939381145286	0.1630662537286	0.124796110591894	-0.0687789937231512	0.204907246280026	-0.713118482146872	0.14585553820978	0.432014971841593	0.786803405055219	0.94074641524503	0.766378466281507	1.18906861682857	-1.09813881618943	-1.09813881618943	-1.09813881618943	-1.09813881618943	-1.09813881618943	-1.09813881618943	-1.09813881618943	-1.09813881618943	-1.09813881618943	-1.09813881618943	-1.09813881618943	-1.09813881618943	-0.180260236825186	-0.527732452131032	-0.259165075587464	-0.433595775796121	-0.712004661827715	-0.762472982319861	-0.268946973454214	-0.60880552178984	-0.204501369656988	-0.607546176897232	0.278951827108305	0.272958856109073	-0.232243638696906	0.881073308016754	1.15508800716125	0.738838083079508	-0.809807649621827	-0.450975740046868
-0.0349375398216037	-0.0349375398216037	-0.0349375398216037	-0.0349375398216037	-0.0349375398216037	-0.0349375398216037	-0.0349375398216037	-0.0349375398216037	-0.0349375398216037	-0.0349375398216037	-0.0349375398216037	-0.0349375398216037	1.36374256799614	0.63545298774416	1.57777668204535	0.415540865035054	1.85430657478794	-0.0872803507646853	2.09231980384578	2.57771035661222	2.92958321013667	3.17806970985871	1.88960968796774	-0.421617341593721	-1.2729969499481	-0.79097862851287	-0.79097862851287	-1.5625420256615	-0.988633865235316	-1.10528784255159	-1.2729969499481	-1.10528784255159	-1.2729969499481	-1.3035486043264	-1.75196700661351	-1.27299694994809	1.19380199243371	-0.565765517640679	0.264447464318237	0.0825537509177328	0.171071267725263	-0.0438840100808215	-0.737098272438269	0.0849484639920226	0.190254681832797	1.02386259899738	1.26870686320058	0.171525734930609	-0.392162983783653	-0.846594090981397	0.664381906884605	-0.51187545569166	-0.123250531910792	-0.0552516117634182	0.368559435697358	-0.868545271319243	0.293810158436825	-0.449985415099235	-0.675897000580905	0.206510956228507	-0.349980281355695	-0.349980281355695	-0.349980281355695	-0.349980281355695	-0.349980281355695	-0.349980281355695	-0.349980281355695	-0.349980281355695	-0.349980281355695	-0.349980281355695	-0.349980281355695	-0.349980281355695	1.13887983759137	-0.139680672960365	1.76599651219402	0.0723606472346006	1.16332997008814	0.631283347334064	0.165076647663315	-0.228889848381938	-0.124339181513746	0.719204215902137	0.108623644660474	0.430914790388864	0.726340839441473	0.593549665557119	1.43134903986126	1.91003226623509	1.01542817506428	0.833645119604361
-0.379185985104902	-0.379185985104902	-0.379185985104902	-0.379185985104902	-0.379185985104902	-0.379185985104902	-0.379185985104902	-0.379185985104902	-0.379185985104902	-0.379185985104902	-0.379185985104902	-0.379185985104902	0.258203268551078	1.91263305524886	0.294921130337064	1.92062677183367	2.23754515373711	2.40653132051088	0.174265813469638	0.528471485439308	0.142991918586818	-0.691120958333357	0.687427305917459	0.625507789768562	0.550698250693724	0.235284977881995	0.235284977881994	1.33328452274075	0.288409053552607	0.312189619604182	0.550698250693724	0.312189619604182	0.550698250693726	0.478294618549136	0.860481092490204	0.550698250693721	0.93539683734222	1.35400864429755	0.813294865904052	0.988768835099077	1.02778174114081	1.71457792123638	1.45316558911939	1.88023858019668	0.55297558683421	0.954449957528845	0.151492862159102	1.40289944977249	1.97592713208258	0.89810768077357	1.17056291689634	1.09761245745392	0.706390801992204	0.492077333055139	0.58477628584054	1.55278197949625	0.920893584138271	1.75464255613396	1.43727633866325	1.34313874451435	0.854454968755924	0.854454968755924	0.854454968755924	0.854454968755924	0.854454968755924	0.854454968755924	0.854454968755924	0.854454968755924	0.854454968755924	0.854454968755924	0.854454968755924	0.854454968755924	-0.684607551017561	-0.676128034389049	-0.810094201327742	-0.153271228504323	-0.086923763413829	-0.474057664436071	0.455081126842526	0.562695803364337	-0.0819322552196739	0.263454718290181	-1.23391027900139	-0.857608690143987	-1.15452570929222	-0.573426219017661	-0.749441275194823	-2.05267627351378	-1.58461243230032	-1.29862448824052
0.235783904021852	0.235783904021852	0.235783904021852	0.235783904021852	0.235783904021852	0.235783904021852	0.235783904021852	0.235783904021852	0.235783904021852	0.235783904021852	0.235783904021852	0.235783904021852	0.643333397954228	0.719473584759402	0.413803740512394	-0.888493214119863	0.247407974879621	-0.899023600943979	-0.652356368835917	0.927338112268813	1.099891601872	1.11726736031324	1.21742498867809	-0.548584007871291	-0.224964320304731	-0.404986208672234	-0.404986208672234	0.289675323019678	-0.478129201977683	-0.327899555591982	-0.224964320304731	-0.327899555591982	-0.224964320304731	-0.162289588374816	-0.0953160610423296	-0.224964320304732	-0.64815469149899	-0.171186524166176	-0.52160103581949	-0.30665899089037	-0.246322961315699	-0.553905869572173	0.833467500873399	1.52342525476878	0.258542120726376	-0.129790323892594	1.78091161131912	0.493310934738337	-1.18959165381567	-1.82218247786112	-1.10846252216359	-2.21519998874253	-0.703214271534505	-0.886634674426263	-1.41955291220024	-0.507403457978803	0.122777427442463	-1.15970582565642	-1.44650208496382	-1.00829184362552	0.708451869778819	0.708451869778819	0.708451869778819	0.708451869778819	0.708451869778819	0.708451869778819	0.708451869778819	0.708451869778819	0.708451869778819	0.708451869778819	0.708451869778819	0.708451869778819	1.84625637672773	1.29198219670108	0.303462228131295	0.904641633871258	1.81613129640294	0.457875254369685	0.443979868696138	0.491294517016372	-0.278812360045039	0.235666679680045	-0.233606591379112	-0.542566676158916	-0.0811468879111652	0.451679686235121	1.04823669416035	0.58249746955546	0.252842992270444	0.291531255793845
-0.441309936117279	-0.441309936117279	-0.441309936117279	-0.441309936117279	-0.441309936117279	-0.441309936117279	-0.441309936117279	-0.441309936117279	-0.441309936117279	-0.441309936117279	-0.441309936117279	-0.441309936117279	-0.952287726083357	0.297968523757985	-0.804608589343389	-1.51268759746766	-1.13403454762275	-0.297980013143322	-1.36826865957602	-0.714202225651654	-0.117864051344255	-1.17491365541582	-0.544348133666228	-1.04634757060539	0.175633286319793	0.822555662059055	0.822555662059056	0.0203734337260228	0.544755654577994	0.508654997142507	0.175633286319792	0.508654997142506	0.175633286319794	0.355295577348802	0.0859539169103613	0.175633286319785	-0.367472481665771	-0.952125337497731	-0.0759499479347179	0.128793838459517	1.53857133428652	1.53147535131103	0.528276417921494	-1.28824015253309	1.84699028559294	0.439897877764077	-1.21918365743361	-0.900345458190058	-0.247873645549257	0.328346463292818	-0.243762148209883	0.679885411323798	-1.32013768633608	-1.2761296370195	0.424882864174654	-1.22483950370471	-1.53512371062696	-0.138521015639099	-1.55405736815736	-0.839937400597747	-1.87028535734894	-1.87028535734894	-1.87028535734894	-1.87028535734894	-1.87028535734894	-1.87028535734894	-1.87028535734894	-1.87028535734894	-1.87028535734894	-1.87028535734894	-1.87028535734894	-1.87028535734894	-0.432693672751707	-0.83420350698502	0.754250317280991	0.407319869604685	0.0613281330264425	0.309069813763672	1.43210068879728	-0.816266593011847	1.12673857430148	0.23064478944287	0.478679736414286	1.41419255553724	1.77797118034806	1.6718965422776	2.10715578898723	0.993861900668789	0.998152591062824	-0.409451142446038
1.05819397865038	1.05819397865038	1.05819397865038	1.05819397865038	1.05819397865038	1.05819397865038	1.05819397865038	1.05819397865038	1.05819397865038	1.05819397865038	1.05819397865038	1.05819397865038	-0.839740759846254	-0.931541736249224	-1.39583106172164	-1.00120339366162	-1.79668576336047	-0.345776300781056	-1.06859053789052	-1.0892904855815	-1.30880285221134	-1.14526647328105	-1.13956798003719	-0.27719214454684	-0.219495347220744	0.0820275546218138	0.0820275546218138	-0.176431131413396	-0.328070490054111	-0.331294389041409	-0.219495347220745	-0.33129438904141	-0.219495347220743	-0.0480681201041622	0.0390321870587158	-0.219495347220749	0.309585523886441	0.690971908523289	0.939078832593729	0.33413717890847	-0.089111920708722	-0.726503432611547	-1.31674522594996	-0.870382177565858	-0.617479382519913	0.378912644074202	-0.866438195219274	-0.345984958094281	0.171219450101221	0.734254206053692	-1.38380923870025	0.211711935570842	-0.102160681937175	-1.34407451240433	-0.852915038139401	-0.61227839842882	-1.61522052912505	-1.38933770892879	-0.791808531575844	-1.22919241737337	0.225197192669025	0.225197192669025	0.225197192669025	0.225197192669025	0.225197192669025	0.225197192669025	0.225197192669025	0.225197192669025	0.225197192669025	0.225197192669025	0.225197192669025	0.225197192669025	-1.43442688398619	-0.710240221149961	-1.49143694077958	-2.41756851077787	-2.18643430766407	-1.35024323624639	-0.917793900533017	-0.481283124460935	-1.38415784330477	-1.58200364992688	-1.13409778066564	-2.14628714632463	-0.884149570810493	-2.31539591739918	-1.02380063022006	-1.25424419885967	-0.55257113867481	-2.03385967069686
-0.476803647739029	-0.476803647739029	-0.476803647739029	-0.476803647739029	-0.476803647739029	-0.476803647739029	-0.476803647739029	-0.476803647739029	-0.476803647739029	-0.476803647739029	-0.476803647739029	-0.476803647739029	-0.253383758699846	-0.559279836808019	0.235330037347957	0.826226465832155	0.845581074976998	0.0390189570519298	1.40235129902403	0.319584507673727	0.064301710489868	0.758448212171181	0.225271404070656	0.166828211783918	0.120195818640067	0.364804546029145	0.364804546029145	-0.15129792966986	0.240883957300395	0.322626611287435	0.120195818640067	0.322626611287435	0.120195818640065	0.237701046786028	-0.330952809671596	0.120195818640069	0.438560371606989	1.46777417662068	2.01992232670902	-0.151175171685427	0.0138453948883636	-0.843190292240027	-1.19622133242044	-0.401902420453051	-0.836330636476652	-0.478658460088857	-0.913121991915631	-0.259631783507339	-1.58514553145117	-1.37025817873623	-1.33775413132174	-1.63524845227345	-1.50242968422877	-0.683752229005684	-1.15565555663115	-0.346181588385003	-0.542307722432784	-1.13506888947333	-1.80432595859455	-0.777012994744	0.660513289650634	0.660513289650634	0.660513289650634	0.660513289650634	0.660513289650634	0.660513289650634	0.660513289650634	0.660513289650634	0.660513289650634	0.660513289650634	0.660513289650634	0.660513289650634	-0.634056842070061	-0.998752806531563	-1.30819415705574	-0.760774980879169	-0.0663746806663346	-1.24524679130178	-1.2794898455735	0.0266004927770942	-0.899227711590093	0.184577628732677	-0.047630221663315	-0.377666429863219	-0.102819291695967	-0.781551407258977	-0.898132115642659	-0.736996554152895	-0.48527655471842	-0.451311196789395
2.24330322386161	2.24330322386161	2.24330322386161	2.24330322386161	2.24330322386161	2.24330322386161	2.24330322386161	2.24330322386161	2.24330322386161	2.24330322386161	2.24330322386161	2.24330322386161	0.794885903193214	1.18946759612371	0.595475004827232	1.31785729978795	1.55230881476722	1.33681267198533	1.77131571143762	0.577580942822141	-0.311344350267308	0.178127821052249	0.11279149752558	0.913750617223217	2.15837479588101	2.07695021804907	2.07695021804907	1.69714069043162	2.52787618756843	2.93854898592308	2.15837479588101	2.93854898592308	2.15837479588101	1.89567115875768	1.49579085247954	2.15837479588102	1.31646602367592	1.42133844607184	0.123251766120761	-1.41792506449009	-0.992001590732084	-0.602295147759502	-0.990496003476578	0.541001596911662	-0.244821191134319	-1.25481633479202	0.370699171661685	1.72655748334486	-0.532523658625041	0.633848269812917	1.09016803095307	0.984021030566086	-1.29340624870319	1.10196025687425	0.27980548646507	0.781064914869899	-0.311092779218857	-0.0266717478067255	-0.863637822477884	0.297946309500651	0.745915381992608	0.745915381992608	0.745915381992608	0.745915381992608	0.745915381992608	0.745915381992608	0.745915381992608	0.745915381992608	0.745915381992608	0.745915381992608	0.745915381992608	0.745915381992608	-0.0127642998944899	0.653086127127018	-0.623815826310332	-0.194867755693422	-0.469883765679888	-0.0864744507982572	-0.563726338854245	-0.392606125060452	-0.329374617576332	-1.36351047933518	-0.0666323942766435	0.434423166375102	0.365661653698581	-0.398149703859753	-0.501646202406545	-1.19477442039214	-0.670001409135493	-0.480056685219631
0.220844126250428	0.220844126250428	0.220844126250428	0.220844126250428	0.220844126250428	0.220844126250428	0.220844126250428	0.220844126250428	0.220844126250428	0.220844126250428	0.220844126250428	0.220844126250428	-1.72422071354846	-1.04568886850201	-1.45054644096129	0.556638644955382	-0.212831972737743	1.32064177800164	1.09956046122587	0.795525505038461	0.0589511888647208	-1.05800536586549	-1.3474971097811	-0.252102939408689	-0.100030530469144	0.113712175934745	0.113712175934745	0.471210448786707	-0.126495826284083	-0.113203294825056	-0.100030530469144	-0.113203294825056	-0.100030530469144	0.50287731589438	-0.51155237072547	-0.100030530469145	-0.416144541944921	0.607914010604505	-0.0901883711838377	-0.1014137868102	-0.0264883085434718	1.45464210666312	-0.800652889156836	0.887519978878551	0.914240811096816	-1.29773364615622	-0.0448119259431018	0.916492036046868	0.307673928439607	0.327855716020319	0.376547209665726	0.0102493089907252	0.926935212696639	-1.18394530497161	0.534871606590517	-0.14896771727762	-0.438474608894447	0.539315876694327	-0.145244214707933	-0.720876228981052	0.594547705024347	0.594547705024347	0.594547705024347	0.594547705024347	0.594547705024347	0.594547705024347	0.594547705024347	0.594547705024347	0.594547705024347	0.594547705024347	0.594547705024347	0.594547705024347	-0.404017872358197	-0.155665549737913	0.419513617619221	1.17690892304807	0.346324205604143	0.310964760262831	-1.10547922833477	0.0501088706584552	0.171712885356202	-0.150688331214036	0.497482960481998	1.17044536388279	0.252595141888211	0.408960198165563	-0.323296051674602	0.703610530929646	0.483141358409192	1.64823905032553
-0.713635353108298	-0.713635353108298	-0.713635353108298	-0.713635353108298	-0.713635353108298	-0.713635353108297	-0.713635353108298	-0.713635353108298	-0.713635353108297	-0.713635353108297	-0.713635353108297	-0.713635353108297	1.03455494730099	0.768037471390544	1.12597065723387	1.48904295466345	0.077553478891313	0.205676747028464	0.173978344082197	-1.75148304162074	-1.53356781623402	-0.324895606688273	0.291525412253583	1.03858585585661	-0.130939213902795	-0.611914322049345	-0.611914322049346	0.25104076788927	0.70769930171376	0.535684347000618	-0.130939213902795	0.535684347000618	-0.130939213902795	0.139805808739252	-0.363027150183566	-0.130939213902797	-1.68545948007819	-2.19886646931628	-0.373924352173341	1.19516877929157	-0.089893498029125	-1.10231028454687	-1.18627598291925	-1.34868459955302	-0.419908680273737	1.02630203127624	0.754453578986629	-1.20446739425433	-0.657373491840134	0.178021663044971	-0.6714144099938	0.0378847042870913	0.402139414759025	0.924787013597747	-0.625898409816742	-0.253984121083055	-1.21403487735157	-0.578520020713756	-0.794554677128036	-1.87980313513873	-2.01871717214806	-2.01871717214806	-2.01871717214806	-2.01871717214806	-2.01871717214806	-2.01871717214806	-2.01871717214806	-2.01871717214806	-2.01871717214806	-2.01871717214806	-2.01871717214806	-2.01871717214806	1.15034437661742	1.12066614544225	0.270602263143589	1.19624099701703	1.26007752100499	0.538121670099472	1.33278671248944	0.987089150568001	1.29341232415487	0.558357857263212	1.32504440912911	0.496186266508479	-0.287114535790991	0.607698297856652	-0.364845751622878	0.282058827899584	-0.0128016970662417	1.03888385075961
-0.492842609832067	-0.492842609832067	-0.492842609832067	-0.492842609832067	-0.492842609832067	-0.492842609832067	-0.492842609832067	-0.492842609832067	-0.492842609832067	-0.492842609832067	-0.492842609832067	-0.492842609832067	0.884483541329678	1.19996257389656	0.665963674458035	0.37767380186683	-0.247227309469382	0.509539332478818	-0.966737501930168	-0.981840703791982	-0.491512586494658	-0.950131325051568	-0.0123360506572261	0.457093051415774	-0.523699118120398	-0.812953649620817	-0.812953649620817	-0.796101216798425	0.246005394866092	-0.173366721708392	-0.523699118120398	-0.173366721708392	-0.523699118120397	-0.701826247000083	-0.349395833867732	-0.523699118120399	-1.42670305213918	-0.887425457527175	-0.685025857238088	0.825419861875996	2.01143022044713	0.41172443209704	0.613133040893773	-0.237204883428809	0.985981497445382	0.491816135306776	0.207436938224874	-0.386988537934903	-1.03579277604306	0.417772607485889	1.3154157503375	0.47961268600963	-0.244068483128548	0.0228226952587778	1.41666066839585	1.13150504780839	1.50186906971567	0.602827287351909	0.265210303173517	1.74245813616956	-0.609306297172801	-0.609306297172801	-0.609306297172801	-0.609306297172801	-0.609306297172801	-0.609306297172801	-0.609306297172801	-0.609306297172801	-0.609306297172801	-0.609306297172801	-0.609306297172801	-0.609306297172801	-1.87189173426589	-1.34570075004737	-0.0547101342643223	-0.664299591873467	-0.602084238418829	-1.71391702909102	-1.40669436645617	-0.0435389122487531	0.182062584009094	-0.888895816623691	1.14884764932709	0.56012964439475	0.778683244390775	-0.814315885919607	-0.184785442670456	0.64476325955863	-0.252588750770746	0.263851961885875
