-0.896468104413566	0.648044544080929	-2.58567138226727	-0.689626832330735	0.737573690793381	1.23967210597786	-0.209705806946095	-0.642664373930343	-1.7431694585956	-1.51075381238884	0.83475758026984	-0.220089837816383	-0.220089837816383	-0.220089837816383	-0.220089837816383	-0.220089837816383	-0.220089837816383	-0.220089837816383	-0.220089837816383	-0.220089837816383	-0.220089837816382	-0.220089837816383	-0.0495589925987299	-0.0495589925987299	-0.0495589925987299	-0.0495589925987298	-0.0495589925987299	-0.0495589925987298	-0.0495589925987298	-0.0495589925987298	-0.0495589925987299	-0.0495589925987299	-0.0495589925987299	-1.09516290711897	-0.82153806047614	0.566680795217328	-0.239985606075925	0.389309578582014	-0.263732023560337	-0.575119515035998	-1.07381593517866	-0.00372293086618195	-0.376058582505932	-0.575119515035999	1.22590601084643	1.22590601084643	1.22590601084643	1.22590601084643	1.22590601084643	1.22590601084643	1.22590601084643	1.22590601084643	1.22590601084643	1.22590601084643	1.22590601084643	-0.579823626171743	-1.50981383014631	-1.04266881325596	-1.82446604220684	-0.435336385763309	-0.0713067469379706	-0.579823626171743	-1.17185695951494	-1.08303586683465	-0.9047146062027	-0.0733190566272063	-0.720842085233408	-0.00831453113196108	-0.750131296238605	-0.547611516906946	0.759865656879326	1.41129822415438	1.13395633691863	1.26631663329301	1.36902435792282	1.20636537006828	1.19870484095371	-0.239288016612318	-0.239288016612318	-0.239288016612318	-0.239288016612318	-0.239288016612318	-0.239288016612318	-0.239288016612318	-0.239288016612318	-0.239288016612318	-0.239288016612318	-0.239288016612318	-0.239288016612318	-0.239288016612318
-0.0666191450123045	1.16103965659486	-1.18674961550663	-1.7034577477964	-0.300011644047157	-0.105705604467561	-0.285200222337256	-0.966101846352366	0.246970152629435	0.319029599077825	-1.55448249885295	1.48920620442601	1.48920620442601	1.48920620442601	1.48920620442601	1.48920620442601	1.48920620442601	1.48920620442601	1.48920620442601	1.48920620442601	1.48920620442601	1.48920620442601	-1.14561345721052	-1.14561345721052	-1.14561345721052	-1.14561345721052	-1.14561345721052	-1.14561345721052	-1.14561345721052	-1.14561345721052	-1.14561345721052	-1.14561345721052	-1.14561345721052	0.902971793313252	0.289376178945917	1.13162568608774	-1.17467405572427	-0.573528751919241	0.117276533397543	-0.507857497230786	0.563917191096876	1.02162796821285	0.609342728885648	-0.507857497230786	0.194558866952287	0.194558866952287	0.194558866952287	0.194558866952287	0.194558866952287	0.194558866952287	0.194558866952287	0.194558866952287	0.194558866952287	0.194558866952287	0.194558866952287	-0.344537467360558	0.358603047299218	0.00875230872254174	0.0565997792436847	-0.22291704035788	-0.124641469143658	-0.344537467360558	-0.513262705424496	-0.0556672456728328	-0.366704657257125	-0.305856605120229	0.288351444014061	-0.120939176883974	0.817549443921278	0.485868599745095	-0.931556895715809	0.747611895921914	-1.27837079271134	0.0873381777330129	1.0215532255987	1.85454176110526	0.924761234651207	-0.226291207390404	-0.226291207390404	-0.226291207390404	-0.226291207390404	-0.226291207390404	-0.226291207390404	-0.226291207390404	-0.226291207390404	-0.226291207390404	-0.226291207390404	-0.226291207390404	-0.226291207390404	-0.226291207390404
-0.462176263201952	-0.0690678732182514	0.649348881096168	0.392649375923677	0.641559487468798	1.0115209174305	-0.0958876716663435	0.420964378414261	-1.68923672485249	-1.28221988988024	1.00978990832178	0.61990471621633	0.61990471621633	0.61990471621633	0.61990471621633	0.61990471621633	0.61990471621633	0.61990471621633	0.61990471621633	0.61990471621633	0.61990471621633	0.61990471621633	-0.476645810405022	-0.476645810405022	-0.476645810405022	-0.476645810405021	-0.476645810405022	-0.476645810405021	-0.476645810405021	-0.476645810405021	-0.476645810405022	-0.476645810405022	-0.476645810405022	0.146114803984502	0.22787907213334	-1.15044489650139	-0.092036600617846	-1.01736731581345	-0.842239652244271	-1.08357728817404	-0.294894189656386	-0.939145239221037	-1.10037688998236	-1.08357728817404	0.223059588835443	0.223059588835443	0.223059588835443	0.223059588835443	0.223059588835443	0.223059588835443	0.223059588835443	0.223059588835443	0.223059588835443	0.223059588835443	0.223059588835443	-0.107077987974766	-0.0281442120654368	-0.0333602182582361	0.791732874532396	-0.440390237156815	-0.17027007112448	-0.107077987974766	0.524513553607111	0.445023872571079	0.469707260060743	-0.682949530282346	-0.606720083044468	0.806145547047507	-0.648329220244261	0.262043162211391	-0.531734216873343	-0.216440882277111	-0.823643566918695	-0.474073137848948	-0.183090008234479	0.348258905381944	0.139769639097679	-0.476462649182909	-0.476462649182909	-0.476462649182909	-0.476462649182909	-0.476462649182909	-0.476462649182909	-0.476462649182909	-0.476462649182909	-0.476462649182909	-0.476462649182909	-0.476462649182909	-0.476462649182909	-0.476462649182909
0.38503759625509	0.529735366466538	0.569924487353377	-0.310015956069513	-0.731330765469867	-3.03557492394385	-3.28441143862785	-1.14414464657458	-0.553436764319029	-2.02056798167483	-3.52291862017523	-2.14410786585155	-2.14410786585155	-2.14410786585155	-2.14410786585155	-2.14410786585155	-2.14410786585155	-2.14410786585155	-2.14410786585155	-2.14410786585155	-2.14410786585155	-2.14410786585155	-0.307447116731449	-0.307447116731449	-0.307447116731449	-0.307447116731449	-0.307447116731449	-0.307447116731449	-0.307447116731449	-0.307447116731449	-0.307447116731449	-0.307447116731449	-0.307447116731449	1.7354406892459	0.660041253739774	0.905689499169265	-0.018137155517617	-0.069538926457657	-0.087559772748648	-0.0791027821147726	0.945534299914763	1.52211604033689	0.50075304778297	-0.0791027821147733	-1.51755139351149	-1.51755139351149	-1.51755139351149	-1.51755139351149	-1.51755139351149	-1.51755139351149	-1.51755139351149	-1.51755139351149	-1.51755139351149	-1.51755139351149	-1.51755139351149	1.21497141884027	2.18401275150648	1.90844872362303	1.63703433655956	1.32478955371337	2.14688391863901	1.21497141884027	1.60936368266563	2.18484768531349	1.67359050544427	1.86533353115236	2.48578439373501	-0.520608973942669	2.64221453498242	1.67500944513338	-0.382260620014991	0.468357724167293	1.17541506621699	0.440393923859226	0.534929162099927	0.928761276835178	-0.265738014387105	1.2266917831584	1.2266917831584	1.2266917831584	1.2266917831584	1.2266917831584	1.2266917831584	1.2266917831584	1.2266917831584	1.2266917831584	1.2266917831584	1.2266917831584	1.2266917831584	1.2266917831584
-0.587640372885267	0.802246565783213	-0.709166162171486	0.569115153578412	0.489789515424807	-0.548085044621588	-1.13474625512743	0.85795134388505	-1.53975857120386	-1.3539633127164	0.569101999588295	0.459070691036383	0.459070691036383	0.459070691036383	0.459070691036383	0.459070691036383	0.459070691036383	0.459070691036383	0.459070691036383	0.459070691036383	0.459070691036383	0.459070691036383	-1.39895510194991	-1.39895510194991	-1.39895510194991	-1.39895510194991	-1.39895510194991	-1.39895510194991	-1.39895510194991	-1.39895510194991	-1.39895510194991	-1.39895510194991	-1.39895510194991	-0.282532219903098	-0.885792379921565	-1.22109508435759	-0.126405016677276	-0.308482222316107	-0.71066710698783	-0.317709404664071	-2.61844869306977	-1.33025433124578	-1.48060709123616	-0.317709404664072	-1.2717793936456	-1.2717793936456	-1.2717793936456	-1.2717793936456	-1.2717793936456	-1.2717793936456	-1.2717793936456	-1.2717793936456	-1.2717793936456	-1.2717793936456	-1.2717793936456	1.43663624802494	0.611711134596111	1.13179684813206	0.489543475007956	0.427608522810786	1.08298982673501	1.43663624802494	0.825506797556673	0.549855556882632	1.22890570534227	1.9716504137419	0.548429196996937	0.512547267269409	1.18453916614843	1.12671721111933	0.0978576091417246	0.477429410129665	0.0292959126496419	-0.490509870050508	0.30364237665646	-0.797923825098572	-0.346320275889686	1.07881038682366	1.07881038682366	1.07881038682366	1.07881038682366	1.07881038682366	1.07881038682366	1.07881038682366	1.07881038682366	1.07881038682366	1.07881038682366	1.07881038682366	1.07881038682366	1.07881038682366
-1.65427173220081	0.745738848035316	-1.11987345868296	-0.89723231118493	0.995114418676266	-0.24796105689322	-1.4700684794376	-0.793387763323994	-1.48817217367255	-1.97064004112164	-0.147394135264452	-0.214754858165344	-0.214754858165344	-0.214754858165344	-0.214754858165344	-0.214754858165344	-0.214754858165344	-0.214754858165344	-0.214754858165344	-0.214754858165344	-0.214754858165343	-0.214754858165344	-1.01275086819092	-1.01275086819092	-1.01275086819092	-1.01275086819092	-1.01275086819092	-1.01275086819092	-1.01275086819092	-1.01275086819092	-1.01275086819092	-1.01275086819092	-1.01275086819092	0.486997176693943	0.633079798348983	-0.169677714149645	1.3244585649016	0.497159442351165	0.438384761473733	0.623226066529254	0.76929377933661	-0.206395396884365	0.02292281706651	0.623226066529256	0.508912074542644	0.508912074542644	0.508912074542644	0.508912074542644	0.508912074542644	0.508912074542644	0.508912074542644	0.508912074542644	0.508912074542644	0.508912074542644	0.508912074542644	1.82873879189286	1.25475164879495	1.41020371758705	0.996045140991155	1.60420156391252	1.83923722261671	1.82873879189286	1.60265195018658	1.14998476209939	1.32869588549732	1.92204882081594	-0.0564507630353057	0.0249713709041655	-1.45643313031612	-0.241804507304041	-0.104373080039741	-1.56297739245964	-0.916466752636101	-1.26611595595323	-1.89444260385287	-1.08751362057559	-1.84696187014458	2.96889039065611	2.96889039065611	2.96889039065611	2.96889039065611	2.96889039065611	2.96889039065611	2.96889039065611	2.96889039065611	2.96889039065611	2.96889039065611	2.96889039065611	2.9688903906561	2.96889039065611
0.12728304126333	-0.243611035629994	-0.167357842308743	-1.08297736900417	0.170041503491484	0.0747105279780721	1.01909618624428	0.314501525007847	0.458475461297698	0.462019360166742	0.141403970023115	1.18104855320902	1.18104855320902	1.18104855320902	1.18104855320902	1.18104855320902	1.18104855320902	1.18104855320902	1.18104855320902	1.18104855320902	1.18104855320902	1.18104855320902	-0.395585701981333	-0.395585701981333	-0.395585701981333	-0.395585701981333	-0.395585701981333	-0.395585701981333	-0.395585701981333	-0.395585701981333	-0.395585701981333	-0.395585701981333	-0.395585701981333	0.543616235323354	-0.400637092482619	1.38751971256116	0.338334155500117	0.431796500900587	0.393708541608669	1.1790009600636	0.899183289990807	1.70637916577903	1.09403640299099	1.17900096006359	-0.962007190490645	-0.962007190490645	-0.962007190490645	-0.962007190490645	-0.962007190490645	-0.962007190490645	-0.962007190490645	-0.962007190490645	-0.962007190490645	-0.962007190490645	-0.962007190490645	-2.19356947142376	-1.58411275394306	-1.68747764707438	-1.53988412090413	-1.02237984454005	-1.53576349056964	-2.19356947142376	-2.43005844706043	-0.925482256792091	-2.37638116583936	-1.97599090597144	0.293674163997661	0.167870477411197	-0.739817412782427	-0.312718825199855	-0.109478725736209	-0.513405581403464	-0.577948108113446	-0.138969222662281	0.344228339542658	-0.635565435534882	-0.364008138382766	-1.95117901885677	-1.95117901885677	-1.95117901885677	-1.95117901885677	-1.95117901885677	-1.95117901885677	-1.95117901885677	-1.95117901885677	-1.95117901885677	-1.95117901885677	-1.95117901885677	-1.95117901885677	-1.95117901885677
0.0998424950102526	-1.023767172856	-0.0771630626879267	-1.02077777203446	-0.503017656114675	0.0764134870457734	0.914758792167998	-0.369051055355122	0.0691909523390015	0.271404561891814	-0.298079114914215	1.07520855000436	1.07520855000436	1.07520855000436	1.07520855000436	1.07520855000436	1.07520855000436	1.07520855000436	1.07520855000436	1.07520855000436	1.07520855000436	1.07520855000436	-0.500809037243486	-0.500809037243486	-0.500809037243486	-0.500809037243486	-0.500809037243486	-0.500809037243486	-0.500809037243486	-0.500809037243486	-0.500809037243486	-0.500809037243486	-0.500809037243486	1.27879415612475	0.540143846735781	-1.36809786459416	-1.35045651679327	-1.89542744332454	-0.510775238928113	-1.27471141357048	-0.324772257475325	-1.18120954118433	-0.697230115755323	-1.27471141357047	0.00550196357678888	0.00550196357678888	0.00550196357678888	0.00550196357678888	0.00550196357678888	0.00550196357678888	0.00550196357678888	0.00550196357678888	0.00550196357678888	0.00550196357678901	0.00550196357678888	0.48129995611388	0.734125752557544	0.49641420628865	0.882805068290734	0.299745333950787	-0.226264146012672	0.48129995611388	1.55251389543191	0.375397328506337	1.22999560662837	0.14298585783617	-1.26892248816641	0.349088310751066	-1.06676671860744	-0.593736058893118	-0.667818016489295	-0.121780319872052	-0.0112379654034191	0.134752935974122	-0.826711099431896	-0.35892680688405	0.426144714043101	-0.884682646919189	-0.884682646919189	-0.884682646919189	-0.884682646919189	-0.884682646919189	-0.884682646919189	-0.884682646919189	-0.884682646919189	-0.884682646919189	-0.884682646919189	-0.884682646919189	-0.884682646919189	-0.884682646919189
0.294215015965873	-1.17644364029389	-0.134359134179898	0.16974309858832	-1.92027647238791	-1.78466160711195	-1.99582784338212	-1.24342669739879	-1.16181459948887	-1.39340523509619	-1.97495582166468	0.00704924244322604	0.00704924244322604	0.00704924244322604	0.00704924244322604	0.00704924244322604	0.00704924244322604	0.00704924244322604	0.00704924244322604	0.00704924244322604	0.00704924244322604	0.00704924244322604	-0.499796158685925	-0.499796158685925	-0.499796158685925	-0.499796158685924	-0.499796158685925	-0.499796158685924	-0.499796158685924	-0.499796158685924	-0.499796158685925	-0.499796158685925	-0.499796158685925	-0.681614483470468	-1.58414729383144	-1.3000489213758	-1.76222700816162	-2.16985261865028	-2.54551022060574	-2.94003461392744	-2.22677334304026	-1.21276157338824	-3.3426119538558	-2.94003461392744	-0.502430927664472	-0.502430927664472	-0.502430927664472	-0.502430927664472	-0.502430927664472	-0.502430927664472	-0.502430927664472	-0.502430927664472	-0.502430927664472	-0.502430927664472	-0.502430927664472	-0.589469627737788	0.0974710101582548	-0.248617858396598	0.216431688380855	-0.360659459957658	-0.447209531678877	-0.589469627737788	0.81185129058124	-0.463194681749692	0.407964854982984	-1.13423285537518	1.68134998845021	0.0814118006986233	1.98105556923947	1.25644831016608	0.474466898243366	1.74373716831852	2.08333884246364	1.42994674384071	1.86520259788874	0.269581459577372	0.49860096914043	-0.455585693303748	-0.455585693303748	-0.455585693303748	-0.455585693303748	-0.455585693303748	-0.455585693303748	-0.455585693303748	-0.455585693303748	-0.455585693303748	-0.455585693303748	-0.455585693303748	-0.455585693303748	-0.455585693303748
0.455838073800609	1.49433427279029	-0.821463888165797	0.0552403627437353	-0.211309959877802	0.542803931487205	-0.104113566101247	-0.0676330763891955	1.01188501155056	1.39602075477933	-0.366200116752536	0.832677721422924	0.832677721422924	0.832677721422924	0.832677721422924	0.832677721422924	0.832677721422924	0.832677721422924	0.832677721422924	0.832677721422924	0.832677721422924	0.832677721422924	0.271181513358595	0.271181513358595	0.271181513358595	0.271181513358595	0.271181513358595	0.271181513358595	0.271181513358595	0.271181513358595	0.271181513358595	0.271181513358595	0.271181513358595	1.95476474541498	1.84863295456254	1.01292637454028	-0.175753631523655	0.500708238903518	0.496753107010001	0.357573074225811	0.544797651573945	0.9313398055525	0.252001250195799	0.357573074225812	1.26066939657972	1.26066939657972	1.26066939657972	1.26066939657972	1.26066939657972	1.26066939657972	1.26066939657972	1.26066939657972	1.26066939657972	1.26066939657973	1.26066939657972	0.458497001993859	-0.186307788873883	0.204227800791481	-0.445354334766565	0.373604103449512	0.273401728725662	0.45849700199386	0.440226594143769	0.416029881531113	0.156236611085136	0.668659434911916	-0.954941349181384	0.0432222706134027	-0.727915636649596	0.245716756567371	-0.262612287213039	-0.655318693642966	-0.937969748881748	-1.09327125503414	-0.827289826794769	0.446866831544577	-0.300750128491486	-0.59370973226285	-0.59370973226285	-0.59370973226285	-0.59370973226285	-0.59370973226285	-0.59370973226285	-0.59370973226285	-0.59370973226285	-0.59370973226285	-0.59370973226285	-0.59370973226285	-0.59370973226285	-0.59370973226285
-0.964369984622768	0.974550398766802	1.33616729482283	0.628693987196373	1.31029660968113	1.23139824163736	1.25038932868657	1.1479279014618	0.072492542838324	0.274093705434624	1.50184956371163	-1.42492598115589	-1.42492598115589	-1.42492598115589	-1.42492598115589	-1.42492598115589	-1.42492598115589	-1.42492598115589	-1.42492598115589	-1.42492598115589	-1.42492598115589	-1.42492598115589	1.71006247324529	1.71006247324529	1.71006247324529	1.71006247324529	1.71006247324529	1.71006247324529	1.71006247324529	1.71006247324529	1.71006247324529	1.71006247324529	1.71006247324529	-0.816739210958269	-1.14904094655635	0.062107348968917	-1.15176491413118	-0.511658128906848	-1.96574385240301	-0.957244540348005	0.0588718366093185	0.108482107474913	-0.808398854743976	-0.957244540348003	0.894184148305059	0.894184148305059	0.894184148305059	0.894184148305059	0.894184148305059	0.894184148305059	0.894184148305059	0.894184148305059	0.894184148305059	0.894184148305059	0.894184148305059	0.463289408848558	0.534058647720017	0.936856190825559	-0.688064672211877	1.08284771007094	0.913189812456002	0.463289408848559	1.14845361833012	0.44634676386273	1.34401772959766	0.520816201392796	0.314983299581331	0.425270547169613	0.190470021838681	0.173951323936598	0.729465546405718	1.38805858141495	0.71632251436774	0.338530259285435	0.548985813449351	-1.08531509500547	-0.817189062059926	-0.00540169403794017	-0.00540169403794017	-0.00540169403794017	-0.00540169403794017	-0.00540169403794017	-0.00540169403794017	-0.00540169403794017	-0.00540169403794017	-0.00540169403794017	-0.00540169403794011	-0.00540169403794017	-0.00540169403794017	-0.00540169403794017
1.15452717259548	-0.400475342855317	0.636495794859768	2.09683153556808	-0.214740874561608	0.926924751251971	1.13970295344806	1.1231624862547	-1.33395858943337	0.214231090330892	2.03486090378443	-0.0683613618307624	-0.0683613618307624	-0.0683613618307624	-0.0683613618307624	-0.0683613618307624	-0.0683613618307624	-0.0683613618307624	-0.0683613618307624	-0.0683613618307624	-0.0683613618307624	-0.0683613618307624	0.102648112372116	0.102648112372116	0.102648112372116	0.102648112372116	0.102648112372116	0.102648112372116	0.102648112372116	0.102648112372116	0.102648112372116	0.102648112372116	0.102648112372116	1.54081713039358	0.9967320739312	0.399605482503859	0.329261088658854	-0.0421028051249763	0.353066687893653	0.72776578013938	0.0150834903547693	0.695336232681729	0.370584535869888	0.72776578013938	-1.220561910431	-1.220561910431	-1.220561910431	-1.220561910431	-1.220561910431	-1.220561910431	-1.220561910431	-1.220561910431	-1.220561910431	-1.220561910431	-1.220561910431	-0.508624459768389	-1.48298702157091	-1.45147840516644	-0.40855345251835	-0.799506117623437	-0.990005302324555	-0.508624459768389	-0.989789591282845	-0.999190434883769	-1.32206396540033	-0.596531338715067	-0.706462152112182	-0.477880191981166	-0.560154892820735	-0.505764454173681	0.26438087483091	-0.120027449415283	-0.0282138781281881	-0.170946793129443	0.890441793408434	-0.0175148375840849	-0.636273540705856	0.260582907235272	0.260582907235272	0.260582907235272	0.260582907235272	0.260582907235272	0.260582907235272	0.260582907235272	0.260582907235272	0.260582907235272	0.260582907235272	0.260582907235272	0.260582907235272	0.260582907235272
1.65470033851873	1.21117270186069	1.24280241654187	1.48702884173437	0.822027816987439	0.928566967868662	1.02243221037674	1.60266605890387	-0.570751800618171	0.0229923810762391	0.879228335494899	0.148640099638046	0.148640099638046	0.148640099638046	0.148640099638046	0.148640099638046	0.148640099638046	0.148640099638046	0.148640099638046	0.148640099638046	0.148640099638047	0.148640099638046	-0.125412550289708	-0.125412550289708	-0.125412550289708	-0.125412550289708	-0.125412550289708	-0.125412550289708	-0.125412550289708	-0.125412550289708	-0.125412550289708	-0.125412550289708	-0.125412550289708	-0.232797199699474	-1.10120855551319	0.262075299717419	-1.9648804609172	-1.05361495933551	-0.652114672851837	-1.38054382584149	-0.829431895906901	0.365135531186618	-0.145568135812061	-1.38054382584149	-0.568376058965612	-0.568376058965612	-0.568376058965612	-0.568376058965612	-0.568376058965612	-0.568376058965612	-0.568376058965612	-0.568376058965612	-0.568376058965612	-0.568376058965612	-0.568376058965612	-0.453932152768374	-0.869281270672153	-0.487680556083288	-0.48024477129275	-0.450942465684079	-0.716586665238543	-0.453932152768374	-0.52077712997343	-0.173050933066679	-1.05554206573874	-0.283677779154503	-0.457294776636265	1.59651643824988	0.616031773234611	1.09744699750509	0.0178289155901511	0.91299362315789	-0.304913691727495	-0.202582157595841	1.03604147040573	-0.433207402755518	0.595505882570402	-0.760208655968461	-0.760208655968461	-0.760208655968461	-0.760208655968461	-0.760208655968461	-0.760208655968461	-0.760208655968461	-0.760208655968461	-0.760208655968461	-0.760208655968461	-0.760208655968461	-0.760208655968461	-0.760208655968461
0.879514539373963	-0.965069641519281	-0.13484305857976	0.740594135845175	-0.154266286761865	-0.419349362684824	0.486030734356298	0.0552689761916176	0.676964940566819	0.474660398005532	0.435698671783907	0.973667084562507	0.973667084562507	0.973667084562507	0.973667084562507	0.973667084562507	0.973667084562507	0.973667084562507	0.973667084562507	0.973667084562507	0.973667084562507	0.973667084562507	-0.195592339450358	-0.195592339450358	-0.195592339450358	-0.195592339450358	-0.195592339450358	-0.195592339450358	-0.195592339450358	-0.195592339450358	-0.195592339450358	-0.195592339450358	-0.195592339450358	-2.77075099275112	-1.31250584739684	-0.621024957500178	-1.3327570320627	-0.818834999100851	-0.88021696992197	-1.7446220805299	-1.3147436593878	-1.950557032738	-1.06155759809521	-1.7446220805299	-1.23718112442752	-1.23718112442752	-1.23718112442752	-1.23718112442752	-1.23718112442752	-1.23718112442752	-1.23718112442752	-1.23718112442752	-1.23718112442752	-1.23718112442752	-1.23718112442752	-1.85825746544907	-2.08552537277692	-2.39411653161711	-1.22492226946388	-1.90585030079895	-2.75042585639507	-1.85825746544907	-2.10535786809849	-2.18954353656551	-2.4127274372208	-1.79373608721157	-1.1010425697515	-0.403904715150639	-0.415380406404894	-0.742190021775093	0.394097702162011	0.377955276576131	1.10860729585665	0.901970888091785	0.533636608149634	0.636246009672387	1.32683458543835	-0.297566123260421	-0.297566123260421	-0.297566123260421	-0.297566123260421	-0.297566123260421	-0.297566123260421	-0.297566123260421	-0.297566123260421	-0.297566123260421	-0.297566123260421	-0.297566123260421	-0.297566123260421	-0.297566123260421
0.808038609673003	0.0420752479606797	-0.569869120036595	0.737003605824202	0.366231481667496	0.077788499865716	-0.0680654281177202	0.221571105131568	0.0349853746746079	0.337267870787326	0.749083278218921	0.236431037718831	0.236431037718831	0.236431037718831	0.236431037718831	0.236431037718831	0.236431037718831	0.236431037718831	0.236431037718831	0.236431037718831	0.236431037718831	0.236431037718831	0.21283330581995	0.21283330581995	0.21283330581995	0.21283330581995	0.21283330581995	0.21283330581995	0.21283330581995	0.21283330581995	0.21283330581995	0.21283330581995	0.21283330581995	1.20491306735864	-0.333329116333476	-0.039543386703963	0.432033186409035	-1.63864920809393	-0.86922408042308	-0.348065304764405	-0.469927792444641	0.785659722895183	-0.668953807585597	-0.348065304764406	1.16464188431469	1.16464188431469	1.16464188431469	1.16464188431469	1.16464188431469	1.16464188431469	1.16464188431469	1.16464188431469	1.16464188431469	1.16464188431469	1.16464188431469	-0.347276579096281	0.198622500861285	0.199418135923575	0.442800508488511	-0.0638295083885868	-0.721026429683457	-0.34727657909628	0.79882139841563	0.704079710451383	0.693854523883157	-1.07119411770762	-0.817569097376834	0.641071780286978	-0.570420360750747	-0.404661250857557	-0.26235658604597	-0.276148835657053	-0.756223258830845	-0.263394033521289	0.155834100867698	-0.932004012017935	0.515983660028422	2.15627131749004	2.15627131749004	2.15627131749004	2.15627131749004	2.15627131749004	2.15627131749004	2.15627131749004	2.15627131749004	2.15627131749004	2.15627131749004	2.15627131749004	2.15627131749004	2.15627131749004
1.32691704459278	-2.28754172311071	1.33418055870774	1.2797783865763	-2.6026424301319	-1.8355905566343	-0.705817675104763	-0.35591515137368	1.10806838294728	1.21354403056543	-1.07291398314445	1.68404459711003	1.68404459711003	1.68404459711003	1.68404459711003	1.68404459711003	1.68404459711003	1.68404459711003	1.68404459711003	1.68404459711003	1.68404459711003	1.68404459711003	0.857846732418798	0.857846732418798	0.857846732418798	0.857846732418798	0.857846732418798	0.857846732418798	0.857846732418798	0.857846732418798	0.857846732418798	0.857846732418798	0.857846732418798	-0.594768047935511	-0.456967883117056	0.241493164002866	0.503988244849209	0.782717411202188	0.683859666133796	0.817500241515549	0.730175478726584	0.134813462295817	0.824841587796632	0.817500241515549	0.331920617206853	0.331920617206853	0.331920617206853	0.331920617206853	0.331920617206853	0.331920617206853	0.331920617206853	0.331920617206853	0.331920617206853	0.331920617206853	0.331920617206853	-2.26997717191267	-1.12482093875516	-1.41270297418649	-1.84042929800648	-1.28833336366978	-0.874370903315402	-2.26997717191267	-2.38527285666705	-1.1833389312671	-2.51128204497558	-1.18073024450647	-0.732733643938131	0.0948479509863618	-0.483579857537347	-0.493137763575377	-0.103448375861296	0.0837744934220534	-0.934544721368413	-0.410150396382055	-1.2591058954221	0.606200359934381	-0.181125333452357	1.88079774596782	1.88079774596782	1.88079774596782	1.88079774596782	1.88079774596782	1.88079774596782	1.88079774596782	1.88079774596782	1.88079774596782	1.88079774596782	1.88079774596782	1.88079774596782	1.88079774596782
0.137099072465203	-1.08779322939609	-0.39366452687869	-0.456142978018792	-0.512604786286052	-0.861412476891241	0.837294649993365	-0.407805271598292	2.86363658199167	2.37563980544484	-0.219248252034039	0.773182278973372	0.773182278973372	0.773182278973372	0.773182278973372	0.773182278973372	0.773182278973372	0.773182278973372	0.773182278973372	0.773182278973372	0.773182278973372	0.773182278973372	0.339463676717342	0.339463676717342	0.339463676717342	0.339463676717342	0.339463676717342	0.339463676717342	0.339463676717342	0.339463676717342	0.339463676717342	0.339463676717342	0.339463676717342	0.185525851801513	-0.127095530779156	-0.104421053316371	0.792089940771506	1.28712151931357	-0.110502754116201	0.983993351413025	0.0526175032990164	-0.364833476111683	-0.0838650667708853	0.983993351413027	-1.29130728335122	-1.29130728335122	-1.29130728335122	-1.29130728335122	-1.29130728335122	-1.29130728335122	-1.29130728335122	-1.29130728335122	-1.29130728335122	-1.29130728335122	-1.29130728335122	1.87904418489094	2.39177360716638	2.41195131148613	1.45531902708208	1.63036176446584	1.55710161553525	1.87904418489094	1.29881900698922	2.69181004896419	1.42197848930263	1.76483472932673	0.0636993746725234	0.135657370904545	0.524260231939516	0.463556342675378	-1.36696061196301	-1.84680229100489	-1.3217890924489	-1.58200667036232	-0.394854903355781	-0.487747285468935	-0.108482953905036	-1.16489172440933	-1.16489172440933	-1.16489172440933	-1.16489172440933	-1.16489172440933	-1.16489172440933	-1.16489172440933	-1.16489172440933	-1.16489172440933	-1.16489172440933	-1.16489172440933	-1.16489172440933	-1.16489172440933
-2.01856593683335	-1.52032005552301	-0.970189587554957	-0.902825069813494	-1.02873817192406	-1.13625016421331	-0.371411198131869	-0.683890879512632	-0.386402045739184	-0.566984172925071	0.329060210939583	1.3663620368672	1.3663620368672	1.3663620368672	1.3663620368672	1.3663620368672	1.3663620368672	1.3663620368672	1.3663620368672	1.3663620368672	1.3663620368672	1.3663620368672	0.119677635717928	0.119677635717928	0.119677635717928	0.119677635717928	0.119677635717928	0.119677635717928	0.119677635717928	0.119677635717928	0.119677635717928	0.119677635717928	0.119677635717928	1.58937471849638	1.2984326365821	1.81006769173899	1.66996723436939	1.51687920914311	1.59616039672373	1.59723856004664	1.96518302190031	2.05148119606149	1.6600281051962	1.59723856004664	0.645696531981512	0.645696531981512	0.645696531981512	0.645696531981512	0.645696531981512	0.645696531981512	0.645696531981512	0.645696531981512	0.645696531981512	0.645696531981513	0.645696531981512	-0.205590111855664	0.317465861650159	-0.0843591952247305	0.031615315535567	-0.651631505683845	0.188094122039006	-0.205590111855664	0.375622041439485	-0.279041375671976	0.478047184784708	0.462453518554695	-0.233525611029235	0.150449070527554	0.353287559275091	-0.276073780552834	-0.674530860382901	-0.639313710148358	0.268816019598313	-0.0178178946203288	-0.725288424029475	-1.27399355925294	-0.209838758018918	2.19285682534393	2.19285682534393	2.19285682534393	2.19285682534393	2.19285682534393	2.19285682534393	2.19285682534393	2.19285682534393	2.19285682534393	2.19285682534393	2.19285682534393	2.19285682534393	2.19285682534393
-1.42339698767505	-1.60047946871669	-0.775618633474153	-0.726134260182656	-0.686490161604954	1.11625143665896	1.22119710724625	0.0926154876919753	0.79520790775456	1.53349875313848	1.56684763309119	1.06621369894095	1.06621369894095	1.06621369894095	1.06621369894095	1.06621369894095	1.06621369894095	1.06621369894095	1.06621369894095	1.06621369894095	1.06621369894095	1.06621369894095	-0.690388620061387	-0.690388620061387	-0.690388620061387	-0.690388620061387	-0.690388620061387	-0.690388620061387	-0.690388620061387	-0.690388620061387	-0.690388620061387	-0.690388620061387	-0.690388620061387	-0.229032691238918	0.290492055611018	0.933773998503154	-0.110124149115255	0.165359839748872	0.749420930513133	-0.285397592249149	0.174027604791984	1.11342599236392	0.609792437506065	-0.285397592249152	0.792804508906534	0.792804508906534	0.792804508906534	0.792804508906534	0.792804508906534	0.792804508906534	0.792804508906534	0.792804508906534	0.792804508906534	0.792804508906535	0.792804508906534	0.670524429560988	-0.366736609614228	-0.104616300161724	0.0870878806390372	0.188936060788034	0.685860971669446	0.670524429560988	0.825386342291389	-0.375475128309366	0.432059404652415	0.384952824068185	0.475496356099681	-0.279423619969385	-0.646081210686324	0.0945336062394706	0.728663529419011	0.0633142405952871	0.575363098894157	0.62686344158455	-0.412629213407072	0.629761086529293	0.644027237376012	-1.55379915651741	-1.55379915651741	-1.55379915651741	-1.55379915651741	-1.55379915651741	-1.55379915651741	-1.55379915651741	-1.55379915651741	-1.55379915651741	-1.55379915651741	-1.55379915651741	-1.55379915651741	-1.55379915651741
0.643900629505115	-0.688128493486986	0.935459784484251	1.3033169103927	-0.506382017473322	-0.0994796675145254	-1.0014791656492	0.265893401897534	-1.61914973313999	-1.24384356826099	0.215672755531496	0.0425137575263243	0.0425137575263243	0.0425137575263243	0.0425137575263243	0.0425137575263243	0.0425137575263243	0.0425137575263243	0.0425137575263243	0.0425137575263243	0.0425137575263243	0.0425137575263243	-0.374983222056825	-0.374983222056825	-0.374983222056825	-0.374983222056825	-0.374983222056825	-0.374983222056825	-0.374983222056825	-0.374983222056825	-0.374983222056825	-0.374983222056825	-0.374983222056825	-0.691953136252635	-0.571020116054903	0.487660041142529	-1.25087457631988	-1.0193516928203	-0.383316791696499	-1.14463912920252	-0.80564635400892	-0.389989280231599	-0.456876004113477	-1.14463912920252	-0.617225899720239	-0.617225899720239	-0.617225899720239	-0.617225899720239	-0.617225899720239	-0.617225899720239	-0.617225899720239	-0.617225899720239	-0.617225899720239	-0.617225899720239	-0.617225899720239	0.709608611758761	0.702368517114661	0.678593814034312	0.706179344168835	0.54878622189213	0.771820072825149	0.709608611758761	0.0557744593824956	0.331846576536837	0.519006827483253	0.722349028061612	-0.33233796059485	-0.596435252200062	-0.551693142789089	-1.18500964223256	-0.672102282455488	-0.658922345386442	0.778709467067268	0.587879613731487	-0.389254871049421	-0.494115209125936	0.838063672094436	-0.680304795953926	-0.680304795953926	-0.680304795953926	-0.680304795953926	-0.680304795953926	-0.680304795953926	-0.680304795953926	-0.680304795953926	-0.680304795953926	-0.680304795953926	-0.680304795953926	-0.680304795953926	-0.680304795953926
1.48519245460495	-2.56175005124836	-0.771529730121754	0.52508814722768	-2.79748942298124	-0.747445927772616	0.451846932998174	0.847511603591239	0.304875516597721	0.370589339960322	0.0619250140092245	-1.6835331109385	-1.6835331109385	-1.6835331109385	-1.6835331109385	-1.6835331109385	-1.6835331109385	-1.6835331109385	-1.6835331109385	-1.6835331109385	-1.6835331109385	-1.6835331109385	-1.45473722435037	-1.45473722435037	-1.45473722435037	-1.45473722435037	-1.45473722435037	-1.45473722435037	-1.45473722435037	-1.45473722435037	-1.45473722435037	-1.45473722435037	-1.45473722435037	-0.0022714376067817	-0.691994451772734	0.848031088051289	0.691384007018956	-0.132408883059474	-0.321512745260187	0.241383110156775	-1.74834096848952	0.270581705062606	-0.841882127695699	0.241383110156774	-0.57619667751383	-0.57619667751383	-0.57619667751383	-0.57619667751383	-0.57619667751383	-0.57619667751383	-0.57619667751383	-0.57619667751383	-0.57619667751383	-0.576196677513829	-0.57619667751383	-1.80832106481507	-2.24766347388042	-1.83742423831441	-2.46820640342838	-1.36911171946952	-1.14842657316501	-1.80832106481507	-1.0004239816773	-1.84377662217084	-1.18559512659561	-1.16465179476625	0.550910262929341	0.726236574184271	0.299433135394657	0.634718274077774	1.79230221249446	0.235943563510714	1.1948669204115	1.65375944661021	0.362571866221822	1.74601309635638	1.72167233014841	0.96436536047543	0.96436536047543	0.96436536047543	0.96436536047543	0.96436536047543	0.96436536047543	0.96436536047543	0.96436536047543	0.96436536047543	0.96436536047543	0.96436536047543	0.96436536047543	0.96436536047543
0.2487193366421	1.95913216035461	-1.15495971566888	0.556140543438949	1.20896917153071	-0.188416712179618	-0.653636521538216	0.781538391846803	-0.213352469678281	0.565339364522575	0.927316218762841	-0.20537253223719	-0.20537253223719	-0.20537253223719	-0.20537253223719	-0.20537253223719	-0.20537253223719	-0.20537253223719	-0.20537253223719	-0.20537253223719	-0.20537253223719	-0.20537253223719	-0.668680435625017	-0.668680435625017	-0.668680435625017	-0.668680435625017	-0.668680435625017	-0.668680435625017	-0.668680435625017	-0.668680435625017	-0.668680435625017	-0.668680435625017	-0.668680435625017	-1.76881303813603	-2.63210329022464	-2.18429126870798	-2.45080759250936	-3.15042280115197	-2.56524833858651	-2.91054739691304	-3.36772257974842	-2.19060254302206	-2.94554503632881	-2.91054739691304	-0.446172443954479	-0.446172443954479	-0.446172443954479	-0.446172443954479	-0.446172443954479	-0.446172443954479	-0.446172443954479	-0.446172443954479	-0.446172443954479	-0.446172443954479	-0.446172443954479	-0.346320353020404	-0.513122894864885	0.169561500321016	-1.56920671139472	0.6094887143775	0.93376162331853	-0.346320353020405	0.290945433832436	0.25736712042174	0.0103615163929041	0.398850638310416	0.751671704526455	0.417192216366827	1.28112486858647	1.58970249239468	-0.468269660145171	-1.16301833852726	-1.46527429118593	-1.83507495789826	-0.402340137324848	-0.159689633363767	-1.51140145276704	-0.449530912536876	-0.449530912536876	-0.449530912536876	-0.449530912536876	-0.449530912536876	-0.449530912536876	-0.449530912536876	-0.449530912536876	-0.449530912536876	-0.449530912536876	-0.449530912536876	-0.449530912536876	-0.449530912536876
0.444446541014096	-0.255495103136975	-0.686393417271847	-1.0384865211229	-0.221361793976068	-0.207012718336145	-1.00354159626506	-2.17647879186215	-1.24141014799608	-1.12427710036632	-1.44276689338463	0.339181442383944	0.339181442383944	0.339181442383944	0.339181442383944	0.339181442383944	0.339181442383944	0.339181442383944	0.339181442383944	0.339181442383944	0.339181442383944	0.339181442383944	1.8790685673162	1.8790685673162	1.8790685673162	1.8790685673162	1.8790685673162	1.8790685673162	1.8790685673162	1.8790685673162	1.8790685673162	1.8790685673162	1.8790685673162	-0.0494793771393102	0.209803064768244	-1.07455980417109	-0.115953290964035	-0.776668095996396	0.0101114470424499	-0.62741973094474	0.307196664776014	-0.792933823205876	-0.394660146108822	-0.62741973094474	0.314808652125533	0.314808652125533	0.314808652125533	0.314808652125533	0.314808652125533	0.314808652125533	0.314808652125533	0.314808652125533	0.314808652125533	0.314808652125533	0.314808652125533	0.214896884985048	0.149931242230482	-0.0312052415096007	0.227011066849066	-1.03883451421262	0.262746345658211	0.214896884985048	-1.121986755124	-0.273232929289474	-0.215538611492879	0.0916841594514821	2.25980758372679	0.135963571430761	2.50694841177461	1.55444235305281	0.160555234264827	2.26122537453161	0.458694176800222	0.756091552010948	0.743399050126737	1.37273313419766	0.452295858811945	0.44495914526606	0.44495914526606	0.44495914526606	0.44495914526606	0.44495914526606	0.44495914526606	0.44495914526606	0.44495914526606	0.44495914526606	0.44495914526606	0.44495914526606	0.44495914526606	0.44495914526606
-0.00868629373465097	0.442644231002657	-0.194467974674217	-0.0811789613573086	0.132699740862176	-0.248977990392332	-0.814940175498821	-0.935819266613349	0.466685248606786	1.05560499534546	-0.197025763654536	0.261709248434191	0.261709248434191	0.261709248434191	0.261709248434191	0.261709248434191	0.261709248434191	0.261709248434191	0.261709248434191	0.261709248434191	0.261709248434191	0.261709248434191	0.519452254877949	0.519452254877949	0.519452254877949	0.519452254877949	0.519452254877949	0.519452254877949	0.519452254877949	0.519452254877949	0.519452254877949	0.519452254877949	0.519452254877949	-0.467538668542204	0.81436352550233	1.1363678653031	0.809731053560822	1.07993739630403	1.8551727807985	1.39821014863557	0.546807274817373	-0.170700344533421	1.52282040547325	1.39821014863557	-0.526691092455917	-0.526691092455917	-0.526691092455917	-0.526691092455917	-0.526691092455917	-0.526691092455917	-0.526691092455917	-0.526691092455917	-0.526691092455917	-0.526691092455917	-0.526691092455917	-1.6327253963588	-0.847009430157819	-0.717780304498075	-2.11075857432431	0.517359717748631	-1.33313325876123	-1.6327253963588	-1.18204618972423	-0.305474395128495	-1.40324168725603	-1.8045176495946	-1.13670360327495	0.774329405311236	0.276020227938435	0.605221096796254	0.246436599206157	0.711138586611791	0.826871462058837	0.564425445599889	1.15674581862668	0.26515940466463	1.30303946105947	-0.0952879717967065	-0.0952879717967065	-0.0952879717967065	-0.0952879717967065	-0.0952879717967065	-0.0952879717967065	-0.0952879717967065	-0.0952879717967065	-0.0952879717967065	-0.0952879717967064	-0.0952879717967065	-0.0952879717967065	-0.0952879717967065
-1.551124768352	-0.0540819067236209	0.843486475871175	-1.94488508244308	-0.430096306605447	-0.23741649441484	-0.535838011766971	-1.61344124926242	-0.716990979623567	-0.540499885417167	-1.62893346104954	-0.733613966986013	-0.733613966986013	-0.733613966986013	-0.733613966986013	-0.733613966986013	-0.733613966986013	-0.733613966986013	-0.733613966986013	-0.733613966986013	-0.733613966986013	-0.733613966986013	0.382140139139221	0.382140139139221	0.382140139139221	0.382140139139221	0.382140139139221	0.382140139139221	0.382140139139221	0.382140139139221	0.382140139139221	0.382140139139221	0.382140139139221	1.14518959081315	-0.0752978797381272	-0.3140601680298	-1.99085604703051	-1.73240999844552	-0.726168577910345	-1.6197327915139	-0.144785342479643	0.145865412361586	-0.455240946225864	-1.6197327915139	-0.769241350922768	-0.769241350922768	-0.769241350922768	-0.769241350922768	-0.769241350922768	-0.769241350922768	-0.769241350922768	-0.769241350922768	-0.769241350922768	-0.769241350922768	-0.769241350922768	0.308804977134348	0.176745104514338	0.706005180277784	0.54462761113883	0.226928862255649	0.310117547912462	0.308804977134348	-0.181761847187576	0.855664783518462	0.51968331035757	-0.383656749037506	-0.0649225958140948	-1.64541834533716	-0.238079224497853	-0.356709138582122	-1.82289318110544	0.57652096296168	-0.451994443846951	-0.381687414139462	-0.321958169347222	0.997923171424439	-0.0816228170174947	0.000846579871218389	0.000846579871218389	0.000846579871218389	0.000846579871218389	0.000846579871218389	0.000846579871218389	0.000846579871218389	0.000846579871218389	0.000846579871218389	0.000846579871218447	0.000846579871218389	0.000846579871218389	0.000846579871218389
0.568104918928606	0.185480893525331	1.23507513908718	0.391587942696	1.34215746940981	1.14438122052799	0.752022816249456	0.0386775257742669	-0.906428492993926	-0.142296215314881	0.807232328588273	-1.12830822315454	-1.12830822315454	-1.12830822315454	-1.12830822315454	-1.12830822315454	-1.12830822315454	-1.12830822315454	-1.12830822315454	-1.12830822315454	-1.12830822315454	-1.12830822315454	0.345285032811137	0.345285032811137	0.345285032811137	0.345285032811137	0.345285032811137	0.345285032811137	0.345285032811137	0.345285032811137	0.345285032811137	0.345285032811136	0.345285032811137	-0.367075385762982	-0.439982330793532	1.21946283604752	-0.863925637294524	-0.231911368650754	-0.559382616433305	-1.65378706113542	-0.938377708827491	0.393421732230656	-0.85446458696241	-1.65378706113542	1.32550619196455	1.32550619196455	1.32550619196455	1.32550619196455	1.32550619196455	1.32550619196455	1.32550619196455	1.32550619196455	1.32550619196455	1.32550619196455	1.32550619196455	-0.962848369710089	-0.918554559158756	-1.17021037948114	-0.68694744899878	-1.23196467984798	-1.696774920639	-0.962848369710089	-1.30907853246528	-0.99475439601347	-1.52246829685507	-1.04297578640799	0.108648371198174	-0.0843490503789441	0.511947517175032	-0.38819844874369	2.48581539975816e-05	-1.1824023181258	-0.17537432577597	-0.328334306596318	0.102563049797496	-1.46845562029277	-1.21260810914385	1.19769971902254	1.19769971902254	1.19769971902254	1.19769971902254	1.19769971902254	1.19769971902254	1.19769971902254	1.19769971902254	1.19769971902254	1.19769971902254	1.19769971902254	1.19769971902254	1.19769971902254
-1.4041666893744	0.75979550801247	-1.13206927336596	-2.29726866643774	1.13212770137401	0.609909565458894	-0.0841906235553298	-2.17618929176036	-0.25620498879237	0.121738910825531	-0.730337311558094	-0.424397600618197	-0.424397600618197	-0.424397600618197	-0.424397600618197	-0.424397600618197	-0.424397600618197	-0.424397600618197	-0.424397600618197	-0.424397600618197	-0.424397600618197	-0.424397600618197	0.583524516558115	0.583524516558115	0.583524516558115	0.583524516558115	0.583524516558115	0.583524516558115	0.583524516558115	0.583524516558115	0.583524516558115	0.583524516558115	0.583524516558115	-0.179872587258558	0.606683972960936	-0.641076251826325	1.08629205564694	0.48785661010155	0.790810694103255	0.697230860401598	-0.25546321695059	-0.891651765826922	-0.028310501855031	0.697230860401599	1.60670322077999	1.60670322077999	1.60670322077999	1.60670322077999	1.60670322077999	1.60670322077999	1.60670322077999	1.60670322077999	1.60670322077999	1.60670322077999	1.60670322077999	-0.353731541978976	0.757092926095452	0.765436266749617	-0.584662997398755	0.975644766041936	0.358152233901625	-0.353731541978976	-0.207227027374302	0.926701364734554	0.300292326588858	-0.428720884799863	0.356829214919942	0.604788310444474	0.0772460433005262	-0.13301918796446	1.86350255930333	1.06768499083174	1.9034396003677	1.19443980120957	1.23070796610982	-1.23064863451588	-0.00259852709385697	1.45282514896753	1.45282514896753	1.45282514896753	1.45282514896753	1.45282514896753	1.45282514896753	1.45282514896753	1.45282514896753	1.45282514896753	1.45282514896753	1.45282514896753	1.45282514896753	1.45282514896753
1.32159535357299	1.42224126474641	0.226742240371702	1.21501006868308	1.48794885221681	0.605402707374583	-0.701757237315655	-0.996569086566552	-0.261653864014736	0.132966277180025	-0.210643538716505	-2.50017749786473	-2.50017749786473	-2.50017749786473	-2.50017749786473	-2.50017749786473	-2.50017749786473	-2.50017749786473	-2.50017749786473	-2.50017749786473	-2.50017749786473	-2.50017749786473	0.958665528582125	0.958665528582125	0.958665528582125	0.958665528582125	0.958665528582125	0.958665528582125	0.958665528582125	0.958665528582125	0.958665528582125	0.958665528582125	0.958665528582125	0.0829463681650649	-0.606625381408291	0.104573508412452	-0.900179047123594	-0.704620892649454	-0.314562405692705	0.178011638934198	0.279199461050134	0.276300639420879	0.27450960402351	0.178011638934198	-1.98426222665028	-1.98426222665028	-1.98426222665028	-1.98426222665028	-1.98426222665028	-1.98426222665028	-1.98426222665028	-1.98426222665028	-1.98426222665028	-1.98426222665028	-1.98426222665028	-0.296170661736982	-0.118786271020521	0.0489148637398074	-0.261802728296182	0.151682650164832	0.379552937450772	-0.296170661736982	-0.373323267804878	0.257541128191349	-0.161928329249044	-0.0405294294420297	-0.298098349816082	-0.162300909751104	-0.0811088749785347	0.497111505996798	-0.887378810324957	0.946362638445724	-1.01678453165505	-1.10491688968072	0.0164287191057713	0.132218159244863	-0.83124731438337	0.260244666310671	0.260244666310671	0.260244666310671	0.260244666310671	0.260244666310671	0.260244666310671	0.260244666310671	0.260244666310671	0.260244666310671	0.260244666310671	0.260244666310671	0.260244666310671	0.260244666310671
-0.598750441516133	1.62727814409915	-1.65203575484165	-0.825424725062503	1.67746679831953	1.86000122760209	1.32981390354713	0.801603453883388	0.178303941748708	0.114428078034169	1.5193725029484	-0.598048901409332	-0.598048901409332	-0.598048901409332	-0.598048901409332	-0.598048901409332	-0.598048901409332	-0.598048901409332	-0.598048901409332	-0.598048901409332	-0.598048901409332	-0.598048901409332	1.25393634512899	1.25393634512899	1.25393634512899	1.25393634512899	1.25393634512899	1.25393634512899	1.25393634512899	1.25393634512899	1.25393634512899	1.25393634512899	1.25393634512899	0.100762026492216	1.32827175835905	-0.140055787051591	0.951410403978633	-0.500031099056674	0.191402900026621	-0.669565810242505	-0.770807886253927	-0.648651916043294	-0.690955297065448	-0.669565810242504	1.87121944944342	1.87121944944342	1.87121944944342	1.87121944944342	1.87121944944342	1.87121944944342	1.87121944944342	1.87121944944342	1.87121944944342	1.87121944944342	1.87121944944342	-0.535180178101282	-0.549403580438011	-0.341456200532881	-0.352921315338125	-0.390261404980349	-0.901501015784057	-0.535180178101282	-0.0774973045225148	-0.447214973971169	-0.338991892348826	-0.556860620794115	-0.4480293489121	-0.631479776483548	-0.818580512562891	-1.81129233759818	0.691813255240124	-0.488179130223138	1.05523013440187	1.1811956798015	0.176146200670867	-0.957362319108222	0.261979299428718	1.45597234196128	1.45597234196128	1.45597234196128	1.45597234196128	1.45597234196128	1.45597234196128	1.45597234196128	1.45597234196128	1.45597234196128	1.45597234196128	1.45597234196128	1.45597234196128	1.45597234196128
0.744202260150012	0.182417105460217	-0.300161577902837	1.27591275616683	0.248911386004594	0.71135982752517	0.245440518680582	1.33360713638334	-0.848434070390157	-0.416438129805789	1.56541011294404	-0.220161621472578	-0.220161621472578	-0.220161621472578	-0.220161621472578	-0.220161621472578	-0.220161621472578	-0.220161621472578	-0.220161621472578	-0.220161621472578	-0.220161621472578	-0.220161621472578	-1.59498990262158	-1.59498990262158	-1.59498990262158	-1.59498990262158	-1.59498990262158	-1.59498990262158	-1.59498990262158	-1.59498990262158	-1.59498990262158	-1.59498990262158	-1.59498990262158	1.36209959200246	0.985661527713641	0.769440760745361	0.651964275646829	0.791836400451379	0.420947894057249	0.850534634766243	0.816757415463021	0.89350301489635	0.26336787828388	0.850534634766243	-0.910597792999809	-0.910597792999809	-0.910597792999809	-0.910597792999809	-0.910597792999809	-0.910597792999809	-0.910597792999809	-0.910597792999809	-0.910597792999809	-0.910597792999809	-0.910597792999809	0.173279811001515	0.0953055663848896	-0.424074655168625	1.31522189011372	-1.53033442952383	0.487847242482935	0.173279811001516	-0.527166973371365	-0.484364265877548	0.175990238065687	0.675277186729623	-2.18423871898846	0.521263939245118	-1.03088143726836	-0.626911584149957	-1.53473415945529	-1.27595845375382	-2.01776104759046	-2.33856322722001	-1.57277871068675	-2.0895063531608	-0.694873994073568	-0.589231421591506	-0.589231421591506	-0.589231421591506	-0.589231421591506	-0.589231421591506	-0.589231421591506	-0.589231421591506	-0.589231421591506	-0.589231421591506	-0.589231421591506	-0.589231421591506	-0.589231421591506	-0.589231421591506
-0.464115892948441	0.144018805899435	-0.372740696005764	0.519405556052949	0.336441656648633	-0.508362390733272	0.504785217295785	-1.20989509908871	0.786254002404806	1.05465300086965	0.258996862224441	-0.277851996892085	-0.277851996892085	-0.277851996892085	-0.277851996892085	-0.277851996892085	-0.277851996892085	-0.277851996892085	-0.277851996892085	-0.277851996892085	-0.277851996892085	-0.277851996892085	1.05795344714239	1.05795344714239	1.05795344714239	1.05795344714239	1.05795344714239	1.05795344714239	1.05795344714239	1.05795344714239	1.05795344714239	1.05795344714239	1.05795344714239	0.0190701817863265	-0.328816912742338	0.00425298504372656	0.625054005042195	1.13683314331215	-0.496065063125379	0.327269592503379	1.15536692064627	0.453351920905894	0.0421298260422888	0.32726959250338	0.503254613508372	0.503254613508372	0.503254613508372	0.503254613508372	0.503254613508372	0.503254613508372	0.503254613508372	0.503254613508372	0.503254613508372	0.503254613508372	0.503254613508372	0.707094019285288	0.350467089483913	0.515761641232509	0.827853812821383	-0.331794564434172	0.821824548435309	0.707094019285288	0.622152091577626	0.986699549256909	0.462375748565327	0.619085265791171	1.20627694000367	-1.39938498206635	1.32032542933199	-0.939097773651631	-0.0942328642049205	-0.871916413200087	-0.162047232975272	0.457248558698979	-0.966944837148398	0.242033171745919	-0.363559247185804	0.73615162237132	0.73615162237132	0.73615162237132	0.73615162237132	0.73615162237132	0.73615162237132	0.73615162237132	0.73615162237132	0.73615162237132	0.73615162237132	0.73615162237132	0.73615162237132	0.73615162237132
0.602284446420678	0.644269459202377	-0.501864623640689	0.375890329242947	0.478645254294299	1.11686112782068	1.29867227872074	0.983499361127264	1.29479547147672	1.26370030244697	0.95071128903627	-0.47866898085842	-0.47866898085842	-0.47866898085842	-0.47866898085842	-0.47866898085842	-0.47866898085842	-0.47866898085842	-0.47866898085842	-0.47866898085842	-0.47866898085842	-0.47866898085842	-1.32393778746823	-1.32393778746823	-1.32393778746823	-1.32393778746823	-1.32393778746823	-1.32393778746823	-1.32393778746823	-1.32393778746823	-1.32393778746823	-1.32393778746823	-1.32393778746823	-1.69956328750237	-0.801288705482987	-0.406531729334554	-1.06079062437382	-0.87038770023834	0.531982654313656	-0.315568951652155	-0.69327698874516	-1.37868666380626	-0.253768069681989	-0.315568951652154	0.400722528902952	0.400722528902952	0.400722528902952	0.400722528902952	0.400722528902952	0.400722528902952	0.400722528902952	0.400722528902952	0.400722528902952	0.400722528902953	0.400722528902952	0.533642479558409	0.0366219092726838	0.430904328323703	0.321293291455954	0.62023206258628	0.443729771578131	0.533642479558409	0.497345737770428	0.661929876190739	0.407215273781019	0.358292462752295	-0.234590005401064	-0.732122255976307	-0.0204182320726161	-0.0444171331801322	-1.02066602762639	-0.262862276858161	-0.215677969350817	-0.33776250688556	0.19416423958184	0.0213854015017799	0.305132094393779	-0.525382892245362	-0.525382892245362	-0.525382892245362	-0.525382892245362	-0.525382892245362	-0.525382892245362	-0.525382892245362	-0.525382892245362	-0.525382892245362	-0.525382892245362	-0.525382892245362	-0.525382892245362	-0.525382892245362
0.0583841169718431	-0.932623988369766	-0.038612960102632	0.0666176271329658	-0.30196695672298	0.0464124027543341	0.592031225092892	0.715360344345807	-1.40836789668294	-1.76038648841559	0.661663648731876	1.21736645588752	1.21736645588752	1.21736645588752	1.21736645588752	1.21736645588752	1.21736645588752	1.21736645588752	1.21736645588752	1.21736645588752	1.21736645588752	1.21736645588752	1.93428455358697	1.93428455358697	1.93428455358697	1.93428455358697	1.93428455358697	1.93428455358697	1.93428455358697	1.93428455358697	1.93428455358697	1.93428455358697	1.93428455358697	-1.25445746943168	-0.404090072423219	-0.193354206051439	-0.399311262066541	-1.38005460954232	-0.935707087684182	-1.3871399723285	-0.103990478409212	-0.716326237103818	-1.04395601728536	-1.3871399723285	1.51620527999052	1.51620527999052	1.51620527999052	1.51620527999052	1.51620527999052	1.51620527999052	1.51620527999052	1.51620527999052	1.51620527999052	1.51620527999052	1.51620527999052	0.455003292238511	0.869292166970988	0.504451568222892	1.55897055973849	0.125875138427554	-0.63272365473047	0.455003292238511	-0.103215362620105	0.975366594010146	0.0559556987653788	-0.589970527756506	-0.824026087257875	0.134195773089759	-1.96223481860406	-0.244739156255194	0.759184771088656	-0.376843974303535	-0.104548696446961	-0.794169964768917	-0.0100334202253225	-0.996090939096078	-1.04721200645335	-1.01907159207397	-1.01907159207397	-1.01907159207397	-1.01907159207397	-1.01907159207397	-1.01907159207397	-1.01907159207397	-1.01907159207397	-1.01907159207397	-1.01907159207397	-1.01907159207397	-1.01907159207397	-1.01907159207397
-0.33262396530363	-0.0455422103130743	0.939480804191383	-0.155596826047229	0.0491785790219304	0.889944624178835	1.80453764611072	-0.831601586980539	1.05532585809273	1.6448325907662	0.245297572871863	0.170776437254276	0.170776437254276	0.170776437254276	0.170776437254276	0.170776437254276	0.170776437254276	0.170776437254276	0.170776437254276	0.170776437254276	0.170776437254276	0.170776437254276	-0.209116098653182	-0.209116098653182	-0.209116098653182	-0.209116098653182	-0.209116098653182	-0.209116098653182	-0.209116098653182	-0.209116098653182	-0.209116098653182	-0.209116098653182	-0.209116098653182	-1.09214673847979	0.335825761318069	-0.760687809382038	-0.218037801867972	-0.751568657622864	0.637788677464279	-0.600607477281956	1.0103543772349	-1.27881175217718	0.304022734777541	-0.600607477281954	0.125189317106879	0.125189317106879	0.125189317106879	0.125189317106879	0.125189317106879	0.125189317106879	0.125189317106879	0.125189317106879	0.125189317106879	0.125189317106879	0.125189317106879	0.337999764334493	0.475625153978828	0.674845848837823	-0.470041408693568	0.247444581000528	0.19560914204089	0.337999764334493	0.15782254843532	0.466828225952022	0.461025623496287	0.141204380138843	-0.373239260486333	0.714445417688586	1.08162427206315	1.22595641088952	-1.16760501641467	0.393231401185062	-1.33011766960627	-0.978403459550884	0.589267341784858	0.610924234739045	0.0945348459689388	-2.50956276551685	-2.50956276551685	-2.50956276551685	-2.50956276551685	-2.50956276551685	-2.50956276551685	-2.50956276551685	-2.50956276551685	-2.50956276551685	-2.50956276551685	-2.50956276551685	-2.50956276551685	-2.50956276551685
-1.94266202624092	0.738302468281496	-0.665895477424349	-0.640512270427586	0.223618493376292	-0.476205106041493	-0.53047345009368	-0.41450548012395	-0.221145395941704	-0.403777625272361	-0.13174425170551	0.325109131384183	0.325109131384183	0.325109131384183	0.325109131384183	0.325109131384183	0.325109131384183	0.325109131384183	0.325109131384183	0.325109131384183	0.325109131384183	0.325109131384183	0.964448362798659	0.964448362798659	0.964448362798659	0.964448362798659	0.964448362798659	0.964448362798659	0.964448362798659	0.964448362798659	0.964448362798659	0.964448362798659	0.964448362798659	0.983070512492032	1.3580936083111	0.295285466623984	1.1033339216601	1.56982811085114	1.0721684352621	1.18446444135364	1.80276736333567	1.02666459790077	1.37268084431791	1.18446444135364	-1.87887943249082	-1.87887943249082	-1.87887943249082	-1.87887943249082	-1.87887943249082	-1.87887943249082	-1.87887943249082	-1.87887943249082	-1.87887943249082	-1.87887943249082	-1.87887943249082	0.464671087788613	0.424749660927362	0.0118625860557649	0.664488433921168	0.26684444651222	0.390627952250215	0.464671087788613	0.640437577691446	-0.269291159307323	0.36665712566034	0.394283984550866	0.743539212540041	-1.63433189288851	0.21034755206377	-0.856230191003186	-1.00835693858175	-0.688252615251607	0.0704863960416736	-0.200415776374752	-1.15902211354418	-0.785408728225114	-1.3153670979937	-1.0543650606537	-1.0543650606537	-1.0543650606537	-1.0543650606537	-1.0543650606537	-1.0543650606537	-1.0543650606537	-1.0543650606537	-1.0543650606537	-1.0543650606537	-1.0543650606537	-1.0543650606537	-1.0543650606537
-1.44183091414643	-0.697261858786587	-1.2386400224011	-1.55037974972943	-0.6871159726957	0.1677752081174	1.06201508136978	-0.233587787827634	-0.34850090685255	-0.148276264183609	0.283576958946743	0.728678101791398	0.728678101791398	0.728678101791398	0.728678101791398	0.728678101791398	0.728678101791398	0.728678101791398	0.728678101791398	0.728678101791398	0.728678101791398	0.728678101791398	-0.0741466380970344	-0.0741466380970344	-0.0741466380970344	-0.0741466380970343	-0.0741466380970344	-0.0741466380970343	-0.0741466380970343	-0.0741466380970343	-0.0741466380970344	-0.0741466380970344	-0.0741466380970344	0.367258589396652	-0.318584519536388	-0.435628775772115	0.0620313224365007	0.142478875868289	0.0306417702866742	0.60710000046029	1.22932842175714	-0.0492890476774974	0.270258617877249	0.607100000460291	0.263690574963881	0.263690574963881	0.263690574963881	0.263690574963881	0.263690574963881	0.263690574963881	0.263690574963881	0.263690574963881	0.263690574963881	0.263690574963881	0.263690574963881	1.16431077075791	0.603884047592081	0.709244293693455	1.1735562918417	0.805534511202477	-0.0728532111941568	1.16431077075791	0.417720432402537	0.617754314612519	0.129128947646434	1.404713079647	-1.14367875976326	-0.965014359084087	-1.35170864502524	-0.563330712744394	-0.767517022813858	0.0696611110385561	-1.41854849911321	-1.68780945505901	-0.635385489252036	-0.179964198645755	-1.11644995766614	-0.319117237241916	-0.319117237241916	-0.319117237241916	-0.319117237241916	-0.319117237241916	-0.319117237241916	-0.319117237241916	-0.319117237241916	-0.319117237241916	-0.319117237241916	-0.319117237241916	-0.319117237241916	-0.319117237241916
-1.18493651285918	0.4176374084166	-0.946084505447622	-1.10196753261065	1.2398309003976	0.53550429523183	-0.0152957951527101	0.126761588225469	-0.406862904735541	-0.498079496178067	0.816434644650598	-0.274082203089018	-0.274082203089018	-0.274082203089018	-0.274082203089018	-0.274082203089018	-0.274082203089018	-0.274082203089018	-0.274082203089018	-0.274082203089018	-0.274082203089018	-0.274082203089018	0.580627074083597	0.580627074083597	0.580627074083597	0.580627074083597	0.580627074083597	0.580627074083597	0.580627074083597	0.580627074083597	0.580627074083597	0.580627074083598	0.580627074083597	0.514709754593612	0.643651207943551	-0.701715870374987	1.33149900616151	1.03033386013944	0.368400467035569	1.08340306761371	0.0585279494846796	-0.298126037843744	0.532057197488115	1.08340306761371	-0.0460048050943435	-0.0460048050943435	-0.0460048050943435	-0.0460048050943435	-0.0460048050943435	-0.0460048050943435	-0.0460048050943435	-0.0460048050943435	-0.0460048050943435	-0.0460048050943434	-0.0460048050943435	-0.594037216410389	-0.481186188560619	-0.497106588469367	-1.2163971234408	-0.397408422217562	0.104354906783908	-0.594037216410389	0.667765402025064	-0.639767596074814	0.34756631506729	-0.295974842731601	-0.585675044203917	1.59243592355977	-0.595285398003464	0.849404565246114	0.833214165044444	-1.52155224464975	-0.365282901954655	-0.105258481602161	-1.27400852582841	-0.120974108506954	0.712416610237957	-0.0552865254392896	-0.0552865254392896	-0.0552865254392896	-0.0552865254392896	-0.0552865254392896	-0.0552865254392896	-0.0552865254392896	-0.0552865254392896	-0.0552865254392896	-0.0552865254392896	-0.0552865254392896	-0.0552865254392897	-0.0552865254392896
1.8706242994245	1.81085866815037	1.08079677677036	1.54318738124791	1.63163567135209	1.4831604130305	0.66923022198662	-0.787211166436343	-0.324498803558679	1.0336769303704	0.439110795757609	1.22352511512732	1.22352511512732	1.22352511512732	1.22352511512732	1.22352511512732	1.22352511512732	1.22352511512732	1.22352511512732	1.22352511512732	1.22352511512732	1.22352511512732	0.0521105413448065	0.0521105413448065	0.0521105413448065	0.0521105413448066	0.0521105413448065	0.0521105413448066	0.0521105413448066	0.0521105413448066	0.0521105413448065	0.0521105413448065	0.0521105413448065	-2.03664957407425	-1.87230508342943	-2.23888629858384	-0.7159705655498	-1.54178735866505	-1.03789232101542	-0.63149018650278	-1.71019930195508	-2.80367844799094	-1.45216541711344	-0.631490186502778	0.111418204266023	0.111418204266023	0.111418204266023	0.111418204266023	0.111418204266023	0.111418204266023	0.111418204266023	0.111418204266023	0.111418204266023	0.111418204266023	0.111418204266023	1.06125365776343	1.38680850134999	0.993603906530916	1.36249072374685	1.16237442872374	1.21047161420291	1.06125365776343	1.19685998907911	0.962726520953753	1.51865004363667	1.05345165688732	-0.663761077560947	-1.77457753033447	-0.790868468652192	-0.709950243215959	-1.22961110731677	0.563929691549143	-0.156925932891787	-0.230454117544695	0.462199579293254	0.772597541760178	0.383704963551589	0.722089191315903	0.722089191315903	0.722089191315903	0.722089191315903	0.722089191315903	0.722089191315903	0.722089191315903	0.722089191315903	0.722089191315903	0.722089191315903	0.722089191315903	0.722089191315903	0.722089191315903
-0.510988148885013	-1.09606878175027	-0.347623053691572	-1.4861977281701	-1.11903429460221	-0.294434437631709	0.509749584161625	0.677580016981993	1.8031480913339	1.2532222978207	-0.353623775012944	-0.245342557493489	-0.245342557493489	-0.245342557493489	-0.245342557493489	-0.245342557493489	-0.245342557493489	-0.245342557493489	-0.245342557493489	-0.245342557493489	-0.245342557493488	-0.245342557493489	0.995760688816931	0.995760688816931	0.995760688816931	0.995760688816931	0.995760688816931	0.995760688816931	0.995760688816931	0.995760688816931	0.995760688816931	0.995760688816931	0.995760688816931	-0.423527851398028	-0.0766895409030096	-1.38984841685048	-1.24583455911873	-1.05190404006121	-0.554431817653998	-0.989111833270808	-1.64230376522855	-1.92171319039733	-0.645359202360986	-0.989111833270807	-1.0175970083293	-1.0175970083293	-1.0175970083293	-1.0175970083293	-1.0175970083293	-1.0175970083293	-1.0175970083293	-1.0175970083293	-1.0175970083293	-1.0175970083293	-1.0175970083293	1.31865129736492	1.0106176283266	1.25024878641411	1.2705369704684	1.53216409788499	0.505262275452099	1.31865129736492	1.71312271967137	1.38163939917475	1.75264837524163	1.00479700213336	-1.04599095428872	1.867848536005	0.0748316302226318	1.23765441205038	0.61211878538111	0.870445952736854	-0.677910620137891	-1.064013088676	0.121549358011547	-0.562235811965185	-0.168124637012943	-1.17819246855968	-1.17819246855968	-1.17819246855968	-1.17819246855968	-1.17819246855968	-1.17819246855968	-1.17819246855968	-1.17819246855968	-1.17819246855968	-1.17819246855968	-1.17819246855968	-1.17819246855968	-1.17819246855968
-1.29803237445848	0.877555986741778	-0.140256616404889	-0.341804770437459	1.22776471491877	0.724528739325527	0.667892381260764	-1.56617149588549	0.234855626547008	1.1125958623453	0.652677112125038	0.204305667664877	0.204305667664877	0.204305667664877	0.204305667664877	0.204305667664877	0.204305667664877	0.204305667664877	0.204305667664877	0.204305667664877	0.204305667664877	0.204305667664877	0.0918288759009081	0.0918288759009081	0.0918288759009081	0.0918288759009082	0.0918288759009081	0.0918288759009082	0.0918288759009082	0.0918288759009082	0.0918288759009081	0.0918288759009081	0.0918288759009081	-1.11095591289561	-1.83135696428794	0.523894816147952	-1.03572263475509	-0.351930521358103	-0.286928946061495	-0.0473714416273738	-0.107476115484789	0.177136595116315	0.079033451023047	-0.0473714416273743	-0.179632719814589	-0.179632719814589	-0.179632719814589	-0.179632719814589	-0.179632719814589	-0.179632719814589	-0.179632719814589	-0.179632719814589	-0.179632719814589	-0.179632719814589	-0.179632719814589	-0.390326794485179	0.256086028363405	0.0580927783490895	-0.355235280733809	-0.0802759070100969	-0.401752571531184	-0.390326794485179	-0.348045114133681	0.151672253792282	-0.628795085806913	-0.212089095444906	-0.212558927980728	0.575611675102989	0.938120616814115	-0.155270172076907	1.13455009446861	-0.177216132257433	1.374174183552	1.13126441189205	0.701720031810028	-0.0304762392716086	1.21750477349138	-0.934280084636841	-0.934280084636841	-0.934280084636841	-0.934280084636841	-0.934280084636841	-0.934280084636841	-0.934280084636841	-0.934280084636841	-0.934280084636841	-0.934280084636841	-0.934280084636841	-0.934280084636841	-0.934280084636841
-0.141886702820329	-1.14753047256112	-2.27991086948014	-1.98964245499853	-1.53896804788734	-0.344993497923743	-0.0201471511392567	-0.483714124888122	0.31558418283422	0.517734406540817	-0.368983894109451	-0.0302278031191014	-0.0302278031191014	-0.0302278031191014	-0.0302278031191014	-0.0302278031191014	-0.0302278031191014	-0.0302278031191014	-0.0302278031191014	-0.0302278031191014	-0.0302278031191014	-0.0302278031191014	0.0960170766816795	0.0960170766816795	0.0960170766816795	0.0960170766816796	0.0960170766816795	0.0960170766816796	0.0960170766816796	0.0960170766816796	0.0960170766816795	0.0960170766816795	0.0960170766816795	0.0394204435019173	-0.211239851808241	0.544010860958486	-2.06646493047273	-1.0250752423001	0.482352914418833	-0.728590247279199	0.302723588010412	0.605713848303055	1.10607642767204	-0.7285902472792	-2.00051965458925	-2.00051965458925	-2.00051965458925	-2.00051965458925	-2.00051965458925	-2.00051965458925	-2.00051965458925	-2.00051965458925	-2.00051965458925	-2.00051965458925	-2.00051965458925	0.451990398029273	0.612731544683726	1.04282348524141	-0.186080856276558	0.462088856116017	0.14343392302676	0.451990398029273	1.12499091033117	0.626756584801335	1.4213570439509	0.49708315850063	0.890715757635877	-0.189953728190831	1.01758183938189	-0.428504225396468	-0.570852587964716	-0.146711243530575	-0.520086478181555	0.253193311930146	0.364503169969228	-0.0539894582818783	-0.0706704037957045	-0.228554174458518	-0.228554174458518	-0.228554174458518	-0.228554174458518	-0.228554174458518	-0.228554174458518	-0.228554174458518	-0.228554174458518	-0.228554174458518	-0.228554174458518	-0.228554174458518	-0.228554174458518	-0.228554174458518
0.505327224490924	0.245409827943524	-0.831408440644698	-0.430691632283665	0.556953069047007	-0.139058002811153	0.565252729666077	-0.102810036420222	0.395240511949808	0.00633950325908058	-0.209482018016402	-1.9680948765339	-1.9680948765339	-1.9680948765339	-1.9680948765339	-1.9680948765339	-1.9680948765339	-1.9680948765339	-1.9680948765339	-1.9680948765339	-1.9680948765339	-1.9680948765339	0.0721459055739366	0.0721459055739366	0.0721459055739366	0.0721459055739367	0.0721459055739366	0.0721459055739367	0.0721459055739367	0.0721459055739367	0.0721459055739366	0.0721459055739366	0.0721459055739366	-1.52180282149652	-0.869336223566296	-0.516087857635471	-1.25915792242113	-0.597131375585955	-0.492137249812191	-0.86081671248273	0.0209179332688374	-0.55471843330093	-0.124938939246734	-0.86081671248273	-1.26664262716	-1.26664262716	-1.26664262716	-1.26664262716	-1.26664262716	-1.26664262716	-1.26664262716	-1.26664262716	-1.26664262716	-1.26664262716	-1.26664262716	0.856604229826537	0.56227177783701	0.663486027440479	0.885972756777105	0.21011532806255	0.673425118074081	0.856604229826537	0.131406406165933	0.766774787052878	0.438474000551428	1.07857397991826	0.273565894707844	0.509697172402211	-0.59708418576529	-0.0229829688038002	0.423438375500868	-1.35208034135217	0.155070470944938	0.318810828927508	-0.934065602981173	0.453348235516106	0.57062903895808	0.978578749244836	0.978578749244836	0.978578749244836	0.978578749244836	0.978578749244836	0.978578749244836	0.978578749244836	0.978578749244836	0.978578749244836	0.978578749244837	0.978578749244836	0.978578749244836	0.978578749244836
-0.0804677088510228	-0.440323615214491	-0.287422273181227	-0.0676208953969249	-0.233717755936958	0.993692421524157	0.346983540155383	-0.614454103452868	-2.17754522950041	-0.927735065405274	0.81945325283099	-0.663741305635332	-0.663741305635332	-0.663741305635332	-0.663741305635332	-0.663741305635332	-0.663741305635332	-0.663741305635332	-0.663741305635332	-0.663741305635332	-0.663741305635332	-0.663741305635332	0.101736335844691	0.101736335844691	0.101736335844691	0.101736335844691	0.101736335844691	0.101736335844691	0.101736335844691	0.101736335844691	0.101736335844691	0.101736335844691	0.101736335844691	0.113298933049927	0.000745942895359134	-1.03869447221555	1.45722483296607	-0.104634254825946	-0.0302598339896179	0.347138673004912	-0.24639970911811	-0.67261157587522	-1.02775999582193	0.347138673004912	-0.811365947417908	-0.811365947417908	-0.811365947417908	-0.811365947417908	-0.811365947417908	-0.811365947417908	-0.811365947417908	-0.811365947417908	-0.811365947417908	-0.811365947417908	-0.811365947417908	-0.742881264808315	-1.10099488387239	-0.69577511416394	-0.814054321992374	0.131155590248983	-1.60537054367562	-0.742881264808315	-2.03627801903113	-0.956201031531013	-1.54500231498939	-1.18720799006239	1.41350681185723	-1.42637560299044	1.02004031939477	-0.472032054105108	0.448425137496121	-0.550445358520905	1.57567866054368	1.87627700160205	-0.985526135638166	1.33953358973807	0.797386982227569	1.10779755328107	1.10779755328107	1.10779755328107	1.10779755328107	1.10779755328107	1.10779755328107	1.10779755328107	1.10779755328107	1.10779755328107	1.10779755328107	1.10779755328107	1.10779755328107	1.10779755328107
0.868347831196327	-1.59659033646287	-0.462264583622649	0.284876959781759	-1.56442619612914	-0.599063676477005	-0.152626220868292	0.172079923015675	-0.0493813970943335	1.16236465461287	0.590280027913192	0.398501804934056	0.398501804934056	0.398501804934056	0.398501804934056	0.398501804934056	0.398501804934056	0.398501804934056	0.398501804934056	0.398501804934056	0.398501804934056	0.398501804934056	1.9138291048851	1.9138291048851	1.9138291048851	1.9138291048851	1.9138291048851	1.9138291048851	1.9138291048851	1.9138291048851	1.9138291048851	1.9138291048851	1.9138291048851	0.128791893717136	0.225701392545195	-0.715650623106665	1.75342802782083	0.71776001867366	-0.0617171164120975	0.920803489674059	1.03200208792206	0.0947555383733642	-0.360286319135464	0.920803489674059	0.30842951597274	0.30842951597274	0.30842951597274	0.30842951597274	0.30842951597274	0.30842951597274	0.30842951597274	0.30842951597274	0.30842951597274	0.308429515972741	0.30842951597274	0.165546052584106	-0.672995370743158	-0.270019371771204	0.122096320631135	-0.951975159922448	0.0153683461874948	0.165546052584107	0.146554484059812	0.292010124152376	0.758284838376968	0.291511456301592	-0.0363623410936577	1.62198778466383	0.0189210911691367	1.16617745822645	1.46084142748121	0.467780625363009	0.234650298360912	0.0156250981227824	0.337438948345162	0.342096545232821	0.000261793944214852	-0.814675212586329	-0.814675212586329	-0.814675212586329	-0.814675212586329	-0.814675212586329	-0.814675212586329	-0.814675212586329	-0.814675212586329	-0.814675212586329	-0.814675212586329	-0.814675212586329	-0.814675212586329	-0.814675212586329
-0.551655027339532	-0.2484308230404	0.136460513494829	-0.405142553408718	0.290164315900973	0.382006496111123	-0.316208206550003	0.688537611565211	-1.45276586542148	-2.00382088551637	0.212110682613927	-0.24076526786446	-0.24076526786446	-0.24076526786446	-0.24076526786446	-0.24076526786446	-0.24076526786446	-0.24076526786446	-0.24076526786446	-0.24076526786446	-0.24076526786446	-0.24076526786446	-0.167393793189634	-0.167393793189634	-0.167393793189634	-0.167393793189634	-0.167393793189634	-0.167393793189634	-0.167393793189634	-0.167393793189634	-0.167393793189634	-0.167393793189634	-0.167393793189634	0.489659466345684	1.32489661683807	0.674436162622574	2.01010039242391	1.85054270904476	1.28166172690578	1.07526111413572	1.29615436006589	0.660922579563202	0.980278565246343	1.07526111413572	0.200614785066492	0.200614785066492	0.200614785066492	0.200614785066492	0.200614785066492	0.200614785066492	0.200614785066492	0.200614785066492	0.200614785066492	0.200614785066492	0.200614785066492	-0.669844590572182	-0.568330209663411	-0.84538060487069	-0.340586295072979	-0.59251655480104	-0.862218676154728	-0.669844590572181	-0.258742550040421	-0.879157889456078	-0.0830458401506334	-1.10997420965836	-0.983395592263446	0.79065252725839	0.32840896210073	0.755844791043792	-0.160580129670326	-1.16382370676271	-0.138402388226731	-0.903167519477019	-0.397889373671276	-0.96460788458178	-0.255048341470299	0.572051888527907	0.572051888527907	0.572051888527907	0.572051888527907	0.572051888527907	0.572051888527907	0.572051888527907	0.572051888527907	0.572051888527907	0.572051888527907	0.572051888527907	0.572051888527907	0.572051888527907
0.139289819413079	0.279947116969609	0.806120082142137	0.227818663109164	-0.180576165405856	-0.984030174554695	-1.33609356277539	-0.597843621996328	0.580488315971019	-0.498305262093075	-1.59493102301612	1.08650547755046	1.08650547755046	1.08650547755046	1.08650547755046	1.08650547755046	1.08650547755046	1.08650547755046	1.08650547755046	1.08650547755046	1.08650547755046	1.08650547755046	-0.396403830210804	-0.396403830210804	-0.396403830210804	-0.396403830210804	-0.396403830210804	-0.396403830210804	-0.396403830210804	-0.396403830210804	-0.396403830210804	-0.396403830210804	-0.396403830210804	1.7763763722217	1.78753552742106	1.53673690806207	0.948894242145626	0.867946095906613	1.98811336205866	1.38434194968166	1.64810062467721	1.09143292938712	1.75036962864297	1.38434194968167	0.538390434906914	0.538390434906914	0.538390434906914	0.538390434906914	0.538390434906914	0.538390434906914	0.538390434906914	0.538390434906914	0.538390434906914	0.538390434906914	0.538390434906914	-1.27072179370395	-0.964449532208339	-1.17285848611298	-1.32610196096934	-0.664096069153612	-1.39449855359793	-1.27072179370395	-1.38456256034642	-0.896277324410587	-1.06451416545915	-1.74743264518183	-0.190245863976164	0.498777473396616	0.0966828201425236	0.0929903876084416	1.37765150265651	0.339884646155628	1.15990175501306	0.0439143484910738	-0.475827972499329	-1.41277529886518	-0.456876580242129	1.96301115569864	1.96301115569864	1.96301115569864	1.96301115569864	1.96301115569864	1.96301115569864	1.96301115569864	1.96301115569864	1.96301115569864	1.96301115569864	1.96301115569864	1.96301115569864	1.96301115569864
-0.956976861711012	-0.0862914345440856	0.249083401780873	-0.962759453863506	-0.407752055832616	0.345098252005789	-0.167406159180385	0.505027777003535	-1.54540077853574	-1.90412279102562	-0.367613649616828	-1.05803248192026	-1.05803248192026	-1.05803248192026	-1.05803248192026	-1.05803248192026	-1.05803248192026	-1.05803248192026	-1.05803248192026	-1.05803248192026	-1.05803248192026	-1.05803248192026	0.0162366983218185	0.0162366983218185	0.0162366983218185	0.0162366983218187	0.0162366983218185	0.0162366983218187	0.0162366983218187	0.0162366983218187	0.0162366983218185	0.0162366983218185	0.0162366983218185	-1.01864420161779	-0.542777918896182	-1.16507972830504	-0.123386857865109	0.0321200854693885	-0.251597507219453	0.218576538271003	0.0555144760529616	-1.52467309553744	-0.235225250159019	0.218576538271005	-1.03258096600184	-1.03258096600184	-1.03258096600184	-1.03258096600184	-1.03258096600184	-1.03258096600184	-1.03258096600184	-1.03258096600184	-1.03258096600184	-1.03258096600184	-1.03258096600184	-0.811799876617965	-0.180992043865707	-0.549411133206382	0.309837955234423	-1.80133722224263	-1.39528621117367	-0.811799876617964	-0.543743589525185	-0.130463830160803	-0.0242011705664116	-1.03363562243335	-0.621992022429713	0.495169464254277	0.221131068391291	0.268941893719447	0.992794501520844	0.315932920900167	0.399821085974221	-0.492705289409674	-0.205219790824864	-1.28169311976673	-0.830895656825131	1.01120676423324	1.01120676423324	1.01120676423324	1.01120676423324	1.01120676423324	1.01120676423324	1.01120676423324	1.01120676423324	1.01120676423324	1.01120676423324	1.01120676423324	1.01120676423324	1.01120676423324
-0.537134654129587	-0.413491282003147	-1.03186929408662	0.780964687324362	-0.310562803800925	-1.22179040665744	-0.368888938377233	1.55178535132902	0.57166446389897	0.181014260041912	1.29010839530117	-1.2909019543778	-1.2909019543778	-1.2909019543778	-1.2909019543778	-1.2909019543778	-1.2909019543778	-1.2909019543778	-1.2909019543778	-1.2909019543778	-1.2909019543778	-1.2909019543778	-1.11212572608094	-1.11212572608094	-1.11212572608094	-1.11212572608094	-1.11212572608094	-1.11212572608094	-1.11212572608094	-1.11212572608094	-1.11212572608094	-1.11212572608094	-1.11212572608094	0.85498041167424	-0.0868042746951967	-0.468878670300852	-0.34938450425832	-1.06640415809646	0.13874813285311	0.378229993315541	-0.0692855145452523	-0.800072480586919	-0.222681416009029	0.378229993315543	1.48386588957948	1.48386588957948	1.48386588957948	1.48386588957948	1.48386588957948	1.48386588957948	1.48386588957948	1.48386588957948	1.48386588957948	1.48386588957948	1.48386588957948	0.105072930061142	-0.898716944749939	-0.645087377698516	-0.790221533290531	-0.0830009990276939	0.633238742784946	0.105072930061142	0.509269679621986	-1.08444878280603	0.265019446010239	0.657636851824301	-0.263525904826751	-0.945068051027392	-0.0421869561953484	0.0920586716502496	-1.14154864312528	0.968156800892238	-0.188666125677974	-0.67542489151697	0.537443362934812	-0.683539511485583	-1.11487425663498	-2.64648696459098	-2.64648696459098	-2.64648696459098	-2.64648696459098	-2.64648696459098	-2.64648696459098	-2.64648696459098	-2.64648696459098	-2.64648696459098	-2.64648696459098	-2.64648696459098	-2.64648696459098	-2.64648696459098
1.74740501298067	-0.0149942197705461	0.350924110356555	0.616547099557317	0.367895455167651	0.0799378396631553	0.0293191803715377	1.7911981165887	-0.93498763494888	-0.971222844125907	0.514248624343809	-0.280230623260001	-0.280230623260001	-0.280230623260001	-0.280230623260001	-0.280230623260001	-0.280230623260001	-0.280230623260001	-0.280230623260001	-0.280230623260001	-0.280230623260001	-0.280230623260001	0.79863776659773	0.79863776659773	0.79863776659773	0.79863776659773	0.79863776659773	0.79863776659773	0.79863776659773	0.79863776659773	0.79863776659773	0.79863776659773	0.79863776659773	-0.170749690502206	0.483288286133967	0.442843730195545	1.55732433889082	1.70300698117806	1.03534871570031	1.63035348466103	0.71462925546166	0.256272652007788	1.13043126708233	1.63035348466103	-0.354286445874817	-0.354286445874817	-0.354286445874817	-0.354286445874817	-0.354286445874817	-0.354286445874817	-0.354286445874817	-0.354286445874817	-0.354286445874817	-0.354286445874817	-0.354286445874817	-1.58687447544383	-1.78258364051646	-1.46659358124283	-1.18671510413705	-2.06376819076766	-0.771905837346051	-1.58687447544383	-1.98462528769031	-1.52225999741764	-1.85676714631994	-0.884809606082536	2.23269353128117	-0.0367175952155565	1.96652465552656	1.35805777678554	0.64410494120292	0.656100043842535	1.71911514130004	1.12715369252369	-0.0868254911516222	0.849238149996868	0.301479911319132	-0.296045058403325	-0.296045058403325	-0.296045058403325	-0.296045058403325	-0.296045058403325	-0.296045058403325	-0.296045058403325	-0.296045058403325	-0.296045058403325	-0.296045058403325	-0.296045058403325	-0.296045058403325	-0.296045058403325
0.0717290147159901	0.51358970105813	1.15930256322542	0.179959311965662	-0.325650821765939	0.369235358735933	-0.418604711482224	-1.25122388847886	-0.940813039577411	-0.0612017644790194	-0.834503014594345	0.749778598826106	0.749778598826106	0.749778598826106	0.749778598826106	0.749778598826106	0.749778598826106	0.749778598826106	0.749778598826106	0.749778598826106	0.749778598826106	0.749778598826106	-0.359399824851634	-0.359399824851634	-0.359399824851634	-0.359399824851634	-0.359399824851634	-0.359399824851634	-0.359399824851634	-0.359399824851634	-0.359399824851634	-0.359399824851634	-0.359399824851634	-1.09394092738173	-0.3605847537662	-1.35537956662276	-0.358847124522452	-1.07977541118478	0.359859513526132	-0.705635901924009	0.114431930217242	-1.44226213741223	-0.212968740069938	-0.705635901924009	-0.832808937808257	-0.832808937808257	-0.832808937808257	-0.832808937808257	-0.832808937808257	-0.832808937808257	-0.832808937808257	-0.832808937808257	-0.832808937808257	-0.832808937808257	-0.832808937808257	-2.03704310921589	-3.34183256269314	-2.72611344114846	-3.19557021442971	-1.7001652204041	-1.59106460056713	-2.03704310921589	-1.35153700151988	-2.81580844224971	-1.62937811002922	-1.73957918062985	-0.118840072793248	1.04394874775993	-0.134359580358083	0.557828815844027	0.938553736065837	1.68030960746954	1.21592315091875	1.1997843999813	1.98560510885555	0.251708534741667	1.55997409844405	-1.52173146463134	-1.52173146463134	-1.52173146463134	-1.52173146463134	-1.52173146463134	-1.52173146463134	-1.52173146463134	-1.52173146463134	-1.52173146463134	-1.52173146463134	-1.52173146463134	-1.52173146463134	-1.52173146463134
-0.63296611678761	0.942682976437001	-0.513882455433843	-1.09971235730346	-0.013065176525627	1.32621548132642	1.2064073687191	1.61371159239047	0.141873567333026	0.17549136955999	0.546942129852911	0.00592333494195317	0.00592333494195317	0.00592333494195317	0.00592333494195317	0.00592333494195317	0.00592333494195317	0.00592333494195317	0.00592333494195317	0.00592333494195317	0.00592333494195317	0.00592333494195317	0.324628128658314	0.324628128658314	0.324628128658314	0.324628128658314	0.324628128658314	0.324628128658314	0.324628128658314	0.324628128658314	0.324628128658314	0.324628128658314	0.324628128658314	0.0196685680292464	0.531467484122965	2.09222357914864	0.017550662885752	0.703100004895378	0.867718821599505	0.951091365553928	0.914662161486889	1.70346264526889	1.80312046904336	0.951091365553928	-0.457321364639732	-0.457321364639732	-0.457321364639732	-0.457321364639732	-0.457321364639732	-0.457321364639732	-0.457321364639732	-0.457321364639732	-0.457321364639732	-0.457321364639732	-0.457321364639732	0.792734888691096	0.81877571994487	0.337045959753682	0.323862996437827	-0.0991212560487059	1.18938526585306	0.792734888691096	1.48384886948986	0.0629817207918635	0.91821025813023	0.948691732479623	-0.375175864596035	0.104552573725017	-2.11683236003684	-0.518617906688743	-0.406642154165534	1.3845370248012	-1.02963017370805	-0.100930950951308	0.382165609655639	0.60543556723197	0.383036936525918	0.667685062873091	0.667685062873091	0.667685062873091	0.667685062873091	0.667685062873091	0.667685062873091	0.667685062873091	0.667685062873091	0.667685062873091	0.667685062873091	0.667685062873091	0.667685062873091	0.667685062873091
0.0123495190384993	0.759920558456501	1.26723636060234	0.718434704204019	1.22673395936791	1.67117726960854	1.47454185606369	0.76988044747022	0.354726949488213	1.3220712781906	1.65954466195043	-1.79438241260536	-1.79438241260536	-1.79438241260536	-1.79438241260536	-1.79438241260536	-1.79438241260536	-1.79438241260536	-1.79438241260536	-1.79438241260536	-1.79438241260536	-1.79438241260536	-0.382089108848409	-0.382089108848409	-0.382089108848409	-0.382089108848409	-0.382089108848409	-0.382089108848409	-0.382089108848409	-0.382089108848409	-0.382089108848409	-0.382089108848409	-0.382089108848409	-0.593622169874177	-0.730534279669197	-1.34904795111997	-0.19355186480448	-0.437209922573138	-1.15040056032997	-0.551111830607478	-0.171324876612679	-1.03769531959389	-1.05962650758794	-0.551111830607477	-0.458444421072811	-0.458444421072811	-0.458444421072811	-0.458444421072811	-0.458444421072811	-0.458444421072811	-0.458444421072811	-0.458444421072811	-0.458444421072811	-0.458444421072811	-0.458444421072811	1.70697255451911	0.220396580109355	0.767708096783844	1.07267596115326	0.20306493758255	0.905073938147225	1.70697255451911	1.20378786673182	0.994839879211279	0.994541455112586	1.32040724743997	0.918253952974701	0.358572482522553	0.587359701612973	0.963608327833308	0.888233717923358	0.854131319181279	0.338398906575794	0.660128213563197	1.1438890942296	1.72698756008815	0.476732265257556	0.970579942164213	0.970579942164213	0.970579942164213	0.970579942164213	0.970579942164213	0.970579942164213	0.970579942164213	0.970579942164213	0.970579942164213	0.970579942164213	0.970579942164213	0.970579942164213	0.970579942164213
-0.382095850004506	-0.23808157130998	0.717645144750057	0.66175586723956	-0.489041543155865	0.2528257701331	-0.440427304639109	1.31610237066732	-1.08279919376051	-1.09884490191959	0.528359976822469	1.00121411451709	1.00121411451709	1.00121411451709	1.00121411451709	1.00121411451709	1.00121411451709	1.00121411451709	1.00121411451709	1.00121411451709	1.00121411451709	1.00121411451709	-0.338446089414799	-0.338446089414799	-0.338446089414799	-0.338446089414799	-0.338446089414799	-0.338446089414799	-0.338446089414799	-0.338446089414799	-0.338446089414799	-0.338446089414799	-0.338446089414799	0.143493566355213	1.51635016830336	0.245473157373621	0.354082797936966	0.397013056911105	1.76883958659029	0.537565523004369	-0.0697097380167745	-0.336566408817718	1.2022671866639	0.537565523004369	-1.21483545777332	-1.21483545777332	-1.21483545777332	-1.21483545777332	-1.21483545777332	-1.21483545777332	-1.21483545777332	-1.21483545777332	-1.21483545777332	-1.21483545777332	-1.21483545777332	0.258264858575881	0.369914970617591	0.526242773728537	0.280488502533804	-0.295703736090936	0.777331645472763	0.258264858575882	0.611540334433798	0.383697885087286	1.0817779878182	0.411205790191734	0.205852149627159	0.219861208242162	0.602227844581381	-0.0467922613979024	0.955259436895705	0.753702821696929	0.504111267094359	0.118945596223062	1.3340214937227	-0.498629668567012	-1.09036777349823	0.730302385262554	0.730302385262554	0.730302385262554	0.730302385262554	0.730302385262554	0.730302385262554	0.730302385262554	0.730302385262554	0.730302385262554	0.730302385262554	0.730302385262554	0.730302385262554	0.730302385262554
0.952287982259355	0.272018783888922	0.192285127781716	0.563938541804671	0.421554025525423	-1.16631826550708	-0.241947189457677	-0.152376081529213	1.15513408471857	0.338491695958143	-0.775554975014126	-1.20441691404838	-1.20441691404838	-1.20441691404838	-1.20441691404838	-1.20441691404838	-1.20441691404838	-1.20441691404838	-1.20441691404838	-1.20441691404838	-1.20441691404838	-1.20441691404838	-0.145078629296527	-0.145078629296527	-0.145078629296527	-0.145078629296526	-0.145078629296527	-0.145078629296526	-0.145078629296526	-0.145078629296526	-0.145078629296527	-0.145078629296527	-0.145078629296527	0.753255378260787	0.444223628641567	0.489309793875334	0.384095136660074	-0.345344085252233	-1.13802641983545	0.0934128019551806	-0.280077833952047	1.01297185219207	-0.533479375808306	0.0934128019551817	-0.584116427082484	-0.584116427082484	-0.584116427082484	-0.584116427082484	-0.584116427082484	-0.584116427082484	-0.584116427082484	-0.584116427082484	-0.584116427082484	-0.584116427082484	-0.584116427082484	0.423160203735055	0.790768254725662	0.978249497101243	-0.436232321523686	0.812224385794881	1.11956489062396	0.423160203735056	-0.231072440996831	0.560661961771007	0.334853421368099	0.46312263541442	-1.87656496686461	-0.146054673871136	-1.457036292905	-1.01434666341054	-0.981634208681033	-0.762348619507814	-1.01639976191505	-1.18410513192511	-0.802036264340271	-1.49551514742241	-0.565369720525121	-0.291062518868847	-0.291062518868847	-0.291062518868847	-0.291062518868847	-0.291062518868847	-0.291062518868847	-0.291062518868847	-0.291062518868847	-0.291062518868847	-0.291062518868847	-0.291062518868847	-0.291062518868847	-0.291062518868847
-0.769645381103666	0.462563564923864	-0.0814164834356299	-1.10333022512425	0.315743254698118	-0.704562224180321	0.0850586878500695	-1.64717246670355	1.41457250818633	1.07495471401465	-1.20922185606689	-0.160824394193924	-0.160824394193924	-0.160824394193924	-0.160824394193924	-0.160824394193924	-0.160824394193924	-0.160824394193924	-0.160824394193924	-0.160824394193924	-0.160824394193924	-0.160824394193924	-0.257866067875389	-0.257866067875389	-0.257866067875389	-0.257866067875389	-0.257866067875389	-0.257866067875389	-0.257866067875389	-0.257866067875389	-0.257866067875389	-0.257866067875389	-0.257866067875389	0.213788196046534	-0.162873608969299	0.688371043187036	-1.55533087484572	-1.52811084066356	0.789013959034776	-0.497659903784873	-1.37876172774341	-0.533725251344033	0.127552043687535	-0.497659903784873	-1.60774859833673	-1.60774859833673	-1.60774859833673	-1.60774859833673	-1.60774859833673	-1.60774859833673	-1.60774859833673	-1.60774859833673	-1.60774859833673	-1.60774859833673	-1.60774859833673	0.240205236194323	0.0372523563758917	0.26405648798519	-0.0133323375736392	1.15341337685804	0.130987495704156	0.240205236194323	0.912762554902716	0.199983465120866	0.653141827764412	-0.0379715825291229	-1.48969613385706	0.77900900169165	-1.68542416625548	-0.670275536615667	0.903881396361401	-1.8653843389848	-0.777005479030847	-1.12891086510246	-2.30635150103341	-2.03025438875687	-1.75304640382923	0.156841740720111	0.156841740720111	0.156841740720111	0.156841740720111	0.156841740720111	0.156841740720111	0.156841740720111	0.156841740720111	0.156841740720111	0.156841740720111	0.156841740720111	0.156841740720111	0.156841740720111
0.545896884405808	1.74148847259232	0.701268392183594	1.21681820672322	1.7931900118644	0.879595513977418	-0.180764219655007	0.905412541106189	0.216350158499907	0.617059762920395	1.00987146227988	-1.36873089768631	-1.36873089768631	-1.36873089768631	-1.36873089768631	-1.36873089768631	-1.36873089768631	-1.36873089768631	-1.36873089768631	-1.36873089768631	-1.36873089768631	-1.36873089768631	0.576437545758555	0.576437545758555	0.576437545758555	0.576437545758555	0.576437545758555	0.576437545758555	0.576437545758555	0.576437545758555	0.576437545758555	0.576437545758555	0.576437545758555	1.02995969752718	0.374662678883513	1.09583553073341	-0.0359199107659199	0.891811748661162	1.11677898147794	1.04549583486769	1.27951641301369	1.42455449378555	1.51076098913404	1.04549583486769	1.19087429913698	1.19087429913698	1.19087429913698	1.19087429913698	1.19087429913698	1.19087429913698	1.19087429913698	1.19087429913698	1.19087429913698	1.19087429913698	1.19087429913698	2.45801160500323	2.3838028951311	2.21627864731465	2.04265012490089	2.63179620940469	0.584971776719662	2.45801160500323	1.67066155287097	2.33526843591515	1.61601859062776	1.80392546454694	-0.270953915846179	-1.68189805906161	-0.0177643075469333	-1.1009474254578	-0.747247342030763	-0.957865426416821	0.444133717242986	0.297185970517329	-1.22959574775956	0.880666224714775	-0.0189518187329798	-1.1813805814165	-1.1813805814165	-1.1813805814165	-1.1813805814165	-1.1813805814165	-1.1813805814165	-1.1813805814165	-1.1813805814165	-1.1813805814165	-1.1813805814165	-1.1813805814165	-1.1813805814165	-1.1813805814165
0.938456785849226	0.110075226158857	1.55026900324344	0.506451602872134	0.0662262085717732	-0.221263691448324	-1.03179084419491	-0.858558876089784	-0.952069496143013	-0.91706147528863	-1.21469241847111	-1.28044362849744	-1.28044362849744	-1.28044362849744	-1.28044362849744	-1.28044362849744	-1.28044362849744	-1.28044362849744	-1.28044362849744	-1.28044362849744	-1.28044362849744	-1.28044362849744	0.560766285881503	0.560766285881503	0.560766285881503	0.560766285881503	0.560766285881503	0.560766285881503	0.560766285881503	0.560766285881503	0.560766285881503	0.560766285881503	0.560766285881503	-1.51587532033281	-1.17677235751318	-1.28757814159685	-0.883098795919773	-0.956486079002551	-1.4077531299688	-1.4257652719657	0.520125249266182	-1.00020152856268	-0.92513974801952	-1.4257652719657	0.944004043218752	0.944004043218752	0.944004043218752	0.944004043218752	0.944004043218752	0.944004043218752	0.944004043218752	0.944004043218752	0.944004043218752	0.944004043218752	0.944004043218752	-2.48677123684661	-1.54509830043294	-1.68531841234111	-1.74729956200734	-1.44793291451434	-1.28119552742299	-2.48677123684661	-1.50251475336387	-1.05147783598321	-1.92257776854302	-2.21563754613187	0.606327357034372	-1.403063012238	-0.558846268056678	-1.37421509373178	-0.753345123640915	-0.959409697021916	-1.12431347674526	-0.00165853568597998	-1.85316031452978	0.0394439699876552	-0.535759224251018	-0.892803509650315	-0.892803509650315	-0.892803509650315	-0.892803509650315	-0.892803509650315	-0.892803509650315	-0.892803509650315	-0.892803509650315	-0.892803509650315	-0.892803509650315	-0.892803509650315	-0.892803509650315	-0.892803509650315
-0.613874701957575	1.01296553351429	0.271852747646572	-1.16178665830004	0.699387330967309	-1.13225423757985	-0.609192955055664	-1.562277949654	0.478796971007375	0.683754121317094	-1.47801461113786	1.89982370674282	1.89982370674282	1.89982370674282	1.89982370674282	1.89982370674282	1.89982370674282	1.89982370674282	1.89982370674282	1.89982370674282	1.89982370674282	1.89982370674282	-0.420081900462691	-0.420081900462691	-0.420081900462691	-0.420081900462691	-0.420081900462691	-0.420081900462691	-0.420081900462691	-0.420081900462691	-0.420081900462691	-0.420081900462691	-0.420081900462691	1.41560957911044	1.3379732836145	0.408325953248644	1.18627185881743	1.12332241761481	1.61919653205314	1.14188823529873	0.252606048367333	0.471742269895857	1.14552917377919	1.14188823529873	-0.489367172268454	-0.489367172268454	-0.489367172268454	-0.489367172268454	-0.489367172268454	-0.489367172268454	-0.489367172268454	-0.489367172268454	-0.489367172268454	-0.489367172268454	-0.489367172268454	0.465141996738588	0.35340506718959	0.382666284888161	-0.375874849228279	0.80166372545068	1.27376424244558	0.465141996738588	-0.0893866444649025	-0.160734717606339	-0.219516917307256	0.992965742929841	-0.681344759222759	1.30274766503197	0.142700377991936	0.68116483611184	0.728655731850474	0.652388201894202	-0.265621828514045	0.790756824090085	0.678060475866984	2.20024028190954	2.88027655688492	-1.50518134658792	-1.50518134658792	-1.50518134658792	-1.50518134658792	-1.50518134658792	-1.50518134658792	-1.50518134658792	-1.50518134658792	-1.50518134658792	-1.50518134658792	-1.50518134658792	-1.50518134658792	-1.50518134658792
-1.29142088916176	0.454657107854932	-1.30413720669706	-1.11610636485407	0.262626303771289	0.291873821270607	-0.437101238698461	-0.447556617222638	-1.00136597279588	-1.08217619728339	-0.0943236111316153	-0.420369500420605	-0.420369500420605	-0.420369500420605	-0.420369500420605	-0.420369500420605	-0.420369500420605	-0.420369500420605	-0.420369500420605	-0.420369500420605	-0.420369500420605	-0.420369500420605	-1.57660882171872	-1.57660882171872	-1.57660882171872	-1.57660882171872	-1.57660882171872	-1.57660882171872	-1.57660882171872	-1.57660882171872	-1.57660882171872	-1.57660882171872	-1.57660882171872	0.897764129393105	1.18244344554214	0.88670396123434	-0.191242314349813	0.123985485385298	1.26690032219883	0.328411023460895	-0.383522594595493	0.643822575752666	1.45215302951267	0.328411023460893	-0.598340508319027	-0.598340508319027	-0.598340508319027	-0.598340508319027	-0.598340508319027	-0.598340508319027	-0.598340508319027	-0.598340508319027	-0.598340508319027	-0.598340508319027	-0.598340508319027	1.52662662483177	1.45040404666347	1.52884045753278	1.51349724000383	0.576133438329286	1.27099125031833	1.52662662483177	1.80954030548157	1.84171285558796	1.91337711014337	1.43759704939885	0.4367635150811	0.523072256279164	-0.0960329734289265	-0.296005294729109	0.378263136740133	-0.165694537467668	-0.11836653533357	0.635624831321031	-0.235160190855099	0.341604753247936	0.0837161628835108	0.365041166570318	0.365041166570318	0.365041166570318	0.365041166570318	0.365041166570318	0.365041166570318	0.365041166570318	0.365041166570318	0.365041166570318	0.365041166570318	0.365041166570318	0.365041166570318	0.365041166570318
0.0396288343798008	-1.34407179180251	0.0873163219689955	0.733258263500081	0.203863608793571	1.41321219706558	1.8755762013431	0.526844175452608	-0.369340093847882	0.541875432518729	2.44480425928623	-0.198167319335301	-0.198167319335301	-0.198167319335301	-0.198167319335301	-0.198167319335301	-0.198167319335301	-0.198167319335301	-0.198167319335301	-0.198167319335301	-0.198167319335301	-0.198167319335301	1.02291232673348	1.02291232673348	1.02291232673348	1.02291232673348	1.02291232673348	1.02291232673348	1.02291232673348	1.02291232673348	1.02291232673348	1.02291232673348	1.02291232673348	-0.113063110609874	0.0423598050402893	-0.271283234179936	0.579647191877831	-0.013628167117115	-0.68485415921605	0.364427263746364	0.153374846031923	0.132122659064893	-0.381461228354619	0.364427263746366	0.762483081750139	0.762483081750139	0.762483081750139	0.762483081750139	0.762483081750139	0.762483081750139	0.762483081750139	0.762483081750139	0.762483081750139	0.76248308175014	0.762483081750139	0.383657645777685	0.716335523581786	0.312767285911506	0.299259645361169	0.336237128193265	0.128044921257351	0.383657645777684	0.420587213276314	-0.140416768694865	0.348537015822382	0.378442917471426	-1.04110031366139	-0.697725903751507	-1.36560374416812	-1.33749475767849	-1.07097402322347	-1.39114610204792	-1.71819546967421	-1.55711458494888	0.00427451571105847	-1.8822614087579	-1.33472718961148	-0.120224483005389	-0.120224483005389	-0.120224483005389	-0.120224483005389	-0.120224483005389	-0.120224483005389	-0.120224483005389	-0.120224483005389	-0.120224483005389	-0.120224483005389	-0.120224483005389	-0.120224483005389	-0.120224483005389
0.976987821908115	-1.04815981615591	0.464392087701298	-0.0853068139999095	-1.22285997470251	-0.622581105492419	-0.411425736842151	0.947996917272598	0.705972214511366	-0.648709684526772	-1.22296804425345	-0.301646160793313	-0.301646160793313	-0.301646160793313	-0.301646160793313	-0.301646160793313	-0.301646160793313	-0.301646160793313	-0.301646160793313	-0.301646160793313	-0.301646160793313	-0.301646160793313	-1.39276610141973	-1.39276610141973	-1.39276610141973	-1.39276610141973	-1.39276610141973	-1.39276610141973	-1.39276610141973	-1.39276610141973	-1.39276610141973	-1.39276610141973	-1.39276610141973	0.00272578705684357	-0.0156927911405467	1.45075493479527	0.962147785547757	0.757383378027724	0.136003969873497	0.772172340649229	0.664026266233877	1.46724902449286	0.280472564536797	0.772172340649229	0.957743316328692	0.957743316328692	0.957743316328692	0.957743316328692	0.957743316328692	0.957743316328692	0.957743316328692	0.957743316328692	0.957743316328692	0.957743316328692	0.957743316328692	-1.21426224722928	-1.39307536106735	-1.11303454822795	-1.36639171513711	-0.835302289189563	-0.88741509778528	-1.21426224722928	-1.65439969302992	-0.893762190416178	-1.26567952993227	-1.17127837738867	2.3187367820421	-0.136262497788753	0.533769874150035	0.440879852144123	1.12130924342349	-0.620085199375187	1.46467311151907	0.889051219584723	-0.324822320195294	-0.199422498003102	-0.957280886260329	0.767496537088774	0.767496537088774	0.767496537088774	0.767496537088774	0.767496537088774	0.767496537088774	0.767496537088774	0.767496537088774	0.767496537088774	0.767496537088774	0.767496537088774	0.767496537088774	0.767496537088774
1.23478865456302	0.303440595380625	-0.07958077266457	0.584831344312297	0.644005483990256	0.988523234771524	0.80410923427408	1.66849344874186	0.97880931682895	0.306802557042163	0.713098051643796	2.1680399923009	2.1680399923009	2.1680399923009	2.1680399923009	2.1680399923009	2.1680399923009	2.1680399923009	2.1680399923009	2.1680399923009	2.1680399923009	2.1680399923009	0.0349201044044837	0.0349201044044837	0.0349201044044837	0.0349201044044837	0.0349201044044837	0.0349201044044837	0.0349201044044837	0.0349201044044837	0.0349201044044837	0.0349201044044836	0.0349201044044837	-1.816718228825	-1.50187089352475	-1.42936340111159	-0.981423908365351	-1.53977340215774	-1.5825384151962	-0.780522938299947	-2.35674840196963	-2.15326792036258	-1.67830031557512	-0.780522938299945	-0.381535711651312	-0.381535711651312	-0.381535711651312	-0.381535711651312	-0.381535711651312	-0.381535711651312	-0.381535711651312	-0.381535711651312	-0.381535711651312	-0.381535711651311	-0.381535711651312	1.59193415378099	0.955486547577382	1.63246557475051	0.506797217783226	1.64621256636872	2.587332495578	1.59193415378099	1.94500829869082	1.850213404575	2.05710267156655	2.37872162468865	-0.444849718533135	1.43735075257136	1.50570361993009	1.53774423315485	-0.484365173803439	0.677732081349852	-0.7931076585683	-1.24951959783026	1.01481245490705	-0.157653449579782	0.244993403193719	-0.277885371399149	-0.277885371399149	-0.277885371399149	-0.277885371399149	-0.277885371399149	-0.277885371399149	-0.277885371399149	-0.277885371399149	-0.277885371399149	-0.277885371399149	-0.277885371399149	-0.277885371399149	-0.277885371399149
0.1251545002332	-1.29566202762125	-0.940529217801941	0.0590873410556018	-0.962852401007739	1.01410281731997	1.86932302589723	-0.0696408998511481	1.32386913572765	2.28937031762306	1.42212324808256	-0.615920076960276	-0.615920076960276	-0.615920076960276	-0.615920076960276	-0.615920076960276	-0.615920076960276	-0.615920076960276	-0.615920076960276	-0.615920076960276	-0.615920076960276	-0.615920076960276	-1.73197251266852	-1.73197251266852	-1.73197251266852	-1.73197251266851	-1.73197251266852	-1.73197251266851	-1.73197251266851	-1.73197251266851	-1.73197251266852	-1.73197251266851	-1.73197251266852	1.12304639083284	1.15161657083807	1.26238582295168	0.158251047929219	1.49937041005917	1.64161759706823	1.44207959251373	1.76303712269771	0.890031280022705	1.86896731660245	1.44207959251373	1.26495496273303	1.26495496273303	1.26495496273303	1.26495496273303	1.26495496273303	1.26495496273303	1.26495496273303	1.26495496273303	1.26495496273303	1.26495496273303	1.26495496273303	0.540364638750331	0.688204662609627	0.560253123396138	0.75120990273238	-0.136655845936902	-0.194190218885132	0.540364638750331	0.0737189552087349	0.874210685364586	0.413645164577209	0.493558722344875	0.38615561866491	1.09834450718574	1.96261856503993	1.40443570215786	0.205771240125162	1.01038368879283	-0.281879011359177	-0.49768479441971	0.398588172102744	-0.408859668038343	-0.237834196330797	-0.93287291032983	-0.93287291032983	-0.93287291032983	-0.93287291032983	-0.93287291032983	-0.93287291032983	-0.93287291032983	-0.93287291032983	-0.93287291032983	-0.93287291032983	-0.93287291032983	-0.93287291032983	-0.93287291032983
0.580604786740007	-0.557844124236304	-0.794566193714063	0.141826434591361	-0.439294814217059	-0.500337979084348	-0.808880651472211	1.1787810721735	0.332143866649118	-0.468153989979491	0.0687990528706657	0.122703741912889	0.122703741912889	0.122703741912889	0.122703741912889	0.122703741912889	0.122703741912889	0.122703741912889	0.122703741912889	0.122703741912889	0.122703741912889	0.122703741912889	1.37111383103481	1.37111383103481	1.37111383103481	1.37111383103481	1.37111383103481	1.37111383103481	1.37111383103481	1.37111383103481	1.37111383103481	1.37111383103481	1.37111383103481	-0.272905719049723	0.0697924000175102	-0.120561897780047	-0.568018230688675	-1.29062107781407	-0.704428253736979	-2.29094354681176	-2.12382486965761	-0.990008287514919	-2.15810943682704	-2.29094354681176	-0.827297095974141	-0.827297095974141	-0.827297095974141	-0.827297095974141	-0.827297095974141	-0.827297095974141	-0.827297095974141	-0.827297095974141	-0.827297095974141	-0.827297095974141	-0.827297095974141	-0.488066588035853	-0.0466553075554762	0.298101756215734	-0.696902752079661	0.436767410974119	0.498527804960832	-0.488066588035853	-0.400063386002202	0.849470581065188	-0.287788458450519	-0.574417629640815	1.96759267166439	-0.52616351278132	0.812557285484576	0.913023767524572	0.82330095201259	0.282584513093537	1.4266491777999	1.11581338812293	0.36804597392341	1.55752781468039	0.326232924929626	1.57372318863828	1.57372318863828	1.57372318863828	1.57372318863828	1.57372318863828	1.57372318863828	1.57372318863828	1.57372318863828	1.57372318863828	1.57372318863828	1.57372318863828	1.57372318863828	1.57372318863828
-0.0717312690555517	-0.802207481334107	0.139565232171123	-0.131577728066862	-1.91224005093353	-1.77558762767002	-1.13267502345872	-1.22350240313189	-0.235035025391592	-0.18327784613828	-1.87097520217623	-1.14499239207525	-1.14499239207525	-1.14499239207525	-1.14499239207525	-1.14499239207525	-1.14499239207525	-1.14499239207525	-1.14499239207525	-1.14499239207525	-1.14499239207525	-1.14499239207525	-0.24051338828388	-0.24051338828388	-0.24051338828388	-0.24051338828388	-0.24051338828388	-0.24051338828388	-0.24051338828388	-0.24051338828388	-0.24051338828388	-0.24051338828388	-0.24051338828388	-0.314363861293387	-0.513457408255291	-1.69017692337166	-0.761645686220596	-1.28495482688125	-0.831067222026585	-1.01532176622087	-1.48974218495344	-1.64459098913034	-0.969370401463612	-1.01532176622087	1.03943987185554	1.03943987185554	1.03943987185554	1.03943987185554	1.03943987185554	1.03943987185554	1.03943987185554	1.03943987185554	1.03943987185554	1.03943987185554	1.03943987185554	0.682413710248425	0.457510207291167	0.455054474373454	0.483016685585758	0.304012688079549	0.515877843896195	0.682413710248425	0.416845462621582	0.247246365754857	0.306922670417172	0.908029179700129	2.37657993120154	-0.112700405884412	0.925550598813549	0.0985744939220023	1.28516540029279	-0.0459866666627726	0.810214411272927	1.0015839887086	0.138267319789604	-0.607663793146356	-0.806727274579391	0.74338704994251	0.74338704994251	0.74338704994251	0.74338704994251	0.74338704994251	0.74338704994251	0.74338704994251	0.74338704994251	0.74338704994251	0.74338704994251	0.74338704994251	0.74338704994251	0.74338704994251
0.771407912487327	-0.0388732711878676	0.526123553125473	0.641013847614111	1.02609996398618	2.37975768084857	1.6332654678231	0.866170732585839	-1.73088840491605	-0.852585806527242	1.80104288740369	1.45257635540446	1.45257635540446	1.45257635540446	1.45257635540446	1.45257635540446	1.45257635540446	1.45257635540446	1.45257635540446	1.45257635540446	1.45257635540446	1.45257635540446	-1.55425607626729	-1.55425607626729	-1.55425607626729	-1.55425607626729	-1.55425607626729	-1.55425607626729	-1.55425607626729	-1.55425607626729	-1.55425607626729	-1.55425607626729	-1.55425607626729	0.310587668434765	1.48607914335118	0.139884382384849	0.994621772748601	0.523855157664049	1.22677995114022	0.835125278977535	1.292120791099	0.118927859344925	0.995925513963071	0.835125278977536	-0.385843499952105	-0.385843499952105	-0.385843499952105	-0.385843499952105	-0.385843499952105	-0.385843499952105	-0.385843499952105	-0.385843499952105	-0.385843499952105	-0.385843499952105	-0.385843499952105	1.38184245283379	1.21980713291165	1.16735075389205	1.4010684042359	1.11651250484427	0.535776697701813	1.38184245283379	0.76888489611792	0.842819478017256	0.641250285720132	1.09959102356345	1.08104329593947	-0.83580537705157	1.02405093967799	0.0475256144062747	-0.416459209103025	1.50788019685384	0.301152174015195	0.608344282649587	0.508558938336071	1.19260491470907	0.193547820175032	0.420303174234274	0.420303174234274	0.420303174234274	0.420303174234274	0.420303174234274	0.420303174234274	0.420303174234274	0.420303174234274	0.420303174234274	0.420303174234274	0.420303174234274	0.420303174234274	0.420303174234274
0.725572042818419	0.393307052613548	1.27247108158404	0.875854815072197	0.63974001771959	0.392232512109174	-0.0293295484951234	-0.887508230928907	0.219554488787754	0.234072511022602	-0.436616292410462	-0.240320130014554	-0.240320130014554	-0.240320130014554	-0.240320130014554	-0.240320130014554	-0.240320130014554	-0.240320130014554	-0.240320130014554	-0.240320130014554	-0.240320130014554	-0.240320130014554	1.42061204739861	1.42061204739861	1.42061204739861	1.42061204739861	1.42061204739861	1.42061204739861	1.42061204739861	1.42061204739861	1.42061204739861	1.42061204739861	1.42061204739861	0.969472116833914	-0.092479950826061	0.433275520408674	0.264985430050622	-0.00116678375206905	0.714637832274554	0.696331510700478	0.471052447822211	0.889494644231874	0.448130940481055	0.696331510700476	-1.83597458032291	-1.83597458032291	-1.83597458032291	-1.83597458032291	-1.83597458032291	-1.83597458032291	-1.83597458032291	-1.83597458032291	-1.83597458032291	-1.83597458032291	-1.83597458032291	0.359544370688536	-0.766398936879627	-0.735125063347316	0.219981790318185	-1.0176559848188	0.018942628113028	0.359544370688536	0.280134665708813	-1.04805273607638	-0.358919000895704	0.209218239704691	1.11819471349156	0.588906624898296	-0.0489560680160979	1.39738001843683	0.375414287757404	-0.453487170831997	0.0826822747639623	-0.213659837509791	-0.0524231444873334	0.311128774511193	-0.320458554763362	-0.0657934306347612	-0.0657934306347612	-0.0657934306347612	-0.0657934306347612	-0.0657934306347612	-0.0657934306347612	-0.0657934306347612	-0.0657934306347612	-0.0657934306347612	-0.0657934306347612	-0.0657934306347612	-0.0657934306347613	-0.0657934306347612
-0.637714080530739	-1.34096905131281	-1.18814595905369	-0.387571570489113	-1.19889666230361	-0.166608073021501	0.150505416887971	0.313075673255882	1.35025375284601	0.554254572266548	0.230983430751651	-0.668249263535225	-0.668249263535225	-0.668249263535225	-0.668249263535225	-0.668249263535225	-0.668249263535225	-0.668249263535225	-0.668249263535225	-0.668249263535225	-0.668249263535225	-0.668249263535225	1.54091318043575	1.54091318043575	1.54091318043575	1.54091318043575	1.54091318043575	1.54091318043575	1.54091318043575	1.54091318043575	1.54091318043575	1.54091318043575	1.54091318043575	-0.337137508935362	0.154759019326581	0.303050350149426	0.626198336546648	0.588685071486211	0.37506086661517	0.291046269532929	1.06500087182847	0.748180162397911	0.466057075184425	0.291046269532928	-0.641079933508254	-0.641079933508254	-0.641079933508254	-0.641079933508254	-0.641079933508254	-0.641079933508254	-0.641079933508254	-0.641079933508254	-0.641079933508254	-0.641079933508254	-0.641079933508254	0.189839872048561	-0.0240238583723272	-0.0197266047769216	0.00146842688092035	0.797723864062466	0.174142168072043	0.18983987204856	0.557433586788244	-0.134272576302314	-0.0162944607878017	0.282401232322645	-0.726914395157934	-0.965535186506623	-0.152317475094903	-1.26226556181889	-0.685745930875616	1.15400422680537	0.244893422616837	0.69153858024285	0.587873178918529	0.5217237308215	0.27656458600474	-0.771826519403739	-0.771826519403739	-0.771826519403739	-0.771826519403739	-0.771826519403739	-0.771826519403739	-0.771826519403739	-0.771826519403739	-0.771826519403739	-0.771826519403739	-0.771826519403739	-0.771826519403739	-0.771826519403739
1.0101881223072	-0.41031122499403	0.0712107888183613	1.33450661523876	-0.541593744605084	-0.564061396599736	-1.36188267466441	-0.771215844701263	-0.0969292830931864	-0.126992224416631	-0.584595220136652	-0.0661175763964654	-0.0661175763964654	-0.0661175763964654	-0.0661175763964654	-0.0661175763964654	-0.0661175763964654	-0.0661175763964654	-0.0661175763964654	-0.0661175763964654	-0.0661175763964654	-0.0661175763964654	0.384442396837851	0.384442396837851	0.384442396837851	0.384442396837851	0.384442396837851	0.384442396837851	0.384442396837851	0.384442396837851	0.384442396837851	0.384442396837851	0.384442396837851	0.0068488005978693	1.30704116227551	-0.0156228968820268	1.58633413675244	1.21010900630516	0.85511322944283	1.1189146765373	0.669235432271	-0.319264947231758	0.933565692052492	1.1189146765373	0.990301519928631	0.990301519928631	0.990301519928631	0.990301519928631	0.990301519928631	0.990301519928631	0.990301519928631	0.990301519928631	0.990301519928631	0.990301519928632	0.990301519928631	-0.354449552660407	-0.326579355414354	-0.451504382237521	-0.751921969519578	0.139081559647911	-0.156063170839403	-0.354449552660408	-0.490633045324045	-0.963519093394482	-0.656101923309168	-0.269800341600982	1.85139020725896	-2.10673368850413	1.27832069130361	-0.779560013527256	-0.627716071762601	1.42639150545977	0.745031880275754	0.64802727301965	0.718032892761864	0.710355548155583	-0.53494837930067	0.796273414583175	0.796273414583175	0.796273414583175	0.796273414583175	0.796273414583175	0.796273414583175	0.796273414583175	0.796273414583175	0.796273414583175	0.796273414583175	0.796273414583175	0.796273414583175	0.796273414583175
0.0116014597651595	-1.834347073161	0.429491899035609	-0.0774286682406312	-1.2661200601699	-1.11447514144953	0.96656534468417	0.310583506889358	1.44070189924332	1.02274392421013	-0.0325080346622818	-0.968307604422152	-0.968307604422152	-0.968307604422152	-0.968307604422152	-0.968307604422152	-0.968307604422152	-0.968307604422152	-0.968307604422152	-0.968307604422152	-0.968307604422152	-0.968307604422152	0.550766473310928	0.550766473310928	0.550766473310928	0.550766473310928	0.550766473310928	0.550766473310928	0.550766473310928	0.550766473310928	0.550766473310928	0.550766473310928	0.550766473310928	1.54676622789759	2.81611025720367	2.0031257574605	1.81033799690084	1.23719654258505	2.55241699758475	1.45655335740931	1.87091366958388	1.80567364907838	1.94711341067962	1.45655335740931	1.12448008202338	1.12448008202338	1.12448008202338	1.12448008202338	1.12448008202338	1.12448008202338	1.12448008202338	1.12448008202338	1.12448008202338	1.12448008202338	1.12448008202338	-1.05340549610297	-1.16906492343201	-0.95573414558755	-0.657715462654927	-1.4674347934389	-0.431800980861791	-1.05340549610297	-0.505649609477348	-0.746342477076479	-1.04955002313154	-1.17783127474809	2.74203000377089	-1.02836967915066	1.27611144273544	-0.0214490717881938	1.31637000389113	1.24900820463338	2.53677714119941	2.06473466628313	1.75237293051498	-0.245390861934277	-0.750292549716235	-1.23598934469236	-1.23598934469236	-1.23598934469236	-1.23598934469236	-1.23598934469236	-1.23598934469236	-1.23598934469236	-1.23598934469236	-1.23598934469236	-1.23598934469236	-1.23598934469236	-1.23598934469236	-1.23598934469236
-1.26843914033529	1.18396215865693	-0.358636086884395	0.580076043123904	1.24875684239606	1.00268208794104	1.44074630379334	0.761798424575846	2.07671575066657	1.45478364284181	1.38637745521124	-0.405656861699458	-0.405656861699458	-0.405656861699458	-0.405656861699458	-0.405656861699458	-0.405656861699458	-0.405656861699458	-0.405656861699458	-0.405656861699458	-0.405656861699458	-0.405656861699458	0.413441311540029	0.413441311540029	0.413441311540029	0.413441311540029	0.413441311540029	0.413441311540029	0.413441311540029	0.413441311540029	0.413441311540029	0.413441311540029	0.413441311540029	-0.312704867314855	-1.44145337971167	0.487048290322881	-1.36094996948082	-0.155901459844108	-0.688254974211959	-0.173854579122801	-0.254096413195277	0.780563864316285	-0.0932332279268373	-0.173854579122803	-1.52873946041449	-1.52873946041449	-1.52873946041449	-1.52873946041449	-1.52873946041449	-1.52873946041449	-1.52873946041449	-1.52873946041449	-1.52873946041449	-1.52873946041449	-1.52873946041449	0.405980119232144	0.0331054135797303	0.164872536468687	0.116345219987373	0.481319740835949	0.571675783200029	0.405980119232143	-0.0707921978342339	0.315960560795039	-0.280138950968449	0.622552314833173	-0.294793867225854	0.563415390533471	-1.70723357948786	-0.114914722750847	-0.0774772867176255	-1.30765927921777	-1.57963744474507	-1.00507626525489	-1.66215218602906	-0.0999235937586363	-1.2760866474859	-0.931512040761596	-0.931512040761596	-0.931512040761596	-0.931512040761596	-0.931512040761596	-0.931512040761596	-0.931512040761596	-0.931512040761596	-0.931512040761596	-0.931512040761596	-0.931512040761596	-0.931512040761596	-0.931512040761596
-0.0764310113585986	-0.400069035479203	-0.700551725915428	-0.0604227785998594	-1.22523263162001	-1.15346425877809	-0.834730349210834	-0.277841084318619	-1.45324690412044	-0.776273337538481	-0.518633951303704	0.187148937955802	0.187148937955802	0.187148937955802	0.187148937955802	0.187148937955802	0.187148937955802	0.187148937955802	0.187148937955802	0.187148937955802	0.187148937955802	0.187148937955802	0.916967188221392	0.916967188221392	0.916967188221392	0.916967188221392	0.916967188221392	0.916967188221392	0.916967188221392	0.916967188221392	0.916967188221392	0.916967188221392	0.916967188221392	0.21472494338964	0.970115371715274	0.678774497767553	1.2323416889299	1.27398474264635	1.30511327077599	0.791345616750567	0.522355808277772	0.0925943501188533	0.448809450977623	0.791345616750568	-1.33925970896652	-1.33925970896652	-1.33925970896652	-1.33925970896652	-1.33925970896652	-1.33925970896652	-1.33925970896652	-1.33925970896652	-1.33925970896652	-1.33925970896652	-1.33925970896652	-0.570567132584106	-1.18941630074976	-1.54419277406143	0.489219965489492	-2.17948504519961	-0.718618773277342	-0.570567132584105	-0.552064483256362	-1.38455882597575	-0.609553694559085	-0.576874916701475	1.15417624307569	-1.32654473482796	1.21328291381968	0.268918942476822	0.168942264293457	-1.37497311217601	1.85183710520255	1.2380756039851	-0.392048993788945	0.926863337087388	-0.278715898904997	0.524642246531293	0.524642246531293	0.524642246531293	0.524642246531293	0.524642246531293	0.524642246531293	0.524642246531293	0.524642246531293	0.524642246531293	0.524642246531293	0.524642246531293	0.524642246531293	0.524642246531293
-0.219588055935407	-0.0409536744634246	-0.0590303617448515	0.147039120393457	0.178132510365398	-0.730083586046603	-0.954790670058142	-0.187145702382851	0.197252641232448	0.0733185380830734	-0.101849090867111	-0.505087009853801	-0.505087009853801	-0.505087009853801	-0.505087009853801	-0.505087009853801	-0.505087009853801	-0.505087009853801	-0.505087009853801	-0.505087009853801	-0.505087009853801	-0.505087009853801	0.560001024542613	0.560001024542613	0.560001024542613	0.560001024542613	0.560001024542613	0.560001024542613	0.560001024542613	0.560001024542613	0.560001024542613	0.560001024542613	0.560001024542613	-0.345309367531597	-0.733051750696964	-2.01491968950959	0.095396091948683	-0.763960171350855	-1.64508310189251	-1.97292611035894	-0.685039795371305	-1.16161974264893	-1.83931913553257	-1.97292611035894	-0.754630129090059	-0.754630129090059	-0.754630129090059	-0.754630129090059	-0.754630129090059	-0.754630129090059	-0.754630129090059	-0.754630129090059	-0.754630129090059	-0.754630129090059	-0.754630129090059	0.863606680963066	0.856408466278064	0.727315774811673	0.76313397743105	-0.133579978890635	0.801403684604678	0.863606680963066	-0.0862457707852424	0.519050573017938	0.26381255709254	0.744353162733986	1.26570010017352	-0.625575886040997	0.657646974979875	0.516865737703478	0.0221123457115057	0.166784116925323	0.193628819169986	-0.269694896506363	-0.393384146318309	-0.347182067211136	-1.45581014378369	0.506645974779333	0.506645974779333	0.506645974779333	0.506645974779333	0.506645974779333	0.506645974779333	0.506645974779333	0.506645974779333	0.506645974779333	0.506645974779333	0.506645974779333	0.506645974779333	0.506645974779333
-0.192056701302502	0.0782533062798374	-0.519390754406838	-0.10221429840273	-0.205805945959102	-0.585570868020961	-0.831379488842654	-0.659544130427895	-0.821737773402841	-0.720609293816757	-0.360526207145317	0.836308095767635	0.836308095767635	0.836308095767635	0.836308095767635	0.836308095767635	0.836308095767635	0.836308095767635	0.836308095767635	0.836308095767635	0.836308095767635	0.836308095767635	0.523839879049066	0.523839879049066	0.523839879049066	0.523839879049066	0.523839879049066	0.523839879049066	0.523839879049066	0.523839879049066	0.523839879049066	0.523839879049066	0.523839879049066	-0.0334304360267943	0.00789095939356039	0.64982584274459	0.948109189676539	0.966033239816153	1.27268534721701	1.40843134438226	0.812115248743852	0.813259318122701	1.20208439769137	1.40843134438226	0.276480076952898	0.276480076952898	0.276480076952898	0.276480076952898	0.276480076952898	0.276480076952898	0.276480076952898	0.276480076952898	0.276480076952898	0.276480076952899	0.276480076952898	0.171347084110606	0.042115343257267	0.211857812788737	-0.200405590766037	0.132775832347561	-0.718471799921541	0.171347084110606	-0.577441675752145	0.0721535159905347	-0.219783625735814	-0.0812975780228491	0.230577209568334	-0.0625355904417509	-0.510116950262058	-0.197961571724879	0.90289235381742	0.533859510679557	0.349314954578036	0.813944467033877	0.927841535050135	1.0260719716277	1.14859795041533	-1.1026921213149	-1.1026921213149	-1.1026921213149	-1.1026921213149	-1.1026921213149	-1.1026921213149	-1.1026921213149	-1.1026921213149	-1.1026921213149	-1.1026921213149	-1.1026921213149	-1.1026921213149	-1.1026921213149
1.1651117660613	-0.895041328399435	1.25264430973119	1.33716467939856	-0.850888066977299	0.859834613819588	-0.116070471184373	1.57087866431901	-0.702858187781599	0.268516217072925	1.03732242826732	-1.41251725414082	-1.41251725414082	-1.41251725414082	-1.41251725414082	-1.41251725414082	-1.41251725414082	-1.41251725414082	-1.41251725414082	-1.41251725414082	-1.41251725414082	-1.41251725414082	-0.184079701684051	-0.184079701684051	-0.184079701684051	-0.184079701684051	-0.184079701684051	-0.184079701684051	-0.184079701684051	-0.184079701684051	-0.184079701684051	-0.184079701684051	-0.184079701684051	-0.576876270891627	-0.663670402429716	-0.660230973762691	-0.144644837345801	-0.370729224189403	-0.700146968185663	0.163398249304822	-0.126193116157181	0.102752484542092	0.280226753433895	0.163398249304821	1.72752042368149	1.72752042368149	1.72752042368149	1.72752042368149	1.72752042368149	1.72752042368149	1.72752042368149	1.72752042368149	1.72752042368149	1.72752042368149	1.72752042368149	-1.18824123337381	-1.18570586052456	-1.10621592012562	-1.35613416848083	0.0263645919268295	-1.4248275909009	-1.18824123337381	-0.802003639652491	-1.17373133879533	-0.974408949720208	-1.1921538401272	-1.09192144434838	-0.258803855527782	-0.0292152175358653	-0.229665919844766	-0.380530267399251	0.071651052333722	-0.146264289037206	-0.170966275401657	-0.810009731867877	0.283192365049641	1.00913029941187	0.0318808757047342	0.0318808757047342	0.0318808757047342	0.0318808757047342	0.0318808757047342	0.0318808757047342	0.0318808757047342	0.0318808757047342	0.0318808757047342	0.0318808757047342	0.0318808757047342	0.0318808757047341	0.0318808757047342
-1.96726008573911	1.85060687023727	-0.449532892214503	-1.04137109861428	1.57523702886371	0.429110544838421	0.424234811147512	-2.07875133624078	-0.512543960535098	-0.281468246839268	-0.375304511639556	-1.77590429972805	-1.77590429972805	-1.77590429972805	-1.77590429972805	-1.77590429972805	-1.77590429972805	-1.77590429972805	-1.77590429972805	-1.77590429972805	-1.77590429972805	-1.77590429972805	-1.52105989279078	-1.52105989279078	-1.52105989279078	-1.52105989279078	-1.52105989279078	-1.52105989279078	-1.52105989279078	-1.52105989279078	-1.52105989279078	-1.52105989279078	-1.52105989279078	-1.32114011393727	-0.61985735131162	-0.518431066275933	-0.821109215267345	-1.58266317415444	-0.396264611417653	-1.39249141852117	0.661856901930126	-0.7344776634411	-0.535442163983369	-1.39249141852117	0.0390657750625729	0.0390657750625729	0.0390657750625729	0.0390657750625729	0.0390657750625729	0.0390657750625729	0.0390657750625729	0.0390657750625729	0.0390657750625729	0.039065775062573	0.0390657750625729	-0.18214833000531	-0.593891494105593	-0.361122769459948	-1.02319889001589	0.480430325528512	0.443032488700574	-0.18214833000531	0.229124391778528	-0.71790074177331	0.203357445030745	0.154768953134598	-0.122832966705385	-0.430645586206508	-1.67748968359272	-1.47406769197218	-0.328149734017314	-1.53870932685317	-1.66812614759944	-0.271311474807878	-1.74469383502335	0.233240484660995	-0.320198253026926	1.68596575173341	1.68596575173341	1.68596575173341	1.68596575173341	1.68596575173341	1.68596575173341	1.68596575173341	1.68596575173341	1.68596575173341	1.68596575173341	1.68596575173341	1.68596575173341	1.68596575173341
-0.751345380885539	-0.706811295385352	-1.05337877785663	-0.54662763072245	-0.48181992997352	-0.989346968610047	-0.988252194242583	-0.0674360853006822	0.224390364469088	-0.520955279776803	-0.135777507407154	-0.399258821094457	-0.399258821094457	-0.399258821094457	-0.399258821094457	-0.399258821094457	-0.399258821094457	-0.399258821094457	-0.399258821094457	-0.399258821094457	-0.399258821094457	-0.399258821094457	0.211941449157226	0.211941449157226	0.211941449157226	0.211941449157226	0.211941449157226	0.211941449157226	0.211941449157226	0.211941449157226	0.211941449157226	0.211941449157226	0.211941449157226	-1.70686041876954	-1.09649030964053	-0.945902544112715	-0.891537333096993	-0.757456874475452	-1.13197529889468	-0.594977958325724	-2.10581673088177	-1.66449321573438	-1.03805958323223	-0.594977958325722	-0.510770157411779	-0.510770157411779	-0.510770157411779	-0.510770157411779	-0.510770157411779	-0.510770157411779	-0.510770157411779	-0.510770157411779	-0.510770157411779	-0.510770157411779	-0.510770157411779	0.686613772863659	0.409799573678181	-0.123060801387729	0.467935398777079	-0.319123039154059	0.869992442315676	0.686613772863659	0.152009734445443	-0.446861228102495	0.262755000692251	0.888367901011472	-0.250843064475019	-0.40705813805575	0.01615759896216	0.338433128967888	-1.40912470563325	-0.563994184152745	-1.68522132397402	-1.6829965643439	-1.08408975472279	0.113112901782786	-0.249769995613438	-0.860080265357922	-0.860080265357922	-0.860080265357922	-0.860080265357922	-0.860080265357922	-0.860080265357922	-0.860080265357922	-0.860080265357922	-0.860080265357922	-0.860080265357922	-0.860080265357922	-0.860080265357923	-0.860080265357922
0.305460578827091	0.246805394495459	0.613700726314276	-0.00270617924461674	-0.532869134808802	-0.483803947892498	-1.45742401773035	-0.646173973149067	-2.38090809814018	-1.72126880215465	-1.14698846097923	0.574245349529382	0.574245349529382	0.574245349529382	0.574245349529382	0.574245349529382	0.574245349529382	0.574245349529382	0.574245349529382	0.574245349529382	0.574245349529382	0.574245349529382	-0.481331016871261	-0.481331016871261	-0.481331016871261	-0.481331016871261	-0.481331016871261	-0.481331016871261	-0.481331016871261	-0.481331016871261	-0.481331016871261	-0.481331016871261	-0.481331016871261	1.00443127961951	0.449828171187424	-1.55529955530411	-0.274490579526363	0.482710180558429	-0.0710481650227411	0.728372923617785	0.73298529272159	-0.661552486493849	0.276066118746645	0.728372923617786	-0.345993960171411	-0.345993960171411	-0.345993960171411	-0.345993960171411	-0.345993960171411	-0.345993960171411	-0.345993960171411	-0.345993960171411	-0.345993960171411	-0.345993960171411	-0.345993960171411	-0.879004062027543	-0.89113783559918	-0.910796679494215	-1.30366111370457	-0.202024725515336	-1.32817220240375	-0.879004062027543	-1.07983570042101	-1.33976287660718	-0.792769954454641	-0.976913888029944	-0.382110890725357	0.614451203118133	-0.687677188546516	0.086484876338765	0.762106235903159	-0.131255330583285	-0.680438157469509	-0.541150097455877	-0.0918757083476784	0.111177895863947	-0.534827044975676	-1.1126514702372	-1.1126514702372	-1.1126514702372	-1.1126514702372	-1.1126514702372	-1.1126514702372	-1.1126514702372	-1.1126514702372	-1.1126514702372	-1.1126514702372	-1.1126514702372	-1.1126514702372	-1.1126514702372
-1.1145435061076	1.82501979151882	-1.07301868757922	-0.392624877740944	1.25432834079086	2.02962629349862	1.86050469511552	1.35812251252233	1.47144973812172	1.52471503751168	1.69491922774875	0.743767956114726	0.743767956114726	0.743767956114726	0.743767956114726	0.743767956114726	0.743767956114726	0.743767956114726	0.743767956114726	0.743767956114726	0.743767956114726	0.743767956114726	-0.476418605065618	-0.476418605065618	-0.476418605065618	-0.476418605065618	-0.476418605065618	-0.476418605065618	-0.476418605065618	-0.476418605065618	-0.476418605065618	-0.476418605065618	-0.476418605065618	-0.156437782907856	-0.254955996307159	0.341353022147616	0.264520025301868	0.89881236208129	1.15241405581219	1.81480490558018	0.142848861096245	0.164266027064863	1.58778568889241	1.81480490558018	0.957976452323382	0.957976452323382	0.957976452323382	0.957976452323382	0.957976452323382	0.957976452323382	0.957976452323382	0.957976452323382	0.957976452323382	0.957976452323382	0.957976452323382	0.159512502773395	0.232624838676203	0.442705365570524	0.521067048498716	0.250551240268834	0.21491249215742	0.159512502773394	0.400344173263108	0.740633466860451	0.0904188376669198	0.310898975822356	-0.265404089761028	-0.137393807441864	-0.0965849862556137	-0.113405642263998	-0.756476447018889	-1.29006437315406	-0.753368884450246	-0.42467946134392	-0.794683756190079	-0.20107357893076	-0.234010225330057	0.883465487673344	0.883465487673344	0.883465487673344	0.883465487673344	0.883465487673344	0.883465487673344	0.883465487673344	0.883465487673344	0.883465487673344	0.883465487673345	0.883465487673344	0.883465487673344	0.883465487673344
-2.40214782066929	-0.367592457073342	-1.41495821968437	-2.06412747212434	-0.050387275525228	-1.08594147551052	-0.663105240391606	-2.79066989929972	0.623304882463262	0.109203798449863	-1.16663226070611	-0.832598732023017	-0.832598732023017	-0.832598732023017	-0.832598732023017	-0.832598732023017	-0.832598732023017	-0.832598732023017	-0.832598732023017	-0.832598732023017	-0.832598732023017	-0.832598732023017	1.30473509539247	1.30473509539247	1.30473509539247	1.30473509539247	1.30473509539247	1.30473509539247	1.30473509539247	1.30473509539247	1.30473509539247	1.30473509539247	1.30473509539247	-0.980074517585276	-1.44292444922412	0.436576686999344	-1.28581008018499	-1.4553952033334	-1.50541007279597	-1.03254198413684	-2.36946561310469	-0.486457804360937	-1.49224994074492	-1.03254198413684	-1.18774890143156	-1.18774890143156	-1.18774890143156	-1.18774890143156	-1.18774890143156	-1.18774890143156	-1.18774890143156	-1.18774890143156	-1.18774890143156	-1.18774890143156	-1.18774890143156	-1.20046996687255	-0.977173727868235	-1.50214377886868	-0.886835595661657	-1.26861379423077	-1.65614009978857	-1.20046996687255	-0.52227075605979	-1.35070221564467	-0.834622611954025	-1.24340735748249	0.0894845325141016	0.529149787433085	1.47695427307623	0.784935758008707	0.472005527848213	0.764818873007816	0.826815543211923	0.664314063615281	0.76013475923269	-0.032498100013677	0.863718368108801	0.142343588870753	0.142343588870753	0.142343588870753	0.142343588870753	0.142343588870753	0.142343588870753	0.142343588870753	0.142343588870753	0.142343588870753	0.142343588870753	0.142343588870753	0.142343588870753	0.142343588870753
-0.708561431109607	-1.17377525979042	-1.70513404148945	-1.28567383164227	-1.86247174728999	-1.94770279672109	-0.835650231448385	-1.26440016544501	1.5110493494795	1.10590710986933	-1.32753335445011	0.465395405692817	0.465395405692817	0.465395405692817	0.465395405692817	0.465395405692817	0.465395405692817	0.465395405692817	0.465395405692817	0.465395405692817	0.465395405692817	0.465395405692817	0.475340727533351	0.475340727533351	0.475340727533351	0.475340727533351	0.475340727533351	0.475340727533351	0.475340727533351	0.475340727533351	0.475340727533351	0.475340727533351	0.475340727533351	0.029042697742514	0.144236230870686	-1.0664158217806	0.600587813018364	0.0279650260838693	-0.599845565105758	-0.585257717640258	0.191925712462304	-0.784102855388709	-0.691896611114614	-0.585257717640258	-1.15625388703122	-1.15625388703122	-1.15625388703122	-1.15625388703122	-1.15625388703122	-1.15625388703122	-1.15625388703122	-1.15625388703122	-1.15625388703122	-1.15625388703122	-1.15625388703122	-1.09382637511933	-1.58694029046297	-0.878126617210328	-1.19898327397133	-0.800548811990765	-1.11334614996357	-1.09382637511933	-1.02337956112288	-0.636559945955411	-1.15434481625274	-1.19814165924892	0.671799459477357	-0.146944506086196	-0.169822748661219	-0.580150595932568	1.60066980325846	0.736200868188022	1.30501973924762	1.9641066840786	-0.348187361088555	0.977908959040937	1.25955952863957	-0.963940540254679	-0.963940540254679	-0.963940540254679	-0.963940540254679	-0.963940540254679	-0.963940540254679	-0.963940540254679	-0.963940540254679	-0.963940540254679	-0.963940540254679	-0.963940540254679	-0.963940540254679	-0.963940540254679
-0.0581119865063266	-0.51064948422092	-0.166937585743729	0.36503786310839	-0.525589047461452	2.12870187809123	2.37363548150097	0.641348819874139	0.788940221219787	2.27081208798814	1.99936862501121	-0.877006518064166	-0.877006518064166	-0.877006518064166	-0.877006518064166	-0.877006518064166	-0.877006518064166	-0.877006518064166	-0.877006518064166	-0.877006518064166	-0.877006518064166	-0.877006518064166	-2.17118357374248	-2.17118357374248	-2.17118357374248	-2.17118357374248	-2.17118357374248	-2.17118357374248	-2.17118357374248	-2.17118357374248	-2.17118357374248	-2.17118357374248	-2.17118357374248	-0.603770859361915	-0.384285900638732	-1.8167895291976	-0.842222146378705	-1.16565907885078	-0.698503786718765	-0.630731587369959	-0.158745261669204	-1.78429203749839	-0.741584786142185	-0.630731587369957	-0.569657018236324	-0.569657018236324	-0.569657018236324	-0.569657018236324	-0.569657018236324	-0.569657018236324	-0.569657018236324	-0.569657018236324	-0.569657018236324	-0.569657018236324	-0.569657018236324	1.85313122601159	1.231462266951	1.6361172145319	1.56592515196053	2.11193555916721	1.24934359260497	1.85313122601159	1.75220269323748	1.78809420538367	1.52992043082637	1.1229525056645	-0.173454719035704	0.362176897494704	0.238377579231379	0.45215272579028	-0.274726788122078	-1.57946406173367	-0.216263700328071	-0.916084724658208	-1.79295059168461	-0.893745589000914	-1.06488437963262	-0.294080794469622	-0.294080794469622	-0.294080794469622	-0.294080794469622	-0.294080794469622	-0.294080794469622	-0.294080794469622	-0.294080794469622	-0.294080794469622	-0.294080794469622	-0.294080794469622	-0.294080794469622	-0.294080794469622
0.713511758942362	1.38161064147513	-0.22155373133637	-0.955134069098236	0.848176118366476	0.28101604626416	0.0117460223758412	0.842909752782344	0.218338122062262	-0.160892852160064	-0.76488073852715	-0.285361331017893	-0.285361331017893	-0.285361331017893	-0.285361331017893	-0.285361331017893	-0.285361331017893	-0.285361331017893	-0.285361331017893	-0.285361331017893	-0.285361331017893	-0.285361331017893	-0.137922012881921	-0.137922012881921	-0.137922012881921	-0.137922012881921	-0.137922012881921	-0.137922012881921	-0.137922012881921	-0.137922012881921	-0.137922012881921	-0.137922012881921	-0.137922012881921	-0.984590190143396	-1.0074994113501	1.14809601761254	-0.00689365818182123	-0.335825135540909	-0.203922877169681	-0.239055587880423	-0.159910592599361	0.538284628783676	-0.394073641935051	-0.239055587880423	0.786763113858174	0.786763113858174	0.786763113858174	0.786763113858174	0.786763113858174	0.786763113858174	0.786763113858174	0.786763113858174	0.786763113858174	0.786763113858174	0.786763113858174	0.51175859439509	0.994482005272132	0.685130613521395	0.671484112477007	0.28268465449312	1.24425294435405	0.51175859439509	0.639366436591434	-0.0779296729569661	0.84440701978888	0.78456190430174	-1.38947591717362	0.902199998832884	0.126538491494687	0.0759099325871739	0.911939626963098	0.269452318429298	1.2843269772772	0.658981006853573	0.593780389237078	-0.374842791576377	1.01888549729595	0.332710654778089	0.332710654778089	0.332710654778089	0.332710654778089	0.332710654778089	0.332710654778089	0.332710654778089	0.332710654778089	0.332710654778089	0.33271065477809	0.332710654778089	0.332710654778089	0.332710654778089
-0.930052076477569	-0.675178334051839	-0.566864690209549	-0.71320447295784	-0.346360723327292	-0.558072746260697	-0.260948498937463	-0.276777558128066	1.05484271229644	0.65997130090667	-0.148542146764177	0.854171631270903	0.854171631270903	0.854171631270903	0.854171631270903	0.854171631270903	0.854171631270903	0.854171631270903	0.854171631270903	0.854171631270903	0.854171631270903	0.854171631270903	-0.052025091414127	-0.052025091414127	-0.052025091414127	-0.0520250914141269	-0.052025091414127	-0.0520250914141269	-0.0520250914141269	-0.0520250914141269	-0.052025091414127	-0.0520250914141271	-0.052025091414127	-0.387551479238856	-0.491260748844938	0.38038619039898	0.162488058189172	0.670806561439273	0.0906603945241756	0.100646485477066	0.32890689182723	0.817661909418676	0.428838846148129	0.100646485477063	2.39382144239939	2.39382144239939	2.39382144239939	2.39382144239939	2.39382144239939	2.39382144239939	2.39382144239939	2.39382144239939	2.39382144239939	2.39382144239939	2.39382144239939	0.211365654670433	-0.499968037356121	-0.201583293136164	0.231496049210396	-0.700457415406135	0.844545376225492	0.211365654670433	0.896749659430698	0.0194080683722111	0.767270026230497	0.568502286509807	-0.168688027405055	-0.670561017889663	-1.2298984352195	-1.19306396612454	-0.413485297713399	-0.846647475330797	-1.09357694470783	-0.231274709185016	0.315402746082853	-0.432139082387126	-0.790808079305217	0.424854807905232	0.424854807905232	0.424854807905232	0.424854807905232	0.424854807905232	0.424854807905232	0.424854807905232	0.424854807905232	0.424854807905232	0.424854807905232	0.424854807905232	0.424854807905232	0.424854807905232
-0.310701678966173	0.990061416597726	0.799045545062358	0.564674622232654	0.367511186502979	-0.786640073619979	-1.0800728329579	0.838906110299395	0.58338754868513	-0.340848829378026	-0.648917065398786	1.21038949468732	1.21038949468732	1.21038949468732	1.21038949468732	1.21038949468732	1.21038949468732	1.21038949468732	1.21038949468732	1.21038949468732	1.21038949468732	1.21038949468732	-1.8397561129044	-1.8397561129044	-1.8397561129044	-1.8397561129044	-1.8397561129044	-1.8397561129044	-1.8397561129044	-1.8397561129044	-1.8397561129044	-1.8397561129044	-1.8397561129044	-1.28882724279373	-0.788838224267255	-0.271846208336407	0.261388767472202	-0.553652614691883	-0.354465765330655	-0.781460048723342	-0.707688600260894	-0.49267257032283	-0.713337755167255	-0.781460048723343	-1.4764242419899	-1.4764242419899	-1.4764242419899	-1.4764242419899	-1.4764242419899	-1.4764242419899	-1.4764242419899	-1.4764242419899	-1.4764242419899	-1.47642424198989	-1.4764242419899	0.647729664414973	0.355931874279435	0.281694514963113	0.741838535344068	0.0885474579363063	0.761709808155102	0.647729664414973	0.472241223654885	0.226847195846313	0.66772040963136	0.680090571853571	0.368056886836837	0.206218369250581	1.33276790345967	0.162998972038585	-0.270868668496763	0.641470157731512	0.641486467267324	0.821775494437792	0.569282791671268	0.629226563259871	0.489357564105836	0.386722967397793	0.386722967397793	0.386722967397793	0.386722967397793	0.386722967397793	0.386722967397793	0.386722967397793	0.386722967397793	0.386722967397793	0.386722967397793	0.386722967397793	0.386722967397793	0.386722967397793
-1.29517394225786	0.28573447626293	-0.524750539877849	0.111391174715141	-0.29646570570368	-1.74850402033423	-1.34836109701784	-0.766516502051066	-0.471650173499954	-0.852940133546842	-0.609963647213154	1.06715297035196	1.06715297035196	1.06715297035196	1.06715297035196	1.06715297035196	1.06715297035196	1.06715297035196	1.06715297035196	1.06715297035196	1.06715297035196	1.06715297035196	1.96014719434876	1.96014719434876	1.96014719434876	1.96014719434876	1.96014719434876	1.96014719434876	1.96014719434876	1.96014719434876	1.96014719434876	1.96014719434876	1.96014719434876	0.441106798846371	0.561984113993097	0.864016857688053	0.683601995711428	0.28982795596942	-0.37464744799223	-0.0642044527786494	-0.591592965177389	0.963307488043154	-0.372160259399142	-0.0642044527786499	0.834062639268922	0.834062639268922	0.834062639268922	0.834062639268922	0.834062639268922	0.834062639268922	0.834062639268922	0.834062639268922	0.834062639268922	0.834062639268922	0.834062639268922	-1.90324524156628	-1.4711512906993	-2.0230999828185	-1.10713025245565	-1.29221135398639	-2.60384893089248	-1.90324524156628	-1.37954878278006	-1.92098762165581	-1.82905785242198	-2.09721975624532	3.01254873047448	0.13776760583925	0.419282811705457	0.927921633368138	1.56412716719284	1.32956624886802	1.31153043479833	2.19641559734017	2.56494888424935	1.49712285051986	0.963250177778348	-2.63846725414624	-2.63846725414624	-2.63846725414624	-2.63846725414624	-2.63846725414624	-2.63846725414624	-2.63846725414624	-2.63846725414624	-2.63846725414624	-2.63846725414624	-2.63846725414624	-2.63846725414624	-2.63846725414624
0.887706594943706	-0.268432197802507	0.394085827972845	0.739938237866291	-0.770358982600326	0.246262163262333	-0.761415513316991	0.613973297809884	-0.0640227032466949	0.198231041145563	-0.191421900421696	0.33774140083751	0.33774140083751	0.33774140083751	0.33774140083751	0.33774140083751	0.33774140083751	0.33774140083751	0.33774140083751	0.33774140083751	0.33774140083751	0.33774140083751	0.321311535848743	0.321311535848743	0.321311535848743	0.321311535848743	0.321311535848743	0.321311535848743	0.321311535848743	0.321311535848743	0.321311535848743	0.321311535848743	0.321311535848743	-0.223949523585014	0.877270377403716	0.887457215754716	1.21402295638875	1.50757426551069	1.10585101298644	-0.0939824703092914	0.922121959114765	1.23770282817512	1.0824291048782	-0.0939824703092944	-0.138702819831364	-0.138702819831364	-0.138702819831364	-0.138702819831364	-0.138702819831364	-0.138702819831364	-0.138702819831364	-0.138702819831364	-0.138702819831364	-0.138702819831364	-0.138702819831364	1.25761550200538	0.82677610941309	1.56515106820635	0.0654511908704133	2.43496289829807	1.36184100857977	1.25761550200538	1.12236481785691	1.22666317640007	1.3623286546721	1.28159651298275	1.49088161556351	-0.559104605505428	0.90472942155066	0.247398149314754	-0.258859029395816	0.68480401447205	0.409729668424279	0.707054487071063	0.567505561628197	0.497338714430352	-0.811837310048997	1.65365484822375	1.65365484822375	1.65365484822375	1.65365484822375	1.65365484822375	1.65365484822375	1.65365484822375	1.65365484822375	1.65365484822375	1.65365484822375	1.65365484822375	1.65365484822375	1.65365484822375
-0.357320796498137	1.84923140963915	-0.0827707173895436	-1.08646272817696	1.34281670284692	1.34653668953919	0.508338087387323	-0.412937921150908	-1.39363170028082	-0.372019969697746	0.104887387415008	-0.127974887604914	-0.127974887604914	-0.127974887604914	-0.127974887604914	-0.127974887604914	-0.127974887604914	-0.127974887604914	-0.127974887604914	-0.127974887604914	-0.127974887604914	-0.127974887604914	-0.654216943939274	-0.654216943939274	-0.654216943939274	-0.654216943939274	-0.654216943939274	-0.654216943939274	-0.654216943939274	-0.654216943939274	-0.654216943939274	-0.654216943939274	-0.654216943939274	0.406939125757987	0.923709856915287	0.0770114029630862	0.732399415308741	1.04818921339413	0.252326383695286	0.825163080385591	-0.442054410013499	0.0668112405533331	0.456737610089399	0.825163080385592	0.253542905513195	0.253542905513195	0.253542905513195	0.253542905513195	0.253542905513195	0.253542905513195	0.253542905513195	0.253542905513195	0.253542905513195	0.253542905513195	0.253542905513195	-0.0853259576035494	0.0344342387479548	-0.428974001666903	0.247045259700752	-0.133196750985121	0.392168047083884	-0.0853259576035489	0.513166507588423	-0.399897312714998	0.581782894371884	0.208953187635078	-0.245761535239504	-2.00657117330075	-2.01704348094471	-1.66677572806693	-0.994203151996581	-1.0587293755456	-0.712601650435209	-0.2234499250449	-1.2334761548791	0.521519279354369	-0.372019898945456	0.294824337447677	0.294824337447677	0.294824337447677	0.294824337447677	0.294824337447677	0.294824337447677	0.294824337447677	0.294824337447677	0.294824337447677	0.294824337447677	0.294824337447677	0.294824337447677	0.294824337447677
1.94554968109331	-2.35733892660808	-0.122794608057782	0.540309497915427	-1.77599374478308	-2.41622836230187	-1.60240023597112	-0.471630943436452	-0.80144620576579	-1.38654687023255	-1.32410418368239	0.299343549149764	0.299343549149764	0.299343549149764	0.299343549149764	0.299343549149764	0.299343549149764	0.299343549149764	0.299343549149764	0.299343549149764	0.299343549149764	0.299343549149764	-2.35607792078933	-2.35607792078933	-2.35607792078933	-2.35607792078933	-2.35607792078933	-2.35607792078933	-2.35607792078933	-2.35607792078933	-2.35607792078933	-2.35607792078933	-2.35607792078933	1.37331604000885	1.47109323666716	-0.0394385585779194	1.11312507664861	0.95138104127712	0.549814606831543	0.0907784891893892	1.07964278705382	1.11317630532652	0.759183235471935	0.0907784891893869	2.42269014646386	2.42269014646386	2.42269014646386	2.42269014646386	2.42269014646386	2.42269014646386	2.42269014646386	2.42269014646386	2.42269014646386	2.42269014646386	2.42269014646386	0.655351175266681	1.05387034839569	1.00535598307628	0.0593227334431859	1.07671505496051	1.24877951951114	0.655351175266681	0.878176463272651	0.77086352140795	0.989302343302244	0.650325852046282	0.495125059859818	-0.362674295896032	0.762836408463667	1.16641272024439	-0.777347051634248	-1.1554549570907	-0.765904670217793	-2.21782825989209	-0.771657953887488	-2.30259326500779	-2.47951271476992	1.05507515925097	1.05507515925097	1.05507515925097	1.05507515925097	1.05507515925097	1.05507515925097	1.05507515925097	1.05507515925097	1.05507515925097	1.05507515925097	1.05507515925097	1.05507515925097	1.05507515925097
-1.9282644921693	-0.312302756488703	0.6783211890847	-0.687959746076103	-0.340290334195637	-0.116841222118086	-0.167141621737882	-0.504485708085349	0.228041050575666	0.253905284867359	-0.0194322326391984	-0.0406544849282941	-0.0406544849282941	-0.0406544849282941	-0.0406544849282941	-0.0406544849282941	-0.0406544849282941	-0.0406544849282941	-0.0406544849282941	-0.0406544849282941	-0.0406544849282941	-0.0406544849282941	-0.26765789326268	-0.26765789326268	-0.26765789326268	-0.26765789326268	-0.26765789326268	-0.26765789326268	-0.26765789326268	-0.26765789326268	-0.26765789326268	-0.26765789326268	-0.26765789326268	-0.0781169651842756	-0.201068746305988	-0.717650787444434	-0.107994539437918	-0.973713596460276	-0.0679353486995589	-0.482799229998518	-0.944608947181897	-0.81742847208437	-0.848748605360388	-0.482799229998519	-1.03509808581965	-1.03509808581965	-1.03509808581965	-1.03509808581965	-1.03509808581965	-1.03509808581965	-1.03509808581965	-1.03509808581965	-1.03509808581965	-1.03509808581965	-1.03509808581965	0.391234566590841	-0.219701550164856	0.141430347331923	0.479076294601221	-1.05964903656342	1.42420579694828	0.391234566590842	0.474273757143233	-0.0974599139229563	1.09057991994976	0.742060523549979	-0.589004851954172	0.983545522026052	-0.0387170280210653	0.392862818594586	0.472734466574107	0.500784633839224	-0.0295193387623757	-0.741528600736193	-0.114024731185105	-1.34697341949004	-0.143467055914049	-2.22329158450842	-2.22329158450842	-2.22329158450842	-2.22329158450842	-2.22329158450842	-2.22329158450842	-2.22329158450842	-2.22329158450842	-2.22329158450842	-2.22329158450842	-2.22329158450842	-2.22329158450842	-2.22329158450842
0.861683900050753	0.563837415368333	1.09432101160818	0.554646847792943	0.818257514076503	1.18225863183887	0.447580848543044	1.05791297307242	0.569072491435006	1.57405978234759	0.955634607274467	-0.643301860295805	-0.643301860295805	-0.643301860295805	-0.643301860295805	-0.643301860295805	-0.643301860295805	-0.643301860295805	-0.643301860295805	-0.643301860295805	-0.643301860295804	-0.643301860295805	1.48265710319238	1.48265710319238	1.48265710319238	1.48265710319238	1.48265710319238	1.48265710319238	1.48265710319238	1.48265710319238	1.48265710319238	1.48265710319238	1.48265710319238	-1.34657828269272	-1.4828804907537	-0.114539152524752	-2.21877674150189	-1.19862458753287	-1.0009260190362	-1.92398383156344	-0.824008247857509	-1.14971625271928	-1.30402969276957	-1.92398383156344	0.423175248183274	0.423175248183274	0.423175248183274	0.423175248183274	0.423175248183274	0.423175248183274	0.423175248183274	0.423175248183274	0.423175248183274	0.423175248183274	0.423175248183274	0.224550531909578	0.768236867471865	0.547537408044622	0.435510162861651	1.38763621505975	-0.535706631076193	0.224550531909579	1.06937773639529	0.715800551730073	1.1177216106818	-0.901086751559401	0.897812720234463	-1.07886757520866	0.439763345000755	-0.490852385247373	0.501213431052539	1.63253953106319	1.54253263132565	1.22183108609968	2.12403038001032	0.032861948847375	0.534470354290214	0.726535410372756	0.726535410372756	0.726535410372756	0.726535410372756	0.726535410372756	0.726535410372756	0.726535410372756	0.726535410372756	0.726535410372756	0.726535410372756	0.726535410372756	0.726535410372756	0.726535410372756
-1.31898309904265	-0.699892987171716	-2.12250330410053	-1.8979428630982	-1.07569164410814	-1.7768061907592	-0.881756363392647	-1.32468995155581	1.28134199803284	-0.483065987297849	-1.88584026307015	-0.747482983013095	-0.747482983013095	-0.747482983013095	-0.747482983013095	-0.747482983013095	-0.747482983013095	-0.747482983013095	-0.747482983013095	-0.747482983013095	-0.747482983013095	-0.747482983013095	1.38905254189948	1.38905254189948	1.38905254189948	1.38905254189948	1.38905254189948	1.38905254189948	1.38905254189948	1.38905254189948	1.38905254189948	1.38905254189948	1.38905254189948	1.24069050458847	0.805500552167625	-0.853849754048905	-0.651227123007015	-0.529305135202217	-0.264768187816194	-1.01413213627875	0.0135200303687725	-0.349710833426706	-0.56139916785729	-1.01413213627875	-1.07123439889112	-1.07123439889112	-1.07123439889112	-1.07123439889112	-1.07123439889112	-1.07123439889112	-1.07123439889112	-1.07123439889112	-1.07123439889112	-1.07123439889112	-1.07123439889112	0.114016651569319	-0.00767918381784573	-0.121673764826575	0.310687841915176	-0.536774040518291	0.817082366434492	0.114016651569319	0.41291633386303	-0.0431798192906189	0.481299431788187	1.01600865522187	0.449640111934834	-0.10519204223627	-0.752926640308283	0.307571103264064	-0.45787324638973	-1.71295083089097	-0.904631548530832	-1.12193533229024	-2.13664489559822	0.436091512419357	-1.44823911362103	-1.05943073166587	-1.05943073166587	-1.05943073166587	-1.05943073166587	-1.05943073166587	-1.05943073166587	-1.05943073166587	-1.05943073166587	-1.05943073166587	-1.05943073166587	-1.05943073166587	-1.05943073166587	-1.05943073166587
-1.13295401605901	-1.63398178335756	-1.70247301633257	-1.21200520494008	-0.871763285464539	0.556543788400293	0.465327277645433	-0.168236879358616	-0.0536116826206268	-0.0692653212587733	0.865887240162929	0.517407720595942	0.517407720595942	0.517407720595942	0.517407720595942	0.517407720595942	0.517407720595942	0.517407720595942	0.517407720595942	0.517407720595942	0.517407720595942	0.517407720595942	-0.164093182195908	-0.164093182195908	-0.164093182195908	-0.164093182195908	-0.164093182195908	-0.164093182195908	-0.164093182195908	-0.164093182195908	-0.164093182195908	-0.164093182195908	-0.164093182195908	0.456202230784145	-0.0590898204604857	-0.0924865806592332	1.32758372774991	0.561469815918964	-0.176442910940749	0.911352147628114	0.351161164626706	0.27834310795113	-0.433124297885874	0.911352147628115	-1.03097183251182	-1.03097183251182	-1.03097183251182	-1.03097183251182	-1.03097183251182	-1.03097183251182	-1.03097183251182	-1.03097183251182	-1.03097183251182	-1.03097183251182	-1.03097183251182	-0.571268532439019	-0.959525686842156	-0.660475650223564	-0.986532885415477	-0.612714542440524	-0.0500035704094866	-0.571268532439019	-0.346743594594895	-0.381455431713138	-0.752943343864794	-0.406115996878202	0.490413013431989	-1.16328150061447	-1.16852628365909	-1.09355915176034	0.565917197492717	-1.07959430477192	-0.101085776046789	0.477689792792765	0.157995153733389	0.970351692469921	-0.347615501795866	-0.282999878905578	-0.282999878905578	-0.282999878905578	-0.282999878905578	-0.282999878905578	-0.282999878905578	-0.282999878905578	-0.282999878905578	-0.282999878905578	-0.282999878905578	-0.282999878905578	-0.282999878905578	-0.282999878905578
-0.517589553160644	-0.906507417493825	-0.481374629017959	-0.969613390203879	-0.729432203238079	1.18271029458178	1.92170866220914	-0.257770390841811	0.408966727689997	1.46322452798619	0.991232686720336	1.02678479625612	1.02678479625612	1.02678479625612	1.02678479625612	1.02678479625612	1.02678479625612	1.02678479625612	1.02678479625612	1.02678479625612	1.02678479625612	1.02678479625612	0.458939571567133	0.458939571567133	0.458939571567133	0.458939571567133	0.458939571567133	0.458939571567133	0.458939571567133	0.458939571567133	0.458939571567133	0.458939571567133	0.458939571567133	2.49005163858979	1.36442338792971	0.99447326618835	1.18210307477386	1.15277713273863	1.8810093288452	2.23836441522015	1.80827374076016	1.88137213092154	1.86501026968865	2.23836441522015	0.319019797554252	0.319019797554252	0.319019797554252	0.319019797554252	0.319019797554252	0.319019797554252	0.319019797554252	0.319019797554252	0.319019797554252	0.319019797554253	0.319019797554252	0.488006474891398	0.46194591515473	0.301836027934281	1.0138087202216	1.19088975951543	0.0394858517455453	0.488006474891398	1.10405515458202	0.259502954638663	0.0366522883140014	0.0549608835835017	1.20346735140652	-1.31501882781562	-0.867937326350498	-1.74950812364551	-0.0162533807446375	0.0627313960679905	0.383670926020619	1.08114774471565	-0.208841279536844	-0.624006108611688	-1.29083249311824	-0.00839131313242839	-0.00839131313242839	-0.00839131313242839	-0.00839131313242839	-0.00839131313242839	-0.00839131313242839	-0.00839131313242839	-0.00839131313242839	-0.00839131313242839	-0.00839131313242833	-0.00839131313242839	-0.00839131313242839	-0.00839131313242839
-0.251170262957608	-2.52688272884241	-0.341500176437431	-0.977524594775021	-1.42240646991446	-0.416530042105373	-0.609937255915928	-0.896185331533944	-1.31512421986557	-0.740169820304219	0.024990394915128	-1.71061664727585	-1.71061664727585	-1.71061664727585	-1.71061664727585	-1.71061664727585	-1.71061664727585	-1.71061664727585	-1.71061664727585	-1.71061664727585	-1.71061664727585	-1.71061664727585	-0.717817947228798	-0.717817947228798	-0.717817947228798	-0.717817947228798	-0.717817947228798	-0.717817947228798	-0.717817947228798	-0.717817947228798	-0.717817947228798	-0.717817947228798	-0.717817947228798	-0.640578154947813	-0.957414486319101	0.140828665701086	-0.488308823547269	-0.300617434281261	-0.690980881222781	-0.536887895209494	0.318476038568527	0.416449345830439	-0.291106041154901	-0.536887895209495	0.942908068328172	0.942908068328172	0.942908068328172	0.942908068328172	0.942908068328172	0.942908068328172	0.942908068328172	0.942908068328172	0.942908068328172	0.942908068328172	0.942908068328172	0.889434271136974	1.31818296666954	1.51359061052528	0.528590952006262	0.0887960570859742	1.6308838448805	0.889434271136974	1.06843758949869	1.52841082181782	1.1093575233886	1.20044925615595	-0.528202979329723	0.304624786024207	0.895388213562046	-0.0632339549205628	-0.803930185490287	-0.482140785404299	0.0652927938040532	0.113065063007634	-1.27876352597744	0.164862029891888	0.626229302311478	-1.44372045681789	-1.44372045681789	-1.44372045681789	-1.44372045681789	-1.44372045681789	-1.44372045681789	-1.44372045681789	-1.44372045681789	-1.44372045681789	-1.44372045681789	-1.44372045681789	-1.44372045681789	-1.44372045681789
0.944280159877212	1.47555137979658	0.592816894205115	1.23611186583842	0.0254538979603395	0.00736045103555628	-0.710748111447819	0.290839022536364	0.519090404181813	0.379463456886297	-0.932768506805532	0.0687088960515109	0.0687088960515109	0.0687088960515109	0.0687088960515109	0.0687088960515109	0.0687088960515109	0.0687088960515109	0.0687088960515109	0.0687088960515109	0.0687088960515109	0.0687088960515109	-1.94967624568055	-1.94967624568055	-1.94967624568055	-1.94967624568055	-1.94967624568055	-1.94967624568055	-1.94967624568055	-1.94967624568055	-1.94967624568055	-1.94967624568055	-1.94967624568055	-0.000361510652788773	-0.0385971428159926	-0.637086902026458	-0.712464342143009	-0.111938237091805	-0.962829312495547	-0.861465770090921	-0.624768555016787	-0.475012139780223	-0.902932750863957	-0.861465770090921	0.958669011803895	0.958669011803895	0.958669011803895	0.958669011803895	0.958669011803895	0.958669011803895	0.958669011803895	0.958669011803895	0.958669011803895	0.958669011803896	0.958669011803895	-0.502944206611424	-0.21149823286151	-0.57149548629829	0.762900200633065	-1.14089011806425	-0.746763312408062	-0.502944206611424	0.0787028209716631	-0.029210262732625	-0.10025454509753	-1.10261041140525	-0.300882783364328	0.176307463836503	-0.222202175822303	0.728213263728919	-0.630795377902322	-0.437140119323175	-1.1728517973594	-1.35971279747642	0.085195376247621	-0.986186426754876	-0.703763634690805	-0.627706116084651	-0.627706116084651	-0.627706116084651	-0.627706116084651	-0.627706116084651	-0.627706116084651	-0.627706116084651	-0.627706116084651	-0.627706116084651	-0.627706116084651	-0.627706116084651	-0.627706116084651	-0.627706116084651
-0.972971256429376	-1.22339853025682	-1.39834702425006	-1.50353783846226	-1.48215707011766	-1.55192200613408	-1.52746399553479	-2.00666491154615	-0.817778167795432	-0.520761356938838	-1.34065700724736	0.0857637687023425	0.0857637687023425	0.0857637687023425	0.0857637687023425	0.0857637687023425	0.0857637687023425	0.0857637687023425	0.0857637687023425	0.0857637687023425	0.0857637687023426	0.0857637687023425	-1.09536756325514	-1.09536756325514	-1.09536756325514	-1.09536756325514	-1.09536756325514	-1.09536756325514	-1.09536756325514	-1.09536756325514	-1.09536756325514	-1.09536756325514	-1.09536756325514	1.58077428555541	1.55316221527236	2.03200579731551	0.704668151794394	1.95399408135713	1.82632357591298	2.24393774336309	2.25574669897948	2.29026416032222	2.88158358850063	2.24393774336309	-0.340996056341709	-0.340996056341709	-0.340996056341709	-0.340996056341709	-0.340996056341709	-0.340996056341709	-0.340996056341709	-0.340996056341709	-0.340996056341709	-0.340996056341709	-0.340996056341709	-1.18995213261603	-0.733642577170938	-1.00105061782755	-0.913299573824282	-1.23910042272107	0.00830570281765291	-1.18995213261603	-0.67016539780952	-1.02608707887627	-0.935769150486289	-0.833831458718576	0.0284251281598465	0.422897936955978	-0.200803390328863	0.704235390205393	0.000203047796371836	0.178605608652097	-0.460272171254914	-0.763085127420145	0.639413423915614	-0.588991857850915	-0.553789280722866	-0.166138196336334	-0.166138196336334	-0.166138196336334	-0.166138196336334	-0.166138196336334	-0.166138196336334	-0.166138196336334	-0.166138196336334	-0.166138196336334	-0.166138196336334	-0.166138196336334	-0.166138196336334	-0.166138196336334
2.27839462239838	-0.568546615917009	0.814305195505646	1.12088823328678	-1.21650136796752	0.0758360308908434	0.558790306519215	2.98110256756157	0.235859815134231	0.474952154346903	0.597793969371299	1.15935616918543	1.15935616918543	1.15935616918543	1.15935616918543	1.15935616918543	1.15935616918543	1.15935616918543	1.15935616918543	1.15935616918543	1.15935616918543	1.15935616918543	-0.263246978825609	-0.263246978825609	-0.263246978825609	-0.263246978825608	-0.263246978825609	-0.263246978825608	-0.263246978825608	-0.263246978825608	-0.263246978825609	-0.263246978825609	-0.263246978825609	0.880368266617441	0.29554127032854	-0.486576159595646	0.661408969845261	-0.345086877814947	-0.689702101749312	-0.46227870567971	-0.61366393566673	-0.0641426893776892	-1.17214280862191	-0.462278705679711	-0.845892258534202	-0.845892258534202	-0.845892258534202	-0.845892258534202	-0.845892258534202	-0.845892258534202	-0.845892258534202	-0.845892258534202	-0.845892258534202	-0.845892258534202	-0.845892258534202	-0.728616340194779	-0.619401127861415	-0.631612859760745	-0.738093231606183	-0.454087953610755	-0.890556851311858	-0.728616340194779	-0.566616977004545	-0.570971113169278	-0.566138379947442	-0.7892257267484	-0.368129746471235	-0.963114116583172	-0.0278446261455475	-0.177543298584597	-1.77718159843809	0.976629923920304	-0.80980305112789	-0.471618463264802	1.04052234381645	0.40466470218743	0.422823417892711	-1.72198794635649	-1.72198794635649	-1.72198794635649	-1.72198794635649	-1.72198794635649	-1.72198794635649	-1.72198794635649	-1.72198794635649	-1.72198794635649	-1.72198794635649	-1.72198794635649	-1.72198794635649	-1.72198794635649
-0.451800409265881	-0.958847898652506	-0.231813492710133	-0.650440495803416	-0.270350068491208	0.303987580164281	0.984436592927432	-0.453512335538165	0.165116584553037	0.198683395317456	0.198883280923701	0.276092240032438	0.276092240032438	0.276092240032438	0.276092240032438	0.276092240032438	0.276092240032438	0.276092240032438	0.276092240032438	0.276092240032438	0.276092240032438	0.276092240032438	-0.28790913637792	-0.28790913637792	-0.28790913637792	-0.28790913637792	-0.28790913637792	-0.28790913637792	-0.28790913637792	-0.28790913637792	-0.28790913637792	-0.28790913637792	-0.28790913637792	-0.809361796429398	-0.894330134480784	0.4518547719724	-0.932827302401074	-0.217118648189301	-0.247792248209043	-0.187030353444309	-0.697417729742677	-0.219591121909007	-0.124322399020083	-0.187030353444308	0.161571945352521	0.161571945352521	0.161571945352521	0.161571945352521	0.161571945352521	0.161571945352521	0.161571945352521	0.161571945352521	0.161571945352521	0.161571945352521	0.161571945352521	-1.93571544116915	-1.94431976195368	-1.69125687822651	-2.20981638231292	-0.496036340622645	-1.41627656800109	-1.93571544116915	-1.46146822053511	-1.70017480376541	-1.83520635276609	-2.34814657736524	0.525122155633961	1.99267878364161	-0.604367543457616	0.193832615678621	2.22012263054847	0.819556969951817	0.0643117409814314	1.0584901422198	1.60643465773662	0.6899833151235	0.761321035093124	0.374697541594334	0.374697541594334	0.374697541594334	0.374697541594334	0.374697541594334	0.374697541594334	0.374697541594334	0.374697541594334	0.374697541594334	0.374697541594334	0.374697541594334	0.374697541594334	0.374697541594334
-0.877908118699545	-1.32678800997965	-0.482659284211908	-1.03779991861503	-1.86324749078335	-0.648890811544298	0.923966718467581	-0.288923012626798	-0.794768723948559	0.238180574554376	0.0577156594451646	0.797904631114269	0.797904631114269	0.797904631114269	0.797904631114269	0.797904631114269	0.797904631114269	0.797904631114269	0.797904631114269	0.797904631114269	0.797904631114269	0.797904631114269	-1.19282258502765	-1.19282258502765	-1.19282258502765	-1.19282258502765	-1.19282258502765	-1.19282258502765	-1.19282258502765	-1.19282258502765	-1.19282258502765	-1.19282258502765	-1.19282258502765	0.792673529718177	0.314669746130218	-0.230750262504318	-0.665302029571949	0.380697007293632	0.31769829455158	-0.256928770581811	0.484885143795472	-0.16939035120957	0.528216888177048	-0.256928770581812	0.399149033092272	0.399149033092272	0.399149033092272	0.399149033092272	0.399149033092272	0.399149033092272	0.399149033092272	0.399149033092272	0.399149033092272	0.399149033092272	0.399149033092272	-0.0859390608926271	-1.77692438434444	-1.64119403722002	-0.0587027720691222	-1.00208374219264	-1.03575572455058	-0.085939060892627	-0.507448584778226	-1.38755760509859	-1.30593182893256	-0.0444452180866469	0.129242358087271	-0.95286438708217	-0.618296997702046	-0.751706766431417	-0.205628675205322	-0.552065244719085	-0.51797705476555	-0.298467700016784	-0.431023582291424	-0.0300565612258126	-1.06097611671072	-0.0615966996671339	-0.0615966996671339	-0.0615966996671339	-0.0615966996671339	-0.0615966996671339	-0.0615966996671339	-0.0615966996671339	-0.0615966996671339	-0.0615966996671339	-0.0615966996671338	-0.0615966996671339	-0.0615966996671339	-0.0615966996671339
-1.07858159794503	0.78502093917094	-1.6604695901447	-0.394092194850639	0.726245193277602	0.0705155198294492	-1.22516397168708	-0.452875844457993	-1.13704658580159	-1.39664491573202	0.23192972902014	-1.35969176695043	-1.35969176695043	-1.35969176695043	-1.35969176695043	-1.35969176695043	-1.35969176695043	-1.35969176695043	-1.35969176695043	-1.35969176695043	-1.35969176695042	-1.35969176695043	0.972046592605839	0.972046592605839	0.972046592605839	0.972046592605839	0.972046592605839	0.972046592605839	0.972046592605839	0.972046592605839	0.972046592605839	0.972046592605839	0.972046592605839	0.129046514063994	1.13066976289844	1.61833501638938	0.464145738742718	-0.611447858204999	1.39008239701446	0.183625533830604	0.77742822469825	1.02494137706309	0.671741883110291	0.183625533830604	1.08554449695512	1.08554449695512	1.08554449695512	1.08554449695512	1.08554449695512	1.08554449695512	1.08554449695512	1.08554449695512	1.08554449695512	1.08554449695512	1.08554449695512	0.339643856597341	-0.286190454801919	-0.261010970372242	0.411203909387263	-0.018570979841453	-0.0475090842047517	0.339643856597341	0.0197621920596819	-0.0311524485977227	0.0202584036533487	0.389844116504846	-1.88403613574841	-1.43244293245804	-0.694443901028244	-1.96222203285497	-0.832456312314669	0.584874627534797	0.799055208978937	0.556865346763341	0.359431217378816	-0.0834163672613857	0.603402047516811	1.68841922256546	1.68841922256546	1.68841922256546	1.68841922256546	1.68841922256546	1.68841922256546	1.68841922256546	1.68841922256546	1.68841922256546	1.68841922256546	1.68841922256546	1.68841922256546	1.68841922256546
-0.718968405067466	-0.104573899472545	-0.440682947972357	-1.05843820355854	0.330875185602217	-0.947053242950671	-0.838681925029946	-1.08362948752363	-0.0027696791773975	-0.926579294960873	-0.890031262825837	1.16527001105159	1.16527001105159	1.16527001105159	1.16527001105159	1.16527001105159	1.16527001105159	1.16527001105159	1.16527001105159	1.16527001105159	1.16527001105159	1.16527001105159	-1.74747386065084	-1.74747386065084	-1.74747386065084	-1.74747386065084	-1.74747386065084	-1.74747386065084	-1.74747386065084	-1.74747386065084	-1.74747386065084	-1.74747386065084	-1.74747386065084	-0.0784218084443782	0.506084474924828	-0.243254987860825	1.59548721496652	0.462643613792301	0.638869867828634	0.493812262395042	0.222166017007649	0.223067772873701	0.168992514743674	0.493812262395041	-0.47796455556714	-0.47796455556714	-0.47796455556714	-0.47796455556714	-0.47796455556714	-0.47796455556714	-0.47796455556714	-0.47796455556714	-0.47796455556714	-0.47796455556714	-0.47796455556714	0.22990928766715	-0.146747051180967	-0.190608953015425	0.332794568990241	-1.57820837756042	0.449150035388889	0.229909287667151	-0.855489694745107	0.0689417652765767	-0.0624400271792391	0.906129842331362	0.0416533352715618	2.40985988800872	-0.372804706486118	1.11743958303872	3.29593426644985	0.605593037856605	0.761452081202676	0.621744214780776	1.06874799986349	-0.462952278569876	0.778823525535808	-1.23950466395332	-1.23950466395332	-1.23950466395332	-1.23950466395332	-1.23950466395332	-1.23950466395332	-1.23950466395332	-1.23950466395332	-1.23950466395332	-1.23950466395332	-1.23950466395332	-1.23950466395332	-1.23950466395332
-0.8396174907808	-1.16532685596226	0.746941647264314	-0.790856451746376	-0.0801359395727507	-0.7358228138922	0.0445452496353938	-0.107261850771583	0.108647955440069	-1.32685876593001	-0.932118456886895	0.236027795910465	0.236027795910465	0.236027795910465	0.236027795910465	0.236027795910465	0.236027795910465	0.236027795910465	0.236027795910465	0.236027795910465	0.236027795910465	0.236027795910465	-0.312719636831319	-0.312719636831319	-0.312719636831319	-0.312719636831318	-0.312719636831319	-0.312719636831318	-0.312719636831318	-0.312719636831318	-0.312719636831319	-0.312719636831319	-0.312719636831319	-2.2049672531187	-1.80653179724203	-0.2343298202201	-1.52598270169507	-0.416825924039934	-1.84917772737534	-1.2495157243017	-0.838222319785531	-0.617279936533089	-0.704243585738273	-1.2495157243017	0.363507712098185	0.363507712098185	0.363507712098185	0.363507712098185	0.363507712098185	0.363507712098185	0.363507712098185	0.363507712098185	0.363507712098185	0.363507712098185	0.363507712098185	2.5463905587272	2.41538011842778	2.10341822426712	2.89606243397412	1.4374357902007	1.53315927270055	2.5463905587272	1.64236343416388	2.28063538951965	1.6477246664116	1.99606805724005	0.657794567905349	0.949462866785005	-0.7563485290047	0.110711043631653	0.373771093495471	-0.0882176591902187	-0.535970175562972	-0.242929487665224	-0.777901665274055	-1.14098945594355	-0.734631455475446	-1.03113790198611	-1.03113790198611	-1.03113790198611	-1.03113790198611	-1.03113790198611	-1.03113790198611	-1.03113790198611	-1.03113790198611	-1.03113790198611	-1.03113790198611	-1.03113790198611	-1.03113790198611	-1.03113790198611
0.73837016007079	0.862269744404015	-0.146006508471967	0.684638602457911	1.13027547658208	0.545839594640894	0.809032340336052	0.570597749866012	0.714341966417534	0.587349325825131	0.727138719976642	-0.834002070230232	-0.834002070230232	-0.834002070230232	-0.834002070230232	-0.834002070230232	-0.834002070230232	-0.834002070230232	-0.834002070230232	-0.834002070230232	-0.834002070230232	-0.834002070230232	-0.219580426697104	-0.219580426697104	-0.219580426697104	-0.219580426697104	-0.219580426697104	-0.219580426697104	-0.219580426697104	-0.219580426697104	-0.219580426697104	-0.219580426697104	-0.219580426697104	1.07826489792419	0.928126952647968	2.19300904301526	1.20058716735426	1.41645656647349	1.66824017163671	1.3068317031078	1.17787687026687	2.23851029958624	2.04197505014334	1.3068317031078	-1.50879119427765	-1.50879119427765	-1.50879119427765	-1.50879119427765	-1.50879119427765	-1.50879119427765	-1.50879119427765	-1.50879119427765	-1.50879119427765	-1.50879119427765	-1.50879119427765	2.15360021379095	2.08370676186693	1.97635387717945	2.68563105952992	0.268048184418508	2.00820050279411	2.15360021379095	1.07426651794388	2.33888040019029	1.66719439141761	2.00784861769837	-0.3416513149659	-1.66239648195935	-0.704496472023625	-1.49187000367167	-1.90032693699688	-0.760676304864507	-1.23723147512558	-0.551568990121793	-1.57062582450723	0.718382988087298	-0.344679882424203	0.0613617789249317	0.0613617789249317	0.0613617789249317	0.0613617789249317	0.0613617789249317	0.0613617789249317	0.0613617789249317	0.0613617789249317	0.0613617789249317	0.0613617789249317	0.0613617789249317	0.0613617789249316	0.0613617789249317
0.59925666838546	1.5804459875508	0.730621002416071	-0.521418640165311	2.16999692933408	1.58056361624985	0.352308184385775	0.621386903355295	-0.868228992551604	-1.54303359608486	-0.276899248109663	0.797018869395945	0.797018869395945	0.797018869395945	0.797018869395945	0.797018869395945	0.797018869395945	0.797018869395945	0.797018869395945	0.797018869395945	0.797018869395946	0.797018869395945	0.0973109017580617	0.0973109017580617	0.0973109017580617	0.0973109017580618	0.0973109017580617	0.0973109017580618	0.0973109017580618	0.0973109017580618	0.0973109017580617	0.0973109017580617	0.0973109017580617	-1.34517774821095	-0.759705816958162	1.21083129511423	-1.22588031661545	-0.569828033900937	-0.413300625920085	-1.13226229950474	-1.4725052795895	0.301643208445975	-0.590762605116635	-1.13226229950474	-0.261481612055082	-0.261481612055082	-0.261481612055082	-0.261481612055082	-0.261481612055082	-0.261481612055082	-0.261481612055082	-0.261481612055082	-0.261481612055082	-0.261481612055082	-0.261481612055082	-0.318603390433742	0.243430438089164	0.0414371764871126	-0.502277361656931	0.0106908561913728	0.491124868483459	-0.318603390433742	0.204468662575522	-0.313581608905387	0.39733125838786	-0.096365647304013	0.301969026461385	0.644838738831017	0.994425405683908	0.382512923927442	0.398630352414294	-0.767956187026074	1.00723665383033	-0.110276912472825	0.0618690736726219	-1.91962687078452	-0.144116851927081	0.230675413942482	0.230675413942482	0.230675413942482	0.230675413942482	0.230675413942482	0.230675413942482	0.230675413942482	0.230675413942482	0.230675413942482	0.230675413942482	0.230675413942482	0.230675413942482	0.230675413942482
0.716705462680625	0.96452988904232	0.954253861830043	1.47563202761631	2.01782286459774	1.37746250710055	0.541650861502608	1.2677161464185	-0.953967430624668	-1.52519464585602	1.06471641053309	-0.621424539575529	-0.621424539575529	-0.621424539575529	-0.621424539575529	-0.621424539575529	-0.621424539575529	-0.621424539575529	-0.621424539575529	-0.621424539575529	-0.621424539575529	-0.621424539575529	-0.150422851369018	-0.150422851369018	-0.150422851369018	-0.150422851369018	-0.150422851369018	-0.150422851369018	-0.150422851369018	-0.150422851369018	-0.150422851369018	-0.150422851369018	-0.150422851369018	-0.287813450102814	-0.0464842438022593	1.04238439819765	0.169329088817964	0.613554361543743	1.36922224693652	1.08231643148824	1.11151976313295	0.41243846037767	1.22874699100156	1.08231643148824	-0.0368576131065048	-0.0368576131065048	-0.0368576131065048	-0.0368576131065048	-0.0368576131065048	-0.0368576131065048	-0.0368576131065048	-0.0368576131065048	-0.0368576131065048	-0.0368576131065047	-0.0368576131065048	-0.184832495082557	0.854358272890587	0.696351163291681	0.0329054285434277	1.22289658130554	0.564282567313584	-0.184832495082557	0.771613636866452	1.01330315578996	0.30865054489843	0.450370282159442	-0.747728288812651	0.44319597725633	-1.12615576776309	0.0450801761811245	0.156266089407322	1.53947694409619	-0.647292514873475	-0.473861462403322	1.16110881791343	0.00525045053317533	-0.0552917991597464	1.46602798629632	1.46602798629632	1.46602798629632	1.46602798629632	1.46602798629632	1.46602798629632	1.46602798629632	1.46602798629632	1.46602798629632	1.46602798629632	1.46602798629632	1.46602798629632	1.46602798629632
0.839385696009673	0.723460595196574	0.904617324764932	0.742500954813373	0.227350890886261	-0.580048608983539	-0.166478844922195	0.695842841242774	0.91304941713568	0.631321036684289	-0.432510375128001	-0.229732357156729	-0.229732357156729	-0.229732357156729	-0.229732357156729	-0.229732357156729	-0.229732357156729	-0.229732357156729	-0.229732357156729	-0.229732357156729	-0.229732357156729	-0.229732357156729	0.113884902218533	0.113884902218533	0.113884902218533	0.113884902218533	0.113884902218533	0.113884902218533	0.113884902218533	0.113884902218533	0.113884902218533	0.113884902218533	0.113884902218533	-0.31984530876911	-0.12423598411437	0.0792104277770492	0.660946062619631	-0.751200437343883	-0.43457036542852	-0.842238764916654	-0.697759616924459	-0.295274995330766	-1.07768038394092	-0.842238764916654	3.172643165978	3.172643165978	3.172643165978	3.172643165978	3.172643165978	3.172643165978	3.172643165978	3.172643165978	3.172643165978	3.172643165978	3.172643165978	-0.0307204315739496	0.309215260766954	-0.231135864870741	0.0264278414929092	-0.892588195226435	-0.0252113766182402	-0.0307204315739496	-0.90516382327552	-0.606169338850442	-0.588339623957079	-0.0105905968328965	-0.961455261767719	0.150989732754646	-0.673936247509284	-0.995827511183718	0.11992656663752	-1.94442235422152	0.470755511015047	0.914271163094007	-0.469018049521212	0.706515362555136	1.05621406520553	0.0855470997133301	0.0855470997133301	0.0855470997133301	0.0855470997133301	0.0855470997133301	0.0855470997133301	0.0855470997133301	0.0855470997133301	0.0855470997133301	0.0855470997133301	0.0855470997133301	0.08554709971333	0.0855470997133301
-0.475236981052471	0.0939104785104715	-0.807595170250434	-0.457427999515738	0.178713520698634	0.575393447492241	0.565392573425061	-0.0233474261545913	0.533607173193867	0.666037355547084	0.52201685829239	-0.927477234108894	-0.927477234108894	-0.927477234108894	-0.927477234108894	-0.927477234108894	-0.927477234108894	-0.927477234108894	-0.927477234108894	-0.927477234108894	-0.927477234108894	-0.927477234108894	-0.963690284519269	-0.963690284519269	-0.963690284519269	-0.963690284519269	-0.963690284519269	-0.963690284519269	-0.963690284519269	-0.963690284519269	-0.963690284519269	-0.963690284519269	-0.963690284519269	-0.106066978941224	-1.00390304133661	-0.922993043408489	-0.484808275659622	-0.289435438278956	-1.02028150987089	0.0746457202137154	1.37576327649071	0.440018323636528	0.106458988622805	0.0746457202137153	-0.472290476549305	-0.472290476549305	-0.472290476549305	-0.472290476549305	-0.472290476549305	-0.472290476549305	-0.472290476549305	-0.472290476549305	-0.472290476549305	-0.472290476549305	-0.472290476549305	1.18390392467427	1.1654794261708	1.28936098421498	1.00309625837511	0.847900858424141	0.95100664047571	1.18390392467427	0.511828439925728	1.31485955872987	0.744159018806565	1.18320910939235	-2.49722482954662	-0.963003574489864	-0.945406769963311	-1.98139464874136	-0.6925228092149	-0.316642741654545	-0.181129749116532	-0.0549419002480508	-1.10899512421176	-0.00603496812848798	1.30517596885654	0.654635429295407	0.654635429295407	0.654635429295407	0.654635429295407	0.654635429295407	0.654635429295407	0.654635429295407	0.654635429295407	0.654635429295407	0.654635429295407	0.654635429295407	0.654635429295407	0.654635429295407
-0.0211507280784327	-0.470354106026927	1.18013757852716	-0.259354981028375	0.792752757165996	0.597781248381475	0.348868287201855	-0.23044528754982	-0.588997704681221	-0.0835389614687173	0.339647780810154	0.903515517426755	0.903515517426755	0.903515517426755	0.903515517426755	0.903515517426755	0.903515517426755	0.903515517426755	0.903515517426755	0.903515517426755	0.903515517426755	0.903515517426755	0.935219889676299	0.935219889676299	0.935219889676299	0.935219889676299	0.935219889676299	0.935219889676299	0.935219889676299	0.935219889676299	0.935219889676299	0.935219889676299	0.935219889676299	-0.474873942317627	-0.654130565132129	0.52477587095273	-0.92572364254568	-0.212069050744055	0.100534550927631	-0.809717428502372	-0.416889571788923	0.00357541301069759	-0.265679868070365	-0.809717428502373	-0.482328575943563	-0.482328575943563	-0.482328575943563	-0.482328575943563	-0.482328575943563	-0.482328575943563	-0.482328575943563	-0.482328575943563	-0.482328575943563	-0.482328575943563	-0.482328575943563	-0.772822166950171	0.196759952679518	-0.481949689003035	-1.28776990059793	-0.167864899478224	-1.22485871416133	-0.77282216695017	-0.236493718089103	-0.782515478507174	-0.281382839733994	-1.01322101355591	-0.0822274946796695	-0.901562406293084	0.276011594150383	-0.41907604538542	-1.22002966873538	-0.874043211756811	0.311656657547206	-0.30826260111965	-0.948138550361589	-0.501273580126235	0.137622772581755	0.50670383339135	0.50670383339135	0.50670383339135	0.50670383339135	0.50670383339135	0.50670383339135	0.50670383339135	0.50670383339135	0.50670383339135	0.50670383339135	0.50670383339135	0.50670383339135	0.50670383339135
-1.4136444836272	-0.471883228825095	-0.723817339678136	-0.532021506011729	-0.872660857592112	-2.07818859072104	-1.48419754492594	-0.827687021699077	-0.396021030811326	-0.935800526049802	-1.02858743295977	0.466954713878839	0.466954713878839	0.466954713878839	0.466954713878839	0.466954713878839	0.466954713878839	0.466954713878839	0.466954713878839	0.466954713878839	0.466954713878839	0.466954713878839	-0.343252956843643	-0.343252956843643	-0.343252956843643	-0.343252956843643	-0.343252956843643	-0.343252956843643	-0.343252956843643	-0.343252956843643	-0.343252956843643	-0.343252956843643	-0.343252956843643	-0.135491445733208	0.554940623862452	-0.403003221831533	0.439979219115327	0.424903340167603	0.737167764854454	0.24488332490413	1.70226934649069	0.330719408831717	1.26482786142098	0.244883324904129	-0.354815627558041	-0.354815627558041	-0.354815627558041	-0.354815627558041	-0.354815627558041	-0.354815627558041	-0.354815627558041	-0.354815627558041	-0.354815627558041	-0.35481562755804	-0.354815627558041	0.30548677685221	-0.499798216501339	-0.172725851897971	-0.269543761820144	-0.181582459292631	0.170247954077583	0.305486776852211	-0.494300065465238	-0.265840088913683	-0.299200743974338	0.772630074507378	-0.229263717433455	-1.26111508878904	-0.3946036475849	-1.16830050144311	-0.795825633987817	0.71284858016111	0.442789901638732	0.231814964282464	-0.49404443926212	0.00248991914130829	-0.449023987091121	2.42084411753777	2.42084411753777	2.42084411753777	2.42084411753777	2.42084411753777	2.42084411753777	2.42084411753777	2.42084411753777	2.42084411753777	2.42084411753777	2.42084411753777	2.42084411753777	2.42084411753777
-0.679004662679049	0.530048118904219	0.12308704004584	-1.17149311150257	0.0500233819672722	0.442720829891185	0.995820456313554	0.207542268828952	2.85910456922247	2.81640105744075	-0.0698184701763857	-0.832974023872841	-0.832974023872841	-0.832974023872841	-0.832974023872841	-0.832974023872841	-0.832974023872841	-0.832974023872841	-0.832974023872841	-0.832974023872841	-0.832974023872841	-0.832974023872841	0.895129347072323	0.895129347072323	0.895129347072323	0.895129347072323	0.895129347072323	0.895129347072323	0.895129347072323	0.895129347072323	0.895129347072323	0.895129347072323	0.895129347072323	-0.846061635668442	-0.519210134564579	-0.315733368001313	-0.434724567155213	-1.06652206931328	-0.128233741576827	-0.740436346017012	-1.16766399154243	-0.575162109959407	-0.465984556000132	-0.740436346017014	0.405219154452999	0.405219154452999	0.405219154452999	0.405219154452999	0.405219154452999	0.405219154452999	0.405219154452999	0.405219154452999	0.405219154452999	0.405219154452999	0.405219154452999	-0.48600070311274	-0.282445017931295	0.0118254304265731	-0.174433004432869	0.264769919810073	-0.17106293792185	-0.48600070311274	0.0180984336155919	0.481205369559411	0.0673638905861882	-0.838198576447964	0.30882583521274	-0.012805112017764	0.624931571572288	0.229282575030158	-0.192913937572798	-1.67137812568152	-0.403676078663844	-0.320575455908842	-0.924136037311089	0.820761454810341	-1.24534369081655	-1.1932550352678	-1.1932550352678	-1.1932550352678	-1.1932550352678	-1.1932550352678	-1.1932550352678	-1.1932550352678	-1.1932550352678	-1.1932550352678	-1.1932550352678	-1.1932550352678	-1.1932550352678	-1.1932550352678
-1.35906249446453	0.706540328933653	0.258236036181872	-0.970922082997851	-0.768511943703207	-0.488043082186329	-1.36842640228424	0.743976733120899	0.449043228634863	0.3482905133711	-0.803719308030207	1.23341063504324	1.23341063504324	1.23341063504324	1.23341063504324	1.23341063504324	1.23341063504324	1.23341063504324	1.23341063504324	1.23341063504324	1.23341063504324	1.23341063504324	-2.52989014945779	-2.52989014945779	-2.52989014945779	-2.52989014945779	-2.52989014945779	-2.52989014945779	-2.52989014945779	-2.52989014945779	-2.52989014945779	-2.52989014945779	-2.52989014945779	1.0749539527913	1.4298488342953	0.693922435019544	1.52599005425501	1.85318921407627	1.46766330547436	2.58278443252464	1.4909767783769	0.780697959177117	1.72954300841264	2.58278443252464	-0.352318060764217	-0.352318060764217	-0.352318060764217	-0.352318060764217	-0.352318060764217	-0.352318060764217	-0.352318060764217	-0.352318060764217	-0.352318060764217	-0.352318060764216	-0.352318060764217	1.21009493790115	1.13309628074456	0.945314359060932	1.1825784993193	1.79533339356714	0.50459318588298	1.21009493790115	0.421273095244487	0.773022799882192	0.611380644811825	0.916700617786258	-1.10671812760922	-1.71013044676712	-1.13982451801874	-1.85868648360738	-1.68764291031248	-1.13330330012478	-1.50206744479358	-0.864052890209539	-1.53092542592199	1.25336765340467	-0.447768478547649	-1.47698065192332	-1.47698065192332	-1.47698065192332	-1.47698065192332	-1.47698065192332	-1.47698065192332	-1.47698065192332	-1.47698065192332	-1.47698065192332	-1.47698065192332	-1.47698065192332	-1.47698065192332	-1.47698065192332
0.398694090836443	-1.56440557521057	-0.257705412047047	0.40030492734874	-1.58357037660951	-0.526763938078742	-0.210934833225457	0.0360748323179966	-2.08982644110027	-1.39791478405825	0.263755567708944	-1.29317389915577	-1.29317389915577	-1.29317389915577	-1.29317389915577	-1.29317389915577	-1.29317389915577	-1.29317389915577	-1.29317389915577	-1.29317389915577	-1.29317389915577	-1.29317389915577	0.123148226248489	0.123148226248489	0.123148226248489	0.123148226248489	0.123148226248489	0.123148226248489	0.123148226248489	0.123148226248489	0.123148226248489	0.123148226248489	0.123148226248489	1.14654645739387	1.55486558629858	-0.0271662072030428	1.31130706939061	1.94819124165643	1.34369162886641	1.42852007070341	1.33888754288884	0.981460587895209	1.47143376253813	1.42852007070341	-0.368060663831421	-0.368060663831421	-0.368060663831421	-0.368060663831421	-0.368060663831421	-0.368060663831421	-0.368060663831421	-0.368060663831421	-0.368060663831421	-0.368060663831421	-0.368060663831421	-1.14064660237673	-1.68679052959329	-1.69486159187208	-1.60282082575119	-1.2990758855682	-1.07997547733084	-1.14064660237673	-1.17437929112903	-1.83059209043954	-1.08106257257081	-1.05556522390162	-1.00473444887114	0.176217673042474	0.405535349476758	1.16915921724151	-1.4310092168422	-0.478395271594445	-1.62564659368822	-2.38208324335901	-0.260027133574953	-0.45490032067625	-1.05894683947194	-0.170645609306752	-0.170645609306752	-0.170645609306752	-0.170645609306752	-0.170645609306752	-0.170645609306752	-0.170645609306752	-0.170645609306752	-0.170645609306752	-0.170645609306752	-0.170645609306752	-0.170645609306752	-0.170645609306752
0.338232968164566	0.778072103668881	0.945346727636748	0.0963701577448809	0.804204655645969	1.64139651045213	1.49558770338537	0.578571435744541	-0.51087810803072	0.865183781167949	1.23971052184053	0.265476405467569	0.265476405467569	0.265476405467569	0.265476405467569	0.265476405467569	0.265476405467569	0.265476405467569	0.265476405467569	0.265476405467569	0.265476405467569	0.265476405467569	3.64064259665782	3.64064259665782	3.64064259665782	3.64064259665782	3.64064259665782	3.64064259665782	3.64064259665782	3.64064259665782	3.64064259665782	3.64064259665782	3.64064259665782	-1.3723266533213	-0.347566308388836	0.616008006641003	-0.809621315462525	-0.105868248217834	0.239244463245949	0.0883446303445272	0.146122122504431	0.685914679864965	0.70855312437191	0.0883446303445262	1.32392564936383	1.32392564936383	1.32392564936383	1.32392564936383	1.32392564936383	1.32392564936383	1.32392564936383	1.32392564936383	1.32392564936383	1.32392564936383	1.32392564936383	0.168332384084676	0.0179958157073486	-0.187261120134417	0.100406213617089	-0.249359844608303	-0.850629782433744	0.168332384084677	0.309680281567611	0.148803170707485	0.418427263729594	-0.155921726141748	-0.285562369627783	0.868838428966594	0.218626784797794	0.583340442628463	1.74199324236108	0.782789752653202	1.82437475292846	1.80367532820398	1.56200412293158	2.30110256599298	3.11419670295667	0.256915707594138	0.256915707594138	0.256915707594138	0.256915707594138	0.256915707594138	0.256915707594138	0.256915707594138	0.256915707594138	0.256915707594138	0.256915707594138	0.256915707594138	0.256915707594138	0.256915707594138
0.285124041347501	-1.04910075050809	0.471180168950369	-0.330207819668165	-0.560717436203645	-0.204736391477442	0.129770568193836	0.596616931840934	-0.94638694903909	-1.27727386731501	0.0674731182431067	-0.511105263504675	-0.511105263504675	-0.511105263504675	-0.511105263504675	-0.511105263504675	-0.511105263504675	-0.511105263504675	-0.511105263504675	-0.511105263504675	-0.511105263504675	-0.511105263504675	-0.987086644961364	-0.987086644961364	-0.987086644961364	-0.987086644961364	-0.987086644961364	-0.987086644961364	-0.987086644961364	-0.987086644961364	-0.987086644961364	-0.987086644961364	-0.987086644961364	-1.10690016166213	-0.516455070754268	-1.71039787642484	-0.836968361252868	-0.650936862348328	-1.03249512864953	-1.11052229446627	-0.00759872811125807	-1.25303482894958	-0.608208582931687	-1.11052229446627	0.93524837361445	0.93524837361445	0.93524837361445	0.93524837361445	0.93524837361445	0.93524837361445	0.93524837361445	0.93524837361445	0.93524837361445	0.93524837361445	0.93524837361445	-0.822535075928211	0.0721789809226064	-0.474741580382943	-0.112797237914546	-0.606752520668218	-0.121970898810751	-0.822535075928212	-1.95870649765114	-0.730952808815345	-1.54980744370849	-0.245242258598463	-0.136571867080322	-1.62354701619804	-1.35152683543616	-0.857728639170368	-1.77760094635426	-0.787784343945217	-0.831808742161452	-0.620053931263416	-0.586594595307028	0.640430737723646	-0.531268269808703	-0.527903935798225	-0.527903935798225	-0.527903935798225	-0.527903935798225	-0.527903935798225	-0.527903935798225	-0.527903935798225	-0.527903935798225	-0.527903935798225	-0.527903935798225	-0.527903935798225	-0.527903935798225	-0.527903935798225
0.3310743262466	0.793528999479812	0.971437413382127	1.34982442223264	0.593370832215313	0.117376649976596	-0.378140836628494	1.17144850703606	0.408625887540132	0.597750849274037	0.732977171203	0.652020947929354	0.652020947929354	0.652020947929354	0.652020947929354	0.652020947929354	0.652020947929354	0.652020947929354	0.652020947929354	0.652020947929354	0.652020947929354	0.652020947929354	-1.88815687656113	-1.88815687656113	-1.88815687656113	-1.88815687656113	-1.88815687656113	-1.88815687656113	-1.88815687656113	-1.88815687656113	-1.88815687656113	-1.88815687656113	-1.88815687656113	-0.313932801273134	1.01937252632252	-0.384451072140336	0.749770187133782	0.562751850774518	0.174101733472903	-0.402763063808594	-0.192687058288259	-0.653269091592382	-0.337697179378024	-0.402763063808593	0.23268849039313	0.23268849039313	0.23268849039313	0.23268849039313	0.23268849039313	0.23268849039313	0.23268849039313	0.23268849039313	0.23268849039313	0.23268849039313	0.23268849039313	0.743023549763256	0.244811644905709	-0.331403827492095	0.489645382539402	-0.305095889745384	0.278700743344746	0.743023549763256	0.498872663003799	-0.950061798320952	0.0676730446346841	1.06703253777796	1.22642000994398	-0.666981412145033	0.209843619584061	-0.632533638274245	2.31925577791254	-0.032071765901483	3.10756803746335	2.80923023327472	0.132698473444895	1.00445236160278	0.762426201633965	-0.813805613267494	-0.813805613267494	-0.813805613267494	-0.813805613267494	-0.813805613267494	-0.813805613267494	-0.813805613267494	-0.813805613267494	-0.813805613267494	-0.813805613267494	-0.813805613267494	-0.813805613267494	-0.813805613267494
0.872959900511214	2.48965623541011	1.0264805914033	0.940711051397682	2.54872065748589	0.586254258926888	-0.0697243233153411	0.884003852846517	0.507300277955367	0.433279318150179	0.520521877840148	0.283834026241826	0.283834026241826	0.283834026241826	0.283834026241826	0.283834026241826	0.283834026241826	0.283834026241826	0.283834026241826	0.283834026241826	0.283834026241826	0.283834026241826	-1.0771920829824	-1.0771920829824	-1.0771920829824	-1.0771920829824	-1.0771920829824	-1.0771920829824	-1.0771920829824	-1.0771920829824	-1.0771920829824	-1.0771920829824	-1.0771920829824	-2.07860444660974	-1.61215559462022	-0.0838803132534803	-0.827632459144739	0.226622365134978	-0.239107573104914	0.685395601878811	-0.0333786576667487	-0.367558190397354	0.976685747474012	0.685395601878812	-0.498997378392153	-0.498997378392153	-0.498997378392153	-0.498997378392153	-0.498997378392153	-0.498997378392153	-0.498997378392153	-0.498997378392153	-0.498997378392153	-0.498997378392153	-0.498997378392153	-0.382819757489987	-0.0826659038054009	-0.376266150371074	-0.557171501252693	-0.615831949988487	0.357688420354171	-0.382819757489987	-0.447361497685822	-0.696861444955235	-0.266690216659336	-0.240834416034434	0.328530876763485	0.0481514836847949	-0.671168298700287	0.848465306894892	-0.515456126495346	-1.62199948688172	-1.20614824529329	-1.65152753671234	-0.81596044219312	-0.876136527262292	-1.10073748547677	1.54086318761319	1.54086318761319	1.54086318761319	1.54086318761319	1.54086318761319	1.54086318761319	1.54086318761319	1.54086318761319	1.54086318761319	1.54086318761319	1.54086318761319	1.54086318761319	1.54086318761319
-1.84995447047254	0.971685355788788	-0.92992735957646	-0.986264494568423	1.56567393106624	1.51082003995555	1.15627884168326	0.533385246827596	1.41904805109061	0.67807252382473	1.22940830212389	0.607322675105735	0.607322675105735	0.607322675105735	0.607322675105735	0.607322675105735	0.607322675105735	0.607322675105735	0.607322675105735	0.607322675105735	0.607322675105735	0.607322675105735	-0.519238709874073	-0.519238709874073	-0.519238709874073	-0.519238709874073	-0.519238709874073	-0.519238709874073	-0.519238709874073	-0.519238709874073	-0.519238709874073	-0.519238709874073	-0.519238709874073	-1.05777616894161	-2.55436360824822	-2.02105288123407	-1.37428677249391	-2.30384439802269	-1.93865711275783	-0.759799353240316	-1.01353251142596	-1.73624121323351	-1.49123568856313	-0.759799353240315	-0.710709115214377	-0.710709115214377	-0.710709115214377	-0.710709115214377	-0.710709115214377	-0.710709115214377	-0.710709115214377	-0.710709115214377	-0.710709115214377	-0.710709115214377	-0.710709115214377	-0.41570725341743	0.212215378381415	-0.23278646098616	-0.0786016342840515	0.165579225354338	-0.349475122122134	-0.41570725341743	-0.000227300700697162	-0.917501730918038	-0.306014240621177	-0.498027475476742	-1.43769992538094	-0.691685245352602	-0.230355858420334	-1.23246989134187	-0.639859330757543	-0.109899979626416	-0.297805179891109	-0.0662155093126785	-0.536920578732964	0.169249670482451	0.368846585671002	-1.18859884023631	-1.18859884023631	-1.18859884023631	-1.18859884023631	-1.18859884023631	-1.18859884023631	-1.18859884023631	-1.18859884023631	-1.18859884023631	-1.18859884023631	-1.18859884023631	-1.18859884023631	-1.18859884023631
0.590427333669364	-1.56520466464138	-2.07030413241318	-1.78476241879296	-1.01779121365189	-0.164851362099463	-0.37739020715967	-0.788972186862244	-0.422034006692256	-0.387092391809986	-0.517613815477046	-1.67198146182478	-1.67198146182478	-1.67198146182478	-1.67198146182478	-1.67198146182478	-1.67198146182478	-1.67198146182478	-1.67198146182478	-1.67198146182478	-1.67198146182478	-1.67198146182478	0.280961636116687	0.280961636116687	0.280961636116687	0.280961636116687	0.280961636116687	0.280961636116687	0.280961636116687	0.280961636116687	0.280961636116687	0.280961636116686	0.280961636116687	-0.22731705093952	-0.818034045356862	-0.0188811268296377	-1.44272559771134	-1.1156794940463	-0.891965030695732	-0.0829981713598228	-0.478872079075595	0.30491987003408	0.140990351867324	-0.0829981713598226	0.296712716648538	0.296712716648538	0.296712716648538	0.296712716648538	0.296712716648538	0.296712716648538	0.296712716648538	0.296712716648538	0.296712716648538	0.296712716648538	0.296712716648538	0.813068875413184	1.16967903363471	1.38894556963779	0.179451060902342	2.42766769077419	0.945789278624728	0.813068875413184	1.22553319681114	1.26938413827125	1.17232466471321	-0.0892782941785555	0.681488677562082	-0.727290593148073	1.77055250303787	1.12723731394078	-1.81172823286915	0.135528116073037	-0.49314418082276	-1.18382921615175	0.364833735595121	-0.383986560033574	-1.64920038510574	0.12994120940209	0.12994120940209	0.12994120940209	0.12994120940209	0.12994120940209	0.12994120940209	0.12994120940209	0.12994120940209	0.12994120940209	0.12994120940209	0.12994120940209	0.12994120940209	0.12994120940209
-1.97846197301246	-0.00167623874280234	-1.6658758568913	-1.53703800011018	0.1482964808228	0.108528179226391	0.0262880119421898	-1.14185582715076	0.532582223359209	0.511296043933611	0.169475819681273	-0.666296177738426	-0.666296177738426	-0.666296177738426	-0.666296177738426	-0.666296177738426	-0.666296177738426	-0.666296177738426	-0.666296177738426	-0.666296177738426	-0.666296177738426	-0.666296177738426	0.466172182382602	0.466172182382602	0.466172182382602	0.466172182382602	0.466172182382602	0.466172182382602	0.466172182382602	0.466172182382602	0.466172182382602	0.466172182382602	0.466172182382602	-0.444441322827307	0.116953186244438	-0.303617760931185	1.41149816244517	0.548799955867816	0.457724051834982	0.33603665137919	-1.1913514083067	-0.705232868065513	-0.337169208686641	0.33603665137919	1.41051127732656	1.41051127732656	1.41051127732656	1.41051127732656	1.41051127732656	1.41051127732656	1.41051127732656	1.41051127732656	1.41051127732656	1.41051127732656	1.41051127732656	1.80066846269382	1.13308077065418	1.98239631274044	1.26811221479484	1.90355554299938	1.72100823383532	1.80066846269382	1.54921520694246	1.8552870033759	1.62250250517623	1.64610144108012	-0.445731141234949	-1.66076151693369	0.173504839168588	-1.0775770011526	-1.54706543977449	-0.0183422296347731	-0.325040562810169	-0.368295744727872	-0.333999915430221	-0.0718828029524748	-0.327679350042639	0.958330623439391	0.958330623439391	0.958330623439391	0.958330623439391	0.958330623439391	0.958330623439391	0.958330623439391	0.958330623439391	0.958330623439391	0.958330623439391	0.958330623439391	0.958330623439391	0.958330623439391
0.866267357298526	0.00482270503025031	0.82881322450994	0.940708275478579	0.429619594087678	1.07642272584897	2.12196394724749	-0.688814672556393	1.91974269478477	1.61488206367155	0.131648996754543	-1.74335154874866	-1.74335154874866	-1.74335154874866	-1.74335154874866	-1.74335154874866	-1.74335154874866	-1.74335154874866	-1.74335154874866	-1.74335154874866	-1.74335154874866	-1.74335154874866	0.23628799646198	0.23628799646198	0.23628799646198	0.23628799646198	0.23628799646198	0.23628799646198	0.23628799646198	0.23628799646198	0.23628799646198	0.23628799646198	0.23628799646198	-0.589765152611286	-0.323754439039355	0.676252543336712	0.351744287252575	1.14952577079064	-0.224800669442909	-0.0536524773749733	-0.0337290087265209	0.436571168182896	-0.531255199042747	-0.0536524773749735	0.874220412251539	0.874220412251539	0.874220412251539	0.874220412251539	0.874220412251539	0.874220412251539	0.874220412251539	0.874220412251539	0.874220412251539	0.874220412251539	0.874220412251539	-0.158094544274376	0.455686113069325	0.620635139657932	-0.0242873447800316	1.5207804248727	-0.179898016843524	-0.158094544274376	0.143349839450489	0.443018848296945	-0.142202550069375	-0.300726764589952	-0.728628072983955	-1.15878494065136	-1.45307616278573	-1.56932368945585	-1.8828484506339	-0.984027230298352	-1.93683585000607	-1.0183024982277	-0.192480923513711	-0.0519432136209508	-1.21744122757044	0.413071067498276	0.413071067498276	0.413071067498276	0.413071067498276	0.413071067498276	0.413071067498276	0.413071067498276	0.413071067498276	0.413071067498276	0.413071067498277	0.413071067498276	0.413071067498276	0.413071067498276
0.882572610108839	-1.25365731169032	1.70923127524278	0.928822766263053	-0.910542215658314	0.206215500640045	-0.397002508577799	0.428623369454041	-0.238298122426916	-0.484080768455739	-0.381612976921495	-1.37607635126363	-1.37607635126363	-1.37607635126363	-1.37607635126363	-1.37607635126363	-1.37607635126363	-1.37607635126363	-1.37607635126363	-1.37607635126363	-1.37607635126363	-1.37607635126363	-0.267701599094171	-0.267701599094171	-0.267701599094171	-0.267701599094171	-0.267701599094171	-0.267701599094171	-0.267701599094171	-0.267701599094171	-0.267701599094171	-0.267701599094171	-0.267701599094171	-0.776333619482955	-1.5866785225838	-0.694486115874258	-2.59222725084438	-1.37691694496372	-0.397717494360827	-0.850585385904087	-1.81545733742382	-0.913482115205177	-0.134425647840183	-0.850585385904089	-0.908027572502678	-0.908027572502678	-0.908027572502678	-0.908027572502678	-0.908027572502678	-0.908027572502678	-0.908027572502678	-0.908027572502678	-0.908027572502678	-0.908027572502678	-0.908027572502678	-0.551435640299296	-0.743464656246299	-0.340829942755413	-1.10804013516664	-0.187931536085054	-0.72935683162097	-0.551435640299296	-0.243557593649082	-0.775378882541534	-0.132689417948649	-0.33322761178551	-0.76735706578194	0.750220798332911	-0.436207522673239	0.661184773286562	1.33644826847078	1.05150949552622	0.287043659016827	0.184327266566381	0.416220522776745	1.01394748266198	0.647639187209325	-0.09011577180775	-0.09011577180775	-0.09011577180775	-0.09011577180775	-0.09011577180775	-0.09011577180775	-0.09011577180775	-0.09011577180775	-0.09011577180775	-0.0901157718077499	-0.09011577180775	-0.09011577180775	-0.09011577180775
0.340458074417818	0.00806827993113855	0.443235068236632	-0.205560468771312	-0.0710456173346354	0.573736501356762	0.465224989872265	0.180671373290389	0.9282435954332	1.23271616271256	-0.0794667044304835	-0.831967193192303	-0.831967193192303	-0.831967193192303	-0.831967193192303	-0.831967193192303	-0.831967193192303	-0.831967193192303	-0.831967193192303	-0.831967193192303	-0.831967193192303	-0.831967193192303	0.11241282784771	0.11241282784771	0.11241282784771	0.112412827847711	0.11241282784771	0.112412827847711	0.112412827847711	0.112412827847711	0.11241282784771	0.11241282784771	0.11241282784771	-1.08590150356772	-1.22484723703823	0.434207310590239	-0.828898384234374	-0.375449877283759	-0.378251012982384	-0.918256775575118	0.600580616496243	0.495159745350602	0.124815736740208	-0.918256775575119	0.154323114675845	0.154323114675845	0.154323114675845	0.154323114675845	0.154323114675845	0.154323114675845	0.154323114675845	0.154323114675845	0.154323114675845	0.154323114675845	0.154323114675845	2.31349140269312	1.15649043807112	1.47887601146062	1.74023273760766	2.14940937904648	2.29898821841643	2.31349140269312	1.90911429479942	0.835712184338891	1.78671260454878	1.686624681224	0.953325119120133	-0.308680916335736	1.21940153800562	0.467773114314394	0.136178004298941	1.13122121564656	1.74390905656098	2.1243195576113	0.67254131233024	2.15439192597156	2.63164957282189	-0.671402164278901	-0.671402164278901	-0.671402164278901	-0.671402164278901	-0.671402164278901	-0.671402164278901	-0.671402164278901	-0.671402164278901	-0.671402164278901	-0.671402164278901	-0.671402164278901	-0.671402164278901	-0.671402164278901
1.61539955005813	0.283800783909342	-1.92934293821833	-0.567368108628321	-0.385453026951403	-1.03392679668597	-1.06312288739545	-2.00005162544266	-0.679068673656993	-0.841889142321013	-1.99861352283142	-1.0533333477325	-1.0533333477325	-1.0533333477325	-1.0533333477325	-1.0533333477325	-1.0533333477325	-1.0533333477325	-1.0533333477325	-1.0533333477325	-1.0533333477325	-1.0533333477325	0.518812322393305	0.518812322393305	0.518812322393305	0.518812322393305	0.518812322393305	0.518812322393305	0.518812322393305	0.518812322393305	0.518812322393305	0.518812322393305	0.518812322393305	-1.31325604245224	-2.26843276084838	-2.32242377552235	-1.87241732877519	-1.64026259848191	-2.62216589198594	-1.64826024776948	-1.79930431961228	-1.78396382418474	-2.37147730240804	-1.64826024776948	-2.34143685494312	-2.34143685494312	-2.34143685494312	-2.34143685494312	-2.34143685494312	-2.34143685494312	-2.34143685494312	-2.34143685494312	-2.34143685494312	-2.34143685494312	-2.34143685494312	0.720878655486852	1.07124000461045	0.251965043363902	0.548436023771867	-0.220933758839016	0.351780282312826	0.720878655486852	0.108867267867274	-0.27533281998061	0.199468533057793	0.589968022560578	-1.11145797232777	0.590566892737387	0.0815225273338308	-0.0674331224701861	0.97164468476181	-0.181397383146744	0.0865700083697083	-0.0854640822332568	0.570331624235759	-0.664518693793994	0.422336364035912	0.201239661279405	0.201239661279405	0.201239661279405	0.201239661279405	0.201239661279405	0.201239661279405	0.201239661279405	0.201239661279405	0.201239661279405	0.201239661279405	0.201239661279405	0.201239661279405	0.201239661279405
0.919697786658601	1.01691700270567	-0.0189992915098408	0.884474534186856	0.844736393428398	0.437270642481746	0.81830528178793	-0.938253826731736	0.920538758963564	1.14508929847583	-0.000448159511662277	0.14998602107151	0.14998602107151	0.14998602107151	0.14998602107151	0.14998602107151	0.14998602107151	0.14998602107151	0.14998602107151	0.14998602107151	0.14998602107151	0.14998602107151	0.506786652645511	0.506786652645511	0.506786652645511	0.506786652645511	0.506786652645511	0.506786652645511	0.506786652645511	0.506786652645511	0.506786652645511	0.506786652645511	0.506786652645511	0.944434064042087	0.308373062142941	1.47125096340701	0.599334984997573	0.649874311834568	0.412344319103562	0.991803193848903	0.345072130646632	1.40385919058051	0.235258411673199	0.991803193848903	0.706014439723294	0.706014439723294	0.706014439723294	0.706014439723294	0.706014439723294	0.706014439723294	0.706014439723294	0.706014439723294	0.706014439723294	0.706014439723294	0.706014439723294	0.77411051042858	2.27340416564439	1.71676429234814	1.22823113373645	1.68763341922646	-0.521958677211188	0.77411051042858	1.03577148280427	2.00353215032444	0.9524123104295	0.40175918411894	-0.00058873163389064	-0.335923689263278	0.260812189704137	0.111670136228837	-0.562057365770116	0.690983401766475	0.769839026284529	0.614494094556588	0.348160482136496	0.5140508108995	1.03083215193042	1.55537762757213	1.55537762757213	1.55537762757213	1.55537762757213	1.55537762757213	1.55537762757213	1.55537762757213	1.55537762757213	1.55537762757213	1.55537762757213	1.55537762757213	1.55537762757213	1.55537762757213
1.75205264576209	0.570600475995902	1.40472712399043	1.25316468805145	0.86214750077911	0.205324472404068	-0.0616036551915879	1.22521427220068	-0.0798290890246026	-0.684435501682942	-0.165067358093836	0.364410975819282	0.364410975819282	0.364410975819282	0.364410975819282	0.364410975819282	0.364410975819282	0.364410975819282	0.364410975819282	0.364410975819282	0.364410975819282	0.364410975819282	-1.63734455922499	-1.63734455922499	-1.63734455922499	-1.63734455922499	-1.63734455922499	-1.63734455922499	-1.63734455922499	-1.63734455922499	-1.63734455922499	-1.63734455922499	-1.63734455922499	-1.3632896185733	-0.226514916551542	1.37848284234508	0.277266465958168	-0.238532374816862	0.484815705471717	-0.0446664300491291	0.231097306595707	0.815476326283851	0.897218806927225	-0.0446664300491295	0.374470350525742	0.374470350525742	0.374470350525742	0.374470350525742	0.374470350525742	0.374470350525742	0.374470350525742	0.374470350525742	0.374470350525742	0.374470350525742	0.374470350525742	1.42450682330405	1.22492796351358	1.31337709605049	0.702065901677292	1.5615673267941	0.852004143095341	1.42450682330405	1.82573845896613	1.09179641266303	1.65470614506943	1.32439346869495	0.0134370340133228	-0.628572516084438	-0.771705411393763	-0.505529035360207	-0.778099324422353	-1.27261238253515	-0.78452047446895	-1.20212879960743	-1.52209368540437	-1.35640652988881	-2.05399985121954	-0.261993201230553	-0.261993201230553	-0.261993201230553	-0.261993201230553	-0.261993201230553	-0.261993201230553	-0.261993201230553	-0.261993201230553	-0.261993201230553	-0.261993201230553	-0.261993201230553	-0.261993201230553	-0.261993201230553
-0.147758753851625	0.877861297199521	-1.45843097420737	-0.931178621637003	0.470979150964285	0.606713967016843	0.638136554159882	-0.882798531126035	1.13171281937167	0.518935477246656	-0.492585066427119	0.761956748712423	0.761956748712423	0.761956748712423	0.761956748712423	0.761956748712423	0.761956748712423	0.761956748712423	0.761956748712423	0.761956748712423	0.761956748712423	0.761956748712423	1.56985674895943	1.56985674895943	1.56985674895943	1.56985674895943	1.56985674895943	1.56985674895943	1.56985674895943	1.56985674895943	1.56985674895943	1.56985674895943	1.56985674895943	-2.48357462225502	-2.22840907568159	0.349635197799283	-1.00035527300532	-0.28099264927868	-1.54143073010907	-1.48121688708768	-0.98409254659887	-0.292849789821388	-1.03960735878824	-1.48121688708768	0.660445458730416	0.660445458730416	0.660445458730416	0.660445458730416	0.660445458730416	0.660445458730416	0.660445458730416	0.660445458730416	0.660445458730416	0.660445458730416	0.660445458730416	0.823534077618743	0.425128867395439	0.589998208438747	0.197179194211567	0.0548846330266331	1.55563824627001	0.823534077618743	0.768972043772735	0.506359051555057	0.747662184368457	1.25275172924698	0.384694157514289	0.401463307085579	0.313028657320673	0.591150841545206	-0.204260845718404	-1.06310851321221	-0.361155425757554	-0.318236861967268	-1.10850163050459	-0.228932522294108	-0.407998039529037	0.729608553197022	0.729608553197022	0.729608553197022	0.729608553197022	0.729608553197022	0.729608553197022	0.729608553197022	0.729608553197022	0.729608553197022	0.729608553197022	0.729608553197022	0.729608553197022	0.729608553197022
0.624002526886587	-0.919082929757601	-1.14024922931705	-0.317926554459403	-1.04336753225904	-0.0482828303450353	1.04775152938393	1.200613307607	1.9437932133332	1.41144739804671	0.455900105413006	-1.48010937571227	-1.48010937571227	-1.48010937571227	-1.48010937571227	-1.48010937571227	-1.48010937571227	-1.48010937571227	-1.48010937571227	-1.48010937571227	-1.48010937571227	-1.48010937571227	-0.456729484365485	-0.456729484365485	-0.456729484365485	-0.456729484365485	-0.456729484365485	-0.456729484365485	-0.456729484365485	-0.456729484365485	-0.456729484365485	-0.456729484365485	-0.456729484365485	1.02263154335093	2.64846383064592	0.265184895686021	2.16236610736747	1.72637414443302	2.09709052592064	1.10632968463524	1.88945323411496	0.69580611275726	1.69590022302194	1.10632968463524	0.31452386365545	0.31452386365545	0.31452386365545	0.31452386365545	0.31452386365545	0.31452386365545	0.31452386365545	0.31452386365545	0.31452386365545	0.31452386365545	0.31452386365545	-1.20972534172001	-0.779005975233958	-0.430629843256615	-1.26158529700372	-0.174902083954498	0.343400702000866	-1.20972534172001	0.854322046205623	-0.27377474682391	0.195644037755065	-0.771207012841083	1.25430727713104	-1.0819369889746	0.845816588564466	0.5812797835325	-0.127130427968743	-0.0327635902947954	0.41979305417029	0.0502114598942184	-0.765096787606367	1.78689690941699	-0.716980861137525	0.667548733546915	0.667548733546915	0.667548733546915	0.667548733546915	0.667548733546915	0.667548733546915	0.667548733546915	0.667548733546915	0.667548733546915	0.667548733546915	0.667548733546915	0.667548733546915	0.667548733546915
1.62993659245981	0.234109721926594	0.771004843067185	0.712145926295216	-0.499842790884577	-1.65497289525385	-1.91337103416236	-0.135232320689548	0.235134981585954	-1.12921625833801	-2.39666150276053	0.708250424379351	0.708250424379351	0.708250424379351	0.708250424379351	0.708250424379351	0.708250424379351	0.708250424379351	0.708250424379351	0.708250424379351	0.708250424379351	0.708250424379351	1.32668566745176	1.32668566745176	1.32668566745176	1.32668566745176	1.32668566745176	1.32668566745176	1.32668566745176	1.32668566745176	1.32668566745176	1.32668566745176	1.32668566745176	-0.352527502591087	-0.854191498429264	-0.878147342462568	-0.16990052615805	0.628885212630697	-0.485383872681719	0.149462545075303	-0.444420265258715	-0.519333286087991	-0.012683784288468	0.149462545075302	0.267329277011634	0.267329277011634	0.267329277011634	0.267329277011634	0.267329277011634	0.267329277011634	0.267329277011634	0.267329277011634	0.267329277011634	0.267329277011635	0.267329277011634	-0.0968693820821978	-0.18920960061938	-0.358137357700622	0.51639225974444	-0.771204852300405	-0.227665802074468	-0.096869382082198	-0.0368182212699456	-0.193808064820691	-0.274588302556222	0.103373855064882	0.553656915052057	1.13560423223515	-0.117794861102012	1.07598124522031	1.41737413405047	-0.605959118975161	0.678736484411151	-0.0159605741402763	0.230771708425769	-0.156317516916944	-0.343956930880205	-0.712008821767873	-0.712008821767873	-0.712008821767873	-0.712008821767873	-0.712008821767873	-0.712008821767873	-0.712008821767873	-0.712008821767873	-0.712008821767873	-0.712008821767872	-0.712008821767873	-0.712008821767873	-0.712008821767873
0.0643408589946039	-1.53534758413915	0.175596419690739	1.30458924048365	-1.22256506156928	-0.282314673505034	-1.20472505650784	0.917219110765629	-1.0976175494168	-2.12055096461646	0.0836327391117833	-2.82457328126627	-2.82457328126627	-2.82457328126627	-2.82457328126627	-2.82457328126627	-2.82457328126627	-2.82457328126627	-2.82457328126627	-2.82457328126627	-2.82457328126627	-2.82457328126627	1.52055365339968	1.52055365339968	1.52055365339968	1.52055365339968	1.52055365339968	1.52055365339968	1.52055365339968	1.52055365339968	1.52055365339968	1.52055365339968	1.52055365339968	-0.321590976616086	0.000214978756577645	-0.688316882652674	-0.951283243444532	-0.848417767268283	-0.459801183059375	-0.738120711078152	-0.0327068538678867	-0.306373213229119	0.0350243661371114	-0.738120711078152	-1.46815478137721	-1.46815478137721	-1.46815478137721	-1.46815478137721	-1.46815478137721	-1.46815478137721	-1.46815478137721	-1.46815478137721	-1.46815478137721	-1.46815478137721	-1.46815478137721	1.16278343014654	1.33481271215701	1.61660970104656	1.2774503250241	0.489829300944751	1.97204641740155	1.16278343014654	1.43435358131669	1.66097145271126	1.7388920119057	1.52889554682648	-0.152323179531485	-0.136255734892452	-0.570709164448008	-0.829406685643313	-0.29081255414346	-0.740454627487391	-0.255689506434111	0.436884895020253	0.059485701895865	0.264449975241751	1.20094587950407	-0.213253228027885	-0.213253228027885	-0.213253228027885	-0.213253228027885	-0.213253228027885	-0.213253228027885	-0.213253228027885	-0.213253228027885	-0.213253228027885	-0.213253228027885	-0.213253228027885	-0.213253228027885	-0.213253228027885
-0.328723769838006	0.0652189177992643	0.924446680799368	0.326705181900084	1.54683234159743	0.863474212429388	1.35473163662433	-0.54804254733489	-0.769881602376272	-0.0580909982891456	1.08677427579879	-0.457027882286934	-0.457027882286934	-0.457027882286934	-0.457027882286934	-0.457027882286934	-0.457027882286934	-0.457027882286934	-0.457027882286934	-0.457027882286934	-0.457027882286934	-0.457027882286934	-0.754560635811054	-0.754560635811054	-0.754560635811054	-0.754560635811053	-0.754560635811054	-0.754560635811053	-0.754560635811053	-0.754560635811053	-0.754560635811054	-0.754560635811054	-0.754560635811054	0.632456981531488	-0.0229186553588681	2.16167846901268	-0.214659126816437	-0.426623784786548	0.244556732282371	0.097199435958882	0.335595180354909	1.91446720836419	0.0528158908684307	0.0971994359588813	-0.200350038039721	-0.200350038039721	-0.200350038039721	-0.200350038039721	-0.200350038039721	-0.200350038039721	-0.200350038039721	-0.200350038039721	-0.200350038039721	-0.200350038039721	-0.200350038039721	-0.287369475231155	0.42688696487768	-0.0345975886338047	0.577350958513306	0.0540552872000842	-1.4752712551552	-0.287369475231154	-0.179272960928099	0.320831371334383	0.120967898765377	-0.948004805957093	-0.295929593940436	1.06447386415958	-0.160142361123001	0.292100368107615	0.341191650153658	-0.40701065255455	-1.15221023767559	-0.273529728435182	-0.174789171934606	0.0124499326687629	0.844408686050765	-1.35154348648185	-1.35154348648185	-1.35154348648185	-1.35154348648185	-1.35154348648185	-1.35154348648185	-1.35154348648185	-1.35154348648185	-1.35154348648185	-1.35154348648185	-1.35154348648185	-1.35154348648185	-1.35154348648185
-0.263721165797883	0.650720807662066	0.0654451022577116	-0.0304895855380775	0.613372000227161	1.41280589098182	1.60016956903099	0.875095590826339	0.10935453055435	-0.120836020236849	1.03519083316357	-0.129652499290339	-0.129652499290339	-0.129652499290339	-0.129652499290339	-0.129652499290339	-0.129652499290339	-0.129652499290339	-0.129652499290339	-0.129652499290339	-0.129652499290339	-0.129652499290339	-1.80292482709926	-1.80292482709926	-1.80292482709926	-1.80292482709926	-1.80292482709926	-1.80292482709926	-1.80292482709926	-1.80292482709926	-1.80292482709926	-1.80292482709926	-1.80292482709926	-0.483705882607757	-0.347397401927663	-0.0719214852194587	-0.0469291659352279	0.953374978274931	0.350382545163633	0.579217189722281	0.102022328323812	0.486723965853589	0.567930833304166	0.579217189722279	0.716568155763548	0.716568155763548	0.716568155763548	0.716568155763548	0.716568155763548	0.716568155763548	0.716568155763548	0.716568155763548	0.716568155763548	0.716568155763548	0.716568155763548	-0.945451995774629	-0.57625862542024	-0.629383419632216	-0.582220598138159	-0.194576420918846	-0.952980188510743	-0.945451995774629	-0.602237571053792	-0.434217263675421	-0.709261999135013	-1.35997237773162	-0.839967296490638	1.41095781749746	0.0674404722191386	1.63147098807775	0.793964280219554	0.165429037485714	-0.15344152927111	-1.01223042301643	1.25463631029944	-0.553532915014266	-0.468729342367361	-1.38068006132792	-1.38068006132792	-1.38068006132792	-1.38068006132792	-1.38068006132792	-1.38068006132792	-1.38068006132792	-1.38068006132792	-1.38068006132792	-1.38068006132792	-1.38068006132792	-1.38068006132792	-1.38068006132792
-1.50672678927916	0.918677610772572	-1.39031377863335	-1.76528857643308	0.574636021983349	0.352801143913294	-1.27165014435863	-0.450881606062652	-2.32074488641207	-2.37405743498545	-0.426283448494521	-0.960618648366354	-0.960618648366354	-0.960618648366354	-0.960618648366354	-0.960618648366354	-0.960618648366354	-0.960618648366354	-0.960618648366354	-0.960618648366354	-0.960618648366354	-0.960618648366354	-0.471868486602883	-0.471868486602883	-0.471868486602883	-0.471868486602883	-0.471868486602883	-0.471868486602883	-0.471868486602883	-0.471868486602883	-0.471868486602883	-0.471868486602883	-0.471868486602883	0.423487815466391	0.418077380523958	1.65869862530692	-0.0287021414387917	-0.169336686641741	0.563730913186463	0.27735353171382	-0.738889936815305	0.646239823036582	-0.0748032745139444	0.277353531713821	-0.856226250049874	-0.856226250049874	-0.856226250049874	-0.856226250049874	-0.856226250049874	-0.856226250049874	-0.856226250049874	-0.856226250049874	-0.856226250049874	-0.856226250049874	-0.856226250049874	0.514070609747142	0.735316746917275	1.05421454305117	0.0441261699064029	0.755184312476718	-0.140219642532722	0.514070609747142	0.406903187976168	1.1822147928816	0.305688230933802	0.756604050059729	-1.04796366185719	-1.13491357668676	-0.634734072566283	-1.85465893834999	-0.137718288499039	-2.00234408246976	-1.35018032229075	-0.916071261471756	-1.72209486342349	-0.741057065589061	-1.95378028432067	1.07831574141159	1.07831574141159	1.07831574141159	1.07831574141159	1.07831574141159	1.07831574141159	1.07831574141159	1.07831574141159	1.07831574141159	1.07831574141159	1.07831574141159	1.07831574141159	1.07831574141159
-0.468265709500524	-0.252280393156912	0.284863557985744	0.41027231840515	0.897695836795276	2.07773376485511	1.75003492459909	0.577170429449479	0.621886411273127	1.10783925992283	2.09552976612558	0.502327512944426	0.502327512944426	0.502327512944426	0.502327512944426	0.502327512944426	0.502327512944426	0.502327512944426	0.502327512944426	0.502327512944426	0.502327512944426	0.502327512944426	-0.427347168506044	-0.427347168506044	-0.427347168506044	-0.427347168506043	-0.427347168506044	-0.427347168506043	-0.427347168506043	-0.427347168506043	-0.427347168506044	-0.427347168506044	-0.427347168506044	-1.37037744872678	-1.09131399966781	-0.642820830317959	-0.41441669526127	-0.0724431610436132	-0.719459368532944	-0.647388348939657	-1.65536572259228	-1.3582214650258	-1.0291762939506	-0.647388348939657	-0.0185036640783323	-0.0185036640783323	-0.0185036640783323	-0.0185036640783323	-0.0185036640783323	-0.0185036640783323	-0.0185036640783323	-0.0185036640783323	-0.0185036640783323	-0.0185036640783322	-0.0185036640783323	-1.95278549923721	-1.82342980325378	-1.55522947281126	-1.83964237302989	-0.686331243098991	-1.6157957002802	-1.95278549923721	-1.34580555722424	-1.1412728032209	-2.10975292266309	-1.77152682765527	0.547704555990457	2.34018987324078	0.336953156279308	1.30531208853884	0.897001746578657	-0.236451738428477	-1.32410800666541	-0.763807514856874	-0.386677117530458	-0.651431267675817	-0.0773998651137117	0.50212222360916	0.50212222360916	0.50212222360916	0.50212222360916	0.50212222360916	0.50212222360916	0.50212222360916	0.50212222360916	0.50212222360916	0.50212222360916	0.50212222360916	0.50212222360916	0.50212222360916
0.212613128812075	1.05208885952608	0.717086354195096	-0.475021648801865	-0.00855028682228228	-1.92829659687865	-3.22054446594845	-1.34741641413658	-2.11768480974308	-2.60593958094749	-3.1253753951725	0.395436790761119	0.395436790761119	0.395436790761119	0.395436790761119	0.395436790761119	0.395436790761119	0.395436790761119	0.395436790761119	0.395436790761119	0.39543679076112	0.395436790761119	-2.05873052276326	-2.05873052276326	-2.05873052276326	-2.05873052276326	-2.05873052276326	-2.05873052276326	-2.05873052276326	-2.05873052276326	-2.05873052276326	-2.05873052276326	-2.05873052276326	-0.133679403524998	-0.116583507217868	-0.107350119670725	-0.377175760695835	-0.193444103248285	-0.215148082032309	0.160357214663691	-0.537564575647482	-0.20226693331851	-0.157147147531857	0.160357214663691	2.09897506811241	2.09897506811241	2.09897506811241	2.09897506811241	2.09897506811241	2.09897506811241	2.09897506811241	2.09897506811241	2.09897506811241	2.09897506811241	2.09897506811241	1.1882003842021	0.438336752909352	0.447990638819931	0.78727422712602	0.307897459361564	0.282529432220171	1.1882003842021	0.992201655337468	0.0954978882300258	1.19766261962208	0.721561596579596	-0.352517360111019	0.375287228624589	-0.0510144014859611	-0.200196179717303	0.68239430593961	-0.294722541639304	-0.319750047238293	-0.539014945101687	-1.12909488240403	-0.713008968413099	-0.698238130134975	1.21762537147898	1.21762537147898	1.21762537147898	1.21762537147898	1.21762537147898	1.21762537147898	1.21762537147898	1.21762537147898	1.21762537147898	1.21762537147898	1.21762537147898	1.21762537147898	1.21762537147898
0.0721805905137978	0.547792896182592	-0.348881405872339	1.20984636665632	0.800907124046263	-0.738101330975033	-1.25193105194927	-0.803296791475018	0.876325121665753	-0.556333247857968	-0.715944715095573	1.09233442684105	1.09233442684105	1.09233442684105	1.09233442684105	1.09233442684105	1.09233442684105	1.09233442684105	1.09233442684105	1.09233442684105	1.09233442684105	1.09233442684105	0.260779004837267	0.260779004837267	0.260779004837267	0.260779004837267	0.260779004837267	0.260779004837267	0.260779004837267	0.260779004837267	0.260779004837267	0.260779004837267	0.260779004837267	0.443502147214243	-0.680159124456846	-0.951165362171224	-1.15382128435849	-1.49995680479226	-1.11155032649631	-1.01212505196106	-1.59871309553509	-0.712403758199248	-1.25252653901442	-1.01212505196106	-1.15639203829924	-1.15639203829924	-1.15639203829924	-1.15639203829924	-1.15639203829924	-1.15639203829924	-1.15639203829924	-1.15639203829924	-1.15639203829924	-1.15639203829924	-1.15639203829924	0.95482327859579	0.820818597438553	0.68237018597538	1.04666685699593	-0.122971050070799	0.512467863738009	0.95482327859579	1.08693741150555	0.651796016812949	1.13916886960539	0.764037105298945	1.97432564398755	0.521716126962753	1.2414813364284	2.25110862214993	0.731565590510762	-0.271856357025144	-0.132830453984322	-0.0782885351373581	-0.0491538714706846	2.50393155056373	-0.0872899291128163	-0.10916172023758	-0.10916172023758	-0.10916172023758	-0.10916172023758	-0.10916172023758	-0.10916172023758	-0.10916172023758	-0.10916172023758	-0.10916172023758	-0.10916172023758	-0.10916172023758	-0.10916172023758	-0.10916172023758
0.315913524266458	0.687592055870052	1.00104097227734	0.503016873686561	0.854441244832349	-0.219192541348353	-0.946982264977386	-0.726523190472329	0.312016855004152	0.436808387442068	-0.774707644991463	-0.254291142778081	-0.254291142778081	-0.254291142778081	-0.254291142778081	-0.254291142778081	-0.254291142778081	-0.254291142778081	-0.254291142778081	-0.254291142778081	-0.254291142778081	-0.254291142778081	-0.191442087754846	-0.191442087754846	-0.191442087754846	-0.191442087754846	-0.191442087754846	-0.191442087754846	-0.191442087754846	-0.191442087754846	-0.191442087754846	-0.191442087754846	-0.191442087754846	0.205771199921927	-0.880052389034911	-0.986039007273615	0.775094781833754	0.862449455654364	-0.835725157712859	0.11111750918635	0.421995184657676	-0.115112312896346	-0.56950041844638	0.111117509186349	-1.27803295512251	-1.27803295512251	-1.27803295512251	-1.27803295512251	-1.27803295512251	-1.27803295512251	-1.27803295512251	-1.27803295512251	-1.27803295512251	-1.27803295512251	-1.27803295512251	-0.414233692792092	-0.720846951631985	-1.33038936465706	1.01892291288911	-1.84928207271206	-0.565822613270311	-0.414233692792092	-2.13232042576302	-0.903493415403466	-1.530384062783	-0.568694421440402	1.01437078649597	0.373012366904017	-0.144845427688828	0.155192357607414	0.635845326359429	-0.850971932424788	0.32271279284941	0.0747493715928667	-0.278314963953021	-1.05975968152121	-0.832051456585419	0.194908126997411	0.194908126997411	0.194908126997411	0.194908126997411	0.194908126997411	0.194908126997411	0.194908126997411	0.194908126997411	0.194908126997411	0.194908126997411	0.194908126997411	0.194908126997411	0.194908126997411
-0.247586456412278	0.574933917344922	0.200315172935083	-0.103151257107661	0.155600813662811	1.17529419989367	0.27627715724217	1.47782180914173	-0.458924388906544	-0.00218829126382147	0.76537104428688	0.375742151005246	0.375742151005246	0.375742151005246	0.375742151005246	0.375742151005246	0.375742151005246	0.375742151005246	0.375742151005246	0.375742151005246	0.375742151005246	0.375742151005246	1.18465529724965	1.18465529724965	1.18465529724965	1.18465529724965	1.18465529724965	1.18465529724965	1.18465529724965	1.18465529724965	1.18465529724965	1.18465529724965	1.18465529724965	0.00445389233802238	-0.932136382443524	-2.53167907616802	-1.17170062233904	-2.11677982985183	-0.951791935234864	-0.72646454015352	-0.923220541699136	-1.96767409667419	-0.821400707320418	-0.72646454015352	-0.205889943099053	-0.205889943099053	-0.205889943099053	-0.205889943099053	-0.205889943099053	-0.205889943099053	-0.205889943099053	-0.205889943099053	-0.205889943099053	-0.205889943099053	-0.205889943099053	-1.11369059872148	-1.27747410193316	-1.15055134845508	-0.714618567478646	-0.206860154582199	-1.29338016264439	-1.11369059872148	-1.00837442070584	-0.920529243605098	-1.10861814813718	-1.12348562474351	1.88605081811853	-0.81991943059201	1.6010330627385	0.768670642506781	-0.403125697453784	-0.0936150032462169	0.448241357242042	0.563551869938344	0.189140419220751	1.30751928149827	-0.213182073092159	0.00446982392145634	0.00446982392145634	0.00446982392145634	0.00446982392145634	0.00446982392145634	0.00446982392145634	0.00446982392145634	0.00446982392145634	0.00446982392145634	0.0044698239214564	0.00446982392145634	0.00446982392145634	0.00446982392145634
0.0664334978054337	-0.290347866095443	-0.397853513491607	0.513431769954153	0.18313017295504	1.00865978888916	0.121320603889249	1.28740634905036	-0.614383550137826	-0.275721681880915	1.65744117464142	-0.43933391731412	-0.43933391731412	-0.43933391731412	-0.43933391731412	-0.43933391731412	-0.43933391731412	-0.43933391731412	-0.43933391731412	-0.43933391731412	-0.43933391731412	-0.43933391731412	1.2771845143809	1.2771845143809	1.2771845143809	1.2771845143809	1.2771845143809	1.2771845143809	1.2771845143809	1.2771845143809	1.2771845143809	1.2771845143809	1.2771845143809	-0.23462139770205	-0.0806373566756386	-0.772899671320763	0.483741093436671	0.627593734311681	-0.394960991410967	-0.516221770725557	0.195494312522417	-0.124747695606303	-0.190394849776383	-0.516221770725558	0.643900023076516	0.643900023076516	0.643900023076516	0.643900023076516	0.643900023076516	0.643900023076516	0.643900023076516	0.643900023076516	0.643900023076516	0.643900023076516	0.643900023076516	-0.105754273356677	-0.386171429399583	-0.445928977580619	0.0850613556685228	0.0374594384599872	0.095120065325402	-0.105754273356678	0.188151596297934	-0.454221605171638	-0.298509892773039	-0.348777672447145	0.628487533521932	-0.480684587913888	1.18379190122861	0.826922378887368	-0.519213793985448	1.86600591637456	1.03843854475888	1.14897597774659	2.44936180393382	1.99406761701212	1.58980276244318	-1.02545482290453	-1.02545482290453	-1.02545482290453	-1.02545482290453	-1.02545482290453	-1.02545482290453	-1.02545482290453	-1.02545482290453	-1.02545482290453	-1.02545482290453	-1.02545482290453	-1.02545482290453	-1.02545482290453
0.36550114368192	2.19578729649314	1.41297330721167	0.566858358647463	1.74578333938422	2.09976238138487	0.990594614580462	0.410302126463974	-0.130061424703257	0.322130978910694	0.384064876246182	0.147040516858099	0.147040516858099	0.147040516858099	0.147040516858099	0.147040516858099	0.147040516858099	0.147040516858099	0.147040516858099	0.147040516858099	0.147040516858099	0.147040516858099	-0.154807996982839	-0.154807996982839	-0.154807996982839	-0.154807996982839	-0.154807996982839	-0.154807996982839	-0.154807996982839	-0.154807996982839	-0.154807996982839	-0.154807996982839	-0.154807996982839	0.383498716195424	-0.771457118314723	0.343533317770032	-0.371382724812153	-0.247061032623754	-0.992117894992017	-0.946763639442197	-0.626646160317871	0.415314927001595	-1.47988629587406	-0.946763639442198	-1.27277202688061	-1.27277202688061	-1.27277202688061	-1.27277202688061	-1.27277202688061	-1.27277202688061	-1.27277202688061	-1.27277202688061	-1.27277202688061	-1.27277202688061	-1.27277202688061	-0.34646836890369	-0.191062900119943	-0.444084691093506	-0.522199517310222	0.44837396022168	-0.261520852069503	-0.34646836890369	-0.894737514956456	-0.437148130930569	-0.655252657428456	-0.278245987524545	-0.503816258328298	0.234487537701819	0.0817839327191785	0.410784970360874	-0.933263714927148	0.829062176949949	0.149879295051613	-0.0373196174551967	0.470279403682562	-0.220280004227156	1.08095774085856	-0.246432052412681	-0.246432052412681	-0.246432052412681	-0.246432052412681	-0.246432052412681	-0.246432052412681	-0.246432052412681	-0.246432052412681	-0.246432052412681	-0.246432052412681	-0.246432052412681	-0.246432052412681	-0.246432052412681
-0.546505272111213	0.303972157602389	-0.710971257083958	-0.887331340349432	0.731734680303379	0.551318372833399	0.736201669091435	-1.01752434991757	-0.0926595843718143	0.168275607678311	0.326825219905805	-0.763057703457137	-0.763057703457137	-0.763057703457137	-0.763057703457137	-0.763057703457137	-0.763057703457137	-0.763057703457137	-0.763057703457137	-0.763057703457137	-0.763057703457137	-0.763057703457137	-1.4157938572467	-1.4157938572467	-1.4157938572467	-1.4157938572467	-1.4157938572467	-1.4157938572467	-1.4157938572467	-1.4157938572467	-1.4157938572467	-1.4157938572467	-1.4157938572467	0.0979546424385189	0.743866234545985	0.455217140795559	0.779946963891277	0.602141240144095	1.29057161237289	0.523603631555337	-0.452271307282688	0.178925646544305	0.765763966710995	0.523603631555335	0.769330240091248	0.769330240091248	0.769330240091248	0.769330240091248	0.769330240091248	0.769330240091248	0.769330240091248	0.769330240091248	0.769330240091248	0.769330240091248	0.769330240091248	-0.676574438604766	-0.252439607356442	-0.360672270510557	-0.147918559270654	-0.195963084719031	-0.136772299115256	-0.676574438604766	0.314138368165797	-0.455872529219739	-0.158534889010054	-0.670533245965536	0.3388921966959	0.160672116156465	0.619635190886094	0.40706632366451	0.679709724744871	1.6951462225139	1.80527219330811	1.70920391085098	2.01859927854614	0.69714625517869	1.71383438669482	-0.654733577152865	-0.654733577152865	-0.654733577152865	-0.654733577152865	-0.654733577152865	-0.654733577152865	-0.654733577152865	-0.654733577152865	-0.654733577152865	-0.654733577152865	-0.654733577152865	-0.654733577152865	-0.654733577152865
-1.28366423984117	0.950969398107848	0.128325936682766	-0.669746606191285	0.00110768409556298	0.296101761620484	0.153396352732867	-0.0333909294747725	-1.0689888488958	-0.22452772272953	-0.0780930933990886	1.34523793164741	1.34523793164741	1.34523793164741	1.34523793164741	1.34523793164741	1.34523793164741	1.34523793164741	1.34523793164741	1.34523793164741	1.34523793164741	1.34523793164741	0.384198258578483	0.384198258578483	0.384198258578483	0.384198258578483	0.384198258578483	0.384198258578483	0.384198258578483	0.384198258578483	0.384198258578483	0.384198258578483	0.384198258578483	-0.972514589068592	0.948543653776666	0.344337113683534	-0.245676940233296	-0.254961905815633	0.582048437045591	-0.260520956630771	1.01309308004685	0.15647643331601	1.35460110403398	-0.26052095663077	-1.60606504805254	-1.60606504805254	-1.60606504805254	-1.60606504805254	-1.60606504805254	-1.60606504805254	-1.60606504805254	-1.60606504805254	-1.60606504805254	-1.60606504805254	-1.60606504805254	0.392560604089376	0.193690970535391	0.338393834288486	0.170217695138266	-0.644694139005277	0.226958466906971	0.392560604089376	-0.018787171238907	0.0653683648140974	0.532345840675552	0.26440223642033	-0.20740135358703	-1.01827239125369	-1.5724358530391	-1.25010127306959	-0.377526250666541	-1.76192919803016	-0.61662303473094	-0.720665336839032	-1.57753526941932	-1.4361069202424	-1.3519101446032	1.27321618849693	1.27321618849693	1.27321618849693	1.27321618849693	1.27321618849693	1.27321618849693	1.27321618849693	1.27321618849693	1.27321618849693	1.27321618849693	1.27321618849693	1.27321618849693	1.27321618849693
1.99682693666111	0.0869402940733284	2.67460804639202	2.95247193727443	0.446859046347712	1.75582224492436	1.49605087064596	1.83407862855164	-1.83229243308019	0.586419734938798	2.58548420676373	2.20159826649889	2.20159826649889	2.20159826649889	2.20159826649889	2.20159826649889	2.20159826649889	2.20159826649889	2.20159826649889	2.20159826649889	2.20159826649889	2.20159826649889	0.39088892730268	0.39088892730268	0.39088892730268	0.39088892730268	0.39088892730268	0.39088892730268	0.39088892730268	0.39088892730268	0.39088892730268	0.39088892730268	0.39088892730268	-0.277430399626056	-0.777851563140588	-1.72441240576294	-0.670127810484467	-0.788931064387923	-1.80314527475496	-1.0331423224875	-0.277291662619247	-0.816745753164168	-1.31579851485371	-1.0331423224875	-0.0213722249358925	-0.0213722249358925	-0.0213722249358925	-0.0213722249358925	-0.0213722249358925	-0.0213722249358925	-0.0213722249358925	-0.0213722249358925	-0.0213722249358925	-0.0213722249358925	-0.0213722249358925	1.13355770551855	0.8693892690076	1.05857617363709	0.767656387340354	1.33980934041575	0.561204244656701	1.13355770551855	0.930217007747502	0.954613953232383	0.629530645902048	0.961701832830718	-0.442281425142706	-1.19641953418685	-1.14596333776893	-0.595189735884403	-1.10435626596494	-2.19784153612166	-0.813492202684673	-0.97423498964437	-1.24939920120619	0.207668901417446	-0.763456486081602	0.661642851776175	0.661642851776175	0.661642851776175	0.661642851776175	0.661642851776175	0.661642851776175	0.661642851776175	0.661642851776175	0.661642851776175	0.661642851776175	0.661642851776175	0.661642851776175	0.661642851776175
-0.23306579242999	1.13667611991829	-0.362285935973292	-0.320429232860386	-0.560351226593724	-0.507300679688059	-0.927257532409848	-0.258723667268914	-0.917241482404643	-0.346815806710724	-0.916760454379897	2.33347942548613	2.33347942548613	2.33347942548613	2.33347942548613	2.33347942548613	2.33347942548613	2.33347942548613	2.33347942548613	2.33347942548613	2.33347942548613	2.33347942548613	-0.150246376920707	-0.150246376920707	-0.150246376920707	-0.150246376920707	-0.150246376920707	-0.150246376920707	-0.150246376920707	-0.150246376920707	-0.150246376920707	-0.150246376920707	-0.150246376920707	-0.834105449655959	-0.676319669854084	-0.500381324432689	0.256081694133232	-0.130229830464289	-0.220881408849921	0.0585089331247506	-0.234773653290886	-0.932672497996546	-0.448983168846686	0.0585089331247518	0.527982763393183	0.527982763393183	0.527982763393183	0.527982763393183	0.527982763393183	0.527982763393183	0.527982763393183	0.527982763393183	0.527982763393183	0.527982763393183	0.527982763393183	-0.383710692783498	-1.26776497962273	-0.593334389858841	-0.270526103302133	0.55563063834919	-1.43571867740671	-0.383710692783498	0.0212438812262397	-0.425399770452378	-0.61265201177864	-1.16177623003699	-0.220424762150412	0.200497589662464	-1.12993112086779	-0.513317016147143	1.59055589299135	0.149406794863001	1.21452919133699	1.77152712763318	0.384472756373162	1.06015365599636	1.24840320366265	-0.405878946599595	-0.405878946599595	-0.405878946599595	-0.405878946599595	-0.405878946599595	-0.405878946599595	-0.405878946599595	-0.405878946599595	-0.405878946599595	-0.405878946599595	-0.405878946599595	-0.405878946599595	-0.405878946599595
1.29123305272144	-2.39969970087809	2.07845766091194	0.218513209428304	-0.942558739948873	-0.754491487109864	1.54337458348926	-0.299945079765819	1.33506874271077	1.4809545337146	-0.103699440439904	0.562607813183898	0.562607813183898	0.562607813183898	0.562607813183898	0.562607813183898	0.562607813183898	0.562607813183898	0.562607813183898	0.562607813183898	0.562607813183898	0.562607813183898	-1.60542460099967	-1.60542460099967	-1.60542460099967	-1.60542460099967	-1.60542460099967	-1.60542460099967	-1.60542460099967	-1.60542460099967	-1.60542460099967	-1.60542460099967	-1.60542460099967	-0.533119776701329	-0.690031134301629	-0.913087583398305	-0.561395232583526	-0.10739728059031	-0.626570221067119	-0.0871308106513001	-1.26838263667064	-1.04904750995855	-0.719273720667757	-0.0871308106513	0.798463685785055	0.798463685785055	0.798463685785055	0.798463685785055	0.798463685785055	0.798463685785055	0.798463685785055	0.798463685785055	0.798463685785055	0.798463685785056	0.798463685785055	-0.809389197507592	-0.429096723358332	-0.589619689832192	-0.774297332087014	-0.309727164194755	-0.631490337280497	-0.809389197507592	-1.85830353095178	-0.768981417821693	-1.6000916281106	-0.38204227821827	-0.442521508721748	1.02289297088687	-1.1697274356521	0.71552292801892	1.64898210056022	1.33973889619411	0.34595616999584	0.549374953327605	0.754480805549133	1.08273715433644	0.978345402270519	0.873144122086724	0.873144122086724	0.873144122086724	0.873144122086724	0.873144122086724	0.873144122086724	0.873144122086724	0.873144122086724	0.873144122086724	0.873144122086724	0.873144122086724	0.873144122086724	0.873144122086724
-0.696579697173441	-1.10064395375735	-0.0460378511578248	-1.07507283832735	-1.69528771028608	-2.23740393936309	-2.01479433091032	-0.879145629515508	-1.72363628615837	-1.74877943912043	-1.77401899188061	0.568970151890457	0.568970151890457	0.568970151890457	0.568970151890457	0.568970151890457	0.568970151890457	0.568970151890457	0.568970151890457	0.568970151890457	0.568970151890457	0.568970151890457	0.361603800029689	0.361603800029689	0.361603800029689	0.361603800029689	0.361603800029689	0.361603800029689	0.361603800029689	0.361603800029689	0.361603800029689	0.361603800029689	0.361603800029689	-0.206256615758901	-0.616877822399377	-1.57353460299737	0.905750616245311	1.0426345423351	-1.0451469156722	0.589522449802004	-0.536714693253667	-1.23778893966322	-0.927533813510145	0.589522449802006	-0.415759517463047	-0.415759517463047	-0.415759517463047	-0.415759517463047	-0.415759517463047	-0.415759517463047	-0.415759517463047	-0.415759517463047	-0.415759517463047	-0.415759517463047	-0.415759517463047	-0.259611970496499	-0.488547060924253	-0.309009298187855	-0.111107940056985	-0.786117817350801	-0.86297596476134	-0.2596119704965	-0.920224734922042	-0.188699891745463	-1.10769344454594	-0.179944629038077	-0.697317245775711	-0.208709770747654	0.285978871829703	-0.272075705492332	-1.4582893907327	-2.29204099484755	-0.828485152178899	-0.829426630297124	-2.02795203337306	-0.417187707424078	-0.74961872277765	-1.97288644957871	-1.97288644957871	-1.97288644957871	-1.97288644957871	-1.97288644957871	-1.97288644957871	-1.97288644957871	-1.97288644957871	-1.97288644957871	-1.97288644957871	-1.97288644957871	-1.97288644957871	-1.97288644957871
1.60415568867167	0.898260870894806	1.28476635570853	1.93793241776574	0.469022967906612	-1.12541973043415	-0.688161629437025	0.460285558954723	0.867343989338898	0.432821411189239	-0.677723008653431	-1.60776266237211	-1.60776266237211	-1.60776266237211	-1.60776266237211	-1.60776266237211	-1.60776266237211	-1.60776266237211	-1.60776266237211	-1.60776266237211	-1.60776266237211	-1.60776266237211	-1.09505754596217	-1.09505754596217	-1.09505754596217	-1.09505754596217	-1.09505754596217	-1.09505754596217	-1.09505754596217	-1.09505754596217	-1.09505754596217	-1.09505754596217	-1.09505754596217	1.42124849175487	1.30524161765964	-1.99026871010151	1.34752739313391	1.07645852583423	0.679878774069829	1.39413092226927	1.58178984453989	-1.18514192707247	0.114281503975343	1.39413092226927	1.35399593857124	1.35399593857124	1.35399593857124	1.35399593857124	1.35399593857124	1.35399593857124	1.35399593857124	1.35399593857124	1.35399593857124	1.35399593857124	1.35399593857124	-0.0779566925245936	-0.439687443873601	0.0338448566270037	-0.789356054298327	0.710874703319988	0.609099865787453	-0.0779566925245935	-0.139100481658586	-0.0813560251549758	-0.137213609943663	-0.124124790034154	0.146878455618056	0.121359139057452	0.519029698547258	0.221545152952185	0.453739231730703	0.980934444212513	0.510922537968407	0.53418719825545	0.893949770611008	0.0493673071717647	0.969712930870214	0.271168069446747	0.271168069446747	0.271168069446747	0.271168069446747	0.271168069446747	0.271168069446747	0.271168069446747	0.271168069446747	0.271168069446747	0.271168069446747	0.271168069446747	0.271168069446747	0.271168069446747
0.520187089607313	0.114765488225774	-0.0671843121579883	-0.38841019787073	-0.207223757682121	-0.258249370998963	0.107879025180499	0.176776154920989	0.580069249718482	0.427107753992925	-0.55659463803142	0.00317742716049734	0.00317742716049734	0.00317742716049734	0.00317742716049734	0.00317742716049734	0.00317742716049734	0.00317742716049734	0.00317742716049734	0.00317742716049734	0.00317742716049734	0.00317742716049734	0.559917983897611	0.559917983897611	0.559917983897611	0.559917983897611	0.559917983897611	0.559917983897611	0.559917983897611	0.559917983897611	0.559917983897611	0.559917983897611	0.559917983897611	0.706755119847768	0.557221315889373	0.149258515706976	-0.0116197444498731	-0.702684799143206	-0.464881834323581	-0.505973775809308	0.10959443023125	1.18112359119309	0.269742813574816	-0.50597377580931	0.359804656719148	0.359804656719148	0.359804656719148	0.359804656719148	0.359804656719148	0.359804656719148	0.359804656719148	0.359804656719148	0.359804656719148	0.359804656719149	0.359804656719148	0.360087680402751	0.56123699604108	0.0994684932037782	1.55059741171815	-0.0590074148074339	-0.524069578297559	0.360087680402752	-0.0568348728000026	0.44491382653006	0.187864619146293	-0.225631270294934	-1.78420468750686	2.02579435820146	-1.83218925274718	0.443403351864773	1.85439035288451	0.866127296827994	0.249069993806036	0.104685268526723	0.518229076461812	0.162828595728269	1.21401105378433	0.273650699252066	0.273650699252066	0.273650699252066	0.273650699252066	0.273650699252066	0.273650699252066	0.273650699252066	0.273650699252066	0.273650699252066	0.273650699252066	0.273650699252066	0.273650699252066	0.273650699252066
-0.33539184675738	-0.780361918514616	-0.233734654990691	0.654094346343124	-1.15807843295718	0.548815187253868	1.16257229375944	1.35354913001142	1.0200525843905	1.39366344793937	1.40520815244376	0.642967478932572	0.642967478932572	0.642967478932572	0.642967478932572	0.642967478932572	0.642967478932572	0.642967478932572	0.642967478932572	0.642967478932572	0.642967478932572	0.642967478932572	0.925002073791162	0.925002073791162	0.925002073791162	0.925002073791162	0.925002073791162	0.925002073791162	0.925002073791162	0.925002073791162	0.925002073791162	0.925002073791162	0.925002073791162	0.778450044183127	0.334700494943645	1.20948829979536	0.798823898142613	0.740427443200104	0.619476312241705	1.01494952767746	1.10015418898928	1.81978403048632	0.66789736656424	1.01494952767745	-0.636530976743002	-0.636530976743002	-0.636530976743002	-0.636530976743002	-0.636530976743002	-0.636530976743002	-0.636530976743002	-0.636530976743002	-0.636530976743002	-0.636530976743002	-0.636530976743002	0.456046653242958	-0.206786409485518	-0.0816328877044212	0.852429962341315	-1.00636177626388	0.565867231476442	0.456046653242959	-0.265301220754972	0.206214235414531	0.389720227666138	0.311964909776021	-0.443464186047926	1.12666443248239	0.0877234104667462	0.122638876238534	-0.777866151291682	0.61785562941675	-1.87177425481201	-0.959942200543286	0.5022816719081	-0.409564984102064	0.321286234320477	-0.66182294792927	-0.66182294792927	-0.66182294792927	-0.66182294792927	-0.66182294792927	-0.66182294792927	-0.66182294792927	-0.66182294792927	-0.66182294792927	-0.66182294792927	-0.66182294792927	-0.66182294792927	-0.66182294792927
-0.521114794444641	-0.410445554569124	0.312207425371974	-0.560686168614276	-0.721584401313222	-0.723422951699933	-0.783627047648803	-0.876655610091356	0.875947484405509	-0.0728322864809919	-1.53647010383149	-0.861612599960818	-0.861612599960818	-0.861612599960818	-0.861612599960818	-0.861612599960818	-0.861612599960818	-0.861612599960818	-0.861612599960818	-0.861612599960818	-0.861612599960817	-0.861612599960818	0.907042485074893	0.907042485074893	0.907042485074893	0.907042485074893	0.907042485074893	0.907042485074893	0.907042485074893	0.907042485074893	0.907042485074893	0.907042485074893	0.907042485074893	0.307052717135769	-0.745869825484069	-0.184060620585772	-0.778905451486702	-0.313210042943574	-1.57949748219249	-0.0107680201478021	0.665753522805025	0.352029998694606	-0.520628742399022	-0.0107680201477998	0.994990341186406	0.994990341186406	0.994990341186406	0.994990341186406	0.994990341186406	0.994990341186406	0.994990341186406	0.994990341186406	0.994990341186406	0.994990341186406	0.994990341186406	-1.03385339670683	-1.04031947122741	-1.35804742982935	-1.4960564115735	-0.595823679873404	-1.54878937708567	-1.03385339670683	-0.75045671923213	-1.46000953930498	-1.25901553707277	-0.888477197807401	0.885124236371928	0.369592918391248	2.08694226083162	1.30809385860646	-0.209842150885587	1.53795995386296	0.575860766701467	-0.8271665942839	0.221381688047044	-0.925139817361179	-1.14314839051714	0.216828588554084	0.216828588554084	0.216828588554084	0.216828588554084	0.216828588554084	0.216828588554084	0.216828588554084	0.216828588554084	0.216828588554084	0.216828588554084	0.216828588554084	0.216828588554084	0.216828588554084
0.034062897459359	2.07227578393928	-0.167195445451981	0.935619625421395	1.81263962164794	0.457404692019242	-0.160272724192041	1.07193336975378	-0.536226383963948	0.0306107625874473	1.5651422389558	1.04444052828964	1.04444052828964	1.04444052828964	1.04444052828964	1.04444052828964	1.04444052828964	1.04444052828964	1.04444052828964	1.04444052828964	1.04444052828964	1.04444052828964	0.623946988948091	0.623946988948091	0.623946988948091	0.623946988948091	0.623946988948091	0.623946988948091	0.623946988948091	0.623946988948091	0.623946988948091	0.623946988948091	0.623946988948091	-0.583384168740111	0.843806592684027	0.688646320542077	1.42858976291269	0.898907964750832	0.118814925183786	0.132097449870357	1.39329428781412	0.732524951254799	0.0341530230259293	0.132097449870358	0.237137704617124	0.237137704617124	0.237137704617124	0.237137704617124	0.237137704617124	0.237137704617124	0.237137704617124	0.237137704617124	0.237137704617124	0.237137704617124	0.237137704617124	-0.0277779374236568	0.850382295942623	0.771014330032577	-0.0603963434643207	0.177520469306269	1.23515027561191	-0.0277779374236571	0.0650285751972096	0.628679211742841	0.351088526315679	0.0681888637138098	-0.551127315458416	-0.987491586775214	-1.22228233711767	-1.6894543308931	-1.4140090300634	-0.81161521807341	-1.10474351958218	-1.08604064342145	-1.34303164363148	-2.84552120145151	-2.03808164941283	1.09877301156178	1.09877301156178	1.09877301156178	1.09877301156178	1.09877301156178	1.09877301156178	1.09877301156178	1.09877301156178	1.09877301156178	1.09877301156178	1.09877301156178	1.09877301156178	1.09877301156178
-0.458391631761074	0.326639096821555	0.272836321716072	-0.151234695762288	0.579782168392573	-0.0398195069539048	-0.725667982036426	-0.821864658067732	-1.93424017446024	-1.45084160523981	-0.105054866797866	0.528984622486039	0.528984622486039	0.528984622486039	0.528984622486039	0.528984622486039	0.528984622486039	0.528984622486039	0.528984622486039	0.528984622486039	0.528984622486039	0.528984622486039	-0.285584115315866	-0.285584115315866	-0.285584115315866	-0.285584115315865	-0.285584115315866	-0.285584115315865	-0.285584115315865	-0.285584115315865	-0.285584115315866	-0.285584115315866	-0.285584115315866	0.467926483339052	0.48465513174234	0.754259933356186	0.189866390442907	-0.89179008285155	-1.90504249309029	-1.84722593485343	-0.241405678394146	0.924913417071119	-1.95475290668455	-1.84722593485342	2.7669863386638	2.7669863386638	2.7669863386638	2.7669863386638	2.7669863386638	2.7669863386638	2.7669863386638	2.7669863386638	2.7669863386638	2.7669863386638	2.7669863386638	0.215955472162184	0.205516985913104	-0.122452800580028	0.247952171798922	0.151717144936229	0.0590702742765997	0.215955472162184	-0.502798833548087	-0.543035271387808	-0.583282767839289	0.46991835256956	0.778689633110395	-1.15490680195202	0.949622262916347	-0.513324537486777	-0.52566926644748	1.86126607849583	1.15455530737674	0.782320976125507	1.55548450698948	0.138463001150441	0.425572055950148	-0.581017488402298	-0.581017488402298	-0.581017488402298	-0.581017488402298	-0.581017488402298	-0.581017488402298	-0.581017488402298	-0.581017488402298	-0.581017488402298	-0.581017488402298	-0.581017488402298	-0.581017488402298	-0.581017488402298
-1.63780849887174	-0.650713187619878	-0.757289070199997	-1.76203331889529	-0.50675690073603	0.631954592391402	0.319990947658287	0.524401870466815	-0.683035400010942	-1.51844725517831	0.0983413958899566	0.103072396672206	0.103072396672206	0.103072396672206	0.103072396672206	0.103072396672206	0.103072396672206	0.103072396672206	0.103072396672206	0.103072396672206	0.103072396672206	0.103072396672206	-0.499097679631851	-0.499097679631851	-0.499097679631851	-0.499097679631851	-0.499097679631851	-0.499097679631851	-0.499097679631851	-0.499097679631851	-0.499097679631851	-0.499097679631851	-0.499097679631851	-0.264394141345489	-0.45717884507309	-1.22903729572036	-0.341635346611729	-0.142815151589794	-0.825183087245768	-0.0298797099814378	1.21660337133079	-0.160449369030447	0.145062179463473	-0.0298797099814373	-0.250578557336686	-0.250578557336686	-0.250578557336686	-0.250578557336686	-0.250578557336686	-0.250578557336686	-0.250578557336686	-0.250578557336686	-0.250578557336686	-0.250578557336685	-0.250578557336686	0.640010816620508	0.808471913596199	0.632169044225089	0.771970330855569	0.354898699321491	0.825173207946323	0.640010816620508	0.490603969644544	1.29569231640961	0.242267205453862	0.455966505698697	1.53065845908648	1.29128185502211	0.783230135160436	1.83091037814138	1.2769700930638	0.286211861860847	-0.0831251280955718	0.213613044563216	1.24546994494037	1.73660705340645	0.681636767157373	-1.30369430095852	-1.30369430095852	-1.30369430095852	-1.30369430095852	-1.30369430095852	-1.30369430095852	-1.30369430095852	-1.30369430095852	-1.30369430095852	-1.30369430095852	-1.30369430095852	-1.30369430095852	-1.30369430095852
0.0365084748224379	-0.38482534193757	-0.176835138028495	0.53550482074572	-0.713665294137657	-0.631151878905999	0.404682117174898	-0.074080188762052	1.23726417219372	1.3109878604418	0.194977587842295	-0.650244238141535	-0.650244238141535	-0.650244238141535	-0.650244238141535	-0.650244238141535	-0.650244238141535	-0.650244238141535	-0.650244238141535	-0.650244238141535	-0.650244238141535	-0.650244238141535	-0.409144793358346	-0.409144793358346	-0.409144793358346	-0.409144793358346	-0.409144793358346	-0.409144793358346	-0.409144793358346	-0.409144793358346	-0.409144793358346	-0.409144793358346	-0.409144793358346	1.57695852352951	0.440676020026221	0.818759608759207	0.0272906867740007	-0.665673512784608	-0.0041676209271856	-0.128671472097575	-0.90567127447856	1.04850730328329	-0.238074107661763	-0.128671472097577	-1.1046047697138	-1.1046047697138	-1.1046047697138	-1.1046047697138	-1.1046047697138	-1.1046047697138	-1.1046047697138	-1.1046047697138	-1.1046047697138	-1.1046047697138	-1.1046047697138	-1.13351879730898	-0.364911973299672	-0.266758665454533	-1.03460149102863	-0.816378881706271	-0.621697445283867	-1.13351879730898	-1.49959017293593	-0.0314073291566983	-1.02474472110131	-0.813330493476441	-0.65494899472324	1.26414509268613	1.63281193247204	0.422414559790608	-0.181551429434975	0.942984161029101	-0.0174011589430571	0.783221763871906	0.587258836355608	0.64318866106356	2.67079858391947	-0.350315757816206	-0.350315757816206	-0.350315757816206	-0.350315757816206	-0.350315757816206	-0.350315757816206	-0.350315757816206	-0.350315757816206	-0.350315757816206	-0.350315757816206	-0.350315757816206	-0.350315757816206	-0.350315757816206
-1.15582084299045	-1.22297088932035	-1.05992852353059	-1.3080605653356	-1.57920914872521	-1.2604867768307	-1.02356955144238	-1.21893921862065	-0.941027824686842	-0.759916595171723	-0.893717840348202	-1.04680914259829	-1.04680914259829	-1.04680914259829	-1.04680914259829	-1.04680914259829	-1.04680914259829	-1.04680914259829	-1.04680914259829	-1.04680914259829	-1.04680914259829	-1.04680914259829	0.373020427033651	0.373020427033651	0.373020427033651	0.373020427033652	0.373020427033651	0.373020427033652	0.373020427033652	0.373020427033652	0.373020427033651	0.373020427033652	0.373020427033651	0.465100507459807	0.252261630006435	0.334573501670252	0.231099781725488	1.42912575539177	-0.247915825383537	0.575680538610734	-0.20686537951587	0.473145634660099	0.0772909603851401	0.575680538610734	-0.115860000888979	-0.115860000888979	-0.115860000888979	-0.115860000888979	-0.115860000888979	-0.115860000888979	-0.115860000888979	-0.115860000888979	-0.115860000888979	-0.115860000888979	-0.115860000888979	-0.503352029758619	-0.0220460977966884	0.259247628092253	-0.384297906241819	0.117644750230451	0.451294306804144	-0.50335202975862	-0.342231063417647	0.257326688361776	-0.248993043963836	-0.602844496977117	-0.977427092456329	-0.764486033638021	-0.157910467733161	-0.348229648508125	-0.487483137159791	-1.07181128756649	0.404625938096161	-0.207823869924617	-1.14622929739745	0.727794369679332	-0.170373203460159	-1.15326108231832	-1.15326108231832	-1.15326108231832	-1.15326108231832	-1.15326108231832	-1.15326108231832	-1.15326108231832	-1.15326108231832	-1.15326108231832	-1.15326108231832	-1.15326108231832	-1.15326108231832	-1.15326108231832
-0.62982784934784	0.0940655172573017	-1.2057205364754	-1.44888372309038	0.255002955277167	0.826458384493114	1.15235474571701	-0.809077414085692	1.02309104176655	1.03265336397956	0.104162822193654	0.692265780636689	0.692265780636689	0.692265780636689	0.692265780636689	0.692265780636689	0.692265780636689	0.692265780636689	0.692265780636689	0.692265780636689	0.692265780636689	0.692265780636689	1.9758095768495	1.9758095768495	1.9758095768495	1.9758095768495	1.9758095768495	1.9758095768495	1.9758095768495	1.9758095768495	1.9758095768495	1.9758095768495	1.9758095768495	1.00754505779761	0.23053898861807	-0.753484870430092	-0.322402822287008	-1.21119416509016	0.256702225574817	-0.336450777718981	-0.174257938735882	-0.413726005369732	-0.000901232365676341	-0.336450777718982	1.11672980381025	1.11672980381025	1.11672980381025	1.11672980381025	1.11672980381025	1.11672980381025	1.11672980381025	1.11672980381025	1.11672980381025	1.11672980381025	1.11672980381025	-1.01089499044388	-0.336584019230543	-0.138823707567609	-0.00803922193467722	-1.16456412312225	-0.393113629282394	-1.01089499044388	-1.48986431525965	0.421665992482189	-0.974499262643775	-1.30563359066483	-1.20187945211547	-1.52401476660043	-0.431489635209728	-1.92828725982105	-0.0816587738230595	0.238602044351263	1.38619613078528	1.23515467070923	0.184816029410495	-0.239890858827738	0.448949189960761	-1.12377346325431	-1.12377346325431	-1.12377346325431	-1.12377346325431	-1.12377346325431	-1.12377346325431	-1.12377346325431	-1.12377346325431	-1.12377346325431	-1.12377346325431	-1.12377346325431	-1.12377346325431	-1.12377346325431
-1.66913651884752	-0.435030506969454	-0.511685893613983	-0.0191964528699824	-1.46759925549111	-1.12528457289004	-0.859297310745007	0.150965926356154	1.0804776638074	0.862179736869264	-0.0973705651960103	-0.90543895469392	-0.90543895469392	-0.90543895469392	-0.90543895469392	-0.90543895469392	-0.90543895469392	-0.90543895469392	-0.90543895469392	-0.90543895469392	-0.90543895469392	-0.90543895469392	0.384409042377241	0.384409042377241	0.384409042377241	0.384409042377241	0.384409042377241	0.384409042377241	0.384409042377241	0.384409042377241	0.384409042377241	0.384409042377241	0.384409042377241	0.174844175052138	0.0324743931919171	0.536920269190385	-1.49741454824112	-0.604249499707037	0.360642194252956	-0.631236625351177	-0.0686048480219221	0.342241919671652	0.283710326733318	-0.631236625351178	0.109933193358225	0.109933193358225	0.109933193358225	0.109933193358225	0.109933193358225	0.109933193358225	0.109933193358225	0.109933193358225	0.109933193358225	0.109933193358225	0.109933193358225	0.560278463297395	0.908896391197514	0.90417651562885	-0.425801631736068	1.19663757555492	-0.0548350440728619	0.560278463297395	0.256520670984545	0.599459234074896	0.468891067431248	-0.051224594405719	0.104851259161738	-1.78221639935286	1.11277208568012	-0.460388999565216	-2.16715306207489	0.716727019011439	-0.121243043926935	0.0902576361809684	0.272440195080097	0.905894972779823	0.263880462875521	0.390642871083523	0.390642871083523	0.390642871083523	0.390642871083523	0.390642871083523	0.390642871083523	0.390642871083523	0.390642871083523	0.390642871083523	0.390642871083523	0.390642871083523	0.390642871083523	0.390642871083523
0.544546982132424	0.993275318732892	0.944498499982668	0.918337573257427	2.3287621569875	0.476298563517781	0.498385432173881	0.680961265302169	-0.960859019708005	-1.93892529790698	0.393326876582496	1.51315803061453	1.51315803061453	1.51315803061453	1.51315803061453	1.51315803061453	1.51315803061453	1.51315803061453	1.51315803061453	1.51315803061453	1.51315803061453	1.51315803061453	-1.13107309823275	-1.13107309823275	-1.13107309823275	-1.13107309823275	-1.13107309823275	-1.13107309823275	-1.13107309823275	-1.13107309823275	-1.13107309823275	-1.13107309823275	-1.13107309823275	-1.41907619600987	-1.01589620653582	0.274471719259207	-0.830150173934478	-1.25017920693537	-0.784052097737702	-0.875141527749874	-1.03563217710002	0.0798933086497161	-0.555585139272119	-0.875141527749874	0.471406884249483	0.471406884249483	0.471406884249483	0.471406884249483	0.471406884249483	0.471406884249483	0.471406884249483	0.471406884249483	0.471406884249483	0.471406884249483	0.471406884249483	0.24125421683531	-0.0146180939515145	-0.0923681619891502	-0.0508781934811375	0.283407228272535	0.197910369511295	0.24125421683531	-0.583009389728945	-0.204860261612314	-0.233120798387101	0.515944395489874	-1.53536646825386	1.03280829904372	-1.66152895024476	-0.260500140837697	0.805226470443072	-0.524356376750538	-0.663139427187563	-0.939821409753414	-1.21472604057088	-1.91553020244805	-0.558693897675172	-0.452215609118839	-0.452215609118839	-0.452215609118839	-0.452215609118839	-0.452215609118839	-0.452215609118839	-0.452215609118839	-0.452215609118839	-0.452215609118839	-0.452215609118839	-0.452215609118839	-0.452215609118839	-0.452215609118839
-0.181168528535422	0.423818583677001	-0.308967516537145	-0.270550638004493	0.145673523422085	1.3824098796714	0.491824963492119	0.273451054888054	-0.660654475438355	0.619852079161573	1.11449376014764	-0.564316327120148	-0.564316327120148	-0.564316327120148	-0.564316327120148	-0.564316327120148	-0.564316327120148	-0.564316327120148	-0.564316327120148	-0.564316327120148	-0.564316327120148	-0.564316327120148	0.315679086896038	0.315679086896038	0.315679086896038	0.315679086896038	0.315679086896038	0.315679086896038	0.315679086896038	0.315679086896038	0.315679086896038	0.315679086896038	0.315679086896038	-0.724519708236286	0.390122113746285	-0.140281627203851	1.31714657911641	1.51706317041358	1.47977647198385	1.55547684050281	0.207172823962371	-0.792580962215921	0.817526682387255	1.55547684050281	1.98670549615015	1.98670549615015	1.98670549615015	1.98670549615015	1.98670549615015	1.98670549615015	1.98670549615015	1.98670549615015	1.98670549615015	1.98670549615015	1.98670549615015	-0.472358563957357	-1.2056218964963	-0.796004966763893	-0.0366086019376739	-1.28818452445465	-0.06719131169909	-0.472358563957357	-0.152753048413247	-0.460172143510791	-0.0902574844128907	-0.257538188929984	-0.297581373269266	0.878086776220022	0.285379555906014	1.22270511383373	-1.06752495327766	-0.146448864160141	-1.06350314449302	-1.39437804899053	0.744111013547843	-1.53125954750459	-0.52334860719168	0.933018906841992	0.933018906841992	0.933018906841992	0.933018906841992	0.933018906841992	0.933018906841992	0.933018906841992	0.933018906841992	0.933018906841992	0.933018906841992	0.933018906841992	0.933018906841992	0.933018906841992
-2.25493191784191	-0.0937494398633643	-2.51306877915031	-2.57903971912416	-0.361961833402065	-0.461054197120288	0.792050193043786	-1.90886660146108	0.628940135884195	0.0749113753954653	-0.612085345201165	-0.911079886118934	-0.911079886118934	-0.911079886118934	-0.911079886118934	-0.911079886118934	-0.911079886118934	-0.911079886118934	-0.911079886118934	-0.911079886118934	-0.911079886118934	-0.911079886118934	-1.72144846334028	-1.72144846334028	-1.72144846334028	-1.72144846334028	-1.72144846334028	-1.72144846334028	-1.72144846334028	-1.72144846334028	-1.72144846334028	-1.72144846334028	-1.72144846334028	1.92679738026127	2.5459117966311	0.312476554302302	2.24796263962735	2.44406905430055	1.95136614379576	2.05374013820005	0.647862308195919	0.571501352243733	1.46921851125264	2.05374013820005	0.388660648133437	0.388660648133437	0.388660648133437	0.388660648133437	0.388660648133437	0.388660648133437	0.388660648133437	0.388660648133437	0.388660648133437	0.388660648133437	0.388660648133437	0.885003564830861	1.20363731496209	1.55471427306449	0.122861547818684	2.1580886115235	1.26430760264152	0.885003564830861	1.33696373953111	1.18516652827352	1.37051937445779	0.482772860296868	-1.11082389603182	-0.510431506737212	-1.65080726172679	-1.40838251924324	-0.418185782490993	0.853383984887659	-0.146338741469998	-0.101943442046004	0.901579910572889	-1.38246112467964	0.744375558007575	1.39396460468258	1.39396460468258	1.39396460468258	1.39396460468258	1.39396460468258	1.39396460468258	1.39396460468258	1.39396460468258	1.39396460468258	1.39396460468258	1.39396460468258	1.39396460468258	1.39396460468258
-0.0636001829841317	-0.615793146106891	1.1036273928709	0.458887286661312	-0.798127623734805	-0.174462342040795	-0.216182581096461	1.59771733909165	0.24476504186618	0.399160449425941	0.502670716588049	1.04684643045824	1.04684643045824	1.04684643045824	1.04684643045824	1.04684643045824	1.04684643045824	1.04684643045824	1.04684643045824	1.04684643045824	1.04684643045824	1.04684643045824	-1.94408159579123	-1.94408159579123	-1.94408159579123	-1.94408159579123	-1.94408159579123	-1.94408159579123	-1.94408159579123	-1.94408159579123	-1.94408159579123	-1.94408159579123	-1.94408159579123	0.903242130779731	0.241983256467587	-0.423755696987719	0.455204884116917	0.299954414610841	-0.936925708956045	-0.799864268887954	0.845573034515829	0.192421230886781	-0.911213449552623	-0.799864268887954	-0.687760014293745	-0.687760014293745	-0.687760014293745	-0.687760014293745	-0.687760014293745	-0.687760014293745	-0.687760014293745	-0.687760014293745	-0.687760014293745	-0.687760014293745	-0.687760014293745	0.42655359299484	0.563987210081273	0.556993294379113	0.12638150904363	0.989416449646233	0.0948222101269172	0.42655359299484	1.09004112237202	0.0956321039980426	1.05520126706097	-0.0108705359509858	-0.452909764016524	-0.622171058722066	-0.221257940880166	-0.612361357253076	-0.337910534615928	1.38335219679032	0.460529310456796	0.982441052170458	1.59913403628162	1.61845362960845	1.24912216729362	-1.84374674052094	-1.84374674052094	-1.84374674052094	-1.84374674052094	-1.84374674052094	-1.84374674052094	-1.84374674052094	-1.84374674052094	-1.84374674052094	-1.84374674052094	-1.84374674052094	-1.84374674052094	-1.84374674052094
-1.26205371979378	0.285774967440531	-1.82975215535742	-1.91933538425419	0.0414203114458305	-0.832453205427064	-1.04593926505261	-1.70317082902697	-0.873336602841669	-0.81284928462484	-0.837520327446271	-1.63067701439582	-1.63067701439582	-1.63067701439582	-1.63067701439582	-1.63067701439582	-1.63067701439582	-1.63067701439582	-1.63067701439582	-1.63067701439582	-1.63067701439582	-1.63067701439582	1.33527323931236	1.33527323931236	1.33527323931236	1.33527323931236	1.33527323931236	1.33527323931236	1.33527323931236	1.33527323931236	1.33527323931236	1.33527323931236	1.33527323931236	1.14372064159272	1.1621101814237	0.842555303079729	0.521472302031271	0.560800128077312	1.2445202245771	0.874728059329829	1.16083975625484	0.402775259911071	0.921017175390747	0.87472805932983	-1.46344777994249	-1.46344777994249	-1.46344777994249	-1.46344777994249	-1.46344777994249	-1.46344777994249	-1.46344777994249	-1.46344777994249	-1.46344777994249	-1.46344777994249	-1.46344777994249	1.21321549555562	2.13252011589272	1.92488035722251	1.53858504177399	1.09222410115924	1.20394585856196	1.21321549555562	-0.149282351514909	1.59684846478929	0.66773662531872	1.50649939933806	-0.522702309130294	0.193162133853319	-0.0448893247903759	-0.206248866517556	0.26364563124301	-1.9689350048459	-0.0552928681404893	-1.44858545453152	-2.42801586381547	-3.41528200182305	-2.2531715348293	0.621956405365155	0.621956405365155	0.621956405365155	0.621956405365155	0.621956405365155	0.621956405365155	0.621956405365155	0.621956405365155	0.621956405365155	0.621956405365155	0.621956405365155	0.621956405365155	0.621956405365155
1.48169672110497	-2.14720526906869	1.46625342480768	2.0003103490841	-1.46389658373096	-0.688147727137677	0.172418862024636	1.41737804864517	0.62492824347995	0.529173826622462	0.690792021440165	0.462933616427367	0.462933616427367	0.462933616427367	0.462933616427367	0.462933616427367	0.462933616427367	0.462933616427367	0.462933616427367	0.462933616427367	0.462933616427367	0.462933616427367	0.269659383607386	0.269659383607386	0.269659383607386	0.269659383607386	0.269659383607386	0.269659383607386	0.269659383607386	0.269659383607386	0.269659383607386	0.269659383607386	0.269659383607386	0.888360335124549	0.289639519706152	1.0923013478679	0.111277873206505	0.885546919779933	0.841882194243758	0.776027837518134	1.63261717325841	1.62483040778264	1.31268283332957	0.776027837518133	0.526143405071818	0.526143405071818	0.526143405071818	0.526143405071818	0.526143405071818	0.526143405071818	0.526143405071818	0.526143405071818	0.526143405071818	0.526143405071818	0.526143405071818	-0.151216692137178	-0.101958703909493	-0.294512765565318	0.0758004080251314	-0.49574652277375	-0.48396198799888	-0.151216692137178	-0.552262670291978	-0.590875942768673	-0.233364429506617	-0.353782867793276	0.224760424689082	-0.0157612693579179	-0.595850060056037	0.103158359399608	0.210661453819975	0.393794884727294	0.521305615965525	0.392926910325099	-0.267263982998727	0.356963853214709	0.000692162568564503	0.359617471063303	0.359617471063303	0.359617471063303	0.359617471063303	0.359617471063303	0.359617471063303	0.359617471063303	0.359617471063303	0.359617471063303	0.359617471063303	0.359617471063303	0.359617471063303	0.359617471063303
0.434557083482737	0.110332516401044	-1.11196360564854	-0.652593979854554	0.07910164244414	0.109342244796968	0.0619926541119652	-0.0962434574101042	0.709868952878745	0.196604769938738	-0.313381754447135	0.141337029922017	0.141337029922017	0.141337029922017	0.141337029922017	0.141337029922017	0.141337029922017	0.141337029922017	0.141337029922017	0.141337029922017	0.141337029922017	0.141337029922017	-0.674028430981446	-0.674028430981446	-0.674028430981446	-0.674028430981446	-0.674028430981446	-0.674028430981446	-0.674028430981446	-0.674028430981446	-0.674028430981446	-0.674028430981446	-0.674028430981446	0.575222986179233	-0.139364950553736	0.650389764122751	0.329287297603135	0.435753833327721	-0.37040709230234	0.454921547775832	-0.595072167278423	0.37586122830664	-0.655750508059885	0.454921547775833	1.94263073470644	1.94263073470644	1.94263073470644	1.94263073470644	1.94263073470644	1.94263073470644	1.94263073470644	1.94263073470644	1.94263073470644	1.94263073470644	1.94263073470644	-1.56693895114799	-1.06723442714033	-1.57838578097208	-0.712566305977686	-1.7628497442632	-1.34688613791261	-1.56693895114799	-1.14914408038552	-1.49834596575064	-0.90434513950779	-1.37079580930369	-0.146331307127236	0.763779160391066	-0.308131117771829	0.774379620951172	0.937251966280835	0.709685243898306	0.510069564856439	-0.156112116871023	0.620386938962385	-0.599286287903864	-0.170622073378761	0.356427377706937	0.356427377706937	0.356427377706937	0.356427377706937	0.356427377706937	0.356427377706937	0.356427377706937	0.356427377706937	0.356427377706937	0.356427377706937	0.356427377706937	0.356427377706937	0.356427377706937
1.37401186802967	-0.678917018186768	-0.556354936397333	0.744504862809419	-0.845987018815022	0.217941199321266	0.513826408370126	1.13655149441775	0.712325191486341	0.640799446578984	0.600425367653902	1.09364854795915	1.09364854795915	1.09364854795915	1.09364854795915	1.09364854795915	1.09364854795915	1.09364854795915	1.09364854795915	1.09364854795915	1.09364854795915	1.09364854795915	0.239630364583848	0.239630364583848	0.239630364583848	0.239630364583848	0.239630364583848	0.239630364583848	0.239630364583848	0.239630364583848	0.239630364583848	0.239630364583848	0.239630364583848	-0.0846839545728001	1.33231426010743	0.305400795339209	0.755702355290401	1.44019556189637	0.277309967837194	0.636238103317407	0.0957655194877332	0.370102986004167	0.499159524604246	0.636238103317408	0.239233044826996	0.239233044826996	0.239233044826996	0.239233044826996	0.239233044826996	0.239233044826996	0.239233044826996	0.239233044826996	0.239233044826996	0.239233044826996	0.239233044826996	0.412209289219312	0.689873039328653	0.612292077005418	-0.217722729170822	0.185619509716562	1.292080468105	0.412209289219312	0.899308207448998	0.661779041444186	0.872773318996211	0.571069752323641	2.55679905431548	0.950957526867065	1.4920137124342	1.20851825507325	2.91795087406872	1.90122585919091	2.26874868240432	2.23411353450997	0.929021120561468	0.483230526868451	0.709215886085647	0.96336838423832	0.96336838423832	0.96336838423832	0.96336838423832	0.96336838423832	0.96336838423832	0.96336838423832	0.96336838423832	0.96336838423832	0.96336838423832	0.96336838423832	0.96336838423832	0.96336838423832
1.85734140274486	-0.965037096681066	0.410274552527732	1.26708078390797	-0.956050286653043	-0.0503978696863032	0.352641456899974	1.01660607152884	0.773444537536504	1.16329783168322	0.559919762832239	1.85801724136477	1.85801724136477	1.85801724136477	1.85801724136477	1.85801724136477	1.85801724136477	1.85801724136477	1.85801724136477	1.85801724136477	1.85801724136477	1.85801724136477	-0.0751978111382208	-0.0751978111382208	-0.0751978111382208	-0.0751978111382206	-0.0751978111382208	-0.0751978111382206	-0.0751978111382206	-0.0751978111382206	-0.0751978111382208	-0.0751978111382208	-0.0751978111382208	-0.118476228678488	0.547930122931299	0.521589207396859	-0.0210293420959229	1.10391929816883	-0.180865580080797	-0.0884269545864131	-2.08140872390065	-0.388162737989629	-0.920770075567839	-0.0884269545864129	-0.00452709408818273	-0.00452709408818273	-0.00452709408818273	-0.00452709408818273	-0.00452709408818273	-0.00452709408818273	-0.00452709408818273	-0.00452709408818273	-0.00452709408818273	-0.0045270940881826	-0.00452709408818273	-0.704316121906649	-1.20140393359523	-1.0691100038754	-0.88842235202339	-0.226504940188505	0.381471585146217	-0.704316121906649	-0.467774113980524	-1.23623934192053	-0.892841631227613	-0.49474202430793	0.00968220102669891	2.70320051879779	0.351219598001682	1.93031450124133	-0.183200858054509	0.651000240876645	-1.80409170925947	-1.70978988514162	0.460854349392665	-1.31456120619583	0.453914440192455	0.0878219416999088	0.0878219416999088	0.0878219416999088	0.0878219416999088	0.0878219416999088	0.0878219416999088	0.0878219416999088	0.0878219416999088	0.0878219416999088	0.0878219416999089	0.0878219416999088	0.0878219416999089	0.0878219416999088
0.172038140057957	0.256509891011779	2.03709009389485	2.19370216360378	0.78721445962304	-0.206745100170238	-0.218850955024277	1.01941377052133	1.56634710958133	0.829333277645183	0.496445006902819	0.937762318790652	0.937762318790652	0.937762318790652	0.937762318790652	0.937762318790652	0.937762318790652	0.937762318790652	0.937762318790652	0.937762318790652	0.937762318790652	0.937762318790652	-1.11698967362955	-1.11698967362955	-1.11698967362955	-1.11698967362955	-1.11698967362955	-1.11698967362955	-1.11698967362955	-1.11698967362955	-1.11698967362955	-1.11698967362955	-1.11698967362955	0.279476937751295	-1.23274467179069	-2.10078541907316	-1.15395632455418	-1.38662102380723	-1.55051799945435	-0.638673735356569	0.268679092485219	-0.681752079545932	-0.862700888695796	-0.638673735356569	-1.36040278301608	-1.36040278301608	-1.36040278301608	-1.36040278301608	-1.36040278301608	-1.36040278301608	-1.36040278301608	-1.36040278301608	-1.36040278301608	-1.36040278301608	-1.36040278301608	-0.286592462864111	-0.660372692642867	-0.504261560508688	-0.800360245356944	-0.486447630674343	-0.876728042771735	-0.286592462864111	-0.140658070893992	-0.807744268196722	-0.0388010551009771	-0.283083321084313	0.186054820904025	-0.0705994377921455	0.0222445141581955	-0.670684369848316	0.228882373702069	1.30597707858856	0.775772867960044	1.62350950812276	1.57545031705121	0.402015975255341	0.918872979390452	0.787571228773083	0.787571228773083	0.787571228773083	0.787571228773083	0.787571228773083	0.787571228773083	0.787571228773083	0.787571228773083	0.787571228773083	0.787571228773083	0.787571228773083	0.787571228773083	0.787571228773083
-0.0442716733498082	1.48260109237075	3.02283310536248	2.04179081982538	1.73827236873719	0.261367280595136	0.128043179488822	1.58730656162034	0.722297918583172	0.0348583646462843	0.432026468422538	0.29800271868497	0.29800271868497	0.29800271868497	0.29800271868497	0.29800271868497	0.29800271868497	0.29800271868497	0.29800271868497	0.29800271868497	0.29800271868497	0.29800271868497	0.239401135112275	0.239401135112275	0.239401135112275	0.239401135112275	0.239401135112275	0.239401135112275	0.239401135112275	0.239401135112275	0.239401135112275	0.239401135112275	0.239401135112275	0.0664442420877543	-0.91065029926535	0.0357939362978221	-0.47153277408279	-0.505567071920724	-1.29293399009842	-0.888526292787973	1.07469900224885	0.672091979492374	-1.00763987492257	-0.888526292787973	-0.985782291629563	-0.985782291629563	-0.985782291629563	-0.985782291629563	-0.985782291629563	-0.985782291629563	-0.985782291629563	-0.985782291629563	-0.985782291629563	-0.985782291629563	-0.985782291629563	0.0407953855273301	0.840857373245926	0.899020310952512	0.837979966542533	0.913470687146629	-0.277193540829895	0.04079538552733	0.169348990987707	1.39462865899324	0.478624908367286	-0.106275873005388	-0.449759707300075	0.798206231691869	-0.591154304244705	-0.597511488121548	0.120742542820651	-0.519756118648514	-0.897227379743483	-0.345350448454599	-0.975317218793085	-0.331479405339728	0.302604400929459	-0.722557123217488	-0.722557123217488	-0.722557123217488	-0.722557123217488	-0.722557123217488	-0.722557123217488	-0.722557123217488	-0.722557123217488	-0.722557123217488	-0.722557123217488	-0.722557123217488	-0.722557123217488	-0.722557123217488
0.727617229665468	-0.5716658363356	0.500727132524679	0.0300813692598508	-0.633094847404229	-0.0911577892656212	0.67517887650312	0.231514385430536	-0.378940529592244	-0.204019828248499	-0.0766993870047939	-1.18894799904824	-1.18894799904824	-1.18894799904824	-1.18894799904824	-1.18894799904824	-1.18894799904824	-1.18894799904824	-1.18894799904824	-1.18894799904824	-1.18894799904824	-1.18894799904824	0.014379316473595	0.014379316473595	0.014379316473595	0.0143793164735951	0.014379316473595	0.0143793164735951	0.0143793164735951	0.0143793164735951	0.014379316473595	0.014379316473595	0.014379316473595	-0.332503806729638	-0.527740122069485	-0.389623401619153	0.680736697839958	-0.462087099024863	0.284302586939126	0.0958765484919038	-0.363197024897963	-0.764977595191647	-0.617707780195948	0.0958765484919037	0.346812632436538	0.346812632436538	0.346812632436538	0.346812632436538	0.346812632436538	0.346812632436538	0.346812632436538	0.346812632436538	0.346812632436538	0.346812632436538	0.346812632436538	0.0828645205068786	-0.516056812174626	-0.161917457309883	-0.561649862045427	-0.143156652022343	0.255844037131211	0.0828645205068786	0.233028614624815	-0.269541860332169	0.0741513631026879	0.62844747386367	-0.320193740954335	-0.919994138784123	-1.05036411808306	-0.813221890987491	0.49150005792597	-0.226095708640122	1.84416134921907	1.41830674665653	0.229210932228904	0.335704259018908	0.475491410017333	-0.574804702546377	-0.574804702546377	-0.574804702546377	-0.574804702546377	-0.574804702546377	-0.574804702546377	-0.574804702546377	-0.574804702546377	-0.574804702546377	-0.574804702546377	-0.574804702546377	-0.574804702546377	-0.574804702546377
0.328592226516446	-0.854798471436254	0.274216457703091	-0.00361974158397604	-0.703822072887818	-0.793662933895565	-0.164572139468323	-1.65848819772847	0.0506486015223851	0.635918866677584	-0.905191401801928	-0.958120326454563	-0.958120326454563	-0.958120326454563	-0.958120326454563	-0.958120326454563	-0.958120326454563	-0.958120326454563	-0.958120326454563	-0.958120326454563	-0.958120326454563	-0.958120326454563	0.286997008777769	0.286997008777769	0.286997008777769	0.286997008777769	0.286997008777769	0.286997008777769	0.286997008777769	0.286997008777769	0.286997008777769	0.286997008777769	0.286997008777769	0.599774170197213	1.4684221693272	0.0528020718304539	1.01245355243719	1.2675207581293	0.417802522181931	0.521755217533814	0.519789645276371	0.139266728076947	0.36733828972261	0.521755217533815	-0.867997850679698	-0.867997850679698	-0.867997850679698	-0.867997850679698	-0.867997850679698	-0.867997850679698	-0.867997850679698	-0.867997850679698	-0.867997850679698	-0.867997850679697	-0.867997850679698	-1.78542154632949	-1.59418443078134	-1.69873751968355	-1.27550089061653	-1.15547530643048	-1.97530707199408	-1.78542154632949	-2.2611503182472	-1.63419684211353	-1.94495586954677	-1.75275969019236	1.12268346405695	0.354920877320747	1.05055742481774	1.25879198943614	0.125499130196294	0.538662908625905	0.440308641406433	0.354307059880673	0.114829604251772	1.22534979379831	0.293654855269718	0.465324773666131	0.465324773666131	0.465324773666131	0.465324773666131	0.465324773666131	0.465324773666131	0.465324773666131	0.465324773666131	0.465324773666131	0.465324773666131	0.465324773666131	0.465324773666131	0.465324773666131
-0.0228127455541725	1.54697076247456	0.30814048684294	0.355797013809208	1.90750845984603	0.656340687318978	1.30984813954305	1.64448765002359	0.609385578083828	-0.0430838057523479	1.07185824002151	-1.96856979667852	-1.96856979667852	-1.96856979667852	-1.96856979667852	-1.96856979667852	-1.96856979667852	-1.96856979667852	-1.96856979667852	-1.96856979667852	-1.96856979667852	-1.96856979667852	1.60372877628263	1.60372877628263	1.60372877628263	1.60372877628263	1.60372877628263	1.60372877628263	1.60372877628263	1.60372877628263	1.60372877628263	1.60372877628263	1.60372877628263	0.674881375747004	0.154516373911926	1.50140261531951	-1.4151661446533	-0.357162413210043	0.0420779379943855	-0.373132168802406	0.258524489251738	1.12388468131007	0.204510641072751	-0.373132168802406	-0.224244637048371	-0.224244637048371	-0.224244637048371	-0.224244637048371	-0.224244637048371	-0.224244637048371	-0.224244637048371	-0.224244637048371	-0.224244637048371	-0.224244637048371	-0.224244637048371	0.838091678707824	1.07595226474195	0.837204192295107	1.12377152148966	0.57806362970883	0.655398523569235	0.838091678707824	1.03611055297501	0.935720439428178	1.00712568888931	1.08264709170686	0.828898091534684	1.30319613517741	0.488362042228984	1.25136643174081	0.732194821788523	1.20536804846177	0.556054267184522	0.513635855301007	2.60538258610437	0.595608270496174	0.818304387389615	0.487143435458047	0.487143435458047	0.487143435458047	0.487143435458047	0.487143435458047	0.487143435458047	0.487143435458047	0.487143435458047	0.487143435458047	0.487143435458047	0.487143435458047	0.487143435458047	0.487143435458047
-1.1829350073232	2.78869683747729	-0.237207230625398	-0.557333640237823	1.55024938403997	-0.15153413277735	-1.10346109160419	-1.36289727041538	0.13418906699273	-0.260776711986807	-1.09149036333501	-1.32222523874953	-1.32222523874953	-1.32222523874953	-1.32222523874953	-1.32222523874953	-1.32222523874953	-1.32222523874953	-1.32222523874953	-1.32222523874953	-1.32222523874953	-1.32222523874953	-0.120752479764925	-0.120752479764925	-0.120752479764925	-0.120752479764925	-0.120752479764925	-0.120752479764925	-0.120752479764925	-0.120752479764925	-0.120752479764925	-0.120752479764925	-0.120752479764925	0.573046399907698	-0.62217927457551	-1.32840144822665	-0.954542756546168	-0.674312331872457	-0.51481247459004	-0.161142626194579	-0.453477966573032	-0.610918607291582	0.0913065406432968	-0.16114262619458	0.0726227323680364	0.0726227323680364	0.0726227323680364	0.0726227323680364	0.0726227323680364	0.0726227323680364	0.0726227323680364	0.0726227323680364	0.0726227323680364	0.0726227323680366	0.0726227323680364	0.970843258171616	0.897643751529104	0.629137725742596	1.85929512822035	-0.190476964018798	0.533028427415655	0.970843258171616	-0.15596941464859	0.78607400428573	0.426670640787493	0.727237932822945	-2.14106454926225	-1.09290905059813	0.273419205542675	-0.615676712372596	-1.83009832535456	0.24997492240933	0.120961395484082	-0.359629916199068	-0.399708926929103	-0.200251761124976	1.15861317012598	1.25552890740524	1.25552890740524	1.25552890740524	1.25552890740524	1.25552890740524	1.25552890740524	1.25552890740524	1.25552890740524	1.25552890740524	1.25552890740524	1.25552890740524	1.25552890740524	1.25552890740524
0.839800407827576	0.528039993471863	0.165830601928593	0.255334389264835	1.27154681096607	0.765904508768492	-0.0513236326141071	0.912351851885331	-0.949759923835908	-0.9422714092293	0.758036099593685	0.339452690333425	0.339452690333425	0.339452690333425	0.339452690333425	0.339452690333425	0.339452690333425	0.339452690333425	0.339452690333425	0.339452690333425	0.339452690333425	0.339452690333425	0.804316231823724	0.804316231823724	0.804316231823724	0.804316231823723	0.804316231823724	0.804316231823723	0.804316231823723	0.804316231823723	0.804316231823724	0.804316231823724	0.804316231823724	-0.0200335740540858	-1.7251405402767	-0.355022910298574	-0.869275093073328	-1.00227018588316	-2.24043130487455	-1.15571538597069	-1.18906146200969	0.201843125245874	-1.77163759687855	-1.15571538597069	0.0294553450610498	0.0294553450610498	0.0294553450610498	0.0294553450610498	0.0294553450610498	0.0294553450610498	0.0294553450610498	0.0294553450610498	0.0294553450610498	0.0294553450610499	0.0294553450610498	0.304082647521015	0.10419970593696	0.384494831526707	1.09240774975857	-0.611269634990584	-0.0783440953501412	0.304082647521015	0.647807091880684	0.531087993153522	0.599789735817066	-0.180197071599817	-0.214479489625794	0.976383271670108	-0.496750308536561	0.642791621900734	1.16212474077939	1.15382525301101	0.916092553019909	1.09821163448963	2.03538104561062	1.09073880461279	1.88476681418452	-0.321200518520305	-0.321200518520305	-0.321200518520305	-0.321200518520305	-0.321200518520305	-0.321200518520305	-0.321200518520305	-0.321200518520305	-0.321200518520305	-0.321200518520305	-0.321200518520305	-0.321200518520305	-0.321200518520305
1.75673804181691	0.0593736472464214	1.23088578736289	1.62097022053113	0.0352508855192328	0.0811969048366709	0.127129032126038	0.183820958472511	0.615348430520924	-0.367606378941604	-0.819052728455491	0.900892540772514	0.900892540772514	0.900892540772514	0.900892540772514	0.900892540772514	0.900892540772514	0.900892540772514	0.900892540772514	0.900892540772514	0.900892540772514	0.900892540772514	1.85979386583193	1.85979386583193	1.85979386583193	1.85979386583193	1.85979386583193	1.85979386583193	1.85979386583193	1.85979386583193	1.85979386583193	1.85979386583193	1.85979386583193	0.0763799348401478	0.591146128509172	0.424735579443336	0.0227372266037086	-1.43188908838803	0.30894040168428	-1.14265211209513	0.167388509133009	0.212594665071093	-0.381196449638703	-1.14265211209513	-1.40820454920477	-1.40820454920477	-1.40820454920477	-1.40820454920477	-1.40820454920477	-1.40820454920477	-1.40820454920477	-1.40820454920477	-1.40820454920477	-1.40820454920477	-1.40820454920477	0.937758696857214	1.56047681652402	1.23000052711083	1.92584735030804	1.39214300158624	0.398747255181935	0.937758696857214	0.91349704876706	1.06317987266664	0.53894789785822	0.239386549594257	-1.61169906317481	-0.791840552634591	-2.46926792385802	-2.39091061545102	-0.700240505275693	-0.372512849746421	-1.68917564391904	-0.36199375936749	-0.27909884227913	-0.465398272497822	-0.30482834184777	-0.16970755265949	-0.16970755265949	-0.16970755265949	-0.16970755265949	-0.16970755265949	-0.16970755265949	-0.16970755265949	-0.16970755265949	-0.16970755265949	-0.16970755265949	-0.16970755265949	-0.16970755265949	-0.16970755265949
-2.07284941912867	0.280668661762777	-0.868964644516273	-1.66295435935559	0.30006211141507	-1.02787929674271	-0.390216382419121	-1.24257277302998	0.843514830134224	0.668082721300505	-0.433237276952978	0.844073496599221	0.844073496599221	0.844073496599221	0.844073496599221	0.844073496599221	0.844073496599221	0.844073496599221	0.844073496599221	0.844073496599221	0.844073496599221	0.844073496599221	0.638821675300914	0.638821675300914	0.638821675300914	0.638821675300914	0.638821675300914	0.638821675300914	0.638821675300914	0.638821675300914	0.638821675300914	0.638821675300914	0.638821675300914	-0.384263725591717	0.232081001115182	0.194982085523941	0.91998714294953	0.488194135218049	0.296961994962901	0.219199978798806	0.625112566918901	0.190582377219714	0.0752868996801055	0.219199978798806	1.69616912778731	1.69616912778731	1.69616912778731	1.69616912778731	1.69616912778731	1.69616912778731	1.69616912778731	1.69616912778731	1.69616912778731	1.69616912778731	1.69616912778731	0.170819003553238	-0.393738992108747	-0.450731782335299	0.455100469404327	-0.941823730707099	-0.503560023936674	0.170819003553238	-2.02100973026616	-0.376600866482316	-0.880837763455093	0.504531660948715	0.721334061219221	0.141209242849638	1.0961260946942	0.625941409481732	1.2326082625248	1.19993562841744	1.79878815706817	1.26923459212442	1.26470031504986	0.586806442097458	1.22736217035958	-0.213378817650177	-0.213378817650177	-0.213378817650177	-0.213378817650177	-0.213378817650177	-0.213378817650177	-0.213378817650177	-0.213378817650177	-0.213378817650177	-0.213378817650177	-0.213378817650177	-0.213378817650177	-0.213378817650177
-0.34915653334859	-1.11215972961249	-1.00748826454343	-1.30430783172455	-0.361823542126735	0.692622674579171	2.06105988695633	0.0372248948690834	1.63031377070829	1.08189144694668	0.489816946335289	-0.76483365873283	-0.76483365873283	-0.76483365873283	-0.76483365873283	-0.76483365873283	-0.76483365873283	-0.76483365873283	-0.76483365873283	-0.76483365873283	-0.76483365873283	-0.76483365873283	1.00985094771392	1.00985094771392	1.00985094771392	1.00985094771392	1.00985094771392	1.00985094771392	1.00985094771392	1.00985094771392	1.00985094771392	1.00985094771392	1.00985094771392	-0.580130670572601	-0.665255277662079	0.359835725160692	-1.13633229743721	-0.715595912463724	0.346299679968413	-1.02639405996038	-1.19879999302483	-0.45260303216515	-0.516560008808029	-1.02639405996038	-0.0434053389705768	-0.0434053389705768	-0.0434053389705768	-0.0434053389705768	-0.0434053389705768	-0.0434053389705768	-0.0434053389705768	-0.0434053389705768	-0.0434053389705768	-0.0434053389705767	-0.0434053389705768	-1.58032679065916	-0.087517995974096	-0.71177524604593	0.108158669824708	-0.890088729865472	-1.60179087967159	-1.58032679065916	-1.32402849102927	0.0714551205814045	-1.46817956861021	-2.17248370848089	-0.162085683212686	0.298958743780232	0.242573122501114	-0.272070800463618	-0.596018178911192	-0.85937645143339	-1.07534118914889	-0.703556439777413	-0.197522759258396	-0.313305096179226	0.11988680842815	-1.11336159026256	-1.11336159026256	-1.11336159026256	-1.11336159026256	-1.11336159026256	-1.11336159026256	-1.11336159026256	-1.11336159026256	-1.11336159026256	-1.11336159026256	-1.11336159026256	-1.11336159026256	-1.11336159026256
-1.46366813527801	-1.09724437293284	-0.226793269776941	0.00150014076890882	-1.70124336837375	-2.49457131663296	-1.22095587273224	-0.323425720747834	1.07641158004601	0.170757442632507	-1.09088340370072	-0.0643932006362223	-0.0643932006362223	-0.0643932006362223	-0.0643932006362223	-0.0643932006362223	-0.0643932006362223	-0.0643932006362223	-0.0643932006362223	-0.0643932006362223	-0.0643932006362223	-0.0643932006362223	-0.839539845610352	-0.839539845610352	-0.839539845610352	-0.839539845610351	-0.839539845610352	-0.839539845610351	-0.839539845610351	-0.839539845610351	-0.839539845610352	-0.839539845610352	-0.839539845610352	2.43468641812548	1.12045222325148	0.567685477445468	0.392005531869464	1.40546006062789	0.443321306279554	1.78391361724638	0.314966128647368	0.88118278099894	1.02236394061535	1.78391361724638	-2.17557934322855	-2.17557934322855	-2.17557934322855	-2.17557934322855	-2.17557934322855	-2.17557934322855	-2.17557934322855	-2.17557934322855	-2.17557934322855	-2.17557934322855	-2.17557934322855	-1.49132165260932	-1.79551565174513	-2.21293915855893	-0.896606993055861	-2.94708246369973	-2.32013884257671	-1.49132165260932	-1.25625381187975	-2.5452314303537	-1.672928899633	-1.5229800187144	-1.86051997051418	0.289118831035615	-1.08130981534011	-0.443954297615003	0.0564994837545042	-0.84875886095832	-0.910274161815567	-1.09998536772972	-0.973882665158098	-0.213632357987004	-0.45043268858669	0.224905128009483	0.224905128009483	0.224905128009483	0.224905128009483	0.224905128009483	0.224905128009483	0.224905128009483	0.224905128009483	0.224905128009483	0.224905128009483	0.224905128009483	0.224905128009483	0.224905128009483
-0.899437151584431	0.0360173123561695	0.563909466404567	-1.14130721365186	0.918422259897083	-1.38480339753301	-2.18279253724122	-1.55891576198969	-0.8508843372762	-2.23721373080048	-1.82276851705235	1.53309405053339	1.53309405053339	1.53309405053339	1.53309405053339	1.53309405053339	1.53309405053339	1.53309405053339	1.53309405053339	1.53309405053339	1.53309405053339	1.53309405053339	-0.504502350256832	-0.504502350256832	-0.504502350256832	-0.504502350256832	-0.504502350256832	-0.504502350256832	-0.504502350256832	-0.504502350256832	-0.504502350256832	-0.504502350256832	-0.504502350256832	-0.559418559711732	-0.367526775601996	0.817197142905839	-0.106031584826261	0.328894082119025	0.407455195654883	0.418582760650138	0.422504657513851	0.192077132297024	0.32397810628306	0.418582760650138	1.13642896479917	1.13642896479917	1.13642896479917	1.13642896479917	1.13642896479917	1.13642896479917	1.13642896479917	1.13642896479917	1.13642896479917	1.13642896479917	1.13642896479917	-0.321016397318029	0.424408711680973	0.109455395219513	-0.264976390462265	0.382598777466471	0.300178527696601	-0.32101639731803	-0.290711641362601	0.0557142345222559	-0.43891654458882	-0.227550938074712	-0.740174932184743	0.754557394398727	1.75755297822641	1.40193522612659	-1.31893413983702	-0.612637874671678	-0.665723114734404	-2.15733361341891	0.282351345117356	-2.17530680996639	-0.998435170228236	1.2158163433618	1.2158163433618	1.2158163433618	1.2158163433618	1.2158163433618	1.2158163433618	1.2158163433618	1.2158163433618	1.2158163433618	1.2158163433618	1.2158163433618	1.2158163433618	1.2158163433618
0.997319450239908	-0.45705258125224	1.36896786544457	1.1080843607438	0.0779971890397503	0.564612626783956	1.11095331143753	0.715912102481523	-0.525519781375759	-0.294545325726378	0.577188137710876	1.17897959586423	1.17897959586423	1.17897959586423	1.17897959586423	1.17897959586423	1.17897959586423	1.17897959586423	1.17897959586423	1.17897959586423	1.17897959586423	1.17897959586423	0.970923103448202	0.970923103448202	0.970923103448202	0.970923103448202	0.970923103448202	0.970923103448202	0.970923103448202	0.970923103448202	0.970923103448202	0.970923103448202	0.970923103448202	0.35054486974817	0.995466495857743	-0.41556245340127	0.250743303317563	1.25016026393451	1.43823611777601	1.89314370078735	1.63902974238288	-0.158262051670332	1.95120422129808	1.89314370078735	0.68063138278583	0.68063138278583	0.68063138278583	0.68063138278583	0.68063138278583	0.68063138278583	0.68063138278583	0.68063138278583	0.68063138278583	0.68063138278583	0.68063138278583	-3.35605347999763	-2.93189484805631	-3.13117635392106	-2.17335179038489	-2.48642560493041	-3.13722209375881	-3.35605347999763	-2.57862711351604	-2.32869309838423	-2.96754564515508	-3.18805069698184	-0.321179921214569	1.50326108297101	0.942283529774114	1.24303606809484	0.715767615883343	1.36169281445438	0.988139596049803	0.489891146870955	0.657409927392912	0.118043983605923	1.62006659095512	-0.933447746934361	-0.933447746934361	-0.933447746934361	-0.933447746934361	-0.933447746934361	-0.933447746934361	-0.933447746934361	-0.933447746934361	-0.933447746934361	-0.933447746934361	-0.933447746934361	-0.933447746934361	-0.933447746934361
1.12248713229536	0.416753053371973	0.150512022291867	0.81809358549169	1.33172380708091	-0.419121931813574	-0.928732440136792	-0.199976162315054	-0.6678646307082	-1.41120264271739	-0.306204393468765	0.111572741275319	0.111572741275319	0.111572741275319	0.111572741275319	0.111572741275319	0.111572741275319	0.111572741275319	0.111572741275319	0.111572741275319	0.111572741275319	0.111572741275319	1.30750769952488	1.30750769952488	1.30750769952488	1.30750769952488	1.30750769952488	1.30750769952488	1.30750769952488	1.30750769952488	1.30750769952488	1.30750769952488	1.30750769952488	2.34482210571164	1.32615846595324	2.024629059588	0.497283660799092	0.943932280558794	1.55940946162027	1.4414776359925	1.60378808556182	2.10854705342347	1.83941510621097	1.4414776359925	0.463842749635328	0.463842749635328	0.463842749635328	0.463842749635328	0.463842749635328	0.463842749635328	0.463842749635328	0.463842749635328	0.463842749635328	0.463842749635328	0.463842749635328	0.649881073650642	0.592722632629642	0.690542647279693	0.570048929391585	1.06640097441576	1.14349893102039	0.649881073650642	0.872947667235642	0.347741435357689	0.623093943961515	0.886367639153083	0.885077364029027	-1.46682492376497	-1.20970823834496	-1.34251058000986	-1.10238598885386	-0.627176502424435	-0.153008052073245	1.03142054491488	-0.763980091990669	1.97752568999399	0.749709169680872	0.0782254215992783	0.0782254215992783	0.0782254215992783	0.0782254215992783	0.0782254215992783	0.0782254215992783	0.0782254215992783	0.0782254215992783	0.0782254215992783	0.0782254215992784	0.0782254215992783	0.0782254215992783	0.0782254215992783
0.755462064755454	0.495108136600877	2.0259866137454	1.54701761129944	1.73979615417912	0.598707820696355	0.0627238141486269	-1.39557077486782	0.125557590993369	-0.00701987407368616	-0.170150727727376	-0.812804035671824	-0.812804035671824	-0.812804035671824	-0.812804035671824	-0.812804035671824	-0.812804035671824	-0.812804035671824	-0.812804035671824	-0.812804035671824	-0.812804035671824	-0.812804035671824	0.284281904806418	0.284281904806418	0.284281904806418	0.284281904806418	0.284281904806418	0.284281904806418	0.284281904806418	0.284281904806418	0.284281904806418	0.284281904806418	0.284281904806418	-2.29574228276751	0.0131225827432483	-2.17281018974022	0.342352659365593	-0.306333793245727	0.483179326752104	-0.64612498458377	-1.1531780614718	-3.04431391019362	-0.46013174104413	-0.646124984583769	0.349505381879101	0.349505381879101	0.349505381879101	0.349505381879101	0.349505381879101	0.349505381879101	0.349505381879101	0.349505381879101	0.349505381879101	0.349505381879101	0.349505381879101	-1.57364755822822	-0.746048855969825	-0.788632105835723	-0.90081272996126	0.124200845916478	-1.77092165002005	-1.57364755822822	-0.696337748329049	-0.185782817511738	-1.27344071991528	-1.98318959755178	-1.22561668229067	-1.87486598153234	-1.70287811314333	-3.29090787921599	-0.814279795823819	-1.42590545867115	-0.710253941152816	-0.182547082994619	-1.82033980595121	-1.88163191257668	-1.44913759603383	1.11098385081194	1.11098385081194	1.11098385081194	1.11098385081194	1.11098385081194	1.11098385081194	1.11098385081194	1.11098385081194	1.11098385081194	1.11098385081194	1.11098385081194	1.11098385081194	1.11098385081194
1.58685016149367	1.20546251056691	1.87024075138646	-0.0233062575755559	1.18740095212273	0.790130249765051	-0.0479282031573137	-0.37470059525408	0.720549464402839	0.579234326964372	-1.29735653657136	0.0517051505974573	0.0517051505974573	0.0517051505974573	0.0517051505974573	0.0517051505974573	0.0517051505974573	0.0517051505974573	0.0517051505974573	0.0517051505974573	0.0517051505974574	0.0517051505974573	0.123733493238915	0.123733493238915	0.123733493238915	0.123733493238915	0.123733493238915	0.123733493238915	0.123733493238915	0.123733493238915	0.123733493238915	0.123733493238915	0.123733493238915	0.817368296201587	0.438348601248735	-1.01226246329326	2.06762454236102	0.315113755089193	-0.645492048942643	0.747280242160042	0.499348158669947	-0.382384357098344	-0.639052258175632	0.747280242160044	0.729771192209794	0.729771192209794	0.729771192209794	0.729771192209794	0.729771192209794	0.729771192209794	0.729771192209794	0.729771192209794	0.729771192209794	0.729771192209794	0.729771192209794	0.491102859402748	1.25219815141469	0.478608443570312	1.53446209328105	-0.0739625426209325	-0.54730228720711	0.491102859402749	-0.110233474219553	0.740582567263989	0.566101235278519	-0.228787372039037	-0.182491986419448	0.0389317727576083	-0.845261932704284	-1.18576982338023	-0.757465636860999	-2.35708496961937	-1.6455574401528	-1.32254881322303	-1.9553849235026	-1.11674200567107	-1.86653412502088	-0.963854800157345	-0.963854800157345	-0.963854800157345	-0.963854800157345	-0.963854800157345	-0.963854800157345	-0.963854800157345	-0.963854800157345	-0.963854800157345	-0.963854800157345	-0.963854800157345	-0.963854800157345	-0.963854800157345
-1.14419017275521	0.577715475937873	-0.495038804134696	-0.460632634734493	0.989674276424669	0.598658976563612	0.0242639478068698	-1.15431685367632	-0.671226739234651	-0.595850880354427	0.257842160205917	1.0490005110965	1.0490005110965	1.0490005110965	1.0490005110965	1.0490005110965	1.0490005110965	1.0490005110965	1.0490005110965	1.0490005110965	1.0490005110965	1.0490005110965	0.820047269512109	0.820047269512109	0.820047269512109	0.820047269512109	0.820047269512109	0.820047269512109	0.820047269512109	0.820047269512109	0.820047269512109	0.820047269512109	0.820047269512109	2.16308776052105	1.48746815328488	1.03672025923391	0.760960330147896	1.57994060476106	1.76188936314442	2.07972326158156	1.01729995196921	1.22968079683567	1.57656409346951	2.07972326158156	1.2555822163383	1.2555822163383	1.2555822163383	1.2555822163383	1.2555822163383	1.2555822163383	1.2555822163383	1.2555822163383	1.2555822163383	1.2555822163383	1.2555822163383	-0.518974346396351	-0.211666243687709	-0.469368335822532	-0.124565595765203	0.112128364888523	-0.231233993574888	-0.518974346396351	0.402649034333117	-0.624871080134565	-0.314116960238858	-0.950930612712383	0.0952835361054812	0.681374086731835	-0.324360523408986	0.529549856921636	0.106331092521215	0.693256590610963	-0.0903161984725964	-0.230409933769619	0.0427045975206433	-0.297827632548577	0.525928837533392	-0.00307852233003924	-0.00307852233003924	-0.00307852233003924	-0.00307852233003924	-0.00307852233003924	-0.00307852233003924	-0.00307852233003924	-0.00307852233003924	-0.00307852233003924	-0.00307852233003919	-0.00307852233003924	-0.00307852233003924	-0.00307852233003924
0.922823579153463	-1.48729329532848	0.282810348159078	0.00814891284828601	-1.36629036478931	-0.322071277789552	-0.812720161644546	0.0718953612338261	0.147052235235033	0.372983197578255	-0.47648947894316	-1.94685011787897	-1.94685011787897	-1.94685011787897	-1.94685011787897	-1.94685011787897	-1.94685011787897	-1.94685011787897	-1.94685011787897	-1.94685011787897	-1.94685011787897	-1.94685011787897	0.165929483860364	0.165929483860364	0.165929483860364	0.165929483860364	0.165929483860364	0.165929483860364	0.165929483860364	0.165929483860364	0.165929483860364	0.165929483860364	0.165929483860364	-1.53185857430809	-1.33215613906801	-1.22678191398869	-1.03859238450233	-1.14168119601878	-0.977232025961148	-0.634672635917786	-0.452796784296286	-1.59191548258634	-0.999272402373939	-0.634672635917785	-0.338769003202028	-0.338769003202028	-0.338769003202028	-0.338769003202028	-0.338769003202028	-0.338769003202028	-0.338769003202028	-0.338769003202028	-0.338769003202028	-0.338769003202028	-0.338769003202028	0.267755885885024	0.0230747970900205	0.574551658525799	-0.664879599790227	0.54152025511829	0.524564789191769	0.267755885885024	0.788078008671363	0.643949989683901	0.634526338537075	0.332168377125498	-0.0634911995525197	-1.05205025934286	-0.270970921485751	-1.35264084856029	-0.583517657021624	0.114703167743975	0.132079997702279	1.00344770082287	0.00404840420154017	1.66524919765588	0.40706657948342	1.37211907890982	1.37211907890982	1.37211907890982	1.37211907890982	1.37211907890982	1.37211907890982	1.37211907890982	1.37211907890982	1.37211907890982	1.37211907890982	1.37211907890982	1.37211907890982	1.37211907890982
-0.231803742239538	0.140207982432673	-0.294075020082914	-0.715840094297597	0.0354184331432246	0.710111325938113	1.21400090444353	0.454670673809933	-0.468806070272318	0.0503600544103994	0.550902824079968	-1.19705105203995	-1.19705105203995	-1.19705105203995	-1.19705105203995	-1.19705105203995	-1.19705105203995	-1.19705105203995	-1.19705105203995	-1.19705105203995	-1.19705105203995	-1.19705105203995	1.71087521753647	1.71087521753647	1.71087521753647	1.71087521753647	1.71087521753647	1.71087521753647	1.71087521753647	1.71087521753647	1.71087521753647	1.71087521753647	1.71087521753647	0.511865608660351	-0.856370256286876	-0.0958418866972108	-0.773627755250469	-0.297751977501301	-0.92519758642237	-0.227755263515056	-0.927827957787939	-0.130721158199727	-0.881393265352374	-0.227755263515056	-0.704959274421295	-0.704959274421295	-0.704959274421295	-0.704959274421295	-0.704959274421295	-0.704959274421295	-0.704959274421295	-0.704959274421295	-0.704959274421295	-0.704959274421295	-0.704959274421295	1.54399788276008	0.300970953821054	1.23443806972047	-0.620874326956689	1.86592434065083	1.79227233096501	1.54399788276008	2.23187316845702	0.64422032125905	1.76206481674514	2.05952945915542	0.642010055619282	1.11973801507908	1.25634603714753	1.44991855335126	0.208292885333271	0.921688319236188	-1.09079597337946	-0.520043978221021	0.714568919999332	1.12167595108493	0.0725974418527185	-0.340744931769214	-0.340744931769214	-0.340744931769214	-0.340744931769214	-0.340744931769214	-0.340744931769214	-0.340744931769214	-0.340744931769214	-0.340744931769214	-0.340744931769214	-0.340744931769214	-0.340744931769214	-0.340744931769214
1.30295112451616	0.770835274831086	0.713203008748106	0.642821111341442	0.255804312941511	0.0867436831348219	0.446728055036231	0.754257148514551	1.31388585984281	0.498922088254137	-0.594920193337196	1.77597804083734	1.77597804083734	1.77597804083734	1.77597804083734	1.77597804083734	1.77597804083734	1.77597804083734	1.77597804083734	1.77597804083734	1.77597804083734	1.77597804083734	0.910668959008088	0.910668959008088	0.910668959008088	0.910668959008088	0.910668959008088	0.910668959008088	0.910668959008088	0.910668959008088	0.910668959008088	0.910668959008088	0.910668959008088	0.893150037784995	0.920794858699012	-0.273598804700977	0.53606887838879	0.374132508359518	0.262541464922716	0.849607511454623	0.23044688718136	-0.942878847643758	-0.0387464595976728	0.849607511454626	-1.17945409619629	-1.17945409619629	-1.17945409619629	-1.17945409619629	-1.17945409619629	-1.17945409619629	-1.17945409619629	-1.17945409619629	-1.17945409619629	-1.17945409619629	-1.17945409619629	-0.489633529828303	-0.46168304441734	-0.286605121830748	-0.486236635877288	-0.412340382570931	-0.501186351557733	-0.489633529828303	-0.349936142377248	-0.309788777759402	-0.534916447938417	-0.398007926402885	1.858771456123	0.273196826641481	0.112014267778117	0.0424804145315889	1.98189667308352	0.166994252874093	2.12502656597079	2.35666786285121	0.486953230433641	0.81264311707451	0.835249698881816	-0.113919633371759	-0.113919633371759	-0.113919633371759	-0.113919633371759	-0.113919633371759	-0.113919633371759	-0.113919633371759	-0.113919633371759	-0.113919633371759	-0.113919633371759	-0.113919633371759	-0.113919633371759	-0.113919633371759
0.279151358841344	-0.208250065507511	-0.13859342273753	0.120332861341171	-0.817925980041473	0.481128224134351	-0.585636079620008	0.443939180647092	-1.73859461801623	-1.03919842489031	0.128889551989017	0.0555530066895553	0.0555530066895553	0.0555530066895553	0.0555530066895553	0.0555530066895553	0.0555530066895553	0.0555530066895553	0.0555530066895553	0.0555530066895553	0.0555530066895553	0.0555530066895553	-0.368851153190182	-0.368851153190182	-0.368851153190182	-0.368851153190182	-0.368851153190182	-0.368851153190182	-0.368851153190182	-0.368851153190182	-0.368851153190182	-0.368851153190182	-0.368851153190182	0.297759851064107	-0.124644617820545	2.40053302878157	0.507774987994196	0.258441614577399	1.57698205194015	0.528959884506649	-0.884468303313335	1.65063388969903	1.23137394075338	0.528959884506646	1.43565111830898	1.43565111830898	1.43565111830898	1.43565111830898	1.43565111830898	1.43565111830898	1.43565111830898	1.43565111830898	1.43565111830898	1.43565111830898	1.43565111830898	1.00875922489658	0.833910396363931	0.669592594118148	1.49598863991685	0.383674521043437	0.513574178514455	1.00875922489658	0.540340603050071	0.901273435972266	1.04708489296542	0.736487233581731	1.19763892902835	-2.33712984958313	0.584630798419687	-0.867494363886307	-1.80681520198001	-0.154329616781327	-0.548315343109764	-0.0660791940571405	0.255149337687312	0.414572204107973	-1.36503140154761	-0.355557955276319	-0.355557955276319	-0.355557955276319	-0.355557955276319	-0.355557955276319	-0.355557955276319	-0.355557955276319	-0.355557955276319	-0.355557955276319	-0.355557955276319	-0.355557955276319	-0.355557955276319	-0.355557955276319
-0.298994642412492	0.628961432024819	2.56928428277585	1.80078083301692	0.951254074935063	0.903169053215641	1.13153951041151	2.06124175443268	-0.317395462241732	-0.179301091638314	1.46386571890502	-0.0180238010465603	-0.0180238010465603	-0.0180238010465603	-0.0180238010465603	-0.0180238010465603	-0.0180238010465603	-0.0180238010465603	-0.0180238010465603	-0.0180238010465603	-0.0180238010465603	-0.0180238010465603	0.915316561789244	0.915316561789244	0.915316561789244	0.915316561789244	0.915316561789244	0.915316561789244	0.915316561789244	0.915316561789244	0.915316561789244	0.915316561789244	0.915316561789244	-1.51009987729368	-2.28735587927364	-0.193627644048334	-1.0796799647488	-1.21560070820666	-1.2811656395587	-0.283959094084852	-1.58247847252216	-0.715624877568885	-0.919441420670744	-0.283959094084852	0.453002640722727	0.453002640722727	0.453002640722727	0.453002640722727	0.453002640722727	0.453002640722727	0.453002640722727	0.453002640722727	0.453002640722727	0.453002640722727	0.453002640722727	1.4317817272745	0.969038046433089	1.33900556418644	1.00959508344517	1.65310968292203	0.26990376554492	1.4317817272745	2.20094843448381	0.875816980921132	1.89485014974313	1.25420670567381	-0.38003474862387	1.73427524187144	-0.954313598030056	0.879479987454574	0.551713799585602	-0.941542558846966	-1.79695572253002	-1.22739680884919	-1.44158358163151	-0.220289651524958	0.235569373370497	1.89621854998649	1.89621854998649	1.89621854998649	1.89621854998649	1.89621854998649	1.89621854998649	1.89621854998649	1.89621854998649	1.89621854998649	1.89621854998649	1.89621854998649	1.89621854998649	1.89621854998649
1.1353698537909	-0.455615286619653	-0.0193197854328519	0.716104108366277	0.0300534165364696	0.282269219173988	0.664264457159522	0.0451702990667462	0.815686360887481	1.24349719639104	0.576538145563542	0.293944815893527	0.293944815893527	0.293944815893527	0.293944815893527	0.293944815893527	0.293944815893527	0.293944815893527	0.293944815893527	0.293944815893527	0.293944815893527	0.293944815893527	-1.30254662331644	-1.30254662331644	-1.30254662331644	-1.30254662331644	-1.30254662331644	-1.30254662331644	-1.30254662331644	-1.30254662331644	-1.30254662331644	-1.30254662331644	-1.30254662331644	1.26103243273127	2.59761927912172	0.475170522484114	1.86544943913792	1.01724375023851	1.91477020598459	1.0327236481061	0.830164676471388	0.394302542220675	0.967671790685209	1.0327236481061	-0.414517804274704	-0.414517804274704	-0.414517804274704	-0.414517804274704	-0.414517804274704	-0.414517804274704	-0.414517804274704	-0.414517804274704	-0.414517804274704	-0.414517804274704	-0.414517804274704	-0.09800786805886	-0.392801584466802	-0.490755622454795	-0.511823932105769	1.00967652741979	-0.586620212975558	-0.0980078680588593	0.390809913487907	-0.742289508495373	0.0597901135584225	-0.542548987136918	0.214254945116603	-0.5539570483362	-0.0134914550623725	0.244390767313866	-0.584484706820113	-0.449829842667354	-0.95794066466019	-1.36248554561922	0.165466476168979	-0.704956674294781	-1.90427055037892	-1.11394806691587	-1.11394806691587	-1.11394806691587	-1.11394806691587	-1.11394806691587	-1.11394806691587	-1.11394806691587	-1.11394806691587	-1.11394806691587	-1.11394806691587	-1.11394806691587	-1.11394806691587	-1.11394806691587
-0.416685912394802	-0.343592204329934	0.569198962536915	0.277686014980445	-0.836017194114045	-0.890934912792613	-0.371797763062231	-1.10684523470498	0.14791011693284	0.362308566552161	-0.755352301415462	0.751159101666597	0.751159101666597	0.751159101666597	0.751159101666597	0.751159101666597	0.751159101666597	0.751159101666597	0.751159101666597	0.751159101666597	0.751159101666597	0.751159101666597	1.03294091436807	1.03294091436807	1.03294091436807	1.03294091436807	1.03294091436807	1.03294091436807	1.03294091436807	1.03294091436807	1.03294091436807	1.03294091436807	1.03294091436807	1.05892706071836	0.490750345250465	-0.453804150297281	0.144446522215797	0.691961245613133	-0.424809563879871	0.315703784650408	0.315515514089853	0.400162934299875	0.209375734695553	0.315703784650408	0.713955982739759	0.713955982739759	0.713955982739759	0.713955982739759	0.713955982739759	0.713955982739759	0.713955982739759	0.713955982739759	0.713955982739759	0.713955982739759	0.713955982739759	-0.520940967621654	-1.35855717657421	-1.10388855915997	-1.18447016778672	-0.716329972434826	-0.627100290584919	-0.520940967621654	-0.450370466233223	-1.60781179250967	-0.705739231006209	-0.0154405466166604	0.22252047739395	-0.0946253205357401	0.0232747146224889	-0.580714049278015	0.467829238315225	0.606939458169862	1.01754652143035	1.4889963125418	0.368327869593443	0.382031193965455	0.753142247825873	1.06874620139983	1.06874620139983	1.06874620139983	1.06874620139983	1.06874620139983	1.06874620139983	1.06874620139983	1.06874620139983	1.06874620139983	1.06874620139983	1.06874620139983	1.06874620139983	1.06874620139983
-0.335564751006222	-0.969209804297484	-1.7911834153032	-0.356714672355411	-0.394720302402199	-0.778034129703631	0.198259670588385	-1.13654590133604	-0.261320861302028	-1.07789602138255	-0.203992904490483	0.430258951633541	0.430258951633541	0.430258951633541	0.430258951633541	0.430258951633541	0.430258951633541	0.430258951633541	0.430258951633541	0.430258951633541	0.430258951633541	0.430258951633541	-0.594993766292086	-0.594993766292086	-0.594993766292086	-0.594993766292086	-0.594993766292086	-0.594993766292086	-0.594993766292086	-0.594993766292086	-0.594993766292086	-0.594993766292086	-0.594993766292086	-0.50833915454426	0.0690760588027754	0.0827540473625445	0.154796377931395	0.181392968459113	0.101903625955518	0.0245747167625776	-0.647514723250497	-0.329536738169528	0.0878509051487157	0.0245747167625777	-0.796966817000752	-0.796966817000752	-0.796966817000752	-0.796966817000752	-0.796966817000752	-0.796966817000752	-0.796966817000752	-0.796966817000752	-0.796966817000752	-0.796966817000752	-0.796966817000752	0.235400565712397	1.2339269462058	0.48274064562867	1.40900544323327	-0.206358120024705	0.10541204606831	0.235400565712396	-0.246271320028334	0.897826683774539	-0.427294956107471	0.422210605877385	-1.64708320593638	-2.9938502501245	-1.0275400480275	-2.82787394164188	-1.93087240404993	-0.544729497023247	0.118503014940131	0.0713809080738141	-0.427060306236033	-0.704050709362037	-1.37353603130202	-1.02503437260298	-1.02503437260298	-1.02503437260298	-1.02503437260298	-1.02503437260298	-1.02503437260298	-1.02503437260298	-1.02503437260298	-1.02503437260298	-1.02503437260298	-1.02503437260298	-1.02503437260298	-1.02503437260298
1.35544800334184	-0.401471572742777	1.70213760496331	2.02695401928362	-1.4758065054573	-1.73433848755893	-0.980266468080626	1.30649639334539	0.0317469352256519	-0.150790972061618	-0.676773235629198	-0.00466602477727337	-0.00466602477727337	-0.00466602477727337	-0.00466602477727337	-0.00466602477727337	-0.00466602477727337	-0.00466602477727337	-0.00466602477727337	-0.00466602477727337	-0.00466602477727337	-0.00466602477727337	1.03021474534529	1.03021474534529	1.03021474534529	1.03021474534529	1.03021474534529	1.03021474534529	1.03021474534529	1.03021474534529	1.03021474534529	1.03021474534529	1.03021474534529	1.82166369955605	1.61644265702669	0.212898040226713	0.256400765624275	0.969086182364217	0.0697015349102394	0.0640663662881604	0.513998979777781	0.845440764207905	0.678677212160093	0.06406636628816	-0.421374397040062	-0.421374397040062	-0.421374397040062	-0.421374397040062	-0.421374397040062	-0.421374397040062	-0.421374397040062	-0.421374397040062	-0.421374397040062	-0.421374397040062	-0.421374397040062	-0.654721783764242	-0.677673372878662	-1.10431888335595	0.241020774105921	-1.10898664834007	-1.97542803383754	-0.654721783764241	-0.584826374511983	-0.178518734766606	-0.763550057404522	-0.793909935488015	0.0172536259239645	0.73578269887903	-0.70018258036935	0.250038187608088	1.58618797215081	-0.356199337766168	0.418627597715331	0.123597965111723	-0.990786805672419	-0.135812047860571	-0.710993191998462	0.314637949812886	0.314637949812886	0.314637949812886	0.314637949812886	0.314637949812886	0.314637949812886	0.314637949812886	0.314637949812886	0.314637949812886	0.314637949812886	0.314637949812886	0.314637949812886	0.314637949812886
1.1110632341715	0.859133062181701	0.842810151314304	1.53763425731553	0.378650477103711	1.24827703323952	0.598913274568386	1.06869009878941	-0.884669431682575	0.354354923629448	1.08793527615624	2.22519135685558	2.22519135685558	2.22519135685558	2.22519135685558	2.22519135685558	2.22519135685558	2.22519135685558	2.22519135685558	2.22519135685558	2.22519135685558	2.22519135685558	-1.2192257081584	-1.2192257081584	-1.2192257081584	-1.2192257081584	-1.2192257081584	-1.2192257081584	-1.2192257081584	-1.2192257081584	-1.2192257081584	-1.2192257081584	-1.2192257081584	0.208082312125909	0.0876768114594416	0.471018465625342	-1.17876093319361	-1.16156962881046	0.0575860402680013	-1.26760192283379	0.0227423616050745	0.021645058535173	-0.277311682715559	-1.26760192283379	0.0940454481793598	0.0940454481793598	0.0940454481793598	0.0940454481793598	0.0940454481793598	0.0940454481793598	0.0940454481793598	0.0940454481793598	0.0940454481793598	0.0940454481793599	0.0940454481793598	-0.602573573994397	-0.897979537190801	-0.985644333956406	-0.337169162983744	-1.33707192139968	-1.05421115548355	-0.602573573994397	-1.71808172690546	-1.42273555104391	-0.959401037034373	-0.920453502160471	0.96564780147542	-0.331786773881613	2.55553827523802	2.03229696588375	-1.08293213528871	0.596901345121576	0.241303821790221	-1.66592156910062	0.439417111510904	-1.31453367692026	-1.66199084074859	-0.444646118631162	-0.444646118631162	-0.444646118631162	-0.444646118631162	-0.444646118631162	-0.444646118631162	-0.444646118631162	-0.444646118631162	-0.444646118631162	-0.444646118631161	-0.444646118631162	-0.444646118631162	-0.444646118631162
-0.348845201317985	0.637975340058326	1.39594512645121	0.452284131850597	0.23302270972039	-0.409277185400716	0.517773227620968	0.319670729475885	1.31061550438719	0.461798936519197	-0.597502047832344	-1.64360824949397	-1.64360824949397	-1.64360824949397	-1.64360824949397	-1.64360824949397	-1.64360824949397	-1.64360824949397	-1.64360824949397	-1.64360824949397	-1.64360824949397	-1.64360824949397	-1.49832899284859	-1.49832899284859	-1.49832899284859	-1.49832899284859	-1.49832899284859	-1.49832899284859	-1.49832899284859	-1.49832899284859	-1.49832899284859	-1.49832899284859	-1.49832899284859	0.604785352569462	1.66956101594122	1.38687619860396	1.92384174856525	1.66680726111674	0.664224265250978	0.636489873045426	0.986350939821846	1.24390417849422	0.533873135906312	0.636489873045427	-0.418504117967117	-0.418504117967117	-0.418504117967117	-0.418504117967117	-0.418504117967117	-0.418504117967117	-0.418504117967117	-0.418504117967117	-0.418504117967117	-0.418504117967117	-0.418504117967117	-0.352812320492247	0.822968304193902	0.822591199376972	0.283389169402086	0.0705272669456855	0.541146832434802	-0.352812320492247	-0.452337781370361	1.37395062852007	-0.138986797537266	0.116902799969155	0.249393640072668	1.37502947310675	0.161041939721434	0.411095132186183	1.6552597011694	1.48573283832375	0.817449894118939	1.4758347691426	0.946055105216765	0.962739711578965	2.00181353845476	0.277516939753473	0.277516939753473	0.277516939753473	0.277516939753473	0.277516939753473	0.277516939753473	0.277516939753473	0.277516939753473	0.277516939753473	0.277516939753473	0.277516939753473	0.277516939753473	0.277516939753473
1.9719581207528	-0.0673733400947216	-0.170371115935891	1.02375413389715	-1.32010058813205	-2.31917110373213	-2.14016980290613	-0.10026128435431	1.07220937723957	0.54275989412414	-1.98132077035297	1.4289913701146	1.4289913701146	1.4289913701146	1.4289913701146	1.4289913701146	1.4289913701146	1.4289913701146	1.4289913701146	1.4289913701146	1.4289913701146	1.4289913701146	0.452756935859637	0.452756935859637	0.452756935859637	0.452756935859637	0.452756935859637	0.452756935859637	0.452756935859637	0.452756935859637	0.452756935859637	0.452756935859637	0.452756935859637	-0.136361883039039	0.451608505436285	0.517110934150836	1.82749472543819	1.30115304942242	0.547453966468329	1.49841051069525	0.0598095242774914	0.501861525802899	0.742261413559138	1.49841051069525	0.542202633425914	0.542202633425914	0.542202633425914	0.542202633425914	0.542202633425914	0.542202633425914	0.542202633425914	0.542202633425914	0.542202633425914	0.542202633425914	0.542202633425914	1.09902683113185	0.760177414137684	0.791619989347702	0.553840081296742	1.07429630932077	0.177199947340038	1.09902683113185	1.02495509805459	0.4171232396459	0.591353265985607	1.0209816408801	1.01101221682046	1.88365062023603	-0.258277926888164	0.904899114849823	1.56582195745449	0.682116582632164	-0.0556754411843328	0.430562541102855	0.306685275224302	-0.233482466223342	0.382052888772411	-0.296508242324178	-0.296508242324178	-0.296508242324178	-0.296508242324178	-0.296508242324178	-0.296508242324178	-0.296508242324178	-0.296508242324178	-0.296508242324178	-0.296508242324178	-0.296508242324178	-0.296508242324178	-0.296508242324178
-0.386342138005014	-0.58776396946631	-0.114956875253838	0.28946885248738	-0.725516056162052	-0.569753023058365	-0.254590782284321	-1.37317617991182	0.988185593116733	1.0991063040863	-0.379513459963594	0.0642220256302577	0.0642220256302577	0.0642220256302577	0.0642220256302577	0.0642220256302577	0.0642220256302577	0.0642220256302577	0.0642220256302577	0.0642220256302577	0.0642220256302577	0.0642220256302577	-0.0345920085140773	-0.0345920085140773	-0.0345920085140773	-0.0345920085140772	-0.0345920085140773	-0.0345920085140772	-0.0345920085140772	-0.0345920085140772	-0.0345920085140773	-0.0345920085140774	-0.0345920085140773	0.523743150237796	-0.0825253854526974	0.908101791048717	-0.798239765244711	-0.699414582095042	-0.593871956973491	-1.18624403736563	0.490094199685372	0.987693155606667	-0.629283086481004	-1.18624403736563	-0.316502354341557	-0.316502354341557	-0.316502354341557	-0.316502354341557	-0.316502354341557	-0.316502354341557	-0.316502354341557	-0.316502354341557	-0.316502354341557	-0.316502354341557	-0.316502354341557	-1.12104037041793	-0.863078877821444	-1.32176261317165	-1.13452401139506	-1.89562557430014	0.108934428449736	-1.12104037041793	-0.157361117900708	-1.87616327017899	-0.367252105619598	-0.615507256910771	-0.909540768271614	0.0230744995623991	0.0924737670509407	0.254596329773677	-0.665774132207419	-0.363403498484809	-0.746824492755444	-1.26111477577109	0.0127368028532119	-0.252439559903633	-0.298480351582846	-0.335870330612643	-0.335870330612643	-0.335870330612643	-0.335870330612643	-0.335870330612643	-0.335870330612643	-0.335870330612643	-0.335870330612643	-0.335870330612643	-0.335870330612643	-0.335870330612643	-0.335870330612643	-0.335870330612643
-1.0843303114764	-0.161865678558116	-1.34097751605498	0.153694330607697	-0.879922487835438	-0.668380057110876	-0.618422983637529	0.970897966053703	-0.239739742732308	-0.165583146945205	0.801826237860327	-0.573837124278574	-0.573837124278574	-0.573837124278574	-0.573837124278574	-0.573837124278574	-0.573837124278574	-0.573837124278574	-0.573837124278574	-0.573837124278574	-0.573837124278574	-0.573837124278574	0.424892393761188	0.424892393761188	0.424892393761188	0.424892393761188	0.424892393761188	0.424892393761188	0.424892393761188	0.424892393761188	0.424892393761188	0.424892393761188	0.424892393761188	0.719306710538648	0.656497659465452	1.18761031376903	0.846013275874728	1.29166807802915	1.49202018708155	2.21951132589337	0.329956695655695	0.847879750576287	1.90249898532758	2.21951132589337	-0.568371461674539	-0.568371461674539	-0.568371461674539	-0.568371461674539	-0.568371461674539	-0.568371461674539	-0.568371461674539	-0.568371461674539	-0.568371461674539	-0.568371461674539	-0.568371461674539	1.23695356107131	0.587729250170147	0.692999046179087	0.680853839020641	0.993482272139371	1.44694153359496	1.23695356107131	0.260103717133435	0.573714279573432	0.46728911866477	1.43668624027125	1.30082051052805	1.57105139898068	2.26122455851238	1.88446741362584	1.07065321134624	1.60949375508217	0.951101895831208	0.928757515519321	1.16495835399598	0.400672629680828	0.617062473356064	0.705993961216502	0.705993961216502	0.705993961216502	0.705993961216502	0.705993961216502	0.705993961216502	0.705993961216502	0.705993961216502	0.705993961216502	0.705993961216502	0.705993961216502	0.705993961216502	0.705993961216502
1.19826383806826	0.159909307440934	0.47366996159339	0.6271624357549	0.474373474263357	1.05922612139368	1.16301891343405	1.49775009556776	0.975362637383983	1.30905159684847	1.13041611764787	2.07813639343318	2.07813639343318	2.07813639343318	2.07813639343318	2.07813639343318	2.07813639343318	2.07813639343318	2.07813639343318	2.07813639343318	2.07813639343318	2.07813639343318	-1.10730696061714	-1.10730696061714	-1.10730696061714	-1.10730696061714	-1.10730696061714	-1.10730696061714	-1.10730696061714	-1.10730696061714	-1.10730696061714	-1.10730696061714	-1.10730696061714	-0.757734531787309	-0.742840841788477	-1.97449756073263	-1.66495011974711	-1.02952703659051	-0.817519723958613	-1.1139804805465	-0.806901404238199	-2.19789676070689	-1.04658649774407	-1.1139804805465	1.34536136989426	1.34536136989426	1.34536136989426	1.34536136989426	1.34536136989426	1.34536136989426	1.34536136989426	1.34536136989426	1.34536136989426	1.34536136989426	1.34536136989426	-0.706247848502077	-0.0232128043021126	0.0803191665522254	-0.43589085537721	0.373131410528715	-0.434878327719664	-0.706247848502077	-0.212718114448048	0.148888537066703	-0.186589279408339	-0.652767073335263	0.664007279374392	2.2153948168177	2.6208676794308	2.60228257815658	0.821159939015767	1.60459033512846	0.826392885248265	0.276717293825733	1.25479586660046	0.356729790982447	1.59118553248323	1.38942248037761	1.38942248037761	1.38942248037761	1.38942248037761	1.38942248037761	1.38942248037761	1.38942248037761	1.38942248037761	1.38942248037761	1.38942248037761	1.38942248037761	1.38942248037761	1.38942248037761
1.27911123246086	-0.643023745458117	0.340345795470508	0.00112971502971675	0.265359272815696	-0.257770204134762	-0.187513617300462	-0.295755447744942	-1.51584944835871	-0.820240814470808	0.102479057838119	0.397264644700355	0.397264644700355	0.397264644700355	0.397264644700355	0.397264644700355	0.397264644700355	0.397264644700355	0.397264644700355	0.397264644700355	0.397264644700355	0.397264644700355	0.257778044869083	0.257778044869083	0.257778044869083	0.257778044869084	0.257778044869083	0.257778044869084	0.257778044869084	0.257778044869084	0.257778044869083	0.257778044869083	0.257778044869083	1.05409025671301	0.29285990325367	0.255600588766507	0.0486848279535189	0.468101469303848	0.0517795010138499	-0.147727126808063	0.274674506627093	0.59402159641459	-0.0387554227435111	-0.147727126808064	-0.144102159603886	-0.144102159603886	-0.144102159603886	-0.144102159603886	-0.144102159603886	-0.144102159603886	-0.144102159603886	-0.144102159603886	-0.144102159603886	-0.144102159603886	-0.144102159603886	-1.35875800098952	-1.32299235748055	-1.03154364204645	-2.63251422755263	-0.822440202517613	-0.204913456718525	-1.35875800098952	-0.726572727367136	-1.56998658557991	-0.862972144132062	-0.500391640853849	-2.00097486803339	0.564959090305197	-0.752300931127531	-0.544618447927513	-0.694006132798773	-1.84959382081693	-1.88203808926516	-1.84123469962877	-1.83110921792475	-1.63836068006449	-0.4846489549356	0.136258590491647	0.136258590491647	0.136258590491647	0.136258590491647	0.136258590491647	0.136258590491647	0.136258590491647	0.136258590491647	0.136258590491647	0.136258590491647	0.136258590491647	0.136258590491647	0.136258590491647
0.0448208614697643	-0.616471478716151	0.0768938896418199	0.0162067421871084	-0.785297464509975	-1.56342176251299	-1.43201678031057	0.543297814738325	-0.140150765104662	-1.67208327024391	-1.26054592467944	0.658289090758179	0.658289090758179	0.658289090758179	0.658289090758179	0.658289090758179	0.658289090758179	0.658289090758179	0.658289090758179	0.658289090758179	0.658289090758179	0.658289090758179	-0.904276373013081	-0.904276373013081	-0.904276373013081	-0.904276373013081	-0.904276373013081	-0.904276373013081	-0.904276373013081	-0.904276373013081	-0.904276373013081	-0.904276373013081	-0.904276373013081	-2.1992835803907	-0.384402706300365	-0.64888882543676	0.00521782182161014	0.278075228761434	1.28258017840603	0.286652686029064	-0.496984025788878	-1.72670183141731	0.859051484332556	0.286652686029064	-0.418294246231365	-0.418294246231365	-0.418294246231365	-0.418294246231365	-0.418294246231365	-0.418294246231365	-0.418294246231365	-0.418294246231365	-0.418294246231365	-0.418294246231365	-0.418294246231365	-1.03326174566219	-1.50804839349294	-1.32847994409702	-1.07818254457771	-0.926843554487784	-0.665689255673344	-1.03326174566219	-1.74858186497469	-1.4088134907197	-1.79668088271533	-0.239000735381675	-1.59028490750826	-0.279792507998719	-1.64590700390232	-1.63831969341731	-0.768645425211336	0.251373152683453	-0.62682067728156	0.136409988728599	0.0684816509836012	-0.122329732896079	0.810641937794216	-0.425836113387714	-0.425836113387714	-0.425836113387714	-0.425836113387714	-0.425836113387714	-0.425836113387714	-0.425836113387714	-0.425836113387714	-0.425836113387714	-0.425836113387714	-0.425836113387714	-0.425836113387714	-0.425836113387714
