-0.173208880889022	-0.79031960702978	0.572555718485081	1.27275206729071	0.542600218332566	0.385905679744212	0.838435453468657	0.496344280709062	-1.8374250020294	1.24309702814501	-0.146637471779288	1.51908986806935	0.922169540772584	-0.145650172442545	1.87646029080681	-0.266918687828924	0.474105908140431	0.366106532850748	1.80791186680157	1.53456768309614	0.794891645452063	-1.94041942048575	0.375008107375662	0.690639199108516	-0.316138360702085	0.547901513073391	-0.177876936170878	2.19096347053494	0.458582284917643	-0.189856971219855	0.601371129362044	-1.83832834657305	-0.0328778288915431	-0.381065839560904	-1.57487801993525	-1.06728526783236	0.662434116976826	0.513395195298091	-1.71018580025242	1.19606689429334	0.990289739773472	2.00244502788904	-0.316191441384297	-0.203167928818822	-0.42506157879572	1.97864338016057	1.89040986656486	1.43174391441711	0.175356819836087	-0.154259495214601	0.535620190219277	0.141286080382459	0.62762936642678	0.837847336565875	-0.390869451767911	-0.462400118970012	1.06077876067263	1.40441708912244	1.53385398398896	0.322356535623663	-0.328309575370889	-0.383880658327576	-0.277573938527887	0.739892373713913	1.31920887389996	0.942509581781136	-0.253234042061259	0.511152702395334	0.900431739303192	1.37732038319191	0.354385392494132	0.791685299205745	1.07613357949447	0.421086480164947	1.15049245749984	0.545584132586208	1.36483336026798	1.18188318154727	0.0895268712270285	0.389374926116135	1.04771073480916	0.735502024019426	0.721373338208297	-0.335478611022447	-0.676273096638095	0.340540879008007	1.19329351719583	-0.472983334440302	-0.64622467324324	0.495957593097194
-0.131110457718531	-0.626447353262947	-0.859996979487363	0.371655452505646	0.0526659399784264	1.28006048590363	-0.25078823417542	0.329257790737788	0.556531087346233	1.37100278700574	-2.04503718801612	-0.47071757112447	-1.22493820340008	1.2477870928819	-0.899708638659245	-1.12006448278031	0.482043441209152	-1.5780724488807	0.568384420250106	1.55835969356582	1.28245258299805	1.50339136328941	0.495130069112274	-0.0501279589758247	-1.60526685333402	-1.04439407114993	-1.3194682265871	-0.229733618787471	-1.49826232037933	-0.37725753446262	0.0447463543793765	0.420308394989746	-0.0907347701320132	0.753058334347943	1.20162488183845	0.699706998671818	-0.175055499604445	-0.551720491283515	0.976438775772455	1.35334096896745	0.182634165738232	1.6871190271898	1.16729869555957	2.54765990353342	0.006072817515895	-1.51317107480997	0.129636714449782	0.697199012828516	-0.0578202519924578	0.291996522632937	-1.18280055346084	-0.696871346902002	-0.13449906559453	-0.32452653991294	-0.387140607950882	2.20641865874964	0.0274260036607374	0.38522657690229	0.613776072834027	-0.127951263194492	2.2001530425706	0.708427944645111	0.976680614055777	0.575690995392611	-1.26479750273552	-1.7425262398777	-1.96891438997474	0.717585329209082	0.116101217422922	0.510294130828364	-1.55780795032306	-1.26618907493398	0.84080583386416	0.429985411452882	1.27273042793103	0.124238603993393	-0.230806362770352	0.549006872553274	-0.569112273255819	-0.78077575491073	-0.428275626928963	-2.68365905142636	0.110740433013153	-1.26983963717504	-0.352993055029296	0.711584141147904	0.624813275152566	-1.2600556236212	-0.839378507054532	0.0174494980450358
0.172897178783069	-0.476291279298646	0.0749839278394652	1.08590727077393	0.192058947420555	0.420935280237893	0.74939015423118	1.55416814765281	2.46445165231265	1.06710360823833	1.36450628172321	1.33971081898373	0.522787566701698	1.07761998811068	1.4193877505805	0.433912655081917	-0.475265489954614	0.596314504981484	-0.327090049319052	1.22164938494386	1.27109210749347	1.45198768984133	-0.71730526030094	0.76184024609599	1.65386239143048	0.460558621915723	0.220117992765317	1.7358090997511	0.398804299940272	1.13906583384115	1.25385639075048	-0.419744338837936	0.504114595934353	1.24137099032622	0.511532319901948	1.89633601229455	1.13146035435781	1.15309514122696	0.544638883349309	0.906209263875602	0.684416435691168	-0.851638761848965	1.35213002688759	0.326896456734732	0.746162705798573	-0.523960729415437	-0.59302899200842	-0.836003964980776	-0.125747491243428	-0.245488579422234	-0.119913141901423	0.279300603300003	0.310212385887022	-0.768445399117335	0.0507297283427322	-0.592468539289084	0.954829738146733	-0.107156591753766	0.788920462910738	-2.18606212017821	-1.58598576603875	-1.67854001198658	-1.57153504355209	-0.210722354619427	0.236754847878441	0.067611904797843	-0.159985762025599	-0.162550691002103	0.333444619622594	0.792632228336659	-1.4785983191998	-1.45139936213306	-2.0349718789769	-0.564227816084313	-0.777540283358921	-0.205556309078016	0.288591368449751	-0.235719842092305	-0.546346615604937	-1.28697155454458	-0.971953044705945	-0.288298873951101	-2.28357620791313	-0.252155769073129	-0.223085235551258	0.705272686290583	1.09128700662163	0.866872552315543	-0.14200440699579	1.26423023792002
-1.08391652342562	0.822742115404734	-0.723548993858149	-0.5266322974682	-0.539927505439497	-0.811105469402588	-1.50118603827657	-1.05630635825257	-0.881272895171422	-2.04355782871295	-1.02674924017188	1.16923622601568	0.0315891505509408	-0.875524455605014	0.151813544444271	0.16895662231496	0.607775827407233	0.0172117982295957	-0.272632343018815	0.154931424013511	-0.704025756257211	-1.6357964364226	0.31698886684309	-1.1935805627624	-0.358048183356965	-0.872139241725002	-0.925409976706729	-1.34104334794557	-0.240197161619256	-0.127636717522068	-0.334892980823	0.561960102047174	0.954082938908901	-0.675017492318309	0.354368814697522	-2.38158747598337	-0.181613966012985	-0.133319306877125	1.41430829615467	-0.49274856617663	0.732527516177407	-0.0517581259966863	0.723715177785967	0.645100393527007	1.25588742195425	0.540298946477356	0.506735025706669	0.470127034815514	-0.614363699138085	0.816846351954802	0.342249761814108	-0.970376799179567	-0.811890890623689	0.461155743868732	-0.735004896283928	0.746127515436034	-1.66083307645931	-2.71687174902763	-1.40046628845966	0.972812056255527	-0.400515099664409	-2.14868534465195	-2.46864781685291	-1.61711199504857	0.201247120225764	-0.833447060058545	0.618596607217791	0.974723050521499	1.51199600720982	-1.15525885966456	0.0117636211060514	1.75586694664584	0.748073310148518	1.62818899963175	1.32253111554528	-0.0737854817915266	0.516899152828891	-2.46104816007856	1.85481181610552	0.957665126590034	0.22241805945263	-0.206897689723857	-0.999580845689772	0.651733896347096	-1.37132828204959	-0.490188306277234	-0.565928173285693	-1.78436023521685	-0.765692623593202	-1.97873240593788
-0.483235557269184	2.33821094927913	1.71607006443631	0.269933915696473	1.67862588009321	0.17023918667907	1.25534836711269	-0.711219249717317	0.726408464253693	0.77673985818494	0.832361682790995	0.817013106443002	1.43147888707355	0.597178996067697	0.159491793670969	1.09740519424137	0.0112255844231926	1.61610491339412	1.01819827898237	-0.224446446898109	-0.523161333924885	-0.0753347437597341	1.40782780916852	0.0451634057820951	0.59192658010348	0.267300000502549	-1.00907594591528	0.456919258047106	1.01068249352893	0.00495386443772982	0.779693450992481	1.93938790780078	-0.614490116459088	0.438396131053962	2.29316263624181	1.45315645210161	0.648993301483271	0.110508841520345	1.89386043362737	0.849442300433676	0.771647087238405	0.908077328793194	1.40786528265985	0.764268728900486	1.8697209885163	1.55327793299558	-0.218307788667773	0.110661629243743	-0.422870465267861	-0.360637571971247	0.0627214538666214	0.386285402124368	-0.0746811867092392	-0.842591174119438	-0.534479059890493	1.9964837416522	0.0907370072420194	-1.06754042195784	1.25380335264188	0.0677693307019218	1.41972043372836	1.13040745702559	0.0897618978910368	-0.975498424668499	-0.0409899122638041	0.672242276460299	-0.387966347773363	0.355131470137802	0.243896548261482	0.682136593485441	1.07199838931132	1.56155581543075	-0.207292433265639	0.945634168019779	0.521758994658376	1.06532536411768	0.816089291705563	-0.501519859607755	1.15147517665407	0.5359552466843	-0.248364215228221	0.66417787297287	0.588309980651714	-1.21384904327067	-1.54982106827566	-0.110395472185277	0.341316742997169	-0.479459413588909	-0.00441876070187015	1.39939642864954
-0.468237438674136	-1.70924659907291	0.179548034716022	-0.185891771864649	0.0680842426362132	-1.13455985040127	-0.441589908315715	-0.259696540947964	1.07561129519825	-0.39783548862009	0.125605541220567	0.325463766720916	1.03440254878992	-0.0217677410900391	-1.5717240993493	-0.988095335984366	-1.15717174569734	-0.566813240558089	-0.0165345620356267	-0.968653888057639	-0.562509156511604	-2.50503403292995	-1.71314461513889	0.29494938864533	-1.84709462954644	-1.5864244123703	0.399246440322723	-2.51088007445621	0.222796951088266	0.956891870603981	-0.421435031042832	-1.36377993979623	-1.33961223916815	0.926201590935243	0.867585234428855	1.12244832693063	1.0424370059945	-1.24747710618138	-0.0579259209332333	-0.0237377296034585	-0.514726352646693	-0.899917895668577	-0.974590519798086	-0.12348525905294	-1.52595293948244	0.990949928682953	0.193848651695362	-0.818649767249561	-1.95498568022002	-0.683371628027531	1.2089745703823	1.24078538895945	0.497055803727891	1.01482789496073	-0.00791656362088358	-0.523765440333373	-0.564085499165458	-0.246694466320023	0.446757239644103	-0.619924535091908	-0.120940975418928	1.50040587205292	0.622976856875365	1.17442835470717	1.37865510164557	0.600185906790341	0.780609415557002	-1.47248711123302	2.04283278832424	0.356974818058375	0.853892069117763	1.16552118180881	-0.643917204303087	1.34669767496599	0.951020053722978	-0.0789637861843329	-1.22900372361463	0.202571068433552	-0.158056101793413	-0.0481671660085695	0.176561249354663	-0.0452211856554339	0.828863469183957	-1.79823600051991	-1.76141801438348	1.20503815751627	1.25927327586492	1.28093264114253	0.163516718547118	0.298806255088331
0.297606496279342	0.518317329021584	-0.106807177754122	-0.708562403227127	0.386835228180457	0.227325798607122	-0.569029538413391	-0.387428535825734	0.0537718434187143	-0.44415516778701	-0.413089250949204	0.150536513474699	-1.33743587950704	0.74700978650906	0.0324183071023736	-0.423491554856447	0.399524992862871	0.189124174356722	-0.425812161093925	0.457759962886175	1.00818226754452	-0.00647260829350432	-0.0738684540018271	-0.849935479629398	0.0872305158202164	0.385112320105925	0.357988147594136	-0.229138683032904	-1.29188724538152	-1.04195613180389	0.749980974668938	-0.520961224110903	0.225695728342508	1.00351112028107	-0.388096299318421	-0.872260518833708	0.335656046099917	0.320894997587374	0.45772218454677	0.0393313755307119	0.188153941173617	-0.243660349496888	-0.0326021108348512	1.03095995091531	1.52440400369096	-0.292624623641447	-1.86560379153094	-2.15329326352198	-0.507566904381389	0.535786239429575	1.22332836387678	1.18229170171705	0.452258136846434	-0.838125891063756	-1.01600915858546	-0.102745488021969	-0.534167733263405	-0.0886933224524601	0.371960353524564	0.257249433540457	-0.076529891622698	0.0257777662753569	-0.941402515926868	-1.61234916276345	0.361904162715664	-0.0221683671533153	-1.25990703514782	-2.50878416314439	2.75142828890307	1.70238818585184	-1.59434481154414	-0.14844823112328	0.171531307227731	0.0106871811689381	-0.0206313843187308	0.780358585245967	-1.93942016630467	1.2253687450189	0.0315871714462337	-1.77604403361081	-0.476459941525724	0.808668615924348	1.07728943221811	0.759691301889441	-0.150156897638532	-0.649357650357903	0.382615452264836	0.0171919159236277	-1.59331933929878	-0.0852561813814328
-1.14672374402343	1.3961328304362	0.121896387921364	-0.852441317874206	-0.535897842751841	-0.383316801545153	-0.386357402840549	0.60094380632559	-2.21535874007	-0.324280005653346	-1.58632292600285	1.59247992759991	-0.163549643936112	0.3997961532882	1.7070495580191	-1.31256013793438	1.13380938825839	-0.709438449578882	-0.563184633819273	0.91407742053087	0.368102292115174	1.87493138678547	0.712773662828527	0.385287633607411	-0.470130395023744	-0.43713878660851	0.0368022143484479	0.599679534966934	-0.226109352320708	-0.163328964247076	0.374036927616955	-0.803638981723735	0.954848165546215	-1.8089446544731	-2.37108559085892	-1.75249369594853	-0.209506197332116	-1.6797999501701	-1.87614533621924	0.386982758862099	-0.791164959480117	0.725038719771671	0.796049127649299	-0.100153213527555	0.970892273768196	1.36163167474781	1.67563793958511	2.02522920421613	1.46296057248399	1.24205729136663	0.3526861789374	-0.334170137848371	-2.07285755920883	0.392714063710735	-0.577841090687241	-0.0279109563822068	-1.90578345748833	-2.67814158337417	0.83676674224697	0.131227473079865	0.305985308330327	-0.0234095360838887	0.978881537059295	1.86047004887016	-0.539496486460968	-1.19084501126954	0.219776455107446	1.40346865964237	0.643798198454715	-0.761059561090407	0.13349589594547	0.336650205847782	-0.565304429394876	-2.23975088010446	-2.49160436168765	-0.487292565129895	1.13948171298633	-2.8312995948275	-1.63453059947787	-1.65732899507045	-1.42163776409485	-1.3209701388448	-0.246115934271972	0.469048623789882	-0.187505784255041	-0.541219322657462	-1.02115159882621	-1.11987393771234	1.64748336064538	0.437547984289148
0.217880303526596	-1.42824834795249	-0.59428945647932	0.470082291116487	1.4464973576024	0.934508111142827	0.926820759844835	-0.372830946890603	-0.367627701030126	-0.90855198135525	0.687805918762903	-0.341272422367249	-0.703098820045061	-2.2688980901828	1.05184745786478	-0.825311354154835	-2.59199234778801	-1.8630874628444	-2.45835433208896	1.94335913848784	-3.16652328771335	0.720419457537251	-0.255685060273944	-0.999705631257184	0.558112687084036	1.05975702431861	-0.561238651114493	1.77849168214391	0.676627215295423	-1.37637208592123	-0.663416222044381	-0.385754560535932	-0.70563360142193	-1.79081662906512	-1.31115001303142	-1.34916119356816	-0.287786400016229	-1.08387112565488	-2.09865546946983	0.94625949924953	-1.46148917501064	-2.0346019739468	0.627456024135772	-1.07982113101905	0.302592619396717	-0.0482622154651763	-0.0752786287517695	-1.06184596157733	0.939353135913955	0.0266049432850098	1.24097341331271	0.431178480997694	-0.580373799386306	-0.0880439337680263	-1.35299064647709	-1.05143935904035	-0.813719795538234	-1.29024149590281	-0.0150616800177323	0.119181818372718	-0.446869567157879	0.560519483104003	0.233408481678519	-0.0806199152617155	0.570356117798603	1.40258056564905	-0.753594469357701	1.16591678323598	1.0982213830851	-0.134650546763026	0.176499516253139	-0.344069661620478	-0.533879533456588	1.27909666501079	0.436929089689346	-0.199394147732127	2.38697609180964	-1.42713885260068	-1.98184487672921	-1.65244738455309	-2.39636062044225	0.760969486913937	0.841099384772256	-0.0505893439468736	-0.69660981136836	0.00361859281743876	0.497088874376718	-0.106692934817375	-1.5017473580378	0.596182272455585
-0.159842332007705	-0.314644732424213	1.24697663145063	-1.6614465333233	-1.09494290081586	-2.03538118996132	-2.08099138213875	-0.543908875083556	-0.520707903601818	0.626280513906067	-0.825937545664905	0.605220621499585	0.82827633988358	0.286939176126665	0.0563078229950581	-0.58657600765404	-1.97749559027907	0.691628263269423	-0.0556276375372048	0.0699522960343272	-1.04045373332902	-0.669092323367395	-0.23923667506783	0.21450619094249	-2.29477078927829	-0.948992043568509	0.158210957229479	-0.238439044296866	1.02477711167946	1.84029701936186	-0.345114260025832	-0.474576017657357	0.0473470649721842	-0.992276846497819	-1.43670274089227	0.685087402159939	-0.991266484903483	-0.30573232332812	-1.63707789355476	-0.411994284797857	0.214363618748493	-0.654587559144109	0.881512881685597	0.223365632639745	0.294764592326699	0.471943659839261	0.312837016427746	1.65889947466739	0.310508809202938	0.445310373345537	1.25570763272535	0.807336321754472	-1.42491236860762	-0.835554893536634	0.486038075763667	-0.353794906417696	1.76794405608577	0.674628615434638	0.820716957195541	0.231087156793314	-0.0365480269089076	0.0869404143786027	1.70750222089558	2.45542923246942	0.433779300336927	0.110068671355679	0.391207393209099	0.0525015122399721	1.08945226990797	0.170374674528756	-1.14838133288408	0.308151920250283	-0.300080795912242	-1.41211986583646	-1.62948646178539	1.94393899066838	0.17307653096026	1.49555455969213	3.20241753011139	1.75042934698111	1.25196864163508	0.629342080470349	-0.608711493286081	-1.56494166170331	-1.18123195548244	0.139193492005195	0.647575376354336	-1.38292900731051	0.640792790029407	1.17299747098753
1.50744397401202	0.0414785850668844	-0.738561984620718	1.2138620989438	-0.570168350465045	0.887784232720475	0.335414499844427	-0.10061280310194	0.863797988156328	-0.171198971645653	-0.033403928047289	-0.173190874169073	-0.141754800207166	0.142855009168852	-0.274010909176749	-0.642882783089615	0.35531551923788	0.115581621486824	0.585296628045296	-0.93055731689893	-0.0763090040648002	0.0205433010415295	-0.435309519224429	0.636165721502414	-0.102014089836704	-0.220177096451896	0.876189274199641	-0.205232564671395	-0.767611786011897	-1.04731503247058	-1.08383887695217	-1.99439448861131	-0.00723315372979288	1.39379417315516	0.332248821842708	0.0999141167580687	-0.492104669931572	-0.445060999472175	-0.00292981049031495	-0.754300098589223	-0.701966285266344	0.149031851227553	0.656039401211804	-0.257569217287317	-0.715590940434846	-0.763302892860488	-1.25634494570218	-0.730683614288853	1.35097164720596	0.927037557108118	0.224001319550572	0.175114201304341	-0.5560905396092	0.176492742746614	-0.506054115886976	-1.86692059049068	0.0417379121665556	0.956897127795047	-0.553043408880757	-0.0163243418598014	-2.27293531110008	-2.21970837709268	-1.03985039425564	-0.368798131556866	-0.133034700370772	-0.723192158505492	-1.19398139370873	0.760355469742218	0.297776711145669	-1.63447109468226	-2.38069176310419	-2.32046407317522	-0.356469618335207	-0.519078086375505	-0.761993833415081	0.739103163065958	0.505425730698879	0.51360817490373	-0.928950455150944	-0.981996353128121	-0.346675847195962	-0.507829566670303	-1.2372971877362	-0.611209895239153	0.758180993228426	0.521011636023577	-0.197848352566777	-0.613811879405182	0.347265655438175	-0.155444676501778
1.21244822732524	2.26950189288497	2.50690749884351	0.05002911627988	0.765056155219153	-0.241759514084061	1.82278129924772	-1.45942690631191	1.3934845798156	1.93965697767102	1.48282975079559	1.69382282082079	1.7168565270796	1.12258659521307	-1.29696881423056	0.689656904608334	1.00488835733176	-0.417174402178577	0.0741209722098363	-0.244573482124574	1.09440454254956	0.70912392769059	0.818711558575294	-0.736696416779866	0.47109773544184	2.12289317105214	0.127210648397943	-0.977623784232311	-1.11403944345466	-1.07236533538284	-0.961123648731959	-0.00165889985428012	-1.05239184944056	-0.00477519405959099	1.18726670212387	0.443718743845202	-0.587959527248571	-2.06492196214314	1.16440394307327	1.00922801210612	-0.889580525777472	0.717579184788495	0.389292546553912	2.21144482892409	0.62382964882132	-0.699951334541642	0.805003883863381	0.480106616277764	0.900830695297098	0.609585338480485	0.964408518274089	-0.979408103392894	-0.613953635488192	0.585994964356065	-0.302146051751526	-0.028660270302499	-0.417011705477226	-0.424737178393162	-0.305653417833215	-0.60374878046902	0.638531130567021	-0.374306023928694	-0.0516639539985734	-0.664821564049746	-0.529720073194853	-0.227338062011142	0.110643299854258	0.560150511433986	0.859333023386702	0.295572863880087	1.12344921980516	1.07097967146173	-0.511804704088339	-0.443017756288909	-0.40141503630452	-1.40342499294984	0.435815772925133	0.211552551877605	-0.212223113206864	-0.547872582624513	-0.353577196691706	-0.599725661298641	0.375411142299278	-0.00845360076992931	-1.06507095563187	0.439327863101556	0.511175408606913	-0.177066373543119	0.0240623521723099	-0.857964309455105
-0.386468624055364	0.00695122117095052	0.515640633597003	1.64159411717456	0.838179374028194	1.86081698476749	0.587617392934956	0.928485666090321	-2.91537125716351	1.75227312858504	-2.14368739293578	0.878890809126301	-1.20041799749305	1.39255161283379	1.2000309360498	1.48349894239003	-1.8123083193218	2.48907132612416	-1.06101226290286	1.60373982261829	2.55474573312668	-0.186147693341413	-1.80032428337055	-0.653414893866515	-1.32258136885012	-0.210218485418135	1.26526385289376	2.1840631728662	0.876318738526386	0.860637013582729	2.26622308546504	0.542471162919	2.00934910102337	-0.339782967040215	-1.58586188338338	-1.74901746904049	0.20565281665222	1.95570757383355	-1.56493103872597	1.5101067021355	1.77087657563452	0.760197005689152	-2.20424876221027	-1.3414044486441	-0.277624655204383	0.419755816895327	-1.42428557383973	-1.67589547735697	-0.358917551227214	-1.45455789829934	-2.06579022566619	-0.949241858949292	-1.78532806232734	-0.675860235341967	-0.866721166461767	-0.824124720938193	0.515858335365429	0.488509018550467	1.83786541465851	0.489717116357318	-0.213192922845741	-0.271500790088342	0.205131905129774	-1.64921386515866	0.0499467230726519	-0.0581738534265131	1.39058314933579	0.678163212944476	-1.83825679194892	0.860413640288833	-1.71540273478548	-1.86043536215635	-0.897236165303102	0.758972101910591	-0.628982000727259	-1.06264124582313	1.3761656166073	1.39019780292764	0.548177426559187	-0.770164295017311	0.165678271858709	-0.945680915511446	0.0694689923903245	0.870670608003546	-0.687207812853185	0.922927157975515	1.13863776693828	-0.428863721998042	-0.145535544655	0.49006374462948
0.161656666591797	-0.231962700745231	-0.619393625872571	-1.71011772631203	-0.481917751986505	0.210293110090738	-1.42793561387029	-0.690021721490735	-0.365365194118837	-1.83450954137922	1.32061006714939	-1.28414864029552	-0.441629241999454	-0.185945926737667	-0.77786819129572	-0.47131323602773	-0.883488849518043	-0.739612694259084	-1.96001534260158	-0.89990386431139	-0.800220066511029	0.250834728697981	-0.174639901119966	-3.14976778842256	0.464616809600355	0.597261036480288	-0.688335692706357	-0.248527927279965	-1.15576481695572	-0.7837736401819	-2.16981033555508	-0.480045352299781	0.308382268557666	-0.549826295766153	-1.73511654218255	-2.79019968088024	-1.40358619159933	-0.372436912684402	-1.3069327469058	-2.56820654096738	-0.318195586611578	-0.149311310714969	-0.0224428471799399	-0.469543560082783	0.144380063056741	1.75098768709827	1.22388903631796	1.57241905689533	-0.588424291844596	-1.47426480457471	-1.6129451836455	0.078179268254829	1.22798360742958	0.565226107571444	0.0806418494439318	0.409701926280708	0.448253209212349	-0.905711630817511	0.404678330650073	-0.702960578943671	0.138271125522081	-0.300333987806451	0.070532758095887	0.328750822462542	1.62990290589326	0.92929532370062	-0.410184084995586	0.236818628763019	-0.56862239376376	1.10857151512282	-0.304972783201977	-0.377155301619105	0.379369664905027	-0.14585178336121	0.789498100908983	1.10375063043971	0.463605632878871	-0.139150798568239	0.585514410405929	-1.42379774388134	-1.56178943654933	0.205507428157947	-0.705094751320744	-0.416363930956415	-2.30722536002011	-1.38695484423261	-1.14600018806982	0.746019898724514	-0.534881573566576	-0.0482696864647406
-0.945307256032631	1.12730883978293	1.08749981569217	0.0122707267802038	1.22816373811791	-1.29250207168283	0.722391640145402	0.242328080289577	0.404900278818507	1.3810955535813	1.53299729442949	2.16192059949384	0.811658473968977	0.138968239298435	0.555761829207442	0.938474295847022	-1.08550215999587	-0.414264488689277	-0.388580440351713	1.93608371926289	0.292137538211277	-1.11073303206885	0.2791826311663	1.05647976799802	0.021684990045698	0.697182141706382	0.584194719888624	-0.189856377533344	1.24765017082071	1.2725410109652	1.69051238601114	1.04785137381065	0.136394284028576	-0.499802039265983	0.487756390588155	0.629005982628576	0.939342980741717	0.485777847674319	0.327185653466093	2.32125470218716	1.07201522143413	-2.06022730447499	0.0259540436952056	-1.01198206696238	0.909019432290205	1.4352832505912	0.802810416081297	-0.0367617033037371	-1.5826316226609	-0.772319405114638	-1.09184812262741	-0.032264759758668	-0.531387978466008	0.338722039823131	-0.669119575063322	1.96193110959824	0.454419735292238	1.1449399736735	-0.43372579702576	0.163263491551351	2.09029463801134	1.54627102851912	0.5999740561385	0.177801969026821	1.59021041180885	1.69677728154105	-0.574051925454828	-1.68100308877626	0.544551412779005	-0.910221082062426	-1.34418168657299	-0.952524261804123	-0.189575005752698	1.29438517412253	0.752215070968082	-0.607015606272433	-1.74033655981154	1.29957106230785	-1.27532749993757	-1.33463408371403	0.209637018851278	0.198058140731605	0.959008551216181	-0.513917829921412	-0.0789933758318811	-1.07691247472564	-1.22574344944563	0.827536222025553	0.331373198705046	0.981817395490869
0.332762560383524	1.80188424797282	1.20725046484313	1.99404743266151	0.798626468089386	0.521701365533263	0.26362977228829	-0.121109566849358	-0.308129190749851	0.725300311368747	0.195822879070517	0.240377977935478	-0.303123870908435	-2.10111668379874	-0.028238972167556	-1.73754790843729	-0.653900149159923	0.822004515282212	-0.62047301756923	0.324022826181366	-0.259243492817133	0.424958787627736	0.0176582418627395	-0.359300250445207	-1.58976851943896	-1.1071020949823	0.189623703303616	-0.0342895364039237	1.69957214538028	0.0712792502726489	0.742368324381943	-1.09784525285142	-0.585034950731714	-1.75588368180593	-1.15703141183244	-1.01141362839278	-1.06832847222973	0.262858052679614	-0.133314642723659	0.171244113368985	1.0082281272541	-0.202037972926783	1.11214013167431	0.0624012416348326	1.39490986116717	0.0308212870131993	-0.044060533078205	0.0982447875154017	1.72928142189799	0.982446250122484	1.29541466388259	1.13389234385128	0.189680576983052	-1.26041169213424	0.510719080845778	0.78370932952305	-0.0368691462915178	-1.08565953313673	0.556788296379215	-1.16301654873679	0.715936828783344	2.25787690422382	0.961208455205715	1.07888329671626	1.02544420954426	-0.352600231260522	0.531235574168848	0.809844330703564	0.157112740101499	0.899472363695186	1.43186070578516	1.12419630201283	-1.49673528664723	-1.68701094547753	-1.95681943038704	0.75045358353214	0.692138906348965	-0.20754974588467	-0.737874773138113	-0.396739789112007	-0.797991399609191	-0.6052371098765	1.50851620407368	-0.730085485207649	-0.721071804236778	-0.908191704322076	-0.402527092522873	-0.360486040014882	1.19557969280331	0.572785180198048
0.456322837523024	0.830494433206016	0.0724485647610998	0.198910125195356	0.00234507865959022	0.341714719369544	-0.909917282832361	1.78680120261659	-0.637834011437611	-0.6475100222509	-0.792692323854347	-0.240267619538055	-0.970533938038119	-0.91777144303931	1.8584137453744	-0.311018795434593	1.05875324607409	0.189288699646122	1.68692114836397	0.96007839810516	-0.978992883565665	1.24147266993924	1.21623560454635	-0.5357927148518	0.17666495211588	0.45479130303341	-0.0484424403251099	1.0458058744651	-0.72908152699667	-0.648021304771426	1.02628181890531	-0.385203806122202	1.13964146482373	-0.425465603844497	0.326962539714255	0.0179801386388771	1.23835899067326	0.407895295128709	1.72432383533186	-0.0254166363411952	-0.555027016327446	-0.167178142833252	0.884364632109499	1.245523897631	0.961554347849824	-0.743327940706804	-1.08088396289174	0.155885335951321	0.192759989345282	-0.69316543086999	-1.88969455730192	-0.453923516556106	-0.586182881596217	-1.00712731811214	-1.30138169797263	0.24705689848134	0.0550957871049586	0.708941711550396	-1.55136768316858	-1.48242485739359	-0.142584946027771	-0.912658093454407	0.245123632807631	0.214090446057199	0.88779932030446	0.203126867742066	-1.61410493203829	0.69433092417032	-2.06220940116121	-1.49186492333989	-0.0463930438714759	-0.369332971587819	-0.968299602072025	0.862636466358817	0.897286364883893	0.612494166667817	1.40566140358071	-0.0677826054028015	-0.941911698636021	-0.0998165369934226	0.588754879150383	0.245411723668925	-0.871009667548448	-0.346947678510215	0.294425639345762	-0.728701801964121	-0.723870124478076	-0.906339482655657	-0.927064514067565	-1.35011198025644
-0.265104407246563	0.173160124022889	-0.258710024545427	-0.148436116572413	1.29857585481203	0.414554959262139	0.929920131530341	-0.582952456060942	0.23162404346401	0.960887570595416	0.219253967225793	-0.389692075072868	-0.0106297499903568	0.435023792529174	-0.476086049056438	0.396236937683754	0.0630903295157239	-1.41383582191291	-0.782646078939938	0.527067941976405	0.227507642135325	-0.379020433354576	-0.0088863280400723	0.219501645423298	-0.335656977478482	-0.498884072222252	-0.622569678601579	0.0193631764037464	-0.736235801460883	-1.12712940634595	0.124872628420583	1.31727982541486	-0.539377107184667	-0.0336838417619906	0.672215891806255	0.75006153430317	-0.262920376357037	-0.89933455737019	0.048096839196862	0.427866136804284	-0.00877284672226562	0.472292294103813	0.316915333181201	0.0946450787038938	0.601338633880754	0.197925781339208	0.1903163399783	1.19645576415667	0.491153166494577	-1.1435169118251	-0.804435286845079	1.02570703768381	0.782685797910906	0.674189237564868	0.833451132402491	0.526142576762886	-0.580974444572926	-0.373982971450313	0.767279792889315	0.399819747568454	-0.756792189176331	-0.6131851430846	-0.164944753477471	2.20260087655246	0.062130637333261	0.822826034099793	0.815238730607125	0.881069632252743	-0.517523849040719	0.441376419650378	0.116117359414111	-0.369775405440372	0.790976266120555	0.946559779941127	1.24381918325247	2.48103129574115	1.89992418270871	0.326085879537556	0.457867642801368	-0.368454119722573	-0.178903596726053	0.609280552695239	-1.15918125295857	0.417363143058966	-0.235832926733657	-0.649399862879891	-0.333192996946482	0.175094622409533	1.1586136460207	1.13307825215472
0.263890828858086	-1.7019293204333	-0.601303910555891	-1.19011577667282	0.82262705482015	-0.156664115599342	0.210455489582958	-0.679135535574656	0.702814032687071	-0.823590846652325	0.493961453492727	-0.252872853978297	0.611615975202819	1.31309538576194	-1.55125918225217	-0.107885144805142	0.166847704906174	-2.29450141744313	-0.28104376778871	-0.0103354894239595	0.501651505730533	-0.294758855287837	-0.156397742423805	0.180014619594725	0.180920737517153	0.120940814816423	-0.17648648858145	-0.538177305489795	0.0217860861664437	-0.730804276568431	-1.20180678835402	0.858383905947151	-0.868657002168304	1.54758222700737	-0.241824250090076	0.057767152938121	0.620247998302856	-1.55477342979402	-0.747445019977353	-1.35773330207412	-0.0355976986508687	-0.0978835677341616	-1.50903662643377	-1.09923864845487	-1.05863756785234	0.630195720084502	-1.08074663068683	-0.520825670777439	-0.466357074075621	-0.183395510897795	0.240510529963373	0.188155257088834	0.432293914686192	0.554710279235764	-0.418626958490587	0.172146665379659	-0.211680724088816	-0.577154974506466	-0.640085988385267	-0.226950353026872	-0.572088515011865	0.887436904332988	0.276575482086237	-0.0465606683639152	-0.685021489428554	-1.13250056887469	-1.36371131756075	-0.0190239255637336	0.0143705851874729	-0.123153974646398	0.71372881802702	0.517066833483355	-0.0656553652000287	-0.265048307700142	-0.107903714342541	-0.175105011467386	-0.631473344933664	0.551021357027561	-0.370857806381206	0.217004565744874	0.454069318946352	0.847181083966584	-1.07715762152644	1.26069577916954	0.863761372854908	-0.927418123491028	-1.13447512317669	0.330382075149955	1.59830568504819	-0.14310520705543
1.05741653390525	-0.193544722318664	0.845216519109793	0.997690683364891	0.355895621609423	-0.711108879151217	-0.559910534713774	-1.4413207709651	0.316112816161982	0.468987825958051	0.298689516148483	-0.355696666079706	-0.616330179930462	0.434094523172276	-0.768956307236459	-0.214487694463085	0.839823077434511	1.69165144784598	-0.737900555784418	-0.24220378892321	1.10360881234292	1.62731404593819	1.27349322501229	-0.0041031715908664	0.142366323448654	1.09269968753636	0.206980179975405	-0.0229470155236462	0.970029148096064	0.313385832599575	-0.997561044966693	1.29113804950047	1.1382586543013	0.743187516784231	0.279040903243405	0.590060623037605	-0.19797276988822	0.448200446405798	0.654177665806099	-1.43840562989556	0.540603463534758	-0.351483303765134	-0.733691142917524	-0.81755299736066	-1.47082849577148	-0.6575465508484	-1.26839505902994	-0.599004205475715	0.0578385384174733	-0.0720802948858905	-0.605734718142293	1.99910091150872	1.61764348091657	2.47537167270749	0.58569108244586	-1.12863075084944	-0.785807105720246	0.199834164208041	-0.261690760411	1.02642371504846	0.339083760063171	-0.136917448640661	0.95782102037203	0.0872027705757025	-1.19659919788613	-2.09491945407416	0.824166685116218	-0.0978967628449657	0.163475766095093	-1.7964376713742	-0.866464580068566	-0.773082530103245	1.45025247968491	1.76755219345347	2.08213330745756	0.876131820241439	-0.119341590516167	0.0618586785988285	-0.392891222285032	-0.364137419811505	-0.585497580389849	-1.67962449643407	0.810551281100448	-0.162825353971403	-0.0656815296842845	0.482853496192012	-0.407487166461114	1.23045874918568	-0.595061691665137	-1.34336545447304
1.23784476329363	0.885440953031912	0.580640895828837	-0.033399206494935	1.69905093828071	0.226666635690837	-0.54504665817717	-0.95749948988626	-0.0282327036707557	0.941615892046056	-0.6049620058939	0.673090088516031	-0.0465488163972963	0.248570363451939	1.09190915950025	-1.10979179633994	0.223766926562121	0.354310248462745	0.511472068753161	0.959390512678688	0.0745638852951697	0.201223463789273	-0.202716389404865	0.512102960686813	-1.39123131099286	-0.716649162726559	0.809092012046395	0.67674377800889	2.26806768924718	0.716356480925843	1.23568359606878	-0.257732597684066	-1.0108860711605	0.254632565898152	0.636013463271657	0.82290890907655	0.18258945602783	0.677050845142646	-0.034841392145841	0.344525444715374	2.02340892986566	0.67827464946903	1.34973166558889	0.540145106409093	1.84075150548308	1.62336087706814	2.84229586483219	0.925161388069682	-0.817219886166015	-0.932247318948817	-1.10030385722638	1.10015557470191	1.25042887125486	0.353979248694923	1.19582850728878	-0.414318000545148	-0.305131676731362	0.384175735146915	0.379683409559002	-0.248897234346844	-0.0925538696593221	-0.651260402653231	-0.628185654605099	-0.158284937837809	0.689378545241142	2.19837064693312	0.904406841267228	-0.971923869722938	-1.20940533091965	0.681205606662748	-1.47710549507472	-1.85078294057632	0.120262491531884	-1.95078772595187	-1.29319853380583	0.356690150445248	-0.999969973020269	-0.0364403555893577	-1.47628795232087	-0.230461971805747	0.534839885658405	0.242608441978739	0.4190747768706	0.0397107778717049	1.35907127638486	-0.474029221598918	0.026108976714918	0.867630075987351	0.0229689828454093	2.30571038349043
1.24953517338343	-0.896794159019978	-2.03395649136149	-1.13638425161235	1.34712128346155	1.32300353169394	0.238723497171008	1.20909339347088	-0.0645291484104392	0.530960313853451	0.546900584601562	-0.615738731094518	-0.376305499090914	0.330930177840242	1.14563268722596	-0.616552771272477	0.788173712879161	1.3054478038217	0.84480823557101	0.484169184266305	-1.29237851252412	0.989604457662974	0.475613271938217	-1.06648992275743	1.87932730739415	0.605633258172929	1.04263003392598	2.01499678940668	0.759137692184758	-1.55740583688449	-0.357642571426876	0.331062855744723	1.01953778861449	-0.0705877640743014	0.415328504345174	0.290173652707861	1.51457719654831	-1.28752947668558	0.434538594266877	-0.675227509001147	-0.181409278966501	0.120582009485726	-0.890787284256802	0.0423016329641683	-0.435849606911089	-1.23871041683486	-1.32862564838594	-1.8402725256158	-0.397556232443071	0.194128988814581	0.806224191019006	-0.483555107234443	-0.133879013021404	-1.02739954634853	-0.9985290741815	0.938018864009458	1.08461591865987	0.888211123153122	0.783625107075509	-0.0596335407313976	1.86675787942348	0.403615661974144	0.0389874748228877	-1.14578094124812	-2.29665733718684	-2.31950979348528	-2.35396356820465	-1.75327007799756	0.0786192509531273	1.43266235128033	0.883685257338682	1.2222779031881	0.0743112594660457	-1.48741747128012	-1.10270387084228	-0.73994257992004	-1.77159095877885	-0.326600890691428	1.59966583167906	1.89273580592732	1.07262391829552	-1.34238347874693	1.06133810582046	1.02550169534941	1.88367544708859	-0.843949055369854	0.100613879510714	-0.0535474878341338	-0.2666805769582	1.03087571113306
-2.86087616378893	-1.10908531272097	-1.27638636457438	0.0870226236150521	-0.0995473597150221	-0.308071010202464	1.03493269070047	-1.02605918192462	0.496198548062161	0.735753649102716	-0.356811977224363	-0.995157387261261	-1.2670187587934	0.584370231467823	-1.39195340287898	0.837748607214505	0.861279644790181	-1.31092933804884	-0.189171336310714	-0.378527094824498	0.664857360259565	-0.65789375153451	-0.13979915586482	1.64779329938972	-1.14078515266416	-0.664860408070847	-1.75423201807204	-1.25306687403056	-1.89319081181572	-1.3263752686681	-0.747281030048306	0.164193095395329	1.70470468916631	0.596513549521621	0.254340515603054	0.418284763241005	0.586415541049842	-0.713864162119721	-0.947687758125002	0.82572545423004	-1.0102251364579	-0.788424544437204	0.269285863783399	0.417179878747892	0.388230259436923	0.0142584084196375	0.0999932898235019	-0.533287628052772	0.706121647281739	1.18102094606811	0.411412982847563	-0.982291991107286	0.715479585907764	1.61821910426318	1.55460920172369	-0.85168012425678	-1.83962350505897	-0.657253260854022	-0.338602800041585	1.49048555864307	0.0838816869164798	0.87413192430767	1.05998625526913	0.671426418575998	0.158435001864197	0.706385360720583	1.4744776395927	0.648909691995596	1.20548487897725	-0.927349682270298	-1.48028704943614	0.175113338843506	1.87303154346903	0.473973466387909	1.0779796392854	-0.267393140930141	1.09964861617535	0.31698722154449	0.522885179635671	-0.538519109723138	-0.222948790950298	0.562533943812694	0.895062961730633	0.574073464948316	0.205186225079245	0.599867211787864	0.462807827041605	0.501336372412625	0.398898713399555	0.289753186299907
0.459376060620639	-0.828675351080399	0.557493045557469	2.51983208954732	0.919044575923021	1.16114015878803	1.40324628634546	1.32936126293628	-0.758991635369618	1.33332304910404	0.0151986796819392	1.10479941665151	0.341119792721861	-0.687507510529829	-0.60492709994656	1.18296274504504	0.420690147462275	1.46842969952558	0.282152526549484	-0.0459985727454315	1.05152957430996	0.958518386384525	-0.303921635430541	0.893842991852313	-0.170074341569893	0.264431521599959	-0.105538943993992	0.424516545565573	0.41272805493105	0.859781703551597	0.300686430577712	1.62246837537672	1.47974836906921	0.151250038227063	0.100859165399114	-0.586935956574916	0.290332666299573	1.28983769501404	0.542527664996759	0.814621103085492	0.0117401079561039	0.261931619403736	-0.164745291503901	0.52725818973014	-0.983177493790933	-1.63327110901205	-0.525556655058319	-0.0236170188893985	0.470307970587685	2.29600207751552	1.88863400520126	-0.801156454927197	-0.849528695672203	0.0493185395203424	-0.244772090841095	-0.543677574628273	1.23439600098989	1.20140451931039	-1.14136776506445	1.6957252129142	-0.166150658563417	-1.20770052407906	-0.740714236015264	-1.02966863821555	-0.875477372275636	-1.00090916942719	-0.981291244531071	0.00203329261426267	1.82403148142053	-0.0977580236704519	0.899332190675408	1.59172592549632	0.664764768473436	0.795556269340452	0.00387099666977477	-0.884017825389199	-0.871513035454789	2.021009352346	-0.0791387608678178	-0.716907472103205	-0.505024521591807	-0.397578294721098	-0.55187249009267	-0.686798725810544	-0.167254059648878	-0.313298757519712	-0.280297500091933	0.15289600220957	-0.54963991967592	-0.241902933647126
-0.724653788582848	-1.08076276137657	-0.455521643613472	1.62727306086566	1.76780246848931	1.26891044285163	1.56668583050152	1.37930183719976	-1.23723992803646	2.46866422955953	-1.23052102967726	1.10756822576809	0.0293172019912239	0.491757529156147	0.788765783500143	-0.0452112200058324	-0.882071381978916	0.807826252559617	0.909660417467393	1.07500165628471	0.469321662373978	-1.3764001193116	-0.0686954632129198	1.63823718233673	-2.77301505684803	1.14690566229354	0.772729044808474	0.995974596223382	0.340280269668683	-0.0255216016662188	1.65053848823003	-1.00830421098744	-0.630130586050322	0.925766870879836	0.819849273815558	1.06383322683353	1.18358095218282	-0.809219085678856	0.0577947483148195	1.62039645805791	-0.10141653439895	0.628922557944405	0.429251691666548	0.505517146992218	-0.825475465117755	-0.770275834534043	-1.03638244721539	-0.515647762885437	0.0116575720196643	-0.263634348869976	-0.709889281244953	-0.602601180163054	0.512684075871902	1.66328571775278	0.886151290631615	-1.00315177995843	1.49749644284222	2.27951663082892	0.400666413809354	0.660432453443321	-1.09170258503238	0.648471879551672	0.532220374989654	0.375189155578102	0.0885605180673888	-0.69350431033305	0.582165455578928	1.05985206692567	-1.19064394936249	-0.35672856144226	-0.188071761698023	-1.21830369981657	1.38597002458806	-0.687432929639721	0.284372401408581	-0.920546347019611	1.02036068778022	2.43722462649819	-2.0738687190604	-0.935370052483017	0.11048563352874	-0.985463052080377	0.625948131005281	0.0434004634321837	-0.000164291260379042	0.666534113558844	-0.516353366585731	0.405656660405062	0.0537159388617534	-1.32989537149122
-2.21954073949671	-0.418719861508781	0.262152871910688	0.715559183568035	0.831482560763401	0.483456783082636	-0.36619922044802	1.7170376350533	-2.19663118436216	0.919882589939503	-1.59911607791217	0.238476799008535	-0.658628269849901	0.2607427262648	-0.936311475602667	0.416638427132129	-1.32092761356525	0.516834573873602	-0.443455473473401	1.01174756931539	0.598775577780312	-1.30559695800592	-0.195750423357949	-0.700102664496657	-1.59689167743517	-0.486328303165918	-1.56756942887358	0.74934558588523	0.399380133401892	0.0592000139818877	0.273952708739906	-0.0910663454598802	0.677635562832251	0.193639246835143	-0.377510678646121	0.0675269561273411	1.11413395994904	0.9062663540657	-1.07758093995582	1.94646692965331	0.421016013052779	-0.0167155234214952	-0.615814924019211	0.300972174517281	-1.12420205815094	0.224426041149045	1.75138550835916	-0.280936897627695	1.44274571587994	-0.290679287005634	0.00521926330296683	0.466183259974673	1.87875880048078	0.75410208658699	-1.45635563785187	0.3806398941177	-0.161138882991661	-0.213066596416141	0.325155624350821	-0.523399749529618	0.995255096177997	1.0661261443586	-0.0293699873559991	-0.884614030086369	-0.44896789483599	0.130652746316565	-1.24655813342642	0.674748700998084	-0.490185685749602	0.729734386590453	-0.439053880957803	-1.21040632227562	-0.515702114065847	0.345814041611633	0.180775775923617	-1.83771552705825	0.60486444942891	0.00434060364831708	-1.01643421624821	-0.936747948543041	-0.818889175635349	-1.40280317638729	0.837739788161975	-0.499125971225535	-1.36262927121516	0.452581235002638	1.14065780272363	3.13279870616738	-0.548099756636888	0.548920851100076
0.805817998102182	-0.509205165548293	-1.71942577541629	-0.644942532474967	0.763870944751517	-0.883350750239704	0.864576286947297	-0.793471646596039	-1.01844681344421	-0.651018241649474	0.606569599636088	-0.985917748198317	-0.936471073289787	-1.23715039516972	-0.220450417038334	-0.762294438385344	-1.72365897055902	-3.20725512355519	-1.77496765600756	-0.231203952704747	-0.438835984564982	1.04087684417126	0.710385878133077	-1.01169964562502	-0.244890036753799	0.922947798192338	-0.305432417091474	-0.275148961956584	-2.07473748875509	-1.26234273699062	-1.940396259035	0.903599104195189	-0.712307352911176	0.544052779883515	0.293809720089936	-0.719625956899463	-1.16456903370142	-2.75895414128331	-0.107137448964343	0.11940728666052	-1.94025351101155	-0.286323649727749	0.349330975670237	0.263245444251761	-1.11032107072934	0.400699189718867	-0.235032647930611	0.280513990927926	-1.25500550632299	-0.439163631485994	-0.666428325200962	0.951243193713788	0.67326177371788	-0.909492713612434	0.0997652284387483	0.536346991250341	0.0786143794625705	1.1201796704966	0.881547188107008	-0.824080539858578	0.584792040421735	1.26082174678903	1.21349910873683	1.18902487501486	2.44396349252218	1.82823951200619	2.42252741340851	-0.934942551493906	0.0644566209804755	-0.223456510633488	-0.466948705348137	-0.0606375685390208	-1.79543145332031	0.238030951967516	-0.928113275348985	0.3809793399607	-1.0777808702535	1.69524296754806	0.535411520254321	-0.134181241831692	0.405503777882078	1.79208645667042	0.189110731683068	-0.900427919611452	-1.61280163127265	1.34957998258935	1.15360360327047	1.93661623578375	0.0198653611282085	-1.08465725542644
1.90106583769537	0.834426610372832	-0.53739652813971	-0.666927720863554	0.704301582621491	-1.29201988736107	-0.208561015028881	-0.6463971717539	0.497597020011492	-0.654015263897653	0.0651176919258127	-1.62494253628239	-0.722223939054125	0.678903260017858	0.556593658763004	-0.309770845692349	1.1021494483023	-0.376551602379066	1.85857479837349	0.95428131777903	0.409906166678887	0.992872978888587	0.990843100044739	-0.189325459622162	1.27191464107473	1.65953657475165	1.44240230033989	0.114174785627534	0.444523450376821	0.0958711575800651	1.51207456187994	0.612989751815872	-0.484906091726939	0.545655382986093	1.37961502212439	-0.472756557981456	1.07269439680682	0.607725203046201	1.64411332188719	-0.701973888831468	0.658248599505053	1.67053882155975	1.36088294808018	0.477653285337317	1.52089563274742	-0.586842743981942	0.465339153980627	0.891890153183002	-0.288915209041595	0.329603209399034	1.38357527271962	-1.59496740554916	-0.75339550450679	-1.18937028776205	-0.410324883629836	-0.698140345064291	-0.523722044205689	0.276025858776944	0.0465250316312932	-0.419975098673659	-0.745067340144488	0.737954825431984	1.87939520379609	2.24565182545915	-1.12022257004942	0.0517508072469398	-0.185956990046102	-0.691648190343919	0.395663710906367	0.149167165122195	0.372473473594045	-0.263605607855423	-0.416485888396382	0.367650626081653	0.216447572533909	0.445693794112084	-0.781045640846925	0.917924468031428	-0.291330800575863	0.887974083870109	-0.159275444203072	-0.58589899301522	0.715853299275729	0.566789334635625	0.515074704177563	0.221624462608568	-0.344880785220246	0.137596435775786	-0.00335479997983045	-0.0620187629892607
-0.0432618215839218	-0.748816208084498	-1.35915060468954	-1.70295562042549	0.0972644542075513	0.512385779207346	-0.537709220145192	2.876774792291	0.490063712476035	0.0153018428233123	0.455214093144403	-0.769430632689923	-0.817729217457268	-0.364034173017202	0.748498217826778	-0.0886114354383966	0.24914960611605	-1.22006896693296	1.94804734526346	0.572879599779344	-1.36718773233687	0.730489733194989	1.10933118417976	-0.700638851788412	1.09079766717075	-0.335535255049841	-1.98972727960867	0.856278746092067	-1.89394779035307	-2.03418651159286	-0.425770609531998	1.13313506828452	0.660733737005955	-0.617316450680153	0.152514786294921	0.998115714128499	1.05799986112056	-0.914365333638994	0.867307363730706	0.398829956159149	-1.49259327914615	0.412271998018808	0.329648951050292	1.64880165956915	0.0911995379074656	-1.31453501111202	-1.11830381974543	-1.45261162979006	1.11926722656133	1.15533656603835	1.58876507151021	-1.28715306023206	0.267172226043302	-0.46595319357205	-0.181328060860102	-0.449558958109181	-0.968551823524367	-0.950439106316142	-0.174731083878147	-1.06388691782932	-0.838738854141518	-0.184319884315507	-0.707229154264706	-0.696510365388701	-1.00193472979796	-0.854410236683356	-1.30201142817859	0.812994999128504	0.0915622197685766	-1.41042999162656	0.756841290891904	1.56086817293868	-0.0778604754879846	1.20837141150355	1.730764147721	-0.853309595243672	0.843228637267224	-1.04373215258997	1.59243941822192	1.67314518508743	0.0371520270231126	-1.39348446059147	-0.503131013316713	1.18083022177682	0.801485626663021	1.32612572650268	0.349912487829075	-0.525257506524616	0.164419472882674	-0.0240291337331907
0.19918027576404	3.35933353815131	0.991697205883022	0.983910141146469	-0.858045571614521	-0.496185929137406	0.368148263505283	0.627905986916024	-0.282148377862062	-0.387414731992522	-0.249918107956931	-0.682632593274764	-1.1819515799094	-1.17182221649869	0.5616744496398	-1.14119311755736	0.0887832951379831	0.407805512335106	0.317160721682879	-0.585224817735169	0.942661368741674	0.106499516174294	1.51901863240805	0.927276944905889	1.53218664683214	-1.01776551729491	-0.463500007465511	0.743914398019993	-1.61442137359597	-2.74693230756939	-1.93553584181247	-1.22932480626692	-0.40708380139973	0.376989487771489	-1.2030967232594	-0.945528652407797	1.21761786232808	0.387045234468195	0.00613536088250725	-0.505663974883764	-0.846553021777097	-0.825992906271806	-1.79236445681046	-1.81731583315158	1.88705385613907	0.350321797904797	-0.486224771689468	-0.10689318822253	-1.1249096361801	-1.58856709561257	-0.635626244770985	-0.906008396705441	-0.627652707925128	0.909642204516059	-0.0656693139749545	0.957738147777069	0.0278804134050902	-0.166849539258299	0.738438056969876	2.00183534146266	1.32720162953292	2.08576277331715	2.10687870278298	1.20444996564725	-0.278694509697818	-0.347279839217274	0.229597532732771	-0.109895404782672	-0.72432645374652	0.504975545487902	0.571952769549356	0.169829949253259	1.32161040675108	-0.070259534853974	-0.299385522653322	-0.362193769289776	0.231683511589519	-0.336069655997461	1.37140881367957	1.56305187087848	-0.646995382892197	0.564910000596196	1.10881956696564	-0.769826403906	-0.559126637263797	0.739959741065695	1.36446556719006	-0.00485742417239723	-0.366754979766243	0.857818674936497
-1.1374768258979	-1.13570837259874	-0.735567149001153	0.204815576932785	-0.778362858284287	0.446384722322641	0.62905511647033	0.867204287251427	0.940524866192055	-2.56043970236383	0.731180264947913	-0.0164766653979222	-1.1848520412514	-0.840725229703451	1.84200362269386	0.331337155733549	-1.39288804045946	-0.380055182341112	-0.273636928006069	0.574983098402796	0.13930103401495	0.364024477871702	-0.132959071637781	0.972978591323744	2.03536978492967	-0.0163135448579467	-0.487340008364576	1.89949685775302	-1.04488516968066	0.406395240132322	1.04400847729038	-0.99516846961288	0.452705891628224	1.43818974422947	-0.249850858011146	-0.0983150747268288	0.988392196926311	1.56729165566022	0.495541392152823	1.43589738593519	-0.201493580505478	-1.16218531244992	-1.17209004556936	-0.866415438781822	0.245108620982993	-0.988736749904309	-0.00744576752722778	-0.585985187464372	-2.55448550952102	-1.26745306377957	-0.720385441858484	-1.8779617523252	-0.53469329914497	1.82801927473911	1.9423851759395	1.04576030437898	1.06038437978277	0.057691304647031	-1.67961021099778	1.87804027536836	2.08258983128759	0.839470151769371	1.57758240530692	0.218520430541711	0.250908777789484	1.00473295756843	0.327061037314865	-2.1190161820913	0.0233568187691174	-0.819136093213919	-0.150061640393235	0.161263800878742	3.06432733793521	0.151314727800465	1.68054924029026	-0.513965869878426	-1.34747602023071	-0.210589029955861	-1.38864518449824	-1.5548768895843	0.503699942213908	-0.786004057712941	0.643522052020166	0.607008034742606	0.456955087719318	-0.517230141066799	-0.767764061878797	-1.31987683230666	0.760884341875399	0.192428211910452
0.882671986230036	-1.20837591002923	-1.87242945511095	0.850637665878436	0.907042723955235	0.987033484169262	-0.453423980176255	1.86790196216893	-0.159357181122384	0.43576032697762	-0.233931973313797	-1.5436609944809	-1.95297770207538	-0.381810046824433	-1.21632705639852	0.87183858883946	0.416275927549639	-0.0678299838297319	2.11757744297626	-0.812715181426539	-0.26822921966933	-0.734982351618193	0.607392316164489	0.846034028995083	-0.115996729199987	0.81704390120618	-1.0162551284969	-0.269652397841724	-0.650007534768096	-1.79831466688756	-0.493443170786995	0.81797746995335	0.488464066494602	0.647176191294908	0.921929423304977	1.17032409817093	0.536103839529602	0.265615760884099	-0.0407189117370888	0.30943127769023	0.632605000071518	2.01992082561156	0.522440698400567	0.484610338506832	-0.83825602251947	0.300190430897188	0.442355620757272	0.941708678582325	-0.836332626683812	0.306211399986621	1.36850575962135	0.770901683064243	2.44620197627819	1.55566086760377	0.508486751572001	2.27919158221713	0.268666992105175	0.971324148227687	1.14159579129959	0.325930484434244	1.7058901072852	0.377561799261387	1.42148526111143	1.13709744807138	-0.266637968684369	0.465353861037226	0.446682528221687	-0.741822292034699	0.976459595710114	0.261645920787429	2.13788246886649	2.32281778357369	0.685486624646	1.87476520639424	1.95927452846417	1.61338219061073	-1.02856870682952	0.774116805904085	-0.27272584770109	1.30435130058212	2.35821866455974	0.140358323221772	-1.21447506245647	0.261257926446193	0.765221595263924	1.57056177139993	1.175186073	1.92925643783835	0.759380475155097	0.0434636072922796
-1.25303325250608	-0.114995887225178	0.369103334060122	-0.918847670245215	-0.934607673049475	-1.7966634735971	-0.974943552628923	1.23415175646276	0.211145565090956	0.345703164836405	-0.564394634134748	-1.02590264044662	0.619955310988734	0.3752834665149	-0.981399729283475	1.36225225040005	0.489414119127471	1.48743941692697	-0.0668864638895393	-0.273235078233495	-0.285547986124105	-0.0697503788614643	0.519772665625474	0.516629428971248	-0.182169156047135	-0.917869529852186	-0.327712525500637	-0.464015563436538	0.205857390437397	0.268790380165761	-0.400074634986686	1.5038214607556	0.779486060706545	-0.381264734229182	-0.322894709120913	0.749441552113507	-0.20989266677187	0.754900700499374	3.03068028204916	-1.17866478012809	0.479889491344494	0.716438890738053	-1.34363650083552	0.184066250339904	-1.09490444254605	0.106113874836131	0.101227547558903	0.338737481028648	0.865540397595366	1.30500446927171	1.5219360921086	-0.582171882859797	-0.895720177616758	-1.33561244983478	0.310701399218264	0.370452228742316	-0.400931299595503	0.122922832465848	0.881154288445019	-0.232522433496884	0.696345558653945	2.23222043429099	1.90645604568629	0.96250159284631	-0.751262033418635	0.101663638102697	0.678122920337321	0.837311594138732	1.89070192272318	1.52293008329809	-0.0730447902728863	0.292081489268231	-0.634100900792591	-0.450941886787154	-0.811796942277597	0.0623169141320789	-0.0785269672690577	-0.41538338101893	-1.19324384122178	-0.412592441264538	-0.696402189837127	0.291939916133396	1.06184842330217	0.492084336307223	0.642830474177695	-0.473024182844976	0.0864143969689555	-1.07677092313336	1.09273403673069	1.08890571557326
-0.747731970725287	-0.0947642085209312	0.3744825023924	1.56340956504133	0.316812629954986	-0.827687534729527	-0.383672682501465	-1.88051696421759	0.967604042084379	-0.541475157971685	-1.33033647199755	-0.375843141207272	-0.948489476328335	-1.8308869321607	-0.856501491292852	-0.341796010694586	-0.659349686925502	1.53416184570483	0.215630750483749	0.0427082195862942	0.0551321430348963	-1.25596382796189	-1.2126271240097	0.59494205880377	-1.45513499885445	-1.94916414196772	-0.470561316637748	-1.38979703275469	2.06085118030118	-0.189913305754493	-0.0560845452031231	-0.0476204364397126	-0.905634730866549	0.583578411529242	-0.0378202636232423	-0.213299447261155	-0.0798893212786744	0.206417041727919	-0.211452224910568	1.04528848468744	0.0981987971567192	0.268820500709132	-0.129030322976841	1.76184734394071	0.973117639352988	0.743322607467202	-0.43129418038159	-1.04143964632318	-0.422045339759418	-0.225519317312794	0.119605408330578	-0.0563443422949462	0.528350516505772	1.26441606186892	-0.970283077059047	0.164930212409224	0.553304543442378	-1.39421463198736	-0.249431933663682	-1.14359755893827	-0.24838419852521	-0.397764238696416	-0.369608700036941	-1.6292289149812	-0.373056482223879	-0.0578566461121089	-0.408065508426365	0.143894836339381	0.621990600560782	-0.582541564660846	-1.56041886660301	-1.30104489371845	-0.991015582480397	1.34188580960123	1.00896177714992	-0.332832107748506	0.435648139898371	-1.3230648551144	1.26721357282578	-0.0281412066907876	-0.427588685240119	-0.279229656942513	-0.461500420073783	-0.80674131603913	-1.60739996132722	0.758687781247918	0.388641241572788	0.0665553632366263	-0.23469351031851	-0.256297505852863
1.0861450981666	0.990326589598506	-0.0424433525714315	-1.02825117499084	-0.00143989595943969	-0.458428907026067	-0.490719578926751	-0.241160126114408	0.693506056952194	0.251867910517314	1.07976038987682	-0.52875286137822	0.906810467682503	-0.342509766602655	1.81811890085404	-1.58565741673322	0.335972053474092	0.271210928373137	1.02833219801465	1.2535459699386	-0.163483656462982	0.707341824230234	0.741140648196405	-0.619773367765883	1.74922812325796	-0.0437991375679404	0.210487016113707	-0.334856907219988	0.242147190410056	0.103706152585024	0.493569934925419	1.15514839048692	-0.989170793294996	-0.623336297539648	0.341215267357013	1.33732648518926	0.997709308148116	-1.75426775671868	0.093859152887685	-0.208738119724569	-0.00147170121022831	1.08805866896857	0.474994232057715	1.34372227702101	0.96246586006103	-0.522443258899502	-0.543807632938136	-1.69981197434425	0.478455721411825	0.257109365555134	0.36138726526098	-0.226412968991746	-0.295692330546325	-2.01638934175717	0.0830291317949144	-1.93423982300587	-0.0872905185635992	-0.639702256161676	-1.5377313396559	-1.39261067846339	-1.27926257151099	-0.823320749676484	-1.34808756864617	-1.87213845627245	-0.271835656442597	0.548510747399485	0.688266167614155	0.653569261159073	0.329132218550965	-1.10483318757711	1.71358057080729	1.39910984330091	-1.69424329999188	-1.29811043792019	-1.65474112700968	0.070381759206774	-0.371286362581976	-0.186677445775532	-0.00107980236468312	0.17284010564221	-0.666857745991886	-0.19165054699232	0.62138707716798	-0.497535240806057	-0.875071373800267	-1.13374821561204	-1.22207450847709	-0.194155959142469	-0.688255052092423	0.0948526591981184
1.12972282016539	0.510330991635379	0.72241083110746	-0.199912982448339	0.227681402424174	0.282035948577851	-0.902584038210971	0.67866249551779	1.41209646761059	0.0788201269716858	-0.0921254975797112	0.197654021796479	1.29724267794826	0.412566921557235	0.433835898876088	-1.68645150894141	-0.343472342587508	0.0846242213159709	0.546227017716432	1.49302509509195	-1.99293850750696	1.72400160569607	0.277100845367219	-1.27883401938169	1.50324113295199	0.0576293025895907	-0.651711684037494	-0.253872271026667	0.848796713871511	0.00423524383168272	-0.494385779660251	0.188045349737529	-0.10406172295682	0.792558549349744	-0.142586842292825	1.17428940265224	0.963292596706278	-0.749608084763147	0.73536266970488	-1.44297607334718	0.319031953948617	-2.27961784884594	-0.246402932168572	0.533169105025994	1.13650823195839	-0.469570612541704	0.156518615292734	-0.920689083615491	2.47632989116525	2.02824894110368	0.593762621582301	-0.660076797279414	0.643373578224813	0.922265815652634	1.4676613357627	1.25901557765823	0.655192268050052	0.00210194601808541	0.0889347910771883	-0.501111393991709	0.367507543684199	-0.615018738391134	-0.617663193017097	-0.118620682688728	0.817723677877157	1.35541128828188	1.65408907438509	2.0608488638512	-0.904575295197764	0.0474929614554	-0.310145222052163	-0.0305380023070337	0.377572769046131	0.477915482959406	1.14517480484265	-1.61324046177162	0.67065400118117	0.433860375769177	-0.249415478556619	0.0496465883897772	0.766758277315796	0.93109114115777	-1.76287497461401	0.756951154456155	-0.385967488954221	1.77771941926731	0.938529112615881	0.639854608895638	-0.383245625169195	-1.11815780285975
-1.80807212806064	-1.37139997019566	-1.04306606579165	-1.14571842525881	1.27984376594819	-0.382240596738329	0.0221843321057925	-1.04823305714484	0.0510465756632014	-0.803097892783369	0.926005515894108	-0.488061305806601	-0.389676430890867	-0.629111503667658	-0.266497890838371	-0.618799879284777	0.181145648834367	0.165466337457346	-1.35032696608822	-0.762384349535156	-0.644347440112753	-0.907035148301761	-1.2324442488127	-0.232684440594031	-1.30286927994294	0.104066961507575	-0.212499334054707	-1.12613072739864	-0.248521785323732	0.749400197393907	1.7964932975496	-0.869536759809541	-0.765247203370711	-0.622378366744161	-0.129581130374354	0.773600102726065	-0.557000299774047	0.572701023086138	-0.509865089265803	-0.450753708126428	-0.0600217417989847	-1.60402586203274	0.690700420052676	-0.27305148223034	-0.815628534381456	-0.827601896664063	-0.442350161396058	-1.50559509013053	2.49955993237975	2.38516931357379	1.23570691138663	0.270214776434147	0.20009066110682	-0.384028229189646	0.475348056181319	2.64008484224252	-2.16094585592001	-1.39910376857509	0.190207574192386	-1.28837072868398	1.98679639402032	0.133135087437181	-1.24088293505025	-1.61590986297657	0.469089253722664	-0.275615804254118	0.338384243538462	2.00814125547154	0.329634572995234	1.02654030522188	0.313705753005247	1.44101128369137	-1.55571447556851	-0.283760116901706	-0.766525540811917	-0.712560087940137	1.24239829090398	0.0026815755008262	1.17040746273693	1.23584095678302	-0.262564597774101	-0.61421665306514	-0.467133015485437	-1.47260893157408	-0.450697075782543	0.0996595622596415	0.945391750455355	-0.0525643799101957	0.069900207668867	0.55381736319268
0.48811048666551	-0.614774349345998	-0.76665977960736	-0.0377240416657493	-0.807242842745167	-0.0727768947889263	-2.21483071632413	-1.44679478034127	1.56762652070645	-0.945435826546424	-0.434694438104025	-2.03646870957786	-0.415212342397165	-0.645569294332131	-1.57800209960631	0.965780926381436	-2.09572379945365	1.24437833695215	-0.191487372798391	-0.266586230353471	-0.994036388423178	-0.138687764936002	-1.39384427836818	-1.98131674907676	-1.27589534687578	-0.609955557578395	0.97230656822279	-1.2425124406875	1.00622516670196	0.577149041982791	-0.612034601122754	0.451692676283843	-0.151903638702263	1.41991757263253	0.667058929701003	0.254476315871628	-0.818903277971691	-0.769711125910445	1.54834742682974	-1.10577668953246	0.193140261991408	-0.51045664501065	-0.882838448781642	1.07120776234059	-0.887729623050464	-0.190716367668806	1.15979502871096	1.42208711171044	1.34451135220513	1.31812645933807	0.848040001252912	-1.08713757784566	-1.05734968107282	-0.365196363599851	-0.94554254978256	-0.0542159057139842	0.103281505737246	0.19749414800776	0.180366224778623	-0.286072753760783	-0.473344693384435	0.389194698355769	0.114611832123766	1.23206234274031	-0.264721202723344	-0.0716721225323673	-0.0650978185821829	0.7385293142145	-0.488057096477614	-0.263342725075104	0.709078953891158	0.453768995952075	-0.738561254992354	-0.522301425757709	-0.931449827453067	0.248905628879546	0.602981384011285	-0.0470052909527105	0.17580337161358	0.562695416864272	0.820389664832471	-0.974119024508493	0.247673657324307	1.66963734901969	0.861505406265734	0.441156990855807	0.699713159763405	-0.355829706984973	0.722747407666589	0.0300355844120951
1.49141071339771	0.863062302815777	0.430356120258454	-0.489912940748409	0.216359515388017	-1.23944522749692	-0.0974364663697397	-1.87461028652003	0.122825702677845	-1.49447620731044	0.0377225482457782	-1.73337721987245	-1.85588474124455	-1.51897443092156	-0.115560207358974	-2.10651795878312	-1.12129536094696	-0.962836090916225	-0.508939076808741	-0.494509455475186	-1.46990695679494	0.966464353514181	0.510409141417498	-0.985004383685583	0.596480346352689	-0.652984421216882	0.0831578474351101	-0.902846612021837	-1.43089886173518	-1.36863422905311	-1.22111989590999	-0.775300877577198	-1.86656852867263	-0.168079678723222	-0.389717814459427	-0.867150324074037	-1.25960014699943	-1.4494482144549	-0.189045665808181	-0.493114627400351	-3.15032170993363	-0.875055750326861	0.339697305639505	0.816869778261987	1.14777101672068	-0.249192164532938	0.761007695804629	1.30262445458392	-0.404694203892242	-0.119328316974035	0.519559628586631	-1.44959575746036	-0.868711725919943	-0.832491853647868	-0.102536059712039	-0.844026425058178	0.378526399068587	-0.351640810500198	-0.178286068727402	1.62413979696337	0.285821098438661	2.07561547530484	2.0938089726217	0.598808933834486	-0.147020945362173	-0.444865963526178	-0.755538578401228	-0.735061746254445	0.0830838004610157	-0.222291638928734	0.689808407531731	0.487065445828642	1.79429223255516	0.772823400233213	1.1439716870655	-0.522701494263057	-0.57120929746676	0.165647971627793	1.13038736837886	0.332969240939194	-1.05293030420077	-0.939569346682643	2.09706784886078	-0.154811221329043	-1.06099574168282	1.29271763700296	1.02988061633565	-1.69537414767142	-0.748659901679174	-0.504459745500335
0.213817605077472	0.610409297092022	0.161219892434052	-0.828842788372901	-0.162558073802074	1.18482147335781	0.698247706815125	0.193120604066775	0.0466396239810055	1.41759868578941	0.767311821238926	0.591324732638164	2.28462870809982	2.32959800814366	-0.0994750651008265	0.46039947151152	1.10740073384825	-0.722987413837793	-0.886155280349937	-0.0827374736187428	0.0114779824013395	0.414879248896678	-1.01882190958446	0.230979780293339	0.0805728226842752	1.09769409251663	-0.65686129193222	0.375793204570707	-1.46788341770112	-0.168446098859217	-0.651594340088247	0.107672607718095	1.16762320655479	0.0783118538971553	0.319905865173852	0.346595263657628	-0.537423819672875	-0.498002906795193	-1.18821321553552	-1.24297499392294	1.13760294559517	1.23402256098324	1.21068128704735	-1.20286359793925	-0.425716171544301	0.879321208994962	0.630049451460345	0.176275307680851	-0.369878505971705	0.180696533930831	1.10630296729636	0.199435687220275	-0.224063910016392	1.13748022123202	0.942799200268436	-1.06862916831924	-0.661942544477921	-1.37203862031087	-0.627757717738958	1.40025278256147	-0.838410975473708	-0.872619924958206	0.0116386035788371	0.386674666230768	1.09805238153158	1.02527686633666	1.38330152506953	-0.626112004549873	2.05883461305345	-0.639602290259796	0.207482648740608	0.752829889219083	1.08568347604657	-0.829203468197654	-0.692175616150959	0.681843864312642	-1.01477142519295	-1.32274825574025	0.422606003272961	0.195649355934731	-0.128244664590529	1.01123395053038	-1.13405413882534	1.05665775823677	0.444727952744045	-1.09157019718642	-1.02468950999315	-0.706989602576602	0.405188681303243	-0.269645184138752
1.39943491656481	0.856772613171838	-0.0298944194229181	-0.365796637771962	0.402860533107329	0.0060570341831538	0.843423847397029	-0.368960436265685	1.14993817608768	0.263844731594215	1.76301208924757	0.122464142165446	0.0241235043644462	-1.42833248157215	0.160072454620054	-0.871945029826689	0.597996790035274	0.0679833178832219	-0.0774193553231858	-1.04942738819847	-0.123293911261304	-0.0149222394696886	1.22944969176231	0.345866363166486	0.579981940587907	-0.313001489031597	1.25152196076141	-0.651582872476647	0.927241908909341	0.0944983018983663	0.213993054369412	0.0756401851069645	-1.60937785157937	-0.929024963418434	-0.105787194624687	-0.0896629323445613	-1.16805816051522	-1.1884794321146	1.16265620668104	0.362611742789776	-0.379405169414558	1.46519280555675	1.08276137035629	1.8435316414383	1.39886226617138	1.26502534132542	1.32957739929032	0.0400808430678704	-0.318757002961802	0.0406546303059914	-0.496910922987669	1.28457200329405	0.729003052866924	1.54153229466115	1.205258618787	1.88354923215832	0.212748287955027	-0.0297044964733163	-0.967730700401915	0.107375347425459	0.72920558788507	-0.677248509559574	-1.27770832569664	0.150644845396743	0.167025234718514	0.748142580786769	1.27722496652635	0.986040982603544	0.573986693863339	-0.493174615937247	-0.520791275930079	-0.504987948116748	0.341995015973466	0.350020968516989	0.539326251163709	-0.156493408424659	0.923134275504372	-0.157114427222778	-1.91236309541846	-1.44282825417657	-0.79598526292576	0.737300214532424	-1.48266610379452	0.247680243509205	-0.0314977910563698	-2.07465085052953	-2.26698961545993	0.467309081734895	1.37938784467014	0.152177858149644
1.16066466473723	-0.497329443682636	-0.115804135034538	-1.08865802464659	-2.07397855284097	-1.94412267651417	-1.45161643618044	2.40282733098814	0.398540066413936	-1.01065550752777	-1.11104003068012	-0.180021570751738	0.445443184660174	-1.74404620334719	0.868953510585922	0.763433133560927	-0.0676103226355148	-0.0933705334995952	1.49488205419487	-0.958119079737632	0.0210007801094078	0.597617925560187	-0.717664292770001	1.01573211276355	-1.1172072570439	0.495558435232818	1.9948904473623	-0.291085240152711	1.41084001500531	2.22006622971608	0.975947918329465	0.0631775063955327	2.40376304753402	-1.29618369548731	-0.200869003904027	0.339218671757721	1.77618557004236	0.0172700174284276	-0.945622409301058	0.378775670772698	0.733007329088806	0.391047864400187	0.240465514280953	0.6178158890895	-0.0764178996755077	0.228866426667907	-1.59336052658494	-0.936104182422935	-0.437833748829814	-1.08737496486861	-0.0978842849417492	-0.334333866090864	0.309057252456167	-0.973002957776126	-0.12498240936161	-0.573735974862937	-1.11085664711336	-0.502147051761036	1.43514893879013	0.395649042975878	0.0878680642356444	0.923443666775349	2.01723885344613	0.318392026400305	1.11825888137466	0.630243381531246	-0.0754855648883356	-0.595455548507997	0.651999844601861	0.747684454396591	-0.384414696514864	-0.173345428186006	0.320975370684487	-0.605667593595805	-0.486546454195282	0.563684121052148	-0.327223030228264	-0.932756055488276	0.435880974975593	1.11054599453659	0.87574942588483	0.571627733087028	0.652700750419773	-1.33996629568375	-0.0415190715186238	1.20828019757387	1.56346274498719	-0.0355041621169767	0.00182667224066898	0.674142799256655
-0.441590712136544	0.421266805115173	0.00147533474863607	0.46780722787244	-2.89851646734542	-0.222570477973631	-1.63196152929189	-0.869976364256099	0.574256815063523	-1.68744289750012	-0.850916944268771	-0.36325664123952	-0.112820974486472	-0.529542989027701	-1.3576293563188	0.352008695694544	0.415328831049614	0.530111760480096	-0.899071065922349	-1.95044040990487	0.0169357484748826	0.0846816784156385	0.0281417116799187	0.526740734895522	-1.10123677531292	-0.612637125064586	-1.3289716850769	-1.2566395208331	-2.02715326773851	-1.27590409789361	-1.71113868131117	0.0726725427488582	-0.633184706703908	0.486869344031606	1.13895445184982	0.81787478871278	-2.69325066453025	-0.0893528202267026	1.09166808257794	0.302594444357173	-1.762956563641	1.79272192070225	1.66347826582266	1.28328174440577	-2.135372752089	1.13967439028928	-1.00171501062453	-0.623794911330339	-0.530443897520604	0.135575097255916	-0.675849774165077	-0.684883112699031	0.316974165830467	-0.92690969126123	-1.43247473210991	0.252782386683775	0.418150836008799	0.507368517509802	2.99467313485181	-0.443450303605023	0.605541073443532	-0.193992020650442	1.42791781914876	-0.389646890689311	0.274256780072992	0.24128393210262	-0.0213794296920178	-0.41269900364999	-0.965531936162356	1.63597675342123	0.633920490380036	0.835600588822507	-0.994609637620524	-1.25731317818344	-1.66451238581747	0.0601856520546229	-0.667146356578616	-0.248882089627227	0.0808589211181013	0.608015383552338	-0.614307903050395	0.219058925832624	0.0722980172820622	-0.977436782120451	-1.28364969681784	0.321489579016658	0.791194191853142	1.18248571094059	-1.05938851957723	0.692741792705778
0.0695316464871056	0.453294526375878	0.659895824124676	-3.81813812975165	0.891398276997718	-3.17723244595031	-0.633379590335424	0.423564520920154	0.301833246400346	0.333705798893013	0.516407430380432	0.634052405391825	1.36700530748841	0.458364723289516	0.975657393054354	0.369895045026537	0.140240243122568	-1.29539345465564	-0.582562662876239	0.611836053976715	0.343262310934458	1.57584563963372	-0.750170467838106	-0.913839105609715	0.844363714191346	0.149089307957557	-0.243549548546769	1.07060328983772	-0.558790577327095	0.361478083495902	-0.103052962796543	0.533764000148654	0.124976802535028	-2.49656594533212	-1.26374860293201	-0.147703131815675	0.856640007270076	-0.863910030662452	-1.33840376291287	-0.206075008194581	0.350630466234594	1.1563766411651	1.49228587267449	1.95928294088804	2.24164672895475	-0.634966353274582	0.199466706326214	0.616038263531049	-1.10164609838111	-0.777937389964597	1.7320248339987	-0.223691789571643	0.182489124496166	-0.585565244822857	0.16056451602963	0.497467143417129	0.65584351504967	0.573029234077863	-1.72308672823907	0.142932214719099	0.0512017194184387	0.443593668729382	-1.16292477624892	-0.164119070855437	1.40470056603146	-0.324079081126087	0.426128977278275	-1.51853119927994	0.42560299312108	-1.4775821497411	1.40928393861483	2.04107291294219	-0.117124029215811	-0.8417346922789	-0.914926367922202	-0.51138619562965	-0.478370648694642	-0.711591166424765	1.48731921509248	2.94358901614068	1.65254707898879	-0.352087837374489	0.848764269388236	0.9615353669622	1.38313594713094	-0.950810377299857	-1.37891349861383	0.188538507150304	0.316275090377284	-1.61940598727667
-0.826515513291375	1.38772364723363	0.44342525287478	-1.5833022775447	0.803907013715078	1.01787194198353	-0.745963523065434	-0.214606032933893	-1.33678232248535	-1.13222997227021	-0.648128240165447	0.631422824165947	1.11841617465034	0.946152335966952	0.0204707060847155	0.0759603301199011	-0.126237186499414	0.0185191813367152	-0.458160780681085	0.725558730101491	-1.18842475468131	-1.10340652490213	-0.369978915654952	-1.74223450264538	-0.053171381844291	-0.884032460013011	-0.442488919252924	-0.394164848471329	-0.562192091759708	-0.714684692413596	-0.386664577717131	0.00119172883752136	-0.261786989074797	0.479272962651416	0.260390306021319	-0.107930195968977	0.51627016487618	-1.72134160194628	0.559856373192313	-0.626936119098592	-0.584013611853573	-0.445278679874628	-2.21069354694407	-0.580716519831492	-0.650106676691285	-0.360082076395699	-0.833428680527153	-0.943543780846906	1.22350147929927	0.487700529878735	0.248096498319042	1.03531291318216	0.626899522577012	1.00147718411203	-0.144446340701011	0.38355165720157	0.0669717311025061	0.31730010269251	0.463075771177344	0.423867074015755	-0.474995662081595	-0.489069842623143	-0.27624434878576	0.284776088892091	-0.565978950092711	-0.390717042448915	0.270459323627053	1.81745889830755	0.469138539447269	1.14531021596868	1.05444567912998	0.443397574504745	0.050831070709273	-0.993862612825043	-1.09084913009018	0.589437743209156	1.35514786052007	0.328151054269685	0.0281923556759591	0.22780671267226	-0.00859258903279131	-0.647676255164177	-1.08514347432417	-0.868790765450458	-0.729038567589384	-1.45915234613083	-1.09323895187115	1.08965618647302	0.509117508480007	0.211569736165756
-0.488740147565964	-0.197110210585224	-0.961835013115461	0.505326312109279	1.31381009304942	0.267518838773954	1.92905150506895	0.997912428947848	1.10458442593086	1.39034182512731	-0.266270383919984	-0.440717384059844	-0.965883045236368	0.63200318384913	0.793930879781749	0.130998935161351	0.214476525209973	-0.878082970204944	1.8167149865246	0.13801565913988	1.79862699075413	-0.228895398371552	-0.897272200245613	2.0083727428351	-1.8303589057418	-1.51085450115346	-0.317418951558848	-0.120673414337855	-0.916398641467151	-0.386736595604183	2.15419311787647	-0.314687070018483	0.305103070633699	0.355049732204507	0.387160064173904	1.47057245578054	0.495589015026764	0.0924586096340879	0.206690559931953	0.623643562113345	1.34432740098364	1.68974285406283	0.0392957587937036	0.0681689299347255	0.927042279750319	0.0889227815719118	0.692090622318335	0.77763095765647	-1.88032297403797	-0.944606260748875	-0.452170420028218	-0.0134330506202404	-0.792514200697088	0.0488403526199557	-0.259742622031043	-0.784619436325032	-1.15208061097491	-0.837636819744812	0.650852137420338	0.0991400513963582	-0.171522155475274	-0.909782186846553	-0.341540753856331	0.0513261222470756	0.687709891452998	-0.455724514716666	0.128465380605237	-0.780114226664522	0.597708881584813	1.690204206344	0.708904685096982	0.497935581961508	-0.670035182138147	0.26203355780162	-0.515688249182381	-0.89808485985325	-0.704923962440926	-1.67753309559518	-1.1272042542785	-0.363993479530358	-0.871648450792877	-0.267391813339437	-0.311409353465498	1.18244883793259	1.57118546639852	0.510842049886103	0.976285855253524	0.511860556900447	-0.183664260379033	0.0762244220005801
2.46554023006843	0.490820069557846	0.173847260238057	-0.142615838875327	1.04506663734305	0.670952645070736	0.209592254423001	1.23861499827274	-1.00140737149136	0.841877639623385	-0.763929017244681	1.33973789588376	0.562109866300156	0.12796092656454	0.514518494722454	0.702400432095622	0.213243614894561	0.0958292220121464	0.506159452194647	0.804474031021452	-1.16977915337981	1.50113774426427	-0.697593797226735	-0.6587858066139	1.08624185848925	1.57574829201469	0.667224730821243	1.66834839532395	0.253724182904792	-0.546024867732487	0.0120479801015176	0.946360333919552	0.0742503094655716	0.264072213810464	-0.740553449280856	-1.07407292481167	0.884944282652488	-1.79926738114345	0.984216788577266	0.319164741663293	-1.51755243536682	0.162455094120238	-0.71562829175922	0.072993214729798	-0.35777322905301	1.69598820753779	1.81465451721569	1.39973344667192	-1.0867709751081	-0.0935232354065485	1.24247352568821	-0.114624895254516	-0.110608323569163	0.308998920534725	-0.237228739240534	-0.262237601228214	0.847541788299792	-0.921017584573522	-0.0253250546365098	0.185485171769688	0.74766203175382	0.480555811228221	0.509901083634727	-0.280942692429805	0.00301285617228594	0.212154797669401	-0.282051156376617	-2.65912958320678	1.00685234102334	0.076276379060441	2.23129638031462	1.22130623644686	0.468127008787087	0.762576136557932	0.941432286141344	0.215874813705531	-3.27729499430677	-0.863654930385239	-0.308121653740842	-0.235757977223975	-0.784991240129814	-0.0685060666371627	1.79784660585959	0.53212535534588	-0.59781122801781	0.861794618488817	1.57470220202436	0.0455105711580902	-1.14105611585561	0.847897161783473
-0.899386021819323	-0.133192441121393	-1.06639670362622	-0.0871561661013555	-1.0739002968958	-0.67717807669929	-0.500512864544208	1.23823409059128	-1.18697136521854	-0.972999565965502	-1.24043457910267	-0.577909227146374	-1.06143178558868	-0.517663172218572	-0.110515543416901	0.792400672946271	1.52847409529123	0.999307773882267	0.683982319752373	-2.71621648934553	0.290719359806806	-0.295059389662073	0.273133141869745	0.032040138347232	-0.401334625587526	-0.531626268181942	-0.0686683061205912	-0.18067400094855	0.162183743045374	-0.572708232269328	-0.053570765331421	-1.00728440188943	-0.0372171066804059	-0.918740997849071	-1.34276394467716	-0.930680835222364	-1.14553898222057	0.769106276236462	0.992677690220647	-1.54053836989995	-0.31018113243486	1.16019625543057	-0.246505711160734	-0.183172016195168	-1.37481280761308	0.987367641030728	1.13429642972603	1.51038946330793	-0.504429111877686	-1.62417555591074	-0.920552379595639	2.96186521956686	1.29566759595717	1.78453462275966	1.26091576119507	-1.0183209384832	-0.384861077184105	-0.992327319274955	-0.580258717008203	0.640744557343226	-1.03702636674176	-0.026117863755879	0.317914994964022	1.29497778617147	0.362100594491915	-0.359147249180553	1.44107680232926	-0.200848200316381	-0.892238347579485	-0.894824298839046	0.63979544872311	-0.00241858713879754	0.334727891178447	0.0761171496451633	-0.101172529635312	2.49688760387671	-0.165087138565006	0.566783648520191	1.20979726728122	-0.0959987012110851	0.0694708531315133	0.627476822347863	-0.0597863009017523	1.69232090470469	0.2185192947544	0.300959775502921	-0.530633598697956	-0.294121557372303	1.88305975634361	-0.769098468654662
0.465110426627526	-0.165094843682597	-1.92747953431045	-1.90227437994581	-0.779383936374752	-1.87558670693455	-1.48065607786235	-0.371262052496491	-0.755588454361824	-1.71031347723588	-1.24219541133976	-1.07954928110966	-1.62154933157827	-0.653087455941907	0.688235633767182	1.54826629180156	-1.4365776627508	1.40956000323926	0.518275887822506	-1.39016814757272	-0.491467964804759	0.477415710912762	-0.0855112039557096	-0.641743160476821	0.275351608092188	0.907426352076857	-0.440586858134114	0.932092560220518	1.12052491921835	-1.44753233845304	0.503047917018546	1.59667677458096	0.735663064616623	-0.756014220597298	-1.19799470936454	-0.0137746313801137	-0.969737171053211	2.03783332088216	0.27606756120326	-0.486864876383059	2.29955950398773	0.172693793110817	0.764995577954343	-0.554501893519814	-0.0216411782200978	-0.0374758806933543	0.364605370827148	-0.0937074847192729	-0.867147166821121	-0.698220030784519	-0.224616322784528	0.467119634508554	0.654378031548678	-1.40324618682826	-0.916123644651132	0.222773410927776	1.36309988657529	1.29265660852604	-1.02223573287479	0.304329509725731	-0.757824941390979	-1.25669072848973	-1.34558808592827	0.332877579974839	0.068349963660023	0.153236422443361	-1.28794940481108	-0.803677251574017	-0.898414526955494	-0.052936832752269	-0.913765280144654	-0.584790173971375	0.973645244049613	-1.88836511644532	-0.831675273106959	0.477635071206792	0.393790061561528	0.65092658422626	-1.82937341629256	-1.55094374005923	0.243344239529422	0.407282001410849	-1.56773499223159	2.506091818635	0.811560660748867	-1.21803071849618	-1.26618137759518	-0.389758365190274	-1.26016268293787	-0.70275201504354
0.398632402657162	0.618756604065571	0.253500853729911	-1.75661428367779	-0.612465552193188	0.955446670264033	-0.132257400417445	0.14565417932725	0.321751767238447	0.766824178633916	-0.17637329915667	1.226631138239	1.77957040819282	0.568219633812191	1.21402207903959	0.420215082526155	1.84827684203856	-0.055224891411844	0.962841541864522	0.711363448820963	-0.481717262679354	0.65435386242476	0.499511476176473	0.442979172770458	0.957359509176343	0.169243194439404	-0.605036583856564	0.925240373985162	-2.00871931911852	2.2584552338885	1.31151214185966	0.195114398220139	-0.28153974044072	-0.206365857585799	0.659879769940601	1.39673500623044	-0.407338782290877	-0.536558623214675	1.91448787925366	0.1145789652689	-0.4250951231486	0.891641002178989	-0.2594197759343	0.732145180247985	-0.744646944675157	1.6453477250237	-0.563719930648192	-1.33848837646679	-0.470925537704196	-0.146063717393059	0.638319693033039	-0.661229110864169	-1.01456753686998	-0.817603493859797	-0.45628166167131	0.252952260288095	-1.84473616375479	-2.02113871486829	0.181228362446491	-0.0632159496796115	0.782921495830713	0.185759640933167	0.429979749597932	-0.800953551089002	1.30777502824355	1.68518824348869	-0.759500110927927	-0.305147040234863	-0.306711376428555	0.475343872662997	1.12676452923534	1.66511970248158	0.469277588307697	0.0144294584285066	0.518909553306034	-0.404173298167888	-0.379984891088916	-0.80185670099539	0.401626712380625	1.01103958990664	0.0355081592217093	1.78717196988774	0.133050310745661	-0.950974645647884	-1.3614852856889	-0.260981010072745	0.0624921327950328	-1.52261632983473	-0.316995103701098	0.732716248253802
0.0586121411580161	0.488063778465266	0.299365688961776	-0.666088120425636	0.71264647333342	-0.273432979739809	1.02098917570258	-0.00857116696961356	-0.627467486738647	0.348762581913959	1.5424830059412	2.04024017447843	0.906541566202073	1.24777307159297	0.992040192665035	0.794745568549065	-1.00204093272331	0.280727549414752	-0.130610436503258	0.253224472775389	1.31026273756181	0.403211391481116	0.199088561275366	0.438583139232886	0.862314828430212	0.646868648055573	-0.552380425701123	1.49196186612595	-0.223048347835479	0.313656486161119	-0.101105050662069	1.22250459583521	1.86204589511311	-0.202165129248842	-0.14325678874359	-0.951009681436029	0.284834206225939	0.914829174909125	-0.862229714843799	0.678953315664752	1.73583723462039	-0.0787934774633781	-0.573623879243164	-2.46008611659014	-0.536396646984293	-0.315689871614457	-0.251793816138801	0.573940964989516	-1.43977190331086	-0.697765066438744	-0.380155974477575	1.84058603429426	1.2770154675084	0.907331496888965	0.558879159342891	-0.505133792455417	-1.50728941206652	-1.51836278580285	-1.44204109514985	0.0202131014732633	-0.72522821464973	-0.844621642025994	-0.553810104501781	-0.0118697313742516	0.0441165721313743	0.138952432017277	0.912351805143024	-1.67048262466081	0.306410590082363	-1.31190808463073	0.844330498516138	1.07778357527065	-0.348394245753161	1.62533037529318	0.978239395013159	1.74337051138722	-1.59748410779055	-0.314319798479657	2.39523435498712	0.989381195950279	-0.133040587050852	1.03304176188959	-0.488935015802909	0.145922461433183	0.00228980291009031	0.117360217566238	-1.5880799996463	1.21914026995043	-0.0782109311592261	-2.17193932168638
0.123003676211865	-0.80555884393588	0.0747598423438586	-0.1543582932659	-1.48477201881433	0.972325948074824	-1.80578109498506	-1.52667341327678	-1.73273640140562	0.794662142739456	-1.2077417171986	-0.0512702783820201	-0.0406787105211524	2.59330664800441	0.829405142385469	0.562490245251548	-1.81900395809487	2.26927391712578	-2.75016475165806	1.67436807471136	-0.115599274424512	-0.280914497427822	-2.71010785634354	-2.04714229459039	0.124085098228715	-0.131150487742843	1.09346072887734	0.901035836069501	0.435023013342372	0.0608258823483026	-0.249655799788287	-0.401017633254552	0.796956808946966	-0.548622919515603	-1.02372278047206	-0.414593941600237	-1.90940565348405	1.36729880423321	-0.980667200261288	-0.775834507751682	1.0341414280101	-0.341907131895151	-0.885921195057113	-1.30561759244223	-1.57949471270419	0.701272081393956	-0.00696251703108367	-0.597049726062904	-0.304645209255093	-0.160527294422631	0.524528095238299	0.6548166407497	0.751325976928074	0.994550358736537	1.50609684084444	-1.3828671545522	-1.24581052922332	-0.130059672995254	0.785036797020454	-0.287521870931054	-2.0436896049309	-0.713797643218375	-1.0919208201792	-0.651943137348962	0.114080391550576	0.993089067058992	2.22284537565826	-0.928081946783459	0.395522509241779	1.18957889212626	-0.721070269938686	-0.769306350332394	-0.597470651946599	0.800869711891281	0.293733891676365	0.158749787388524	-0.283609730644874	-0.0574321804850973	-0.481182986930591	0.0402648640113002	0.29028111725713	1.37613827758981	-0.662143327196157	1.45417051181059	1.83659100383718	-0.162933774988014	0.780052444052806	0.741780094935507	1.21865740016155	1.36336025726224
-1.21053375148853	-0.496176442376566	0.570723399381281	0.691374426837962	1.10443711657354	-0.0435341522652235	0.118998407410304	1.25702091698969	0.261500909085245	-0.397277197124388	0.700104123188701	-0.887410897810672	0.16580756209275	0.227364315955367	1.76195036449404	-1.2205300415375	-1.12194847868298	-1.07006423368586	0.377830688992616	1.17681267250723	-0.47585369274004	0.767904971304557	1.46307181569799	-0.772851807341517	0.875962967004833	0.434606167982397	-2.51264830542013	0.843868270827705	-0.710005067140671	-0.345157871482055	-0.423698564005516	-0.198519492662524	0.296262464714348	0.505709426835	-0.0258186707086994	-0.384550533762935	2.30809296431442	0.374364654873838	0.64704670729034	-1.63762298702773	1.16703499006123	-0.360434895845079	-0.0729571021544636	-0.507007205250699	1.86845089890158	-0.877330171036853	1.91010998444065	1.36485123650445	0.5560078519241	0.747917744380123	-0.247160830228888	0.00189840756792089	0.0142310036896337	-0.0363370382900465	1.05213331105509	0.145826693891042	1.71861757577092	0.912085502077801	0.370468987642555	1.0390272544748	-0.299225910329392	-0.272978793657131	-0.200225757274801	1.53980721600322	-0.203053789662796	0.0700205654987026	0.408722961086414	1.52568748712216	0.160789246308083	0.601746393176297	0.144050876769025	0.501080504940811	1.57172002301716	-1.4698280965853	-0.466345822890208	0.0364254431457181	1.74546534541993	0.368149684796299	-0.0223971729965891	-1.06045430307788	0.646872824430401	-1.11261010607482	-0.310963169297871	1.67649966351914	0.864301561549427	-0.53466999160424	-0.541698316195769	-0.972655813402369	0.137452066757733	-0.187553574106815
-1.93698122674952	-0.951285637557674	-1.12821098542139	-0.458358681499191	1.29168399813778	-0.348491328033896	-1.65126897974972	0.0100041796957686	-1.90707698589273	-0.560944005613835	-2.13083241986533	-2.33491910344031	-1.51949818812744	-0.114687925359163	-2.03784887004709	0.568276954417744	0.717258939336362	0.757759321304768	0.966735935889298	-0.327736806676699	-0.459454557419978	-1.81537715368204	0.742303255044127	-0.737645350799199	-1.47193832430427	-0.123835173776252	-1.27643237726604	-1.36078248450893	0.707772314125734	-0.0846376027942946	1.35369454971866	2.0548213545015	0.191110515754264	-0.989030961235037	0.287536795427032	-0.67227191087383	1.67182171852155	1.19792162355186	1.24064360227142	-1.69910164673591	2.64506677934509	0.528461141331096	-1.08306862711065	-1.47458804959592	-0.321355057353816	-1.44343079826358	-1.3682322799944	-0.260992653758149	-0.983867058107688	-0.399320015378	-0.262734319491745	0.162566898243176	1.2111690791314	0.481083908873324	1.77582495601262	0.274354517028013	-2.08369167409646	-2.2469343108638	-1.44290766438272	-0.0273214389499976	-0.0729301253637314	-0.285050601093792	-0.203602978736612	-0.117249731654063	-0.289031026292066	-1.50308433742635	1.26473212125564	0.418311061536635	-0.00314150395755847	-1.62976483287792	0.30521984718599	0.0932108834795311	0.784138424813431	0.215218600535505	0.963966339782267	0.148334936831943	0.715309629800489	-2.0664119531923	0.451342741877761	-0.232235381130373	-1.97331198706018	-0.386842383014336	-0.0967739519558969	-0.528461362265499	-0.701971458126252	-0.06414899871346	-0.663071187000672	0.600264264654783	-0.326762725979861	-1.96509170498994
1.5254305731547	2.20896620405552	-0.307546987569384	0.365229820397595	-0.867738523333955	1.56462048442112	0.74471472803387	0.823824345815788	1.21248673472863	0.570849725343037	0.776579153729773	-0.469979074004963	0.0624933543708701	1.46700707297413	1.09294693227937	0.339614380255083	0.791299111835557	0.554976074374026	0.102504026339942	0.693750643541215	1.64899508603056	1.58930797379568	0.130868314147744	-0.472902844547856	1.93361936528929	-0.305314670635296	2.61560612718633	0.798536464279004	-0.266092428423034	-0.063880621372678	0.224585619876827	-0.379417310685398	1.29394797222503	0.800500799033312	0.850985133569746	0.600387885079585	0.137291022196495	0.113318551392825	-0.161583488471365	-0.242554726481387	0.390983831266696	0.870122767943144	0.845723620304158	0.736582973710618	2.30056880123073	0.117757062827656	0.213715608712084	0.0240416647331816	0.133445902137893	0.305831731748971	1.27528555513269	-0.863137933354748	-0.991862252677824	0.663578774029961	1.49857432521323	1.6512975884877	0.954207016432758	-0.237709136289405	0.507500947597313	-2.12581949268681	0.153930228745262	-1.44775330294507	-1.59172802287356	-0.393773036036425	-0.429534819485745	-0.0473881917600452	1.49161141555034	-0.201052161448253	1.85486633365552	-0.702340826185029	1.19406965886108	2.05908951756595	-1.26278003425109	1.31472251813553	1.47342194197662	-0.775724471393971	-0.245719727581831	-1.76937871484087	1.715798802125	2.01116878495326	1.67476162377975	-1.05075440152978	-1.65601446664578	0.842882070981462	1.12248499179402	-0.551243500168995	-0.541332929752538	-0.705599719961185	2.07890095421527	0.999931243488243
-0.22169685911614	1.45380860915374	1.19412278971527	1.41335901455681	-1.28290942792404	2.15343635767157	-1.17071535646785	0.375369208228112	0.0916830716117184	0.0217926966753888	-0.0494354287703845	-0.400377551702819	-0.102022165981523	0.455193468650852	1.40228409061594	-1.4279729463668	0.013978348076314	0.673958801950018	1.0037519287769	0.729897862177475	-0.903987656221015	-0.819025639619269	-0.515204590079837	-1.39591932799517	0.190385499901643	-1.34901975370151	-0.251448232098085	0.389535899348837	-1.0405120781237	0.0845754914340102	0.0734144275981969	-2.13116162917337	-1.27733264400895	1.11154986895703	0.537757326671963	0.689094988188451	0.307953674599023	0.235801932931103	-0.0054882696134804	-1.21287291545547	-2.03306971610298	-1.64291119928384	-0.249881688326638	-0.790222024018775	0.513700639925488	-0.121250916463052	1.49101132816585	1.31938819671482	1.11843341147533	1.8343966216593	0.575412992199299	-1.47463829224402	-0.852177313652786	0.199984749143814	0.27666317049996	0.908563632120705	0.276617582242546	-1.01368083765534	0.256785290783732	-0.347874386697725	0.521609545226926	2.22133131129017	0.545159348396434	0.818894559905074	0.194577300264938	0.883264268466927	-0.00406880485209886	0.0507367909233024	-0.386877289472951	1.69807539614713	-0.540682361387488	-0.381477817721726	0.368790248353247	0.603756271679238	1.12251633321912	-1.8457031763245	-0.317154319922018	-1.19601069266452	0.390920374292941	-0.191817492090257	-1.20909936199273	0.751224147093775	1.09266457472936	-0.657711579355161	-1.13779142864919	-1.40977897937951	-0.801849415415042	-1.12343704066964	-1.09940964728307	-0.153839603402416
-0.280907845397418	0.689393798912069	2.21403404395257	-0.94874721379245	-0.965166424333018	0.981499374427921	-2.2093100228825	2.03380358948071	0.41669372121616	-1.91890397098116	0.738240551723439	-0.576245128276744	0.338148952689252	1.22356135111961	0.833606515485537	0.703636136577385	0.665135255528601	0.498824569471669	1.29910859660587	0.925428260292948	-0.334304098160303	-1.52459710155659	1.42118977261236	-1.46205645748562	0.431601461620986	-0.812836385334924	0.709196209065841	0.17331702047167	0.853489484986944	0.829136108075429	0.895179212714505	0.241552924477237	1.55293986691362	0.691859180104819	1.31634307391952	0.453611167575196	1.44536199037937	1.73533081591746	0.850038245299663	-0.580841433865797	0.647373054861897	0.889229001407875	-1.03938696267697	0.450152187763456	1.23104581385805	-0.412050675246966	0.10614815465245	1.17432789013889	0.672054980927257	0.0458292387239945	-0.411879905461705	-0.752777285840042	-0.352064980380856	1.14783991738263	-0.771379768176718	2.34240809834062	1.54281303475336	1.79564530854255	-0.309410747243245	2.51376211490257	1.70232247856373	1.45652442992543	0.299341816038348	0.733677546790403	-0.413265066780186	-0.863873127551255	-0.470455250789967	0.857746471144671	-0.673758570362402	-0.842934854633208	0.152799840542845	0.184555832280039	2.43070108661966	0.753303020653732	1.06849926456281	0.339063841549245	0.900976079866713	0.683864643615634	-0.0372628395708928	0.484430407300525	1.29100401253016	-0.222197672188415	0.834551064591836	0.757010229758231	0.130890576487886	-0.256899400012739	-0.550107323793243	-1.02318699848356	-0.755299913131102	-1.65110804331251
-0.737205328778999	0.272889210278314	0.222600431309554	-1.20758615230091	0.674026835381815	0.719621430833633	0.167223054151813	-0.00976142599849146	0.254169304526244	0.613542550027999	-0.384823267561576	0.478960470362424	1.22364810928109	1.48519677248346	-0.519789015461763	-0.210306547191717	0.0677201251002218	-0.270772637708616	0.0968777967813202	0.394976246830956	0.0267783095176614	-1.11630232344457	-2.71693079261037	-0.718163336400797	-1.14482602005951	-1.27097173015648	-1.55118076232284	-1.45569670765394	-1.48864688886047	-0.339708443910141	0.683681185090073	-0.427445915585753	-0.321237233003431	0.985296672959119	-0.0838932370529139	1.65728020772861	0.896615517640476	-1.52507106398644	0.25510870537653	-0.143080044206984	0.319331252934107	0.168451017078123	-1.93594258273084	-0.346280283081491	-1.81064689666942	0.244863019619605	-0.445752582534515	-1.39244506785812	0.682050790974805	0.777943008619434	-0.848697840115545	0.220365182065727	0.449582870928312	0.672479231621297	0.480303588289665	0.317567462458724	1.94097823785925	0.486787877021023	-0.565424956414108	0.0437373876695502	-0.0105294684994878	-0.409157606441654	-1.18962696507352	-0.841620328254871	-0.526999381455094	0.180905638316799	-0.549878234054543	0.845415446724027	-0.129733236781012	0.264358727098516	0.0171978321220441	-0.059299808809215	0.314637153097352	-1.01661711167738	-0.560528447551609	0.0869937754112507	-0.444233925624209	-0.0689429485086575	0.3141221866118	-0.0658350787974221	-0.512600007181691	0.0857557416387584	-0.139258316026882	-1.39867583740042	-0.614266038178349	-2.19562658064783	-1.66181386166296	-0.0472139355643386	0.927766716029355	1.7207648586466
-1.35402383325233	-0.32678917534313	1.6515182296279	0.0657944113252903	-0.984437468776408	-0.054640649786775	-0.431157784020596	0.020815265586022	0.612913381125306	0.831622318627546	0.224901952867314	1.31618362321575	0.986037197235682	1.57532939338247	-0.341526438212325	1.77751603400196	0.349653488831772	-0.374106474501984	0.875012051948449	0.0326549407584631	0.766369789301546	0.452472287061064	0.176041040313007	0.886562489603421	-0.922122199464773	1.0086885170753	-0.962591549023136	0.824753889051071	-0.415451815961222	1.92404536804144	0.390757300906191	0.507878661257416	0.495617946368335	0.458634081149702	0.42560929333847	0.657333626843976	0.566974737930588	1.47844428199481	-0.532152264756046	0.410570379371431	0.0155416166927502	-0.987154744315506	0.967715487514926	-0.55496368467773	0.487270891288902	0.688430390935145	0.0501839195138939	0.870083748514776	1.05704726013857	1.22040764278944	0.778692718819564	0.0808123173984357	0.604441436886807	0.384431456715347	-0.539534965907803	0.429830181312306	-0.437843949298716	-0.24066538359937	-1.6378060737949	-1.55876551103428	-0.752765901277894	-0.0517693864339669	-0.53705926923655	0.159473314189546	0.871036119458421	0.79045343985758	-1.36451982212403	1.15334219878025	0.0417901600342087	-2.21557058003676	1.2056639788501	0.010714861700067	-0.856264866253014	0.809711212796363	1.02181164089166	0.0350387646304273	0.215970611754547	0.124968207630945	-0.521229585657617	-0.242131291781971	-1.35637352606589	1.79128655402008	-1.00382803190313	-0.381058873488468	-0.524214714350496	0.748410761033334	-0.85517210085932	0.375928884852631	0.284970395937911	-1.72784378036198
-0.180489755737122	-1.36686895593076	-1.22687007159799	0.466859768439287	0.431518172715845	1.66218040847731	0.0921136165747976	-0.22716543458509	-0.33899266206949	-1.01721642379652	-0.0175327210078125	-1.16210891107498	-0.912366018946181	-1.42660188413393	0.391555583083406	0.26720460715066	-0.013705986269227	-0.318989883113712	0.503048565101631	0.912581052032225	-2.44624027209843	-0.752976090191508	-0.345019811158839	0.207490075130738	-0.592310915762366	-0.36963692828608	0.106299249733037	0.82857159613624	-0.248687892472218	-1.00963721877597	0.415405822820391	1.00575005065971	0.15747238974455	0.607073548514134	0.941309014000196	0.321228657875594	0.064729352053022	-1.0790384722565	1.24449154244049	-0.541130766075117	-1.7981572582035	-0.996679451835338	-0.566835615616756	-0.500352788102178	-0.201486645486132	-2.94562623552713	-1.24621877142758	-0.584293201197315	2.30090436284988	1.18341762624835	0.0671303146872454	1.72100300898174	-0.521994092203984	-1.39863830925454	-0.369633219353918	-1.66431495111504	0.807803352323167	0.111880854477274	-1.89330181517832	1.72771184777846	-1.12467355439662	-1.3196419024406	-0.855587563678252	0.825235747196754	-1.39315299325668	-1.12402664759083	-0.0880512616091391	0.551107680111234	-0.842640465304509	-0.615599662102936	-0.286658002535842	-1.11769940576151	0.0690631329270072	-0.955385497222977	-2.04016552289918	1.8732844948951	-0.283346798689715	1.26929680426382	-0.580233638645336	-1.13082329841474	-0.334089138193224	0.556883058687483	-0.316536259269141	-0.228607328218433	0.0237395372007682	-1.23817819151495	-0.0809694228074224	0.059054052556752	-0.57596106332119	-0.682207335819274
-1.04959452938166	-2.05359024651217	-0.698187211026899	-0.381090182720337	0.44805601561078	-0.821834328649191	0.281088622186946	-0.434490264982537	0.771419934789179	-0.253041664731563	0.315986647572964	-0.703163734737988	0.066961309567121	-0.561310950304902	-0.681052284809955	0.436654132677969	-0.577395152747035	-0.805264899564294	0.175253862817401	0.232685215080288	-1.3068810865832	-0.0694176674313128	-1.52339954086607	-0.346476237707634	0.369619888494505	-0.0694567037225017	-1.28159122930198	-0.167986334383706	-0.700351391573307	-0.819607791144704	-1.28674110130787	-0.208883911213799	0.492264461165536	-0.885635280996303	0.0807337760616364	-0.152743227895117	0.540054739094102	-0.502165149754964	-0.71514463623314	0.252329963266668	-0.192357984416479	-0.832520408452138	-1.42073516907998	-0.0686225721870372	-0.830885240017243	0.266955237529481	0.584467248534735	0.779510110862409	0.518356280861141	0.195022761849699	-0.330718662119548	-0.347227695169496	-1.47682721038197	-2.08435414496119	-1.4974957120181	-0.804189867728533	0.331890190047468	0.49385621545231	-0.365866913460535	0.381052809007568	-1.15836813098693	-0.851765775046055	-0.303678377095494	0.193924716126019	-0.342281092133887	-0.195478139035426	-0.788739006231095	-0.714557447584438	-0.959196544384096	-0.487184407366691	0.067829506781509	0.964628027957134	-0.591423897277026	1.76765044661623	0.58115047735079	0.613829176152982	-0.00720077943180474	0.815037230591707	1.05961040638979	0.400777651272761	1.61175014869927	-1.24747194195067	0.208822666386932	-0.817718050369012	-0.713175244839783	-0.395601430111307	-0.881781742136424	-0.645758233737997	-0.590670422487419	-0.0956386531286507
0.629052126669961	1.52141387967347	1.07225557093515	1.80395293165981	-1.82106201465869	-0.487440245659706	-0.0694049652752542	0.239156862274622	1.45290158501701	0.338054570988427	0.764223793560977	-0.499997587174806	-0.0916043167233487	-0.314410564188538	1.53817764794986	0.247928674036473	-0.529721720319418	2.4286318903677	0.308485588950295	0.875316483201297	-0.245399476781823	1.08343816573886	1.00822376774519	-0.149507376933038	1.03964752891827	1.60082196247476	1.34403781623484	0.733492711548559	0.594929210266103	0.151838126088725	0.405730405743465	-0.835497921578814	1.17604482367241	0.597534594413376	1.45771902622023	0.846674216019727	0.569371077873401	1.47594600448246	1.91312909913489	1.24321493510225	-0.297109919242169	-0.227650887257519	1.90578834800618	0.826925140728768	0.20153802293127	-0.339792562104463	0.0743599016635419	0.876104115527436	-2.37350364840558	-1.59968200563569	-1.12055240441856	0.549027480309127	-0.543987231918523	0.0606983861360116	0.160357947434105	1.36599261538449	-1.04788842722139	-0.961593837238044	0.339695942318905	0.619084323245556	0.996010442118924	1.08111892280613	0.477838530289059	0.306722365969101	0.255224061650178	0.723829929520303	0.19227013139209	-1.10549236641578	0.171920126418175	0.896733658527145	0.291082199697416	0.551701701657494	-0.403575923371318	-0.350377761334705	-1.1562590106222	0.139328050788254	-0.162368679925841	-0.932388497324555	0.344468683132558	0.0926958142216909	1.41506371213736	0.734953353390079	0.819331207546757	0.505752205884176	1.61467526590973	-0.447830576144373	-0.52289772038805	0.395295760922307	1.87600075553241	0.452321482095993
0.0997122051043627	0.315769942247577	1.29523729651569	-1.02505721228499	0.482627001932084	-1.79442008962315	0.257869469035427	-0.114555458484641	-0.279121430793086	-0.464054774748677	0.633235946514712	-0.558621734906648	1.2265263454758	-1.33462656921599	-2.11135063631448	-0.846880415957775	0.581340623350539	0.0694183215369573	0.605108585733938	-0.769791370092496	-0.0555656115893805	-0.0860673861796399	0.502308531567782	-0.40820110093578	-0.0196980619127228	-0.105148881491131	0.128955583574737	-0.813048047708539	-0.125300867788936	2.13146004812392	0.490826225473843	-0.120642345635001	-1.47788990712526	-1.8179496761282	-0.569287239619744	-0.701998651463128	-0.167716433692295	0.71912427954113	0.0677460010740969	-1.17199455878619	0.448849796386674	0.525288828868519	-0.360185428838859	-0.628282046661906	-0.828941966935506	0.105471406952743	-0.438609066414374	-1.28785603738735	1.45186390839417	1.93611064177789	-0.82690406555822	1.09869037870488	0.708348860822311	-0.732343930720416	-1.43683858760496	1.74872081922866	0.689757325337211	0.761178755410276	0.937895534816715	-0.565659421478342	1.01273709722737	0.40642006114193	-0.732042455418532	-0.822433108008611	-0.602655165393551	0.269365636426797	-1.444617471298	0.522573229458735	-0.3332126710516	1.3787882944965	-2.51333294044209	-1.14211975885311	-0.347941030567415	-0.984899778550445	-0.715267414882142	-0.418268248984293	-0.310068753078947	0.997433379038582	1.77045920175065	-0.685895227414683	0.686504639085081	0.879533237671349	-1.15501728818675	0.974942693882154	-0.162648605011731	-0.264635754562432	-0.275159176997759	0.294720536473128	-0.811100778686588	-0.317108105172109
1.21082670337433	1.30997342827913	-0.793549563836668	0.995856044687552	0.0945420734838616	1.57987237598154	0.33439027663189	-1.73076259503376	0.722079775376009	1.38880448863355	-0.248148641392066	0.00395093410061296	-0.302928115926891	0.86891697519469	0.176320869052411	0.0410540744543512	2.32527652936035	0.756616599259844	-0.322351995415727	0.211986224356986	0.599599716236073	1.11304845849345	2.10514803426416	1.01637925696755	1.661901349091	1.17805894730744	0.581336813209743	-0.138150532638015	-0.124822562441007	-0.70915782577275	-0.274924822815677	0.91673342864696	-0.77155768575754	0.500034210522874	1.2977257240753	0.535718469207243	-1.09488570932604	-0.821659088692465	1.57610746036582	-0.0025514889796077	-0.177496934259725	1.09080482200438	0.809776454080928	0.954624106764472	0.632377117968608	0.448537367712448	1.50049469914084	0.345936570596682	-0.463320038529096	0.51378616782595	1.09623407278631	-1.01442090760508	-1.67926655626339	-0.421829011021448	-0.492430974418702	-0.230907346620968	-2.22137845763049	-0.975004619892274	-0.787491768121643	0.259764612335729	-0.70119859112797	1.03008829107965	0.191565613092778	0.867711125975422	-0.0967834995119444	1.07572922391571	0.225043290532449	0.153308743099426	0.355935849052252	-1.14169282643909	0.88603995651592	0.959140697078398	-0.301576230061127	1.34692886579219	0.611966783444541	-1.20816246146308	0.212663451721405	-0.660472929555518	-0.567270047188802	0.6143649143925	-0.757130163383284	0.55037405789287	-0.545846547662052	-0.716452440249644	-0.556740275270852	0.433823011573185	-0.0324979640854235	-1.05856014455816	-0.836719033114542	-0.182647728475658
0.620555386625942	1.00377173317242	0.206602538362861	1.07545171276693	1.40096722589035	1.17426145157133	1.2973887027611	-1.69419704308018	0.0308828686145275	0.100946792340603	-0.0855126872236131	0.827739150054109	0.74591261731531	0.866707707618669	1.27450340273485	-1.95715846900362	0.229751719139354	0.0300215308867497	-0.124355473981798	0.95056964497374	-0.426415738490312	-0.628721683914398	-0.523929212717681	-0.863073836645876	0.549569878353649	-0.894018979326221	-0.258165820535592	-0.930244283721971	0.750148412218321	-0.618697999952367	0.666578148927031	0.180383951180009	-1.48862147811447	1.222297802687	0.794828411034031	0.22223997818022	0.231059111050384	-2.23760748515936	0.00953955326438242	-0.4114835005768	-1.02912374558158	-0.377327670729843	0.261719569826831	0.266073998571498	1.20087204260703	-1.74716262125483	-0.67055504389727	-0.757954998931823	-1.59164757526814	-2.02968251781532	-0.511530882602777	0.0489691640320568	-0.0450246921187245	1.1592692615603	-0.697077617420725	0.996665097557274	-0.445544584562689	0.574199839089685	-0.58416707515612	0.521965539642632	0.304146327515905	0.190285796121779	-0.463748406107109	0.50962687453923	-0.139442415832557	0.396109489331722	-0.29084550531921	-1.46672984952298	-0.412719328885137	-0.364096860127709	-1.24553372196213	-2.07149309152717	0.601389289230538	-0.436187863285861	-0.170119115288956	-0.889810165453577	-0.0895675032345761	0.390661364227984	-1.78068913840023	-0.666965688125059	-0.894858813434099	0.242681421460134	-0.928169243791279	-1.23157991754126	-0.880052281854477	-0.218014452766062	-0.606413766810986	0.4383784849758	-1.19343829353718	-1.58185496592771
-0.226173779267178	0.339973055445877	1.34668667080477	-1.167342384435	-0.537377592949201	-1.23380619130399	0.171291670637349	0.496030305575158	-0.826861185226385	-0.808296121564643	0.696575583921903	0.00603623583285479	1.78849389723025	0.520108824257377	-1.12803732723579	1.71378787718943	1.66434006811865	-0.353188348557916	1.98412519334257	-1.23321237203419	-0.349697259455774	-0.739427350856022	0.776767204768988	-0.625383206893403	-0.373300115484482	-0.0184892918514265	-0.0917652229271097	0.627843884225914	-0.592497993271365	1.17629406839127	-1.71136646128766	-0.647098261917002	1.81249669613045	0.309930819846222	0.715808362992491	-0.707295757639937	-0.752798100374344	1.00167459921354	1.04998273748932	-2.75228996872276	-0.223825182833492	0.220471208901462	-1.38102169335513	-1.13902823863567	-1.68343106665986	-0.537725174597232	-0.366894919989984	0.614235282772251	-0.205287882255615	-0.792399974121047	0.713096150250126	-0.267953367430975	0.294528899511576	-0.00208596732593791	-0.159308575190081	0.609518473560465	0.942452727051024	0.843907315589563	-1.87764649621057	-0.25859909685437	0.189895688042413	-1.12082029034664	0.328743459299158	0.438240039513887	0.970488580162195	0.0351070358743879	0.0825119157711019	-0.280718191576386	-1.22342780610079	0.204226006452928	1.22324264186442	0.794979813954241	0.0845906374184802	0.796018683910556	0.934201054691071	0.0989357871681147	0.972155203461585	0.582555480123194	-0.389385412962596	0.595552940635156	-0.0126684416062071	-0.0669904958835012	-1.44743469962427	-1.01509268465982	-1.48144461270237	-2.27927424883014	-1.99604101348707	0.841642948796395	-1.00350858908428	-1.51885734882928
0.19746964612296	0.379439144110375	-0.630806003174625	-1.63547666794756	-0.368863263044827	-2.3752432178197	0.0800018573997286	0.399287565502101	1.57507011505982	0.901991601818215	0.53992774427401	-0.979854504898929	-1.6348472518969	-0.259097024999461	-0.489466137116892	-0.518151944941472	2.19153674845476	-1.19041699850955	2.11494746254883	-1.34406281142484	1.41005696680136	1.29423925037812	0.279590179343427	1.48616079024747	-1.60711989536202	-1.26189604036397	-0.506743154041033	-0.74336590389734	-1.39987554967784	-0.982417343280084	-0.737398603590551	-1.44079655125806	1.26264665384435	-0.742225241741896	0.198055804352014	1.0498838738991	-1.08167261123472	0.31153273840707	-1.14809172119798	0.710841733299734	-0.742007235532784	2.34268902333831	2.45034048351002	2.15148095867177	-0.466772896482572	1.47771546219942	1.68220806331536	2.46051011670392	0.567785224681447	0.854896601021478	-0.854525274669074	0.716406489068066	1.3618369956738	1.85191107805369	0.893603902169402	0.806326290746919	1.11520515663893	1.30575976362837	0.474857470603944	-0.159191116110476	2.00030019914057	1.34088946004053	1.70032513355593	0.527180637094392	1.21702028472072	0.544980009186982	1.5565494734923	0.572958512100459	-0.32933051172523	-0.0605916063997321	-1.1405354671833	-0.365322772027088	0.175825348965908	1.05527984805696	1.16004886913761	-0.0697609230906515	-0.0429729686700685	1.37050795430036	-0.248331306711854	-0.294577974796765	1.43780701780958	-0.575135208110728	1.61609530847704	0.496731022705828	0.144542414560355	0.292538380335487	0.207032085800409	2.04671931885443	1.13511355492242	0.280420858586796
-0.668916384947672	0.179370144380668	1.78804044352295	-0.471360170830666	-1.02517874520546	-0.160558810212234	-0.201433980381635	1.65265651049745	-0.667114260330671	0.0778344707391394	-0.234549401785122	1.33792981719676	1.98592294180277	1.68628790835259	-1.3289823055191	0.74156209485222	-1.47157081488289	-0.300224633520248	-0.792521268531842	-2.06366448686748	-1.02346365441805	-0.879354708079949	-0.380601565170542	0.172224523767455	-0.295500702709565	0.495672933784082	-0.955836331873154	-1.5290064121743	-0.853675191317659	0.712947795793389	-1.32762072355461	-1.27293958450372	-0.734142742029941	0.290694292704444	-0.995420308802473	0.660893553975271	-0.500519470285399	-0.635627773830566	-0.991084518694207	-0.0960331826178167	-0.32229151416109	0.015614071261552	-0.973237449065997	-1.24145324268548	-1.79898242448945	-1.11702315891824	-1.31576783121531	-1.7646701670933	-1.03708686793003	0.8095846945127	0.967430939350963	-0.95894031413901	-1.25661010241187	-0.464806104618299	0.140963023549999	-0.0530049814362076	-1.19020292947296	-0.846776027060632	-1.20585374127187	0.0458794880833987	-0.19138614249501	-1.00388507846723	-1.21965559893846	-0.835952348204145	-0.00830375655522939	-1.20505012679414	1.03336108832488	-2.08097846472965	0.757651379092625	-0.406341908077216	0.14073977885183	0.604586471469974	0.390730834391488	-2.03094308114519	-1.32045222717342	-1.68684628461411	-2.41046748398998	-0.679232349860395	0.463471044425225	0.456856551792919	0.126881212588015	-1.16558266821849	-0.182190236610883	0.399746261046682	-0.615580647826738	-1.08391207404302	-1.38552496623404	-0.663393239034073	-0.727229322028654	-1.99925235990597
0.35809334462053	0.0682725000863482	0.184901477717751	0.364515486305915	-0.142992127743942	0.672609492734631	0.613073360967137	-0.085220815891999	-0.0958029982137268	-0.267160448889599	0.997182736739884	0.668323054005882	0.239594627499621	-0.14665618308516	-0.318149662251286	0.911126394489584	-0.654322566189044	-1.55783851024434	-1.01030862416764	0.419560659906305	0.186970097372183	0.641701603538935	-0.757338667934107	-1.02919346326847	0.661258336892437	1.16801953832147	-0.569744091739645	-0.0691669830170854	-1.68637595074426	-1.41126709341916	0.0539917233286003	1.50915351987331	0.115482393215659	-0.929993727952098	-0.656490171007092	-1.60664686723576	-0.170763743197375	-0.283430978117378	0.642186590592205	-0.0788718371311816	-0.309660541061989	-1.36754004842856	-0.432381960155937	-0.942360129097736	0.484933825758675	-0.395396521515381	-0.493278385909211	-1.24988607874408	1.91855302486611	1.14315739681691	0.383088548542498	0.40833624774735	1.09738031692948	1.6237143873995	1.33088211739795	-0.285296515099767	-0.638251528846554	0.00101028751030802	0.850184042452982	-0.626333703579697	-0.796088085980939	-0.0476508633210176	-0.301038459200534	-0.0816993790201308	-1.1873860347017	-0.445452494459834	0.753031406277423	0.888394285322094	-1.05347181354961	0.88915882342043	1.03457853903916	0.834045357542042	0.941123567906623	-2.01819767111746	-0.257167727190205	-0.939904092210504	1.06866345692055	0.228095094771328	1.3011519194617	1.3602312245739	0.554310115832659	-0.519748042343289	-0.970542546033909	-0.565448634654544	-0.595029412239774	0.175707301196143	0.952130796127224	1.19130001477848	0.205672123044908	0.32858660380467
0.358224083234993	-0.228388893219931	1.41494525036092	1.95124478100496	0.526911911204408	-0.576526853309824	0.903849156956985	1.734964383175	-0.540922506427742	1.56386392230374	-1.6601761550667	0.844674675288881	0.354803350591391	0.172344709618543	-0.467471428262662	2.23904230859013	-0.388932860918412	1.2528554839542	1.6428224530136	0.179471348232093	1.42822848998254	0.7799450823573	0.515906445375089	1.10218825908859	-1.18744903151947	1.52082195354147	0.103131645268155	0.130080350481216	-0.0743081103959228	0.307386413841574	1.09909754598091	1.74561054056701	1.63845484273639	-0.153108244603078	-1.01780075407505	-1.23984241507758	0.8018269543468	0.308948091103212	0.615914881734472	0.670994499664521	0.292170263482151	1.30523499511885	0.121307602855257	1.55779403591174	0.638783222439806	-0.419041964741326	-0.176130533338117	0.795533354975888	0.120012315403731	1.10167706984749	0.617630572260743	0.316143925129667	0.729213176838007	0.980243747949838	0.749088866251556	-0.427675045033581	-1.18509057977216	-0.983479481328939	-1.64310875828479	-0.0792374537541188	-0.709831339027352	-0.282083401964216	0.865077894564636	1.11851940851815	1.23942890331069	0.5439929254945	0.38075118406748	-0.641678392625693	1.12754833750799	-1.36945375154716	-1.05170839359194	0.325005030854578	-0.290735222928188	-1.02882203279695	-1.06800366958723	0.280932630910753	-0.545797000200058	-1.33016492993327	0.502148581140236	0.0716547068424673	-0.155042584891199	-0.0561985893216245	-1.13934679043502	0.328245898146812	1.2215969827929	0.23428099712468	-0.0587487428853762	1.51564747126785	0.569566656187774	0.29751477554787
0.251974013737326	0.752430165586463	1.49048139064853	-1.09722870401354	-1.20628068288895	-1.30597393173945	-1.29208342897422	-0.724437350503817	-1.22663650973123	-0.618745526603328	0.135491132684285	0.597552658237288	1.77446679953828	-0.404776751620957	-1.33877684131607	-0.612442208666717	-0.531573847486711	-0.184988576809992	-0.0934713608611449	-1.26278106239862	-0.380407718722732	-0.970966404132864	-0.47653759683735	-0.663075344011489	-0.788616637163178	-1.17632527320952	0.546978403484569	-1.22355549425402	0.0516879589333358	1.91810613617886	-1.39586912971754	-1.0040485062025	-1.13129471966396	-1.06591892205035	-0.552822305090171	-0.813188510030824	-1.00101483397387	-0.998819094993383	-1.00688623499066	-0.905154097189122	-0.102949617863003	0.853451671370683	-0.556865558312548	-0.740598115339088	-1.19613365459992	-1.08021138936254	-1.61892028662807	-1.38146575315043	0.419707868749236	0.886473316522869	2.708929971949	-0.719815285964362	0.056613322411479	-0.480257113163633	-1.10019990385824	0.676741779508983	-0.650482626866676	-0.659357150644634	-0.933184696660034	-0.262438884138478	-0.267661649279354	0.227853832743428	-0.0687008132114012	-0.738321229602178	-0.541833800907926	-0.263389714195463	-1.46021059199045	-0.894121804242226	2.51591529399307	1.17587541417508	0.839944353987375	0.884647279839955	-0.0181866677616549	0.955841406957258	0.967891415068839	0.114319723083302	-1.02703910886734	-1.97130944505627	1.42829267068485	1.88636814311562	-0.519564008439534	0.743564800363619	-1.63400568079656	-0.0751932460152117	0.131351039446984	-1.33000205958027	-0.334824534480082	-0.678629754233933	-1.25480287297908	-0.807292718628764
-1.4143790903399	-0.880770019928699	-0.54919908102625	-0.389719581533371	0.728897063807926	-0.432882275256478	0.301170003786519	-1.00913074074866	1.31252502668871	1.61784477446818	-0.92911085883581	-0.648100202195789	1.35193244633665	1.84859303209012	-1.46881886905263	-1.27733990807479	-0.667288106000685	0.812827599629458	-0.465179967020061	-0.144102222011056	1.39944342367944	-1.71866765303319	-2.46405375864648	0.166247072445204	-1.77007801251006	-2.98431868920201	-0.706136119700119	-2.47894223619291	0.0203710698326744	1.03979905795104	-0.314021282500366	-0.786152126551789	-0.123065405856432	1.55057450284251	0.645828961887184	1.44464639510609	0.436586945174727	-0.109719233557587	-0.938753696122984	-0.825843495933317	2.21507240228779	0.685782311547692	-0.718385145382333	0.908942796145603	-0.481243028502236	0.369384783516662	1.07789451609403	0.727808940459987	0.165597673037347	0.541448745285217	0.778828362674669	0.802087557805937	0.362522315998725	-0.829729256817469	-1.42929800149291	-0.392472566664318	1.52172768827472	1.5487656777312	-0.137605005190383	0.257840909175098	-0.155448559533363	0.542947110544199	-0.271773012923624	0.389508476595534	-0.0307023191974185	0.0173732815189924	-1.88301531775945	-0.204600683235465	1.03876390550029	0.709134129434854	-0.814170074117316	-0.627112179647017	0.171219952332283	0.0365597561153143	-0.000150151023198499	0.852146543084533	-0.137797698491944	1.14457594085156	-0.168021693275378	-0.134363056757706	1.40526187408931	-0.682921980877248	0.962607318273827	1.70378993547865	1.70136548643221	-1.86278192853584	-1.27963285627881	0.250821225754086	-0.655813021371518	0.587904911277879
1.30506692737948	-0.855226964258093	-0.699506321494931	-1.00243321507859	-1.42800851936503	-1.10684630527753	-1.32684350401567	0.570122000507201	-0.772262097120641	-0.624084593487715	-1.66485143609759	-0.914620111276032	-1.28577138733923	-0.728120183649326	-0.39680228378087	-0.26619306799503	0.695004041733259	-0.453162670959838	-0.973514238439385	0.586491619125499	0.593065473696318	2.15208924759676	-1.70501326756871	-1.09663547852298	0.515258463079227	-0.660587147002982	1.05574714370765	1.55592304080822	1.48613749206525	-0.335019323184283	-0.938683228943163	0.385715985863774	1.60058776567156	-1.06756535829433	-1.48672827561264	-0.513049227799007	0.294321015493352	0.186811734726194	0.0690394482097143	-0.363151341674357	0.140576104771612	-0.71343592912681	-1.82757998962572	0.468933608263659	-0.150600249340426	-0.314545274250915	-0.0558192776415242	0.231718211728497	0.408217033950729	0.493735807628504	0.598415239573052	0.19765500077719	-0.790386845072659	-1.08372768174288	-1.67983934586791	1.07367386275341	-0.131847649134309	-0.484465258781483	0.31054827157035	-0.152106826188357	0.857294102857633	1.22854152903928	1.07751950813966	1.54659661732846	-1.12054137072525	-0.63081673673377	-1.68557360929579	-0.531525453563255	0.674683370264821	0.575337128042509	-0.995343565347238	0.141663944239639	-0.402388043764668	-1.11679308544617	-1.19352424291977	-0.676838759158172	-0.79191430400832	0.00951151735922875	0.920716555205633	0.578569131452346	0.401974952552894	0.639576123340819	-0.467392094646773	-2.61129344963676	-1.96663507774144	-0.262838152804579	0.236292108385432	0.14879628751186	-1.5619076586059	-0.122707629296915
-1.38846154178531	-1.15172106344645	-0.587183466418025	-1.20435720531338	-1.82934885572099	-0.222214356760374	-0.549348584456904	1.349479072438	1.01118084659422	-1.89917624511222	0.88486210213949	-0.64700399054394	-0.187725808525947	-0.20973110273411	-2.1871523583163	1.70467503531689	-0.80184638611372	0.528519784802197	1.11831833292966	-2.87038110683035	-1.03885015433118	-0.547208776570671	-0.0438259903385533	-0.544730813957943	-0.267307004878665	-1.29401216466751	-0.134482402436278	-0.505021965582237	-0.507732420657758	1.19790122896546	-0.577918139949365	-0.518046075524565	1.10134876176509	-0.452515828544645	0.810850175486	-0.234443147669142	-1.44770324914049	1.02560122705661	0.517151088382187	0.00633572429974956	-0.620534745953407	0.31691438394554	0.0119332668392642	-0.791488896900745	-2.78603145032257	0.331490380474105	-0.702620076605617	-1.23978705724324	-1.07634058715657	-1.59785800030459	-1.15238526454074	1.48739494204238	0.14293854464796	1.94689084364486	-0.953527349070826	0.535787446416551	-0.68561176381662	-0.0117209836032477	1.56091838632735	2.71956692131492	1.0241652449646	0.153367593290533	-0.8121706837625	-1.18136433337992	1.24972460364784	0.492357642644057	-0.56003404212458	-0.54097579313135	-0.706238175747821	0.929629806296481	0.121227291160852	-0.296065326904439	2.15154183057509	1.39632478323972	1.16587544060786	-0.532659752007704	0.793183796931362	0.271076713554858	0.138781156579099	0.117630041832368	0.916246291035838	1.19481915453577	0.163516887795323	2.22298405887366	1.56155765141748	-0.0665564781975686	0.372559938865136	-0.492672345896259	0.101211876664681	-0.579667024508461
0.739675328934773	-0.863709168144545	1.12572866343888	-0.420282780444757	0.228527545227	0.386972318314823	0.703998151385337	-0.0447925953073618	0.896107364584946	-0.983848334222692	0.042401914004964	0.0144290538338909	0.679767659029546	1.76300639348904	-0.371107324165961	0.266453825342207	0.306223724396117	0.345561473847999	1.68436345083445	0.0396468637984715	0.862328550241905	-0.241762435338026	-0.908744008515027	-0.976021610485426	0.581577037872275	-0.929174244102281	0.13157921778327	1.02902629932342	-0.646435564976466	0.31961137163443	0.491412316272345	-0.320339812082335	-0.248124192816848	1.49776537981564	0.966988409267945	0.817761580085834	0.0960582581040311	1.13581790576418	0.285890029256588	-0.866064030146391	-0.98665006794324	-0.0430423534296112	-1.1162629814156	0.0583462213519999	-0.925221619621602	-0.570446330924182	-1.37611777313719	-1.95090111995125	0.157666501925266	0.895663016754011	0.0192178591476136	-1.42582713905055	-1.2010496007138	-0.746249160447706	-1.04021880348671	0.571173334655789	0.00743677674055184	0.04565984386186	0.0664286319006566	-0.170467238337298	-0.786765039778232	-0.927535712492192	-2.24335923312968	-1.96003353689045	-1.08922988444483	-1.88252276120938	-0.223234778159028	1.08253765570577	-0.210193061179021	0.468592466108849	0.654340951636327	1.51728516899186	-0.423258124050494	1.15943963457884	0.668683748934797	-1.22430317812556	0.0224522946255344	-0.514184787407777	1.46236844970152	2.0461388122243	0.951908627060675	-0.798728357335916	-1.99502945812942	1.40897137927788	0.456821043444822	0.375799963248044	0.287723456369781	-1.91033408633447	-0.27544444818392	-1.49803993925892
-0.0448368942287445	0.753188134231618	1.11504746466324	-0.449940151910462	-0.0824787151104311	-0.102322213376845	-0.644301837722279	0.720402380285472	0.658969518069284	0.631349697069974	0.117703695716551	0.227792519910929	1.31101007759074	0.021024365525544	-0.892031550446302	-0.0752306140321631	0.77854499905778	-0.715676013897049	0.426122423399446	0.0637682881296283	-1.18194658512989	-0.260585860421435	0.0762213907857301	0.347776723407119	-0.313031103760467	-0.564530344727754	-1.13486595319833	-1.80783360178663	-1.37808906432703	0.295664933552292	-0.605384345123198	0.977679719130007	-0.186356375437183	-0.167076310582346	0.428577856897356	1.01374749323022	0.484107679464278	-1.94406182513685	1.33052403621615	-1.25251853356418	-0.187339543045763	0.305996771963587	-0.702618948227157	-0.0762461083116275	-0.186784252371429	1.00802016359337	0.970980735142929	-0.453666370351505	-1.39310843728837	-0.698623347606964	0.232686447179647	0.955182244308707	-0.276532625554633	-0.0472861068534905	-0.826341788192171	0.486602567338415	-1.31047448907293	-0.191842735642454	1.56754858677975	0.923534143837375	-0.197489309036703	-0.105300676773542	-0.902896527408381	-0.9610975989713	-0.649013244902421	0.420531259845885	-0.775116545982147	-1.08747160051885	0.393595751139884	2.44433910657265	0.333078463434146	0.205978626013487	0.30859109687556	-0.78396342264795	-1.04936184862793	0.326056518103537	0.0215243875551756	0.062598303888914	-0.882153111732013	0.208754241579818	0.380414920816945	-0.699534914325719	-0.0370588423583586	-0.0317906018115798	1.01321808918537	0.81655769448926	2.39045979978868	-0.464801640388665	-0.0424328072517476	2.43696476326001
1.2071265936374	1.2773197838075	-0.212369623061177	-0.634485171628165	-0.419655304166404	0.0833102940076052	0.0853060790209784	-1.20979714728958	0.977233095450359	1.0607279614631	1.64032951582638	-0.396347885947375	-0.377857044986722	-0.106491051335028	0.117300879379535	-0.520427582704596	0.674548784451414	-1.69476239125709	-1.58544746239689	-1.79462560243881	-0.436980680353455	0.972620590470136	0.709860025191323	0.367224841818824	0.505900011353763	1.48994775263296	0.220734016602912	-0.804892692448322	-1.20543673116066	-1.54960207305527	-1.0780896307988	-0.0845675942996131	-1.5489955458258	-0.631962851104219	1.3708126121739	1.23226900148483	-0.447600033014978	-2.04496519750356	0.348266326367704	0.245990893634172	-1.76363072762565	-0.733285499505319	1.97516823628723	-0.132293294881416	0.170596232484084	-0.990723777960583	-0.745078759520277	0.576987556917452	0.243634984008071	0.866204576806719	0.292236856380985	0.318462809560523	0.814173116852178	0.416990969253485	-0.918230580511424	-0.406822333335073	-1.45755825031995	-0.707780870090035	0.132255351406289	-0.0904201515144653	-0.495146078237214	0.226154565258853	0.783058470280338	0.633562477028399	-0.966697746370795	-1.13785583519296	-0.108256540436331	0.536764339400198	1.45258158585389	-0.0160139047156054	-1.87588749363866	-0.829932956661271	-0.593707241461719	0.375041535239911	-0.203123202679997	-0.55003947531175	0.485825450558995	-1.08302289321713	-0.370490020092751	-0.331367791220006	0.836342597501163	-0.628604373079424	-0.0605426156586875	0.365830256328617	0.755316173294951	0.022781472990048	-0.892028519192782	2.41526099471087	-0.468176028593198	-1.40105168920315
0.811028524422372	-0.888829610370696	-1.50473132311674	-0.00907010316752437	-0.31525707125482	0.998956743822197	-0.0947164655806248	-1.01618162937729	0.35240333297644	0.51324772280181	0.185031209411987	-0.118884327168211	0.301266864856628	-0.866559131996644	0.809255902406651	-2.51479990432616	0.939507268337132	-0.0231374201222899	-0.167202149245486	0.383188009302065	-0.564457632547674	-0.384640634916148	1.18604205034802	0.89947227159929	-0.123692029940612	-0.110826997510806	1.5928110597741	-0.0173640048574317	0.726549733708663	1.58259857515554	0.670897350312173	-0.818197256804934	-0.62727697172076	-0.980010434372428	1.08590424352535	-0.778069610391821	-0.0199214856717733	-0.52203007704386	0.692543447130128	-0.059754040822953	1.35256285295987	0.415538585434957	0.0947427643638852	-1.18290146952235	-1.01036903105694	2.23753611982722	1.75781093147515	0.739613905260245	2.03026816682172	1.5074467935632	0.0959001206936928	0.607448528357121	1.39702757575723	1.49351048036123	0.609164024110517	0.31875537986482	1.19599130957132	1.57145739033518	1.07614627689851	-1.55750835231219	2.02693407796377	1.98193178764275	1.36409723541729	-1.10960753974392	-0.158787584974702	1.28389686478631	-0.533256551122905	1.82668770903335	0.650758765470805	0.314808741657406	-0.836802888466379	-1.1089710881373	-0.35399293713814	-0.87734917675092	0.126843080137974	-0.258177522541997	1.11318583217878	1.49853082265108	-1.00435393098595	-1.40400048446318	0.286277968902088	1.63345191774953	2.73695471898115	-0.645301063067186	0.037165696446934	0.88598196962616	1.43768807651776	0.73102069813349	0.029589917518353	1.76265115514832
-1.2533517653527	-0.737512412832597	-0.0499836866301352	0.0934253704348693	-1.82925171101803	-0.178749467826063	-0.412272127959624	-0.0264244990817202	-0.88634771310471	0.280437452805252	-0.493369961829385	0.902015210466129	1.4721623043535	1.10592142146693	-0.575812114482631	2.1075543112634	0.10961085747639	1.27992490833258	-0.409875362823648	-0.459565039774955	0.900702070805363	0.15555422644361	-0.765138182079133	-0.456002513935452	0.578990945954975	0.415466053630335	-0.429874773872171	0.712454948597084	-0.538293368909772	1.33898782439181	-0.699405116687906	0.536430834991492	2.15071645602723	-0.583784498162562	-0.754059897294576	-1.98028278773767	-0.782966278520634	1.9280101180647	0.23919336557783	-0.953888364263469	1.45630579842771	-0.167730322504992	-0.540886080068158	-0.739980080922467	-0.705735320134893	-0.0845741214479995	-0.159201197328207	-1.54376889704186	0.341891752208395	0.392679425757489	0.569956139678148	1.49062741483234	0.680606761845984	-0.724716335003497	0.864279403925303	-0.515099827070357	-0.0555879227389832	-0.720696882439459	1.56513012139335	0.759479554550235	0.140987705087906	0.140163689805602	-0.5483259918104	-0.0783259765393612	0.000390027612608789	0.0273391698242536	0.72052738990333	0.72602360332162	1.0170310288458	1.43368294339428	-0.242600065407511	-0.313319095982881	-0.0314123872887462	0.647578318225547	-0.0808557836288386	0.322895051228358	0.745007389451483	-0.764354874786032	-0.18274079681574	-0.29820918133741	-0.974537126635754	-0.269293557963567	1.00350495407678	-0.866228847425095	0.290263319049443	-0.42586569133605	0.545058041937149	0.812034515043014	0.481859118819225	2.4009970980694
0.264857710271909	2.54523773969346	0.979417272227175	-0.39672007125068	0.962071283264461	0.608776883044091	0.604808509884495	-0.664790766980041	0.392308881246268	0.810714296043959	2.19829307441448	0.662988384008497	1.02711374929239	-0.056296669298986	0.0257360138139049	-0.364471048825006	-0.0562043638733549	-0.124555246598558	-1.66153349953068	0.895520097978377	-0.616242110229313	1.38398300331309	0.723394583292519	-1.08034635483156	0.910819937631747	0.980984454156147	0.566774019848247	-0.0258419210541035	0.321519941665886	0.510673357553961	0.781699245993613	0.408402136593446	-1.57300311365126	-0.692885705178629	-0.130924818807896	1.78052811617059	-1.39359067856343	-1.43743833009479	0.690547779786619	-0.668261383956157	0.468103500871966	-0.663609361984868	1.58271137996029	0.138082297179297	1.80337491213327	-0.0391375245680356	-0.351416873505446	0.79732421993445	-0.0867853508024732	0.707258529518484	0.543792700462137	-0.610897386367942	0.451701035628016	-0.703229536930415	-0.13598754270861	-0.29777579915728	0.209188998127385	-0.394597416737441	-0.344350776514241	-1.74340788638137	-1.11218200194519	-0.115933210139657	0.806250842641151	1.50509955200222	1.75977823867621	1.63660927103488	0.759375337913196	-0.800681754479451	-0.0105706819857646	-0.278254633401562	-0.68870264678316	-0.103901703114454	-1.66371740530023	-1.62424349619025	-1.62392295247455	0.568097254161628	-1.41585375972097	-0.723817461519722	0.920959666923221	0.502837957387685	-0.745246923420159	1.39672008229557	-1.33679471985201	-0.0178523553885978	-0.934336935394599	0.600427070580013	0.369244401988672	1.01426419427137	-0.0390391703110939	-0.4981420271196
-0.249654919445552	-0.931705055150625	-0.746213244526479	0.750855855303122	-0.261092376763391	0.206004085484744	-0.217947402359819	-0.112793159401286	-0.686776204570124	-0.206406425522042	0.0216891466366847	-1.1900221308625	-0.861736190831829	-1.30954336127099	0.0746102073049506	0.914008796627502	0.535884386968056	0.581597332790845	0.338629078411197	0.29885145161466	-0.344488656551783	0.283173040263781	-0.679784299290755	-0.963755243468537	1.03117353044252	0.400666099734532	-0.571023838431049	0.512513098575374	-1.06926622493153	-1.53073919100372	-0.710789473700799	0.396053789165263	0.967901310822988	-1.56196342581151	-1.57937763220361	-1.58348807651225	0.688844890225246	0.653519386972571	-0.426353776062112	-1.07246087152599	-0.365908831996958	-0.885546146696493	-1.64585085626018	-1.29640928355643	-0.923494532280708	-0.508357377490555	-1.8785086190379	-1.26058421786283	-1.24850380794363	-1.85014463800075	-0.553396894072887	0.297043498307461	0.441804421726966	2.34852886144423	0.149459541601075	-1.50055313010496	-1.17246868992275	-0.397330556277587	0.107323512163934	0.269736473512518	-1.41398804480777	-0.610446991877368	-0.00149479499610452	-1.21106768260426	1.52580957728839	0.437456086280564	-0.3742738393173	0.683485593036908	0.530843154807256	0.211910922557588	-0.820698407123197	-1.05893063945261	0.0946609975716032	0.743324667977837	0.496091881053669	-0.348057793506569	1.56117029163905	-0.46958100378723	0.353380872088596	-0.0506078239847058	-0.394261058605255	-0.171105117650604	0.248710880501681	-0.414256756868591	0.567332243261499	-0.517030057780578	0.230508533194323	0.787486550546072	0.556628667444152	0.815504422546344
-1.51772579476478	0.369315208098564	-1.40597898402381	-0.416801034599551	-0.615920616219013	0.150452933227763	0.390736256389768	-0.451684037800393	-0.23709339079339	-0.269316838321911	-0.836515662197305	-0.954118793606297	0.147117724159391	0.141367652644511	0.401312308762891	-0.00598951317926794	-1.34530866550406	-0.268271215601144	-1.38121647207781	-0.54104295565511	-0.486224206952688	-0.0854415334022067	0.0304070294922039	0.35749742428286	0.919217767650745	0.224212189559256	-1.08283608858523	0.80415140670377	-0.737760865237273	-0.241615602457388	0.395265835637578	-0.605974150071964	-0.910746797979801	-0.417035894350503	-1.85751968230375	-0.854780372414833	-0.576181904178358	-0.127118523460417	-0.594356177347055	-0.963220600146991	1.15364220818273	-0.688484620949954	-0.535802790371066	-2.41980386051122	0.681386908059315	2.0244137235568	-0.0725252650382889	-0.329376617362249	-0.388946629535889	0.144129991781509	2.08669682763739	0.871278517055062	0.764622158948571	0.179507525722173	-1.26812633257426	-0.594256162801199	0.786294312247388	0.28987985347898	0.776236703461228	1.18488126776285	0.0560064216920779	0.748228502581716	0.863989136596798	0.0157242785577788	1.39185748541224	1.18183187099149	-0.812650779818413	0.60336936120393	0.939142891111177	0.0551677957384274	0.861891352923161	0.69370708672908	0.692611669325865	-0.208137277569481	-0.40154031011866	0.60963367454698	2.55616307787352	0.96113311808286	-0.658835711476154	-0.35717512234008	-1.00578602006682	0.689116695487017	1.35506955687189	-0.667153123605145	-1.59277998142607	0.308149644585636	-0.537921051853526	1.29098668980058	0.140253451110644	0.330432908116779
0.756103271355135	0.802627887200343	0.307955478019624	0.265212337463015	-1.03879793098053	-0.797710420295091	-0.0608792591412157	-1.06585673902664	-0.260037862095667	0.316637348526569	0.412123238904423	0.516211318077815	1.26847796989639	-0.425176031388714	-1.5616500413181	0.774956805202102	-0.193182278311819	0.0830716512597268	-0.962949183101496	-1.22225908447639	0.287449604312838	0.306374396664516	-0.436441248273163	-0.472752486999953	-0.143198199844127	1.06959822142433	0.0836007786933146	-1.09703078638804	0.920658709237578	0.924076779974061	0.0557276437461371	0.786146943009369	-0.538933296182453	0.270685656155805	-0.0998302029821833	1.16448154188902	-1.11750078268875	0.143363037454557	0.759720681008162	0.375132487621	0.19650604204776	-1.39117820121472	0.800250471245472	-0.251263672588366	-2.20177831452834	0.349879076218707	0.542404571661613	1.20413737328046	-0.0452180211362069	-0.714982786830673	-1.41875917754742	-0.28417999995796	-1.25674159557221	-2.35003381850318	-1.28466335581883	0.683668094063957	0.487066836281847	0.669763831017069	-0.372931527467622	-0.715226132203823	1.18517530262436	-0.219810435267853	0.311235038555013	-0.516672595427551	-0.972381285289566	-0.657919262751476	-1.74618348369583	-0.292902290028129	-1.64653249561389	-1.05745379336351	-0.472836002409469	-1.17083553446924	-1.16976352759816	0.138713768338247	-0.481534084969137	1.32253132917614	0.0378457146246762	1.24464816664564	-0.804550656850579	-0.821125086269369	0.717571390208847	-1.06837783953556	0.62819131268638	0.612726026797376	1.19057786189537	0.819775251546726	0.281235356886665	-1.81434810460694	-0.0116473671163304	0.879569073952421
0.489328501254585	1.68355131763393	0.941486993055521	-1.21478145370845	0.786506010116148	-0.689579406648233	-1.70709942314022	0.670512485250802	0.112008945529392	-2.89351742260241	-0.814520212907738	0.230804443864988	0.954118662875964	-1.13283599498396	0.407979000422052	-1.19641077857551	1.30088984616088	0.244778509643832	-0.26947692482846	1.75657998669009	-1.02777464574446	0.829626128330647	-0.212762705327601	-0.658416989549878	1.10284862183764	-0.330726942625887	0.225039295423572	0.803474565378345	1.64787977786342	-0.577786682636459	0.230951101145981	0.0860917825198204	1.12847072060357	-0.32097759547043	-0.0434932880913525	-0.752550820122052	2.83429540750918	0.533627939014733	-0.938864087058589	-0.375637896470783	1.31193733438759	-0.143014188885173	0.406584184701762	0.23922126097277	2.50711006803121	-0.27211848012508	0.273660836523054	1.04217410402145	-1.59461145314939	-0.923456656925577	-0.578706788438955	-1.56346138788215	-0.566330403914535	-0.143145176160334	-0.318513517843104	-1.35016209254209	-0.434200993714719	-0.513380335832762	0.116488738713351	0.598010736138647	-1.95276978370234	-1.52090397745231	-0.604516421008333	0.49554678163082	0.684340808099981	0.171870877702873	-1.22137262365481	-2.17679666826514	-1.01274915377625	0.120750903921598	-0.00284107470881973	0.509604974556072	1.18078999664387	-2.20702647409884	-1.11576599853343	-1.00120527015853	-2.21113593708033	0.0173100976323577	1.71961236902728	0.745915431601962	-0.973858170243363	-0.0341894718228733	-0.787881439328504	-0.312873715848164	-1.06163518428737	0.57122322750611	0.612547026142489	-0.298503127561127	-1.08925489392593	-0.0134491209683614
1.76414624479194	-1.52092093298286	0.287955401181034	1.08165490979562	-0.503215958323502	-0.202581225366645	-0.0469535664102644	0.101830064714573	-0.101771658168512	-0.2632999117715	0.399783982406628	-0.380296341625412	0.0185116766184438	-0.501513220471567	-0.401776913174264	1.18488798248154	-0.185516452626983	1.16136098942712	1.88135153424627	-0.151744419796694	-0.583398473959555	-0.330895046708156	-1.43330798141139	0.0226885902858018	0.372376426502408	0.317355563525938	1.27914112317536	0.0758974384488244	1.30304573448607	0.808621261858067	-0.263431422151961	1.06731771362206	1.27441584047284	-0.178194165679188	0.842829066473999	-0.163737512319836	-0.324244216675961	1.28207217484312	-0.218271900349496	-0.703593794445006	-0.462400140475244	-0.657472940802288	-1.34406342286329	-0.859878648004596	-1.28116981784895	-1.50653629029109	-1.0796994372448	0.354020959329524	-0.689309588658778	-1.278015456147	-1.29163422432772	-1.14744006880166	-0.705717828794321	0.872958460809732	-0.351682327709487	2.05678068756556	0.349088077040103	1.6938927031967	-1.10537559370742	0.634713787078022	2.50605493163934	1.15874831381119	2.49021882693076	1.10630928637837	-0.640838115363956	-1.16979975229858	-0.669956317219033	0.292418780921429	-0.42579316175941	-0.663310609617589	-0.938429778416468	-2.04553796766022	1.54255150230789	1.0043784908836	1.84589982575299	1.45438599022229	0.263372534329324	1.47187543966153	-1.58535648569103	-0.544780638726573	1.0259013330374	-1.9739782861459	0.562554813989305	0.3437177143003	0.375029444286076	0.767963478051109	0.383165562604963	-1.77553954957218	-0.673540984899673	-1.50350817571776
-0.0157772723470603	0.62627557894201	-1.40716196504221	-0.231590677547454	0.868793780383536	-0.165514969028985	0.575093422301382	1.79967257319075	-0.654177296272084	0.182307223799874	-0.681717415370087	0.0216213468902096	-1.20376621428252	-0.705792005781905	2.39454816119803	1.12178117386229	-0.283839201103353	-0.370295691109384	-0.12974932200604	0.707999681001892	-0.253262116608435	1.93143428224562	0.426717478017197	0.664182990476184	2.47081172819331	2.05630249244897	-1.05659018974989	2.37180434554974	-1.14455470143798	-1.82503411007009	0.85484687206298	1.38772849259256	1.18076236760784	0.0730188572937379	-1.43364255527025	0.0743940074672927	2.46476805132973	-0.451362455537367	-0.122550652889295	0.626454651455992	-0.547094556269104	-1.88741546577779	-0.269001213218918	-0.969116636058427	1.63113292179403	-2.14956646940654	0.343022196426517	0.541276418808658	-0.117926428625283	-0.300017922920946	-1.77862327561467	0.643883535119437	1.2342910699476	0.576770225975002	1.49039493899774	-0.330978018861408	-0.470071182539176	-0.450610564467451	-1.26909382229328	0.5581207910427	-0.843153231625476	-1.92792087400496	-0.59134089790178	0.349779986309782	-3.06580804515789	-1.78976380000149	0.826950609572518	0.37676702756602	-0.20212727067772	-1.56274439207246	-1.46656925773524	-1.28689706112648	1.21399090931967	-3.19930120484162	-1.86731301113725	0.696918328901986	0.244136468175712	-1.01429166938972	0.106805933402308	-0.938863368851328	-0.968489908351372	-1.56190133817598	-1.37663509161392	-2.92592293296484	-1.61142385515149	1.56794825128726	0.647661159124267	0.0716561717819776	-0.351901671630714	-1.03600312776629
1.15082820083165	0.843090941977767	-0.727133938784532	1.24060418887826	0.501844826403242	1.70247929132007	1.05110417037474	-0.697889654567804	-0.596381914682514	0.734421430347648	-1.01339443188385	0.824797050645278	-0.652859050475757	0.845405858306631	1.11843901375935	-0.264664956301031	0.96821096971346	0.179251537026284	1.10545295520553	1.13179092681177	1.80313856635634	0.792092554748641	1.64623172862952	1.61308347393784	0.166356340078714	1.71436403673896	0.33128994573625	1.61801843302849	-0.430508701436805	0.256801477767795	1.47778600048587	-0.253217868318011	-0.819795734228185	1.85587208163811	0.0873670499680656	0.0209130735951888	-1.22390397119893	0.431685018169965	0.676555476486104	0.181040156150217	0.0397373153291825	0.958951035193789	1.11895838023794	0.826360310533845	1.00384997041227	-1.56953280580872	-2.03402719411466	-0.407001601800043	-0.247190244044059	0.230753021897781	0.903277091704989	-0.142172865840709	1.77218978358765	0.30296949083328	1.89914328033336	2.02051989665334	-0.233201899419282	0.142722383282009	-0.158578474502653	2.09426596934156	0.852802555797513	-0.123422300172691	-0.492173641373721	-0.381322285896471	-0.157451328630472	-1.3104724192663	0.274290029010928	-0.184897236128799	1.62672343118476	-0.591505015705049	0.834595664283337	1.26891610170881	2.21635294870558	-0.530519832893714	0.126455182893806	-0.00212547923628411	0.00708459449332852	0.24304703828269	0.872065861431015	1.00080365948535	0.628445934705092	-0.233777558942241	-0.506165664404686	0.932296097260428	2.2768017718012	-0.350451644143014	0.190967931904582	1.62456802512629	1.06908242927559	0.479831455671232
-1.46185203504117	-0.728693653329123	-1.22429101886406	-0.0862853457085579	0.0514612565478274	0.0365735366206288	1.66502176743629	1.08917122611594	1.33580930969623	-2.26926547682834	-0.477320710201518	0.354736396606724	-0.044068040207909	0.200849819252247	-0.202274139287552	-1.90823412612625	-0.464466768734714	-0.242371982488369	0.0444718856758046	-1.0793619624791	0.0341965825723525	-0.759045290199168	0.321294346906187	1.77381497011266	0.68559430129899	-1.64126684449892	0.25011157774289	-1.15063170404487	-0.497300292213352	-0.30648323323134	0.233602124091309	-0.655404406493779	-0.759205140790613	1.31384546182414	1.68006101469594	-0.630132613211621	2.16672707529483	-1.33613242660167	0.031496510753277	1.5237818091917	-0.795933299312345	0.854206521954295	-0.203682756672948	-0.42466121829104	0.235940471917305	-0.245308277877882	-0.722596471832335	-0.811861197366112	-0.553425037768551	0.145923753091468	-0.157329796126865	-1.23881919916871	-0.37120973066573	0.232862544472656	0.204843898943251	0.337360568612265	1.46296275587483	2.02004752865112	0.376286121354495	-0.462668493546435	1.05579981329879	0.412583453613379	0.346154982254006	-1.3173116233653	-0.563591668634471	-1.17299605721033	0.908910267765956	-0.0421268857198577	0.484343811512149	0.391020132208451	-0.792574857724716	-0.62386330930802	-0.358345462569936	-1.57656202625051	-1.29001602159503	-0.907212759608628	-0.314981221704493	1.33482320190483	0.111522079825757	0.176875028748635	0.0110069571372367	-1.46006220142018	0.718632277600938	0.795848313618772	0.173674698783908	-0.126525986244484	-0.204440040446589	-0.544698220400801	0.582534156314632	-0.346352240153462
0.309750224986576	-0.234408367716837	-1.04835912095858	1.24079011036845	-0.0662493896782414	1.16478889239962	0.492140611486035	-0.150393431838382	0.350330521907407	-0.610838905628558	0.388535646099611	-0.274664416876071	-0.334510188117659	-0.350256619617596	-1.52747687978787	0.973668911785596	-0.858303498476419	-0.577492641049135	0.920162619701123	-1.68934903879475	-0.411197003104149	-0.299437999969049	-0.0217656439575126	-0.146902876636499	-0.602587631569245	-0.351586936048593	-1.07777594147545	-1.53388482130396	-0.586365545003509	-0.57707552564203	-0.783609500438329	1.147965537349	-0.201626387779276	1.48776732171348	1.20020444680749	-0.40993873256031	-1.29814004735179	-0.607528236010105	0.778831552637596	0.234008277461356	-0.787713731062037	0.834556811384608	1.82332240368933	1.42992959975765	0.143657476838948	0.994941517730749	1.11146303346456	1.98204200957172	-1.71547872920852	-1.08696259014746	0.141993021471265	0.520510385560249	-0.183915902058481	-0.3734172455907	-0.45886191241703	-0.120994887794517	0.0669050207639993	-1.00949467212984	0.167293707750248	0.473230684833493	0.4884105952555	-0.954061514456345	1.08874097856741	1.29440282448205	-1.07606638844165	0.466743309194994	0.200284779278494	-2.04021679593367	-0.44632177795744	-0.126490314856226	0.449772956915363	-0.0545592275821347	-0.057520372725743	-0.381184797253392	-0.731614244905428	1.19489519348473	-1.39287483631581	-1.90047716155466	-1.19535958471051	-0.78446198678219	-0.570470854066579	1.33584644901846	-0.85253477421774	0.540208418291792	-0.061053250463931	-0.51514335293664	-0.920641845531235	0.59460241505805	0.54110337028701	0.0653252354158843
0.219301280445102	0.140532172050823	0.337746222264119	1.16224148312893	-0.237359759261378	0.153541001971753	1.10316272474076	-0.833826276171658	0.684106614079942	-0.0569964548595313	0.638827607568983	1.2185649759174	0.856586662953846	-0.411331242890679	-0.956939599137282	1.03773168203869	0.7782966437599	2.55477901168031	0.638378913693128	-1.30482759972284	-0.124263300828005	-0.793566080287837	0.436943850768797	1.94449646794496	-0.132496232023549	0.630948701796149	1.63140914835141	-0.596892729915998	0.9868166781491	0.450262496861763	0.887028282504029	0.543451301922184	0.188606324648031	0.0116576171487502	0.585930288722902	0.0391308975594036	-0.341008588396638	0.779059886588384	0.0605100042513453	0.603626248674223	-0.550889733147663	-0.493621086466683	1.21904769438415	-0.361321562654338	0.00431521011749532	-0.098372494036424	0.176910203337679	1.41036220465087	0.910860186877164	0.116294105282802	0.0878128932944467	0.0416072857655065	-1.12509960984028	0.029267878112925	-0.919057271311791	0.525022598861572	0.375358990940305	-1.36711703013391	0.567623037785136	2.69878484584764	0.985338326469705	1.84803118184136	1.53480380635164	1.68825814623341	-0.469198174901656	-0.802487530791136	0.103020298261235	-0.0596309610655368	0.146704462586188	0.211746922788387	-0.394001782664146	-1.2110342191338	1.37843757431002	0.107194508014065	-0.632025965490547	0.755443815370145	-0.733282624116166	-1.09579289723897	-0.969607319623808	-1.53869584141575	-1.02055018729901	-0.467281928887824	1.4748634272576	1.38246085190844	-0.234779379980906	-0.657128645726972	-0.655865869104978	-0.420635001966736	0.703434871827677	-0.502353470273252
-0.707498096627278	-1.28436833556148	-0.547909745924671	0.047298717891717	-0.107295002452169	-0.617021534860615	-0.877497020901859	-0.766212132690978	-0.55777856539875	-0.0972002848238853	-0.127564920203401	-1.32100714399407	-0.9789557313891	-0.356555748301879	-1.03468218542508	0.313363730373121	-1.50312457296154	1.30177091631519	-0.509115325142149	-0.260800866760906	-0.599763238045797	-2.83000225979638	-1.39245248895293	-0.728789997852579	-0.844480597957152	-0.543260519790169	0.69448411909096	-2.18876517328338	-0.0899227104695843	-0.259150495135955	-0.689027571885861	0.417133654409771	0.300188449139215	-0.247244403265773	0.0340265180999573	-1.32653491293781	0.390430702648412	-0.38874117472246	-1.29981345649564	-0.519163830988888	-0.411565873129736	0.162964943988843	-0.569364469948558	-0.0440008248147444	-0.00161264043237692	-0.452482542953637	-0.123146697734184	1.25197993402982	0.395619821549804	0.106049035260201	-0.722864179676458	0.486273688917269	1.15268349747821	-0.204827508818561	1.32644277520582	-1.00846516358796	0.143622004997061	-0.060176415643245	1.86086938252681	-1.41577925355227	-1.20850733339637	-0.841760004093825	0.764826911205733	2.05568751543596	-0.535763978500638	-1.11762605100528	0.785248400964707	0.908307839849846	-1.53959227402597	1.73728529856012	0.0237317895995968	0.174108530268275	-0.843247298822175	0.0386496857027933	0.292051096654041	0.626263133191776	0.0936617547883638	0.416822599445334	0.0987549078581058	-0.20451767070907	0.515206994637157	0.352969499799569	-2.18530293956295	-0.719663256025506	-0.566974440429285	0.810044908498473	1.25195216176577	1.26929627166686	0.98734318203791	0.306908701532625
2.1797938428848	-0.0518969183025035	0.325093285738334	0.733386299691486	-0.504172136156515	0.889444430568942	1.130332626995	2.02501648047814	-0.311489395441373	-0.0745347009703707	-0.0856384476054289	0.00822644180433924	0.438424774453312	-1.07503208560435	1.36209677301471	0.273823937300204	-1.03430608758166	-0.0437038339576373	0.548647396388198	0.485967148085525	-1.21142536654189	0.515358546281338	-1.0698555810969	-0.786735835927747	2.17069135785533	-0.0183119935759597	1.04066811068596	0.524380458073281	-1.37838324687504	-0.168246434100854	-0.344012039843986	-0.122875358392442	0.00547547855525806	-1.30038067934265	-1.22497824470583	-0.767086572350855	0.864750870884425	-0.83156716404006	-0.715054810648202	-0.602697496643954	-2.43214304861141	-1.21058828563539	-1.82030711130542	-1.18972645105779	-0.834410492256926	-0.164648397417013	1.87457406464826	1.65814592000987	0.500812523293968	1.36267575498934	1.5730568252719	0.090343265290925	0.99290319467621	0.274581203687278	2.85533263331104	0.185288087508772	0.924370043456309	-0.0474162197334312	-1.48303738610275	-1.1730509001446	0.512633018358194	1.30261868899928	1.43822604810072	1.75332100269594	-0.688922833308486	-0.709672862104673	1.85111939124938	-0.797646373395039	0.70658022149467	-1.23279362711071	2.10310172736396	1.23919989473741	-0.555300574199536	0.193735274466447	0.514855173606415	-0.0200027153962392	-1.10783338725774	0.305473112802186	-1.12838315079014	-0.409146333100715	1.42254412246799	-1.48568709369638	0.554728025361829	1.87289868342651	2.54123082806315	-1.08031769021242	-0.461139001702217	0.918722171490776	2.52046708610119	1.63080008892201
-1.22282234502595	0.727368525963081	0.151829314852001	1.3017094350196	1.86761508911633	2.1081497961731	0.10058556167927	1.71365052112631	-1.39195749877737	0.534541137743539	-1.8182049940074	-0.147317326691752	-0.419295000942444	0.915575270416488	1.35586561077365	-0.0798386590574105	-0.953262872376207	-0.740730888164571	-0.526030148197537	2.72022810250862	-0.120686628322371	-0.182238248204971	-0.849256762414594	-0.450639061780435	0.163307683496174	-1.01185467903483	-2.11282312467935	-0.157516196957381	-0.5900601493276	-0.160777862160463	2.02556388664852	0.671847532407563	0.292673275839182	1.13875725523229	-1.47774402852518	0.247425423778484	2.00238463171013	0.347484426519257	-0.47504836798982	-0.0344936124010586	1.21185628119213	-0.89532766745457	-1.23228306108837	-0.852482537068595	1.44133715836833	-1.16708694600403	0.00847049790231864	0.57790199469005	0.24723076875992	-0.760950115311586	-1.26959667847227	0.531102139006544	2.26796562024976	0.569209337999243	0.66840815141372	-0.467022950696419	0.849851690499638	-0.801894743667363	-0.583341100769057	-1.44237777162901	-0.0403232299439218	-1.9517034665443	-0.449695167245687	-0.368476882607139	-0.253938992261545	0.563544086910697	-0.184123697626219	0.197668564649563	-1.45910311399723	-0.538157323889215	1.0982215956665	-0.369891283313953	-0.144964041398593	0.785980057328905	1.60836059832531	0.83641898826975	-0.213400711872739	0.543249600077267	-1.54072993696515	-1.89015272882609	-0.865827104755573	0.351895398734586	-0.802790801732552	1.12638354161409	-0.463760803294832	0.85956306726752	-0.370483974946641	1.2626754917018	0.0502645128300616	-1.03136394051857
-2.58324884222188	-0.404125632005098	0.256589864571219	0.907418943090533	1.57618218902936	-0.361201092428883	2.52197963618944	1.42750486403552	1.40212790287883	1.41574914331755	0.402505279647675	2.05434897086832	1.75025161305179	0.466572901352895	-0.0141592542908313	-0.362159949283263	1.24021715063241	0.713918013865795	2.48919123011851	0.0845151451953017	1.86045682654724	-1.38909825364901	-1.41860459441555	1.7594926623302	-1.15499210523143	-3.56873203843353	-1.95793290531961	-0.3436227669775	0.475217789300906	0.481239615055424	0.324157900825777	-0.914882658956014	1.11780145088736	0.737805987081724	0.335110296358319	0.810454850239536	2.41615626456039	0.151376204765476	-0.352277736076401	1.23823370206678	1.62903176942915	1.3737542747357	-0.321805238954947	0.940774261602206	0.30101049082681	1.28812677737057	-0.52758600080036	-1.5044484559968	0.738045833697543	0.205155195286715	-0.310997857819769	1.49331903546125	0.0304709921278887	-1.13684429533055	0.0344529052741937	0.14254153878163	0.48699650628054	-0.395938677711696	-0.257500080145656	-0.685929915904893	0.422421065910963	0.485940670190551	-0.371419120170565	-0.306724470896048	2.19430640741165	1.22791947558845	0.524059469700513	1.38972087845707	0.55362840539918	-1.82334696038143	0.827753406042825	1.10768904151257	-0.859260956069054	0.00693239655719198	-0.30868711365013	1.09287600664282	1.34221307813449	-1.14644701536572	0.216127190245448	-0.0093311918846413	1.25545954649007	0.236546310222704	0.842704813580244	0.696947253220258	0.519428509681148	1.63824054526685	0.572799503072577	-0.477506414900765	1.35284322455462	0.182044127555379
0.493488650840183	-0.48177501408821	0.253865920811924	1.46613141770624	2.45727686304791	0.205949672387026	1.78882075048324	-2.20337994593752	0.102114259512193	-0.124353210436884	1.17590697526807	-0.691383406647024	-1.36490158724273	-1.95619210426343	1.40802897774258	-1.3210007905221	-0.20594391575002	1.87168289536958	-0.958338689927554	1.94336224435797	0.643068380276517	0.742238432524375	0.288204451186804	-0.394446926543479	-0.345140784482984	0.955419744160154	2.55993776300839	1.5089200561374	1.22920492168301	0.633771796448714	1.48454239533001	-0.00547910363441315	0.774950111519062	-0.501701555908838	1.63814707495893	-1.83325663339255	0.745077846235553	0.783966332080749	-1.03142116383687	1.47495532982181	0.0506057783938576	0.566782706141568	1.03665163070424	0.715512082972789	1.09218231222654	-0.757448455885046	1.17252118995171	0.669550742071257	0.423720104333235	-0.132301415033421	-0.715205538952715	1.33134223079246	1.28653533009277	0.015749771018258	-1.65809085621812	0.168095194309245	0.598460893939545	-0.140349806623487	0.888032161934201	0.845269664539194	-0.210100056069853	-0.724957354072265	-1.39428768966389	0.0044207163208734	1.02572813523724	0.168047112578019	-2.25662701915524	-0.589357428640715	-1.09622104525038	1.85486281399788	-1.24998476345041	-0.919177428687854	0.705543529073719	0.52779139656492	0.475352639415713	1.72327854379271	-0.685350736141486	-1.21368034210218	-0.220058030987464	0.081403012715234	0.5338980143871	-1.56648954654911	-0.359748643767235	0.280684994316847	0.642461442830367	1.04780316673681	1.99793921254209	-0.151032674321493	-1.86112040012031	0.693071251861124
-0.0302445264814155	-0.0774793614946729	-0.775201571575628	0.640110776018182	-0.0729025644617205	1.61185744311941	-0.283221444250404	-0.297036606779032	-1.18547299617434	0.716489218653801	-1.0663004558136	-0.115558791416059	-0.874120434169309	2.2701906423756	-0.808332160467756	-0.196773875469715	0.209909370503064	-0.244043458686497	-1.24217726300028	0.277559540835411	1.63520742509297	-0.252982114059184	0.52746565810687	-1.57172596638353	-0.75195307288659	0.119299403324261	1.12331637649644	-0.33696049663724	1.26371058855007	-0.247718604189243	-0.135011168113557	-0.400538180207732	-0.523929004521494	0.539422855618633	0.0825076506715721	-0.88518198129633	-1.70859356982651	0.133985258643599	0.967250582008416	-0.538312289828331	1.04716371778362	0.719463873340902	-1.1341314571467	-0.0929754720526092	-1.17717070228642	-0.65009738047449	-1.05626754422607	-0.784906464013475	0.187927669280772	0.470270707368477	1.11316523387215	-1.69806049510962	-1.09794271983045	-1.65711426676233	-0.67365290760449	1.05029968886887	0.482748181242025	0.336988506482541	-0.511872249646759	-0.129993676864005	1.43213524229695	1.52624458383123	1.05309865192512	-0.412928407365899	-1.59854330778087	-0.961828896691713	-0.888312793446366	-0.797043762498191	0.550378962613045	-0.853917887572498	1.41799138816527	0.844054167261284	-0.0824772708922186	1.16376628181797	0.974291154245783	0.0433727496382204	-0.949240270764627	0.316557802513603	0.276784575995005	0.854746120440192	0.322834869925686	0.0961556325252376	1.80017894160662	-0.329147413242116	-0.00240407077481987	-0.0136198592674408	-0.734861295105467	-1.27456312195356	-1.52551512524406	-0.856667160400301
-1.14335402021718	-0.977189139457953	-0.789014691603919	-1.08841078560931	-1.1077262563357	-0.327574381579994	0.353068180609386	0.169408332000112	1.56101635594812	-0.863985087380638	1.79310317012182	0.21273377397405	0.29532051507984	-0.758735414017114	0.482418280977364	-2.07453233236402	1.21259663697999	-0.596263067333743	-0.345269022770759	-0.88451197285125	-0.45329883864274	-0.0620072868323256	-0.3351373932466	1.35620794312597	0.558638266505293	-0.588003777712565	-0.0760083773995482	0.300915957155714	-0.789155530735691	-0.333791584927904	-1.16756277185403	-2.6992612365854	-0.727862205734634	-0.235942206793208	1.20962849085062	1.49865357240274	0.591147369688534	-0.225440968918234	-1.31793867404871	1.02798378031003	-1.0595619408968	-0.137311350908068	1.00085827242519	0.124131445389459	-0.880487283075602	0.866269293240745	1.29653851029074	-0.783511137416747	-0.499502532200649	-0.931225122271433	0.437520978763738	0.0405307866271718	0.632456731752799	0.692286169103903	-1.23176980268143	-0.0843914449795819	1.75592843768834	0.793537729932092	-0.757627128037512	2.1332113884284	-0.204886184806793	-0.897958917142672	-0.709907947682636	-0.579117667157962	1.3588012774983	2.11825039944464	-0.450681635705356	-0.994200749335239	0.341446264644028	0.451393228764161	0.717917083408104	-0.373841839372747	1.30129861282267	-0.079087696052589	-0.427115560592745	-1.48154132114932	0.145971970678045	0.87460338439014	-1.4907138037957	-1.57074991128772	-0.640002363157258	1.18425021527843	-1.28132855933373	-0.423070328590537	-1.22563670045318	-0.661689105705917	-1.601481562434	2.24111274669853	-2.09615540841405	-1.45839267465288
0.400979640521627	-1.05983383543966	-0.619055686095612	-1.57644447025154	0.719192268672447	-1.32172377229389	-0.737553917737604	1.11446912655472	-1.02625864450289	0.794206383407973	-0.10640413602328	-1.19768562712502	0.0224077858953181	0.00171926573946197	-0.311234244860442	0.896575146760278	-0.52715172821151	-0.590106464169829	1.46144059632186	-0.742738593764612	-0.475779098112986	0.40428966624817	0.0963016141045052	-1.38196435175501	-0.147572289581776	0.085360136443361	-0.321090794432536	-0.347098145147893	0.417481238879311	0.361677482540833	0.359923337383162	1.18111437119317	-0.0058125050368058	-2.6351215431137	-1.51675584966767	-0.111500085264045	-0.484536726547519	0.049032389164321	-1.16670744710514	-1.24924377475395	1.09892292110693	1.15297363044796	1.01667583830904	1.08309616776858	0.617319700657736	1.55905827016896	-0.543629240981865	-0.0740697382853734	-0.499738295911949	1.17968676952219	0.537621962935793	0.111093780094039	-0.195659206825134	0.148939850586438	-0.0515510611446517	-0.591770121073143	1.62471559771421	1.97390604514869	-0.212970814407634	0.0874609032494764	-0.282157564635447	-0.542910301820543	-0.612825291921123	-0.761688687333701	1.84845948815274	0.833733322391254	0.15252767861555	-1.39658751425406	0.928406361021929	-0.767599677925589	-0.916619691890563	0.17432709776366	0.382861194932498	0.0490647532941616	0.347467801459249	0.603308453518443	-1.36852862717412	1.41737028371204	0.100837966356037	-0.154480727554011	0.230768801004887	0.18368984394473	0.0536979153985445	-0.873555228713084	-0.840249521706894	-1.52591564852905	-1.68475676490515	-0.181833404609096	-0.168632002104191	0.268709764162093
-1.549825439639	1.01047367821602	0.580120294768918	0.210664690571917	-0.701493710863546	-0.184730293512639	-0.449472622201448	0.505464605884362	-0.55890407363918	0.767606727491098	-1.42745337438396	-1.05306654339817	-1.39576441307821	-1.33080264651274	0.00096392817362989	-0.441517644202995	2.10132118034073	0.106865138285836	2.15517077625907	0.183018705300991	-0.628125539212381	-0.96218223235327	1.29579394333413	1.76047267283037	-2.24863840273732	-2.08323867328738	-1.43178186910395	-0.548564084052531	-0.747640384941024	-0.432197591402451	0.436822103675002	0.399938910703286	0.943268525970712	-0.338077877557587	0.676164039124377	0.908782610332884	0.485156501124378	0.116842720430309	1.03248943797258	0.989363459053235	-0.763503234981645	1.21339079085795	-0.282663735769281	0.329018322437547	-0.0986487338327147	-0.0361219646308463	-0.506015549340604	-0.0150327640914511	-0.260756821634656	-0.598400723928724	-1.72671014934552	0.106758539155984	-0.0962825588073425	-0.648701132409236	0.078977075472671	0.871100392627464	-0.75187704096168	-1.11035278328333	-1.35215401880544	-2.70475874707532	1.87807260169599	1.2243926696533	1.01836294200303	-0.157316433728273	-1.28633156262027	-0.340700636839471	0.690669178780099	0.751232453894662	-0.612267905167958	-1.11955471142327	-0.900046712207214	-0.669525634390879	-2.13551496675819	-0.160437306063509	-0.147024369798082	0.322197176861632	0.299560033687504	-1.10989006973663	-0.408337917819061	-0.759361725813405	0.523574623941212	0.705984080278891	0.853526250926176	0.642029013569524	0.25222936644492	-1.38581349291027	-2.174868819915	-0.0333688076180658	0.778221224179879	-1.17796655853617
-0.207250643245918	0.480929491059731	-0.860500824667547	0.0343203594058219	-0.0211664065417115	-0.217605752654421	0.0161391962554859	-0.766503409530195	0.721048870830572	-0.492654210489485	-0.963360846859822	-0.14901989255049	-1.0332340922741	0.434727881787699	0.182205955812165	1.06112277181523	-0.233532861750761	-1.55809310953225	0.20008847031653	0.217040046918709	-0.209507511379296	-0.269674878422026	-0.700319026903955	1.19739029157342	-0.811424400491546	-0.673032027969866	-0.742795358388185	-0.760667756994181	-0.57016008379491	-0.985385640836771	0.306654170960297	1.47199567050178	0.652491614179929	0.690429149406492	0.896508943335867	0.471151497958528	0.156837461993752	-0.152162019051417	-0.971661470657348	0.718946489734158	-0.0445791449351376	-0.386551703000388	1.26502241492283	-0.843748069087216	1.43238200065247	-0.397197906501426	-1.10946455516691	-0.402869701980359	-0.454116933217536	0.252803021554321	1.00579865283526	0.878896138180639	0.977950898037567	0.96118882412771	0.511948172468521	-2.0276405528868	0.169824068429949	-0.110475273344736	0.386741966679495	-0.467381957940253	-0.656368372990882	-0.294420588348199	0.624896523786796	0.804877951763312	-0.0806099957381121	-0.00212812095690426	0.534046670542609	0.179751902366238	1.04944926428509	-0.746214189209513	1.14274798186879	0.820372200002981	0.624615249486039	-1.74572002141514	-0.464582312990533	0.811744587140632	-0.204497262640704	-0.259810890584387	-0.600534708846583	-0.281026564617424	-1.83649837605249	1.06170697672498	0.807037728141934	-0.597429637391653	-1.89564786001935	0.362754421938262	-0.474228747778973	0.527986429375042	-0.153124296605903	-1.26691694744254
0.50774356983068	0.39895842334777	1.5154966019494	2.49083457587168	-0.0506004406296068	1.0888455556486	0.427265507757765	0.184201556668185	-0.350990939472032	-0.364071241195016	-0.65998992246366	0.61682993561057	0.459683377700159	-0.692709924470211	0.288212530715464	-0.769167565707378	-0.453757478006095	1.55307359389054	-0.590691414780436	0.527772905392354	-1.04671661230685	0.384314102079066	-1.46646086553963	0.274408712561431	-0.162112900309018	0.154458667428646	-1.04563715965239	-0.360697823164656	-0.460109484788683	-1.1827175483585	-1.16535419456177	0.294492940821109	1.56226824107421	-0.0227861608654151	2.12001752273086	0.575400619336523	1.42371051248459	0.358656994774186	-0.940424207059058	0.9821231621317	-0.499567157603305	-0.0716847061452134	1.08985337080571	0.520611218307353	0.70524728988913	-0.367139281594147	-0.290692933163591	-0.619622114765894	0.393990584219449	0.828578042011476	0.640386918645042	-0.930727740353243	-1.20164548030649	-0.526571513195973	-0.896925897486706	-1.03710453417572	-0.88143699248817	-0.295349529928912	-1.22660221779691	1.57597244591837	-0.0460747952892471	0.394476226495301	0.842055097267919	0.0119449575669779	-0.813523217488465	-0.303022834855177	-1.18723172469053	0.125104719190925	0.210971402563273	-0.165679321548529	-0.16895741860843	1.15198196358646	0.807082620501699	0.612189555075295	0.0841675900494437	-0.15153433924349	0.428160526643613	-0.543118050767824	0.861668562976738	0.397961975548268	-0.108365223806048	0.156110333393053	0.554903466530069	-0.42371320639204	0.255848628805692	-1.03436430767077	-1.29168320274681	-1.43205254193555	-0.738422481823992	-0.218053080903111
-1.66318263177554	-1.31185838080728	-1.49787098519287	-0.375281207637081	0.520265837320157	0.452868750251985	-0.180881515291065	0.660172526938975	-0.0591063544746252	-0.220199973419418	-0.764476060355457	-1.18076894620377	-1.97621462737146	-0.86754562450842	1.6862879450447	-2.05338294800172	-0.447189381017696	-1.92228048216526	-1.07277903212859	1.42871441428563	0.0791591412460302	1.06659625217395	-1.2406443584496	0.484619974702752	-0.571229386845639	-1.79209367171352	-2.72297078643211	2.1328485787949	-0.615336641163668	-0.77939992380488	0.478549832013906	-1.36441395465899	0.313348651830371	-0.341439281812706	-1.20521486236481	1.07798307190483	0.850622533019222	0.555821621281532	-1.33057818651547	0.527782155175108	0.75452129146391	-0.811837038611851	0.0274604145627474	-0.500866065555664	0.542451140127164	0.137175127707428	-0.487816599933691	-0.868873720579435	-0.746664338862363	-0.71107580879852	-1.26753228757984	1.44908202006817	2.0227252165523	0.414494136381402	1.52808041777628	1.27219854836299	-0.426927444747578	-0.871486841437819	0.596472028893276	-0.717799676254556	1.70390192339608	1.31445376251986	0.337681476802866	-0.0763363615225215	0.866921542277127	0.788031175763267	2.60928003590397	-0.306701201782802	-0.364380485004512	0.405748718559955	-2.98620087985792	-3.19507481839872	-0.60744286021402	-0.163463144222175	-0.178040709017343	1.16186796751458	0.239215719936525	-0.446352721721046	-2.74709161588706	-2.86797476375188	-0.803811534143625	0.480686460771222	1.9912993995962	1.38721641976262	0.357749954134752	0.670081310792792	0.751013509136223	1.810934127252	1.65923848582447	0.314962672213322
-1.70243964053324	-0.210340084160653	0.296915220476325	1.90065814162991	1.65381088820857	-0.238079492146032	2.3824946006431	-0.993679134924737	-0.788669528111094	1.45741401152078	-0.394954883443528	-0.0595293580340487	0.521553050937735	0.0439312204689952	0.0463747829434132	-1.01436972082217	-2.17799916131762	2.06448287077662	-2.74058879189471	0.685344325822635	0.871096038007065	0.098269213131179	-2.62225817954563	-0.488048896832425	-0.0330454058609298	-1.76912387135012	-0.528789763974756	-0.305120659666073	0.845714895940089	-1.04666115703186	-0.943389407496611	-0.986575302400723	-0.161529514366566	-1.34659253787915	-2.77221742680306	-2.37262743414564	-0.456939400189966	0.495164725336607	-2.86749155806919	0.198588344048502	0.976941920717218	0.317550693966143	-0.9024828748076	-0.00989945761863712	1.33318923705593	0.465643225463961	-0.372027328385725	-0.0293563486547369	-0.555252811180086	-0.689949731741873	-0.139992469379028	-0.894409801905886	0.364892025587232	0.846766774914137	1.06810633645283	-0.826051906402583	0.683974881350161	0.918049719015832	1.41583369543791	0.957526212176136	-0.909225077635165	-1.13713128514305	0.648211123639591	-0.352675358685724	0.893057270212037	0.0891638753987885	0.325568355670672	1.22144688073426	-0.846825978072713	1.54678479268543	1.31362344850038	1.06960871255956	1.48858901861281	-2.02150834735179	-0.938034472179084	0.521764649343663	1.75974637372796	0.545711574843419	-0.618915681598465	0.36128921435498	0.148965546145169	-1.13391126198724	-0.640762055205028	1.20476686466627	0.951255695446545	1.39627444166489	2.34662729583826	-0.314597009984486	0.235034343263711	1.55161802186326
0.0176192394845921	1.62332858571914	0.503618384032499	0.843966904842957	0.682425171206468	0.956551948325729	1.14465817511833	0.888718949139456	0.340507792812028	1.41741314177764	1.53923327005955	-0.460617961202828	0.114751621842526	-0.0310961657510349	-0.425051969947303	0.666500186282882	0.365126683917801	-0.00648418159098579	0.00534896515727751	0.139107302064539	-0.806051904073672	0.224267306988187	2.13708273726978	0.270890766750407	0.147055841616077	0.970188875588952	0.502783911734812	0.18688200226531	-1.08300533492015	-0.735909998962776	-0.796650133965729	0.239426623844823	0.898759975455625	-0.318284276465594	2.18150232538168	0.739961691992647	-0.626216357930089	-1.02716100900203	0.312616835284842	0.780914530163119	-0.859827395706861	1.14566522260947	1.2263351260124	-0.391657670063184	-1.09166543951077	1.1690854659212	1.18001056469041	-0.0235037833608016	0.216286192780103	1.3704956268473	2.38149395677285	-0.105130535132308	-0.2684565442128	-1.00925351381693	-0.706778211427948	-1.03589795640002	0.0789005673703254	-0.191693328386675	0.278065742319706	-0.18755602276036	0.0152304894822813	0.235268844095128	-0.621207338314362	-1.20524865480532	-0.524157725884884	0.293213619932888	-0.45754242486572	-0.0288306806130848	2.52300137874302	1.20421512231458	-0.588187884497401	1.27223027485714	-0.374615206840233	-1.27301915923716	-1.26747214404676	-1.14831993555146	-0.117424143102872	-0.733348992334164	0.745549487820738	0.829081815390512	-0.392966603518206	1.709876679554	1.65582031838265	-1.29194803789721	-1.25838391147659	-1.5488418631677	-0.765799635197229	-0.903643618418531	-0.742286338453569	0.404615073674308
1.74399391701545	-0.312204808838559	-0.73332603714257	1.18892104039409	-2.21256166083734	-0.491937589120852	0.429397308085029	0.491981898147697	-0.363627721161198	0.676220775359242	-0.223285384721601	-0.350736036385387	-0.169330557370538	-0.453599821090493	-1.17882735839235	1.31590310547359	-0.0759349724526841	-0.0824898032307547	-1.03009911874796	-2.30651950692098	1.57116540693099	0.0967562381789547	0.0716741318856776	-0.194390859915899	1.36314799920006	1.38069225619615	0.80512146219247	-0.627382863612912	-0.904271523671355	0.106376529222069	-0.584472155582369	0.642594893812639	-0.290153823258831	-1.34901231060221	-1.69201192106365	-2.34909338737246	-2.02767355494564	0.968766333581672	1.58792572470231	-0.931258539787251	-0.19327423208438	0.0566619151660945	-0.574404414597623	-0.436802332143852	-0.843332576542946	1.17345882324231	1.42332614762363	1.9346154894324	-0.43495705019522	-1.65692071782463	0.0295968918831756	-1.37527789910032	-1.39694349782758	-0.596492886992134	-2.97803028199601	-1.67984175408858	-1.0605676580387	-0.280027626709946	-2.34540052919972	0.672165457289323	-1.79206923654851	-1.81025005477278	-0.591900238271356	-0.0483467183990518	0.944920800556547	0.751147137339127	-2.15909942029767	0.0686838342286856	0.33123375643066	-2.0953894588796	-0.968947375614493	-1.389626008193	-0.340171297771597	1.26463608359664	0.190801542049371	-0.387479939278371	1.27006087027295	0.410346345062086	1.0770832764362	0.687881394764743	0.303146333669092	0.0478347323394155	-0.800570105725586	-0.490071766915651	-0.673087407498778	-0.408315159613335	-1.2367147535432	0.215636379285375	-1.09992236041089	-1.07504589604125
-1.1972297402144	0.387436265201589	1.03003267184467	0.557909296637218	0.212743784798101	-0.305729669368794	-0.0478504994111464	-0.00818651002186591	0.618219216552248	-0.169878404464037	0.987001324398358	-1.40502485427837	-0.720943131274309	1.29550200935089	1.16191528734151	-0.573304445243306	-0.405255534064855	-0.45581916614417	0.370039982167738	1.31834694365811	0.793670812019376	-1.35116784747459	0.515638346679928	-0.873341676818449	-0.0948646671243505	-1.30580377587214	0.232734656039814	-0.267415487261547	0.479014993283898	0.282100442329622	-0.371569270690942	-1.37509170678698	0.612477082881929	2.45667748755083	1.3086333069846	1.53578282008047	1.12185994894176	0.407629903581766	-0.401818440285795	-0.786922655176933	-0.905795518658728	-1.02429653316533	-0.751309979217933	0.402553403568606	0.986224539659545	1.36242308161691	1.89118550347646	2.17945676957955	0.0368631245719331	0.284195822713017	-1.63627541725238	-0.608054841100491	0.214235483526662	0.0805486613071236	0.59430432263136	1.20474364675437	2.11509876671487	2.10642887715221	2.00530105049783	-1.21854958406662	1.13780248520101	0.390501095757781	1.06236318159125	0.792107794165821	0.515607333620147	0.715687031936995	1.39619758970696	0.348802362814977	-1.14189690262534	1.33152812311622	-0.647787619051376	0.097403234141612	-0.691084161820608	0.665428636443556	0.804209346501013	-0.0312348492296486	-0.135501399463139	-0.166341407665285	0.987311640546586	0.725117858412386	1.58494671568376	-0.818396824025999	-0.244619332245749	0.69299737517302	0.461017661899025	-1.21523435987847	-1.41034281256481	0.7403139253772	1.34066734956126	-0.0714316363326615
1.69707817983467	0.283388402951939	1.08473779490054	-0.480746592670862	1.38142513730924	-0.70688135378448	1.61584853673206	-0.158004611011205	1.64599970617729	-1.13676121616402	1.50144063449113	0.252766594639528	1.48602429008728	-0.433137596506525	-0.205157005116504	0.796553870511384	0.350485741513732	0.628580663991468	0.792248500796349	0.366065239446506	-0.305025188494691	-0.00482830919300896	-0.28996891740234	-1.01129992274249	0.462892956583547	0.399987522045734	1.32119673689153	0.710554658343759	0.985565036951798	0.402222278302796	0.237082231322491	-0.0786322238631273	1.3872352241727	0.948915866996568	1.9284437335468	0.873616301685602	-0.0158465989528967	1.26430603586673	0.67491045163125	0.00156038058017076	-0.0939071765762768	-0.267844638520798	0.738020629158326	1.77910350347166	0.400487506484772	2.7825919257025	2.37256647144176	1.07080817929112	-0.151925373193742	0.110760531185102	1.29649667351899	1.18914022322339	0.550428698648406	-0.75322005545832	-0.150120989803409	-1.86807339112916	1.05917288340604	1.93832951076298	0.257349911803116	-1.60616305776156	-2.04150326169788	-0.880886587579793	-0.933427792987915	0.201905231687929	0.337294878104818	2.16655495319027	0.149027792459844	-1.39773994662704	0.407217962515364	0.00121951395813714	-0.610929973070435	-0.888831238253259	-1.99609006790022	0.813340234538476	-0.0528968707210922	1.11689591397999	-1.67871230134772	1.99200809184072	0.140106837739247	0.401861144773448	0.590663868478868	2.03786076093839	-0.0611841050888175	-0.641025681327836	0.0410916458701439	-1.20896781340724	-1.33364581179328	0.869388481145742	0.75462930863365	1.59234470942698
-0.881806265719279	0.204542207635904	1.38110199124434	0.228224721126998	0.130522139225264	-0.610732123945208	-0.230155023317751	0.671271223766069	-0.176192581523725	0.420628367334769	-0.292547741641176	0.569396173759372	0.00285324878685493	0.961600512176294	-2.0788361643057	0.323804863977974	-0.34240115269078	0.770469571558088	0.292837227861572	-1.02328014202379	0.226567309019799	-0.152979909797009	1.01617269974715	0.18084261686819	-1.62186444769742	-0.333154664168877	-0.526009698987498	-0.576499595320861	-0.1987310054329	1.2559610606374	0.427296592655954	0.430414863828887	-1.07362931715768	0.577976932829277	0.165511243565008	0.659177775903693	-1.23888639028963	1.30743314760348	1.76858028189125	-1.21741410420993	-0.565564243444946	-1.07440339148483	0.897480413848114	-0.372281261611348	-0.528591854284743	-1.56934920218688	-0.824202561149554	-0.205253672668442	1.17896344927361	0.336186173899823	-1.57813034958918	-1.28438909010678	0.364023086917493	-0.045693151555156	0.465743292926023	1.02287265922001	0.637274682674943	0.966366696917941	-0.56661130512293	-0.474986668994322	1.12783666270641	1.4186885594233	0.761918780929615	0.084757897062395	0.249126861171032	0.283889072195913	-0.866197780132608	0.89609538371924	0.222918967472806	0.207943276701156	-1.75831374979282	-1.18343637973318	0.240628620462514	-0.218669609827987	0.419502018832484	-0.743467635393122	-0.201976610368503	0.189644369445626	-0.306607745237568	-0.850164861865028	-0.191795205992128	-0.421921185150657	0.989774866757166	-1.20406456478903	0.150658402981733	-1.81140266696077	-1.33011822437328	0.207804940720936	0.208123558007742	0.280127101880693
0.954450254457713	1.54315914973474	0.752714721885729	-1.40131284323417	-0.799478727351666	-1.39405950728906	-0.820925223993607	0.0902203090386425	-1.02928712767145	-1.43671507300406	-1.0221038707458	0.490960901948044	-0.00487155105511372	-0.243762691779336	0.384437266646243	-0.339226858521149	0.11159650994662	-0.727451104970528	0.860679902706222	-0.757545686824209	-0.0910449962435325	0.645508426009682	1.18612332784084	-0.534137090290639	-0.0223197036168961	0.0149650617681214	-0.423066290761903	0.689504050650721	-0.0576882415795681	-0.454578649043959	-0.62306041712756	-1.03070599992518	0.213458027366666	-0.332856012897068	-1.24534011857119	-1.02443700103704	-0.805322772608219	-0.246089359932562	0.972738982560665	-0.496509229899966	-0.842919436464821	-0.599322969711395	-1.58674563605689	-0.573646439192311	-0.877818992468565	-0.429965645387646	0.662163561085846	0.516811999802651	0.679517131696853	0.255495716128825	0.477140374115671	0.998167692607457	0.234428259703685	-0.306653851604605	-0.958902962819236	0.41130567048867	-1.16504940497475	1.20635795998378	0.369760906031419	0.0847261182620962	0.393004488580473	-1.23176056475726	-0.374363802006552	1.10157519335695	-0.714804437045564	0.273751380318316	-0.422699441442564	-0.0578499171836837	-0.209061808837676	1.47455533473775	0.498865609591676	0.360571004058454	-0.45482249637496	1.21893170135638	0.491197930158449	1.69682253001809	-0.602825283439112	0.862895059909329	0.061981584001473	1.41207232990932	1.46770086548097	0.725349626440935	-1.82897271447995	-0.743934649185269	0.366443226314119	-1.62546058635711	-0.720019607951181	-0.089946704707987	0.283823169451324	0.422781421619338
0.26455761150102	-1.17570684570848	-0.075381358028195	-1.12244307712832	1.84560155147935	-1.08199720828052	1.74813220383784	1.4113920105865	-0.0927422801586173	-0.233855080415201	0.789535003801283	0.683906406189864	0.755074678101821	-0.0977335478127491	0.822503932725209	-0.791681362957652	0.0110089012170358	-2.09512631798304	1.32494745320971	0.493237830215128	-1.43538191507639	-0.591417259171605	-1.32586558612243	0.537739471257808	0.226598490138611	-1.59284726731962	-0.417515042055382	0.82905651074926	0.337942827919339	0.374453844058097	0.129818188828028	-1.18086625070452	0.0693833001521113	-0.45529183183031	-1.13022946395665	-0.424745752103613	1.1213769885241	-0.593828902577648	-0.112601467110365	-1.42177315314357	-0.954363545406504	-1.68904967934606	-2.17725688628072	-2.49498992908737	-0.555652546055366	1.30624726368392	0.532452488805512	0.762720949057306	-0.806341981778021	-0.798191134756178	-0.926471652685968	0.674960875987894	1.74062111520473	0.990521381144809	1.56164839253641	-0.901337451294342	0.423645717425786	0.255517052869063	-0.984991229921276	0.298621469935896	-2.05892500206153	-1.57303566152355	-0.900945424229357	0.257008205306886	0.524097689542828	0.406737803705089	1.08130380392653	-0.0508242676962427	-0.663856073804951	-0.940953197727771	-0.997804179425414	-1.31821072002332	1.14511317455067	-0.303197082637647	0.641530753986789	0.881843569713643	0.14929610954622	0.235218501895894	-0.540903259760741	-0.753458648641202	0.488104688277138	0.350125992146894	-2.26869652736283	1.18712168678356	0.78289182157544	-1.25523941916287	-1.29147329776045	1.67892354902292	0.584801867827226	-0.0693851054567222
0.727902694410898	1.13477067363128	1.69308962955494	0.497564841713393	1.31113345211544	0.358223656189458	1.11702834538048	-0.712621756924096	-1.84295087731572	0.919354260907133	0.549363368265576	1.18473644552667	0.281911277320903	-0.963696558941668	-0.447878479270803	-0.343276213329699	-0.958828654934807	1.56475688836949	-0.815241163423294	-0.805661946240695	-0.470308842240844	-1.9228796450412	-0.151854332464834	0.0534294551647579	-0.543364748712842	-0.593606572122866	0.753762960082099	-0.0287954464934796	-0.0791646737449104	-1.05033193709201	-0.400587929754966	-0.269244268642365	-0.909877538624429	-0.857904641474984	-0.293719487523692	-0.226816637556222	-0.256742666872684	0.114756129210448	-0.859507412407556	0.843072098985075	-0.846434339919148	-0.988344967332957	-0.751506618078254	-1.07869456037557	-0.418034089813708	1.0221759000964	0.271022687103873	-0.326203537293851	-1.18728344792428	-1.13621398840754	-0.633998253365155	-1.68032595873514	-1.26057463877458	-1.98800051873092	-0.0865545309778818	0.581820260248053	0.617541085414234	0.612998810698496	-0.136178821124951	-1.05002417024538	-0.595136746382339	-0.536391098246466	-1.36652652345814	-0.917728505525047	0.460586710840045	0.719378205135014	1.2419323999465	-1.20857983104334	-1.19868943005882	0.13936389864189	0.0464461264883004	-0.0998483460432748	-1.84788658184917	-1.36573896922636	-2.12283297992584	-1.95234485863349	-0.167857863176276	-0.343099637357359	-0.389432631381646	0.0463849429151411	0.720071318366047	1.11533830639361	-0.741737267787365	0.632736747936771	0.599594845909005	0.259454130438298	-0.37765586945097	0.33759252260522	0.368329497796215	-0.134328671771535
1.29956209742634	-0.351073941116645	-0.283585980631701	1.15153166920222	-0.769579588422845	1.73806098615191	0.0190152926312872	-0.778616932843863	-0.633885547307118	1.05227601334665	-0.849461132297892	0.321293670346113	0.682480723372364	2.01270828056682	-1.29766660631217	0.0628394376875416	-0.269874742296972	0.176089673412986	-0.0244226055692478	-0.0199714580471954	0.409058469046101	-1.36378144633769	0.556036629830734	1.11772453735925	0.421669256939619	0.447327296598944	0.624368019911875	-1.32182881488806	-0.315543408809775	-0.211795284296354	-1.35504328085921	0.948712095236213	-1.45524350786446	1.80325571418319	0.407348659019864	0.388177793679657	-1.22729506527124	-1.07737380813754	0.0312506128780197	-0.84813624013283	0.293093896997909	0.90234994953581	-1.96619403444645	-1.4336927416875	-1.23291913371316	-0.0201769847641409	-0.394960530978203	-0.810274481976427	0.830244397675528	-0.043561710951117	-1.15829486935147	1.02804693661906	-0.530782957656973	-1.03535296733044	-0.541001733802677	-0.737416147130275	0.903917188948122	2.08535555037399	0.128536941020028	0.614371200342198	-0.270897480280836	0.893308727630739	0.311223012953547	0.233207987758884	-0.0911122924014716	-0.22279037592388	-0.917955432122721	1.33228513457591	-0.805004861865663	0.245942269369856	0.0145637967122469	-0.035054009649438	-0.53117337379455	-1.42967742057693	-2.16334305393363	-0.2817377728685	1.33967052445283	2.88974520212656	-1.20581859506503	-0.924604540802645	-0.0894096227452308	-0.0224192992177633	0.424429461446275	-2.17451872082782	-0.355960070869294	1.20344564421225	1.20372497857007	0.764299475268141	-0.0428315214528399	1.02375511937283
-0.932491947175942	-1.36280630905498	-0.573211065429841	0.134805309084171	2.124584509293	-0.450943316900574	0.795459243087685	0.104897952033236	1.14269636851022	-0.463028448278047	1.27622489484452	0.141622074852784	-0.511232077302339	-1.28398520776256	2.33831679978385	-1.09167575640353	-0.51363267673905	-1.21891296221773	-0.858000024001501	1.90685269270159	0.479628742814295	1.03123574192732	1.14963897068751	0.544348262866725	1.56136436124941	1.96818522558253	-1.35722058805915	1.43087629835147	-0.276455241907348	-0.656086724944654	2.39636761241739	2.05335852109227	-1.30666972687405	-0.488823970749425	0.697114457716524	-0.309706936779045	2.90499839460563	-0.773250414083897	1.10934708653318	1.61923482985479	0.40848791986907	0.0422265727250692	1.38626747638328	0.71102971040164	1.71254984531242	0.863361827142533	0.928118383281222	1.02319604694794	1.38453644106595	0.801284097915123	-0.208403681936289	-1.20307659106095	0.268738439448668	1.47676681761284	1.29178610233037	0.269653660058456	-0.0803021351003202	0.616407612011843	-1.066914746959	0.194912759147802	-0.187873001672235	-1.38871549220657	-1.69520685492566	-0.834981534634937	0.759607009058328	-0.178531778598812	1.02278058535173	0.729156405324895	0.963326983125669	-1.12115997433031	-1.58167714509134	-0.970508666254589	1.26271235971737	0.552859191767287	1.53863350869712	-1.31772693548228	-0.065709746843259	0.960789641193222	0.605379735622504	-0.219513922026874	-0.47241976194985	1.22027186739375	-1.12485450922493	-0.908147940907416	-1.02321143140278	0.57233515922015	-0.680257113237053	-0.198246155511069	-1.49107391355537	-2.43032825560799
1.00263877105043	0.341762000265056	1.06114615449345	0.730440507398731	-0.856039493872421	1.40017190400702	0.0964871745369124	-1.0102310166535	0.187258980450152	0.431322429026883	0.155884426175815	1.47486435851372	1.47842448821601	2.24833482670165	-0.991768784654861	1.02403505982819	-0.915281235000663	-5.09345809543915e-05	-0.651085635023019	1.66511284742921	1.27489929917442	0.748070643989714	-0.528828286343683	-0.103434773674707	0.70880164386893	0.663933865481285	0.651229269575199	0.226350409034971	-0.862229359916298	1.87136320537341	-0.577231248023442	0.618120993443179	1.11157352046543	3.10984449735683	1.17189526188856	-0.279027001431519	-0.678682559316068	0.545457758476632	0.924952010506555	1.20905333438213	0.734465083240706	-0.0745456502923229	-1.28990571052609	0.0837082458167129	-0.938998583618687	-1.10904927819191	-0.578994105834156	-0.851070267082003	-0.320845498196601	0.180488607809436	-1.13763300172398	-1.36302631011654	0.498186676880747	1.26322844347896	1.20979577198573	0.749506048720298	1.28329077378572	0.642842543026831	0.629384167809162	0.129058582301044	1.0144510740438	-0.0337461329344727	0.00922988926915443	-0.59400843417809	0.436979835629956	0.745029936122233	-1.0761543896647	-0.821326844930195	-1.66226251139713	-0.249676825075774	-0.0787599453863028	-0.459863542451246	1.76016302553882	1.42143355060241	2.78825924519776	-1.37618579358879	-2.01413634302612	1.11415989829407	0.150512235567727	-0.672028665779273	-1.67330190264363	-0.00297121116563589	-0.154943837493551	-1.37719179418076	-1.3792667213662	0.64003138711975	0.244558946140271	-0.58712513807291	-1.09780794253172	0.340632153125941
-1.36261334271594	-1.13633194795954	-1.24267020925037	0.421351305529876	0.522370514211722	2.06099941185108	-0.829735542746905	1.09933153301754	0.0801593934953408	-0.0342445083244999	-0.265526927044381	-0.519327105303936	-1.68469022863241	0.251803729660945	-0.483208288294999	0.859663381893941	-0.139597237905795	0.387499019810477	0.262694161232712	-0.215373462648361	0.96305896031339	-0.727346303236381	-0.227983583393657	-0.703298293797864	-2.05982673562752	0.468130274491528	-0.153868017873894	0.61171169686169	-0.362716969554023	-0.192311093416366	2.34628657415642	0.34364656199839	-0.377983829394475	0.61318110357152	1.31188860717347	1.24181470572178	-0.0703879309850985	0.939158393147988	0.344874419561293	0.87125635526445	1.42339679155359	1.34101180876399	1.87283992147673	0.927117105394595	-0.0401652697193244	1.06519405296457	0.767605746011418	0.449049425650859	-0.641671177109562	-0.658148707817795	-0.992111734625571	0.736816917270075	1.28091655704227	0.40651253052994	-0.337663421708198	-0.303028804491847	0.926551532808877	0.325800177085696	-0.373840782521275	-0.433047229041976	-0.301241576367729	-0.612626052623973	-0.565119915397201	-0.296143022213489	0.449686125372537	0.840458804762399	-0.631664756146453	-0.363867261189615	-1.29515956466964	-0.660437562839217	0.577473208035294	0.130827506117124	0.117363674368343	-0.788689042655783	-0.201018610736419	-0.267602014817491	-0.778615520311484	0.571001583517076	1.743221282965	0.972413686682858	1.28487888225819	0.280461794418387	0.0311232236419224	-0.648344117561992	-0.830022420184816	-1.46330746492602	-1.29083970839252	1.50642810918991	0.627014055824688	0.662516592865839
-1.25545040276231	1.11973065143907	0.808191248681061	1.26713120069907	-0.0283865769910854	1.06535048326878	0.235176328514342	0.734235373237962	-1.28583374867362	0.723901187581839	-1.20254264518955	0.554776848235472	-0.414946335759621	0.589051076086357	-0.148901490382217	-0.582956259026229	1.28512623911458	0.247224004360399	1.26763476324311	-1.59944049862019	0.396989303204602	0.546852209903695	2.51918340558227	0.974273680066814	-1.12223855713503	1.10232246070939	-1.39999863162699	0.0969299967106993	-0.485234972387408	0.503555923417274	0.415790192997457	-0.606850358822834	0.0619902198480362	0.368904970918635	0.416902098950419	0.232593850100927	0.614568167539159	-0.429224246840283	0.39105625531644	0.0299139475162364	0.23965205473903	0.288881762225098	-0.147156815570599	-1.17275711302465	-0.186219354899358	-0.260755529845973	-0.897195427543403	-0.525576831972029	-1.64920152019335	-0.549570952365371	-0.588315585524241	-0.240253207039491	-1.26449418637073	1.29590979149149	0.47292659295692	0.444178939393727	-1.16352525305526	-1.02641782243236	-0.21945211024311	0.542963282151243	-0.512314536817396	-0.0821897542814077	-0.280802359714393	0.624225741607584	-1.79067980046302	-1.23982020663816	-0.608017618087005	-0.152440177275114	0.0778239917768249	-0.751193621030153	-1.28559875094079	-0.754110431659878	1.12074206633134	0.656658359378543	1.21848840028316	-0.0571244643455553	-0.220819369215392	-0.775221757348087	0.774569169526867	0.677380642556906	0.354464671271229	0.069766667466229	-0.970941159213755	1.56151146686603	1.64107368764284	-0.440791058789899	0.0155772767709531	-1.64173112123782	1.25336807799324	0.624791752844363
-0.132908709338757	-0.248753130877266	0.604146236791045	0.463433509445714	-0.361486155474953	1.06639522077402	0.538448874801047	-0.525800866155931	1.59368919971106	1.11986828183273	2.27617591339548	2.27369689520182	1.30585268969421	-0.34686183533456	1.66778264678578	0.135574707157223	-0.130527650955368	-0.910539885240947	1.22309087705849	0.965781092823085	0.347895331627662	-0.435840274839005	-0.187869098975278	0.560135159100646	0.391467139858583	-0.068581704727264	-0.909807500767344	0.453289663230256	-0.885176979590823	1.07950052283262	0.469232184349786	-0.0194941886654232	-1.21664580134461	0.129353948765181	1.02781149269532	1.29528439791893	0.229258972849949	-1.04052307245137	0.0496568280000173	2.39049863042013	-0.729908821407242	0.323123819748348	1.12679637858264	1.36437245776886	0.527891969771352	-1.24064352201463	0.245949668377009	0.803058202875542	-0.893532686395803	-1.26964200469878	-1.16175822521092	-0.00735848896631586	-0.509504664223864	-0.946007568068383	-0.706283209112869	-2.32691206541331	1.16315300531857	0.380556086047616	-1.73197877969585	0.26261131238523	-0.520513690940585	0.833620275269595	1.96928260838057	1.33219154105215	-0.0505196166814309	-0.175031442818822	-0.720274756169883	0.217222485121702	-1.36814670651083	-0.812626709598745	-0.234238644801607	-0.260148225465346	0.0994291727601583	-2.10168920965328	-1.82923955533811	0.853923546773758	1.06099352906517	0.477936039728915	0.631057917106681	0.305665090534506	0.515282685406137	0.454648225297471	1.8227849599475	1.8170667097621	0.845420177124459	0.237640449506586	-0.515014574633297	-1.05570164791073	-1.21714200557065	-2.20552059197157
-1.56817715564112	-0.0468352128490383	-1.51047218309962	1.16265128510174	2.03355077990868	1.94884189119504	2.01950996376546	1.05142419161516	0.38164702684712	0.823555348835568	0.357862637809612	-0.350459534343875	-0.494736056368547	0.00487403252791262	-0.778509321963675	-0.232832374217202	-1.45812843822101	0.319447821934008	-1.07871332625713	0.758154727516122	0.128650875360796	-0.560455878045568	-1.43219411532218	-1.80791316043854	-0.343441745065066	-1.91737787755493	-0.381137567415932	0.0461013507982431	1.22674506137205	0.221310785734411	1.43728195187048	-2.10991922773779	-0.807525592256132	0.88577333895539	-1.62773595352476	0.171252511272025	-1.37956958123389	1.20216315283874	-0.226155825871745	0.42977173855083	0.799144064400817	-1.31580318249983	0.250550884624838	0.937117566885447	-0.0234630231937732	-0.393485845679789	-0.265352791096521	-0.173556304258243	-1.03192691538321	-0.0167934502542575	-0.0364762401017118	0.74508768629382	0.35001908661277	-0.918670957355356	-1.23998254998074	-0.618487516717931	1.17932658553722	-0.635521783245899	-0.71063544605869	0.279254705832149	-0.911865398316769	0.794793849409827	0.51430127669052	1.02466134847457	-0.456036958040765	-0.330612705294582	-1.74375306733632	-0.494762348355898	0.839825799027927	-0.329155633269245	-0.168461308006114	0.441527211308235	0.334917629265358	-0.521853947209794	-0.314962319605712	0.0108655115218328	-0.594331041329067	0.00452424461285689	-0.825812227135893	-2.16699275994856	-2.07413671234293	0.382642482578572	0.249251487997919	-1.89247738743751	-2.99837275860017	-0.208395765936198	0.0948527091272268	0.35723909287596	-2.18215294661215	-0.163885214600365
1.26124777182433	-0.146759369377376	-1.11785914705189	-1.34351890277486	0.759832466682877	-0.644846995003168	-0.356762669226902	-0.323850410881251	1.67015764664565	-1.79903426536248	0.656362632743575	0.184321480215297	0.506525185490181	0.290809451960846	0.86511582777289	-0.457482840900056	-1.79288090413405	-0.933597816503225	-0.918351578087588	0.0553332970949495	0.512230748683907	0.326057839411842	-0.496444639166896	-1.27259705749837	0.268067295779105	0.285935277351693	0.0917932133993432	-0.797838125409536	0.237088019047096	-0.00375327103824801	0.485485999832673	1.26578333081311	0.946740359758268	1.29951419816061	1.36799691255884	-0.44497955497856	0.767074727561698	-0.0418835207384492	1.11197522203146	-0.323237563235881	1.86885468265123	-0.448847950672697	0.153665017036468	0.395110487846463	0.630028354463103	0.265312889096719	0.630189579037241	-0.107274302750315	-0.629391156040131	-0.716923886053366	-0.0319398096967055	0.684875590336991	1.26478589424358	0.234901188333755	1.4246612349078	-0.719695667822855	0.830441321608227	0.851565659668457	-0.0352223637432039	-2.12902234230368	0.141505754046841	-0.107595947367458	0.0620479133060659	-1.13646621176371	-0.615917978517113	-0.846934309831805	2.13814914326272	-0.498188331465807	0.661673312645837	-0.170984671634294	0.0473005531704492	-1.18039929800206	-1.77825544169766	0.163553762231978	0.0270968618915951	-0.9143755802823	-0.936176608708682	1.53079797862068	-2.02996184119996	-1.80466275940149	-0.428208702486671	-0.941595397498912	0.653311323760822	1.31517544671999	0.223555885818711	-0.602130980307813	-1.05828024235775	0.834533233861221	2.05915958202616	-0.509631093038643
-0.256856977163152	0.137268987762722	-0.926721910815101	-0.74525960307821	0.439335363084923	-0.681477234309686	0.702418680071386	-1.08674443508584	0.218668768333131	-0.188459168349139	0.51554106253008	-0.950672185386592	-0.52043163092147	-0.756617505789883	-0.963415845866403	0.880715160188163	0.949760882466454	-2.37738882670314	-0.369697127117678	-0.790725638135086	-0.709278749707476	0.51264701801788	1.30481737545904	0.301499581545175	0.91566882790122	1.49023152214126	-1.43801607122531	0.44259299828463	-1.45386669964446	-2.15693984119844	-2.65714167503781	0.210315046277179	0.350048593357471	0.197653465894916	0.56399521890524	-0.519032193887929	-0.0854259265522153	-0.972665885023576	-0.413638332392313	0.0229004715267818	-0.798215705957024	-0.48669101009236	-0.422022170921296	-0.861584910111372	-1.0483928391693	-0.675338743742754	-0.685012454515326	1.38995500073837	-0.656843500598531	0.117675886520498	0.800269756903942	1.66550725759567	0.466462356115253	0.573109031573776	-0.694826540032004	0.303327205661484	0.166561685202406	-0.326149372675192	-0.97220897788287	-0.451844540399358	0.433037256947166	0.344958348247041	1.57991218542629	1.1626608066128	-0.333662207753797	-0.915447811013953	-0.793240535786413	-1.42051479873293	0.454574017474806	-0.326679267541614	-0.43022730507072	0.12803676220486	-0.399223788938302	0.626211052415567	0.469980057453765	1.80109063542113	-0.495483102685893	-0.641442959997335	-0.205525316558203	-0.507808687096971	-0.628074791782615	-0.335078797434227	0.211948914718286	-0.413240220398375	-0.526848175925635	0.151313456031397	-0.605107059201588	0.813286966050497	-0.861943612948813	-1.98098607098414
-0.299853812227035	0.617848618486627	1.36139586326557	0.294270615294963	-0.505621176308229	0.616028447141877	-0.388279045288093	0.794508555856878	-1.01483851951074	-0.0663962708579911	0.889683886080128	1.49418859500142	2.52850949951303	1.62639380703803	0.985624137162637	0.174944900251793	-0.476559776583024	0.865062196070658	0.242852035516699	-0.293301605844273	-0.091856548702213	-0.1559465894741	0.47543712771183	-0.369914757950858	0.41475075670199	0.926617392697013	0.329105767143104	-0.474675741002414	1.04348146379794	2.60850654568708	0.752053003908869	-0.268797732839183	0.131926008456943	0.748236739784781	0.0354013540320027	0.0871908568249326	-0.664222845372995	1.15583099195556	-0.717671361946782	-0.314137410128189	1.50332025396861	0.544741072538691	0.637902621071061	-0.436333327207696	-0.517160531165075	0.243333958718809	0.433126602785922	0.526609306036544	-0.509876246111413	-0.441565243892812	-0.156600055773671	1.04437825632157	0.667377389711476	0.872800012258648	-0.619599639480051	-0.455502032977333	0.272698299488337	0.0828529509927255	-0.811509756551165	-0.442809882976462	0.161366595771809	-0.540604115021422	0.945708713966621	0.625275902622312	-0.871210102501062	-0.373717829537183	-0.360723282488034	-1.740915629487	-1.14906465222263	0.44633768295603	-0.106439088009797	-0.363782475552396	-0.258475078973321	0.278670887201024	0.315325619860157	0.80759646876608	-1.66424059090268	0.367749420822919	0.278138971479276	0.137132727435123	0.0862498047951197	0.632517658359228	0.0759369892097826	0.682793981275189	-0.243996024304589	-0.558121645181141	-0.258180861343258	0.292425333095638	-0.418582057550764	-0.555920654960876
2.23307539769182	0.565549564574684	0.977914859643143	-0.595306233510146	0.967003072488231	-0.430725614199212	0.0609373259615872	-0.704241795563939	-0.514768299574181	-0.414148634148604	0.623496498083946	2.02115263079686	1.30645829780579	-0.392925141006751	-1.00961116817809	0.501459458059131	0.652503710583859	0.463762468216965	-1.1224816986907	1.00663771929884	0.172885524044961	1.53034007902021	1.03648555890506	-0.063225737808686	1.38873025549044	2.11323696787022	1.60350994341901	0.581746018358584	1.2811794417539	0.640460700842404	-0.443617206347338	1.38408570738795	1.4165221214321	-0.713361114485678	-0.0368413828166165	-1.36965125484716	-0.32459770939793	0.827721926590274	-0.256553831411453	0.964227809019535	1.38821628162599	-0.301040064642985	-0.101166259679669	-0.0574262840468093	-0.604600241226026	-1.30714683561099	-0.930714163098128	-1.26401655039582	-1.57248010531039	-1.6704121550759	-2.70054636159977	-0.0409821094174031	0.277197573621764	0.243649941327452	0.224701463946254	1.67564350683606	0.0512139778306622	0.649493454993783	-0.87050008066958	-2.15329258326224	0.76448673569597	0.115116525495713	-0.889126291201942	0.0201069725487408	1.42422232387593	0.340261377321585	-0.373248359142889	-1.21589553425939	-1.76716983393636	-1.05864132782089	0.146665402027458	0.24956736736849	-1.50915656323461	0.53667019404739	0.614975982497463	-0.451057551153907	-1.07346054295456	1.10044031093817	0.36831892658094	-0.391530901705737	1.44008559256581	0.610634555235853	-0.628719449832602	0.347311943695959	0.690460920241854	0.816840410310573	0.766982054630262	0.0469439248141611	0.0141331571004914	-1.11351724631836
1.96787192697895	1.47659731505366	2.57615184573936	0.501063910201264	-1.00194715928034	0.497725489577176	-0.831543642257795	-0.424102915210068	0.56531822302733	-0.680640615029643	-0.230282356961566	1.18683866520789	1.34398881500161	0.0274891466985312	0.0210913677190735	0.38196586550494	1.47618222528388	1.26056709094588	-0.18309255253092	0.427507429785204	0.334205269710184	-0.230408038500203	0.6107345392288	1.65622508394584	1.31814753559876	1.62647702566241	0.179907149066312	-0.953498642675722	-0.546052954099585	-0.162056650074826	-0.193961832399908	1.14204462393622	0.495595995787583	1.63967114638464	0.507656541366623	0.826338351138892	0.496833316381697	1.44246728635622	0.471933152316346	0.386228311362967	0.408805009390715	-0.119235854952881	-1.21468355445871	0.530518328791088	0.549782019766896	1.16289396956916	1.55138481863505	0.317967881633819	0.361123670002856	-0.315847182903045	0.119537275802821	0.76222091717695	-0.272473388556636	1.03627269480714	1.7536032610688	0.566116095650346	0.0689996790171484	-0.140166636159837	0.4864488839595	0.771344779437577	-0.0778947697478683	0.398247745701103	-0.584777300098445	1.3933023879806	0.0086451079863392	0.692492323788553	1.65088163947539	-0.421626876196006	-0.0999779818266597	-0.146974151340381	-0.0723637850901584	-1.53262705575921	0.678917944728337	-1.41117277981294	-1.08572472886511	0.601025994378442	-0.0526039344704323	-0.000411143599307134	-1.90380346625172	-1.79407313190612	-1.95839466449888	-0.0413086756409462	0.142495603280733	0.720218540939692	0.478900247761534	-0.858963204236926	-0.940980077010255	-0.491292799882715	2.45087995327815	1.53696155720605
1.01072452416168	0.214084274299143	0.297990699569494	-0.484741156765953	-0.378875820410214	0.021602265691999	-0.986006961172452	3.42342890976107	0.591011457646084	-0.208211033625595	-0.457744989698793	1.13445546206015	1.34148142232345	-0.689128213856189	0.0555978063906253	0.407541957450061	0.447177204152981	0.57194670255705	1.23116658635754	-1.34438423595552	0.0702513228271164	1.24291081514898	-1.07286822390661	-0.20130085237073	-0.562887352098807	0.514261880203727	1.02439755428051	-0.048241580660722	2.089053239019	2.52436271462423	2.43170073837106	0.412702806929281	0.595092623043749	-0.698765465626422	0.285718484409798	1.70182796637057	1.09432285979712	1.44919409974886	0.128812879560214	-0.0667340139898517	2.09141983136338	-0.468818767021658	2.08053724128911	1.39647659877308	1.2616448013262	-0.536121819077333	0.206992667179678	-0.00813464067914602	-1.2827477467841	-0.828618535394776	0.163751849927387	1.67553177681328	0.292323317649138	0.931394022975695	-0.250357803817402	0.822115539120047	-0.0694189035346221	1.08674964241162	-0.365914343817129	-1.00001134938148	0.210329193603632	-0.687678772945297	-0.472548496967512	0.658879042781427	0.960684175571893	1.76159022380693	0.139108343924526	-0.690316681604725	0.258227017397465	-0.614956733080467	-1.85500658784858	-1.90616084737219	-0.854488662489967	0.606474852632705	0.42871719355532	0.782025781071505	-0.048208123984556	1.06861056814309	0.284316263681127	0.37543803886599	-0.967906197240334	1.77572360927402	-1.19725955541495	0.4532618056457	0.218107458627622	1.42531508246717	1.19827513310911	-0.525589692418083	-1.36099781476154	-0.434989852139897
0.0980392037685679	0.54079508142553	-0.621422097194049	-0.333759533588624	-0.425561505898461	-0.273247980926942	-0.284921430167814	-1.03770987134935	1.87773256587947	0.108611550635302	0.217679676683173	-0.106712440230741	0.790333799754061	-0.592623452986708	0.590302754572861	-0.88357516080866	-0.0497466709190397	-0.351275387598096	-0.77187809524529	-0.559258745791287	-1.38421551854211	0.982228816824726	-0.931068727046141	2.17160983551394	1.66745327741837	0.137237026971516	-2.13353442120347	-0.956317184323017	-0.962475170417418	-0.723998628999992	-0.782955995420467	-0.415233027022986	-1.17973540761752	0.844456200258198	-0.601199960011533	1.10127832515802	0.346212749509813	0.350732241724084	-0.408431568980221	0.652609245228323	1.33237465242745	-0.44405645863534	0.268057970635789	-0.603892726625899	0.862545888078468	-0.90381633825459	-1.85319767522847	-0.493613286255046	-0.87105476669684	-0.605975183199003	0.0673317086787378	0.824108513373341	-1.22180805550938	-0.660210475008371	-1.47132648621545	-0.686895128498112	-0.390051699700474	-0.294565018326927	-0.171828556903719	-0.107605684638581	-0.109263709876713	-0.334781430798876	0.395044433227512	-0.456791814376124	-0.293879507268786	-1.18318009322886	-1.09543711939139	0.968901571427958	1.03935109363843	0.506120589818826	0.310789965036543	0.574426037091394	-0.966261911524682	-0.164789941169468	-0.997214186598955	0.80018296878122	0.593198085258513	-0.940348988248664	0.719483831841129	0.804578195634815	0.685963641159274	0.0383281880151061	0.313893124005997	-2.26121163936566	-0.854549319907629	-2.03669972645207	-1.1960319299703	-0.91568919074526	-1.57705618926644	-0.746545451456758
0.119456509146089	0.079688416879034	-0.686736098865368	-0.733910643519982	-2.24253491175494	-1.08042544492113	-2.17600711806616	-0.131058743843294	0.968283693506079	-1.43642753806891	-0.248137575808595	-1.31486692135877	-0.772106498667422	-1.19060719598073	-0.923710564158545	-1.21849183398733	-1.60311381778813	-0.518917086205511	-0.852797802007255	-1.74595519665488	-1.64577808044297	-1.20580830141569	0.142959837317087	0.178087259553113	-0.764541422725575	-0.607960745567599	0.014364638986727	-0.214643601950099	-0.213494332134817	-2.34457379905863	-3.51084230637651	-2.29051451581692	-0.795280321216706	0.140481625026409	-0.819553958952935	-0.631531368129955	-0.61964447457621	-0.460226333249137	-1.92770536609285	-1.09564194225435	-0.765523616294699	-0.853511972727256	1.00193118906097	-0.452080770292889	1.25181594514443	-0.757476363466516	-0.373930844169399	-1.27901244189903	0.375751185966842	0.818309422450793	-0.228332680763701	-0.571586489811371	-0.00238446686615976	0.112862734646234	0.970812816725124	0.230758388349982	1.35560920230663	0.716289822678306	-1.02885463617247	-0.231506596116559	0.317833240284052	0.0375808743918541	0.637398773585666	-0.562000903692273	-0.423938716971895	-0.233584057209222	0.655633558174914	0.803610818086006	0.0755617201789573	-0.572859152797616	-0.232234363427644	0.422864997048734	0.286530181813288	-0.546199540877651	0.00899538634608742	0.0496807281343681	0.872811641344088	0.473038604420404	-0.213418397384044	-0.716874602747957	-0.0629294783600982	-1.52135255801175	0.000256660621561947	1.927824996517	1.13232887534931	0.348483057534904	-0.21597864679352	-1.29932871512221	-0.125655685191357	-0.345815898524247
-1.74729994478463	-0.171632245764529	-0.879992432739167	-0.54836758140511	-1.02636608967125	1.36972174828352	-1.95210020061134	-0.924376092473025	0.18579856822384	-1.4485320485581	-0.254631303477141	-0.377615765462593	0.523428707259719	0.0157285537222195	-0.852953399866862	2.36864596957101	-1.35446342376312	-0.0618959124398542	-1.63888720024027	-0.705150068056966	-0.665305060105436	-0.272119470059615	-2.30341444871652	-2.08931581653155	-0.894157032015434	0.0571264905123364	-1.08644725950759	-0.876074214403218	-0.148133888012265	0.607219020638016	1.03705907811234	1.77811714621084	-0.498400197584951	0.358436777544563	0.345088520436081	0.250597915044058	-0.860264611435924	-0.373386925973567	0.643228858023735	-0.280120262169352	-0.0119207969000411	-1.23182645565178	0.0532781176099383	-0.256467005083343	-1.06294866878879	0.309482668007502	1.16602943895507	-0.361866460382978	-1.06187298963916	-2.11948077017517	-1.66724848489848	-0.856387019595716	-1.70052438409745	-1.46774909895565	-1.31370236836371	0.702910437347535	-0.531354866259715	-1.26289127458467	0.0624716933316749	0.937268348770934	1.14476994707833	1.37681264644167	-0.0548382909840597	-0.555684564826629	-0.213326546261957	0.314433182727404	-0.973489478322707	0.0275441473544784	-1.73793668563812	0.0727958320595369	1.24783825195781	-0.44005707721503	-0.343537317591823	-0.315440999303835	-1.31262479633798	-1.04057554986921	-0.266335789293841	0.471225687086697	-0.662022288974801	-0.584415142666596	-0.434522607387177	-0.533428269004271	2.00402265749179	1.41708240334771	0.549902160633293	-0.316373268310079	-0.412293563482355	-1.57066811755117	0.29345291422748	0.913381801582107
-1.96178869258094	0.872097106085435	2.24579472992405	1.86196359760657	0.62740985445586	1.06418350015364	1.28164870893283	-0.751136647689646	-0.511650365061463	0.541996791856257	1.22804238547029	0.791255160060316	1.12257024596059	1.33411079451018	0.300972072488994	-0.910914453711569	-0.459364920000846	2.02019418355272	0.114632502680859	-0.135218815590583	-0.425857049531269	0.0445125788461861	0.793538104161782	-0.270646688473067	0.911669028905719	-0.801140120457444	-1.22616660416291	0.3315652354461	0.782737060805438	0.733891718185307	-0.416197365642288	-1.88586612118082	-0.30909470708413	0.356204693819343	-0.857895781600015	-1.03226560958585	-0.30803971270626	1.3640699605143	-0.984885142576001	-0.201245047176832	0.48380084986322	-0.188113278375724	-0.792230956255603	-1.77884713953104	0.124755445819571	0.466368866831221	1.46656148110918	0.805690448246278	-0.558345085011034	-0.672932763603873	0.667672801974982	2.3777902516653	2.27348611966358	1.84556263670814	0.34793954496652	0.132908016842555	1.21416526672671	1.82857343907002	0.31001382647947	0.602664725558096	-0.681353635831742	-1.64027568125897	-0.699435466484396	1.63714594017779	1.03281929099923	2.05203220800905	0.162006678649911	-1.150659987166	-0.207978612640687	0.673682108822973	1.77428835792196	1.43924298025133	1.11488827926882	0.663662704548224	1.17278689576589	1.80180295303805	-0.477568160441622	0.807649764019188	-0.218780908811684	0.82598424536501	1.6807372315451	0.906760195002897	-2.36998336946967	-0.706826168687637	-0.0714675196173816	-2.61010708983159	-1.68269578587161	1.08562730992265	0.171636067739687	1.25064595679438
-0.193984047485114	-0.36488700464078	0.00806368572441981	-0.973530649339939	0.481787898547459	-0.553875015032788	-0.337597903204264	-0.0693464824044323	-0.208477037686952	1.08238466207798	-0.585026673757503	0.971511554273932	-0.5364348418845	0.681408476310148	0.315513028872418	1.00163773478334	0.667645325135945	-1.03614854212675	0.23472494180034	0.652165566459775	0.459016681789884	1.75267167794201	1.27391812564404	0.09769898245819	0.103932465187364	1.82354762205994	-0.607621173820157	2.43721659584861	-0.301699541772142	0.101354031439796	0.59159771428059	1.72372590500354	-0.38018840758422	-1.20567922410246	0.995799729024423	-0.776329582115165	0.418753890744927	-0.165401638138791	1.57667361200279	1.4046906275675	0.205614840796516	1.11915321442433	2.24435085991586	1.20043576914359	1.16992391813568	1.47186983849461	1.04033176628265	0.6029516989817	0.190605144959141	-0.325464291419878	0.238360876970447	0.850781719824116	-0.0348498386447664	-1.94981553368673	-1.39757447799185	-2.18990115525386	0.162637054314473	0.394633176211836	0.933887915472018	-1.19531252443115	-2.56873767130326	-1.43595377718038	-0.970853358986468	0.247859972943363	0.0284506736581679	0.747491460101888	-1.6107147419015	0.225449519498606	0.450838656895677	0.555884769107789	2.19401957842161	1.6910670623887	-1.45690722076518	-2.08050670687801	-2.21617342197685	0.552542586763322	0.133117953074714	-0.0216823541888064	-0.509261641657356	-0.193677288357052	-1.70768381095081	1.18929519709629	-0.683768961217498	-2.07182602707198	-1.33827381187568	0.621818515118354	0.12342625024102	0.283108721975761	-1.55082922303628	0.418145921133883
-0.69550830645903	-1.21572552611912	1.46807605203622	-0.111307780753462	0.0719139858860522	-0.269113515463214	-0.644082247852102	-1.05484787169283	0.313091891492999	0.690821427309395	0.829438238160112	0.122101923445651	-0.0158536975825002	0.531143593851164	-2.24382007450818	0.785059774343358	-0.772925370768534	1.0204364426281	-1.74955382534475	-0.606152824724245	0.179460083384614	-0.958327540114117	-0.939696176155849	-1.60300343746989	-1.40611452163752	0.0955385678430631	0.918986598367904	-1.93202092065122	1.43355341756257	1.80348261901673	0.278427672317531	0.446023963468373	-0.0157334479391418	-0.847186972291086	0.243219815928434	-0.108693303194725	-0.992900105624606	0.525110123569443	-0.537848645802505	0.512683156470784	0.314795023234992	0.0401398311788235	0.734225531715154	1.39876479332713	-0.527568940147313	0.994174993369961	-0.698907083395876	-2.2364349143686	0.394615013225078	0.389360233445714	-0.27558096661917	-1.43325566110036	-1.0541307488987	-0.103511586143778	0.271303280959361	-1.99462803634501	0.589934590694477	0.456123065952893	0.352678660700333	0.751707337570465	-1.46237589800427	-1.4254659929945	-2.41627181660229	-2.93144763374408	0.232982755331303	-0.576472464745884	1.08604291852321	0.803455780779524	-0.516893445471699	-0.695332270991679	-0.427948651047734	-0.550049508217707	-0.11729060223451	-0.150312426853593	-0.813816529146227	-2.61833867541747	1.17262256263506	1.89736167271104	-0.634155693020282	-1.45205596276881	-0.0904104631710315	-0.530661351882584	-0.0790520202608178	1.37854552106274	0.262462985781171	-0.75326474840268	-0.596436150235035	-0.368403375198005	2.16288495567783	1.01965434074323
1.51028416581251	0.717376683503224	0.689399609067067	0.661905715388068	-1.30925267782702	-0.582342036977641	-0.90450323354223	-1.90538200621039	-0.95435823376077	0.322481438685634	-1.25177567767558	-0.130390609038182	-0.189722322501176	0.50237345319228	-1.13480843670736	-2.56943653845014	-1.64042655034128	1.244789216002	-1.52390497706229	-1.55303526077256	0.616976436275207	-1.33179248441512	-0.714233592142038	-0.377008559556611	-0.27906927744397	0.108487388917203	1.58665902899024	-2.82355765505983	0.368852887984344	0.208938811140449	-1.03557172942158	-1.56849320992968	-3.03401130089146	-0.107694054665235	-1.00639289937247	-0.943512075477944	-1.82002810342934	-0.81660819907338	-1.92108441053997	-0.620663462406078	-0.180684408113315	0.303812676889523	-0.00975150560977328	0.305243992206183	0.598168058170872	0.707413257518256	-0.0150019851218827	-0.249036479409829	1.44515620650054	0.737440403955164	-0.509611996039165	0.453156650276611	1.53830071272154	-0.437155362986598	-0.283427311747014	-1.32253909940979	-0.476713306549722	-0.802240748521206	-0.854273407551231	0.421650269581022	-1.60673340985678	0.702998631993377	-0.217013087693168	-0.499758315716324	2.70947412088132	1.71806525998936	-0.61273583287992	2.18435967928255	-1.32810025840261	-0.144021820588544	-0.300070072157897	-0.49235232797941	0.0813593226694581	-1.43638068477029	-1.42257428298713	0.0685182360318618	1.55724253782036	-0.835269655017	-0.684968344059263	-0.392100046967264	-0.384873106901404	1.33486336922407	0.941431846109458	-0.153503541770002	0.129544432205657	1.1570181721403	0.787526922345095	1.47243751399068	0.279190181985921	-0.228254375633698
1.19649436269746	1.81175108473837	0.23044637160724	-1.35141521912874	0.0911511053059101	-1.12715688292399	0.552654842218718	-0.965419410338488	0.449752498809515	0.894374171029909	1.16169180468184	-0.385687436081718	-0.218806611908538	-0.0289721244754026	-0.100560291187119	0.672396044772413	0.577493605110803	0.0305730079304668	-0.0913540009548362	-1.84752913860373	0.522176096867469	1.1088005795902	1.31010001449571	0.810099018242864	0.164067170949765	0.857252760856796	0.943410579812327	0.514097141164916	0.547128287140473	-0.244516538926042	0.0436524829936115	0.264523477184943	0.060886131464149	-1.42492212028347	0.359589411522155	0.0165927302667061	-1.62940342178438	0.922361362607236	0.72187427244261	-0.0802099771560204	1.13935240823976	0.716421556176979	1.20755916187949	-0.361432837819064	0.864165384420845	1.91499764895947	1.77017832949652	0.772635483526526	-0.271871838048885	-0.181166751399547	0.309269246287595	-0.0279259756365116	0.670243644742377	0.28099832571986	0.507321383195936	0.569851188580222	-0.017427000646958	-0.755637222125454	0.852915369254655	2.38542808197728	0.465183941214364	-0.0574401753599416	-0.595732847934937	-2.54944871568423	-1.09591679201689	-0.245988123732715	1.16255352137723	-1.12527735717976	-0.346670812011998	0.577747774031786	1.03654775554101	0.892349034726407	1.20455464805506	0.340195827541277	-0.370673780585721	0.0922358951276997	-1.26309968925388	0.0308712173951138	0.89249109683395	0.0368780528982812	-1.09744527102925	-1.64226210545698	0.118053314301021	-0.423696911442871	-1.21848821906421	0.726195396139405	1.22123797849392	0.218155795388276	0.837872324469303	2.11956334629779
-0.384063040667596	-0.942474109790639	0.941900731962347	-0.327803890207388	0.43182398231944	0.308133043508864	0.107184180663287	-1.24943620456358	-0.59117483431019	-0.0948996949722763	-0.257281481352514	1.13277321313903	0.609736350918899	0.488543712230862	-1.64581879274571	0.615875302231125	2.18486134860419	0.617288881164438	-0.654983029402252	0.122744047401888	0.293240125489944	0.158658039053024	-0.32771874659023	1.3592074333867	-0.217449454703167	0.511392518535448	0.448226861784935	-0.567837837393831	-0.112294393566017	1.56577151175317	0.0676336724740658	-0.0611746803363078	0.666807004948929	0.765477357244045	-0.766771013944693	-0.174527572798674	-0.609899070079122	0.859276500726681	-0.811975368054421	-0.0127698788542911	0.13236797784482	-0.224021107205612	-1.47021120680408	-0.151614208832164	-1.0884845756912	-0.703067126564813	0.140747807013658	0.748779502118176	2.24212465940444	1.02302281476032	-0.549425920602804	-0.633994240598688	-0.558524852812434	0.684999268414887	0.351291628382126	-1.84985151218383	1.48406648635968	2.12367844369847	-0.518672207421427	0.239329207340263	-1.36337941569911	0.139102058231578	0.50655449559952	1.03101902539003	-0.771717513533275	-0.406991447066027	-0.617637704894989	2.33559936030123	-1.00257443166816	-0.374447320347559	-0.381693950038533	-2.02158956907107	0.534790036273048	-0.288598306832218	0.102440241831889	-1.33365447304008	1.67067790590445	1.65862564508999	-1.03325353299654	-0.34054322801408	-0.118334736237272	1.30647039396209	-0.177414997345596	-0.444376517060138	0.908239337597184	0.0354119252336788	0.0705930876618038	-0.19158692717592	0.367658445219124	-0.356138306731244
-0.47743378315141	0.495118606861951	-1.09316487018685	-0.364102534812503	-0.425407621979811	0.179439122422464	-0.384833296905717	-1.03413064588364	-0.272318960139603	-0.502512905550603	-0.41857770073637	0.15972693033305	-0.55744222651591	0.469954547901492	-0.185439787400955	-1.02027221146799	-1.44706915255458	0.451721057570305	-1.92684585352473	-1.13313379234018	1.55718868042522	0.638359582533892	0.0489449801402963	-0.630955261822189	0.0592402083258495	0.517617581666857	0.403428894519635	-1.93012441914151	0.878299043692903	1.02296916872606	1.22462782174648	1.80656161922595	-1.00672081518811	-0.0144407313410081	0.85465984821121	-0.575158197261239	0.168380584234391	-1.21098140751295	0.19899793986282	1.29185381254527	1.16194799780125	0.543528734290803	0.406414497082411	0.427993885288049	0.272552477053066	1.33858425012158	1.59245188004316	1.95871392279389	1.91597564087367	-0.225048546636151	-1.52802569012644	2.1234046158679	0.139893545569737	0.0864282442687793	0.40985071970806	1.20622191125521	-0.783717900304831	-1.30242374824808	0.656702429684173	-0.798104883212931	1.34200038704495	2.30865803732209	1.10733587254668	1.99738976389203	0.667277483706533	0.575693893882613	0.254582098811438	1.4309470670052	-1.39421860209821	0.0722274115061759	-2.01466545733945	-1.04619866303414	-1.08960971317511	-0.55888603052858	-0.912367360527388	0.862049572418823	1.66544926298834	-0.501046005616945	1.01289622988077	-0.317783013083279	0.103056466655372	1.61310388581741	1.2406997423658	-0.0667676848504143	0.187784165674682	0.430615481132783	0.7832103784971	-0.0144240879456392	0.701746280051117	0.919469959220625
0.0682964229082248	0.3828014859832	0.718099056348254	0.0696020780296693	1.59727230275003	0.489501588973443	1.17775772211805	-0.00609014891239717	0.22120334217124	0.712296487175719	0.0641663763076748	1.08530442797736	0.387379391971929	1.47716339561315	-0.450669502728038	-0.889652370050618	-0.527505356265563	0.13092614862849	-0.000146559195866813	0.725816198455653	-0.0369502683019111	0.603247033103456	0.40340931819011	0.947859023004645	-0.974250310932404	-1.10165069934894	0.680754912638754	-0.205956365294707	0.346461854877923	-0.0864040567375167	-0.332469313482496	-0.0592113501384692	0.422414460151541	1.90803494259736	0.24407537250492	0.000665355268728869	0.36309935280226	-0.506777825928411	-0.133950568306154	0.613194417950377	-0.0872577588040587	-0.418542882455802	-0.622910955983488	-0.184411279675477	0.749511299001862	-0.332077537274658	-1.51348907833531	-1.36349377766872	-2.36161144131777	-3.55811375065155	-1.39930874467011	0.164949483456785	-0.565165866009227	-0.210833817730269	0.330087194225684	-1.14476736651712	-2.28387935053143	-2.05022231481844	-0.392465533111479	-0.592334631064133	-1.68440704519826	-0.937774107728654	-1.39582357950747	-1.22974074343676	-1.3741002956019	-0.598484961690378	1.17600240436016	-2.35915233839401	-1.85483069018317	-1.1802504282804	2.34789400042278	1.54488462094633	-0.782078787254531	-0.193424970223242	-0.469418151078393	-0.0811664114213282	-1.59411962477606	-0.867560455182911	0.805232111780635	0.94757616870457	-0.0176186195840041	0.305865571506362	-0.675051592585967	0.259048648596493	-0.525937712197531	0.846847282851497	-0.00275901284835063	-0.455204169714085	0.638540324259912	-0.482440869446464
0.483998074272201	-1.44923588302424	0.35636322470406	1.582558655642	0.416692818465598	-0.170244845761604	1.09710032981272	0.596910380382149	2.25477943786822	0.452846227703147	-0.0598522289564545	0.264222614066259	0.214902643347155	-0.697400934577767	-1.27388883323515	-0.73845280847809	-0.42231873980698	0.44126328602096	0.144506505887049	-0.801374138179801	0.540025671829738	-0.00223771861730834	-0.337689083753085	2.47630371907028	-0.604746746373797	-1.18388064269538	0.895191080022224	-0.387601411622419	2.39387061918198	0.480517812610024	-0.507717186958871	-0.55224499385358	-1.5961687753325	0.822217677288944	0.492228673830758	1.32391072843659	0.208336270087326	0.389699916363908	-0.95329502102505	1.17553826576442	0.0151197627202895	0.531769413587853	0.603507993994528	1.41974256831258	0.814398842760966	1.31301093289707	-0.131146063387596	-1.40820241396331	-1.43820363335854	-0.920207022639388	0.36131690955557	-1.54702971159217	-0.492639595072696	-1.65528841569999	-0.102354807985568	-1.97008558376683	0.371353498175287	0.676059385286124	-0.164899623193715	0.685157480801068	-1.7916282263763	-0.730310498586424	-0.816618152727274	-2.02480744585102	1.38527926121126	1.02440548162469	-0.196895272696882	-1.27656553849159	-0.0985458858556367	-1.23398772812201	1.43669434390291	0.905385648690617	0.701902161800816	-0.577646348506097	-0.313008314754923	-2.2463667803044	-0.757122114549384	-1.64721341359095	-0.154697199050074	1.18070225806732	-0.590926870621271	0.874683796093518	-0.316247255553548	-0.908481918364057	0.0522733715412493	0.148693448658589	-0.323642468511472	-0.746023458314406	-0.853639996811694	-0.10216939003583
-1.1368154656548	-1.04993555071614	-0.614766875679868	-1.08592339560747	-0.648683899333847	0.390432636660796	-1.39487254051143	-0.640584851728027	1.14407454870127	-2.44398118929483	-0.466751642387678	-1.44562270916951	-0.654442240956392	0.0208476659781724	-1.76833474373524	0.417569191585082	0.0813585077489032	-0.776533526639504	-0.243184043711177	0.144525920748834	-1.22821372458196	-1.0067130195809	0.379240303629344	-0.631422393446147	-0.345949257580191	-1.39047609900319	-0.562196768401037	-0.82359804917764	-1.20037850432724	-0.694004424373325	-1.29630529406281	0.0581308771295913	0.947146190512292	0.215709277316633	0.288927856487283	-1.23274857981091	-0.0875146693138232	0.0644416941905331	-0.231508620391283	-1.28521402059551	0.0581004930095325	0.0971128614137395	-0.881847683085393	-0.575558321724107	0.189153699996053	-0.244000400734063	-0.968432246008824	-0.186197241082286	-0.763056661151952	-1.72350866762726	-1.80642035404404	0.512804354628687	-1.2071623040938	-1.69147041088777	-0.655361574083344	-1.26307887918269	-1.52982174088116	-0.330065718570321	-0.387090596451138	-0.745352222474539	-2.16537598355371	-2.73382929017034	-2.05067161852025	-0.0363825617774593	2.20980775442603	1.62282563606476	0.207587561443006	-0.919842512149829	-2.09647596299365	-1.25210163026448	0.154539459478563	-0.688919554413565	-2.10368876894717	0.304092283032188	-1.2354597159115	1.23138922420705	-0.904126017185334	-0.0752723869626259	1.36824887262508	1.17960422627832	0.978042278408466	1.32876098497504	-1.13582237681307	0.285406571926066	1.31459917886067	0.0635919147698085	-0.385231487534721	-0.00354006913439744	1.42813331034855	-0.0326381165182515
1.39847406638496	-0.179369244780053	-0.355468600189785	-0.128703772400868	0.585427726689828	0.122144998344613	0.506522702316543	0.496781114416936	0.915572139582985	-0.230369810321646	1.52075772507662	-2.11818790097167	-0.851756335383176	-1.20337879048809	-0.0478941082178624	0.297726223580739	0.916988912057215	-1.37266290623209	0.372399694868761	0.648223116613057	-2.53116010078624	0.443380215356435	0.61241551192499	-1.03980914190867	1.15955331251058	1.496231795097	0.862338976343876	0.413073833286427	-0.145144208204989	-2.42410704880963	-1.20598979387026	0.202534898607581	0.642818373420678	-0.287187309457002	1.8566543044021	1.26465561297229	0.697227055787702	-0.491768128983095	0.956772445675412	-0.648957800886396	-2.30732858971251	-2.16907649503837	-0.166193711971786	-0.173545183901846	-0.423376587006655	0.170972164218608	0.629817835845473	0.77211203538869	1.16838593829608	1.31903909911564	0.66460332434606	-0.110139011791944	-0.0449554750368789	0.466569986336905	-0.761175659345367	0.0985728709996949	1.39088382881427	-0.0364181244326798	0.27764576235977	1.0491105122665	0.186695880234154	0.395994473894455	0.622270238639597	1.03872927682791	-0.408478484914672	-0.36639011544715	-0.0641063995423016	0.978853455701524	-0.201525083959217	0.320802472102798	-0.188583139077979	-0.19847759437969	1.16082139284101	0.660651965929939	0.873238370050827	0.0496093435022812	0.674276350168829	-0.808031147247092	0.232483286728559	0.15790286757319	0.151303210371247	-0.291075341952485	-0.117408495779225	1.33980702879065	-0.445151656198071	1.28664358475232	1.45965473430687	0.224777417268034	-0.492129934514298	-0.732341364430737
0.304693266565613	-0.891444378189355	-0.198207700103284	-0.235622372514286	-0.954738004584119	0.0138785903813033	-0.424963840830088	0.0586731616756746	-1.39657742408081	-0.366585247283387	-0.952725393604898	0.0941894063152655	0.132423456925644	-0.3266259792223	0.0960415136078891	1.91168016845962	-0.726212441688993	-0.801696991990621	0.802350104308554	0.305657265379649	-0.85862992925623	-1.26828997468172	-0.673944055405229	0.458209644898638	-1.62098265665298	0.375402838066679	1.08404823404028	1.16210468138159	-0.807122097661944	0.441964966587593	-0.480604339000458	-0.700276736238269	1.02456973445615	0.630459982004656	-0.621049848755325	-0.847131841533752	-1.59736515590569	0.39450085525058	-0.570750166624922	-0.212397681121538	-1.30479422376519	-1.06817077765357	-2.01610078546908	-1.59122711046556	-2.2984479040562	0.929810687349408	0.174779868192055	0.0218702305796865	1.31260086132572	0.173194417455685	-1.9015457083426	1.68865282767987	0.789341856179995	-0.755114740840666	0.632259585840126	-1.13334761125166	1.59726075768876	1.21986163281788	0.0823117168722718	-0.105400347422703	-0.00732571343626865	1.04158228508255	0.736515342509326	0.513820091333127	0.35143495667164	0.0458287243019498	1.26020397909359	1.03667178594882	-2.63930600445345	-1.08294261714693	-0.998941750827081	-0.698668128903484	-0.540489159046131	0.630477310245071	0.0700485405121855	2.61192749891685	0.0371562866385999	1.20818498856067	0.233986639577611	0.154116602502029	0.765028759159436	-0.818846055149823	2.18386489441973	0.181295933020653	-0.0121583581768675	-0.352462792579222	-0.510877618038346	-0.129674213936273	0.876354696044334	1.17290620999941
0.902215836522749	-0.952629961935032	-0.974443793832878	-0.341985721466388	-0.192698578360349	1.511477731081	-0.873325267184362	0.246347657742499	-1.1885855799058	-0.380402320095836	-0.81416116667847	1.2998445345481	-1.10913677800843	-0.502298755103772	-0.0882187291097988	1.22776603466583	-1.36404213934852	-2.00999778303386	-1.3879154724031	0.169102725381263	0.217003894260377	-0.779420559927932	-0.0391903486506583	-0.239113526633449	-0.217496939166404	1.71627623482863	0.9467499331817	-0.0623380128978647	-0.120747643247656	-0.180772062445104	1.11655890043202	1.5354103268373	-0.978007334086012	-0.639888327484969	0.766257709374549	1.34140386753987	0.339725074000306	-1.20676386806596	-0.170104386639896	1.81954740994615	-0.200989281649112	-2.70257029289132	-1.13864077175407	-0.550071663129364	-0.374716462075321	-0.0407079461433317	-1.2098121238621	-1.08597116874574	-0.155837945010413	-0.210332512720726	0.813728328717152	-1.08683187489259	-0.630150416820644	-0.0171220677671632	-0.120665034347672	-0.25740734421516	0.0695596883307177	0.274062345935692	2.76244659998844	-1.74676878344754	-0.332717087207205	0.705331562398763	-0.542534827377106	-1.37481011080078	-1.05898254535928	-2.03783270177904	-0.905513285464511	-1.55961908305214	1.52931014983241	2.54534919488676	0.00646447517705223	0.408172986834459	-1.08839396082076	0.227386062407372	0.46092423627329	-1.40256594171068	-1.13519651028743	0.0183254745365456	1.04773499716402	0.572439032376318	0.670986367520303	-1.68482638255648	0.641276352736771	-0.485049478057254	0.554146855991709	0.193399866625657	1.35685173008604	-0.961763232145857	0.627139674228315	1.74152974009397
-0.0408170681156218	-0.108222498909995	-0.707100322298587	-0.720497752038577	2.53436707992559	-0.35960115188922	0.869214427757583	0.342602882692401	-0.979353425803681	0.277223202973681	-1.28509221207167	0.617462429608149	0.0605160733432319	-0.580032989167078	-0.642510927964037	0.665800268841344	0.407340746480421	-0.188120216953581	0.706074171628264	0.191239245503267	0.145192036893113	0.562411726083763	0.179016126268687	0.94276210323615	-1.38798546241235	-0.252842067968476	-0.163405148459396	0.2798670003603	0.961780202278175	0.267116475554793	1.25546363403521	1.50631831842429	0.771879652259835	0.661244073887749	-0.959865780588632	-0.646326436302661	0.474349335909555	-0.184349662876595	0.269490884103534	0.26156759125135	1.18849164719942	0.15560050924039	-0.52552315608266	0.38851004101846	0.222116398720092	0.622946733827488	1.38647276763898	1.01988762281196	0.462051866022372	0.0209671915655167	0.068835617776918	-0.30354171124068	-1.87856988877123	-0.305249454690832	-0.107832626256995	0.452125169530584	-1.25963072277498	-0.756279575880389	-0.921162866373859	-0.369318383624518	0.983810606811826	0.274851051043863	1.22420948172679	0.777922537166621	1.01073797674938	2.78285036829955	0.623945634961234	0.875635754400378	-0.108049323978649	-0.0248310511386586	0.295681965758167	-0.677179224905511	-0.996600458910043	0.85516118642495	0.0108716646401468	-0.0251212609483091	0.419220748089334	0.336795483276805	-0.116357716566814	0.351316502055726	0.4607164117201	2.37123752137373	0.771469539951277	-0.221286807586542	0.17746283014903	-0.150974438488283	-0.3867863928038	-0.896374156346765	0.0234443609286068	-0.120877183929178
0.484542730453881	0.658738744585338	-0.635533055920159	-0.431137717946629	0.316669164817218	0.204069468810971	0.758608306906435	-1.21285775613474	1.04004938078081	1.31761785641283	1.72074999464594	0.0452490046896692	-0.734826011436359	0.130618760010256	1.1504683242117	-0.73478551074045	-0.189521244179597	0.967622469967864	-1.2333583727565	0.501836693706154	0.167927974809247	0.821271784651127	1.94706938766554	0.605638516528863	2.00114198086079	0.612950743374307	2.4794549976325	1.6124275632558	1.14138005918453	1.31843592018385	-0.0140376429205851	-1.3608882521568	-0.995635658788645	0.00545827626275926	0.391917313536093	-0.258065373577578	-0.734113168248694	0.56339430302466	-0.789277742682225	1.56268232127074	0.101493674389171	0.453305134968901	1.89228442386325	0.567666516046618	1.82040412476996	1.37696162622432	0.536716548035326	1.26103363873533	-0.0369271164010468	0.465834824695593	1.36708786383136	0.209650934428667	-0.0405065348590269	-0.275384384730447	0.491318654377404	1.07641475714473	-0.49097534551614	-1.78946251576374	2.11630540680734	-0.0267135954475566	1.2080659695257	0.4336192923702	1.11167760117634	1.04915927779237	0.296787473211473	0.47856386501885	0.914069387447193	-0.932666822457066	2.39292382820431	0.293950668546999	0.0163473533050441	0.144941593029124	-0.398154742907621	0.418876433437967	-0.0248168535100861	0.547203025071155	-1.18303623361321	-2.16944616917276	-1.65593304157519	-1.69893431512757	-0.655452870361862	2.19872204822492	0.0505568414938986	-0.229999621669424	-0.331150416103974	2.246599957654	2.61019389509938	0.0909913160892861	1.7197620918846	0.700823457628711
0.636166803931906	-0.586462778895397	-2.76212173914047	-1.19685486062035	-0.122805676995664	-1.4752190770904	-0.212016358797801	0.265277773631677	-0.0793360097784723	-0.147020540215196	-2.02934942470429	-1.1494429319111	-1.85194539871558	-0.520496533877455	1.36976914607912	1.6711020278047	-1.29068815399514	-0.44566474904175	0.30454073210095	0.223248127748483	0.621562950041566	1.93067366012404	-0.540469376321462	-0.448521680776458	0.367488357835803	1.18670101509603	0.09344949289216	1.42174703373237	-0.365038795519206	-0.487578016330278	1.62302714735286	1.41014113053776	0.167608368507907	-0.195453946485866	-1.49478090838901	-0.414412636853728	-0.716108836489512	0.927242384402914	1.23100564395648	-0.0652587566803661	-0.158483642338801	-1.31398967414662	0.49181725635892	1.20609902550521	0.965588316213505	1.02128242849338	-0.289778076306999	-1.17746608215943	-1.36493974974331	-0.930406227873972	-1.98831184308584	-1.87325073468989	-1.99295427583832	-0.277479705392417	0.0504409610461466	-0.214892564826849	-0.130803668688104	0.136135509131213	-0.273442460028029	0.386084803029391	-0.0242349959012821	-0.423614645450583	-1.08205418490711	-1.35946893830195	1.20292336548155	1.29263216336665	0.210787541462828	0.591112269682378	-0.147831511916958	-0.305429100942542	-1.56330727628172	-1.989211965901	0.445572127516613	-1.58530390259237	-1.1616230847826	-1.93613883974394	1.071003984701	0.678759039530772	-2.34774153143601	-2.59261813432744	-0.681851505501274	1.67098921153818	-0.108754355310865	-0.878464629669542	-0.559554108738931	-0.634346881550394	-0.138590780651616	-1.74768304354211	-0.970193599694274	0.435549631820725
-1.35827124072412	-1.17430872715074	-0.201207394374606	1.22635026411183	-0.158235640669792	1.22556215532291	-0.72581153205322	-0.232575275040604	0.961233764385852	0.468242623899476	-0.45633026086964	-0.333382157300712	0.577987296443086	-0.355689313690652	-1.52549270459783	1.25417624842906	1.47910591409915	-0.172238774473228	1.53164875279346	0.27536777007095	-0.364313701479071	0.174917691918873	-0.512958203391969	1.22821166914388	-1.05136510447235	-0.696268778406638	-1.79887251739879	0.53067011732803	-0.161553401098468	0.194017779459639	-1.73125397370747	-0.16081096286487	0.946003437441165	0.899455533189012	0.980720356618976	1.02943246201538	0.40424604913204	-0.0626497666583725	-0.842276002576928	-0.146719022278134	0.320279966391118	0.57845589091628	-0.549301141825792	0.472851817051012	-0.499250043808265	0.523932659686448	0.75805240362101	0.640147046657678	0.734812715894464	1.21749869915972	2.18787350471328	1.46912314167776	0.287003551068547	0.281879102382996	-0.145019598619182	-0.881290834113995	0.67084603588235	1.44041061946894	1.48834102408922	0.506344989592973	-0.953066625212988	-0.602795531363795	-0.453456800552766	0.300273963584587	-0.247780703897843	-0.123838099535538	0.798870373105358	1.41843791045997	1.59830327620619	0.85497676589315	1.76361557633207	1.8965387517907	0.211752142274754	0.525076433248579	0.250133413407957	0.894016527489414	1.53770121465424	0.321185842842441	0.91410945506315	1.96812615097926	1.33963567986542	-0.247379356888751	-0.124912059735377	-0.868295507381697	-0.585673222166739	2.15368069700445	2.50879092166821	0.229220165559512	-0.0906407516675393	0.0747013931188023
0.631471214117994	-0.612161508282091	-0.766262439883054	1.52866297463442	0.766099857908311	-0.856163083358251	0.489103526034873	-0.0287617977905945	0.776854105390266	-0.726912926850601	-0.951503402897988	-0.36476911129281	-2.00612775850637	-0.59925160408975	-0.555078621419677	-0.878043392234673	0.487434675856512	0.904082873215047	-0.844101670836766	-1.5501155250138	1.19672524416111	-0.43563750812509	0.943867573160849	2.46268012248303	0.506622749713347	-0.157962136230994	1.83713015157175	-1.3617119646587	3.84964920278366	-0.662012475065599	0.611474186230983	0.638876439034656	-1.44529423648468	0.0376227510019701	-0.457566284981153	-0.0821903683716493	2.08263015376045	0.731284044650445	0.337019072344706	0.287274708437547	1.01365091894314	-0.853743253636684	-1.31225424247116	-1.66310031248013	0.890682631770445	0.631300232786343	-0.41291376648242	-1.59149949139122	-0.085412030060668	0.48961019841431	-0.547723672319749	-0.165598838876323	-0.986908516728049	0.237562696980817	0.824213123795193	0.0517584660135182	-1.55031802563883	-0.734772358234895	2.15599872436182	0.254073530163206	0.0170496717743857	0.0663005955949289	0.286252828938235	0.0716669470412409	-0.490048230535718	0.909471852722609	0.679117258341629	-0.453656230674953	0.784427331407937	2.1003504091689	-1.68242935557206	-1.06011466597777	0.408337231584055	-0.720889676618447	-0.387305173331493	0.607092586704306	-0.821597342185585	-1.08907512308694	-0.552987611349992	-1.22176831373741	-1.04258727184001	0.381067183818268	-0.75278076827941	0.228009837123683	0.719413927715635	1.92714285372906	2.68514541463385	-1.54328440171962	1.03694646638711	2.34166017149703
0.784232224857581	0.364736624014405	0.137807544939726	1.14395418351062	-0.026529568338651	0.629508050092326	0.964764211445024	0.731294333470876	0.203016805596919	1.69427402956027	-0.117447255627641	1.07633858727291	0.984944311733302	1.43991823751139	-0.232998949420305	1.20510403618682	-0.0681108008222068	0.385865037288462	0.27737337043312	-0.296650378357733	0.851988404802493	-0.724890458438408	-0.179943647185627	0.173962293920953	-0.49480917259234	0.56710036652791	1.05804958576892	-0.966119145432409	0.567819430352693	0.0784319806445148	0.957976258609506	0.636329723334936	0.1313888223809	1.43407440277563	-0.293238399196404	0.778540425002518	-0.274409618726315	-1.55057825264441	0.491423592539367	0.195528148212264	-1.21474291130291	-0.137748977953604	0.673166410248643	0.99348526972265	-0.406644120025785	-0.611157715362705	-0.201075600506863	-0.0468020764279249	-0.839974978321481	-1.81680445951291	-0.570691352682478	0.6169818180714	-0.536083306212503	-0.475721599653182	0.845532283435829	0.986191003324768	-0.749734579306301	-1.66238331074745	0.633168800490449	2.18303712710011	0.572310425368161	0.549058818884786	-0.093272259578657	0.106822783266627	-0.955947905014647	-1.09641200483171	0.587071409009963	-1.00612154611273	-0.781760298240173	1.95477255685575	0.432431962422661	-0.854172269543062	1.64998118424841	0.0813354505084996	0.00718926787745898	2.13589687882047	-1.30337231911064	-2.19313179348634	-0.347121164930338	0.187413866692798	-1.02894978025891	-1.16906338475754	0.13641615439764	-0.673214344980106	-0.111402708417236	-0.403212276881632	0.187595109453481	-2.36778756104758	0.323319430799939	0.307749055201677
0.0481848927425255	1.01569999608091	1.23975598816604	0.0384404404648746	0.280328754781194	0.796722034851757	-0.542770856517114	-1.47400953606443	-1.34891437100843	0.0957675513846393	0.299564963192583	-1.21231029132246	-0.462236829359759	-0.696930296009803	-1.79646920415346	-0.0295623645490749	0.0442692513579197	-1.00447184403172	-0.304672132585352	-0.782507406625555	-1.25351658439744	0.301002078290895	2.77569778322798	0.0245202163808471	0.0572747829416958	0.533194306014562	-0.966617252161917	-0.691367685618195	-1.637063105544	0.635601775956401	-1.03631295035867	-0.322415165655692	-0.701255353504021	-0.722516071619402	-1.7895743036305	-1.46113513220861	-1.80925528107442	-0.104231556268222	0.334258950041549	-2.27498688037395	0.233052297371177	-0.865595107351044	-1.35205879251229	-1.99457682426304	0.0899016551363673	-0.600240280226303	-0.983459088349635	-0.422930549434968	-0.808234482005048	-1.00644162393483	-0.686334713195116	0.20456734268901	0.0861183229276145	0.257114215327546	1.573014580299	-0.0339808476883322	-0.822394361557157	-0.913471159007531	1.34509677484548	-0.744145101358589	-0.64447457363643	-0.653898755350236	-0.644727929130785	-0.833081604397385	-1.6137959709069	-1.04909578266565	1.26729051618372	-1.07714605721317	-1.08106596395148	0.692249282721562	-0.602518009405531	-1.60479787357411	-0.444921208462953	0.167226103418541	0.27243797333335	0.0314666110700806	-1.17376095358114	-0.216842881168272	-1.188950131605	-1.00481211715718	0.368267455785514	-1.05681233198565	-0.378297544199095	1.35356396048763	1.31637972498269	0.443313352498019	-0.113128299943025	0.099703874565285	2.21845857115182	0.514101988331907
-1.43859500654928	0.593546058265335	-0.375344451459347	0.608972612339772	-0.09386899826105	1.09945502413893	1.44728775981726	-0.271155204528667	-0.176901490580681	0.661813887896432	1.81924865254001	-0.118681572066134	-0.0139937207810311	0.56981229641219	0.452887062752639	-0.454280898473511	-0.90304814377699	0.832777766513956	-1.62637912683048	-0.4943320414192	-0.245099751556595	0.27100029414429	-0.719656380467248	-0.193693348165878	1.304819891126	0.324775654375109	0.414929592617142	0.0424913322867509	-1.34712475989732	-0.314682046175116	-0.0368157271871263	-2.88314387950306	-2.29577282556047	-0.464516449039203	-2.85308856267239	-0.15733355713179	-1.71650491741723	-0.937960841196401	-2.36349028147068	-1.01148023049651	-1.69016441676609	-0.522523455205772	0.422100418782568	-1.87888366902909	-0.413664079114598	-0.90422860934469	-0.770821089355026	0.306510694629439	0.555009919732615	0.527443759981319	0.98774982632835	-0.5148912344155	-2.13279816067025	-0.598717095042131	-0.414564149108058	0.459240204334449	1.95788979603536	1.70851262950756	0.943685360691292	-0.599787199905415	-0.36233033920228	-0.552594878024062	-0.738139247913695	0.728334351439479	1.26136670590915	0.554065562070247	-0.71889966704479	0.545658296461651	0.0423900834020123	1.32637226534659	-0.00913320692801663	0.647189921147811	-0.510465283730084	0.0678669131323867	0.0162406981492413	-0.476891735083368	0.723773577774534	1.15473641389125	1.85310808647493	2.21812756088758	0.872405849762185	1.26434223841835	-1.83013660819931	-1.87967769919125	-0.806253047767571	0.257819718731858	0.53749648114741	-2.36573257281401	-0.986713622070743	-0.566526594154036
-0.184051162716397	-0.523488310730661	-0.473348521939261	0.703039035587785	-1.91911608276021	0.238003060450774	-1.08339127266531	0.705960657637195	-0.822802596751582	-0.855424718629156	-0.751762597435229	0.546325807009176	0.240884511861251	0.129131447746839	0.492823335984541	-0.643076349504135	2.02413187694839	0.0398570132169464	1.39266114819035	-0.392287528976838	0.446134121491421	-0.691779540138412	0.492015822975926	0.396717526001419	0.0774614981491715	-0.850228024634131	-0.17679764171479	-0.0652086902334703	1.29630852778932	-0.323473834537603	-1.25059884285096	-0.668725997630226	0.550030758698268	0.258327369217198	0.409778104631359	0.822379559315255	-0.460814064342493	-0.419447915440116	-0.154535422523686	-0.606460512840015	-0.205795474675542	0.864253440445565	-0.521948626795744	0.889441484604387	-0.489886683250212	-1.3978497331783	-1.66580763165671	-2.73103989228315	0.65858013625374	-1.45992615558564	-1.20939220711553	-1.1060265927934	-2.32053184224381	-3.42808121802096	-2.43269884250773	0.677822090092894	-1.81393941018188	-0.898966312530918	0.40055665578391	-1.19250714059958	0.619776287683401	-0.00828477087442475	-0.680923245504426	-1.05371782706332	-0.379798685332049	-0.177488671857431	-1.37260171197775	0.542389169676873	-1.5634988495508	1.6587108033164	-0.599026934504259	-2.05731340492502	-2.08859700414493	0.167731675201402	-0.99013497674094	-1.0992522496462	0.965626993700869	-0.519989487276533	-2.32863868317154	-1.70079028538317	-1.45801841906823	-0.315221633709296	0.549473555568152	-0.0770526731340535	-0.444223974919333	-0.414880995886078	1.14982101729699	-1.27748972101791	-2.20181165694272	0.493581129816942
-0.785555682608203	-0.0681358571444076	-1.96292732576981	-0.416389062075724	-0.940837983212003	-0.354405104866059	-1.12335664950505	-1.03085382472491	-0.431827089345289	-0.282073474249761	-0.589920846509986	-1.78189205124577	-0.548225607522891	-1.86690652460012	-1.55549786200361	-0.863157936086482	0.501910773046003	-0.56697900683103	-1.23543532690975	-0.36029587660611	-0.00626641280552177	0.702559828273281	0.115558676682877	-0.172283618172435	-0.0434056446755343	-0.713657749510632	0.914513295640286	-0.618123302962803	0.744536721988542	1.36178091431947	-0.814296742539911	-1.42597352736539	-0.869377153211075	-0.520302024330316	-1.49181832493167	-1.02599823978496	-0.139368160756645	-0.291331120205559	-0.834683829600028	-0.498855110731409	1.41725111290306	0.354926155007375	0.681538353054707	0.430153443775485	0.384900878543226	1.03870072334289	1.31583286827626	0.993079529071171	-0.834673214536229	-1.00882559754813	-0.0570612865516031	-0.0844969025855713	0.0369900374281184	0.536193587405605	0.139814287983489	-0.258211603587284	-1.94424528354776	-0.196955098107226	0.622253351387101	0.413539576676249	-1.22126557704526	-0.826420527953422	-1.39999791715426	0.139577780157826	-0.772947341625117	-0.594314634926584	-0.849941182356888	0.101658093134252	0.289039401977408	-0.640928707741683	0.558707331256733	0.0212160744689389	0.724644810376624	-0.265934913317348	0.173154611598035	-0.250393894299643	0.317143402312268	-1.05228129309498	-1.16563364445957	0.58315249262415	-1.64448402452176	-0.585507656712747	-0.857755153670395	-0.912275532428676	0.78895959411415	1.24379776619347	0.382535407683073	-0.0765039596553808	-0.451189382496124	0.784329824173881
0.697543833368711	0.172675312701106	1.49344384724697	0.860391359413295	-0.254026608707452	0.12121484999122	1.53928261644328	-0.729369575645151	1.08551729555879	1.17145723406897	0.286105789635947	1.7550773776106	1.26671268325114	2.33715136022991	-0.390496669070688	0.175035693512604	0.927033929161086	0.113876679665515	-0.60892321048284	0.506294470244729	3.67145180106123	-0.652883939210206	0.324849168901994	1.46131073796903	-0.0486641891754821	-0.0936973592469621	0.440717819841587	-0.434065199670086	0.0433582818180009	1.07037726239696	1.01958151316895	0.869143530017826	-0.598280506336949	1.25905798347286	1.31717237918547	0.596808623136833	-0.419234424903513	1.17859682613066	1.5997543201331	1.23324518192635	1.22381278709651	2.36343923902003	0.212308860136195	1.05835811471825	-0.0669359501741879	0.340824478985305	0.226885123529621	0.24127752049082	-0.314594920399305	-0.42784118212968	-0.344490553530802	-2.09579500375029	-0.421711050872317	-0.857189027435139	-0.175569613552394	-0.706799072441111	-0.0967904138766534	-0.25911189740433	1.02794577330294	-0.574916743743514	-0.493526037552323	0.545450661361855	0.129024877841939	-0.304685809880542	-0.617228660032223	-0.368673987225287	-1.13486464173329	0.683191627158528	0.975677448716065	-0.705329985846203	0.478033761450744	0.300745545017605	0.505168185651802	-0.187210016297407	0.780415794010652	-1.86696413404823	0.675823981973827	0.283177416698097	0.0134236831563943	-1.028837015574	-1.23236805216007	-0.298526005775172	0.268002181019044	0.814178538038528	-0.526078549412486	1.23910306126148	0.559221069614405	-0.935658043503069	0.869953631362841	0.588290046774013
-0.582170472930185	0.318014661020364	-0.402033562753948	0.225695595587819	1.28986749409671	0.600530662733572	1.20719487768708	-0.313758506119443	-1.31190763148989	-0.00859316225567895	-0.0233667257030845	-0.775407852812175	-0.405024771896855	-0.428292959729443	1.05780026134066	-0.180650678273581	0.691740396258326	-0.459813498419333	1.12527444708574	-0.392197342850511	-0.79128315086396	-0.0485529030103493	0.379166563818816	0.262861003440371	0.177114456312579	-0.261342338807032	-0.961942104112331	-0.304304207351893	-1.80715344052699	-0.183805985245435	0.2936848074808	-0.739323218396746	-0.925600930635585	0.7480946073894	-0.626870101595688	-0.394247332496364	-0.592937261576637	-0.685903812660207	0.802264145328398	-0.975576606097188	-1.0362199224587	0.55765174951146	-1.43983188847327	-0.357997400754163	-0.531523279118535	0.185591361228906	0.691905379442634	-0.144056801627694	-0.968881173553515	-1.04250842551054	-1.00649294483296	0.778554521205471	1.0667178223141	-0.134817506736257	0.0253333398300452	0.0142004825634111	-1.82963186716418	-1.80704835632068	-1.16179087427886	-0.589566847470463	0.443765256244095	0.161438841019988	-0.389773458795286	0.251519539934868	0.316294786718516	0.810672380913541	-0.849551425238876	-1.02966398655295	-0.869921825140545	-0.662111147712315	-0.089744915671974	-0.842486209865784	0.146743580202187	-0.967350959990731	-0.199075581219474	0.358785038338511	-0.294766278689842	-2.34176729540215	-0.273633832742548	-0.289997366213288	-1.44803973801005	0.723142197838113	0.742626592512956	0.628431925496317	0.953627659557344	-1.47791899834171	-1.43776578845721	0.94184720386266	-0.798311231285364	0.0674531730941704
-0.132015015206686	0.195910200513886	0.816124803556169	0.399590757676804	-0.723741878471788	0.135900430057615	-0.683866846931654	-0.186914300225043	0.288491623415256	-0.173389728596874	1.01631796198614	-0.0712515318850041	-0.184779169745379	0.0937292498586554	-0.60643755479867	-0.00027206743684992	-0.608591708711361	0.647397986620856	-0.841853415134867	-0.255265051802325	-0.27709226378476	-2.32314571868772	-0.867095201494836	-0.012829432169479	0.385440826626936	-1.57752397923227	0.120460492787357	-0.664873333532196	0.101030394823891	-1.19384319550186	-1.76750597458288	-1.06941586318606	0.200937920958484	0.55130123382216	-0.746103019669577	-0.828564151459169	0.123043593983955	0.257277608572258	-1.16694557536002	0.26672017185217	-0.770030309028482	-0.0105282369060937	-0.967034373080745	-0.355199800366504	0.726350876185025	-0.535520783350464	-0.45986488212686	-0.142854224524845	0.519835424699292	0.980993571830344	0.779878380241052	-1.40361456673331	-1.29178034401163	1.50833346054383	1.47757802103417	-0.757853627272257	0.8205397070025	1.09310023793508	-1.57610392746231	-0.0454737813664693	-0.502301098048297	0.712228717389186	1.51858064776571	1.17125144369669	-0.584872369845155	-0.375836419770698	0.457463336647422	-0.0903472694174098	0.0295217300658072	-2.64383177446703	-0.170889473899004	0.98557603768335	-0.186438918935349	1.47641681866604	1.06459727926297	-0.798891624366599	-0.248006368172531	0.963889264087683	0.0721335824843698	0.649248335635466	2.47420907968132	-0.1890032532027	-0.179956956377437	1.1910736062003	2.65390054761601	0.896067672180983	-0.367124034140145	-0.613520707867527	2.23108727541157	0.468118809823463
0.825085941238498	-1.01093254812357	0.0884753701073671	0.961220458406262	-0.746741789506348	-1.11639560876978	-0.549941850508655	-1.15356671614918	-0.465046706326506	-2.36409144375152	-0.101145801166133	-2.71535848195598	-1.93774118947777	-1.3582399336413	-1.22868694034294	-0.101303469210155	1.04738126793354	0.54599934411598	0.834538905796897	-0.702588204014347	-0.107713203533204	-0.275691069680469	0.875618740175406	-0.490734406083834	0.0907817370744906	-0.406734835832817	1.73682154381187	-1.14635966884634	1.5816071159395	-0.652699194461984	-0.805111019987569	0.306152493402307	-0.461652716510427	0.194114930534345	-0.532945281898836	-1.06480310224045	-0.529873486617364	0.400529414855085	0.811448240915201	-2.1105493453906	-1.68289383951017	0.790837183903652	-0.969458281194222	0.339531953530194	-0.278697103076717	0.413818905981144	-0.519117142868172	-0.685125416894179	0.708337163120368	1.59310031830908	1.56927819094194	0.187532086392705	-0.457945739867373	-0.15221007349914	0.184037649770569	-0.433521566511949	0.746920578768541	0.664041285552273	-0.786227788251948	-0.576880645914238	-0.283627155151666	1.23158575067464	0.398195174264531	-0.391787377242923	-0.118216312046484	0.541275370036645	0.713150189423676	0.471668184760298	0.121531967788498	-0.763255797348609	1.38195196300933	1.07664952124835	-0.423787742974197	-1.01851919701643	-0.80839786728943	-0.210798340126982	0.124435454514023	-0.0903641514587667	0.640925634664319	1.46374037278076	0.579365459948831	1.22118103404205	0.80592642956019	0.231381346484011	0.13385076144742	0.495783751818308	0.325368462616444	-0.515659618143756	-0.277424665503934	-0.493568946663851
-0.717757237085041	-2.17058995554269	0.881223650034996	0.485795907827728	0.396210519298447	0.36013856250723	0.939455011572383	-1.59705750871841	1.44207343656985	1.03490370698143	1.17833368020262	0.952299160429174	1.73562845401224	0.00963558577202837	-0.715262014158332	-0.832041782903696	-2.71612201057092	1.62426793244447	-1.12500520297629	1.8103573092359	-0.959598417446914	-1.20419670082911	-2.12963239803352	-0.899943005349942	-0.924146230447771	-0.580256957694145	0.95793485463237	0.380446779515291	0.251039220527455	1.25815358641212	0.377756716336905	-0.30333551547775	-1.86449773278025	-0.630139747971104	0.013388120049555	-0.457235354170348	-0.0962487574148118	-0.760249514258691	-1.12215832539339	1.16059953720774	-0.722529649005882	-0.283558516819436	0.937299720377083	0.680953632904671	0.182220890185014	-0.305645030022789	-0.35657656367098	-0.246038950094303	1.18547254963135	0.57704040985066	-1.54282981647531	0.461203554295906	0.491413979005204	-0.0713588937000585	0.669106282013765	0.775404258617422	-0.0694501276517215	-0.617235851466829	1.86975649590299	0.620097136596636	-0.60054730182725	-2.40472755692502	-2.64700072855227	-1.05995466089913	-0.980920524045571	-1.86101255737869	-0.632178084977058	1.04756240903655	-1.78658606052927	1.24442034922873	-1.80232268157532	-1.40063633403129	1.42630066926081	-2.18115854884756	-0.871502365501924	-0.232166245481799	1.43471218867089	-0.598761907381875	-0.294377687882608	-1.28249240640099	-0.307710287587009	-1.68871222727649	-2.73012275079273	-0.530436891027473	-0.143708325416091	-0.307123431381179	-0.0456711746425374	-0.28505928690823	0.148362659138663	0.578255860718968
-0.991107387435646	-1.86313030584701	-1.46678506539205	0.855665444938245	0.177709942741565	2.28009551097416	0.73252052254985	-1.51171395280627	1.39031452545301	-0.63263239355603	0.477863476276074	-0.523555709986812	-0.632774699841232	-0.102697185724499	-0.654130293161373	-0.371688624971762	0.797047098430583	-0.331313242941571	1.1548995100665	0.674866182255091	-0.761656226794639	-0.433587827422273	-2.11247471214021	-0.658186739543385	-0.965334185881777	-2.04533299855362	-0.657365249836315	1.46021687295264	0.102564578099113	-0.399466331280968	0.123316154041419	-1.36383470229274	-0.29225425365112	0.819259029062864	0.816328668967374	0.591372913738753	-0.202911400059854	0.184202931154184	-0.590500903807031	-0.592132588517937	-0.465049722915	-0.753901024341414	0.717832264867429	-0.744926967061275	-0.320061317301051	-0.217910828361286	0.451916597138075	-0.0338706732267386	1.45296750115931	0.259615651533602	-0.858213490519429	0.00927028129786997	1.60191698844995	-0.216580195157474	1.15416118088511	-0.799880508355571	0.864627605054424	1.13482947117243	-0.374171123456028	-0.0950295359033568	0.364917481688961	-0.639378324754904	-1.13283530259876	-3.18404397089494	-2.50080919236099	-1.38063570502883	-0.890327786438866	1.11086075919229	-0.834969074025863	-0.166375260319262	-1.54042130983784	-1.47706550839249	0.310489931496187	0.836553253152647	1.06296402973425	-0.168682026290391	1.24574210767074	0.946176723233631	-1.00854862725872	-1.1902151657941	-0.319273957441704	-1.71977590015495	1.60192782907927	-1.52423832360147	0.750614105837553	-0.854096229958384	-0.481176040941537	0.918270816142458	0.426679836500397	2.26620485464204
-0.969214060014988	1.34035757603893	-0.0587101428586659	-0.0416150429216482	1.11024073176466	0.8933274104517	-0.0805767482834666	-1.81537477108902	-1.96531524796636	-0.726316448503738	0.157099370674335	0.938725193184391	0.143377761233458	0.434282887038864	2.59323539037051	-0.98419873033785	1.26495935181988	-0.218979278061755	-1.07426274259059	1.99224550684525	0.240503823984314	-0.174996110420037	0.358570217040901	-2.07831233192779	1.64332296158333	-0.292433182685983	-0.772315423849409	1.42347818551645	0.337150592276411	-0.736644275566723	0.446498603948499	-0.0469619033551583	-0.27801152141162	-0.581926336885298	-0.411667747095812	-2.21206979608974	0.337176023100165	-0.840891709169962	0.639687932259938	-1.32487132164932	-0.101566231738512	-0.332998845690624	-0.194053293154851	-0.356583424206634	2.1179533067566	0.862785227894583	0.357263132260719	-2.14528727869003	0.597518549943676	-0.584315861358471	-0.885399948848058	0.363973149367041	-1.61057270162866	-0.956847348775516	-0.120761639153958	-1.7978347660115	1.48992068139051	0.723047665458536	-1.8607394537553	-0.619620227257072	-0.639643214534499	-0.190362720922986	-0.4455770842523	-1.67981467450917	-0.274411446534164	0.777095045324495	2.02596783700398	0.344292832228893	-1.02425695015617	-1.49641119767811	0.265347592569044	0.377339166260954	-1.389059644553	-0.81337762923823	-1.55065687107833	0.0393293732261873	0.311061783872492	0.225367561625667	2.97425729809234	1.67814711752545	1.43544895074365	-0.283433233658209	0.837177284874397	0.350808972989479	-0.893439752506363	-0.582435522928672	-1.02024194326168	-1.67964379350865	-0.575006732365025	-0.327207930742494
0.408601113867925	0.149698008614174	0.0404958906543356	-0.33620303925597	-0.173170088794845	-0.632186303752997	0.00265205998646077	-0.722155454081038	0.427900697678259	0.324324794692904	-0.261071723974467	-0.363167527149363	0.442268657894894	0.366107666143398	-0.524130556878852	-0.949827802547155	0.241116584212964	-0.701612422516328	-1.06824340197388	-0.189079024822595	-0.108524349850134	1.9322218917717	1.21014361068506	0.0712078847698123	0.857539522333465	1.3884378935767	0.0600894031066081	-0.365755589968913	-0.386365392628973	-0.676704875702658	-1.07732342101174	0.348845256892026	-0.305765275284264	-0.570839221451933	-0.0374792592903551	-0.365695930945323	0.365246107903096	-0.983452127406165	-0.553491605990748	0.0826940480682991	0.0582258143761505	-0.184949033917048	0.0707870163177955	-0.516913301426413	-0.557471195564787	0.215103937922466	0.204171297145316	0.610156916739252	-0.70455640983083	-0.323932085681857	0.333434434600147	-1.52069229903455	-2.62932150171651	-1.64787031919479	-1.81295448536751	-0.605089343133342	0.653558158155045	1.16258056529998	-1.21194216451675	0.78741548272145	-0.728543112421438	-1.13138628368653	-0.185946994136823	0.141250515447939	1.23328162561413	0.727360922488499	-0.682327651421001	-0.365626452802783	0.433664611691795	-1.35450578330788	0.0179963688586184	0.226338305555122	-0.577185533482374	0.392426440307631	-0.845110547639994	-0.724005511941409	0.00993661396174504	0.271645900470793	0.28387648968564	1.08159343016757	0.190094512722316	0.877524584475642	-0.711171613826407	1.0475863868571	1.01921915464864	-0.667660244990234	-1.18127533626904	-1.65359986999902	-1.01478585443164	-1.39379117465897
0.759222489083242	-0.436641589188266	-0.734823450247149	-0.115759667637412	0.371530525445734	-0.350331643904178	0.237032248199316	0.00392744851344599	-0.363696084987164	0.327903144926211	0.655551493891125	-0.309277041319692	-0.880912098731201	-1.23732594238635	0.824699156544121	-1.36766157821673	0.901633377304298	-1.14845986744058	0.0061377604540634	0.311504847360671	-0.863426702914772	0.129489142503688	-0.340965301534541	0.88757657210061	0.449495402926898	-0.372286849732714	0.776413470778816	0.319970031898662	0.327278615318473	-0.453261499685472	-0.24686428937455	-0.505616929170542	-0.632451587696461	-0.825362765480725	0.265064813745324	0.889755227427506	0.873579236885479	-1.32434636317031	-1.08907958929413	0.883170065356363	-1.66095387578172	-0.454827593935469	0.403439064984957	-0.358796425648362	-0.0639783230402325	1.37173312043181	0.900947818391796	-1.71739982634698	0.791354492989334	-0.266155435885289	0.0597491323108064	-1.0600864671729	-1.51127742612463	-0.307145127827832	-0.969484117754319	0.40000211378226	1.04556129717108	0.788820947572455	-0.324417847865472	0.39372514167955	0.459688298778455	-0.515784059476657	-1.23286996109324	-2.78406627094537	-1.71997379434544	-0.698844909136257	0.435318528190908	0.348992562108305	-0.377632524278943	-1.65154068093134	0.665396444472156	0.143807923491832	-0.389479491940208	1.11255524471274	0.231048970780149	-2.48927155690045	-0.381116326454568	1.37254412853262	-0.164058295259246	0.0860867516628757	1.36310788881457	-1.47054022829096	-1.10883751931339	-0.338395817335677	-1.09173433215366	0.344360475949193	-0.102368265677987	-1.3421167375687	-0.277626117896666	0.409497424005197
0.494674813296314	-0.0167734053406302	0.723891931280616	0.492642020816536	-0.283258176320864	0.735664416471595	-0.19953336805753	-0.205377950757068	-0.0750898732972883	1.15332086375689	0.540291443231798	0.752462975890047	0.374771684956985	1.8912785745896	-0.569694450025879	-0.598740602104469	0.474669595472176	0.253484561738071	0.186988221478676	-0.751824057177182	1.04133718650765	-0.54339924018924	0.93488925141585	2.09882586805404	-0.897316093501872	0.191713469104089	0.613364291738854	-0.421802157051891	0.286051589873666	0.472719708101313	-0.0327847170272874	0.00280182593438862	-0.465739041676346	1.32987754307324	0.632322204941149	1.9418865585667	-0.178886068398951	-0.823012842404237	-1.69078811174747	0.0156712139570168	-0.235378044949731	0.786642743451277	0.579001306737893	-1.34058332233973	-0.819798643822876	0.0940446112434013	-0.883681616732355	-0.046910544501071	1.04993794261958	2.63559701095197	1.11983971247236	-1.237082164228	-1.03544179735226	1.30597626733423	0.397305830398913	-1.05705812307205	-1.27733345748591	-0.516338745933182	1.58730300455859	1.58292208452183	-1.56352041273654	-0.577160944494262	0.345719466858703	0.311264929108676	-0.443652263966759	0.074820452535771	0.311456844287603	1.33506080514595	1.64944184295078	1.05873679416125	-0.145500810987539	0.966184003313761	1.2840564052671	0.650217718687245	0.576225375384177	0.111859092657049	0.585510652071806	-0.157499138435348	-0.0360452569896915	-0.159720392121151	0.941895553813456	0.441621288446662	-0.314969525808124	1.30412406842058	1.32548267455266	1.51453685347679	1.57469358032503	-0.298411362048187	2.05356481813525	0.690428707882552
-0.643161488646785	1.21479857817954	1.18827754876662	2.15253862739158	-0.902816499422946	2.14126786513682	0.0221338072405153	0.456992727267354	0.494302688949989	-0.115459723100799	0.631184469306016	1.69702313530168	1.27947023119878	0.61633377724691	-0.585761135853802	0.118090946327271	-1.34135713247783	1.32994246303864	-0.634732545648062	-0.661046118143861	0.672666132477584	-2.91620171330724	-0.248143090847438	-0.487150783113922	-1.44154293609394	-1.21569763026703	1.12943609355211	-2.09921258204057	1.65094310301856	1.73085934050617	1.24443223115534	0.318587222481715	-1.127773629388	2.00069594214439	0.543679914259916	0.868011937591032	-0.656196452737602	-0.84422559209882	-0.0590674425214523	-0.279713720363653	-0.638008614576135	-1.26993374530628	0.447726272505928	-0.0565326552825551	0.7242050596893	-0.151958327210073	0.111056517122891	0.369651259013993	0.113101643380991	-0.00493795858445045	-0.158630607036068	-0.553752176959137	-2.31930563474439	-2.42423281508444	-1.61838841590861	0.32841373548278	-0.274030991623755	0.437181211733941	-2.27459519838507	-0.885477414274393	0.473316109296236	1.38822230806235	0.42459146563082	1.48027321133406	-0.0360121614251501	0.274360950361486	-1.08469505175284	-0.552568551634149	-1.12170866105796	-2.26769164220337	0.881686768980991	0.351443561800104	-1.95070180135998	1.56466223609092	0.0561852345688566	0.868983637763414	-0.152997325508797	-0.239275315514657	-0.333245454733122	1.09053075489386	1.09900706152417	0.743664301899207	1.52843931219472	0.817011629753347	1.92310915979365	-0.512406483818877	-1.11876744577663	-1.32931366317299	0.241412996934343	-0.370825672611269
-1.08406743896864	-0.181106043822966	0.517525395635928	0.370682325472275	0.865581071990053	0.226287994573728	0.568005011864443	1.67754503792218	1.06559575848238	1.06342280616982	0.970838884852709	0.305805079127283	0.708037582080186	1.17590780217461	0.171425706214662	1.78101610465861	-1.08536720774997	0.83479923529204	-0.0784208858431406	-0.0136151741954117	1.4434658883382	-0.491907279259558	-1.88080244802662	-1.07756994720347	-0.0179809628555948	-0.853488672459332	-0.008291587832337	0.908281497316694	1.13031310970905	1.22694550671459	0.957694157720367	-0.291903323543402	0.474374304305234	1.0248612650073	0.0679579393970317	1.05697641584166	1.41155590311815	0.275618982891723	-0.0728350997444577	0.102469787074538	0.276071897924052	0.14850029020316	0.209735144347581	0.995404164113448	0.542906935162017	-0.256676867456917	0.71770066852455	0.700077866725645	-1.50987914617213	-2.40945396582753	-0.493172074013496	0.611937560222307	0.912085647559	-0.595431097892051	-0.761978788336054	-0.611898503145348	1.765330785204	0.970787795706642	-0.193161188738172	-0.0506168274060249	-0.879808558946509	-0.0585093137944375	-0.320550797520008	1.00335118331227	-0.0848474990441028	-0.0302355160186895	-1.59699663065829	-0.500586749662846	-0.941579759604826	-1.24941626030667	2.48977854047274	1.29862885799323	0.183399457220146	-1.2471693664096	-0.805776827872754	0.15144840978343	0.185608356193149	-0.136366164178067	1.01989697041506	1.45812337714189	1.7203746774052	-0.49669657809504	-0.198669242628288	-0.0348555733734365	0.342863014923066	0.208805507127305	-0.365920282463266	0.735573755401343	1.25418121144332	0.385245883905102
-0.900715167749565	-1.34359941444376	-0.572299279330942	-1.87038630050354	-0.418884451094954	-1.5237180112788	-0.247520915531034	1.08942239050796	-0.636022117778651	0.234350466744942	0.30067172817706	-2.03868002010877	-1.65825920535752	-0.0829622075330349	-1.65135430811067	0.99637560041906	-0.331395792519193	-1.82718594450693	-0.137022144178518	-2.45012302938525	0.251515409949972	-0.00652228617020499	0.209695808006567	0.069049487773518	-0.877239136367425	0.0239519029906972	-1.32299332268125	-0.136300309894976	-1.63746312812227	-0.83329935961274	-1.63364379682944	0.541575028721433	0.903714870086227	-1.44770911608378	-0.0779046980687788	-0.302635237240103	-0.72290376349674	0.674417171477602	-1.32530349225795	-0.13029761804388	-0.315110712657485	1.04895248477568	0.0639431607025151	-0.352768470437197	-0.997207637758705	-1.37399457600898	-0.557080833217001	-0.0215453786085643	-0.777045205772389	-0.502164198091417	0.355615711182662	-0.694598255970012	-0.283731102305772	-1.30774131335358	-1.35641875704692	-0.566216739484207	-0.896865964538998	0.00299521777658678	-0.744839597718735	-2.64283068892657	0.354228430154264	-0.334742673924801	-0.384611421472149	-1.55657718575448	-0.640048851489896	-1.36461473455694	-1.38655590978832	0.0291760826628081	1.13254161852811	1.37002726031179	0.505221410633607	1.00299625016475	-2.41849239914192	1.34475221087116	0.76457373203499	-1.0006718649702	0.552187051365783	0.598116075890326	0.185860531525479	0.230916902122733	0.218006066035405	-0.916867074739459	1.67205113388145	-0.734326360622166	-0.322327953151163	-1.57362063258842	-0.56649546363879	0.0988182426576024	-1.68163699058046	-0.5115553753195
-0.0644571313403688	-1.70545897854647	-2.30079583345181	-0.519876344466665	-0.186729723144469	1.1651105276957	-1.04962214713593	0.556108136039463	-1.02009957003329	-0.854034828140926	-1.05561230075064	0.030223969142394	-0.343119500337227	0.41517826854862	0.0825073296971723	1.38730336011938	0.149865739679223	-0.562316443714469	0.819315435614926	-0.37314547945283	1.59103028069811	-2.86717065891374	-1.07701086006933	-0.159524364801868	-0.776314215539201	-0.357394840939897	0.84803030937553	-1.03794484034861	1.2805150141647	-1.02229811454076	0.868400419012317	1.92582680180146	-0.0901556312007031	0.187918608761868	-0.415098771823961	-0.568201702024367	0.928302558791981	-1.38365804812862	-1.46938992970925	0.143638563493733	1.39599698296161	2.23154788391056	-1.40878196149854	0.340554274718977	-0.270992710574969	0.203586926868905	0.177337641398133	-0.472240278315453	-0.237501646827338	-0.249441103863834	-0.221218414975903	1.86209787956601	0.428373120054935	0.501104936605159	-1.41863444693274	-0.170577487131791	0.409101695403965	-0.856789046805693	0.118737753474399	-0.0128414165245319	-0.628054963593598	-1.00021531998876	-1.58839873048797	-1.19427054935887	-0.625530366402546	-0.850358986980192	0.591695418295016	-0.735375867832014	-1.1228673051966	-0.332478161811844	0.330035484666437	0.0285219476297548	-1.14820085249051	-0.299164557139917	-1.35792453960591	0.578801120182356	-0.881404543098767	-0.218691151994329	-0.181199564918733	-0.244189503671806	-0.00122479308589747	-1.2814992541271	-1.31984997178555	0.808615644292824	-1.04519299169558	1.15368674096185	1.0059528736955	0.848916001983877	-0.226982495573692	-0.66748093375692
-0.747140587610645	-0.980504528695093	-1.70843753611784	-0.786721422111695	0.275959275788191	-0.112696760208223	-0.704395007130625	-0.0759684309146297	1.11803062773847	-0.658338749036326	-1.27052183995286	-1.96871321539742	-1.52702860748811	1.00287815733258	0.944606955519826	0.0359281121245685	-0.147520883402048	-1.88291173838364	-1.39481973142336	0.87297208493974	0.288987134637141	1.80320123884501	0.966067290279554	-0.917603959433748	0.171743945912927	1.42185683848221	-0.789255639973916	0.796491800990713	0.0529535517154384	-0.780151957182664	0.296924275039734	0.462033483381144	1.03032148555274	0.422617641628737	-0.0220228781414517	-0.359256748189878	0.818728725544869	-0.449211075379312	0.347527494143044	-1.28856617299314	1.34459794868832	0.296408589748077	1.32375230467046	0.774941966931807	1.80629498312219	0.343737278272082	1.20850533124218	1.33565907698386	1.14820645356456	-1.27947533700119	-3.1764757673609	-0.131855741398631	0.0889749545277271	1.67958564615665	0.387482504601063	1.53280932704801	0.397075372127604	0.651280371039952	0.573668991446208	2.76373198951524	1.70056190466539	0.581621639529851	0.0443648925894825	0.371388835879446	-0.206341930870458	-0.543088837501212	0.50037198211294	1.43919172873194	-2.83325347909628	-0.0973579395257876	-0.0354186016917494	-1.1769645379091	1.93742790988493	0.660032268180714	0.318367717285717	-1.24228289533428	1.4515877236468	0.967085982202577	-0.137977850796021	-0.34826726345147	0.905691800705449	-0.762116145024411	0.674470197644115	-1.18607766922891	-0.052132431325523	-0.629239942116816	-0.217306658836304	1.59904921385411	0.326484138786026	0.812959903865242
0.705399707093002	0.34600645313222	-1.23692572440011	-0.367622356728232	-1.81846276408875	-0.683439045213782	-1.06191163676966	0.278876771953638	2.29188241030684	1.32994443654994	0.443360544894141	-0.742839384378006	-0.5644686546939	-0.682249446653046	0.497475740392834	0.324771100599188	1.25789308640597	-1.34023132528086	0.0805764900791561	-0.895853007491861	1.42652802232579	-0.308302489732292	-1.42346213665672	1.91108577691188	0.188837003628285	-0.0740523260440671	-0.0449660321575758	-1.20092971905562	-1.07949532627854	0.876073474954983	0.856533391202826	-1.31025339823998	-1.27268252671384	0.00913185411713002	0.38533565975697	3.10198001623663	0.0781499533624838	-0.21228509408543	0.254872201241358	0.855849289649886	0.398056167845583	0.837046570956822	1.77535494086069	1.7533266644989	0.053761421295185	-0.913029743322833	-0.747701351258291	-1.052688530668	0.24975752768298	-0.223537103971553	-1.66444834446603	1.37374748811856	1.32858730994773	0.851058708359718	0.609355095447469	1.39519969842769	1.83261232547205	2.09177093975725	0.778531625925423	0.951294209106446	2.28223436309148	1.69092453525321	0.34944907419877	-1.08905671439023	-2.47389682989981	-1.46697594667953	1.07392022126328	0.661888094419558	-0.213721499069591	0.0437577800616023	-0.504381104435636	-0.382846582058675	0.767946424173844	0.22668462499913	0.20795230549394	0.833051933473167	-1.12483785620385	0.408316970206229	0.510470322631408	1.03307535437902	2.45055590639689	-1.10996923283181	1.32258032409265	0.680679350755754	1.4240324357721	-0.0651413022107775	-0.0710544455587921	0.217361451326298	0.733535472352191	-0.0864656123227814
0.210444319175285	-1.15189590694347	-1.12025289191847	-0.413784877324319	-0.507220510212396	1.04701118108432	-1.16735559369644	1.53859543889434	-1.25568110288085	-0.920611795031407	-1.26865571879216	-0.12226707916636	0.0840561609862417	0.121934997226961	0.0802836183271878	2.02780726538996	-0.10397737992825	0.79701915107972	0.272836491020357	0.436362734470855	-1.31214588434579	-1.10389402038351	-1.17705613596742	-1.00114683934093	-0.683012921461382	-0.0751383613730022	1.79681362085177	1.56844660107717	0.375492200650781	0.333770225876164	0.0178105545506696	-0.628248860846052	1.92469072242438	0.55936414423687	0.507256723842791	-0.75202469041293	0.085265337283355	1.95868045321355	0.634164865670829	-0.416131278477913	0.533771432670453	-0.516786374241321	-0.19963426691735	-0.00894715805147424	-0.914816525680975	0.959877991758235	1.00522454184809	0.725397488557882	-0.724122002238998	-0.454049463413921	-0.272372863692401	-1.46240601793424	-1.68347993304017	-1.86758638489053	-0.901932740634783	1.01119892488143	1.0612982072163	1.53505633268334	0.786919274513458	-0.770537934713369	0.427173976691474	-0.995729469177138	-0.701243161343761	0.00857613423895743	-0.729143170966597	-0.595510424670363	-0.886090303915256	-0.629819799216928	-0.670899812195983	0.195046566905999	0.0626185969349686	-0.0489177060749731	-0.472874886275597	0.0942014512026633	0.205388875614078	-0.695971512328703	-0.333818892511375	1.23295163146322	0.949820592468594	0.758456401220359	1.96511170996816	-1.05514801521057	-0.670685221758579	0.115463455574688	0.106164269478785	0.00496946521707797	-0.746513362408904	-1.42688923760463	0.0631304071328507	0.0953126418599311
0.149587525784561	-1.04308596698038	-0.194050345295072	-1.15435094825704	0.759450051428823	-2.35106287118624	0.11924610013301	-0.301019548304957	-1.72043828532457	0.41967304727935	1.07684496616579	-0.0840286686856282	-1.52020384215111	-0.723020954946179	1.18408399589046	0.100634712946171	-0.831606960784073	-0.972317168393364	0.0327713505284227	-0.770048345276438	0.402099235485834	-1.88422724199628	-0.856089540057734	0.585344917841417	-1.11967871920415	-0.197637773770001	0.167146808639384	-0.0526165226119446	0.536610903089421	-0.624147790318182	-0.236420044694917	0.579408759933355	0.340476243454661	-1.92206807478924	-0.241756238382626	-0.48580518789043	-0.640666623948185	0.313108999074011	-1.97683015020952	-0.154871546958937	-0.474235689811321	-0.292842093570476	-0.562126795596954	-1.65391534282124	-0.634319716905424	-1.02625773514741	-0.344474313244645	-0.227896824978032	0.366468437678343	0.543971160754885	0.393560081015891	-1.10541822799924	-0.0561774397344417	-0.504956694683999	-0.557284449700441	0.751481471063678	0.446978699332636	0.121153518420322	0.222530695534323	-0.658015794898198	-0.537352368152034	0.26148255727097	-0.984017975601686	-0.71641188369633	1.54933177633138	0.0612769660971268	-0.780106205552694	-0.154718761729938	0.611610403413109	1.27628505388449	0.497332081651005	0.484365923535176	-1.22136735565975	0.88804263591949	0.0393276531295034	-1.61342700691119	-1.1120566573036	-0.169203977654853	0.732623396523981	1.11883587699911	1.55001725640773	0.123520501397913	-0.563840150967541	0.0550921883534667	1.27798641012689	1.63762292515931	2.0836854130252	0.627328978410921	-0.733926300862486	-0.538756012028538
0.737816038603745	1.69226963894438	0.341532101308316	0.568690782313819	0.530720129852283	1.30106989116807	0.337408020441061	-0.368554222302921	0.756529248160948	0.181308407685335	1.27525246880489	-0.712248660556561	-0.408812163554423	1.15248178639112	1.13690646996876	-0.72146410297086	1.07581474181421	1.04335496906075	0.172186923920333	0.453183141989001	0.128887184640316	1.14681699101203	1.75170906229653	0.425294025374879	1.96089408632726	0.897238965439039	1.67532638941589	-0.591937967138977	0.923607958232238	0.067205233211111	1.61861461340866	1.09075623036679	-0.462600627440903	1.71244735038236	0.784822996454375	0.912213163979289	1.12251421241925	-1.58072805508603	0.633606205428535	0.299345316374893	-0.53288938593624	1.07725696947867	0.479574990686587	0.0252317101016146	1.28781213017914	-2.02739570243539	-1.2374723426473	-1.45819514614455	0.2232032004643	0.191632480287226	0.650016003810166	-1.0507487053631	-0.0587425415638257	-0.340140317193435	1.31865051794058	0.337402611218262	-0.668315054272517	-1.01414376657368	-0.956784426669857	0.259275839214048	0.0704228431762638	-1.01341864975047	-1.34225192451371	-1.47361857912945	-2.52042643793089	-3.31794320516723	0.253099632997201	0.198450620019831	-0.384933952922322	0.129926962901564	1.07079524211208	-0.58042252067079	0.517381104712332	-0.591388794728771	-0.178411203342483	-1.36146124664897	0.0622191925108391	-0.810777266157634	-1.48254570776734	-0.355022781040088	-1.86690210730724	-3.1028058777361	-0.538601605416098	-0.336405411359988	0.63838455208301	-2.17982568586263	-1.298230582543	-0.199959754598888	0.457009742939518	0.733261323859275
-0.536193123958254	-0.991190811512029	-0.867495913952532	-1.73675343244883	-1.64306844898112	-1.7079944296481	-0.283987976407663	-0.12339562808942	-0.496054337753002	0.059005834423848	1.23001082987511	1.27136731061391	1.22290153546595	1.02104504993347	-0.267966712624726	0.282299727408429	0.28616857550994	-0.716684324583414	-1.15877222198589	-1.82884464148517	0.585614249739744	0.1034100832372	-0.0810656171621662	-0.326561421942794	0.780707592626522	0.697356247463533	-0.415622755295345	-0.382058016608181	0.119235111142076	0.16633360235927	-1.30580319003245	-0.242244710732187	-0.767495940017734	-1.23359712019453	-1.40732843422551	-1.10135315448365	-2.29477447403546	-0.439287020230631	-0.0304669344792133	-0.25825744047774	-0.579884742788814	1.11261577098757	1.37840996581577	0.918639092879281	-1.11252566607304	-2.14520496777205	-1.76010423431637	-0.275574235347296	-0.310467467160945	-0.242206697977103	-1.24779336083224	-0.148127133757883	0.552686827823518	1.75242992890237	0.560965707837175	0.753208214067969	-0.585256416785621	-0.592314386588131	-2.31053214956707	0.694077537640578	0.992738628777464	0.956830360245655	1.40676461538898	0.158337948798786	0.305278452035391	-0.783663928513452	0.590949506931519	-0.217412508058223	-0.804353678643952	-0.517456918318675	-0.538641728441443	-0.253902510477422	0.606608035128539	1.29397767653012	1.12342591856432	-0.641218517063725	-0.567421834394012	-0.978577743714231	0.375772783291088	-0.0137552825007187	-0.245587582991741	-0.196879373435565	0.272117553987549	0.00788249052914223	0.197431426205904	-2.48104969345427	-1.51087456619876	1.24962701055458	-0.734816938122602	-1.2937284270035
0.337488666333638	0.357609888458953	-1.02480061655422	0.230216585646054	-0.280035463874962	-1.07834620388705	0.165368222037417	-0.497617430822666	0.645821147146223	-1.06350115832419	0.668107517922792	-0.105076333680783	-0.84128917742042	-1.02090299240583	-0.25294944252652	-1.29729871503716	-0.869249634139876	1.27309950877849	-0.704923209610742	-2.06925832294247	0.70149923029724	0.514418143420214	1.15904744276578	0.43180738793546	-0.326830405456187	0.197130683897485	1.13259664100089	-0.527281727580413	1.30834521894383	-0.297461708916689	-0.460187927987056	-0.816667054695124	-0.27524210065602	0.0623981609218974	0.097409793367526	-0.844634878980307	-0.731358232846656	1.19689563170869	0.316735659209446	0.239367861183785	1.33040472596447	-0.142223293740352	0.794852685254391	-0.632696960304108	-0.532481075780388	-0.873905132280977	0.317534510556738	1.49316499910101	-0.0834001829991717	-0.873955484151059	-0.20655666454744	-0.289382128446576	0.718359008277304	0.654254727302402	0.947676512534865	0.288387601190021	-0.549464854266088	0.281385354574761	-0.147916191308141	-0.217419972252647	0.689988552250801	1.96580316401873	2.27672840617927	1.25813587629023	-1.45233142278389	-1.54884109026104	-0.133941974926799	0.942092819876419	0.123197369704114	0.819598276748855	-0.908172460714814	-1.52926518898194	0.560081742917935	0.0887295028650342	0.786765526832307	1.44827527674727	1.53970799561018	-0.864586192622548	-1.2299203016201	0.0639637339277758	-1.24227896511259	-1.28186448383285	1.14010978507731	-1.45992251979905	0.328542129752589	0.791186338760595	0.990608883198604	-0.919242039018591	-1.09356069799656	-0.116624328965779
0.0852533289618585	1.3923943291006	0.0958546392021869	-0.397010069167869	-1.14154236168962	-1.47168994985619	-1.1379674877666	-0.82314674353134	-0.877109305301966	-1.0877180685871	-1.11235645852205	-0.492765336856806	-1.26326611276502	-1.03369048276906	0.341238969247643	-0.152429171152126	1.96752143686487	0.625965639862139	0.418586540625111	-0.780428554107711	1.78916430953873	1.05298059710558	1.81016920950032	0.0957025378049114	0.0624356799455907	1.49910056056104	0.208910233992926	1.12015693198782	0.0170661788849098	0.887670670686751	1.00097622714959	-0.777736989476593	1.24341843004997	-1.19435048609577	0.47995391903171	-0.620620489358035	-0.372103214652602	2.25974067853513	0.805576197395477	0.0499793002371858	1.60808957678167	0.435318255100623	0.715436709488008	0.18922525807055	0.264391464105418	-2.0158960697921	-0.345976315686377	0.772039275533865	-0.233718459921124	-0.790123093175631	-0.591358772352554	-0.0116694034164023	1.07944772601105	-0.459874658651588	0.141553851390248	-1.05233417061614	-1.3632638331727	-0.37819296566873	-0.756502466210775	-1.86405089986933	-0.397099136581023	-0.937532546701223	-0.0132746089038831	-0.197045833878348	-0.427044246055267	0.289981405373727	-0.380160736356967	0.47053807109861	-0.803869964334411	-0.283336076461874	0.885574292772575	-0.497216470125526	-0.668946755061889	1.01176469666098	1.60459155859214	0.0144824357118372	0.678042083080426	0.845571009140597	-0.353528931848969	-0.0467901457867943	-0.702969939836041	1.06651850545004	-0.126462978751482	-0.393001382704962	-0.375374118273127	-0.619878449274709	-0.381695239574111	0.281150543208876	-2.18951068334037	-1.41709482232811
0.27321906140723	0.51941583158002	1.25312291149395	0.897617998995266	-0.126920523940419	0.577330819626513	0.930969941779651	-0.0155870583845809	1.27184813590942	1.59040982230015	0.258120122763433	1.05031981459988	0.552863573496533	0.732051234113192	0.537966422702229	-0.659282477860021	1.38386055204306	1.55030606966137	0.301819203483741	0.564750352430936	1.19477600195905	2.16472770876738	1.15864369234352	2.58173142056816	1.06510378649102	0.94744386601976	-0.477017970169105	1.9855049160775	-1.26528275799145	0.335198989495554	-0.153221795157818	-0.447646576598956	0.724180738673938	0.558081330568642	0.914084197125804	0.86502896066187	0.503967501717365	0.0893017334010602	-0.0701594757308095	1.44166046783142	-0.610785607312418	1.31385915783888	0.599274175575367	0.359384612252532	-0.449019393673881	0.171471038420571	-0.139847231265646	0.63441737987906	1.66751554655626	2.91249657350892	1.65067123241232	0.135814802704367	-0.533352710513219	-0.348104020261366	1.43937907348984	-2.34319278643742	1.47831702434738	1.18327751584722	0.802681163692829	-1.25784572799362	-2.39112713648054	-1.11339612168937	-1.42671507405174	-0.707375525715071	-0.739998598887621	-1.66087372798639	1.62859884157348	1.36467831229547	0.980193082532881	0.470195608426049	-0.256363598257564	0.665665221883444	-1.97852854378714	-0.374345959864958	-1.27750009610053	-0.170536708383361	0.703559542043848	1.26083584686008	0.279116806486954	0.0574620700289615	0.383811128947027	-0.0847104326671292	0.281257029156647	0.94483745759498	1.53146241292585	1.38858521778378	1.70907574006917	-0.479814267144394	2.2773685476037	1.06532890181586
0.620695908751984	0.029510386218352	0.886375850798303	-0.693146900045512	-0.0160931265800971	-1.13656672893279	-0.312386387099533	1.22766671655102	-1.03236326387976	-1.88807231220161	0.276223093243692	-0.787539518647531	-0.877240642577587	-1.74784874062386	-0.240044783123479	0.965599866681044	-1.35615408790309	0.0950582367210899	-0.50854210226426	-0.71635665896003	-0.61317565793491	0.360561908580137	1.49329868342936	-1.46300600886606	0.471741973494993	1.89705483564402	-0.0382589144353708	0.307163782088672	-0.171248806711241	0.235856509019389	-0.152230458742317	2.27716573139795	1.88562280937162	-1.5401821665597	0.608946411685692	-1.14974229431644	0.698147872073316	0.853752830016402	0.598522529901191	-0.0196367463939426	-0.259067336741151	-0.77110004037355	-0.720576378526484	-0.155856066187509	0.137970785910722	-1.67027917436314	-1.3344425105708	-0.0760798483924035	-0.0776140068045295	-1.12650070739836	-0.442374598673222	-0.635091486818754	-0.836305996268899	-1.03283703370131	-0.901874916784196	-0.726922690327895	0.489467564365402	0.851191466404304	0.163150899107015	-2.05133108199488	-0.687297470861772	-1.40261120708685	-0.119669326858236	0.445603774173188	-1.28408733111812	-2.02324002686921	-0.258795446289268	-0.0874110635159843	-1.36952513170123	0.828583702330831	0.306790788564127	-0.872665226567632	-1.58980417900531	-1.73871821513607	-1.4097927852463	0.0654907444628908	0.91111980497866	1.00041995378773	0.631438152935776	1.04149271280666	1.49546923268822	-0.673988975894058	-0.453800926740222	0.992203823586472	0.494439886818487	-1.45506742604462	-1.38680425249206	-0.59650903265566	-0.321772464250674	-2.0666727406179
-0.763376542102426	1.71184488372236	2.05628733087789	0.953325545440859	-0.410525799948173	-0.601685909127637	-0.293417933749701	0.792279356477059	-0.818587339036561	-0.471702947906238	-0.184970938154083	1.96945692407658	1.36350109014602	-0.819089852619777	0.178945883280144	0.00382078341122224	-0.275914752482843	-0.119286429532982	-1.03534316051308	0.889562620610279	0.314995857501938	-1.11321433883442	-0.219882761089883	-0.227194812367026	0.587164012879206	-0.522996184557027	0.185574693383719	-1.45849329141844	0.178184254124605	1.66398528227019	1.14089961790233	0.819466419280598	-0.137450219861299	-1.36497695227736	-0.999476203239531	-1.31017416469215	1.57170034724672	-0.331273649684533	-0.322972602398022	0.222561510820222	-0.769949734100744	-2.43291647541447	-1.21534662492736	-1.54773956204128	1.05310590935711	-0.0790360587777583	-0.429305860293788	-0.592488094023562	-0.494504786735061	-0.396183533155622	-0.263271754315272	1.43270190161598	1.55363820388369	-0.504758898056815	0.629383569544557	1.23872127133871	-1.40962200553905	-0.436665532254801	0.0381785662047309	-1.03296145231751	0.487505106763009	0.599490520192743	0.29738024293249	-0.0646369672778082	-1.86088827034627	-1.90259579018729	0.948639504300672	0.354470189240201	-0.445213396027585	-0.980651669770123	0.584482078523046	0.593483515070492	-0.430902499653589	-0.368454428922446	0.0676310275887384	1.7267069826346	0.095638149279937	-0.820014369926809	1.12585808718645	1.43072890398026	0.786702446526749	-1.32945801400624	-0.179857067781549	-0.823972396250035	-0.551201115860387	1.37591116494223	1.08780328256869	-0.633709050994545	-0.217189520009031	-0.271831922910323
-0.668582338065791	-1.56064108650991	-0.0586195360023256	0.722160968633476	1.53245759491311	-0.986247262811915	0.954009887082187	0.540650464387135	-0.24275379632625	-0.237775179843533	-0.438507563743059	-0.861955092670704	-0.518128134628972	-2.26532296175147	-1.19653071916686	0.112670445802987	1.30977310978663	-0.0953055777290737	0.582904226492029	-0.0974254404209925	-0.924961378147962	0.153950541697755	-0.567818826542089	-0.101866750155143	-0.647147904157826	-0.386745718399946	-0.335551687136453	-0.574833146312955	1.68529492018015	-0.469237304097513	0.0465081254063336	0.262655280440915	-0.240869582209037	-2.47233210437939	-1.35707999797033	-0.113896091385396	-0.00601196085197445	0.319228724911167	-1.18875080158606	-0.820933916515271	-0.301148598797546	-0.176202984025289	0.215950770419298	1.09158541148359	0.294099324684141	2.68835557258935	1.7168475206534	0.722154412033255	-0.0402552589677678	-0.992141015043634	0.749874135307238	-0.891699289788802	-0.835360428008488	0.558326340888963	1.40347679905199	0.211903933682096	0.05831842095401	0.343956283992509	1.41578782442393	0.813499556664552	-0.0135480301737703	-1.21562838584809	-1.13283074846748	-0.121522687595378	2.44225790309379	2.75288310121974	1.51964631091695	0.524423494194984	0.629398754968581	0.711515750763975	1.6529270707322	0.86373303726514	1.17254060040355	-0.827186979958697	-0.156189582581325	-0.593602996164266	1.01729350042231	-0.0845744751939775	-0.152510260165971	1.00146885409193	-0.140592419189971	2.38731530644054	-0.344092098469688	-0.255963777635301	-0.00497706342239622	0.55161166739654	-0.00536916639579467	-0.866114221814321	0.621453245828355	0.726167686136885
0.0539641333141577	-0.512289823663609	0.0381502682577917	-0.277419161490656	-0.984484662557957	-1.29518099852019	-1.92828983450321	1.16234881857747	-0.922205238605986	-1.09892291808569	-1.52557904736581	-2.11387257301635	-1.38811392957835	-0.447786272610148	0.245945212475845	1.64593859405378	-0.720392705090951	-0.78273006662138	0.666941141891719	-0.362988436303763	-0.732572517235119	-1.10087159865448	-0.767573309521127	-1.53440553489657	-0.750297917125159	-1.02248228172592	-0.176194931411278	-1.1013596668112	0.716592511036275	0.953385002264238	0.755722192597646	0.184197794660361	-0.215187702549808	-0.763041511899587	-0.183908928689055	1.01537176758572	-0.894007911665122	2.27100250859429	1.36128100601596	-1.42391230128827	0.28260711623185	-0.361786653964759	-0.285927040060884	0.846583382844442	0.154821355899753	-0.798055990381517	0.185195663320452	0.914365150261508	0.0512305208284542	0.436430481224057	0.836404103720768	1.1851075349591	1.25546809730456	0.741665084169979	0.684792095316119	-0.557623409639991	-1.44870230576666	-1.33320205091235	-0.554908851299551	0.224985207691723	0.589304958074861	1.00313152536362	1.20761889468582	1.22947283895051	-1.67027703300419	-0.993327491034885	-0.432803233026219	-1.54366039970546	-0.382687502586234	-0.0439994499462127	1.29112277521086	0.31092171027575	1.06517196073538	1.37582121237229	1.99809804444318	0.586515289301405	-1.82079079469407	-0.684917278632033	-0.102518142314062	-0.0797745547202684	-1.24837049976905	0.174473195376879	0.951524566139604	-1.21655300221104	-0.843608797862109	-0.069261790284821	-0.0667192674540095	1.28390977220156	-0.599425706417958	-0.36388822088223
-0.0291742886440462	1.11076171964395	-0.34497296447647	1.39393890112271	-0.567705163155793	0.405465416705768	1.10172771194059	-2.64975942924867	-1.39356781737858	1.25449534061775	0.0891989534048468	0.380634258260029	-0.912218316670304	-0.489305284269387	0.21798479748243	1.07640664823861	2.1880560303013	1.11070688341501	0.0175223506120228	0.935090580990837	1.5649420018243	0.265172385342501	2.10610303196785	2.10232415432689	0.725696313580843	0.580617513786156	0.873197419302998	0.23227620263144	0.12260812268008	-0.284808858932118	0.0699739446521658	1.4011695732213	1.13505108048037	-0.301788656070999	0.403626730656158	-0.963611901255069	-2.31240983800758	1.216331440956	0.401245965759636	2.71710107407347	0.333860723963433	2.0338251551912	-0.165227327216022	0.409517418245417	-0.909224098524416	-1.00417066525389	-0.982136179261427	0.110942270183463	-0.900025836027895	-0.169692455373696	0.705060507013619	-0.511528014048835	0.896741960109384	0.61901809035728	-0.0506266282023928	-1.25261281808437	0.150886705603307	-0.584139955063096	-0.385757297716885	0.594835155634517	-0.422554610297324	-0.55892054611614	0.114570568655888	-1.10916718729088	-0.822129279212773	-1.88994522504005	-0.516183930848271	-0.292125181238468	1.14506366108891	-0.234505246298322	1.57075528422832	1.54745723554438	1.09781717115019	0.649938839088823	1.15083416517725	-0.774730232984905	-0.500709360745593	-0.390447263739544	-0.508034439606131	-0.330983144170051	-0.691870405772237	-0.79802681454143	0.946504084127685	-0.326873504464986	-0.851573517501561	2.30143606124735	1.21016422532985	0.587352491961331	-1.40458702860437	-2.01208167351004
0.453539100757538	-0.466821407640622	-0.141236229179765	0.571464487100615	0.000422837908244049	0.864679827252809	0.997641638878434	0.208630178776514	1.97390877449939	0.666597211087999	0.461780870420566	0.69008802183521	0.469785602198587	0.103857316750068	1.49804626811446	0.306879800622432	1.09232084813761	-0.385703414786331	1.17390246561596	1.4107750416797	0.348382633536923	0.679592354361416	0.123392037021434	1.24230147616181	1.11903190127713	0.264096857228169	-0.553379315285666	0.994476189501215	-0.274457827090455	-0.721162178941633	-0.134511621745242	-0.318825512667162	-0.166161154473069	1.18308023500711	0.692846946687728	1.5098418247865	1.03016226452006	-0.141884013583996	0.366308623962859	2.58464019537274	-0.489263263111919	1.63516217414408	0.541708564503452	2.80028498551264	0.78068706229589	-1.80290780669629	-2.85128687269742	-1.39662710327771	1.20894852785269	1.45062527881156	0.744518429588318	-2.3375900750786	-2.3499679409284	0.166618878178963	-0.701205499497033	-0.35695781149438	0.947466705255865	0.867617385533629	0.572193917146367	-0.84250787223901	-0.614256573372072	-1.09194383498184	0.509397039672873	-0.697887170458279	0.386973578712026	-0.658217196507887	0.338740487301161	1.39769771722296	2.0031945259023	0.966931006627129	0.459825594084724	1.76117670232018	-1.09798176314017	1.78307000766843	1.03595529576307	-1.1975543843109	1.11346133272658	0.132657598701913	0.560196957627849	0.199577903749457	0.608074250839734	-0.886960205748326	-1.98708494248683	-0.536466625119975	-0.781299787202771	-1.23384691084785	-0.250614900350502	-2.41910713258187	0.34679243913521	-0.272148848290135
0.259934537705284	-0.640171325685467	0.380098299645662	-1.70376043515123	-0.335958729448804	-0.00214513139157135	0.488670567911187	-0.40149888872978	1.06144807839194	0.149969276329193	2.64840187515286	0.910262810366116	2.38437373958556	2.06645726023577	-0.410841420378043	0.757409355336639	0.666168903648148	0.11712761832252	0.00992808846718494	-0.243830086226967	0.755793653392357	1.0850998162281	0.650348241984938	-0.803298924910497	1.30807004389145	1.61688191413954	0.116000733089648	0.568469940100363	-0.517473266734187	2.89174361103627	-0.286373798195209	0.109390866089236	1.21895172158484	0.597275564613695	0.449548471252728	-0.323955603489837	-1.55476133869855	0.99870642779503	0.657490622313127	-2.18423147499528	1.47081818970574	0.632993486036993	0.715850945062421	-0.333129282193445	-1.18122981766268	1.3019069683082	0.684574636059098	-0.179929284579629	1.6411695351917	1.59827258451458	1.16994185402438	1.0172914346444	1.31370328332013	0.0300863875624027	0.0681853793467727	-0.907153665718218	0.642134189635502	-0.249780794476245	0.10676288487554	-0.224928835461776	-0.717311726328503	0.895414817501138	0.172657316982642	0.176892153527669	0.68235927870852	1.72210730889964	1.26130579529841	0.934217412228327	1.20217912584406	0.592493226750606	0.806602261699063	-0.00438566312461589	-0.732632796181822	0.983063564442164	0.263251332404737	1.04319907977405	0.125576858184164	1.39649110021003	-1.44836949861662	-2.09556825915244	-2.8467637406642	1.92520256379544	0.911718385460357	-1.50847734871115	-2.97272744306076	-0.683530433980899	-0.691176567062317	0.946227517309506	-0.479192553913744	0.0382340148261779
0.645462782849623	-0.592263791277621	0.00317675991788245	-0.486117035323504	-1.21357116803315	0.0447379045246114	-1.237698610824	-0.836354690924603	0.486323137953418	-2.00117361383691	1.06920424468098	-0.649748691375569	-0.652725482952391	-1.42656266781752	0.706042133363708	-0.127218426986748	-0.15494642060649	0.400858308863214	-0.475044834547087	-1.07637038778792	-1.15398489837516	-0.986015594016356	0.0571554187923129	0.271174948085884	0.0913144243955615	-0.401710072016199	0.727606705601442	0.693412659260883	1.14446817016573	-1.25581046581336	-0.601175849267013	0.517379538072548	0.378459247391359	-0.325548732904568	0.744182731244632	0.0143861045961328	-0.826301234931317	0.0700860089017165	0.0312661951311994	-0.167245767631794	-0.861530943326258	-0.607104647924266	-1.10976589574343	-1.33701124558206	-0.680115549196319	-0.337141861882682	1.00813958717958	0.735238671085883	-0.266547126407474	0.354953227461891	-1.15896050389333	-0.760770113391987	-1.01918987709027	-0.661221314878878	-1.19843217259469	0.196888289672889	-0.958300473553373	-0.784344123019585	-0.88369550931705	0.453722172465319	-0.897320042587286	-1.16742053872395	-0.459526792680266	1.04602214206046	-0.846910714664566	0.246209709037041	-1.11993492186409	0.338020779494645	-0.413877635843422	0.134365716092737	-0.547910691910943	-0.132001431438024	-0.210599099364537	-0.102653899124754	-0.63763676837311	-0.18606267237917	-0.906699303158315	-0.225219380005232	-0.00180242911419818	-0.339366564350172	-0.126129415337988	0.229089660481426	-1.60120894254408	0.248252492231274	0.0983897114859936	0.490267920541338	0.624841550289102	0.341053358548323	-1.08818009145136	0.198294527545005
-1.33411173367692	0.445973878938241	0.555772021141631	-1.83035310633839	-1.64945134757814	-0.986254258359647	-1.4628942807904	0.76046761435847	-1.08012825571708	-1.60375125146896	-0.750500291447561	0.405739223292992	1.22781614662664	-0.165033610637604	0.162661478927301	-2.24576146700677	-1.3888774210581	0.391332658949494	-1.31591385377019	-0.367895152474589	-0.805150073266789	-1.07838141947151	-0.330351165072448	-2.25066000666965	-0.15606107225785	-0.035146235728326	0.356183981162032	0.304442166252795	-0.499395987960459	0.977496903949318	0.322531661512627	-1.70874950685953	-1.082425080358	-0.810192636995862	-0.200888615136719	0.0902910932946205	0.917591434687626	-0.270803711747289	-0.898030912729233	-1.12239805553563	-0.886422373979022	-3.07760528098034	-0.168756757933888	-1.51005203759181	-0.633356403247028	-0.0871973380909036	0.125022862892863	-0.371741563717037	-0.0344320792786377	0.207076872137426	-0.124684492885223	-0.162540033416909	0.418457567376273	0.207059442394818	0.142955913932346	-1.67217539304266	0.62096068507307	0.401371378177265	-0.338047103751211	-0.675648655660439	-0.344416974420143	0.130157248302953	1.60189107811895	0.179719916215682	-0.586742196246632	1.09101476330732	0.110017762152602	-1.05534379819778	0.834228471620065	0.0210032354064718	-1.26074922519619	-1.02961017202887	-0.402730052369498	2.60705257657265	2.26404011257421	0.726829981182932	-1.9396560693739	-0.180873381464696	-0.31196341809653	-0.674268707087963	0.198476840220651	1.33455416280642	0.000108607570258587	-0.466239574279615	-0.12333054134974	-1.5211600869902	-1.64591080143635	-0.397348160143234	-1.22721589436824	-0.115023523302999
2.19788050510173	0.551316476798543	2.19730170684824	0.218661737022861	-0.584542061152094	1.40763294528051	0.155077144968611	-0.393688971977873	0.909025236113187	-0.0395561175929178	1.42188286027204	2.88223595239602	1.88808961215593	0.407312161676434	1.05375040529971	-1.03236590208292	-1.42398945820604	-0.0559320752556047	0.368421322965415	1.06118038454572	-0.551305260982927	-0.225737726987275	0.972454735017803	0.297790807460282	0.631396829043491	1.03847398962438	0.718768490253896	0.245800154274373	0.218717779165476	1.33544871625398	-0.567454067479928	-0.477008384620426	-1.00175209803968	1.12184786560653	1.28727166389355	-0.093596347119912	-0.827867378206347	-0.472025062746637	-0.0619831432627782	2.50687786836024	-0.640686699956883	0.43300765588092	-0.0966187868221958	1.28625979858638	0.0909842679811306	-0.271711220420245	-1.81060905260429	-1.33005940108566	3.1474082321905	1.87114656696242	-0.291801592744245	0.831638694449082	1.51258921486074	0.963279403072277	0.345547841881226	0.986848551559051	-2.70985134304534	-3.00810608559408	1.16125761583962	0.0915660403586053	0.341179391103125	-0.994954739972543	-0.461017117944516	-0.64161041143883	0.216474683296245	0.631055585364079	0.310641017309665	3.21046294105024	-0.719746182995869	0.819938149527992	-0.612750949719643	-0.356170844660645	-0.114110933266947	-1.12249139252079	-1.10310696992865	1.09810590497507	3.02767650119527	-1.57235587245503	0.329375148287982	-1.42276746530127	-2.37058956082961	0.896262512912388	-0.65799401806846	0.539067051022437	-0.645787392600157	0.868568799793529	1.42777272167443	1.99764630207728	1.28200459808014	1.2037593316642
0.0789797426012201	-1.00577297885747	-1.44604818002236	-2.15414769916061	-1.18632599144937	-1.31344106253539	-2.04905766157674	0.389391883496976	-1.63936466626036	-1.49396021566326	-1.00545141889594	-1.31179127726337	-1.59102797511725	-1.37782317620117	1.29881225109183	-0.641663237313219	-0.42304742105827	-1.29581018771784	-0.0215342035834636	-0.299895475390084	-2.97477618652547	-0.585157607768912	-0.695228392995158	-0.215634651620091	0.113846967781985	0.281783335547418	1.64498580113671	0.50108924203163	0.507201276434277	-0.0624303966759943	-0.148664154176997	-1.40978950818393	-0.886026434678204	-1.81240312646954	-0.210257647800006	0.502261459723635	0.628226402221627	-0.970565271805844	-1.51324019648257	-0.578939272241862	-2.1060417295009	-2.41202946253919	-0.50071299830267	-2.11438884289368	-0.764851934947238	-0.781502108767913	-1.09901391579837	-0.625525788210359	-0.323488685207325	0.0440751183344801	0.355418309020688	-0.353690214164279	-0.413316222043736	-0.232103982974274	-1.87122884709114	-0.0657630430488855	-0.0954705914443245	0.029648008218779	0.176417550879066	-0.0258921284405634	0.736739667813746	0.619405623234995	0.561587621190319	-0.610653242423349	2.02210176179723	1.11739542171749	-1.5370043717154	-0.525838904085887	-0.31903045963425	1.55477644864114	-0.79196181322327	-0.50906138085287	-0.343537406245279	-0.154165797009873	-0.442472360114899	-1.31294054244632	-0.706400485370511	-0.536432968693705	0.568693179435593	1.23642936506763	0.429074741900799	1.147846615339	0.126941778382634	0.998205406380168	0.631311457425048	-1.31145594504428	-0.967975015307248	0.569583938422665	-1.33877667238943	-1.51672156378074
-0.688637831721346	-0.208271991737601	0.345988973724918	0.836376073201514	-0.188962414455083	0.230811060168785	0.812123013930545	1.09378874948478	1.46894944655344	0.250267276842779	0.440001353866891	1.50104132596663	0.00873282378208259	1.63019441965143	0.158962928205663	1.87522589859016	-0.817147181680766	-0.596997655868943	2.00559173347239	0.428999495355969	1.69236705749831	0.116086418372746	-0.425421477416288	-0.138876151061921	-0.360109889888962	-0.744346041664347	-0.64397722358865	1.87000421289663	-1.42346277307503	0.123259162414342	0.705628118757489	0.213855518837772	0.252609969860091	0.0917902354571406	1.33112848466162	-0.65462929382952	0.129786255849645	0.774522946914106	1.48477283564257	0.487835653633844	0.24719451459186	0.773986561457483	0.924818730094048	-0.672762971106047	0.423476800756928	-0.281572427315132	-0.0208381744987795	-0.0100985489538631	0.218103140850621	0.924920711787719	1.07800022620469	0.194031164462469	0.0345417753194816	-0.846759573566353	0.678730929269424	0.637506616655728	-0.446780556450499	1.22295313004201	-1.18639391921574	1.65654062817624	0.0400264801960043	0.056798944352398	-0.529306123687438	0.596966711603118	-0.414886436307292	-0.131493999708681	0.240617516518855	0.47746850168482	0.0452367636222977	-1.013478458224	0.609375516808559	1.62339180657823	1.8309309968953	0.0409029246992998	0.554133964860716	1.6798278317939	0.738625291214161	0.936321982715285	1.63778348396776	2.08231327402317	-0.378452335886615	-0.249057516632968	0.227781463005632	-1.64301672329803	-0.873508941678812	0.611572212238755	0.234755599504761	-1.09105011539708	-1.25803447753325	-0.292768721048915
0.631500312001659	-0.619511045434591	-0.624878504236269	0.0434481769840839	-1.25490848923416	0.0236647682833991	-1.68555365300617	-0.593904100125695	0.837417504174369	-1.88402970461308	-0.837543704817673	-0.820540427344338	-0.894965322906188	-0.753468326665311	0.253119090977726	0.961097457194944	0.354200083791344	0.439439205397193	0.77589215676999	-0.421593204858356	-0.835815248372697	0.547275424688925	-0.128713911759013	0.610896974040122	-0.488097626498695	-0.17791674971094	0.874536320733882	-0.279544568199117	1.56016942495487	-0.755136612588967	-0.373044382565086	0.0789650319999833	-0.219700758232532	1.65777586159667	-0.241477243611646	1.8973885614026	0.221703720634423	-0.888494757710915	0.562889757099416	-0.278197891912369	-1.24055671908712	-0.389600976122578	-0.375230946775832	1.29894258861398	-0.075438451221074	-0.586530003419198	-1.89867612551746	-1.62842670453992	-0.940832164341959	-0.0788049977053349	-0.5575347069609	0.109638935851614	0.298351119423605	0.668610439590726	1.26126920367325	0.309660546036298	-0.810559294396193	-1.70176863667737	-0.730558001008315	0.412131197712951	0.481212821527467	1.19229581450906	1.11938293207763	0.0373691228579685	-0.511984672796895	-0.952603875117441	1.00053966421384	-1.43826706889471	-0.544967822110926	-1.77159482957656	-1.00586371767395	-1.16165727963798	0.749437131307813	0.380890442036073	0.729437648416525	0.483607037926147	-1.01233625788686	-2.70689634312623	-0.464714645387444	-0.971574066038096	-2.01696666879938	-0.990234265253046	1.06180672764082	-0.147629566103489	0.139471521021273	-0.142658243827996	-0.7180005413359	-0.15717798929548	-0.431750691172389	-0.0761779103168586
1.52720582379083	-0.440816669179159	0.493199454912229	0.567979483488411	-1.39878665235376	-0.104659690052617	-1.17007849094554	0.92944805657297	-0.0833509846983122	0.530669283306752	-1.71761616771128	-0.598324555327262	-0.0689643033210643	0.735267269585812	-0.138634538943865	0.32434961988812	1.6064443070198	-0.390070934254004	2.12523682413348	-0.787593199518624	0.149341085826517	0.418017383499835	-0.811296408297065	0.0591660543801995	0.32038436267185	0.0595363790395788	-1.33460256759482	-0.875465408148747	-0.650813367084197	-0.0225789828546419	-0.201258399817853	0.455874481199459	-1.13193731813264	0.750992593746205	0.0706484883788438	1.67036485392255	-0.704084482777334	0.853141476409182	2.27075808947055	-1.74770609006729	-0.165102993514255	0.383635394463097	-1.4751776164938	0.969131359316553	-0.627482887453833	-2.85598290036647	-1.33273069260911	-0.490084317890175	0.702845263626727	1.02210006756322	0.4792111791153	0.785364360509861	0.910426277324941	0.689202264611868	0.143200448615644	-0.314204105056332	-0.913261450372028	0.109735933795787	-1.64175949549889	-0.856176894568966	0.394005793986927	0.232935099474636	1.24488668593456	0.485036804031596	0.102472355609678	-0.307522448562647	0.174767759334946	0.601640436626759	0.370089178783502	-0.89234087318773	-1.32156462231495	-0.0974450226727705	-0.943077846273332	0.419001757508289	0.0780660302481513	0.113965869143606	1.46801965305375	0.160677595581084	0.361482995806353	-0.108706622935387	-0.109484095879264	-0.567838840453851	0.663433546909178	0.408986868065071	0.713068011414301	0.378923920158802	0.518214425819023	2.17690313772074	-1.71220932749047	-1.78408935261839
-0.47285315826813	0.180053740909759	1.50297247717381	0.871964204535939	0.71736883130307	-0.92331011236489	1.54950507984436	-0.442151952070405	-0.869016758962701	0.228013321370107	-0.269499597521525	0.831538059295361	-0.0414584652212534	-0.130026011672471	-1.14300585147562	-1.71239437115056	-0.143960818489831	-1.28089252351121	-0.381403650688204	-1.2089194897104	1.41462204596567	-0.036166979231785	0.782610445081441	0.949115607365213	-2.17082221216281	-1.28275210965885	-1.23633687865608	-1.64196516639988	0.639642143663475	-0.315814017003682	-0.444186239670719	-1.40809581064621	-0.934847951333682	0.274313375486869	-2.06304065299619	-0.79771897583941	-1.06476690388369	-1.13139750096639	-0.0318937418199736	0.642915177288004	-0.210791631313349	1.08051208828647	-0.899409049348548	0.551703498847866	-1.22916616414494	0.46255536897813	1.27709547592475	1.20736105029439	1.13278216137029	1.08083221866881	1.0672907676251	1.57968160760838	-0.193432898177482	-1.41928401924707	-1.26671524926948	0.621980180184075	-0.553343525616232	-0.144626664185596	-2.1376799791562	0.631985819733741	0.215299303658924	-0.794747162481905	-1.89146061621656	0.297980604518102	1.1662386899676	0.535389538148269	0.423874622483982	0.945849263439942	0.922558786170922	-2.21521855995402	0.197094414920543	-0.181501836874797	-0.589893852943043	-0.676345238919728	-1.61582080993943	0.850560768426038	0.832048787101057	-0.180894474563905	-0.795333263339684	-0.556450811147278	-1.17973416843248	0.995575345477838	-0.677588729573104	-0.641405381088663	-1.28405109969171	0.359877362618284	-0.719067527378778	0.908582596633649	-1.1081058415401	-2.35783429351796
-0.174878587282567	-0.0446231794309757	0.027217139849862	-0.942775872712229	-0.207068623802804	0.113247236610525	-0.903183343858226	1.5743251900278	0.126220561607558	-1.13409525868922	1.10575511231508	-1.03334917415317	-0.0220455358090115	-0.915006965828538	2.01863775863448	-1.20541382373516	-0.304260978986886	0.467763438956953	0.27892552353812	0.790160253413247	-1.27230987471329	-0.645846209504751	0.0585905868841038	-1.13920125175547	0.780991927814814	-1.06733761548573	0.849979559185254	0.888206830060358	0.623442111212711	0.693010042728246	0.0509452758941045	-2.48588808802347	1.54436931196006	-0.861131204273271	-0.769227479047979	0.937420716861364	0.730104539969962	1.73111867893109	-1.86914200900601	-1.51746256200376	1.36334947097494	-1.55111195883102	-0.873599236898392	-0.999810133352427	0.688487213937394	-0.488632529087392	-0.592833964689897	-0.0614101229957884	0.237330220241819	0.142884069580139	0.554933402685695	-2.11216830106759	-1.80818325672215	-1.86967885615875	-2.04605244868546	-0.551954957100625	-1.31477315526424	-0.5389151060455	0.0798646481122585	-0.215033552451566	-0.957631614029296	-0.35974711013198	0.155792520456382	0.395142495782411	0.217327867732217	-0.304860136992912	-2.23560771227662	-0.796468334207324	0.240758756201381	0.658916752387507	0.545639577180858	1.19230275897618	-0.515071554501769	0.899129910029971	0.399401880835889	-1.18227414773427	-0.125118759218546	0.479077666994983	0.620628281351633	0.209464214911485	1.73672019733086	0.042119555240038	-0.45486291063221	2.43155760005095	1.64554825892257	-0.190093505611624	0.448390503001715	-0.761151614870941	0.0512066658603789	-0.232971227490498
1.161497858815	0.564445768142331	-1.16681625505251	-0.0764783589310344	-0.920247180888534	0.131496363279329	-2.1909598735463	-0.424610964649943	-0.567966260852451	-0.369759162142399	-3.55817354196331	-1.24096941729596	-1.58105686175241	-1.35449198157481	0.0162714296174287	-1.26282503831545	-0.991317988816514	-0.673708633970999	-0.429375256534439	-0.309945493193792	-2.22119855957926	1.58435124668936	0.685826147085413	0.0256533062309358	-1.39339668577922	0.809239905909673	0.871845884451437	-0.805161185482786	1.05520418210045	-0.946529250705253	1.27083549082838	0.501550365445865	-2.96647315717604	-0.30853242515864	-1.14083948888145	0.370942831917397	-0.599364553669156	-2.08792260134576	1.13040170420054	0.156598668659198	-0.942499073359301	-1.38065498819858	0.713921648608592	0.424663266997842	0.790021350379587	-0.648218196405207	-1.02902549014734	0.0361881670872307	0.310444731857977	-0.612181467563868	-0.160806546847793	-1.7635007045111	-1.12426114314022	-0.410735667837572	-0.62791266137967	0.186689462573443	0.67427581526765	1.0738884395385	1.70187757582256	0.535503565530395	-0.0570327694461416	-0.400283691076815	-0.706604184240199	-0.434789008159765	0.554450465238562	-0.222504155159043	-0.944534986663188	1.25543075204358	0.261951475254768	1.14284612991236	0.621936807957323	0.215376244580124	0.285768934576579	-0.0819104556318939	-0.198132888328489	-1.50842477779812	1.33590188561434	0.895877554850255	0.709835188688754	1.38221991339304	1.56622804615911	0.409151371627771	-0.288507227421838	1.13428012943163	1.88890586303297	2.2436322743759	2.11845302990235	0.0336250210323353	-0.213020801420934	-0.0199354079641404
-0.6768568435727	0.597716047499307	0.83240835493768	0.953186754974821	-0.713499549204158	0.892089959896923	0.466294595823699	-0.450015306102627	-0.282668435815367	2.35437991745976	0.813447609857191	1.54249254416687	-0.129401079413417	1.34628651766242	0.248615417733008	0.745884537370299	1.14951155719646	-1.20722255219007	-1.50936680145301	1.91674606173805	1.59810892617622	1.15425992706395	0.887192149814974	1.0827139867448	1.90516998050872	0.0508079888339356	-2.09275194795338	1.50898181872142	-2.21098048218993	-1.72534438048367	-2.20760094331806	0.327739852788346	-0.499243155013362	0.467909045732221	-1.16693624986323	0.130029401563286	-1.47810882112832	0.269218819548271	0.248708154658548	1.87510649213209	-1.59420108529796	0.384743503577121	-0.696066422517837	0.43976856849769	-0.616866153290822	-0.993690721366265	-0.802786693736193	0.387654095728455	-0.0643115902294778	-0.134029105630121	-0.0858733575088873	-1.81453002717119	-1.04793521639511	-0.120642740621911	1.18968716094848	1.64760313037949	0.917366061232343	0.158247181507568	0.789950594276994	1.13128410905266	1.43768613396163	0.603739963026255	0.519477957083391	0.283377080394242	0.208307457696422	-0.112832953737849	1.12386523754751	0.0893125288212219	-0.67863066263952	0.726100796906419	0.213995005504674	-0.0710787766856513	1.13990206567183	0.553390327138011	0.701799468347496	-0.834652489111524	0.158309236387163	0.00989152161274193	-0.831494186355152	-0.200092091902081	-1.39475744355255	0.505148344520847	0.125191085068245	-1.2539449674495	-1.07006154626724	-0.0330613749899509	0.424867493576964	-0.943111952249873	-0.516235403451265	-0.00326421080617817
-0.176183944958224	-0.7672590914196	0.405799383120712	-0.333510420057059	-2.43131128254802	-1.98361336493932	-1.89988513510931	0.168679321167366	-2.44396695171545	-0.295986361645105	-2.86651214869634	0.246751828260532	0.874454478229577	-0.622602636530345	-1.06863372187461	0.274855478414382	-0.6925731129161	0.679721005979616	-0.528321683443152	0.154198641623465	-1.53527481444504	1.32452472234441	-0.773179217540251	-0.925435625362872	-1.39295429903861	0.825823808385463	0.474293287460919	-0.109617144176152	-0.188758557384586	1.64474356556451	-1.22168095639412	-0.214915567349191	2.68118791613325	-3.01560709523482	-1.4289047099635	-2.48016922978072	-1.00522838880914	1.08056768988157	-1.84169838867274	-0.497551725707815	0.408563933612448	-1.16855123232996	0.00842525539902943	-1.21144245295031	-1.81724343759783	0.229754245126907	0.244001112528125	1.62639193169844	0.245194956177028	0.0409477793361405	-0.286772083347281	0.167803810053843	0.612324277473792	0.359542424041209	-0.0984311545593471	-0.0967440914765546	-0.203769011787717	0.0974856741879476	0.203558282885804	0.0339610070115487	-0.736725231270895	-0.392939188139308	-0.486146044115464	0.3923491920614	0.219580250421319	-0.558088521322115	-1.47078718267802	0.252575971741807	-0.533496896072395	-0.972733972265105	0.304528931089123	0.651874074628935	0.381303253899833	-0.534279400751098	-0.0919374892396224	0.830729604935248	-0.392264471749976	-0.92809631691311	0.920111618898923	1.13722389447424	0.974895941890029	-0.132987387315415	-0.213023132803884	1.85275649607973	2.19867176067249	0.705433187907328	0.734123787008326	1.11184901903874	1.41622458886959	0.105194156602756
-0.0400948711353028	0.71434482411222	-1.15314750635005	0.0734591191108564	-0.134897692547804	-0.629416066211083	-1.42156617329545	-0.0931459953019969	-1.08509152020848	-0.279794019221182	-1.73867892297569	-0.974785792008334	-1.87644293640339	-1.45810535563003	-0.06208103390775	-1.10866118005635	-0.47163635017783	0.169159019252096	0.171637846106262	-0.113357260182315	-1.25256764725897	0.572369196183407	0.0472032058198587	-0.0164886897381074	-0.380410572215594	-1.41393240454691	-1.09041576608531	-0.191117709678586	0.319282478825006	-0.944684153746534	-0.258459143338218	-0.840651691881662	-0.69727706053289	-0.81578147786903	-1.45508833450102	-0.176326456846439	-1.2770325511946	1.93569884651823	0.689145164016705	-0.111342069753058	1.17338523136747	-1.50619009525041	-0.52924005549168	-1.16663033048505	-0.689241981881803	1.51519148706952	0.906265443094663	1.01681069409751	-0.241240128858361	-0.299997256002742	-0.532145838764591	-0.187347478534031	0.0492241487236686	-0.903188711482501	-1.19929647477529	0.316153165563819	-0.509930558461065	-0.0328430479106246	1.19486521124173	0.835411145032406	-0.0143110854678247	0.959573663886855	0.901505658210045	0.757338658327356	0.917712016623013	0.915741608374361	-0.777171023277829	-0.588421396204727	-0.0356436960338501	0.906103522075815	-0.322877609986074	-0.345296473759958	0.491047196935873	-0.0520972031069086	-0.202757034878505	0.708656433772489	-0.52794023380263	0.384455058874162	0.18102770945004	-0.444710932103093	-0.825165987648625	0.12401982554406	-0.165981258757671	-1.2149823061461	-1.58588448025334	-0.435533684129178	0.510470548031275	-0.146978053316112	-0.578337757131746	1.11820905975939
-0.645439017323686	1.04839572203322	1.85436300823463	1.1799727988444	0.233630193568248	-1.03394851572559	1.54475084356072	-0.0951576073962162	-1.53696498154555	1.76134522092283	0.162133174305074	1.14961176199923	1.00451790936971	-1.18796235736136	1.22624850048814	-1.34647158983832	1.48104409276101	-0.0719322916367549	0.322576155640373	1.71887853389391	-0.672805871306139	-1.04456798154326	-0.917453013848162	0.936517556471743	0.678517877907031	-1.94039378636979	-0.998663077702292	-0.546510878341394	-0.745935338037897	-0.487214927119733	-0.977522550386514	-2.26388961539214	-0.269445623641642	-1.71258757463946	-2.73920948701636	-1.09644001733959	0.0894754963913193	0.0706592324582336	-1.76851950783109	0.898116097817964	-1.41497939696868	0.271166362940195	-0.887219837248476	-0.0709006051684392	-0.131961628159249	-0.0707642709869601	1.07834877882444	-0.349034532528893	0.185730129357842	0.274914777855345	0.922894850007341	-0.976342788723638	-0.149937885088723	0.860501380693571	2.08513647199302	0.452220517486319	0.0571607192684449	-0.11847867426513	-0.905736218989089	-0.296760518713026	0.26151902441969	1.03293821906236	-0.294944779779988	0.430882065147842	1.39346085119101	1.09317226097365	1.55424341667064	-0.84278286957539	0.502879316294814	-1.32326037041632	0.0848841238246711	-0.594242412002051	0.516695368511981	0.592054753611422	1.21831150480962	-2.65600046885723	-1.03030518556256	-0.640627810429107	-1.10779543355772	-0.880945993336931	-0.768063927784261	-0.0941686914666326	0.374490670414304	0.782765717691277	0.554173994363027	1.18481111806959	1.38740764491837	0.967583667657805	0.652419156594461	0.416857932149753
-1.33729370928665	0.109750414658808	-0.41488654106841	-1.000236803278	-1.07523833876954	-0.864263856451041	0.200169623268932	-1.03435450502508	0.146845281008983	-0.0199281247935692	0.0072946907785817	0.384367210188722	0.373686453963657	-1.0183392727569	0.307786378071286	0.0590276383357355	1.98012786279026	-0.180304266799868	-0.879389559363646	-0.833170640634373	1.77429771982212	-0.000220507443467991	0.38919058383796	-0.288442808650183	-0.137910459152046	0.57899124361856	0.130827011237682	-0.0298325526249178	-0.38134950319309	0.830757950387938	1.20419244559678	-0.608870874985309	-0.290318557947993	-1.61499864169654	-0.0250975902945786	-0.553304209500629	-0.278881232570619	-0.642867820792982	0.333115088401286	1.21060300088985	-0.196742675855271	1.29382047890269	0.94140362212566	1.59962135041675	-1.18352095314786	-0.551939637688736	-1.36473487244169	-0.713533410515835	3.0301720781531	2.56419862165218	2.1740077789833	0.902452168363719	0.812415145268256	1.33701241620372	1.38462908470513	1.39197057635055	0.152851210942256	0.200850258601693	0.924068610664347	-1.12132533918858	2.34882589277374	1.03215647426798	1.0804926054645	-0.180551306561824	-0.572444287155143	-1.35849026763112	0.958093033450913	0.826358701821243	0.352817102513481	0.711417418925877	0.674620539211309	0.85592529352225	-0.3979378830949	-0.690964076220418	-0.0972119529679015	0.425081257754507	-0.420752201032147	0.471673815280163	1.37829767136545	1.66328825859719	1.03482757107251	-1.68034926803805	1.06157753014817	0.279155631989966	0.597523482384037	0.21349768920672	-0.0490380347981348	0.834185878886513	1.75102624769456	0.265168229013748
0.577454015979412	-2.97102930075535	-1.18254226872892	0.198158196152761	1.51885499533698	0.278280105894462	0.199011454371406	0.49260840188835	-1.87786199341263	0.513688304614609	1.00640676000929	-1.01239997967944	-1.04928146003775	1.99981489550094	0.204330853791738	0.464338811212519	0.442922889646478	-0.143741340485228	0.858592661875689	-0.694794657952471	1.24658981431163	-1.00005778697422	-0.197003055039127	-0.962658622021979	-0.637968517707237	1.22373872362528	1.10901350679679	0.143887484240362	1.03707464974049	-0.295692367353002	-0.00947867526932245	0.73849954742994	1.70120103484471	-1.04130777178289	0.504292506744833	-1.51718846617882	0.0685766447691783	2.08601104346702	-1.64707254667654	-2.49515959528704	1.8329487538507	0.882245542001763	0.265748865224283	-1.61213759885442	-0.753250628349415	-0.0384632334615966	-0.763627379022773	-0.673701758180758	-0.681694143571951	-1.02157984562895	-0.298653678440503	0.117783121083887	0.125544574041356	-0.127707011245331	1.89224159686339	-0.645683028861161	-1.9618281852529	-1.48562646780078	-0.423402994227825	-1.57463733978187	-0.33229983949746	0.0735930860819072	-1.05550329703348	-1.22066200072812	1.40224063604789	-0.314562835476114	0.683850805758211	0.13184366013387	0.0385503012178423	-0.434250148493226	0.881020025953379	0.116494171921207	-0.451008992256725	1.07411508693618	1.64708770982942	-0.895670599379924	0.0431321113214974	-1.25143918511057	-0.599973939157547	0.392432882175644	-1.36134150419417	-0.389903798300852	-0.0774210041680117	-0.636381453369233	0.380780785158072	0.931938721593372	0.427594063815324	-0.438130311822496	0.872670494949562	-0.524422723599473
0.0342888782341038	-2.53947956104147	-1.26475558764626	-0.253229389355175	1.11744617940045	-1.71709520255049	2.22523261068483	-0.860347414869822	0.827648228325783	0.624911914361488	1.95837942345816	-1.09145022455945	0.362033161802125	0.806973838732968	0.700967584663057	-1.47146510488248	0.217451873764961	-2.21989927189333	0.580627204462603	0.196093254821117	0.0388797252149206	0.332210291563807	0.687981919099454	0.186938547975066	2.13863890435028	0.591532849832462	-0.779503862257385	0.201238546083443	-0.15916924543806	-1.21325732128569	-2.10247039073678	-1.12919392432812	-1.20331666262753	-0.370259229802014	0.0779775031985299	0.0251526064961907	0.699282015044809	-1.70895850932851	-0.770312654463153	-0.591905025989538	-0.598331900534538	1.67906725548958	0.503857732052345	0.912268817236805	0.194844629762087	0.390969324040114	0.658412345111036	-0.0206542291755859	-0.35240856610038	0.426837222477366	-0.188553911454361	0.43068607448609	0.438474525464288	1.03446485195297	0.56510516983295	-1.05475382214793	-0.315749022183079	0.443034608292432	-0.145980060710431	1.01912762342498	-0.292098617436477	0.115923128367619	-0.0176974422773588	-0.818645435842271	1.39845777099081	0.496454408397352	0.92649952698029	-0.609076394566747	-1.36648989003429	0.1766062211684	0.619571555920874	1.13920150415824	0.751022139280065	0.448625424844021	0.32164188520485	-0.385219504151758	-0.584249397791045	0.783234200760783	1.0392316467385	1.31848718237135	0.50771857681167	-0.221156379026313	0.611322926136533	-0.317732590452009	-0.223448439527411	0.712171517467944	0.481870927028726	-0.305517140062914	-0.774701968699052	-0.716470690166621
-1.21088879631944	-0.257876481285614	0.406709122772577	-0.765720679422001	-1.80495494673489	-1.82306044077015	-0.676229356724132	0.104857062852541	-0.21326266985076	-1.50251624500771	-0.234446631958139	0.15781057463952	1.30581530007965	-0.918073529837116	-0.0198001608831725	1.65028761106788	-0.283244206175926	-1.47130374414601	-0.835996467750903	-1.1020429443662	-0.156338101426359	-0.489008681926254	-1.30585501480942	1.17279328611346	0.411610495526126	-1.04702684918654	-1.57649230746517	-0.490450990341477	0.541088702159049	0.385983554249738	-0.657332967037159	0.718147056006592	-0.250091468673184	-1.29432496038301	-1.1818397772011	-0.0496292233167241	-0.210590188578261	1.12516626966578	-0.45363459654484	0.672572246894825	0.417489872006077	0.0109087543490799	-0.964008041939921	-1.32207802575412	-1.44356121521221	0.88708034658086	0.541813845266518	0.572056678515228	-1.19872358498615	-0.11323421457002	1.06920770396085	2.17297340555408	0.287276015440821	-0.573786205744117	-0.439978760913842	-0.846819565321837	-0.354818507691804	0.0841436984688379	1.38137984101354	0.177990909921406	-0.738279028914877	-0.813692281448481	-1.13957157510362	-1.22442231726099	0.846099373423033	0.178618987861914	-0.731195577417003	-0.955055961677884	0.949310349343827	0.989460792709327	-1.11229189740812	-0.135966692307776	-0.837785034925819	0.0441245734403011	-0.918914407254283	1.72251053855303	0.597152624207509	-0.0663987805521697	-0.472302775856996	0.450685546610084	0.665943606996647	-0.674366161825436	0.878701327069623	-0.187541155917089	1.619943322343	0.544489491811967	0.897986584938199	-0.199823664099485	0.495461279787721	1.57825060846473
-1.15264750727817	0.722645318227668	-0.919794164205349	0.301952312703246	0.603485604423709	0.204113589989407	1.17533670815027	0.278404068054253	-0.48178629085615	0.708763674478672	1.04543034126397	-1.52779394694944	-0.902953898091837	-1.71964047124386	-0.0658337207764432	0.631785700237549	0.899157040132707	-0.654786045428594	0.540306261878546	-0.993626944112454	-0.848958724452759	-1.05880015173505	0.647397637302095	0.85307650116336	-0.0961843337552976	0.238921166074565	-1.17338459775863	-0.556221955768921	-1.79107177883914	-1.22155052571394	-0.0371213936624231	-0.0836359494188941	-0.282825491980199	0.546748119540665	0.696161356112684	1.0798600028536	-0.038454893292045	0.367524820063338	0.965472664675188	0.752476676088005	-1.08295542493597	-0.633980897780466	-0.497015506396662	-0.463471193178488	-1.19381105627319	0.382051853584513	0.754251640757095	0.594272765024058	1.11004251521274	1.38469307733462	0.32526569650784	-1.02279760245979	1.21390214675912	1.31857099794679	3.02469194497713	-0.0707726740793255	-0.223126822820603	-0.628113159042532	1.10708848623907	0.187587693838337	0.300077507296843	1.47363447755229	0.697382692793296	0.389999578575173	0.28034112744464	0.731075856682682	0.280272889579295	-0.110582482492262	0.67462237079026	0.39004412860811	-0.725535528063754	0.0823043060591835	1.9638233681296	0.444346754578868	2.14038900702965	-1.01833622161912	-0.697196025777576	-2.59695325300868	-0.26850392492978	-0.171110312868834	-0.329204826283952	1.07134847114253	1.16536190510497	-0.414907608568921	1.70300945675822	1.27406711429267	1.22259028762635	-0.264986792629812	1.17387547631276	1.59099628896835
2.15692945159203	1.15250576707601	-0.5647009061872	-1.11786071758824	1.6536118162377	0.0597936898932015	1.58154153474538	-1.56051020756214	1.54614865619485	-0.171290717912067	-0.473923479231985	-0.768715842479489	-0.338216914588199	-0.0119289753751557	-0.0884773720002457	-1.06887179033104	-0.0534031326588559	-0.303244178242033	-0.258266716239419	0.661491656749104	-0.449482098404418	-0.180407112494503	-0.236831899582673	-0.986933709332205	0.23163656086448	-0.05747915717354	2.11370134992607	-0.0494866448338551	0.0313094453561803	-0.18306570393204	1.84217548842459	0.00446086608771876	-1.77410608974738	0.499293590140807	1.71603347925078	0.4756049218002	-0.0997840676031062	-1.20247162978259	1.0150026695544	-0.0549225652604204	-1.3815219451368	-0.67503142363541	1.33080642359609	0.831304219448292	1.02136887640891	-0.61860205545777	0.456486951134582	0.182860779764339	-0.726707290180247	-0.464749088643897	-0.192929929920694	-0.660704142079276	0.686847785922536	-0.799868562169926	-0.165042548467674	2.06826575608144	-0.859730512159151	-1.57169039953514	0.793744358737306	-0.0908545673555547	2.26231269718767	1.39133085836976	1.83039026843141	0.507577687770815	-1.4450240701784	-1.12012088273345	-0.150778695788263	-0.662525816604994	0.427449821279134	0.441104351334473	-0.615532070263049	-0.258441774980107	-0.116322598354194	-0.350416955116772	-0.331747951014377	-0.142964817063693	-0.547907542003281	-0.778885373533544	1.27541152886556	0.371275285560681	0.197263317304317	-2.31480733052778	1.08562530926211	0.479759323947567	0.020813635622149	1.74619946084168	0.948535421874966	1.28168149924465	-0.189802115695143	-0.132808561792299
