-0.0744599371610379	0.863517531498545	0.86576912849476	0.849398115577792	0.942695147039839	-0.234901237344549	-0.4071006131266	-0.485567790203303	-0.479424272730357	-0.872331169863441	-0.614356998980655	0.606017026234503	0.401365129317108	0.78750295198357	0.545006997214397	0.484489816284894	-0.124575984632869	1.33218255135159	0.707293420781823	0.314515271224467	0.993945155468411	0.0899057021430194	-0.601307536402639	-0.601307536402639	-0.601307536402639	-0.601307536402639	-0.601307536402639	-0.601307536402639	-0.601307536402639	-0.601307536402639	-0.601307536402639	-0.601307536402639	-0.601307536402639	0.724239176134525	0.724239176134525	0.724239176134525	0.724239176134525	0.724239176134525	0.724239176134525	0.724239176134525	0.724239176134525	0.724239176134525	0.724239176134524	0.724239176134525	1.39963918312445	0.669548137493215	0.914269509254201	1.37479964733413	1.12695053331714	1.26816913923139	0.225872876234326	0.436694988507582	0.29821747960344	1.08296906672178	0.489776439014634	0.0451027686207347	0.0451027686207347	0.0451027686207347	0.0451027686207347	0.0451027686207347	0.0451027686207347	0.0451027686207348	0.0451027686207347	0.0451027686207347	0.0451027686207348	0.0451027686207347	-0.275356944877491	-0.275356944877491	-0.275356944877491	-0.275356944877491	-0.275356944877491	-0.275356944877491	-0.275356944877491	-0.275356944877491	-0.275356944877491	-0.275356944877491	-0.275356944877491	0.136673125623423	-0.743705522564084	2.03994981052792	1.22104334772308	-0.494479025879315	0.186623416612237	-0.541990947004647	0.389260900186311	-0.182878790878882	-0.510952049011146	0.49243529961693	-0.0649259022248468	0.725808180261509
-0.170057078872553	-0.18507053854586	-0.905467306906853	-0.568763616895471	-0.452092129435185	-0.720479714006487	1.14345921331408	0.321793866602857	0.701890507702599	0.100673089622624	0.234053834278114	0.212642545397963	0.0904020585671394	0.472380601559374	0.328783179829889	0.131182722014024	1.11269089120006	0.339897910466957	0.612327897827411	0.373697736459741	0.191713104710666	0.59375899273757	0.0823167927955076	0.0823167927955076	0.0823167927955076	0.0823167927955076	0.0823167927955076	0.0823167927955076	0.0823167927955076	0.0823167927955076	0.0823167927955076	0.0823167927955076	0.0823167927955076	-1.64449116386945	-1.64449116386945	-1.64449116386945	-1.64449116386945	-1.64449116386945	-1.64449116386945	-1.64449116386945	-1.64449116386945	-1.64449116386945	-1.64449116386945	-1.64449116386945	-1.24947973325513	1.59126345208955	-0.0746973179985857	-0.728899411517153	1.17873410344811	0.863973059217214	0.884573942113511	0.430788500516882	1.48571050519607	0.054570424052517	0.0665088936666296	0.974925822854647	0.974925822854647	0.974925822854647	0.974925822854647	0.974925822854647	0.974925822854647	0.974925822854647	0.974925822854647	0.974925822854647	0.974925822854647	0.974925822854647	0.393645395280852	0.393645395280852	0.393645395280852	0.393645395280852	0.393645395280852	0.393645395280852	0.393645395280852	0.393645395280852	0.393645395280852	0.393645395280852	0.393645395280852	-2.00799020554074	-1.0488715849473	-0.435496843819456	-1.41449763135592	-1.22798108815509	-2.04988716692433	-1.35583556374254	-0.935150920728939	-0.230473169912904	-1.15639860118342	-0.865350788024516	-2.40084687071642	-1.02879092654695
-0.355072480640501	-0.15539088340863	0.313435262481869	0.348030723000993	-0.834933611571216	-1.36796260051551	-2.46410771355172	-1.60058413448944	-1.4821781352383	-2.05629856620297	-0.436646353720571	-1.12658073941594	0.265954011565564	0.356971865329282	0.671526161138267	-0.786341823330804	0.398773418015193	0.636736587146063	-0.582666842913837	0.371131748169945	0.640695919221567	0.749440766163469	0.194708281578534	0.194708281578534	0.194708281578534	0.194708281578534	0.194708281578534	0.194708281578534	0.194708281578534	0.194708281578534	0.194708281578534	0.194708281578534	0.194708281578534	-0.0892535422812022	-0.0892535422812022	-0.0892535422812022	-0.0892535422812022	-0.0892535422812022	-0.0892535422812022	-0.0892535422812022	-0.0892535422812022	-0.0892535422812022	-0.0892535422812022	-0.0892535422812022	2.04590178142746	0.285905555097253	1.71058515724584	1.13795589742201	-0.779687939513152	1.11914594595977	0.602676511079841	1.5619283678406	0.188618716703117	-0.462575003938992	-1.31224273444029	-1.28540986021956	-1.28540986021956	-1.28540986021956	-1.28540986021956	-1.28540986021956	-1.28540986021956	-1.28540986021956	-1.28540986021956	-1.28540986021956	-1.28540986021956	-1.28540986021956	-0.309221190036509	-0.309221190036509	-0.309221190036509	-0.309221190036509	-0.309221190036509	-0.309221190036509	-0.309221190036509	-0.309221190036509	-0.309221190036509	-0.309221190036509	-0.309221190036509	1.11236934378404	1.19893455153081	-1.02974155259322	-1.01271214588656	0.0897909209053633	1.14361753154574	1.24368468799001	1.82753692736023	-0.801658075052415	-1.00657943004452	0.380849211311186	0.882193121486885	-1.10924568798389
-1.28257053772837	-0.362009320470738	-0.993587824651955	-0.0648566346807152	0.0667621044340872	0.170797835589115	0.675751917413321	-0.327125322936154	0.783367209004059	-1.1065918432279	-1.86788960694389	-0.662248885111952	-0.981381862509132	-0.843443357541321	-0.63547260936756	-0.251287964166986	-1.73234567951761	-0.956530653291896	-0.0837704640576301	-0.764427020680695	-0.104143309502532	-1.12145695626028	0.463679215621076	0.463679215621076	0.463679215621076	0.463679215621076	0.463679215621076	0.463679215621076	0.463679215621076	0.463679215621076	0.463679215621076	0.463679215621076	0.463679215621076	0.139937803918811	0.139937803918811	0.139937803918811	0.139937803918811	0.139937803918811	0.139937803918811	0.139937803918811	0.139937803918811	0.139937803918811	0.139937803918811	0.139937803918811	0.208957950251411	-0.436927559608991	0.484710238196577	-0.772312529571258	-1.71853129452006	0.208211615845169	0.234119371632614	-0.301193511074938	0.599653726542004	-2.2505882513544	-2.10052126984096	-0.989677234249171	-0.989677234249171	-0.989677234249171	-0.989677234249171	-0.989677234249171	-0.989677234249171	-0.989677234249171	-0.989677234249171	-0.989677234249171	-0.989677234249171	-0.989677234249171	-0.496112992532796	-0.496112992532796	-0.496112992532796	-0.496112992532796	-0.496112992532796	-0.496112992532796	-0.496112992532796	-0.496112992532796	-0.496112992532796	-0.496112992532796	-0.496112992532796	1.81001094440433	0.519322061823176	-0.342052404076906	-0.740949874755338	0.316530107894845	-0.114323233545487	1.61109896381502	-0.778874352872752	0.0843351046965255	-0.456418100008011	-0.567269221729767	0.934516485819177	-0.867898390052959
-1.65852516618838	-0.569260166511516	-1.54680684341197	-0.938986140037657	-0.464589942816022	-0.517281116159045	0.413173755518584	-0.72013778867754	0.0286103889211018	-1.16779631497683	-1.17146800316104	1.06832387901731	1.55271159486593	1.59662940834724	1.51171566181717	1.13028163269988	2.08277070901074	1.50731532826145	1.03895853708187	1.494856347545	1.05192935716448	2.07012214438213	0.779367331643416	0.779367331643416	0.779367331643416	0.779367331643416	0.779367331643416	0.779367331643416	0.779367331643416	0.779367331643416	0.779367331643416	0.779367331643416	0.779367331643416	-0.848577084013043	-0.848577084013043	-0.848577084013043	-0.848577084013043	-0.848577084013043	-0.848577084013043	-0.848577084013043	-0.848577084013043	-0.848577084013043	-0.848577084013043	-0.848577084013043	0.0563574749438498	-0.36952232465234	0.820056863493728	-0.804486753301625	-1.46205732502172	-0.957167494214218	-0.906399038567386	0.66646158312854	-0.42853614081925	-1.24151401614653	-1.82293000540392	1.98403390106679	1.98403390106679	1.98403390106679	1.98403390106679	1.98403390106679	1.98403390106679	1.98403390106679	1.98403390106679	1.98403390106679	1.98403390106679	1.98403390106679	0.284144947355704	0.284144947355704	0.284144947355704	0.284144947355704	0.284144947355704	0.284144947355704	0.284144947355704	0.284144947355704	0.284144947355704	0.284144947355704	0.284144947355704	-0.0146697251795192	1.11170179847046	-1.06434270840365	-0.597624777241676	0.0627433696660502	-0.15991829760396	1.11572436920065	-0.50486335221946	0.68445224977771	-0.142211493717236	0.805109830580894	-0.737089023804621	-0.384279716270832
0.594587023425962	1.48138926281774	1.45168727926347	1.56525244129305	1.54839320889806	1.14222783091723	-0.400518809870003	0.546993054895381	0.658658849796664	0.985981016940835	0.585466139170899	-0.875362758997307	0.361555003330385	-0.780945973121241	-0.335596951407608	0.125137960016549	-0.399295643082412	-0.618773848212387	-0.729085096484705	-0.80258410555763	-1.35485477770707	-0.270257356079157	0.562422998856352	0.562422998856352	0.562422998856352	0.562422998856352	0.562422998856352	0.562422998856352	0.562422998856352	0.562422998856352	0.562422998856352	0.562422998856352	0.562422998856352	0.478845561119803	0.478845561119803	0.478845561119803	0.478845561119803	0.478845561119803	0.478845561119803	0.478845561119803	0.478845561119803	0.478845561119803	0.478845561119803	0.478845561119803	0.076749593387552	1.06027456217039	0.298634165117641	1.34507901929932	0.528391483540444	0.912397995657379	0.0349760383125403	0.49095950815577	1.60226977144206	0.816286291902408	1.54814711876959	0.0638909297090889	0.0638909297090889	0.0638909297090889	0.0638909297090889	0.0638909297090889	0.0638909297090889	0.063890929709089	0.0638909297090889	0.0638909297090889	0.0638909297090889	0.0638909297090889	-0.686075664246831	-0.686075664246831	-0.686075664246831	-0.686075664246831	-0.686075664246831	-0.686075664246831	-0.686075664246831	-0.686075664246831	-0.686075664246831	-0.686075664246831	-0.686075664246831	0.950939821988522	1.61958030883286	-0.428049631698595	-0.0636620184281551	-1.69287564117769	0.389047529287248	2.18156850454745	-0.52229139421141	-1.82277951838948	-1.6520626678134	0.739042588252124	0.87116399547824	-1.98578272146341
0.32022693160696	-0.861416479372397	-0.41258446994035	-0.413122197959719	0.187407466256769	1.50611669500582	1.15808753549991	0.518469460690086	0.491926553706357	0.829175639342762	-0.0355985827989149	-0.922382106830052	0.100387052982427	-0.202362484310391	0.122790745914177	-0.661570334493737	-0.0967354184049602	-0.0527968928871143	-0.899309154801585	-0.120017204409472	0.119357860644286	-0.108121010999143	-2.22906765926651	-2.22906765926651	-2.22906765926651	-2.22906765926651	-2.22906765926651	-2.22906765926651	-2.22906765926651	-2.22906765926651	-2.22906765926651	-2.22906765926651	-2.22906765926651	0.416943289866869	0.416943289866869	0.416943289866869	0.416943289866869	0.416943289866869	0.416943289866869	0.416943289866869	0.416943289866869	0.416943289866869	0.416943289866868	0.416943289866869	-0.961449439229581	0.398564494435844	-0.495814179843759	-0.299197449706639	0.580264744150981	-0.338808720031158	0.549151842175334	-0.108841162953132	0.417610516989381	0.357972709076961	0.958661866132531	0.395698961563541	0.395698961563541	0.395698961563541	0.395698961563541	0.395698961563541	0.395698961563541	0.395698961563541	0.395698961563541	0.395698961563541	0.395698961563541	0.395698961563541	-0.39286132924834	-0.39286132924834	-0.39286132924834	-0.39286132924834	-0.39286132924834	-0.39286132924834	-0.39286132924834	-0.39286132924834	-0.39286132924834	-0.39286132924834	-0.39286132924834	0.135628754659561	1.02119369771049	-0.837991500338586	-0.986406492209591	-2.50398061923426	0.0334595621075022	0.756106096025954	0.815987292422983	0.0409728654588026	-2.21303885133494	0.238160856803897	1.03632148565267	-1.09382946465265
1.36661531182726	0.196363411122739	0.343516919093395	0.0383087903751268	0.673115764866025	1.13775939822541	1.523551736269	1.73090811063629	1.2881875167304	1.44346360715815	1.54903122235941	0.190252617208016	-0.726622930239554	-0.363574909398409	-0.697690542134927	-0.451655021316542	-0.86385120719943	-0.37442395430138	-0.420254835226458	-0.489071987054791	0.350844894597451	-1.2255504490445	-0.224795547857556	-0.224795547857556	-0.224795547857556	-0.224795547857556	-0.224795547857556	-0.224795547857556	-0.224795547857556	-0.224795547857556	-0.224795547857556	-0.224795547857556	-0.224795547857556	2.56230592459845	2.56230592459845	2.56230592459845	2.56230592459845	2.56230592459845	2.56230592459845	2.56230592459845	2.56230592459845	2.56230592459845	2.56230592459845	2.56230592459845	1.35287093470206	-0.468807039967306	0.368885452352413	1.25425807831465	-0.561021214406819	1.4661418065873	1.18603860135752	-0.0829577580930643	-0.42432374113374	-0.581483661518026	-0.257466630955903	-1.64582397506485	-1.64582397506485	-1.64582397506485	-1.64582397506485	-1.64582397506485	-1.64582397506485	-1.64582397506485	-1.64582397506485	-1.64582397506485	-1.64582397506485	-1.64582397506485	1.71285581719004	1.71285581719004	1.71285581719004	1.71285581719004	1.71285581719004	1.71285581719004	1.71285581719004	1.71285581719004	1.71285581719004	1.71285581719004	1.71285581719004	0.255798879966664	0.133017637292572	-0.13276820718992	-0.438252224883273	-0.339659441450011	-0.478852807094771	0.645316976282485	-0.796694135606196	-1.06456729789309	-0.654327387978538	-1.07107825114458	0.0351932234035705	-2.08592300752559
0.420259112545855	0.801232124880047	0.903880931350507	0.428038433038645	1.04002947208977	-0.549208492954906	-0.153638307205896	-0.317487884776984	-0.862195018866771	-0.0394599485515607	0.377021581801929	1.3301345480887	1.44302327200189	0.928905445456608	0.981385178338477	1.89501864263721	0.460310526188018	0.553306420667985	1.19534539431032	-0.194938825280564	0.980635111025099	0.157967788860587	-0.323498144176757	-0.323498144176757	-0.323498144176757	-0.323498144176757	-0.323498144176757	-0.323498144176757	-0.323498144176757	-0.323498144176757	-0.323498144176757	-0.323498144176757	-0.323498144176757	0.222986341521477	0.222986341521477	0.222986341521477	0.222986341521477	0.222986341521477	0.222986341521477	0.222986341521477	0.222986341521477	0.222986341521477	0.222986341521477	0.222986341521477	1.33879651004104	-1.07819093913338	0.395435962110051	2.49794460451779	0.888523894693089	0.961705839322486	-0.0167446188332616	0.0632749625670765	-0.757102666453244	1.71674881941735	1.56859243583154	-0.966752774008978	-0.966752774008978	-0.966752774008978	-0.966752774008978	-0.966752774008978	-0.966752774008978	-0.966752774008978	-0.966752774008978	-0.966752774008978	-0.966752774008978	-0.966752774008978	1.12146323993956	1.12146323993956	1.12146323993956	1.12146323993956	1.12146323993956	1.12146323993956	1.12146323993956	1.12146323993956	1.12146323993956	1.12146323993956	1.12146323993956	-1.25053738606396	0.531361969908091	-0.850034348273131	0.49574803469334	0.7640239810881	-0.306055299322193	-0.726754897130177	-0.480603914184482	-0.370429857257749	0.984132160811673	0.41384921758825	-0.14656493905847	0.869369343968821
-1.2899060245105	-1.66833325705158	-1.22109775208469	-1.35628641350749	-1.62775917840307	-1.90851075756744	-1.3184069933444	-1.71547686682042	-1.79608809392555	-2.04793193437309	-1.60703116537439	-0.117179384921202	-0.616458562686385	-0.149641723808603	-0.574739751368657	-0.713454168462572	-0.464641511665327	0.0929939581685935	-0.125972730832949	0.30484116657665	0.0157343217842559	-0.335344537773102	0.0361425286968574	0.0361425286968574	0.0361425286968574	0.0361425286968574	0.0361425286968574	0.0361425286968574	0.0361425286968574	0.0361425286968574	0.0361425286968574	0.0361425286968574	0.0361425286968574	0.406928394465367	0.406928394465367	0.406928394465367	0.406928394465367	0.406928394465367	0.406928394465367	0.406928394465367	0.406928394465367	0.406928394465367	0.406928394465367	0.406928394465367	-0.873230345799352	-0.113981065266588	-0.871940192403167	-0.31819170271937	-0.632531959058004	0.813030799669136	1.72228895456823	-0.300678779486893	0.645452058115352	-1.22810330387294	-0.23769999939178	-1.17665926527349	-1.17665926527349	-1.17665926527349	-1.17665926527349	-1.17665926527349	-1.17665926527349	-1.17665926527349	-1.17665926527349	-1.17665926527349	-1.17665926527349	-1.17665926527349	0.515465283952253	0.515465283952253	0.515465283952253	0.515465283952253	0.515465283952253	0.515465283952253	0.515465283952253	0.515465283952253	0.515465283952253	0.515465283952253	0.515465283952253	0.190495481588167	-1.15777523977283	-0.571222886629772	-0.311366851874279	-0.617532312155221	0.0711732767092732	-1.40102508317963	0.304622989822226	-0.495984654603697	-0.697490056222655	-0.857716208241924	-0.796314462076478	-1.00344092785775
-0.310795376204949	-0.0555357705051306	-0.371321268925053	-0.193002146277214	-0.784215289862583	-1.43737548923615	0.183627494432748	1.48479964289409	1.62336656003255	0.205680301480458	-0.0830038647988389	-0.249404038666939	-0.165895047112972	-0.497143873360299	-0.241828648249928	-0.134897513960578	-0.675889747404796	-0.967336457510632	-0.550120957305071	-0.563783581443381	-0.306525188807956	-0.741580350793092	-0.394457609051692	-0.394457609051692	-0.394457609051692	-0.394457609051692	-0.394457609051692	-0.394457609051692	-0.394457609051692	-0.394457609051692	-0.394457609051692	-0.394457609051692	-0.394457609051692	0.753973604367953	0.753973604367953	0.753973604367953	0.753973604367953	0.753973604367953	0.753973604367953	0.753973604367953	0.753973604367953	0.753973604367953	0.753973604367954	0.753973604367953	-1.36926551963222	-0.970233677681824	-1.38793034206323	-0.61945562383055	-0.749278971888818	-1.91085363063555	-2.23099403937902	-1.38683456617247	-0.796014415209859	0.5310938759118	1.4409168531567	-1.20719460907108	-1.20719460907108	-1.20719460907108	-1.20719460907108	-1.20719460907108	-1.20719460907108	-1.20719460907108	-1.20719460907108	-1.20719460907108	-1.20719460907108	-1.20719460907108	0.666958223139647	0.666958223139647	0.666958223139647	0.666958223139647	0.666958223139647	0.666958223139647	0.666958223139647	0.666958223139647	0.666958223139647	0.666958223139647	0.666958223139647	0.79126640591881	0.316644353401597	-1.15715656701061	-1.24026521805975	-1.31086365732705	0.898441484323965	0.710467161552175	1.31468248148205	-0.765816959151184	-1.66549229453649	-0.623676838541997	0.910416844173585	-0.610416073153379
1.75624832352113	1.71308981971056	1.57444988185905	1.58395504307316	-0.143169266126008	-0.559199520188696	-0.290328066211942	1.74200703895659	1.67374630201419	0.615183824422076	1.94487843950955	-0.490442298667009	-1.08701405650467	-0.933878224621099	-1.12710072199346	-1.02598091555505	-0.203576394425525	-1.19603470869541	-0.671587060188933	-0.37248659069202	-1.29464197091089	-0.444493546795035	-0.0396943153114253	-0.0396943153114253	-0.0396943153114253	-0.0396943153114253	-0.0396943153114253	-0.0396943153114253	-0.0396943153114253	-0.0396943153114253	-0.0396943153114253	-0.0396943153114253	-0.0396943153114253	1.31954509391744	1.31954509391744	1.31954509391744	1.31954509391744	1.31954509391744	1.31954509391744	1.31954509391744	1.31954509391744	1.31954509391744	1.31954509391744	1.31954509391744	-1.24015753819777	1.71440496339442	-1.01804992464826	-0.312458660093396	0.764200191279607	1.44024224727357	1.137061907123	0.131637957303565	0.822291802538531	0.232020760349555	0.983767284264166	1.08670262953617	1.08670262953617	1.08670262953617	1.08670262953617	1.08670262953617	1.08670262953617	1.08670262953617	1.08670262953617	1.08670262953617	1.08670262953617	1.08670262953617	-0.913880721606347	-0.913880721606347	-0.913880721606347	-0.913880721606347	-0.913880721606347	-0.913880721606347	-0.913880721606347	-0.913880721606347	-0.913880721606347	-0.913880721606347	-0.913880721606347	1.38252327840096	-0.216862428515487	0.522684968371498	0.99176289586004	0.205141857679869	-0.0487651660966265	-0.232951095543649	-0.864423769965667	1.56867732225512	0.844804237837198	0.0743879714543234	0.895310990220361	1.26696966992181
-1.33822214336555	-1.38602161062982	-1.15638730578081	-1.4699037994162	-1.91225172762922	-3.28177477286261	-2.84266271946649	-1.95190686261135	-2.23172280856945	-2.80904283435412	-0.396807315349438	-1.02810529445802	-0.970850896287522	-1.13995620251121	-0.932522115564685	-0.75482936017744	-1.02140100841422	-1.16193602714767	-0.706170847864588	-0.854779083663143	-1.24648754556045	-1.08259567309434	-1.47255221688518	-1.47255221688518	-1.47255221688518	-1.47255221688518	-1.47255221688518	-1.47255221688518	-1.47255221688518	-1.47255221688518	-1.47255221688518	-1.47255221688518	-1.47255221688518	-0.358624992402287	-0.358624992402287	-0.358624992402287	-0.358624992402287	-0.358624992402287	-0.358624992402287	-0.358624992402287	-0.358624992402287	-0.358624992402287	-0.358624992402287	-0.358624992402287	0.188516804728762	0.293280487610219	0.1267387773311	0.246061991353814	0.357811923276335	0.246894223723368	0.690689541070106	-0.185019455845636	0.469824731066353	0.484274650571896	0.800924774454609	1.47959954800237	1.47959954800237	1.47959954800237	1.47959954800237	1.47959954800237	1.47959954800237	1.47959954800237	1.47959954800237	1.47959954800237	1.47959954800237	1.47959954800237	-2.12442810623334	-2.12442810623334	-2.12442810623334	-2.12442810623334	-2.12442810623334	-2.12442810623334	-2.12442810623334	-2.12442810623334	-2.12442810623334	-2.12442810623334	-2.12442810623334	-0.882991250086277	0.254287565201139	-0.170898093551245	0.28760268279615	0.640066486119745	-0.816507053833929	0.257301930679018	-1.69036157692314	-0.630637480870386	0.937627703534852	0.908517281230758	-1.35658385474554	-0.696141663671384
-1.67782101654182	-1.82539993936407	-1.1910305765647	-1.74674238788776	-1.79104417290479	-2.09565070920397	-2.2145281643246	-2.04789105830636	-2.60936091941483	-2.13892532196649	-1.69111042811958	0.407658531142794	0.334113496541142	0.0136224667868471	-0.0027493153809862	0.0335531975084027	-0.409937589593029	-0.18060311484763	-0.176078072779202	0.942170838352773	-0.196307014673496	-0.108088629319802	-0.898641383990293	-0.898641383990293	-0.898641383990293	-0.898641383990293	-0.898641383990293	-0.898641383990293	-0.898641383990293	-0.898641383990293	-0.898641383990293	-0.898641383990293	-0.898641383990293	-0.210505289440466	-0.210505289440466	-0.210505289440466	-0.210505289440466	-0.210505289440466	-0.210505289440466	-0.210505289440466	-0.210505289440466	-0.210505289440466	-0.210505289440466	-0.210505289440466	-0.280067004942642	-1.03630869143061	-0.270525377094441	-0.608416782293167	-0.878967042653447	-0.209926242722259	1.30774930419128	-0.432944540637491	0.220025501601626	-1.98060345744659	-1.54384340727677	0.845250300292226	0.845250300292226	0.845250300292226	0.845250300292226	0.845250300292226	0.845250300292226	0.845250300292226	0.845250300292226	0.845250300292226	0.845250300292226	0.845250300292226	-0.256282601020004	-0.256282601020004	-0.256282601020004	-0.256282601020004	-0.256282601020004	-0.256282601020004	-0.256282601020004	-0.256282601020004	-0.256282601020004	-0.256282601020004	-0.256282601020004	2.4901599855304	-1.05903471370045	0.826866759953747	-0.0866646386441783	0.588524284785844	0.853117622725398	0.0161536475877668	0.900018920185089	-1.46883095948999	-0.0633439444887494	-0.506124276480919	2.36339002954322	0.201339666260457
-0.00771462307932509	-0.843548580774735	-0.204812260902081	-0.507939669851552	-0.710252971628697	0.0193223143573319	-0.488772524214881	-0.894053093166615	-1.20987751384046	0.235135954469177	-0.523024690512769	-0.877806784550161	-2.65443552216586	-1.25250811296047	-2.13543695084248	-2.40108461631502	-1.27731454319175	-1.23095586488044	-0.874625208660413	-0.912480214223902	-0.326206914589294	-1.78036684211483	0.293121062238194	0.293121062238194	0.293121062238194	0.293121062238194	0.293121062238194	0.293121062238194	0.293121062238194	0.293121062238194	0.293121062238194	0.293121062238194	0.293121062238194	-0.863105067402822	-0.863105067402822	-0.863105067402822	-0.863105067402822	-0.863105067402822	-0.863105067402822	-0.863105067402822	-0.863105067402822	-0.863105067402822	-0.863105067402822	-0.863105067402822	1.14868648839798	0.471582476158426	0.907081979463647	0.355398955272057	1.23965938312112	-0.651933889640662	-0.111690415190127	0.410217614090722	-0.295560332826677	1.89892108077629	1.0161441274171	-2.17833526505953	-2.17833526505953	-2.17833526505953	-2.17833526505953	-2.17833526505953	-2.17833526505953	-2.17833526505953	-2.17833526505953	-2.17833526505953	-2.17833526505953	-2.17833526505953	-0.631967301217982	-0.631967301217982	-0.631967301217982	-0.631967301217982	-0.631967301217982	-0.631967301217982	-0.631967301217982	-0.631967301217982	-0.631967301217982	-0.631967301217982	-0.631967301217982	0.230761081973532	-0.76039284478108	-0.852512778994521	-0.45611131381984	0.837960768492976	-0.81094060680801	-1.1117876597137	-0.881355216830008	0.388409204857314	0.966604971697085	-1.38497819120965	-0.160572470371001	-0.308589994832901
1.71342450939913	2.89439951818064	2.08616520589748	2.63358838913654	1.85718070515105	0.496897342701321	0.511620473045972	1.93463117289029	2.49402134534149	0.864701955696132	2.17875076187453	0.325384269220954	0.132128934417426	0.44479815073921	0.321295929399913	0.133816098101019	0.456081625522527	0.42544115609491	0.303862383384907	0.188330454121901	0.374128685273819	0.667862048021101	0.196978016143009	0.196978016143009	0.196978016143009	0.196978016143009	0.196978016143009	0.196978016143009	0.196978016143009	0.196978016143009	0.196978016143009	0.196978016143009	0.196978016143009	0.249816526330199	0.249816526330199	0.249816526330199	0.249816526330199	0.249816526330199	0.249816526330199	0.249816526330199	0.249816526330199	0.249816526330199	0.249816526330198	0.249816526330199	0.869593212163162	0.274334859280266	0.282557790038356	0.317420150095935	0.298558496417004	1.3633481481524	-0.443724783662904	1.20809340685975	-1.27819179531792	0.138299347193083	-1.48231431612577	-1.65274222128734	-1.65274222128734	-1.65274222128734	-1.65274222128734	-1.65274222128734	-1.65274222128734	-1.65274222128734	-1.65274222128734	-1.65274222128734	-1.65274222128734	-1.65274222128734	-0.139424317757249	-0.139424317757249	-0.139424317757249	-0.139424317757249	-0.139424317757249	-0.139424317757249	-0.139424317757249	-0.139424317757249	-0.139424317757249	-0.139424317757249	-0.139424317757249	-1.11721615960076	-1.55014734212072	-1.02318057628154	-0.992318388112552	-0.0236220695732279	1.13864582653202	-1.75244270851051	2.22412081262895	-0.189895327024363	-0.617911426781949	-0.210262905988089	-1.54675680446906	0.854526130415084
-1.32703681247989	-1.24392509152164	-1.67567742729675	-1.52649337655042	-0.831337419930539	-0.422991469517913	0.458362057763373	-0.96167169260346	-0.743577571662165	-0.575820308045231	-1.06102155752678	-1.00863705092306	-0.615923885515815	-0.391359483485128	-0.300832064946786	-1.04289540561433	0.960950298612597	-0.301030648186942	-0.79811985171186	0.354589619225331	-1.0238215588648	0.066037002713832	1.92922281549444	1.92922281549444	1.92922281549444	1.92922281549444	1.92922281549444	1.92922281549444	1.92922281549444	1.92922281549444	1.92922281549444	1.92922281549444	1.92922281549444	1.36630372434354	1.36630372434354	1.36630372434354	1.36630372434354	1.36630372434354	1.36630372434354	1.36630372434354	1.36630372434354	1.36630372434354	1.36630372434354	1.36630372434354	-0.962364363020799	-1.24955707822553	-1.10579194479544	-1.09419868162582	-2.27335838866851	-1.05740078949176	-0.614337264419339	-0.535615883249805	-1.02053603085345	-2.11014277426613	-1.36252261586178	-0.844142823269569	-0.844142823269569	-0.844142823269569	-0.844142823269569	-0.844142823269569	-0.844142823269569	-0.844142823269569	-0.844142823269569	-0.844142823269569	-0.844142823269568	-0.844142823269569	-2.52786730651335	-2.52786730651335	-2.52786730651335	-2.52786730651335	-2.52786730651335	-2.52786730651335	-2.52786730651335	-2.52786730651335	-2.52786730651335	-2.52786730651335	-2.52786730651335	2.03610057887447	-0.109457163162234	-0.238479880180126	0.528677722894118	0.93542453499271	0.783087555900445	0.591822853689972	-0.665141765045582	1.17676303761	1.58583149716545	0.797227517947774	0.836820027163874	0.807787663845705
-0.141382283884133	-1.53119142149554	-1.05202096763113	-1.47036139824786	-0.934219841884232	-0.00153033611950827	0.379272994145822	0.701826053951607	0.171205066375441	0.510257947504045	0.38657273811794	1.03140743654846	1.5789264653836	1.1376905577859	1.62518817923459	1.76572889679548	0.872807262966973	0.836974684633016	1.330289849516	1.27552453807584	0.670891276656966	0.544613038425384	-2.82963304275682	-2.82963304275682	-2.82963304275682	-2.82963304275682	-2.82963304275682	-2.82963304275682	-2.82963304275682	-2.82963304275682	-2.82963304275682	-2.82963304275682	-2.82963304275682	0.389923212618401	0.389923212618401	0.389923212618401	0.389923212618401	0.389923212618401	0.389923212618401	0.389923212618401	0.389923212618401	0.389923212618401	0.389923212618401	0.389923212618401	0.198768857661334	0.120723253396976	-0.302896764599619	-1.44984601210194	-1.3227927706675	0.166124713899549	-0.74626653766599	-0.632507251909298	-1.60442950092873	-1.38175585077169	-1.68219052587358	0.33908564789138	0.33908564789138	0.33908564789138	0.33908564789138	0.33908564789138	0.33908564789138	0.339085647891381	0.33908564789138	0.33908564789138	0.33908564789138	0.33908564789138	-0.778583230155859	-0.778583230155859	-0.778583230155859	-0.778583230155859	-0.778583230155859	-0.778583230155859	-0.778583230155859	-0.778583230155859	-0.778583230155859	-0.778583230155859	-0.778583230155859	-0.334104899782084	0.101933663546732	0.502711693810289	-1.16592929909169	0.41419292256451	-0.00405736021997592	1.15053453574735	0.827956125972411	-1.00622061188491	-0.114273264637663	-0.698245245057442	1.3256841463901	0.783009733427859
0.215819897195752	0.956260654574473	0.839639911729155	0.768204874726861	0.464870958703309	0.175017429514308	-0.757895110891926	0.0429753270121937	-0.0413465674207103	-0.879077460976725	0.435230715452583	-1.02333408957108	-1.06608186391928	-0.958838174106932	-0.972451628119604	-1.16362692855531	-1.3796721256457	-0.217773199008289	-0.548883234645902	-0.248185281822683	-1.22487275078776	-0.620154260003199	1.05630795783221	1.05630795783221	1.05630795783221	1.05630795783221	1.05630795783221	1.05630795783221	1.05630795783221	1.05630795783221	1.05630795783221	1.05630795783221	1.05630795783221	-1.60157630976648	-1.60157630976648	-1.60157630976648	-1.60157630976648	-1.60157630976648	-1.60157630976648	-1.60157630976648	-1.60157630976648	-1.60157630976648	-1.60157630976648	-1.60157630976648	-1.52427257125762	-0.241595948063165	-0.923754263932672	-0.640761201763451	-0.166815907277949	-0.465010115480199	-0.27264000969943	0.400614777534167	0.135057556910307	-0.00577058062392688	0.00958497517892518	0.348907654385696	0.348907654385696	0.348907654385696	0.348907654385696	0.348907654385696	0.348907654385696	0.348907654385696	0.348907654385696	0.348907654385696	0.348907654385696	0.348907654385696	-0.475382604583405	-0.475382604583405	-0.475382604583405	-0.475382604583405	-0.475382604583405	-0.475382604583405	-0.475382604583405	-0.475382604583405	-0.475382604583405	-0.475382604583405	-0.475382604583405	0.656032985465932	-0.62295812326459	0.569973216919078	0.399189504727235	1.382009654933	0.650758587003579	-0.24107023215834	0.500048496283928	0.281713055096113	0.755202291469433	0.388389743912412	0.267224061643662	1.17139352076572
1.12295065872977	0.659045390414248	0.858165936864971	0.554755148429064	0.514999364081688	-0.567628079542328	0.507802567112416	0.12549656559203	-0.236825893159028	0.566284994696958	0.796917103569707	-0.430220008672409	-0.60261159196555	-0.829952923366668	-0.706931413662038	-0.84625258246039	-1.14120799188803	-0.611561285919287	-0.92482973806625	-0.551904567827254	-1.0021488336024	-1.35851802666683	-0.253780606366036	-0.253780606366036	-0.253780606366036	-0.253780606366036	-0.253780606366036	-0.253780606366036	-0.253780606366036	-0.253780606366036	-0.253780606366036	-0.253780606366036	-0.253780606366036	-0.415320170349497	-0.415320170349497	-0.415320170349497	-0.415320170349497	-0.415320170349497	-0.415320170349497	-0.415320170349497	-0.415320170349497	-0.415320170349497	-0.415320170349497	-0.415320170349497	-1.61341476813772	1.59517006937827	-0.136585072851837	-0.872914125406134	0.471899556051487	0.425084925176448	-0.861675088682462	0.14018998362105	2.29089337393482	-0.352444806282146	-0.191582865552069	1.49933486998263	1.49933486998263	1.49933486998263	1.49933486998263	1.49933486998263	1.49933486998263	1.49933486998263	1.49933486998263	1.49933486998263	1.49933486998263	1.49933486998263	-0.225257978329412	-0.225257978329412	-0.225257978329412	-0.225257978329412	-0.225257978329412	-0.225257978329412	-0.225257978329412	-0.225257978329412	-0.225257978329412	-0.225257978329412	-0.225257978329412	-0.82941103116578	1.08214402940477	-0.251525618423676	-0.436713649043417	1.14062490775234	0.0386124023979516	1.11085008538764	0.308650056173104	-0.00570657576991275	1.42664988456585	-0.191282313965729	0.463883935240859	0.553865568449542
-0.0240621334108349	-0.597496011676853	-0.497086926947026	-0.0493785637515436	-0.982356449986752	-0.36399792398237	-0.0650078528042955	0.474852638883761	0.979812006193526	0.0230918601898396	-0.0145593814777152	-1.22290666578498	-1.43512757038769	-1.62821657822706	-1.58896134690634	-1.16113331732958	-0.739606900973091	-1.31343751188465	-1.36153149773983	-1.611322485362	-1.9212231030739	-1.21927539797159	-0.195124410105901	-0.195124410105901	-0.195124410105901	-0.195124410105901	-0.195124410105901	-0.195124410105901	-0.195124410105901	-0.195124410105901	-0.195124410105901	-0.195124410105901	-0.195124410105901	-0.484043914289266	-0.484043914289266	-0.484043914289266	-0.484043914289266	-0.484043914289266	-0.484043914289266	-0.484043914289266	-0.484043914289266	-0.484043914289266	-0.484043914289265	-0.484043914289266	1.08208384939915	1.20229621229858	1.24988694058228	-0.628752076730505	-1.54843351411786	-0.196801461118485	-0.102321951413076	1.43339091614629	-0.034779341166912	-0.880329448694302	-1.37435748062551	-0.290647832740709	-0.290647832740709	-0.290647832740709	-0.290647832740709	-0.290647832740709	-0.290647832740709	-0.290647832740709	-0.290647832740709	-0.290647832740709	-0.290647832740709	-0.290647832740709	-0.602556681723981	-0.602556681723981	-0.602556681723981	-0.602556681723981	-0.602556681723981	-0.602556681723981	-0.602556681723981	-0.602556681723981	-0.602556681723981	-0.602556681723981	-0.602556681723981	-0.557030260385537	0.310270465433104	-0.056767874635147	-0.242986040349157	-0.0344302821514885	-1.43853495568536	-0.551054859276312	-0.730014975261998	0.273448594880285	-0.0478106734911596	-0.805590232201765	-0.704334816732176	-1.55737481153134
-0.231723008129472	0.580083286945155	0.632373695875678	0.765214970372224	0.0689526540754096	-0.945757796407435	-1.49241019789532	-1.9093429718016	-1.65923888450185	-1.34901845644498	-0.638200639201317	-0.520386740539611	-0.752994192242722	-1.25506270162459	-0.847026202567166	-0.604843556076895	-0.749466092493894	-1.61812611021018	-1.44072081398671	-1.2745259747104	-1.56503144537994	-1.36996439408565	-0.66437740452389	-0.66437740452389	-0.66437740452389	-0.66437740452389	-0.66437740452389	-0.66437740452389	-0.66437740452389	-0.66437740452389	-0.66437740452389	-0.66437740452389	-0.66437740452389	-0.199109417225468	-0.199109417225468	-0.199109417225468	-0.199109417225468	-0.199109417225468	-0.199109417225468	-0.199109417225468	-0.199109417225468	-0.199109417225468	-0.199109417225468	-0.199109417225468	-2.25201708003698	-2.23742114904819	-2.49196717144917	-1.29706491470453	-1.06937330764132	-2.08488333561665	-1.83700905565725	-1.27722085408809	-2.40825526093302	-0.235767250595659	0.267309740020207	-0.136703104097529	-0.136703104097529	-0.136703104097529	-0.136703104097529	-0.136703104097529	-0.136703104097529	-0.136703104097529	-0.136703104097529	-0.136703104097529	-0.136703104097529	-0.136703104097529	0.189110659787513	0.189110659787513	0.189110659787513	0.189110659787513	0.189110659787513	0.189110659787513	0.189110659787513	0.189110659787513	0.189110659787513	0.189110659787513	0.189110659787513	0.225637067418618	-1.02603752351173	-0.766812876631372	-0.720290502836969	0.92329303028748	0.199893136130659	-0.298981767786049	-0.284338963883314	-0.226717959397513	0.884217373557024	-0.383840051912423	-0.744442102721383	-0.70210016396016
0.0118953984369398	-1.10892003774378	-0.624345290003761	-1.21229698480344	-1.34422271496097	-1.00723346226987	-0.276776937486075	-0.16897385725407	-0.857163431553724	0.146673099300155	-0.0178567247713026	-0.758845227994988	-1.14435478153354	-0.822953090699616	-1.43898964110254	-1.46973455543481	-0.605215030929054	-0.133773213626078	-1.35020067049984	-1.18438217123441	-0.699090760894113	-0.874108428492832	0.758953726292788	0.758953726292788	0.758953726292788	0.758953726292788	0.758953726292788	0.758953726292788	0.758953726292788	0.758953726292788	0.758953726292788	0.758953726292788	0.758953726292788	-1.47852149567351	-1.47852149567351	-1.47852149567351	-1.47852149567351	-1.47852149567351	-1.47852149567351	-1.47852149567351	-1.47852149567351	-1.47852149567351	-1.47852149567351	-1.47852149567351	0.986077404148248	0.530098791677106	1.14380571462311	0.861890207769018	-0.367509308327548	0.919523967934776	0.385204482009689	1.68077534057921	0.737018225586263	-0.504975858583471	-1.1852061846323	-1.50282411581803	-1.50282411581803	-1.50282411581803	-1.50282411581803	-1.50282411581803	-1.50282411581803	-1.50282411581803	-1.50282411581803	-1.50282411581803	-1.50282411581803	-1.50282411581803	0.174955616676701	0.174955616676701	0.174955616676701	0.174955616676701	0.174955616676701	0.174955616676701	0.174955616676701	0.174955616676701	0.174955616676701	0.174955616676701	0.174955616676701	-0.683074854397193	-0.0315102360469625	-2.00096453507358	-1.25342128165068	-0.584392177109693	0.418727992999804	-0.552611582760531	0.932498703701626	-0.119303493538232	-0.0860950081389086	-1.28564394983018	0.00814503628905601	-0.102930567000069
-0.613644774684722	0.375024225269769	-0.709994470348566	-0.686404580786342	0.833972141928955	-0.341537631251088	1.42332025298849	1.43696015095095	1.39413522951698	1.2426118828092	0.775723526172687	-0.724803953152219	-1.37088109965165	-1.01739592406514	-1.45122920926787	-1.28099650032547	-0.550642021285397	-1.06401500360967	-0.87187043769635	-0.432418236600439	-0.776356210022959	-0.653372888668651	-0.419644880089247	-0.419644880089247	-0.419644880089247	-0.419644880089247	-0.419644880089247	-0.419644880089247	-0.419644880089247	-0.419644880089247	-0.419644880089247	-0.419644880089247	-0.419644880089247	-1.6267968430517	-1.6267968430517	-1.6267968430517	-1.6267968430517	-1.6267968430517	-1.6267968430517	-1.6267968430517	-1.6267968430517	-1.6267968430517	-1.6267968430517	-1.6267968430517	-1.76681850040052	-0.963269999009388	-1.48964992505817	-1.34976893800733	-0.300323456772518	-2.27823017911137	-1.1610778581696	-1.85961579864144	-0.729339227109208	0.502657527367983	1.59438698060532	0.455648837450265	0.455648837450265	0.455648837450265	0.455648837450265	0.455648837450265	0.455648837450265	0.455648837450265	0.455648837450265	0.455648837450265	0.455648837450265	0.455648837450265	-0.715402362644879	-0.715402362644879	-0.715402362644879	-0.715402362644879	-0.715402362644879	-0.715402362644879	-0.715402362644879	-0.715402362644879	-0.715402362644879	-0.715402362644879	-0.715402362644879	0.417581046429063	0.870272023386045	0.247666522337752	-0.0647136480489793	-0.834434517861999	-0.574400848099056	1.21165490224676	-0.902910321876501	-0.355242782752683	-0.654419138895424	0.359188517836408	0.937464839052099	-0.717009118634076
0.503241986941864	-0.350149142664194	-0.0340697114845021	0.0265441890541928	-0.964709204646511	-0.321208749952072	-0.867820555279547	-0.0717764358587705	0.00319608402764023	-0.272142099512865	0.782359542573847	1.04551421103788	0.924454170699479	0.742181309321559	1.06009242645647	0.908274529915115	0.502589378595496	0.61991139717006	0.633184747381518	1.3061906339439	0.728403394093086	0.789251558868595	-1.35059060303318	-1.35059060303318	-1.35059060303318	-1.35059060303318	-1.35059060303318	-1.35059060303318	-1.35059060303318	-1.35059060303318	-1.35059060303318	-1.35059060303318	-1.35059060303318	0.977450869391222	0.977450869391222	0.977450869391222	0.977450869391222	0.977450869391222	0.977450869391222	0.977450869391222	0.977450869391222	0.977450869391222	0.977450869391222	0.977450869391222	-0.716586256779298	-0.778297768293249	-0.859301397372714	-1.06777563054774	0.179347153061627	-2.05170567486465	-1.03839900656189	-0.891651684523291	-1.12863982442604	0.473237611721884	0.492723187487871	-0.599907458911205	-0.599907458911205	-0.599907458911205	-0.599907458911205	-0.599907458911205	-0.599907458911205	-0.599907458911205	-0.599907458911205	-0.599907458911205	-0.599907458911205	-0.599907458911205	-0.265176781213079	-0.265176781213079	-0.265176781213079	-0.265176781213079	-0.265176781213079	-0.265176781213079	-0.265176781213079	-0.265176781213079	-0.265176781213079	-0.265176781213079	-0.265176781213079	-1.94818070715928	0.887576495344348	0.385343864618815	0.730986516351505	-0.257408672538779	0.0210328162032497	-0.53113248184316	1.01145137975991	-1.11735113343472	-0.474233591102384	0.8549193584091	-0.747733929663636	-0.370544125925327
-2.40202030858781	-1.80342989099658	-2.10180494402137	-1.96481816570345	-1.04256485297482	-0.488692466122864	0.379400765009029	-0.0769847732722699	0.0831995491829143	-0.462651322363017	-2.2434660281171	1.18470623513206	1.67829367278324	1.63419971872534	1.78728802144928	1.18569241172272	1.20898312500888	1.37412674253585	1.29980521943461	1.85135770905304	2.12506172760238	1.49642353068228	-0.869071724430719	-0.869071724430719	-0.869071724430719	-0.869071724430719	-0.869071724430719	-0.869071724430719	-0.869071724430719	-0.869071724430719	-0.869071724430719	-0.869071724430719	-0.869071724430719	0.34781118058456	0.34781118058456	0.34781118058456	0.34781118058456	0.34781118058456	0.34781118058456	0.34781118058456	0.34781118058456	0.34781118058456	0.34781118058456	0.34781118058456	-0.597863224153714	-0.076043092742399	-0.249312708718769	-0.21963759728048	-0.219459307018557	-0.216309435927235	-0.396832921092782	0.0295211710181555	-0.443968907300789	-0.26909904423658	-0.100296224824609	-0.0336456982174223	-0.0336456982174223	-0.0336456982174223	-0.0336456982174223	-0.0336456982174223	-0.0336456982174223	-0.0336456982174222	-0.0336456982174223	-0.0336456982174223	-0.0336456982174222	-0.0336456982174223	1.09987523693132	1.09987523693132	1.09987523693132	1.09987523693132	1.09987523693132	1.09987523693132	1.09987523693132	1.09987523693132	1.09987523693132	1.09987523693132	1.09987523693132	1.28667765245032	-0.246685885355167	-2.0651710519233	-2.69857091487239	-1.2632594766875	-0.680655300537267	-0.254695012400013	0.715621862198698	-0.0398980156992772	-2.13712045036426	-1.26036429963635	1.20274321417493	-1.12356635809801
-1.40446634268393	-1.3759487607831	-1.48320421531136	-1.03213776719204	-1.47984691684477	-0.821247854462476	-0.894173446665266	-0.436849734656119	0.113266692166499	-1.67215473038606	-1.03673746362807	-0.469702386538538	-0.577646546653437	-0.694333732153933	-0.567661040422043	-0.101706926740841	-1.10876833471987	-0.758248752512655	-0.339551997709226	-1.10291684346704	-0.729612443991374	-0.854191546202859	1.09016135472549	1.09016135472549	1.09016135472549	1.09016135472549	1.09016135472549	1.09016135472549	1.09016135472549	1.09016135472549	1.09016135472549	1.09016135472549	1.09016135472549	0.0345940401501829	0.0345940401501829	0.0345940401501829	0.0345940401501829	0.0345940401501829	0.0345940401501829	0.0345940401501829	0.0345940401501829	0.0345940401501829	0.0345940401501829	0.0345940401501829	0.588755441539675	1.11157877002088	0.358329224625976	0.236509071744676	0.322021615541986	1.07215420107219	0.655121643103771	0.204655730243029	0.684330270350982	-0.0646282395772611	0.00425333844602316	-1.24545693775403	-1.24545693775403	-1.24545693775403	-1.24545693775403	-1.24545693775403	-1.24545693775403	-1.24545693775403	-1.24545693775403	-1.24545693775403	-1.24545693775403	-1.24545693775403	-0.366590226738506	-0.366590226738506	-0.366590226738506	-0.366590226738506	-0.366590226738506	-0.366590226738506	-0.366590226738506	-0.366590226738506	-0.366590226738506	-0.366590226738506	-0.366590226738506	-0.154288088700663	1.84643648808395	-0.360595962608259	1.42092684995559	0.832402447325036	1.54159734637986	0.448990823429524	1.38614568447691	0.679315634345102	1.83669479021243	2.50578629306685	-0.0241899802147548	1.26190432141271
0.100818851209075	-0.26752714675988	0.0592668559008696	-0.032444978174528	-0.18872501857219	-0.669467408857031	-0.157555642759194	0.255799133630106	0.135325234748965	-0.663978423867828	-0.259355553300131	-0.381191442402192	0.493838362211413	0.693782353215726	1.23870774711168	0.797068580303844	0.948186023844456	0.547624904513693	0.362421331626112	-0.782288836736597	0.903965836397767	0.384583486568945	-2.24279227785263	-2.24279227785263	-2.24279227785263	-2.24279227785263	-2.24279227785263	-2.24279227785263	-2.24279227785263	-2.24279227785263	-2.24279227785263	-2.24279227785263	-2.24279227785263	0.641541443850547	0.641541443850547	0.641541443850547	0.641541443850547	0.641541443850547	0.641541443850547	0.641541443850547	0.641541443850547	0.641541443850547	0.641541443850547	0.641541443850547	0.757182715283935	1.09806672125628	0.692333822480297	1.89937279678023	0.826858866296119	1.77867205337185	1.25957546232986	0.335079439916617	1.40601967440988	0.248639212906687	1.29136432358018	-0.12318636645037	-0.12318636645037	-0.12318636645037	-0.12318636645037	-0.12318636645037	-0.12318636645037	-0.12318636645037	-0.12318636645037	-0.12318636645037	-0.12318636645037	-0.12318636645037	-0.49966515688719	-0.49966515688719	-0.49966515688719	-0.49966515688719	-0.49966515688719	-0.49966515688719	-0.49966515688719	-0.49966515688719	-0.49966515688719	-0.49966515688719	-0.49966515688719	0.626785068577418	0.0121715780101363	0.705555631710769	1.0137035686674	-0.14364898586072	1.19844639118143	0.70830630304365	0.165077865204871	-0.0644390926902574	-0.111524621311111	0.763399827044778	0.333576270772311	0.402162857242914
-1.12630659442434	-0.219881442910867	-1.1038456378085	-0.741349138564944	0.120565268962155	0.0205716519967245	1.07985299216899	-0.74838404257878	-0.287015212792227	0.304132013166721	-0.892795925679959	-0.766746162124879	-0.387885972767266	-0.472678133061001	-0.809678716405112	-0.442517947393461	-0.676212798553428	-0.239673833910686	-0.401901591888144	-0.686781104867644	-0.161108228379309	-0.284540248052303	-1.94595148872452	-1.94595148872452	-1.94595148872452	-1.94595148872452	-1.94595148872452	-1.94595148872452	-1.94595148872452	-1.94595148872452	-1.94595148872452	-1.94595148872452	-1.94595148872452	-0.734212576813386	-0.734212576813386	-0.734212576813386	-0.734212576813386	-0.734212576813386	-0.734212576813386	-0.734212576813386	-0.734212576813386	-0.734212576813386	-0.734212576813386	-0.734212576813386	-1.26193704035249	1.11992013846705	-1.10432203570685	0.184913959444626	1.24786421436154	0.613761355961581	1.05359271845577	0.695968706922203	0.74564199856717	0.999986292561023	1.49536546243133	-0.0398809893228146	-0.0398809893228146	-0.0398809893228146	-0.0398809893228146	-0.0398809893228146	-0.0398809893228146	-0.0398809893228145	-0.0398809893228146	-0.0398809893228146	-0.0398809893228145	-0.0398809893228146	-0.581753062352538	-0.581753062352538	-0.581753062352538	-0.581753062352538	-0.581753062352538	-0.581753062352538	-0.581753062352538	-0.581753062352538	-0.581753062352538	-0.581753062352538	-0.581753062352538	0.534030348946465	1.17086044329574	0.420419463655801	1.38407657506094	0.192604511037368	0.927468272870724	0.874669593862228	0.10676925157319	3.15345038240516	1.00292560685339	1.07209204195771	0.772543884744418	1.89927525603845
0.404075062222312	1.13904848846942	1.02285656324848	1.04034038615638	0.612552397521258	1.02766326631228	0.0273175176077053	0.150494950464021	0.166548697702199	1.28740248720309	0.0789194757824429	-0.630476439863961	-0.315755454948784	-0.742592625701179	-0.565766894205831	-0.432045972557021	-0.246337828494839	-0.811323010065533	-1.4346331204477	-0.7470781018962	-0.378244181381621	-1.0047693995865	0.741876795098602	0.741876795098602	0.741876795098602	0.741876795098601	0.741876795098602	0.741876795098601	0.741876795098601	0.741876795098601	0.741876795098602	0.741876795098602	0.741876795098602	0.90447918795966	0.90447918795966	0.90447918795966	0.90447918795966	0.90447918795966	0.90447918795966	0.90447918795966	0.90447918795966	0.90447918795966	0.90447918795966	0.90447918795966	0.302703811699136	-1.86023055490361	-0.0106896906422684	-0.0155938636253929	-0.688451029226074	-0.844770889200853	-0.267197132414559	-0.136279781217275	-1.65854106330059	-0.25508591575541	-0.816987477619169	-1.06058256473979	-1.06058256473979	-1.06058256473979	-1.06058256473979	-1.06058256473979	-1.06058256473979	-1.06058256473978	-1.06058256473979	-1.06058256473979	-1.06058256473979	-1.06058256473979	-0.316894404188124	-0.316894404188124	-0.316894404188124	-0.316894404188124	-0.316894404188124	-0.316894404188124	-0.316894404188124	-0.316894404188124	-0.316894404188124	-0.316894404188124	-0.316894404188124	-0.263182798713444	1.16322096546227	-0.163680794660606	1.19684522724123	-0.140299342374606	1.14031704731206	-0.10335933963951	1.20802416057766	0.536417431861066	0.33952657447964	-0.0635704824922002	1.27846891625229	0.695342825280501
1.84627739408714	1.82469476343672	2.16534971973449	1.85799343310772	1.74771665956679	1.27321402232354	0.427717821312348	1.27765459422971	0.858773224804623	0.915986072310025	1.26726777411727	-1.24893515992153	-1.25911634670417	-0.639553315869725	-0.52174560931816	-1.29876897065077	0.21378304298478	-0.701863995299473	-0.520808917245729	-0.245832725326465	-0.634834418253838	-0.354406889754913	-1.78670491394415	-1.78670491394415	-1.78670491394415	-1.78670491394415	-1.78670491394415	-1.78670491394415	-1.78670491394415	-1.78670491394415	-1.78670491394415	-1.78670491394415	-1.78670491394415	-1.14000453099277	-1.14000453099277	-1.14000453099277	-1.14000453099277	-1.14000453099277	-1.14000453099277	-1.14000453099277	-1.14000453099277	-1.14000453099277	-1.14000453099277	-1.14000453099277	0.663940791042771	-0.80041061110733	0.323532864801455	0.486129912518495	-0.894449731556553	-0.50639918105114	0.537305688764199	-1.5104768509931	-0.346685903989282	-0.305217689957894	1.16978609532158	-0.117724578402123	-0.117724578402123	-0.117724578402123	-0.117724578402123	-0.117724578402123	-0.117724578402123	-0.117724578402123	-0.117724578402123	-0.117724578402123	-0.117724578402123	-0.117724578402123	-0.922933526739023	-0.922933526739023	-0.922933526739023	-0.922933526739023	-0.922933526739023	-0.922933526739023	-0.922933526739023	-0.922933526739023	-0.922933526739023	-0.922933526739023	-0.922933526739023	-0.124241583817638	1.33563598757068	-0.840531612343833	0.26783182142622	-1.0660006947819	1.47996588112458	1.1985456965303	0.957577155940291	0.962162614944366	-0.509457629892396	-0.235180249736811	0.877312607024297	0.0545372312520655
-0.712273907639285	-0.211811772044563	0.19260705522811	0.185372097367374	0.0908415793261037	-0.000363594317178665	-1.80109107778848	-2.22993058042413	-2.13108783421188	-1.88654630465266	-0.983052193507759	-0.487614923654527	-0.314295409042936	-0.2819211993879	-0.130192190633852	-0.0484115245417462	-0.0118500114517851	-0.464923723173751	-0.59551448042394	-0.942384792255387	0.124842107829225	-0.869031603579887	-0.644477544662206	-0.644477544662206	-0.644477544662206	-0.644477544662206	-0.644477544662206	-0.644477544662206	-0.644477544662206	-0.644477544662206	-0.644477544662206	-0.644477544662207	-0.644477544662206	1.10701847298802	1.10701847298802	1.10701847298802	1.10701847298802	1.10701847298802	1.10701847298802	1.10701847298802	1.10701847298802	1.10701847298802	1.10701847298802	1.10701847298802	-1.3039386717007	1.45579477408199	-0.126752944625647	-0.419139704378579	-0.870422596302969	0.206755550201133	0.734130850611064	0.794016625832156	1.42274776409579	-1.30817803159895	0.135262535404024	0.620152914645976	0.620152914645976	0.620152914645976	0.620152914645976	0.620152914645976	0.620152914645976	0.620152914645976	0.620152914645976	0.620152914645976	0.620152914645976	0.620152914645976	-0.215177300715769	-0.215177300715769	-0.215177300715769	-0.215177300715769	-0.215177300715769	-0.215177300715769	-0.215177300715769	-0.215177300715769	-0.215177300715769	-0.215177300715769	-0.215177300715769	-0.60264449920071	-1.09419322159148	0.241323793211775	0.66635193786735	-1.45012934724133	-0.0436062760948264	-1.82777760645226	0.180466409095779	1.64313421112361	-0.616953963358185	-1.26744050458391	-0.0995183358434796	0.581056848200036
0.0552128445661041	-0.784163930099776	-0.255077546429941	-0.606994474137117	-0.671321379832738	-1.40449816787456	-0.428244562375525	-0.0754390833821429	-0.488282431026451	-0.708411183533873	-0.325264494567322	-0.137389040058178	-0.682372847340705	-0.259210073579642	-0.509344642273973	-0.345195993112399	0.27107513908336	-0.633997874495076	-0.510022042394439	-0.657725143812969	-0.116286839679108	-0.427162479872414	0.0655200177316531	0.0655200177316531	0.0655200177316531	0.0655200177316531	0.0655200177316531	0.0655200177316531	0.0655200177316531	0.0655200177316531	0.0655200177316531	0.0655200177316531	0.0655200177316531	0.771781749328905	0.771781749328905	0.771781749328905	0.771781749328905	0.771781749328905	0.771781749328905	0.771781749328905	0.771781749328905	0.771781749328905	0.771781749328904	0.771781749328905	-0.21066490137239	1.54347832774804	0.949706520140372	0.353759690878356	-0.409653390817985	0.479870551100179	1.77269089635875	0.578415933072659	2.13803667317439	-0.612863323909614	0.874524561704088	0.285492952038738	0.285492952038738	0.285492952038738	0.285492952038738	0.285492952038738	0.285492952038738	0.285492952038738	0.285492952038738	0.285492952038738	0.285492952038738	0.285492952038738	0.631228254617676	0.631228254617676	0.631228254617676	0.631228254617676	0.631228254617676	0.631228254617676	0.631228254617676	0.631228254617676	0.631228254617676	0.631228254617676	0.631228254617676	1.39481034261975	1.08484116137856	-1.16639556696647	-0.226920287608127	1.06536799875885	1.80980735435984	1.58315418119679	1.04077620875701	1.15218634486274	1.14299253965756	-0.585619008878703	2.72786905419901	1.4149120268672
-1.24898390734064	-2.00831587439107	-1.59096298359132	-1.98114936563668	-1.20373803207245	-0.997716964847466	0.217031391454195	-1.20223921743072	-1.60969176666862	-0.30880429380015	-1.67273059778025	-0.990196345734645	-0.197310090550872	-0.0197131988109853	-0.0907627397953732	-0.333814135659066	0.492351896890671	-0.227544275672596	-0.260942060463519	-1.04182654427829	0.187783091984956	0.110668452172757	1.48853037764073	1.48853037764073	1.48853037764073	1.48853037764073	1.48853037764073	1.48853037764073	1.48853037764073	1.48853037764073	1.48853037764073	1.48853037764073	1.48853037764073	-0.582974189721254	-0.582974189721254	-0.582974189721254	-0.582974189721254	-0.582974189721254	-0.582974189721254	-0.582974189721254	-0.582974189721254	-0.582974189721254	-0.582974189721254	-0.582974189721254	-0.0285954121824218	-0.446519161203575	0.59500493108851	-0.00444977065549975	-1.06610357589136	-0.976756599946492	-0.619630498630101	0.270226887518522	-0.820325348679851	-0.0398075316657514	0.168980291370902	1.43439365446395	1.43439365446395	1.43439365446395	1.43439365446395	1.43439365446395	1.43439365446395	1.43439365446395	1.43439365446395	1.43439365446395	1.43439365446395	1.43439365446395	1.00115826329959	1.00115826329959	1.00115826329959	1.00115826329959	1.00115826329959	1.00115826329959	1.00115826329959	1.00115826329959	1.00115826329959	1.00115826329959	1.00115826329959	1.04243540906452	0.414777271687461	-0.815183099422896	0.316954874319467	-0.710930319828951	0.288004463719083	0.318436239753346	-0.724296628911825	0.735318478947503	-0.0312014271503825	0.460864258584933	0.00192605279156042	-0.400542051473505
1.86078662259395	1.19234363116213	2.44662539172345	2.08456251314317	0.840307210769632	0.276290354305325	-2.52914742489091	-0.7295914939996	-1.1161693303994	-1.21216969512933	1.43380675746193	0.89894009818502	1.02195516876877	0.488312133351999	0.472228261540971	0.977908078463967	-0.937218393990503	0.782811483965731	1.10497951005273	0.262215609806159	0.327903790467116	0.00730483194078959	1.42868423119112	1.42868423119112	1.42868423119112	1.42868423119112	1.42868423119112	1.42868423119112	1.42868423119112	1.42868423119112	1.42868423119112	1.42868423119112	1.42868423119112	0.985264264030485	0.985264264030485	0.985264264030485	0.985264264030485	0.985264264030485	0.985264264030485	0.985264264030485	0.985264264030485	0.985264264030485	0.985264264030485	0.985264264030485	1.06331767122141	1.47532838727236	2.33398463167788	1.23337659913384	0.348374959353354	1.32737765552425	1.24836191091141	2.64537425511505	1.31909667400068	0.380089477498333	-0.445599706746118	0.493174061260314	0.493174061260314	0.493174061260314	0.493174061260314	0.493174061260314	0.493174061260314	0.493174061260314	0.493174061260314	0.493174061260314	0.493174061260314	0.493174061260314	-0.747332385706175	-0.747332385706175	-0.747332385706175	-0.747332385706175	-0.747332385706175	-0.747332385706175	-0.747332385706175	-0.747332385706175	-0.747332385706175	-0.747332385706174	-0.747332385706175	0.437627210400261	1.07479448419123	1.40567006052375	1.20131042510557	-0.0784635860674495	-0.349260356601941	0.358309493654514	0.0344009097492306	-0.220302171234287	-0.4229682312035	0.385467941168636	0.592446666375121	0.433610898524777
-0.282974012056855	-0.0855563797384014	-0.410387212254748	-0.0413708121099737	0.276034185321556	-0.527956586826035	0.0705775371305846	-0.0515674911234563	0.385870154258152	-0.836620021957797	-0.027633841890602	0.721579665960822	0.439962516192612	0.823624442098116	0.817786238110513	0.346177792831664	0.613193797332449	0.151620699154138	1.02109883425685	1.63309708167048	1.18392176213211	1.33839474093408	-0.94854226004022	-0.94854226004022	-0.94854226004022	-0.94854226004022	-0.94854226004022	-0.94854226004022	-0.94854226004022	-0.94854226004022	-0.94854226004022	-0.94854226004022	-0.94854226004022	0.0252629565408979	0.0252629565408979	0.0252629565408979	0.0252629565408979	0.0252629565408979	0.0252629565408979	0.0252629565408979	0.0252629565408979	0.0252629565408979	0.0252629565408978	0.0252629565408979	-0.036177835537277	-1.11976855421165	-0.905900542155066	1.13370134601063	-0.700107198754184	0.739597868434092	-0.337712669222627	-0.966406479868729	0.273757651777173	-0.86065219666242	0.219793306333889	0.501290781420518	0.501290781420518	0.501290781420518	0.501290781420518	0.501290781420518	0.501290781420518	0.501290781420518	0.501290781420518	0.501290781420518	0.501290781420518	0.501290781420518	0.171041346077807	0.171041346077807	0.171041346077807	0.171041346077807	0.171041346077807	0.171041346077807	0.171041346077807	0.171041346077807	0.171041346077807	0.171041346077807	0.171041346077807	-1.11155258099305	-1.05088716400787	0.257843317530996	0.300577316963748	-1.70472321928268	0.213262933915268	-1.11531786162	0.266276974983925	0.31330028656866	-0.944430861395749	-0.517157736801821	-1.15883823881873	-0.351606092232398
0.602749573454163	0.35943841875159	0.663443903864179	0.314454606531693	-0.555716759236939	-0.332734248630565	-0.817170615142744	-0.225297245788287	-0.62515351682755	-0.0141132757544437	0.443578037478045	0.0716079536466252	0.482197215522343	0.240443961587173	0.501335453015808	-0.0798530102977768	0.575279614695432	0.0356418501342642	-0.13785388482535	1.19389610791744	-0.195003741438565	0.878572872970105	1.11146529937463	1.11146529937463	1.11146529937463	1.11146529937463	1.11146529937463	1.11146529937463	1.11146529937463	1.11146529937463	1.11146529937463	1.11146529937463	1.11146529937463	2.07500664369383	2.07500664369383	2.07500664369383	2.07500664369383	2.07500664369383	2.07500664369383	2.07500664369383	2.07500664369383	2.07500664369383	2.07500664369383	2.07500664369383	-1.00733782014746	1.98542074971237	0.71039222678286	-1.02360088901076	0.443786032517993	0.345848031174739	0.836375562067565	1.00783307241547	2.17998849801372	-0.0216831001319651	-0.178316193388233	0.856300569847136	0.856300569847136	0.856300569847136	0.856300569847136	0.856300569847136	0.856300569847136	0.856300569847136	0.856300569847136	0.856300569847136	0.856300569847136	0.856300569847136	-0.429401064436907	-0.429401064436907	-0.429401064436907	-0.429401064436907	-0.429401064436907	-0.429401064436907	-0.429401064436907	-0.429401064436907	-0.429401064436907	-0.429401064436907	-0.429401064436907	-0.546637660482	1.24633008475635	0.660411198005817	1.25090997689797	-1.06571443995616	0.221573799303737	1.07168042626756	-0.598668986907371	0.170013202949646	-0.276268414281705	0.615930072062752	0.00156977354185708	0.0867935595170295
-0.930019148593877	-1.44490688219654	-1.50113330425083	-1.95926913434387	-1.44831611150413	-0.686997745579137	0.386498590329674	1.30911399761003	0.701213995520292	1.28519999299144	-0.0105054597135259	-0.757199818329956	-0.990503761497394	-0.990790992372921	-1.15850185640476	-1.01311807472876	-0.665699666399272	-0.540318590875912	-0.932716806234758	-0.982160295759031	-1.16833040658622	-0.815911895954984	1.19575551743468	1.19575551743468	1.19575551743468	1.19575551743468	1.19575551743468	1.19575551743468	1.19575551743468	1.19575551743468	1.19575551743468	1.19575551743468	1.19575551743468	0.35730405417166	0.35730405417166	0.35730405417166	0.35730405417166	0.35730405417166	0.35730405417166	0.35730405417166	0.35730405417166	0.35730405417166	0.35730405417166	0.35730405417166	0.942833712842529	0.961883262051978	0.9610975023695	0.907525761484554	0.305057465924495	1.56017759875982	1.18554947521308	0.926661921128742	0.857528287391547	-0.453396435547458	-0.469927560367342	-1.10924082673501	-1.10924082673501	-1.10924082673501	-1.10924082673501	-1.10924082673501	-1.10924082673501	-1.10924082673501	-1.10924082673501	-1.10924082673501	-1.10924082673501	-1.10924082673501	-0.374237068687242	-0.374237068687242	-0.374237068687242	-0.374237068687242	-0.374237068687242	-0.374237068687242	-0.374237068687242	-0.374237068687242	-0.374237068687242	-0.374237068687242	-0.374237068687242	-2.21751904619554	0.267119528956525	1.28608464144493	2.12508419228492	-0.421419157793756	-0.920798203525707	-1.94497664218272	-0.339960543893962	0.246683613062675	0.422538983407256	1.15396751986672	-1.69428979844456	0.802506194402987
0.0224671197157248	-0.872056499814127	-0.702965825284361	-0.327851470362295	-0.458019765323134	0.581495970593747	1.29702950375432	0.388829177187236	0.811613270828016	0.0956644268057344	-0.901691293693146	0.323908251348617	-0.0853212926918187	0.0215245093998819	0.103684223387416	0.0769153025484335	-0.258462825108928	-0.232471347047598	-0.149456922481111	0.268795009890266	0.475291714914418	-0.528235678126659	0.375423198272366	0.375423198272366	0.375423198272366	0.375423198272366	0.375423198272366	0.375423198272366	0.375423198272366	0.375423198272366	0.375423198272366	0.375423198272366	0.375423198272366	0.926042902984805	0.926042902984805	0.926042902984805	0.926042902984805	0.926042902984805	0.926042902984805	0.926042902984805	0.926042902984805	0.926042902984805	0.926042902984804	0.926042902984805	0.801151390272416	-0.0440194668299305	1.34690910082135	1.02094570581205	-0.406391279684716	-0.935317279470287	0.0777105652613546	0.276209043072136	0.695372330930401	0.788172516842102	1.46180628343131	-1.34266120254509	-1.34266120254509	-1.34266120254509	-1.34266120254509	-1.34266120254509	-1.34266120254509	-1.34266120254509	-1.34266120254509	-1.34266120254509	-1.34266120254509	-1.34266120254509	1.35071686937464	1.35071686937464	1.35071686937464	1.35071686937464	1.35071686937464	1.35071686937464	1.35071686937464	1.35071686937464	1.35071686937464	1.35071686937464	1.35071686937464	0.303899368369528	-0.154148287588234	1.04505918878154	0.832897608196881	-0.644898311062067	2.16127546600911	0.495989936823149	2.12108858915098	-0.254275036395185	-0.15733909057431	0.598355988500645	0.917393524235113	0.881260352907623
0.358549788196323	0.07181723200481	0.220072491954037	0.558922926723797	0.485386155506182	1.26167739981806	0.104702941968903	0.0817273237431818	0.478741126552167	-0.569024431159666	0.00969164730374417	0.12902949783043	-0.505120801074693	-0.0249929402415959	-0.324039961325632	-0.554845064601666	-0.268001737980293	0.176301286430457	0.0431408848658392	0.328838296962875	0.204732018442164	-0.238497225373872	-0.270822051490227	-0.270822051490227	-0.270822051490227	-0.270822051490227	-0.270822051490227	-0.270822051490227	-0.270822051490227	-0.270822051490227	-0.270822051490227	-0.270822051490227	-0.270822051490227	0.578910245197638	0.578910245197638	0.578910245197638	0.578910245197638	0.578910245197638	0.578910245197638	0.578910245197638	0.578910245197638	0.578910245197638	0.578910245197638	0.578910245197638	1.2740885923603	1.08379016499221	0.671886950237255	2.10600445800935	1.53666957610962	1.68884948033777	1.49289027923628	0.653653266236485	0.834396566245215	1.50148651606499	1.87246896459066	-0.941513130973502	-0.941513130973502	-0.941513130973502	-0.941513130973502	-0.941513130973502	-0.941513130973502	-0.941513130973502	-0.941513130973502	-0.941513130973502	-0.941513130973502	-0.941513130973502	-0.272022326291277	-0.272022326291277	-0.272022326291277	-0.272022326291277	-0.272022326291277	-0.272022326291277	-0.272022326291277	-0.272022326291277	-0.272022326291277	-0.272022326291277	-0.272022326291277	0.533344941168515	-0.520849268557599	-0.640629034335137	0.108944088082738	0.477404206278771	1.47675073009585	0.100286046967646	0.578249872400416	1.83582576559291	1.35450903319533	-0.955664541738253	1.07374423125874	1.03360689066306
-0.843944341579643	0.345836394226699	-0.447658350757882	0.19905330665826	0.549511574000908	0.555678789561392	1.13126855045093	-0.962197890486888	-0.153089060363961	-0.56506628880457	-1.19118418792493	-1.13194561186314	-0.109139298350593	-0.143827720415692	0.0294657261359699	-0.565333363199159	0.417422811902644	-0.21380675879384	0.0287044944824121	0.333492144727063	-0.394569643746986	0.684678353912875	0.282528183140363	0.282528183140363	0.282528183140363	0.282528183140363	0.282528183140363	0.282528183140363	0.282528183140363	0.282528183140363	0.282528183140363	0.282528183140364	0.282528183140363	-0.0898660798126797	-0.0898660798126797	-0.0898660798126797	-0.0898660798126797	-0.0898660798126797	-0.0898660798126797	-0.0898660798126797	-0.0898660798126797	-0.0898660798126797	-0.0898660798126797	-0.0898660798126797	-0.649269931436941	-1.02218344438316	-1.04947183002831	-0.875216591836674	-0.747608076794731	-0.0227490603719883	0.965546586703719	-0.360966316419102	-0.262805689356938	-1.43989752791396	-1.38183892807478	-0.199865729887189	-0.199865729887189	-0.199865729887189	-0.199865729887189	-0.199865729887189	-0.199865729887189	-0.199865729887189	-0.199865729887189	-0.199865729887189	-0.199865729887189	-0.199865729887189	2.52453182023077	2.52453182023077	2.52453182023077	2.52453182023077	2.52453182023077	2.52453182023077	2.52453182023077	2.52453182023077	2.52453182023077	2.52453182023077	2.52453182023077	1.23996470656023	-0.479526135411622	-1.43720176282024	-1.05204794922389	1.10105809564278	1.21185540088271	-0.338385278059803	1.55549794429199	0.0999805531272042	0.976480862812068	-1.08993523746267	0.948371795032534	-0.308643309174895
1.69032891584177	1.6386446838682	1.76028205446386	1.40588982247127	1.35062982235608	0.963370867527926	0.346615379510396	1.46052860364171	0.976271325906826	1.21834109171107	1.79618039215252	-0.83559589743478	-0.0504130938632146	-0.116283070971017	0.0516515787819606	-0.573014106163547	-0.373302184602239	0.127213572708956	-0.389451648979597	-0.032034651054256	-0.543648173064874	-0.236919562316633	-0.449617004108472	-0.449617004108472	-0.449617004108472	-0.449617004108472	-0.449617004108472	-0.449617004108472	-0.449617004108472	-0.449617004108472	-0.449617004108472	-0.449617004108472	-0.449617004108472	0.313630636276003	0.313630636276003	0.313630636276003	0.313630636276003	0.313630636276003	0.313630636276003	0.313630636276003	0.313630636276003	0.313630636276003	0.313630636276003	0.313630636276003	-0.509632898614243	-0.366070654435745	-0.44200265238721	-0.347637243293095	-0.510712410121217	0.232862652958326	0.352893686507218	0.34673641601706	-0.330717696742308	-0.759482836964847	-0.857894990266845	-0.0579626703409417	-0.0579626703409417	-0.0579626703409417	-0.0579626703409417	-0.0579626703409417	-0.0579626703409417	-0.0579626703409416	-0.0579626703409417	-0.0579626703409417	-0.0579626703409416	-0.0579626703409417	-0.0706937944982299	-0.0706937944982299	-0.0706937944982299	-0.0706937944982299	-0.0706937944982299	-0.0706937944982299	-0.0706937944982299	-0.0706937944982299	-0.0706937944982299	-0.0706937944982299	-0.0706937944982299	1.51914760179666	0.303757620959287	-1.64894319224861	0.193783369378624	-0.915018795748343	2.32464825541345	0.586721727809521	1.00788387184534	2.61611057499483	0.10563342873562	-0.61340260424648	0.947660616697739	0.583419899997304
0.693623349924853	0.181719899132542	0.398776544479485	-0.00969177594342374	0.30219472190201	-0.165223580873649	0.355506975625812	1.59790091858927	1.03969001946332	0.94356498942444	1.03127850255764	0.444666523949908	0.150256171501797	0.0811667136694552	0.21784434019624	0.0805646337148674	-0.578311694883336	-0.175794612143686	0.449846475503685	1.23695090607028	-0.267173786103467	0.567352595446685	-0.108176534323263	-0.108176534323263	-0.108176534323263	-0.108176534323263	-0.108176534323263	-0.108176534323263	-0.108176534323263	-0.108176534323263	-0.108176534323263	-0.108176534323263	-0.108176534323263	-0.674741483558282	-0.674741483558282	-0.674741483558282	-0.674741483558282	-0.674741483558282	-0.674741483558282	-0.674741483558282	-0.674741483558282	-0.674741483558282	-0.674741483558283	-0.674741483558282	2.05581366865347	1.0093350330181	1.63051004302204	1.03377170314903	0.340473262121208	1.40988999271335	0.35827314702278	0.142788270069105	0.111908219302974	-0.00270449778477257	-0.269992428535304	0.23212134456339	0.23212134456339	0.23212134456339	0.23212134456339	0.23212134456339	0.23212134456339	0.23212134456339	0.23212134456339	0.23212134456339	0.23212134456339	0.23212134456339	0.225022139629258	0.225022139629258	0.225022139629258	0.225022139629258	0.225022139629258	0.225022139629258	0.225022139629258	0.225022139629258	0.225022139629258	0.225022139629258	0.225022139629258	-0.237596714708355	-0.686482996312482	-3.19326567376117	-1.40693485197118	1.82848052245211	-0.37053294110593	-0.843569300352238	-1.48317355691663	0.565174833557414	2.74418473571074	-1.61269318412412	-0.23588364899176	0.559612927993533
0.0200698863103025	-0.471307821910768	0.118497502148192	0.170349406788681	0.450860123470794	1.53479385255465	-0.101087453500163	-0.308255948161644	-0.231910375463881	-0.369021124227849	-0.65553085929983	-0.818674628636305	-0.694427925269383	-0.111330417129976	-0.208394857575714	-1.27819213294804	0.219954874949697	0.0174452413180783	-0.273693678250726	0.629283923864118	-0.0242624431237279	0.422859548976115	-0.00220235667967579	-0.00220235667967579	-0.00220235667967579	-0.00220235667967579	-0.00220235667967579	-0.00220235667967579	-0.00220235667967579	-0.00220235667967579	-0.00220235667967579	-0.00220235667967576	-0.00220235667967579	0.712671546763648	0.712671546763648	0.712671546763648	0.712671546763648	0.712671546763648	0.712671546763648	0.712671546763648	0.712671546763648	0.712671546763648	0.712671546763648	0.712671546763648	1.4360320286686	1.57060840515188	1.24718767702083	1.55668547474672	1.54139130313444	1.17096539154919	1.27623260569261	0.822358316662234	1.44685123084832	1.54358117277297	1.53023225084109	-0.235576502252897	-0.235576502252897	-0.235576502252897	-0.235576502252897	-0.235576502252897	-0.235576502252897	-0.235576502252897	-0.235576502252897	-0.235576502252897	-0.235576502252897	-0.235576502252897	-0.600869902113405	-0.600869902113405	-0.600869902113405	-0.600869902113405	-0.600869902113405	-0.600869902113405	-0.600869902113405	-0.600869902113405	-0.600869902113405	-0.600869902113405	-0.600869902113405	-0.0198524196738847	0.928833737638219	1.06651106475959	2.48260833571378	1.27811963209477	1.90552193842673	-0.323378243970682	1.71663539453037	0.963483778995442	1.99700141082056	1.7242896348121	-0.165030228658507	1.79966206654617
0.471653171967307	-0.273899738871183	0.112803885055053	0.238339914660163	-0.192588177815007	0.525769007427521	-0.0375748485317039	0.671675415180885	0.788091703802767	0.444264707827743	0.431905816965221	-0.0824667915732619	0.32666041781652	0.323931212290594	0.275592223887088	-0.397724700081308	0.558784531432244	0.274138624233255	-0.274240558682424	0.867042033436394	0.343806742828266	1.22510761181822	-0.728207667703251	-0.728207667703251	-0.728207667703251	-0.728207667703251	-0.728207667703251	-0.728207667703251	-0.728207667703251	-0.728207667703251	-0.728207667703251	-0.728207667703251	-0.728207667703251	1.44985919713522	1.44985919713522	1.44985919713522	1.44985919713522	1.44985919713522	1.44985919713522	1.44985919713522	1.44985919713522	1.44985919713522	1.44985919713522	1.44985919713522	0.184639738106416	-0.492230851127001	-0.125559891861859	-0.51162765746936	-0.0370861587646457	-0.87734151203904	-0.0198642578959689	-0.850694544153392	-1.25706912874817	0.0603990624906528	0.260341056948098	-0.464413623915982	-0.464413623915982	-0.464413623915982	-0.464413623915982	-0.464413623915982	-0.464413623915982	-0.464413623915982	-0.464413623915982	-0.464413623915982	-0.464413623915982	-0.464413623915982	-0.162112444109785	-0.162112444109785	-0.162112444109785	-0.162112444109785	-0.162112444109785	-0.162112444109785	-0.162112444109785	-0.162112444109785	-0.162112444109785	-0.162112444109785	-0.162112444109785	-0.728643576792175	-2.40174354927868	-1.08189509590262	-0.553878327034346	0.839269763408869	0.00567935825475708	-1.73991648461017	-0.933392889532454	0.588681581759911	1.13988711344176	-1.92036059040511	-1.13576332738714	0.243992497011255
-0.820794885665032	-1.39014997503343	-0.789730253770615	-0.54691359645392	-2.13571427040776	-1.7939384715428	-1.64968765968617	-0.984806736781268	-0.652710760334239	-2.07212191411383	-1.39236409937478	-1.11722497774439	0.418273607362755	-0.724879207006092	0.139296872832889	-0.0246117891883123	0.676621571202491	-1.24606622021529	-1.81341863780452	-0.947649073005043	-1.01428893586918	-0.420862847788289	0.139719545496801	0.139719545496801	0.139719545496801	0.139719545496801	0.139719545496801	0.139719545496801	0.139719545496801	0.139719545496801	0.139719545496801	0.139719545496801	0.139719545496801	0.87477048147068	0.87477048147068	0.87477048147068	0.87477048147068	0.87477048147068	0.87477048147068	0.87477048147068	0.87477048147068	0.87477048147068	0.874770481470679	0.87477048147068	-0.0164567940604821	-1.1336633023861	-0.617383942759354	1.47770552549434	0.0184044924343794	-0.126895914599499	0.14974344731332	-1.51173121173202	-0.139825099914109	0.497078081305272	2.20396758387771	-0.795324379379108	-0.795324379379108	-0.795324379379108	-0.795324379379108	-0.795324379379108	-0.795324379379108	-0.795324379379107	-0.795324379379108	-0.795324379379108	-0.795324379379108	-0.795324379379108	1.25302160271736	1.25302160271736	1.25302160271736	1.25302160271736	1.25302160271736	1.25302160271736	1.25302160271736	1.25302160271736	1.25302160271736	1.25302160271736	1.25302160271736	-0.951847240117552	0.810650963995294	-0.760965033685802	-0.605468789210345	0.0123591033963543	-0.739988742447162	0.896071625820932	-1.07881470771318	0.0300037565584173	0.0867330292419058	-0.130194676138059	-0.52431320514812	-0.500555477213779
0.649390642460615	1.01348988652114	1.2306770830691	0.811007371024505	1.07919669789222	0.815649481284494	-0.531011665030104	-0.46058400710781	-0.931226195042208	0.399138903243996	0.721435530309325	0.190122528669204	1.07184609659	0.365004506933352	0.659239955024205	1.02713441828159	0.205126345102916	0.19526457760735	0.175185188191701	0.000108759149989376	0.674035014685492	0.283087616122818	0.345220223027601	0.345220223027601	0.345220223027601	0.345220223027601	0.345220223027601	0.345220223027601	0.345220223027601	0.345220223027601	0.345220223027601	0.345220223027601	0.345220223027601	2.25166527794932	2.25166527794932	2.25166527794932	2.25166527794932	2.25166527794932	2.25166527794932	2.25166527794932	2.25166527794932	2.25166527794932	2.25166527794932	2.25166527794932	-0.946149421695807	-1.27631730452508	-0.993438336540266	-0.947296023974537	-0.68705689743295	-0.795085463792052	-1.32322034934326	-1.18486770865571	-0.977038688423494	-0.945920445617954	-0.908087510148853	1.52135789373846	1.52135789373846	1.52135789373846	1.52135789373846	1.52135789373846	1.52135789373846	1.52135789373846	1.52135789373846	1.52135789373846	1.52135789373846	1.52135789373846	0.923352947319774	0.923352947319774	0.923352947319774	0.923352947319774	0.923352947319774	0.923352947319774	0.923352947319774	0.923352947319774	0.923352947319774	0.923352947319774	0.923352947319774	-0.0644418529061637	1.51091163659072	0.625970348204565	0.386913636774769	-0.61404357648316	0.181670067816519	1.61025294373778	0.142809286561987	-0.715611548055669	-0.668397485369011	2.10971791818528	0.0574234372116094	-0.0046819525975503
-1.18384436629879	-1.0827760946118	-1.29062581770564	-1.64426044060305	-1.18812132664932	-1.27892580705811	-0.628719572669775	-0.737994612800186	-1.12374809934732	-1.42055187255737	-0.424831920651325	-0.270051624580497	-1.06105801860312	-1.21441854482449	-1.56000130010764	-0.574796265214554	-1.03216331848762	-1.14853506160301	-1.11847856702482	-1.31363054844045	-1.15793397612351	-1.39819235498025	-0.578344852857473	-0.578344852857473	-0.578344852857473	-0.578344852857473	-0.578344852857473	-0.578344852857473	-0.578344852857473	-0.578344852857473	-0.578344852857473	-0.578344852857473	-0.578344852857473	-1.16424211357251	-1.16424211357251	-1.16424211357251	-1.16424211357251	-1.16424211357251	-1.16424211357251	-1.16424211357251	-1.16424211357251	-1.16424211357251	-1.16424211357251	-1.16424211357251	0.108051361694069	1.63245129975579	1.10106129026575	1.02446578173234	0.053391443249028	1.20949649420291	0.695685257550884	0.601634774172783	2.14707868710061	-0.231593319847498	0.758908941392648	2.15114596283396	2.15114596283396	2.15114596283396	2.15114596283396	2.15114596283396	2.15114596283396	2.15114596283396	2.15114596283396	2.15114596283396	2.15114596283396	2.15114596283396	0.505787143010658	0.505787143010658	0.505787143010658	0.505787143010658	0.505787143010658	0.505787143010658	0.505787143010658	0.505787143010658	0.505787143010658	0.505787143010658	0.505787143010658	-0.718528891755732	0.91154663405732	-2.81493010201779	-2.43503939571235	0.642494021574034	-3.13234527553011	-0.175908523720123	-2.54705791226356	-0.979582886046961	-0.47231553167468	-0.0959266460877238	-1.39258570261282	-2.54750999184296
-0.0920394567069413	-0.961364791922233	-0.658879201471275	-0.774503627542619	-1.54731109133562	-0.620784746437578	-0.500609394352603	0.00706644725199369	-0.131570181106508	0.0048172259487955	-0.0398681739465514	0.513890249939631	0.283895380072499	0.374740380168369	0.509967480277674	0.464171974679814	0.646137646533673	0.525500452844396	-0.365323113895179	-0.38433909512717	0.652724923835471	-0.606495133336261	-1.12807804708508	-1.12807804708508	-1.12807804708508	-1.12807804708508	-1.12807804708508	-1.12807804708508	-1.12807804708508	-1.12807804708508	-1.12807804708508	-1.12807804708508	-1.12807804708508	0.127211097542676	0.127211097542676	0.127211097542676	0.127211097542676	0.127211097542676	0.127211097542676	0.127211097542676	0.127211097542676	0.127211097542676	0.127211097542676	0.127211097542676	-3.18464015074279	-0.0432167519448476	-2.68333473398448	-1.35922596342239	-0.0475489717448503	-0.761928578316636	-0.884104495003545	-2.40872468951392	0.556138232303752	-0.419125596451847	1.720735855594	-0.216023359864132	-0.216023359864132	-0.216023359864132	-0.216023359864132	-0.216023359864132	-0.216023359864132	-0.216023359864132	-0.216023359864132	-0.216023359864132	-0.216023359864132	-0.216023359864132	-0.0156767665397759	-0.0156767665397759	-0.0156767665397759	-0.0156767665397759	-0.0156767665397759	-0.0156767665397759	-0.0156767665397759	-0.0156767665397759	-0.0156767665397759	-0.0156767665397759	-0.0156767665397759	0.568144281194805	0.540806509339648	-0.6345429400161	-0.71639605530756	0.354505180543256	0.635543928038336	0.497902684742045	1.24623166615359	-0.389544142066368	-0.317380535007649	-0.137368322734562	0.307347135073067	-1.05753584074038
0.486026752423735	0.480602764935694	0.452321188024224	0.341808268876527	1.86787466041688	1.41135409640494	1.57754308566461	-0.12426822115946	-0.247733706250322	1.00605252351358	0.0283355690657086	1.98019460106509	2.30666096813938	2.44042991041843	2.67376948626972	1.7548764543155	1.80842374497563	1.81917275784737	1.49510320501274	2.49669963423212	2.75274607478617	1.76049231422583	0.87951641309585	0.87951641309585	0.87951641309585	0.87951641309585	0.87951641309585	0.87951641309585	0.87951641309585	0.87951641309585	0.87951641309585	0.87951641309585	0.87951641309585	-0.537991222054178	-0.537991222054178	-0.537991222054178	-0.537991222054178	-0.537991222054178	-0.537991222054178	-0.537991222054178	-0.537991222054178	-0.537991222054178	-0.537991222054178	-0.537991222054178	0.286479780457233	-1.85461269956257	-1.02660014822402	-0.372305352638158	-0.519839679030761	-0.696228681705002	-1.36417806594368	-1.94725514849542	-1.38652666259737	-0.784847908522192	-0.828901628111684	-0.175615771365301	-0.175615771365301	-0.175615771365301	-0.175615771365301	-0.175615771365301	-0.175615771365301	-0.1756157713653	-0.175615771365301	-0.175615771365301	-0.1756157713653	-0.175615771365301	0.414298071946086	0.414298071946086	0.414298071946086	0.414298071946086	0.414298071946086	0.414298071946086	0.414298071946086	0.414298071946086	0.414298071946086	0.414298071946086	0.414298071946086	0.516732101673764	1.08969375837198	-0.0486482914730662	-0.64803353691249	-0.455429022614324	-0.854820541984556	0.226007283660857	0.587569381663128	-2.18157860607181	-1.59496204918237	1.20024416745033	0.884181531201269	-0.606833197562224
0.141100504397691	-1.14859955665303	-0.476903695477587	-0.981955180968059	-0.642391230603163	-0.378429931211706	0.0225785168933057	1.63992776776759	0.963349321976115	0.77211897470513	0.466166650766472	-1.95429918331266	-1.49731650063899	-1.49007962298529	-1.31728012685688	-1.9989795639092	-1.81092007568503	-0.913411867940785	-1.44001666688546	-0.596938014775664	-1.55228354126478	-1.0617007147117	-0.869024008022557	-0.869024008022557	-0.869024008022557	-0.869024008022557	-0.869024008022557	-0.869024008022557	-0.869024008022557	-0.869024008022557	-0.869024008022557	-0.869024008022557	-0.869024008022557	0.0193627715178301	0.0193627715178301	0.0193627715178301	0.0193627715178301	0.0193627715178301	0.0193627715178301	0.0193627715178301	0.0193627715178301	0.0193627715178301	0.0193627715178301	0.0193627715178301	1.16524106694196	0.10091056186004	1.50267604396882	1.39466142988189	0.508159167069597	0.573783087448271	0.566436759092176	1.68435491565579	0.902684609513475	1.12515452632096	0.126665265401956	0.875267035661365	0.875267035661365	0.875267035661365	0.875267035661365	0.875267035661365	0.875267035661365	0.875267035661365	0.875267035661365	0.875267035661365	0.875267035661365	0.875267035661365	0.365902918902623	0.365902918902623	0.365902918902623	0.365902918902623	0.365902918902623	0.365902918902623	0.365902918902623	0.365902918902623	0.365902918902623	0.365902918902623	0.365902918902623	0.816802182401237	-0.611036104467193	-1.18555826409438	-1.76249162683977	0.0476577345810178	-1.12682861309315	0.324630694275007	-1.37688110676598	-1.61458676973734	-0.69388162118916	-1.80991407783406	0.497579885815459	-1.68710573791414
-0.80611298536934	-0.41208992832766	-0.616067275903588	-0.746344409352197	-0.357117152058488	-1.13895644845146	-0.112867357811988	-0.998637575672504	-1.10626588400532	-0.514364991905604	-0.706914191335837	-0.656220388637718	-1.16676602889991	-0.572200273643635	-0.602487215867937	-0.781521412972767	0.37008910880296	-1.03481709742446	-0.660225845643216	-0.86562323705552	-0.354151771029816	-0.476776169694893	1.22002456522407	1.22002456522407	1.22002456522407	1.22002456522407	1.22002456522407	1.22002456522407	1.22002456522407	1.22002456522407	1.22002456522407	1.22002456522407	1.22002456522407	0.855396448820746	0.855396448820746	0.855396448820746	0.855396448820746	0.855396448820746	0.855396448820746	0.855396448820746	0.855396448820746	0.855396448820746	0.855396448820746	0.855396448820746	0.0275353096398283	-0.0422524445778702	-0.408802545163074	0.219832150250732	-0.742628759106679	0.53631056770439	-0.0241273235610924	0.226356001785523	-0.645832037696517	-0.513537083952386	-0.238774394134147	-1.28473240986571	-1.28473240986571	-1.28473240986571	-1.28473240986571	-1.28473240986571	-1.28473240986571	-1.28473240986571	-1.28473240986571	-1.28473240986571	-1.28473240986571	-1.28473240986571	0.245533246680306	0.245533246680306	0.245533246680306	0.245533246680306	0.245533246680306	0.245533246680306	0.245533246680306	0.245533246680306	0.245533246680306	0.245533246680306	0.245533246680306	-0.69835581045029	-0.461862382484457	-2.27669550137371	-2.09222378517372	1.24063300198708	0.603526650046023	-0.26466222752208	1.23946103878337	-0.295534401024207	0.753032497493818	-1.04745951730165	-0.0392497484481288	0.43871687433206
1.11968381202561	1.07934975210293	1.49382690825209	1.55129343199172	1.10937228592861	0.850045618157512	-0.0505648295986851	0.226727068457597	0.287569925264479	0.593149889001225	0.483569763870978	-1.93731173023458	-1.91908258939884	-2.08203091862411	-2.02013938872167	-1.74393997252987	-1.61835342330954	-2.52449333242479	-1.70145303456962	-1.53297726675306	-1.50855961199423	-1.54428010804327	1.23631234366912	1.23631234366912	1.23631234366912	1.23631234366912	1.23631234366912	1.23631234366912	1.23631234366912	1.23631234366912	1.23631234366912	1.23631234366912	1.23631234366912	-2.02416431112432	-2.02416431112432	-2.02416431112432	-2.02416431112432	-2.02416431112432	-2.02416431112432	-2.02416431112432	-2.02416431112432	-2.02416431112432	-2.02416431112432	-2.02416431112432	-0.087947914285105	0.172744100776811	-0.531164906869357	-0.489859911167276	1.2466724552246	-0.123805716486074	-0.769110167607347	-0.219948232385631	-0.907821979553157	1.42735932725358	0.48760389260104	-1.32114432105548	-1.32114432105548	-1.32114432105548	-1.32114432105548	-1.32114432105548	-1.32114432105548	-1.32114432105548	-1.32114432105548	-1.32114432105548	-1.32114432105548	-1.32114432105548	0.659862138683125	0.659862138683125	0.659862138683125	0.659862138683125	0.659862138683125	0.659862138683125	0.659862138683125	0.659862138683125	0.659862138683125	0.659862138683125	0.659862138683125	-0.472575100735092	0.546856324600158	1.53951079592541	1.23246632784839	2.43833258424242	-1.33966831186009	-0.870677302295302	-0.40554720572968	0.0759664017338871	1.75974298645296	0.396566954677966	0.426072815129415	1.5925861654259
-1.12259449057579	-0.827823718304625	-1.30061884373598	-1.16204903633332	-0.37209709560196	0.488646132776777	0.728463313657064	-1.7147193840656	-1.47210942331559	-0.870113883940438	-1.26523467508647	1.43940583678871	0.841648387021008	1.89200627703843	1.40357362052244	0.927760923037081	2.5505304470019	1.76045747229568	1.88948797260294	1.58791348800266	1.38377192479157	1.93726418228762	2.30692610055969	2.30692610055969	2.30692610055969	2.30692610055969	2.30692610055969	2.30692610055969	2.30692610055969	2.30692610055969	2.30692610055969	2.30692610055969	2.30692610055969	-0.414429658271991	-0.414429658271991	-0.414429658271991	-0.414429658271991	-0.414429658271991	-0.414429658271991	-0.414429658271991	-0.414429658271991	-0.414429658271991	-0.414429658271991	-0.414429658271991	1.09630318276223	-0.0816467101102325	0.147375632059484	0.462121743260513	0.917572793317679	0.31464383558852	-0.40911424185619	0.467341962896983	-1.08339174670058	0.856916032121719	-0.376215321646233	0.520117144020134	0.520117144020134	0.520117144020134	0.520117144020134	0.520117144020134	0.520117144020134	0.520117144020134	0.520117144020134	0.520117144020134	0.520117144020134	0.520117144020134	-0.9054700419258	-0.9054700419258	-0.9054700419258	-0.9054700419258	-0.9054700419258	-0.9054700419258	-0.9054700419258	-0.9054700419258	-0.9054700419258	-0.9054700419258	-0.9054700419258	-0.647656776730821	0.196046702836411	0.53948746366024	0.000621438756723752	-0.383548481933767	-0.274264507003405	0.859238090325559	-0.633507818207471	-0.652666784001218	-0.732071602505667	-0.0227389296683989	-0.117761113580624	-0.553551994614165
0.435725490314272	0.693404673580953	0.456293116302692	0.28510584064981	1.07371143465993	0.241751032038946	0.675384757174	1.26511572660701	1.00336523412114	0.694485319039411	0.878791047465156	-1.09155635878234	-0.951204156136165	-0.77073967686939	-1.03021564340084	-1.30432165617283	-0.0833061115779042	-0.575991031538958	-0.653864680913346	-0.197348316429763	-0.906245872991017	0.238899456580485	-0.753491330638514	-0.753491330638514	-0.753491330638514	-0.753491330638513	-0.753491330638514	-0.753491330638513	-0.753491330638513	-0.753491330638513	-0.753491330638514	-0.753491330638514	-0.753491330638514	-0.548920119256879	-0.548920119256879	-0.548920119256879	-0.548920119256879	-0.548920119256879	-0.548920119256879	-0.548920119256879	-0.548920119256879	-0.548920119256879	-0.548920119256879	-0.548920119256879	0.64726182532207	-0.293646453537381	0.379001234920777	-0.731657032202252	0.138444037256839	-0.589381833702911	-0.787826646060287	0.385298450014939	-0.775858356264266	-0.0262740296461013	-1.57822235569466	-1.06865647034225	-1.06865647034225	-1.06865647034225	-1.06865647034225	-1.06865647034225	-1.06865647034225	-1.06865647034225	-1.06865647034225	-1.06865647034225	-1.06865647034225	-1.06865647034225	-1.7380299933798	-1.7380299933798	-1.7380299933798	-1.7380299933798	-1.7380299933798	-1.7380299933798	-1.7380299933798	-1.7380299933798	-1.7380299933798	-1.7380299933798	-1.7380299933798	1.2398530608539	-1.75816280182396	-2.62693907393991	-2.59926788748553	-1.20189390726533	-0.583181431952501	-0.794305168467821	-0.869457141229913	0.89893169188672	-0.965179096301749	-3.8225832168626	0.508736111596869	-2.51942619611918
1.36538883308454	1.90909219935673	1.79443193241619	1.58577022332952	1.69587938508777	1.45789267578871	0.570313764666592	-0.0702365844954045	-0.308835498105576	1.01954211281532	1.05894248030165	0.260844393440699	-0.247817001996432	0.246154437036796	-0.162949689183675	-0.244677895550067	0.648340275152357	0.249032247725641	0.327966014187062	0.461733925888821	-0.0942682125453849	0.647509736234921	-0.792639388818451	-0.792639388818451	-0.792639388818451	-0.792639388818451	-0.792639388818451	-0.792639388818451	-0.792639388818451	-0.792639388818451	-0.792639388818451	-0.792639388818451	-0.792639388818451	1.36471873791207	1.36471873791207	1.36471873791207	1.36471873791207	1.36471873791207	1.36471873791207	1.36471873791207	1.36471873791207	1.36471873791207	1.36471873791207	1.36471873791207	-1.64872564637498	-1.52399994111271	-2.4832478353043	-2.70554329556522	0.0640956954198488	-1.77143402852608	-0.766420729227328	-1.26027157595018	-1.90200529587492	-0.303503260097503	-1.24347718058707	0.222211642887704	0.222211642887704	0.222211642887704	0.222211642887704	0.222211642887704	0.222211642887704	0.222211642887704	0.222211642887704	0.222211642887704	0.222211642887704	0.222211642887704	-1.87015541271963	-1.87015541271963	-1.87015541271963	-1.87015541271963	-1.87015541271963	-1.87015541271963	-1.87015541271963	-1.87015541271963	-1.87015541271963	-1.87015541271963	-1.87015541271963	-0.696303118602961	-0.923302552837181	1.89845577724337	1.06048293194573	-0.0580630299047176	0.422702458238549	-0.281947329928738	0.295014185853958	-0.447934513435502	0.0193227570055039	1.10009913558685	-1.12062376596122	0.801156966369598
-1.12992001074328	-0.300157480155773	-0.168725307935318	-0.28280161268165	0.203722014843862	0.0595172991856659	-0.299639598238557	-1.29719605368691	-1.37022818204331	-0.217814315999877	-1.85153490329291	-0.401162469156769	-0.809196092441784	-0.58210677308367	-0.693027226645463	-0.432276024529687	-1.17004007940596	-0.00584048400756623	0.117699461232794	-0.57947257202164	-0.741370892727606	-0.602145294543859	-0.818674653602807	-0.818674653602807	-0.818674653602807	-0.818674653602807	-0.818674653602807	-0.818674653602807	-0.818674653602807	-0.818674653602807	-0.818674653602807	-0.818674653602807	-0.818674653602807	0.340361985647063	0.340361985647063	0.340361985647063	0.340361985647063	0.340361985647063	0.340361985647063	0.340361985647063	0.340361985647063	0.340361985647063	0.340361985647063	0.340361985647063	0.706653039596899	1.62478474574992	0.792833130884172	1.06008036184958	2.31160687145903	0.314845775850149	0.18722126856187	0.9666268687039	0.678701836322839	2.7983271258783	2.21123967665331	1.34549928796178	1.34549928796178	1.34549928796178	1.34549928796178	1.34549928796178	1.34549928796178	1.34549928796178	1.34549928796178	1.34549928796178	1.34549928796178	1.34549928796178	-0.470636631255824	-0.470636631255824	-0.470636631255824	-0.470636631255824	-0.470636631255824	-0.470636631255824	-0.470636631255824	-0.470636631255824	-0.470636631255824	-0.470636631255824	-0.470636631255824	-0.238132602198229	1.12685788623256	-0.125099044731483	0.360914748676878	-0.406802356703015	-0.0144746219525575	0.955862009148682	-0.484507959647619	-0.659832497131166	-0.23962971354963	0.91223594446603	-0.227279925143029	-0.559906200536409
1.00232771424547	1.63747062323797	1.44890032171298	1.65904489735968	1.76013804119762	0.856808719775834	0.314851265850443	0.601194361192701	0.824368506857675	0.101726567861417	0.784843600724693	-0.179355147318466	-0.840862350377329	-0.735469372368726	-1.02277177807459	-0.445695310493291	-0.336426075156588	-0.911691135935104	-0.417064438405058	-0.563596519268914	-0.834355060650868	-0.306817589272853	-1.01319310867969	-1.01319310867969	-1.01319310867969	-1.01319310867969	-1.01319310867969	-1.01319310867969	-1.01319310867969	-1.01319310867969	-1.01319310867969	-1.01319310867969	-1.01319310867969	-1.13662379044399	-1.13662379044399	-1.13662379044399	-1.13662379044399	-1.13662379044399	-1.13662379044399	-1.13662379044399	-1.13662379044399	-1.13662379044399	-1.13662379044399	-1.13662379044399	-2.30040885537444	0.290504902941122	-1.96382574673878	-1.30299632749702	0.262144232132667	-0.425584800437315	0.945710124166724	-1.1126274781167	0.964631876067881	-0.406489877639079	1.03892211924676	-0.702056083909835	-0.702056083909835	-0.702056083909835	-0.702056083909835	-0.702056083909835	-0.702056083909835	-0.702056083909835	-0.702056083909835	-0.702056083909835	-0.702056083909835	-0.702056083909835	2.40909178136776	2.40909178136776	2.40909178136776	2.40909178136776	2.40909178136776	2.40909178136776	2.40909178136776	2.40909178136776	2.40909178136776	2.40909178136776	2.40909178136776	-0.571419003771078	0.487282454873519	0.609383686153524	0.964613572476157	0.0157082855801685	-0.00721791543165553	-0.54093783900849	0.444785360795054	0.829411911179094	0.315104192560561	0.57601932066813	0.114143697780285	1.3901551968914
-0.544130842583591	-1.33183581753284	-0.778326624364493	-1.05143507258196	-1.70228688593942	-0.706070959431434	-1.72862964880743	-1.43961393396233	-1.69527943648534	-1.0224718657994	-0.213129618230484	0.88369615318664	1.2818002728149	1.0059886497522	1.39981059902004	1.3315746514356	0.758532161271316	0.58782558514193	0.779202780783672	0.853541969064462	0.912408037433233	0.232807534524372	-0.336106456231522	-0.336106456231522	-0.336106456231522	-0.336106456231522	-0.336106456231522	-0.336106456231522	-0.336106456231522	-0.336106456231522	-0.336106456231522	-0.336106456231522	-0.336106456231522	-0.0289186819686401	-0.0289186819686401	-0.0289186819686401	-0.0289186819686401	-0.0289186819686401	-0.0289186819686401	-0.0289186819686401	-0.0289186819686401	-0.0289186819686401	-0.0289186819686402	-0.0289186819686401	0.362839410131434	-0.125027851018656	0.57712230454548	-0.768977055821681	0.0939808259248426	-1.42011825544161	-0.519769481981544	0.108302524727988	-0.0736742032883316	0.604439963930804	-0.220434425341118	1.69374656269867	1.69374656269867	1.69374656269867	1.69374656269867	1.69374656269867	1.69374656269867	1.69374656269867	1.69374656269867	1.69374656269867	1.69374656269867	1.69374656269867	-0.021111148183138	-0.021111148183138	-0.021111148183138	-0.021111148183138	-0.021111148183138	-0.021111148183138	-0.021111148183138	-0.021111148183138	-0.021111148183138	-0.021111148183138	-0.021111148183138	-1.20002425868604	0.0590234499381029	-1.37147928952707	-1.20804664393762	0.0361281918265822	-0.260119380315446	-0.268418442422865	0.316076827288785	-0.265979381728656	-0.145067811964088	1.30711333851009	-0.933169648011667	0.291187395004416
0.215203360134492	0.0513223015349514	0.430715741116173	0.148571828170605	0.00961128071750137	-0.641217786809079	-1.94395314854127	-1.66723707252393	-1.91958123106067	-1.98539370435461	0.423237662745761	0.666656917576313	1.3687990900995	1.85679151114792	2.02000466681514	1.24220803206007	1.77827311184907	1.60682328054687	1.50105238713703	0.874570321200046	2.31668176569905	1.01696599923606	-1.7486191903365	-1.7486191903365	-1.7486191903365	-1.7486191903365	-1.7486191903365	-1.7486191903365	-1.7486191903365	-1.7486191903365	-1.7486191903365	-1.7486191903365	-1.7486191903365	-0.853977723614085	-0.853977723614085	-0.853977723614085	-0.853977723614085	-0.853977723614085	-0.853977723614085	-0.853977723614085	-0.853977723614085	-0.853977723614085	-0.853977723614086	-0.853977723614085	0.356907816184675	0.623647963875177	0.928980775416538	1.81603586415485	0.438159454453415	1.17964527219082	0.82453602447023	0.565006362073994	1.64696724895839	0.535241650197665	1.3450642185725	-0.396055378432378	-0.396055378432378	-0.396055378432378	-0.396055378432378	-0.396055378432378	-0.396055378432378	-0.396055378432378	-0.396055378432378	-0.396055378432378	-0.396055378432378	-0.396055378432378	-1.33308324447407	-1.33308324447407	-1.33308324447407	-1.33308324447407	-1.33308324447407	-1.33308324447407	-1.33308324447407	-1.33308324447407	-1.33308324447407	-1.33308324447407	-1.33308324447407	-0.877727935478827	-0.681618351554162	1.09176584628795	1.91345081561291	0.0709091617636101	-0.944128801410471	-1.27186801092988	-2.09853810906538	1.55095623464571	1.11228004250344	-0.160295136211382	-1.58484563629725	-0.0934171626551433
-0.965321050485963	0.438102420485046	0.234999944183288	-0.0534148246726731	0.823961919090857	-0.552533991049939	-1.15347455162607	-0.305114301413139	-0.630665502711886	-0.575007396855907	-0.228206924719641	-0.254103501796977	-0.760682968378037	-0.984137659745645	-1.21551101492151	-0.496120149373043	-1.6335672396118	-0.424109364475501	-0.4089679812127	-0.334132377455053	-1.03299036833064	-0.871072179892056	-1.75142975480031	-1.75142975480031	-1.75142975480031	-1.75142975480031	-1.75142975480031	-1.75142975480031	-1.75142975480031	-1.75142975480031	-1.75142975480031	-1.75142975480031	-1.75142975480031	-0.948873510414787	-0.948873510414787	-0.948873510414787	-0.948873510414787	-0.948873510414787	-0.948873510414787	-0.948873510414787	-0.948873510414787	-0.948873510414787	-0.948873510414787	-0.948873510414787	0.495406501850016	0.243614150763834	-0.600815400435825	0.0611381862368737	0.235515302677748	0.790014443458854	0.343040418883734	-1.10353834608218	0.37014051475263	-0.515257231457048	0.005394449710855	0.348055377554712	0.348055377554712	0.348055377554712	0.348055377554712	0.348055377554712	0.348055377554712	0.348055377554711	0.348055377554712	0.348055377554712	0.348055377554711	0.348055377554712	-1.2411767346353	-1.2411767346353	-1.2411767346353	-1.2411767346353	-1.2411767346353	-1.2411767346353	-1.2411767346353	-1.2411767346353	-1.2411767346353	-1.2411767346353	-1.2411767346353	0.533967105208812	-0.0344140559448953	0.891068097021082	-0.428959426997521	-1.58955091788029	-0.989477203434574	0.262981462585027	-0.268780056292903	-0.939794997496059	-2.45952552562487	0.392414694452631	-0.0478074185681077	-1.57711904546492
-0.302527807429734	-0.465168678998722	-0.569043829146686	-0.191195274239282	-0.739398243371583	0.772467098557306	-0.416281866070978	-0.314273410699085	0.145788786370839	-0.0136275162972106	-0.149940848562648	-0.754903673676446	-0.15214209107262	-0.871595542380177	-0.688758902072375	-0.303647985573706	-1.20438990355143	-0.671623717435626	-0.968740980567052	-0.966860391956476	-0.99495937678937	-0.819334585807482	-0.777572290420043	-0.777572290420043	-0.777572290420043	-0.777572290420043	-0.777572290420043	-0.777572290420043	-0.777572290420043	-0.777572290420043	-0.777572290420043	-0.777572290420043	-0.777572290420043	-0.478213493572723	-0.478213493572723	-0.478213493572723	-0.478213493572723	-0.478213493572723	-0.478213493572723	-0.478213493572723	-0.478213493572723	-0.478213493572723	-0.478213493572723	-0.478213493572723	-0.999567451405001	-0.698028687447803	-0.877895980647493	-1.30620540352977	-0.0906784782846771	-1.54218381419806	-0.593008796115233	-0.827949612993023	-0.856998711414295	0.220371235232857	0.247575680704077	0.84935674425211	0.84935674425211	0.84935674425211	0.84935674425211	0.84935674425211	0.84935674425211	0.84935674425211	0.84935674425211	0.84935674425211	0.84935674425211	0.84935674425211	-0.0710504079105239	-0.0710504079105239	-0.0710504079105239	-0.0710504079105239	-0.0710504079105239	-0.0710504079105239	-0.0710504079105239	-0.0710504079105239	-0.0710504079105239	-0.0710504079105239	-0.0710504079105239	-0.00337201575581879	-0.870222456795163	-0.687313814880124	0.171826687259147	0.178539895013521	0.330544076302305	-1.65693069293947	0.513858172448388	-0.414611108427911	0.647926130699236	0.530796364509616	-1.07158906942073	-0.528575261015379
0.0514396673048792	-0.852363349691895	-0.334789868652392	-0.48497481425098	-0.77328993671769	-0.093861646690066	-0.322891340292289	-0.074856581247425	-0.249574027595146	-0.237294884601733	-0.247195181322363	-1.42763257159318	-1.72619038015875	-2.11244744687808	-1.94887819959888	-1.63471367630425	-2.87260595511842	-2.04102134950333	-1.9942310591797	-2.14911543787056	-1.95535587640813	-3.07400303344493	-0.142958272164377	-0.142958272164377	-0.142958272164377	-0.142958272164377	-0.142958272164377	-0.142958272164377	-0.142958272164377	-0.142958272164377	-0.142958272164377	-0.142958272164377	-0.142958272164377	-0.0133378842622115	-0.0133378842622115	-0.0133378842622115	-0.0133378842622115	-0.0133378842622115	-0.0133378842622115	-0.0133378842622115	-0.0133378842622115	-0.0133378842622115	-0.0133378842622116	-0.0133378842622115	-0.577308267427147	0.670176047847411	-0.16686548331335	-1.39717430414913	0.913234103733	-0.959975555460787	-1.50560141119616	0.201827027836178	-0.219514717631033	1.57303326217801	0.143501060319376	-0.214108609239812	-0.214108609239812	-0.214108609239812	-0.214108609239812	-0.214108609239812	-0.214108609239812	-0.214108609239812	-0.214108609239812	-0.214108609239812	-0.214108609239812	-0.214108609239812	-0.693363073366739	-0.693363073366739	-0.693363073366739	-0.693363073366739	-0.693363073366739	-0.693363073366739	-0.693363073366739	-0.693363073366739	-0.693363073366739	-0.693363073366739	-0.693363073366739	-0.237201226015445	0.199258310771677	1.36577668312521	0.0470403633901138	2.08725238048337	-0.152773401261384	0.742580083943603	0.405706595161811	-0.216934445507387	1.00859417658388	-0.454904599281756	0.57244070892156	0.668032184024377
-0.422073105355349	-0.330802136612507	0.0133626301929004	0.349221692330868	-0.307989787889268	-0.747147348964084	-1.85710475907975	-1.32010942928956	-0.859955506879037	-2.09673000194468	-0.491271528922442	0.849573153481019	0.232492705852709	0.14935151802731	-0.400378369551018	-0.0372017146605005	0.268057181126487	-0.0470909519855739	-0.157839366177873	0.543656928274416	0.434329519880831	0.162955587191135	-0.36595134833651	-0.36595134833651	-0.36595134833651	-0.36595134833651	-0.36595134833651	-0.36595134833651	-0.36595134833651	-0.36595134833651	-0.36595134833651	-0.36595134833651	-0.36595134833651	0.350018683414665	0.350018683414665	0.350018683414665	0.350018683414665	0.350018683414665	0.350018683414665	0.350018683414665	0.350018683414665	0.350018683414665	0.350018683414665	0.350018683414665	0.787553108277467	1.31323164225044	1.03460031311874	-0.0121932972750803	-0.0850446746035745	1.02658398120859	0.871427917978823	1.22525318967517	-0.0458601463444543	-0.205376179433073	-0.766723559078713	-0.0263515073607385	-0.0263515073607385	-0.0263515073607385	-0.0263515073607385	-0.0263515073607385	-0.0263515073607385	-0.0263515073607384	-0.0263515073607385	-0.0263515073607385	-0.0263515073607384	-0.0263515073607385	1.79491531156533	1.79491531156533	1.79491531156533	1.79491531156533	1.79491531156533	1.79491531156533	1.79491531156533	1.79491531156533	1.79491531156533	1.79491531156533	1.79491531156533	0.826551264339074	0.681875845723791	-0.496480020241537	-0.00214680294986883	0.895185500700121	-0.0464744189138393	0.338385960113384	-0.177721543676277	-0.57817730704801	0.841287137735323	0.422868247915218	0.659276698939153	-0.624035734538415
-1.55227245784782	-1.20481268995238	-1.49889352884171	-1.37230895915582	-0.448012030575478	-0.854051072511801	0.520434025081328	1.1730086827601	1.26251784843257	-0.335230286653533	-1.04400410505503	0.538063987759955	1.13167053859701	0.506956440887129	0.61016073867885	1.11944876998817	0.927756966427857	0.22917427464073	0.754351751159207	0.790473758645986	-0.161008740838863	1.28809818662142	-1.70564456671148	-1.70564456671148	-1.70564456671148	-1.70564456671148	-1.70564456671148	-1.70564456671148	-1.70564456671148	-1.70564456671148	-1.70564456671148	-1.70564456671148	-1.70564456671148	0.107880603864578	0.107880603864578	0.107880603864578	0.107880603864578	0.107880603864578	0.107880603864578	0.107880603864578	0.107880603864578	0.107880603864578	0.107880603864578	0.107880603864578	0.555260645330903	0.70498745862596	0.635469498837388	0.157622776222251	0.484425570429673	-0.408512125896657	-0.635037389818621	0.262110178248775	0.139912319499167	0.669762767331495	0.360700656536132	-0.92461546319096	-0.92461546319096	-0.92461546319096	-0.92461546319096	-0.92461546319096	-0.92461546319096	-0.924615463190959	-0.92461546319096	-0.92461546319096	-0.924615463190959	-0.92461546319096	0.0902554505946568	0.0902554505946568	0.0902554505946568	0.0902554505946568	0.0902554505946568	0.0902554505946568	0.0902554505946568	0.0902554505946568	0.0902554505946568	0.0902554505946568	0.0902554505946568	0.752940217587035	1.16637520965831	-0.339843949237116	1.10340098616101	1.57778384226836	1.78006257860541	1.157340585614	0.592793921926464	0.466409409026303	2.55507145309073	0.925432552915459	1.06552841162817	1.37236720511704
-0.651890383375841	0.352473835387373	-0.107898813975319	0.162392100346512	0.275243465009676	-0.0527006517929959	-0.804238702250932	-0.775054329572525	-0.418811333841825	-1.70254154677243	-0.0748884855533009	-1.20829610740291	-0.468204181866952	-0.398104997807279	-0.303323610204106	-0.872075339609327	-0.0112404212127513	-0.637559333667063	-0.610198076555193	-0.481824329398209	-0.346898117105617	0.0919178723007159	1.36361371110344	1.36361371110344	1.36361371110344	1.36361371110344	1.36361371110344	1.36361371110344	1.36361371110344	1.36361371110344	1.36361371110344	1.36361371110344	1.36361371110344	2.26312243293428	2.26312243293428	2.26312243293428	2.26312243293428	2.26312243293428	2.26312243293428	2.26312243293428	2.26312243293428	2.26312243293428	2.26312243293428	2.26312243293428	0.726825956032021	0.499480013305342	1.03792405538889	0.677825831589431	-0.238215086781071	1.04789324105105	1.08456948089694	0.9060427490513	0.482556013005715	-0.517736094301357	-0.587425146951739	0.559087537556178	0.559087537556178	0.559087537556178	0.559087537556178	0.559087537556178	0.559087537556178	0.559087537556178	0.559087537556178	0.559087537556178	0.559087537556178	0.559087537556178	-0.666686265521815	-0.666686265521815	-0.666686265521815	-0.666686265521815	-0.666686265521815	-0.666686265521815	-0.666686265521815	-0.666686265521815	-0.666686265521815	-0.666686265521815	-0.666686265521815	0.11474686006877	-0.283452616895763	1.35024507383749	-0.130648888184972	0.346340418476477	0.391366752000671	1.32826227962136	0.169611791949901	-0.221437689327174	-0.115346557139364	-1.12658785902815	0.779448628588948	-0.279271097225528
-1.64615858005794	-1.96405518766634	-1.47367535877752	-1.47763228662469	-1.51444528251321	-0.791602562374929	-1.98295487392246	-2.08400320630093	-1.99253495469384	-1.89085363220305	-1.78444485090367	-0.570105078731945	-0.143914083724007	0.011076278832689	-0.099736658642776	-0.329313465592735	0.234104347459138	0.0399019533998392	-0.109544419294686	-0.485200335665674	0.39236232014031	0.330907221694955	0.194190174279462	0.194190174279462	0.194190174279462	0.194190174279462	0.194190174279462	0.194190174279462	0.194190174279462	0.194190174279462	0.194190174279462	0.194190174279462	0.194190174279462	-0.857425210442268	-0.857425210442268	-0.857425210442268	-0.857425210442268	-0.857425210442268	-0.857425210442268	-0.857425210442268	-0.857425210442268	-0.857425210442268	-0.857425210442268	-0.857425210442268	1.19408430677742	-0.0283707134437457	0.767947864995806	0.443730284065792	1.42297374302661	-0.396102475081853	-0.308048079085514	-0.185979793338105	0.154012441226822	0.978181802872966	0.015177573530849	0.877063239883672	0.877063239883672	0.877063239883672	0.877063239883672	0.877063239883672	0.877063239883672	0.877063239883672	0.877063239883672	0.877063239883672	0.877063239883672	0.877063239883672	0.284000742732414	0.284000742732414	0.284000742732414	0.284000742732414	0.284000742732414	0.284000742732414	0.284000742732414	0.284000742732414	0.284000742732414	0.284000742732414	0.284000742732414	-1.83189161560602	0.504444981723241	-1.9289395974172	-1.16089838812157	0.507316029677381	-1.18944012900238	-0.547385510273332	-0.749820294988988	-0.56627089302049	0.42631169156219	-0.0600813912127057	-1.55718256302723	-0.583283840938765
0.0814370754681038	-0.357971181973353	-0.363556553631991	-0.438743000930596	-1.38828528333675	-0.942589297558812	0.00411317129280854	0.679750843044909	0.557399949252503	0.360837249468598	0.152968384840072	0.276305469074723	0.391696193681494	0.180600964671998	0.48891787559601	0.0300281353387936	-0.455572763617263	0.850557597528553	-0.56359081373008	-0.134292637394916	0.129956613367244	-0.818551308639411	0.198564796114429	0.198564796114429	0.198564796114429	0.198564796114429	0.198564796114429	0.198564796114429	0.198564796114429	0.198564796114429	0.198564796114429	0.198564796114429	0.198564796114429	-0.855130047128373	-0.855130047128373	-0.855130047128373	-0.855130047128373	-0.855130047128373	-0.855130047128373	-0.855130047128373	-0.855130047128373	-0.855130047128373	-0.855130047128373	-0.855130047128373	-0.401450257001752	0.237645729308753	-0.550096446499248	0.14921824688448	1.30168345172898	0.628581489881261	0.10858266497732	0.5008692124277	0.795622127592932	0.714873837571363	-0.0719620513590653	-0.016782370797582	-0.016782370797582	-0.016782370797582	-0.016782370797582	-0.016782370797582	-0.016782370797582	-0.0167823707975819	-0.016782370797582	-0.016782370797582	-0.0167823707975819	-0.016782370797582	2.32424109384641	2.32424109384641	2.32424109384641	2.32424109384641	2.32424109384641	2.32424109384641	2.32424109384641	2.32424109384641	2.32424109384641	2.32424109384641	2.32424109384641	0.90622331564023	0.206671116227883	0.487667927194285	0.00494368613701003	0.0902919621668307	-0.148058654548336	0.250173202130915	0.198870304787155	-1.12830774948425	-0.837883866819863	0.704389959516137	0.103179025343218	-1.11515673032699
0.00267688014610567	0.678305540727055	-0.0154205704950499	0.515309356240836	-0.529227387600523	0.444111578866525	0.464635206327	-0.165381885804185	0.469593030998397	-0.0586277101752723	-0.117492205804396	0.172185462609407	0.189759157832722	-0.0525871400503884	-0.0174836627961816	0.129634537104223	-0.860295849314443	0.377309781330838	-0.156228541598176	-0.794506570256891	0.00164985090864565	-0.705974390054491	1.64506654406311	1.64506654406311	1.64506654406311	1.64506654406311	1.64506654406311	1.64506654406311	1.64506654406311	1.64506654406311	1.64506654406311	1.64506654406311	1.64506654406311	1.49719286092438	1.49719286092438	1.49719286092438	1.49719286092438	1.49719286092438	1.49719286092438	1.49719286092438	1.49719286092438	1.49719286092438	1.49719286092438	1.49719286092438	0.0448767081712573	0.0835113275886528	0.575306674629056	0.231265448438504	-1.12170219196561	0.276028861894862	0.263988838543196	0.745464801138375	0.178321580451893	-0.909331081900934	-0.573782453717684	0.191307525484862	0.191307525484862	0.191307525484862	0.191307525484862	0.191307525484862	0.191307525484862	0.191307525484862	0.191307525484862	0.191307525484862	0.191307525484862	0.191307525484862	-0.931504722112862	-0.931504722112862	-0.931504722112862	-0.931504722112862	-0.931504722112862	-0.931504722112862	-0.931504722112862	-0.931504722112862	-0.931504722112862	-0.931504722112862	-0.931504722112862	-0.894954990339231	0.132004708413626	1.03555789186396	1.13058131661688	1.1122452219202	-0.331301890640327	-0.279524653374884	-0.506667799197748	2.24942228026912	1.20327114004319	0.152537517551246	-0.707286830511445	1.54415120006766
0.815336532823061	1.13927880935713	1.17029462860097	0.97276403808622	1.08397035913228	0.722829837873183	-0.208455787364131	0.175421729648567	-0.063394387662042	0.0847228452571092	1.11052342676035	-0.145938215225661	-0.0388008655884418	-1.05782581728658	-0.498998839143373	0.352166022591471	-2.12261843838133	-0.90116614211341	-0.599958507935788	-1.08617786963723	-1.24938367581309	-1.09524571752871	-0.192054996217604	-0.192054996217604	-0.192054996217604	-0.192054996217604	-0.192054996217604	-0.192054996217604	-0.192054996217604	-0.192054996217604	-0.192054996217604	-0.192054996217604	-0.192054996217604	1.29439113254689	1.29439113254689	1.29439113254689	1.29439113254689	1.29439113254689	1.29439113254689	1.29439113254689	1.29439113254689	1.29439113254689	1.29439113254689	1.29439113254689	0.350159949615793	-0.73714909294236	-0.243458043888556	-0.766539279016455	0.227007113206615	-0.108464649659539	-0.482393573205617	-0.0816463966225481	-0.881756835680672	-0.00690964051512831	-1.43307243691744	1.64755819836298	1.64755819836298	1.64755819836298	1.64755819836298	1.64755819836298	1.64755819836298	1.64755819836298	1.64755819836298	1.64755819836298	1.64755819836298	1.64755819836298	-1.69202383380332	-1.69202383380332	-1.69202383380332	-1.69202383380332	-1.69202383380332	-1.69202383380332	-1.69202383380332	-1.69202383380332	-1.69202383380332	-1.69202383380332	-1.69202383380332	0.211293339964937	1.10539248829466	-1.03691697910694	-1.59244436987576	0.939333617266423	0.832687738035348	1.87275857370953	1.34154791642809	-0.197955394045125	-0.0412611887415055	-0.089853873656985	1.09501983234345	0.200406868219963
-0.520055221374011	0.853169025717932	0.083341560106941	0.534603020530793	0.602113502209121	0.187992069673491	0.567452753803248	0.110184823885728	0.638305198972517	0.0880262812532233	-0.407224850638179	-0.736766016353134	-0.0600501701672483	0.203414541334478	0.242455080758449	-0.175184426502256	0.393911374220781	0.63002031396169	0.508821925838201	0.368285932845324	0.483447064401189	0.495918171994268	1.35999895284273	1.35999895284273	1.35999895284273	1.35999895284273	1.35999895284273	1.35999895284273	1.35999895284273	1.35999895284273	1.35999895284273	1.35999895284273	1.35999895284273	-0.0469065340907731	-0.0469065340907731	-0.0469065340907731	-0.0469065340907731	-0.0469065340907731	-0.0469065340907731	-0.0469065340907731	-0.0469065340907731	-0.0469065340907731	-0.0469065340907731	-0.0469065340907731	-0.174542680730264	0.374839216457755	-0.0444582940505472	-0.750853653627024	-0.439666025062158	0.035619895091375	1.29182705359648	-0.0372062270155307	0.792851598091261	-1.2378819791143	-0.789341483728711	-0.456025801476851	-0.456025801476851	-0.456025801476851	-0.456025801476851	-0.456025801476851	-0.456025801476851	-0.456025801476851	-0.456025801476851	-0.456025801476851	-0.456025801476851	-0.456025801476851	-0.329329449458663	-0.329329449458663	-0.329329449458663	-0.329329449458663	-0.329329449458663	-0.329329449458663	-0.329329449458663	-0.329329449458663	-0.329329449458663	-0.329329449458663	-0.329329449458663	-0.872423097158263	0.520296745562081	-1.08789581354829	0.43472956574765	0.0252987876050206	0.569793303632185	0.184740907418399	-0.486694959816016	0.504347955659852	1.1085664226761	0.0996049289639806	-0.870840834414147	0.0311985457229371
0.334680660390541	0.262442957754119	0.0518054463512959	-0.212812028855543	0.276712230820998	-1.05778799445824	-0.447275960898228	-0.238142488040579	-0.539253921030933	-0.664201346164996	1.15786872926602	0.103370375769952	0.0320971008474488	0.0280467569140712	0.142853573118357	0.242024189123742	-0.0255098224067732	0.178485374492269	-0.231266640449951	-0.562406544382118	-0.358244370539863	-0.511324435893584	0.839900825469932	0.839900825469932	0.839900825469932	0.839900825469932	0.839900825469932	0.839900825469932	0.839900825469932	0.839900825469932	0.839900825469932	0.839900825469932	0.839900825469932	-0.109802261457373	-0.109802261457373	-0.109802261457373	-0.109802261457373	-0.109802261457373	-0.109802261457373	-0.109802261457373	-0.109802261457373	-0.109802261457373	-0.109802261457373	-0.109802261457373	0.698879282003018	1.04949793796055	0.645245548914773	-0.812589905948476	0.10946012781458	-0.509362049218909	-0.875857532082959	-0.60487974196256	-0.456205992356388	0.277861489467049	0.095780658710877	-1.85920787622119	-1.85920787622119	-1.85920787622119	-1.85920787622119	-1.85920787622119	-1.85920787622119	-1.85920787622119	-1.85920787622119	-1.85920787622119	-1.85920787622119	-1.85920787622119	0.306600956378685	0.306600956378685	0.306600956378685	0.306600956378685	0.306600956378685	0.306600956378685	0.306600956378685	0.306600956378685	0.306600956378685	0.306600956378685	0.306600956378685	-0.130740635583935	-1.59202084966928	-0.146170475744796	-0.67027319043071	0.436658470045414	0.0944801629558826	-0.74581452626773	-0.0072274118591694	-0.140690326953972	0.599928412390004	-1.22264525007842	0.0687899241606108	0.401643155074694
1.5269050916105	1.3152333283478	1.73181699670705	1.7671322645638	0.525405762938105	0.171284099647913	-0.975705330873528	-0.0324129001817663	0.0152871723030834	-0.892770990167534	1.15562706719735	-0.0571974306008208	-0.20582347632325	-0.704034340634979	-0.747065814877299	-0.214675649586544	-0.599141426867805	-0.139658385128345	-1.31797130126692	-1.11943251390112	-0.973008086670527	-1.06340191077014	1.35551495145063	1.35551495145063	1.35551495145063	1.35551495145063	1.35551495145063	1.35551495145063	1.35551495145063	1.35551495145063	1.35551495145063	1.35551495145064	1.35551495145063	0.817947559052199	0.817947559052199	0.817947559052199	0.817947559052199	0.817947559052199	0.817947559052199	0.817947559052199	0.817947559052199	0.817947559052199	0.817947559052199	0.817947559052199	-0.0741190064951622	0.932163578957621	0.00760214004141844	0.678147804472029	1.53623981967294	1.05172780244349	1.28221402281068	0.0138141250390146	1.36086480619553	0.514310499024073	0.803021485470792	-0.116401775046904	-0.116401775046904	-0.116401775046904	-0.116401775046904	-0.116401775046904	-0.116401775046904	-0.116401775046904	-0.116401775046904	-0.116401775046904	-0.116401775046904	-0.116401775046904	-1.6122612057884	-1.6122612057884	-1.6122612057884	-1.6122612057884	-1.6122612057884	-1.6122612057884	-1.6122612057884	-1.6122612057884	-1.6122612057884	-1.6122612057884	-1.6122612057884	-0.024744209522888	0.65302951266312	0.875327644720076	0.969132445995906	-0.243043493509662	-0.206727731332706	-0.0308414860960877	0.0147462802397057	-0.0856231661537435	-0.250091886183494	0.753654944204361	-0.49663267728386	-0.644868246709539
-0.354605426075517	-0.189287523439327	-0.197026614370642	-0.268045353534903	0.0864255078782282	0.311661490944138	-0.160096056255101	-0.655568397540001	-0.708556632958796	-0.492536895810644	-0.213520120690929	-0.0631142976816813	0.177340866768185	0.71912063433087	0.582549335618969	-0.207634067828682	-0.175452623923468	1.27106777154478	1.06139357169123	1.29201918871617	0.74047147295839	1.14737558167685	1.75014987401529	1.75014987401529	1.75014987401529	1.75014987401529	1.75014987401529	1.75014987401529	1.75014987401529	1.75014987401529	1.75014987401529	1.75014987401529	1.75014987401529	-1.13431361706608	-1.13431361706608	-1.13431361706608	-1.13431361706608	-1.13431361706608	-1.13431361706608	-1.13431361706608	-1.13431361706608	-1.13431361706608	-1.13431361706608	-1.13431361706608	2.00123152642243	2.25150206211436	2.20715941910813	1.3655806487694	0.965648645171444	1.45166051959442	0.725316110516168	-0.061231128142236	2.24412226457623	0.355518708234924	0.840654380987138	-0.024866399148955	-0.024866399148955	-0.024866399148955	-0.024866399148955	-0.024866399148955	-0.024866399148955	-0.0248663991489549	-0.024866399148955	-0.024866399148955	-0.0248663991489549	-0.024866399148955	0.946846931199794	0.946846931199794	0.946846931199794	0.946846931199794	0.946846931199794	0.946846931199794	0.946846931199794	0.946846931199794	0.946846931199794	0.946846931199794	0.946846931199794	-0.716848949958382	0.780534075633053	-2.09385303633216	-1.48451212776426	0.251884591686394	-2.59059613948731	-0.315109787960486	-2.36594695818252	-1.0075962888585	-0.0620008490453706	-0.382064399958032	-1.14452216326844	-2.16468588160103
0.853759617455174	1.22256548656633	1.03884929926519	1.18303435751229	0.801962181157237	1.01763017196048	-0.739941422597469	-0.682926875167476	-0.477174889623817	0.0167240153510568	1.22541194795988	-0.958170683816725	-0.434165802562684	-0.881076346130321	-0.729674108491597	-0.396033638090964	-0.0462642574844445	-1.05798646145571	-1.06550851789495	-0.876037955487695	-0.874720380321898	-0.626536495092246	1.30212870012291	1.30212870012291	1.30212870012291	1.30212870012291	1.30212870012291	1.30212870012291	1.30212870012291	1.30212870012291	1.30212870012291	1.30212870012291	1.30212870012291	1.47638162628942	1.47638162628942	1.47638162628942	1.47638162628942	1.47638162628942	1.47638162628942	1.47638162628942	1.47638162628942	1.47638162628942	1.47638162628942	1.47638162628942	0.403144576451524	-0.898497235395867	-0.128774207652903	-0.190591455208653	-1.23796321845467	0.169665704438257	0.285392833442637	-0.751832127519625	-0.379538509999316	-1.16010213988314	-0.791421650336878	-0.400978465457202	-0.400978465457202	-0.400978465457202	-0.400978465457202	-0.400978465457202	-0.400978465457202	-0.400978465457202	-0.400978465457202	-0.400978465457202	-0.400978465457202	-0.400978465457202	0.741350210121066	0.741350210121066	0.741350210121066	0.741350210121066	0.741350210121066	0.741350210121066	0.741350210121066	0.741350210121066	0.741350210121066	0.741350210121066	0.741350210121066	-0.0904477130438667	-0.381868433674129	2.22395694909706	1.08448776813191	-0.282549814090133	0.155534839900993	0.35441496028068	0.0718534347887407	-0.277678495675196	0.133324127405514	-0.14676027615211	0.234944632290683	0.482165881469995
1.32398554949267	1.43532079667521	1.7811986697911	1.87439561922297	1.80839477511644	0.64136427199191	-0.650930874448784	-1.05382241356322	-0.888641056060647	-1.28352934894437	0.74993037204496	-0.0497272087348895	-0.15085831779426	-0.0347037585327034	-0.245081440947843	-0.0386667235002721	0.248671077716166	0.131869099789715	0.112210657979881	-0.170911915004578	0.0529942600977594	-0.158370330040475	-0.596796229859568	-0.596796229859568	-0.596796229859568	-0.596796229859568	-0.596796229859568	-0.596796229859568	-0.596796229859568	-0.596796229859568	-0.596796229859568	-0.596796229859568	-0.596796229859568	-0.603564396050537	-0.603564396050537	-0.603564396050537	-0.603564396050537	-0.603564396050537	-0.603564396050537	-0.603564396050537	-0.603564396050537	-0.603564396050537	-0.603564396050537	-0.603564396050537	-1.55573392089113	-2.01119218573605	-2.55301582503727	-0.992064566195156	-0.72896612525375	-1.87079491732311	-1.88609423237948	-2.60933888939455	-1.85094659091849	0.0630077640220101	1.28340590287297	1.26711003765218	1.26711003765218	1.26711003765218	1.26711003765218	1.26711003765218	1.26711003765218	1.26711003765218	1.26711003765218	1.26711003765218	1.26711003765218	1.26711003765218	1.61278284701067	1.61278284701067	1.61278284701067	1.61278284701067	1.61278284701067	1.61278284701067	1.61278284701067	1.61278284701067	1.61278284701067	1.61278284701067	1.61278284701067	-0.325200162093849	0.0213915154149477	0.382800832283107	1.02359462473387	-1.50023146632689	0.731948355600266	-0.576278249492052	0.691250636938423	1.6377958619966	-0.293932848219397	0.299885846921268	0.238062626951443	0.821304834703746
-1.27048698127261	-2.28712923701046	-1.44912572285623	-1.52702082937379	-1.50817155086943	-0.143449508017735	-0.290873490407605	-0.10333890189834	-0.194120217525732	0.101211083766003	-1.82848142800572	0.51131875130876	0.947521493008685	0.526358384279148	1.02925738389943	1.04790600216191	0.632903454401317	0.541565043544361	0.276573686182268	0.426761270239296	0.36723003654167	0.234210062722174	-1.27860705448585	-1.27860705448585	-1.27860705448585	-1.27860705448585	-1.27860705448585	-1.27860705448585	-1.27860705448585	-1.27860705448585	-1.27860705448585	-1.27860705448585	-1.27860705448585	0.726320739299585	0.726320739299585	0.726320739299585	0.726320739299585	0.726320739299585	0.726320739299585	0.726320739299585	0.726320739299585	0.726320739299585	0.726320739299584	0.726320739299585	1.46504766107385	0.333878139439479	1.05117647621385	0.656474604893023	-0.414798607641409	0.876024879927233	1.14847467763601	1.2473671123793	-0.266302449665992	0.13558355002749	-0.429172848131861	-0.483293878726467	-0.483293878726467	-0.483293878726467	-0.483293878726467	-0.483293878726467	-0.483293878726467	-0.483293878726466	-0.483293878726467	-0.483293878726467	-0.483293878726466	-0.483293878726467	-1.01756406243474	-1.01756406243474	-1.01756406243474	-1.01756406243474	-1.01756406243474	-1.01756406243474	-1.01756406243474	-1.01756406243474	-1.01756406243474	-1.01756406243474	-1.01756406243474	2.64423375175645	0.470311121470959	1.49374914216382	0.950073859264321	0.208533905244154	0.544058025581	1.9069057686172	-0.768065130126997	-0.91413325095238	0.345787720234835	0.209312952305146	2.14115692920268	0.0952677256534685
0.8451569426764	1.48139379784918	1.05529459542918	1.43760440804508	2.1315348476052	2.21175208002291	1.40645179707102	0.443071537595392	0.876243976725802	1.22735682847296	0.688321026362254	2.32294601391833	2.74500191665883	2.03552173044902	2.53448865966846	2.57447536334593	0.830081314239904	1.37368441086555	1.67911159392872	1.96854943652961	1.9989312347024	1.17690173207126	-0.808389663231866	-0.808389663231866	-0.808389663231866	-0.808389663231866	-0.808389663231866	-0.808389663231866	-0.808389663231866	-0.808389663231866	-0.808389663231866	-0.808389663231866	-0.808389663231866	-0.655772996142631	-0.655772996142631	-0.655772996142631	-0.655772996142631	-0.655772996142631	-0.655772996142631	-0.655772996142631	-0.655772996142631	-0.655772996142631	-0.655772996142631	-0.655772996142631	-0.449587717027368	-0.710288697515837	-0.521646821582878	-1.28784933794012	-0.676267897583759	-0.779592067645155	-0.295431631770279	-1.10417557716531	-1.07333462111886	-0.903931427589967	-0.787221407586526	1.13563672748059	1.13563672748059	1.13563672748059	1.13563672748059	1.13563672748059	1.13563672748059	1.13563672748059	1.13563672748059	1.13563672748059	1.13563672748059	1.13563672748059	0.550977141777218	0.550977141777218	0.550977141777218	0.550977141777218	0.550977141777218	0.550977141777218	0.550977141777218	0.550977141777218	0.550977141777218	0.550977141777218	0.550977141777218	0.0750000065710908	2.18946997836288	-0.14155863082301	-0.0856755886520152	0.590554910209913	-0.532221976148698	1.08534972629651	0.409112973559563	-0.838021479654272	-0.257375864451843	1.9251985355549	0.682685091710371	0.486739145608023
0.0927300994600418	-0.424465283977411	-0.666148869468266	-0.650040705787232	0.0316825121144445	1.41958340733703	1.36799092332492	0.776982097040346	0.757067419089802	0.752548898201014	0.318580877734196	-0.0708479436696051	-0.217115674968392	-0.665821656405105	-0.575568871633825	-0.556102352395806	-0.89866904256444	-1.37668873717128	-0.711802474648825	-0.658016076723445	-0.81005993904194	-0.852337165232563	-0.0831231353168246	-0.0831231353168246	-0.0831231353168246	-0.0831231353168246	-0.0831231353168246	-0.0831231353168246	-0.0831231353168246	-0.0831231353168246	-0.0831231353168246	-0.0831231353168245	-0.0831231353168246	0.0290685553413477	0.0290685553413477	0.0290685553413477	0.0290685553413477	0.0290685553413477	0.0290685553413477	0.0290685553413477	0.0290685553413477	0.0290685553413477	0.0290685553413477	0.0290685553413477	0.105342977245486	-1.42745090039022	-1.0211621484588	0.562274051520905	0.37047956971524	-0.993215062972032	-0.84835755694208	-1.46827122912076	-0.491656671786987	0.603809818145776	1.13460786898045	-2.79808323411948	-2.79808323411948	-2.79808323411948	-2.79808323411948	-2.79808323411948	-2.79808323411948	-2.79808323411948	-2.79808323411948	-2.79808323411948	-2.79808323411948	-2.79808323411948	1.04214077809192	1.04214077809192	1.04214077809192	1.04214077809192	1.04214077809192	1.04214077809192	1.04214077809192	1.04214077809192	1.04214077809192	1.04214077809192	1.04214077809192	1.99441488878272	0.715872585924198	0.943799219288559	1.05193665312207	-1.50579766579102	1.69541574845378	1.12248986393192	1.32550844545407	0.357363103133651	-1.44650925483449	0.516529048889503	1.98571544700172	0.0544081935133913
1.29960564299386	0.304751269706309	1.29022653556951	0.904201997768928	-0.246869388984889	-0.0574472572512025	-1.92633498921085	-0.980463889112924	-1.38627821356857	-0.743281870415112	0.977586064440965	0.333187124632703	-0.265697608158769	-0.0330966773015824	-0.16569580493798	0.259226958127076	-0.520557964551222	0.165194387374027	0.329227065683015	-0.356929937659362	0.460963458318064	-0.255482735696028	1.02573974873904	1.02573974873904	1.02573974873904	1.02573974873904	1.02573974873904	1.02573974873904	1.02573974873904	1.02573974873904	1.02573974873904	1.02573974873904	1.02573974873904	-2.61822013072388	-2.61822013072388	-2.61822013072388	-2.61822013072388	-2.61822013072388	-2.61822013072388	-2.61822013072388	-2.61822013072388	-2.61822013072388	-2.61822013072387	-2.61822013072388	-0.048249546243464	-1.65682417443807	-0.641708236189051	0.512198926606808	-0.213851934178675	-0.410320620059213	-1.76383869830093	-1.34322925078989	-0.824215697716977	0.456861272643117	0.421255560298776	1.29220921303937	1.29220921303937	1.29220921303937	1.29220921303937	1.29220921303937	1.29220921303937	1.29220921303937	1.29220921303937	1.29220921303937	1.29220921303937	1.29220921303937	-0.510142448620409	-0.510142448620409	-0.510142448620409	-0.510142448620409	-0.510142448620409	-0.510142448620409	-0.510142448620409	-0.510142448620409	-0.510142448620409	-0.510142448620409	-0.510142448620409	0.820291855585478	-1.35590210716233	0.763187994404069	0.414055294674118	1.05249741878692	1.77624947387131	-0.53428474480596	1.74471661098189	-0.297790083981359	1.05803175233064	0.642109900255656	0.345119679696315	1.06072878691919
-0.356743261106975	-0.545389227775314	-0.868257538140781	-1.4780041628474	-0.674101589875441	-1.47183849850511	0.503614743066045	1.11172737295288	0.335768467188433	0.806894901686439	0.717294651862831	-1.86986367354594	-1.65750532964372	-1.69801786325972	-1.21760944857264	-1.48756155570895	-1.72801295064372	-1.45248995350102	-1.66971727764679	-1.89051898508723	-1.61542343008448	-1.97332534433164	-0.2508939263868	-0.2508939263868	-0.2508939263868	-0.2508939263868	-0.2508939263868	-0.2508939263868	-0.2508939263868	-0.2508939263868	-0.2508939263868	-0.2508939263868	-0.2508939263868	-1.47721931889062	-1.47721931889062	-1.47721931889062	-1.47721931889062	-1.47721931889062	-1.47721931889062	-1.47721931889062	-1.47721931889062	-1.47721931889062	-1.47721931889062	-1.47721931889062	1.1180813076801	-0.632264997633139	0.456707344359499	1.18909775892126	-0.935331249413305	1.04099804601075	0.065998913458891	0.435122672180078	-0.367086266994685	-0.63743147410509	-0.667707165133689	0.848975665864576	0.848975665864576	0.848975665864576	0.848975665864576	0.848975665864576	0.848975665864576	0.848975665864576	0.848975665864576	0.848975665864576	0.848975665864577	0.848975665864576	1.2755319488889	1.2755319488889	1.2755319488889	1.2755319488889	1.2755319488889	1.2755319488889	1.2755319488889	1.2755319488889	1.2755319488889	1.2755319488889	1.2755319488889	-1.29494893484483	-2.46073343123309	-0.304497615182697	-2.44002561286033	1.86343948262237	-0.785809421467244	-0.651173258145895	-0.0642172938675533	-0.875243500337985	0.982683749844329	-2.22442996434372	-1.38298380101502	-0.588242342698128
-2.60647745884252	-0.988786660268986	-1.86845876506436	-1.72619486694964	-0.100469966932114	-0.692555354939072	0.345441133764554	-0.106669540843286	0.0617684954888813	-0.071683962021542	-1.81348339228399	-0.157954761479972	-0.246677295646912	-0.30613170669658	-0.632082018826212	-0.491650915855244	0.127812084090687	-0.500780834670644	-0.47717913369758	-0.174031814424597	-0.164934690326098	0.201368715033645	0.124220184204845	0.124220184204845	0.124220184204845	0.124220184204845	0.124220184204845	0.124220184204845	0.124220184204845	0.124220184204845	0.124220184204845	0.124220184204845	0.124220184204845	-1.05169203523524	-1.05169203523524	-1.05169203523524	-1.05169203523524	-1.05169203523524	-1.05169203523524	-1.05169203523524	-1.05169203523524	-1.05169203523524	-1.05169203523524	-1.05169203523524	-1.57056612156096	-0.575934948443397	-0.828436002804801	-0.774767280071881	-0.557393665757808	-1.45715551315828	-0.72688233442914	-1.77672211351457	0.228461904179164	-0.576735239463618	1.05105758947111	-1.0096946986655	-1.0096946986655	-1.0096946986655	-1.0096946986655	-1.0096946986655	-1.0096946986655	-1.0096946986655	-1.0096946986655	-1.0096946986655	-1.0096946986655	-1.0096946986655	-0.663323980223688	-0.663323980223688	-0.663323980223688	-0.663323980223688	-0.663323980223688	-0.663323980223688	-0.663323980223688	-0.663323980223688	-0.663323980223688	-0.663323980223688	-0.663323980223688	0.0933836923530173	1.38556413624165	1.21456458685182	1.15057646704926	0.584116986611279	-1.88668726674336	-0.122500532063242	-1.29954568857988	-0.974359815153653	0.323045505619907	1.08977023847546	-0.228625405990757	-0.681842779087394
1.69107865501891	2.24483788625715	1.87621865357306	2.14044481839377	2.02461856192183	1.45814809020055	0.958360792971331	1.6400088044571	1.87837442227732	1.62788615555411	1.68585829371252	-0.181378263948036	0.410011704464548	-0.16489676537811	0.305515102147931	0.364133012660002	0.154495074750532	-0.629569511691079	-0.0905722755807786	-0.000227229185992821	-0.439612214625815	-0.115796452743828	-1.09441633010952	-1.09441633010952	-1.09441633010952	-1.09441633010952	-1.09441633010952	-1.09441633010952	-1.09441633010952	-1.09441633010952	-1.09441633010952	-1.09441633010952	-1.09441633010952	0.362347948441159	0.362347948441159	0.362347948441159	0.362347948441159	0.362347948441159	0.362347948441159	0.362347948441159	0.362347948441159	0.362347948441159	0.362347948441159	0.362347948441159	-0.559570095183274	-0.447516606932703	-0.743988380324837	-1.2423578695345	0.230855113771497	-1.25845355836327	-1.94917010657007	0.267039585348106	-1.83658191882962	0.650277960038313	-0.892023598838503	-0.881684627092514	-0.881684627092514	-0.881684627092514	-0.881684627092514	-0.881684627092514	-0.881684627092514	-0.881684627092514	-0.881684627092514	-0.881684627092514	-0.881684627092514	-0.881684627092514	-0.599025489032021	-0.599025489032021	-0.599025489032021	-0.599025489032021	-0.599025489032021	-0.599025489032021	-0.599025489032021	-0.599025489032021	-0.599025489032021	-0.599025489032021	-0.599025489032021	-1.01733962340566	-2.08844266046821	0.20267529849729	-1.00953336602998	0.550492445923241	-0.973796874463025	-0.854285448798466	-1.10828659019465	1.28255677662031	0.0922099516526244	-1.45719190168967	-0.88375487827042	1.15592581322959
-1.78216107091397	-1.61085372627658	-1.77062800073393	-1.31805502352251	-1.13711269412397	0.461990121897838	-0.65484307292996	-0.897213568360342	-0.32398136534929	-1.60970770237459	-1.57222259118348	-0.477117602669755	-0.365685900257278	-0.510033194413749	-0.430287571387268	-0.305066822979123	0.468021588120326	-1.01811343579944	-0.546280873874147	-0.390378934332698	-0.685010513454597	0.0622489806630853	0.510422589768156	0.510422589768156	0.510422589768156	0.510422589768156	0.510422589768156	0.510422589768156	0.510422589768156	0.510422589768156	0.510422589768156	0.510422589768156	0.510422589768156	0.4230548305788	0.4230548305788	0.4230548305788	0.4230548305788	0.4230548305788	0.4230548305788	0.4230548305788	0.4230548305788	0.4230548305788	0.423054830578799	0.4230548305788	1.63304926485774	1.82536544605976	1.93852775263064	1.43627282049476	1.75448649263661	1.15897429611264	0.770376206265438	1.03532743260554	1.3191107461384	1.75234868364793	1.184279410798	0.65840268073361	0.65840268073361	0.65840268073361	0.65840268073361	0.65840268073361	0.65840268073361	0.65840268073361	0.65840268073361	0.65840268073361	0.65840268073361	0.65840268073361	0.518434597981761	0.518434597981761	0.518434597981761	0.518434597981761	0.518434597981761	0.518434597981761	0.518434597981761	0.518434597981761	0.518434597981761	0.518434597981761	0.518434597981761	-0.762245116986607	-0.332850000362543	0.308484088910322	0.700295714097604	0.816252934263203	-0.81055635440717	-0.800692262205211	-1.20086974063864	-0.13309178483393	1.94126406592251	-0.330363064948088	-0.529740375136715	0.46606306306409
-0.549509869748154	0.67066785637732	0.0598103598908265	0.21877627721158	0.565565927984314	0.311113722573296	0.0257191175306988	0.577729708311754	0.738013609279732	0.112807132840403	0.0650891422873141	1.18452259725121	0.979454931364779	0.932637539700896	0.777945220475534	1.12312794480636	0.63010905054925	0.910927702197524	1.1666437955203	0.96072521676616	0.912211983198775	0.914755060604548	0.393189228200794	0.393189228200794	0.393189228200794	0.393189228200794	0.393189228200794	0.393189228200794	0.393189228200794	0.393189228200794	0.393189228200794	0.393189228200795	0.393189228200794	0.494465190457988	0.494465190457988	0.494465190457988	0.494465190457988	0.494465190457988	0.494465190457988	0.494465190457988	0.494465190457988	0.494465190457988	0.494465190457988	0.494465190457988	-0.901429093174952	-1.20941376299298	-0.965802050777024	-0.706547528326635	-0.942415859361192	-0.199886792218083	-1.62807502101744	-0.429701928920432	-1.00711046928696	-1.07228898085997	-1.56111003766885	-0.278124856611983	-0.278124856611983	-0.278124856611983	-0.278124856611983	-0.278124856611983	-0.278124856611983	-0.278124856611982	-0.278124856611983	-0.278124856611983	-0.278124856611982	-0.278124856611983	-0.172983473098621	-0.172983473098621	-0.172983473098621	-0.172983473098621	-0.172983473098621	-0.172983473098621	-0.172983473098621	-0.172983473098621	-0.172983473098621	-0.172983473098621	-0.172983473098621	-0.871664984853947	-0.715327890385818	-0.278819161107366	-1.39956173212611	-0.83378258238619	0.238829355180311	-0.308088221778842	1.50398602319394	-0.755208818516721	-1.23666680449383	-0.291724858205691	-0.206550794927873	-0.37749156999603
-1.27292928048433	-0.977409376034448	-0.459300297907115	-0.629608222251699	-1.78805314062574	-0.779301265851693	-1.81383611229439	-2.65529828685096	-2.73040710789019	-1.09767995616304	-2.10548954775869	2.06062149010009	0.732471264376471	1.40415653483529	0.799898080917592	1.39550450490896	1.67373553837778	1.43706993761193	1.52925539582818	0.425502524288585	1.01727195717765	0.664218830510418	2.07494758427325	2.07494758427325	2.07494758427325	2.07494758427325	2.07494758427325	2.07494758427325	2.07494758427325	2.07494758427325	2.07494758427325	2.07494758427325	2.07494758427325	1.37916552873928	1.37916552873928	1.37916552873928	1.37916552873928	1.37916552873928	1.37916552873928	1.37916552873928	1.37916552873928	1.37916552873928	1.37916552873928	1.37916552873928	0.820897149847939	1.09738798885033	0.816769635819616	1.05193606776996	0.72092197377869	1.3832244367946	0.817984579754423	1.00865978923242	0.165802715519839	0.912015070078551	0.641969531615498	-0.204620364938888	-0.204620364938888	-0.204620364938888	-0.204620364938888	-0.204620364938888	-0.204620364938888	-0.204620364938888	-0.204620364938888	-0.204620364938888	-0.204620364938888	-0.204620364938888	0.0306337995176775	0.0306337995176775	0.0306337995176775	0.0306337995176775	0.0306337995176775	0.0306337995176775	0.0306337995176775	0.0306337995176775	0.0306337995176775	0.0306337995176775	0.0306337995176775	0.974581048621615	0.671336392416287	-0.578957209870175	-0.737710540501154	-1.72610552922876	-0.00400677912637704	1.23073418971286	-0.253156361070916	-0.489361809121463	-1.5564033982813	-0.332736557471646	1.76411384154558	-0.685966299212296
0.0616462220706699	-0.539340826038236	-0.0561409496832764	0.103859522674833	-0.122455307741205	0.943485728577865	0.0278399960812675	-0.503593364141689	-0.290545864674804	-0.288312890891326	-0.787392196433778	1.56974199668671	0.170110486557615	0.634417594129342	0.089537220306988	0.196057651811982	0.587302681031736	0.199672152399657	0.606086512455215	1.28589579934424	0.829815626748942	0.329529019800672	0.912080016347277	0.912080016347277	0.912080016347277	0.912080016347277	0.912080016347277	0.912080016347277	0.912080016347277	0.912080016347277	0.912080016347277	0.912080016347277	0.912080016347277	-1.28046145116121	-1.28046145116121	-1.28046145116121	-1.28046145116121	-1.28046145116121	-1.28046145116121	-1.28046145116121	-1.28046145116121	-1.28046145116121	-1.28046145116121	-1.28046145116121	1.25138600183533	0.267445599786582	1.41552689553138	1.51056319728574	-0.540539704053315	0.680794061659136	1.6368649493239	0.678121010881239	1.25197086089677	-0.138636670762609	0.635003780244444	-0.598545315892241	-0.598545315892241	-0.598545315892241	-0.598545315892241	-0.598545315892241	-0.598545315892241	-0.59854531589224	-0.598545315892241	-0.598545315892241	-0.59854531589224	-0.598545315892241	0.118809355150886	0.118809355150886	0.118809355150886	0.118809355150886	0.118809355150886	0.118809355150886	0.118809355150886	0.118809355150886	0.118809355150886	0.118809355150886	0.118809355150886	0.068419095487188	-0.227588947002973	-0.241013164979386	-0.161819913102111	0.178767533013623	-2.19154882802619	-0.534451970317906	-2.66500577218041	-0.654744304026618	0.11206295143317	0.472516002323456	-0.641151574144406	-0.318869239912046
-0.524683079017822	0.239648837970808	-0.168663545465635	-0.300020456541271	0.492446222894644	-0.400211200818912	0.313334306157203	0.471771452598848	0.293519698070307	0.44570497819494	0.11995165851086	0.299858854818281	0.387607336177761	0.435344314323894	0.195275291643416	-0.383553963666036	0.724200262950922	0.302170466774501	0.18282949999842	1.34839765204127	0.438909839158953	1.356229611987	1.42446904156473	1.42446904156473	1.42446904156473	1.42446904156473	1.42446904156473	1.42446904156473	1.42446904156473	1.42446904156473	1.42446904156473	1.42446904156473	1.42446904156473	-1.36484897896926	-1.36484897896926	-1.36484897896926	-1.36484897896926	-1.36484897896926	-1.36484897896926	-1.36484897896926	-1.36484897896926	-1.36484897896926	-1.36484897896926	-1.36484897896926	1.50492086715276	2.1223029481805	1.70671403803298	2.23368652868731	1.82994240973208	2.18184709336702	1.68817583414182	1.71863458889728	2.6315634414435	1.39382637326127	1.2460122315724	0.874230126998696	0.874230126998696	0.874230126998696	0.874230126998696	0.874230126998696	0.874230126998696	0.874230126998696	0.874230126998696	0.874230126998696	0.874230126998696	0.874230126998696	-1.40521325807871	-1.40521325807871	-1.40521325807871	-1.40521325807871	-1.40521325807871	-1.40521325807871	-1.40521325807871	-1.40521325807871	-1.40521325807871	-1.40521325807871	-1.40521325807871	0.596446169263838	0.0665544602806314	0.189909823868193	0.234990726455332	0.74750553203761	0.607146027350692	-0.0800734914806649	0.868939050390091	0.135006860129231	0.537096411411697	0.750179509829629	1.09799574990224	1.79829268087885
0.127274101877355	-0.336533968393	-0.0895203801788302	-0.335682392326896	-0.705061553132646	-0.682367891117552	-0.610769898931792	0.0399226761445498	-0.25307332555387	-0.211646987480761	0.143120501732493	0.299699970269548	0.0314372802473174	0.110195506085043	-0.141622915285755	0.0161760939867611	-0.249909410096749	0.0265899756805905	0.741697861178279	0.404713896692353	0.212020703228982	0.497046960643349	-0.824106759380489	-0.824106759380489	-0.824106759380489	-0.824106759380489	-0.824106759380489	-0.824106759380489	-0.824106759380489	-0.824106759380489	-0.824106759380489	-0.824106759380489	-0.824106759380489	-1.1499601479529	-1.1499601479529	-1.1499601479529	-1.1499601479529	-1.1499601479529	-1.1499601479529	-1.1499601479529	-1.1499601479529	-1.1499601479529	-1.1499601479529	-1.1499601479529	-0.11127661993833	-0.658995427277237	-1.2315242610395	-0.145693844138151	-0.578671957510165	0.0845995521863292	-0.184777804103885	-1.27793709575262	-0.604501016937231	-0.929670294794198	-0.0742574510394748	-0.608191011199697	-0.608191011199697	-0.608191011199697	-0.608191011199697	-0.608191011199697	-0.608191011199697	-0.608191011199696	-0.608191011199697	-0.608191011199697	-0.608191011199696	-0.608191011199697	0.756976348196294	0.756976348196294	0.756976348196294	0.756976348196294	0.756976348196294	0.756976348196294	0.756976348196294	0.756976348196294	0.756976348196294	0.756976348196294	0.756976348196294	0.961108478455347	1.90008497996901	2.54629563324126	2.87075180062293	0.397553780667714	0.250869937901698	0.568975815399487	0.386825513654178	-0.369763284588841	0.82627595164103	2.86055781172688	1.97431752805207	2.25510055667255
-0.61948939644852	0.770647159712743	0.0667274838195682	0.272110972589565	0.219376494695332	-1.1081103423514	-0.329400643174288	0.771263750643474	0.977132422819245	-0.353442060734709	0.122997098654043	0.83216224082961	0.235070335922877	0.70595549004357	0.298330640429821	0.34100038695436	0.590950504520951	0.196768279645996	0.591218356112735	0.246547370906833	1.16912856886092	0.164362446918387	-0.605222494369485	-0.605222494369485	-0.605222494369485	-0.605222494369485	-0.605222494369485	-0.605222494369485	-0.605222494369485	-0.605222494369485	-0.605222494369485	-0.605222494369485	-0.605222494369485	0.140636957856945	0.140636957856945	0.140636957856945	0.140636957856945	0.140636957856945	0.140636957856945	0.140636957856945	0.140636957856945	0.140636957856945	0.140636957856945	0.140636957856945	-0.818504945282085	-0.604425784502133	-1.08272597172696	-0.480915233900999	0.283207114725895	-1.08003571880677	-1.66218864513528	-1.31342422014722	0.336899312655385	0.606116935874559	0.774452137523076	0.593469731439071	0.593469731439071	0.593469731439071	0.593469731439071	0.593469731439071	0.593469731439071	0.593469731439071	0.593469731439071	0.593469731439071	0.593469731439071	0.593469731439071	-2.77116390221246	-2.77116390221246	-2.77116390221246	-2.77116390221246	-2.77116390221246	-2.77116390221246	-2.77116390221246	-2.77116390221246	-2.77116390221246	-2.77116390221246	-2.77116390221246	1.11514208887224	0.619166983742171	0.990983395340863	0.245242912500062	-1.45844695069827	0.0204695499694101	1.48939368705072	-0.381436914385657	0.23237288983179	-1.60476505537453	-0.149026999886491	1.5276347618391	-0.0414159626357656
-0.203960518924753	-0.206754997465959	0.302103733314612	-0.264298440046361	-0.324510651310891	-0.609693262800828	-1.68057691675108	-0.891920405594696	-1.51762685159246	-1.04699916759955	-0.0751657260500086	0.424566600761016	0.94991688357136	1.02234110491944	0.98857005338121	0.473788844616829	0.249177492872292	1.51936569823816	1.34771721322241	1.29202231380581	0.91335331628412	1.28443996856239	-0.145357402278398	-0.145357402278398	-0.145357402278398	-0.145357402278398	-0.145357402278398	-0.145357402278398	-0.145357402278398	-0.145357402278398	-0.145357402278398	-0.145357402278398	-0.145357402278398	0.418995460193918	0.418995460193918	0.418995460193918	0.418995460193918	0.418995460193918	0.418995460193918	0.418995460193918	0.418995460193918	0.418995460193918	0.418995460193918	0.418995460193918	-0.979645844121494	1.04896807629543	-0.284697778662085	0.1827707111339	1.42978994116547	0.399908110712866	0.151831019832977	0.957802252117846	1.44878972361862	0.791330056495999	0.543890720104925	0.876196668103331	0.876196668103331	0.876196668103331	0.876196668103331	0.876196668103331	0.876196668103331	0.87619666810333	0.876196668103331	0.876196668103331	0.876196668103331	0.876196668103331	-0.511679038028618	-0.511679038028618	-0.511679038028618	-0.511679038028618	-0.511679038028618	-0.511679038028618	-0.511679038028618	-0.511679038028618	-0.511679038028618	-0.511679038028618	-0.511679038028618	-1.21846797272498	0.0714209116614797	1.26056654431778	0.875922581257524	-0.531903087866319	0.0476173874117878	-0.351389609807562	0.589249996566519	-0.998468826387589	-0.574856389222881	-0.164453905450503	-0.328226045436699	-0.271394854283196
0.725400769258819	1.2322015765428	0.766490049910899	0.512892184150966	1.00148246029209	0.424565503192478	0.95617696134617	-0.109510920130553	-0.401944733838956	1.44100002489738	0.949833945751445	-0.699231812979805	-1.70400458886922	-1.72423003905159	-1.94580029552737	-1.63146573993157	-1.97459132442795	-1.6043070584095	-2.02321230717763	-1.87719291142247	-1.23706942798508	-2.26384766765585	-0.35530398924326	-0.35530398924326	-0.35530398924326	-0.35530398924326	-0.35530398924326	-0.35530398924326	-0.35530398924326	-0.35530398924326	-0.35530398924326	-0.35530398924326	-0.35530398924326	0.983202857165161	0.983202857165161	0.983202857165161	0.983202857165161	0.983202857165161	0.983202857165161	0.983202857165161	0.983202857165161	0.983202857165161	0.983202857165161	0.983202857165161	-0.0465349088794437	1.3153823990784	1.4279727538753	1.00819253787135	-1.1364674662143	1.36969313147874	2.42492972708436	2.15398962293813	1.19363085614405	-0.83631277914014	0.301327031971542	-0.135748306072771	-0.135748306072771	-0.135748306072771	-0.135748306072771	-0.135748306072771	-0.135748306072771	-0.135748306072771	-0.135748306072771	-0.135748306072771	-0.135748306072771	-0.135748306072771	0.964811745156206	0.964811745156206	0.964811745156206	0.964811745156206	0.964811745156206	0.964811745156206	0.964811745156206	0.964811745156206	0.964811745156206	0.964811745156206	0.964811745156206	-0.0504470724877668	1.89801401403958	0.963710237510577	1.2773341910189	-1.43990492721084	-0.0922818418590083	1.80930218706505	-0.90592762132541	-1.67573394684539	-0.925456124897372	2.38086122981184	0.268745441919608	-0.926237665945216
-0.548527705981049	-0.532284323098715	-0.11088197238046	-0.133077874397353	-1.3521031231635	-0.470931067329467	-1.50516780480089	-0.961223302536444	-0.941652222373539	-0.904105770915062	-0.845837840518522	0.210229556537647	0.0353341936117655	-0.585395742139244	-0.5082140442603	0.284046712027811	-0.659310798057244	-0.592433794809081	-0.31353749588666	-1.08747133454419	-0.402140458952143	-0.557264806701943	0.48227331037928	0.48227331037928	0.48227331037928	0.48227331037928	0.48227331037928	0.48227331037928	0.48227331037928	0.48227331037928	0.48227331037928	0.48227331037928	0.48227331037928	-0.327786707070583	-0.327786707070583	-0.327786707070583	-0.327786707070583	-0.327786707070583	-0.327786707070583	-0.327786707070583	-0.327786707070583	-0.327786707070583	-0.327786707070583	-0.327786707070583	-1.63794925037772	-0.899057309597812	-1.91657949676936	-1.899629974283	-1.25212828503425	-1.47190687323688	-0.460371853963475	-1.50447578412559	-0.672244256147863	-1.09831356432983	-0.104374626121159	-1.06388288073336	-1.06388288073336	-1.06388288073336	-1.06388288073336	-1.06388288073336	-1.06388288073336	-1.06388288073336	-1.06388288073336	-1.06388288073336	-1.06388288073336	-1.06388288073336	-3.7896239355027	-3.7896239355027	-3.7896239355027	-3.7896239355027	-3.7896239355027	-3.7896239355027	-3.7896239355027	-3.7896239355027	-3.7896239355027	-3.7896239355027	-3.7896239355027	0.859502086223419	-0.466249857457256	-0.626653794711628	0.503604024771965	-0.501637357362847	1.10328711875458	-1.1229516418067	1.01997237375157	1.50289697812334	0.0522948919715879	1.1993419488246	0.691945354715944	2.13923272060578
-0.301922144134266	-0.290883613143072	-0.416643402537822	-0.193183915054788	-0.104295601331666	-0.257900395427356	0.198697003965591	-1.50985174002871	-1.17450532361588	-0.482318289978328	-0.75412706692285	-1.95011528726733	-1.70429194476254	-1.85976136031945	-1.49031583824023	-1.10395400687525	-1.20789119176576	-1.86624302269772	-1.54774027257457	-2.56696952109367	-1.99402796911684	-1.61440975131249	0.241789402426419	0.241789402426419	0.241789402426419	0.241789402426419	0.241789402426419	0.241789402426419	0.241789402426419	0.241789402426419	0.241789402426419	0.241789402426419	0.241789402426419	-0.929555158425764	-0.929555158425764	-0.929555158425764	-0.929555158425764	-0.929555158425764	-0.929555158425764	-0.929555158425764	-0.929555158425764	-0.929555158425764	-0.929555158425764	-0.929555158425764	1.07703137097285	0.978258816828459	0.271282503782382	0.828596218711716	0.773106819663253	1.59869121599237	0.159100190635086	0.119037038318669	0.201332189538721	0.379110896321528	0.135588524298408	-0.69020088357796	-0.69020088357796	-0.69020088357796	-0.69020088357796	-0.69020088357796	-0.69020088357796	-0.69020088357796	-0.69020088357796	-0.69020088357796	-0.69020088357796	-0.69020088357796	0.16266624340088	0.16266624340088	0.16266624340088	0.16266624340088	0.16266624340088	0.16266624340088	0.16266624340088	0.16266624340088	0.16266624340088	0.16266624340088	0.16266624340088	-1.77563654668885	1.24783375397709	1.36991880513906	1.56418387251461	-1.07537142168034	-0.953434524897276	-0.279065038609518	-0.391910854859703	1.70067948005034	-0.591381058506926	1.7930456655447	-2.1783168903945	-0.0357772538912898
0.0776665658122376	-0.193107593303189	-0.149311214628276	-0.626665622986707	-1.0210572029479	-2.26878302679358	-0.235655441446002	0.839452827046494	0.234809585815475	-0.132231556093718	0.243824032471851	0.0432184457258907	-0.682702974331983	-0.601315159020777	-1.03819057305879	-0.86397073347258	-0.585715427041936	-0.177469369906991	-0.602830432624789	-0.128494383275209	-1.12524500164177	-0.160483817179727	0.568025818615347	0.568025818615347	0.568025818615347	0.568025818615347	0.568025818615347	0.568025818615347	0.568025818615347	0.568025818615347	0.568025818615347	0.568025818615347	0.568025818615347	0.331089267974492	0.331089267974492	0.331089267974492	0.331089267974492	0.331089267974492	0.331089267974492	0.331089267974492	0.331089267974492	0.331089267974492	0.331089267974492	0.331089267974492	0.17542826862328	-1.69913297589927	-1.59866352080059	-0.423677304587116	0.164354620471862	0.20214871045958	-0.960900623650336	-1.84075187679397	-2.24195512907155	-0.165627337327464	-0.71750057535535	0.278948612257095	0.278948612257095	0.278948612257095	0.278948612257095	0.278948612257095	0.278948612257095	0.278948612257095	0.278948612257095	0.278948612257095	0.278948612257095	0.278948612257095	1.06875340984895	1.06875340984895	1.06875340984895	1.06875340984895	1.06875340984895	1.06875340984895	1.06875340984895	1.06875340984895	1.06875340984895	1.06875340984895	1.06875340984895	-0.278210417281355	0.756265738046212	0.245659925665597	-0.338785724101249	0.255702724810793	-0.501682177628601	0.443408127065843	0.323542944844644	-0.568661555549859	-0.240610365858393	0.345561802823155	0.492674725378102	-0.166005244018752
-1.35626151819657	-0.408845923050369	-1.35221412270205	-1.19623806525786	-0.191037884478693	-0.0556289481087579	1.08819424227205	-0.420501471541893	-0.219499735131012	0.0819527361280138	-0.933257012659278	-1.47165506649508	-0.849009611069705	-1.03659748147577	-0.736284797222977	-0.94790966672093	-0.538958690304509	-0.972835755098362	-1.19704284688181	-1.27187786489394	-1.25935674101022	-0.924983158304227	-0.760081180729734	-0.760081180729734	-0.760081180729734	-0.760081180729734	-0.760081180729734	-0.760081180729734	-0.760081180729734	-0.760081180729734	-0.760081180729734	-0.760081180729734	-0.760081180729734	0.945066012219327	0.945066012219327	0.945066012219327	0.945066012219327	0.945066012219327	0.945066012219327	0.945066012219327	0.945066012219327	0.945066012219327	0.945066012219326	0.945066012219327	-0.486946471346269	0.4806002132376	0.245978462143202	0.144243320512419	-0.550754612038747	0.565057613921833	1.8281189509497	1.34662688435782	0.203850741437596	-0.191792330658062	0.211584800529339	-2.98174588705743	-2.98174588705743	-2.98174588705743	-2.98174588705743	-2.98174588705743	-2.98174588705743	-2.98174588705743	-2.98174588705743	-2.98174588705743	-2.98174588705743	-2.98174588705743	-0.238840498924549	-0.238840498924549	-0.238840498924549	-0.238840498924549	-0.238840498924549	-0.238840498924549	-0.238840498924549	-0.238840498924549	-0.238840498924549	-0.238840498924549	-0.238840498924549	0.294260455128085	0.445469137854433	0.340928956704499	0.190221084698661	0.484167556062036	-1.08908488311656	0.424073528768943	-1.42312564017395	-1.44337998405283	-0.0977821341358604	-0.0277593065344014	-0.0982529601188319	-1.84604034542531
-1.3484311590238	-1.05327222406804	-1.34183520071732	-1.37948535744344	-0.322093133789956	0.61512405111016	0.385268600164735	0.19504788472134	0.137787699524579	-0.0874540245422402	-0.692582539470102	-1.23572360540364	-0.845918193647041	-0.666642468413943	-0.358210275838085	-1.02174553022056	-0.467457042324163	0.177370938682669	-0.999588671367321	-0.345574016982211	-0.51074879376767	-0.407057677687644	0.538794779098468	0.538794779098468	0.538794779098468	0.538794779098468	0.538794779098468	0.538794779098468	0.538794779098468	0.538794779098468	0.538794779098468	0.538794779098468	0.538794779098468	-0.146464638419272	-0.146464638419272	-0.146464638419272	-0.146464638419272	-0.146464638419272	-0.146464638419272	-0.146464638419272	-0.146464638419272	-0.146464638419272	-0.146464638419272	-0.146464638419272	-0.807722113107184	0.841705377475823	-0.0743810595471887	0.213643376191358	0.0619063053596716	0.29330780005083	0.546046735345383	0.662673359862159	1.19020414147172	-0.0549197941773836	0.653303728227011	-1.49891076805305	-1.49891076805305	-1.49891076805305	-1.49891076805305	-1.49891076805305	-1.49891076805305	-1.49891076805305	-1.49891076805305	-1.49891076805305	-1.49891076805305	-1.49891076805305	-0.236224291202609	-0.236224291202609	-0.236224291202609	-0.236224291202609	-0.236224291202609	-0.236224291202609	-0.236224291202609	-0.236224291202609	-0.236224291202609	-0.236224291202609	-0.236224291202609	-1.7389264654655	0.950053307118923	-1.68182254910669	-0.684664719434362	0.115444249785621	-0.572147840144381	0.202306459342169	-0.674696090273606	1.19226445167849	0.536664386141349	-0.861447356115099	-1.43564758009368	-0.823075762543135
0.147639488708612	-0.535638876200802	-0.278215780968182	-0.805588564056015	-0.404226159510694	-0.258744957878931	0.542180694846793	0.531653383379736	-0.117662744445478	1.03007946011113	0.116011985125006	0.717185848169529	-0.526379885683313	0.00914571616405805	-0.411999931679294	0.348865443098704	-0.312085784677078	0.177846468039165	0.794740705696245	-0.405350378834375	-0.270269259856279	-0.38021214056045	1.01623469050448	1.01623469050448	1.01623469050448	1.01623469050448	1.01623469050448	1.01623469050448	1.01623469050448	1.01623469050448	1.01623469050448	1.01623469050448	1.01623469050448	-0.383495972323876	-0.383495972323876	-0.383495972323876	-0.383495972323876	-0.383495972323876	-0.383495972323876	-0.383495972323876	-0.383495972323876	-0.383495972323876	-0.383495972323876	-0.383495972323876	-0.395123937541134	0.0753226313005979	-0.0445694650332563	-0.628517055188701	0.733503619227298	-0.824408399724939	0.0443926747195387	0.465220671529074	-0.244711385798632	1.12528622833214	0.439718084228498	0.892089780173861	0.892089780173861	0.892089780173861	0.892089780173861	0.892089780173861	0.892089780173861	0.892089780173861	0.892089780173861	0.892089780173861	0.892089780173861	0.892089780173861	0.795025633225175	0.795025633225175	0.795025633225175	0.795025633225175	0.795025633225175	0.795025633225175	0.795025633225175	0.795025633225175	0.795025633225175	0.795025633225175	0.795025633225175	-1.14834458162732	0.445186596435286	-0.370091534968404	0.41496984166719	1.93351974909877	-0.22920759099312	-0.163337708685653	-0.549165565385379	0.852593151135549	2.09115646186778	0.0905821733407935	-1.28894692673667	0.419325513217728
0.0705857472714858	-0.0920478016252473	-0.673018078184082	0.274706917193468	-0.129863215665829	1.26604550298388	1.7350454483153	-0.488669427014144	0.652827557178076	-0.175991201075148	-0.650159476528327	0.732766713818686	1.59500948772502	1.05080638804403	1.2815681920996	1.6142350083088	1.38687118938369	0.495165510657871	0.987184865261899	0.407259230645237	1.19276626696898	1.24329114484175	0.784987905345357	0.784987905345357	0.784987905345357	0.784987905345357	0.784987905345357	0.784987905345357	0.784987905345357	0.784987905345357	0.784987905345357	0.784987905345357	0.784987905345357	-1.3439022896821	-1.3439022896821	-1.3439022896821	-1.3439022896821	-1.3439022896821	-1.3439022896821	-1.3439022896821	-1.3439022896821	-1.3439022896821	-1.3439022896821	-1.3439022896821	-0.730676255915182	0.178030871301193	-0.16335568369947	-0.434574119522925	0.460520964668339	-0.394578049149228	0.371694868757936	0.262430600089863	0.377503231856303	0.00774119356378785	-0.0251753206480065	0.455003929351176	0.455003929351176	0.455003929351176	0.455003929351176	0.455003929351176	0.455003929351176	0.455003929351176	0.455003929351176	0.455003929351176	0.455003929351176	0.455003929351176	1.19115992655877	1.19115992655877	1.19115992655877	1.19115992655877	1.19115992655877	1.19115992655877	1.19115992655877	1.19115992655877	1.19115992655877	1.19115992655877	1.19115992655877	-1.50885834428653	-0.525555408424456	1.43124314555883	-0.651304994201234	-0.406590156959926	-0.939054103200951	0.486482684685821	-0.180255662774887	-0.460980536944035	-1.38172861807879	-0.276417474465279	-1.39674312011738	-0.684524825642062
0.439473997952977	-0.099319044448773	0.267230387189188	0.0790793292359611	-0.278827936952667	-0.173016480203811	-0.7613318318921	0.122721524099632	-0.1047902839077	-0.0492388944071363	0.79891586134153	0.112958483970455	0.339157771644379	0.0683723152853546	0.290885765942151	0.255581859141832	0.0526750536700377	-0.0337556358244558	-0.141192179733569	0.13161998710682	-0.103377101053725	0.20664550465458	0.167015121232548	0.167015121232548	0.167015121232548	0.167015121232548	0.167015121232548	0.167015121232548	0.167015121232548	0.167015121232548	0.167015121232548	0.167015121232548	0.167015121232548	-0.580147639243982	-0.580147639243982	-0.580147639243982	-0.580147639243982	-0.580147639243982	-0.580147639243982	-0.580147639243982	-0.580147639243982	-0.580147639243982	-0.580147639243982	-0.580147639243982	0.0152831353624348	0.117478814749188	0.0834286377592226	-0.584888511060287	0.191941804012696	-0.68348738984437	-0.95993224530908	-0.126245148363113	-0.317464476011966	-0.0144116965132469	-0.506030889449425	1.30830439422717	1.30830439422717	1.30830439422717	1.30830439422717	1.30830439422717	1.30830439422717	1.30830439422717	1.30830439422717	1.30830439422717	1.30830439422717	1.30830439422717	0.0466199234763092	0.0466199234763092	0.0466199234763092	0.0466199234763092	0.0466199234763092	0.0466199234763092	0.0466199234763092	0.0466199234763092	0.0466199234763092	0.0466199234763092	0.0466199234763092	1.08231406059756e-05	-0.562602003534428	-0.869785361452868	-0.447324969378512	-0.529922368682675	-0.0964623993767875	-0.0379510959133776	-0.947505035840978	1.06633599848437	-0.0722090966068672	-0.928545713122634	-0.417506570663457	0.0183523366383108
0.471400876449632	0.72177949833347	1.06181346407815	1.13023626320071	0.936744484605527	1.10435686829737	-0.511512183004694	-0.746215790438964	-0.626888426018514	-0.00224089715392146	0.0457471119532867	0.0689450258816114	1.20201443644839	0.409348816061595	0.937717650955998	1.06077976424577	0.060537409636016	0.0501628151020132	0.278113431881155	-0.438834166105986	0.678446845379608	-0.00982248046942431	0.797571680255759	0.797571680255759	0.797571680255759	0.797571680255759	0.797571680255759	0.797571680255759	0.797571680255759	0.797571680255759	0.797571680255759	0.797571680255759	0.797571680255759	0.24607539880532	0.24607539880532	0.24607539880532	0.24607539880532	0.24607539880532	0.24607539880532	0.24607539880532	0.24607539880532	0.24607539880532	0.24607539880532	0.24607539880532	0.307283831711968	0.438024556718417	-0.0903522577620003	-1.29703494965365	-0.275371184950877	-0.436090409535838	-0.927944510749222	-0.890669517908744	-1.36194873519189	-0.217925799436327	-0.453296410611814	-0.151835107732703	-0.151835107732703	-0.151835107732703	-0.151835107732703	-0.151835107732703	-0.151835107732703	-0.151835107732703	-0.151835107732703	-0.151835107732703	-0.151835107732703	-0.151835107732703	0.285651131882982	0.285651131882982	0.285651131882982	0.285651131882982	0.285651131882982	0.285651131882982	0.285651131882982	0.285651131882982	0.285651131882982	0.285651131882982	0.285651131882982	-0.140966123455011	-1.22805763636728	-0.388342693190357	-0.936628772560516	0.255181095419768	1.44004554519655	0.333644548001578	1.12420191922958	-0.588921132111843	0.507731219103952	-1.34987768275687	0.504168781956491	0.293063123752053
-0.851686735117424	-2.14070896231122	-1.6900070799542	-1.40830700444653	-2.20290199358105	0.279331004671918	-0.400572389123334	-1.21595244805882	-0.829130187269476	-0.736974317217078	-1.23407636026128	-1.82368027388184	-1.40869902427919	-1.44385131114112	-1.19468561263229	-1.54108477600626	-0.572642434541244	-1.50609520675104	-0.933194389313397	-0.67888657500679	-1.43543851552221	-0.623246730780302	-0.110010547160843	-0.110010547160843	-0.110010547160843	-0.110010547160843	-0.110010547160843	-0.110010547160843	-0.110010547160843	-0.110010547160843	-0.110010547160843	-0.110010547160843	-0.110010547160843	-0.288619141714139	-0.288619141714139	-0.288619141714139	-0.288619141714139	-0.288619141714139	-0.288619141714139	-0.288619141714139	-0.288619141714139	-0.288619141714139	-0.288619141714139	-0.288619141714139	0.838513754969725	0.376296561159511	1.27701828840727	0.885176811084975	0.288839277493996	0.404356317925226	-0.131426760713987	0.914925302755131	0.319809652896283	0.867516836022939	0.259500413758845	0.0160727735500912	0.0160727735500912	0.0160727735500912	0.0160727735500912	0.0160727735500912	0.0160727735500912	0.0160727735500912	0.0160727735500912	0.0160727735500912	0.0160727735500912	0.0160727735500912	0.0398230042934957	0.0398230042934957	0.0398230042934957	0.0398230042934957	0.0398230042934957	0.0398230042934957	0.0398230042934957	0.0398230042934957	0.0398230042934957	0.0398230042934957	0.0398230042934957	-0.482271225724474	0.540375873079657	0.313947479093987	0.346829200331039	1.07834035505455	0.24045275212672	0.088374535242152	0.662172004056444	0.334773789911328	0.919746982428518	0.794104499116152	-0.0242149381091096	1.19630938452711
-1.02202429123309	-0.247890594342199	-0.40402207175361	0.475448316411243	-0.13841941933153	0.107930586541617	-1.05403932613508	-2.05526898695892	-0.918631492536159	-2.82512780245194	-1.64891721750939	1.00705242143136	1.45084330013992	1.23339320878328	1.22270824020106	0.956039861464544	0.860589225974684	1.54990367668855	0.774030800795687	1.31162942032335	1.12030981391589	0.901031988498657	0.0925874434722509	0.0925874434722509	0.0925874434722509	0.0925874434722509	0.0925874434722509	0.0925874434722509	0.0925874434722509	0.0925874434722509	0.0925874434722509	0.0925874434722509	0.0925874434722509	-0.930615433650975	-0.930615433650975	-0.930615433650975	-0.930615433650975	-0.930615433650975	-0.930615433650975	-0.930615433650975	-0.930615433650975	-0.930615433650975	-0.930615433650975	-0.930615433650975	0.246363734002635	-0.638240531446054	0.807454767837244	0.0398692684036624	-0.709800786848038	-0.354055405814426	-0.489358939713089	0.657625061784997	0.417545812532619	-0.164396765068754	-0.913780733070527	0.413399101595106	0.413399101595106	0.413399101595106	0.413399101595106	0.413399101595106	0.413399101595106	0.413399101595106	0.413399101595106	0.413399101595106	0.413399101595106	0.413399101595106	1.12766045459967	1.12766045459967	1.12766045459967	1.12766045459967	1.12766045459967	1.12766045459967	1.12766045459967	1.12766045459967	1.12766045459967	1.12766045459967	1.12766045459967	-2.08461371941897	-0.417613772056784	-0.507831108334449	-0.828000383749702	-1.61785585849466	-0.307906952818246	-0.264072079578688	0.041858224821021	-0.438017740771011	-1.0705951625836	-0.200174408799982	-2.07307664286307	-1.6850814702222
-0.213613438982015	0.569574843544516	-0.457021345578855	0.267830989714692	0.64016215365757	0.265725881766476	1.14699883564353	0.733926494475344	1.55402904911201	0.052345063200526	0.412709733644005	0.801039857733957	0.890068991048045	0.734747873619428	0.890461401716969	0.854203451207247	0.475388288376371	0.564852997329512	0.4656165931302	0.880792596295916	0.661193591147821	0.852004807557052	0.012587601418499	0.012587601418499	0.012587601418499	0.012587601418499	0.012587601418499	0.012587601418499	0.012587601418499	0.012587601418499	0.012587601418499	0.012587601418499	0.012587601418499	0.193954970331393	0.193954970331393	0.193954970331393	0.193954970331393	0.193954970331393	0.193954970331393	0.193954970331393	0.193954970331393	0.193954970331393	0.193954970331393	0.193954970331393	-1.48845504554334	-1.32220532924049	-1.14718720729077	-2.51574308659902	-1.77172218743388	-2.57739587908175	-1.65831287718514	-1.41738798698549	-2.0656550920746	-1.01926287512211	-0.706987876386728	1.53275756905048	1.53275756905048	1.53275756905048	1.53275756905048	1.53275756905048	1.53275756905048	1.53275756905048	1.53275756905048	1.53275756905048	1.53275756905048	1.53275756905048	0.700055289022693	0.700055289022693	0.700055289022693	0.700055289022693	0.700055289022693	0.700055289022693	0.700055289022693	0.700055289022693	0.700055289022693	0.700055289022693	0.700055289022693	0.359444222831888	-0.0431422429740195	-1.31120567333807	-2.62387057320452	-0.00380849346115528	-1.48584324231784	0.834059138619306	-0.797675719299983	-1.83351102253715	-1.27014047606872	-1.17289219582058	0.356074220245561	-2.03070505261965
-0.684135265078506	-0.0100746295383868	0.472134848392081	-0.355696141764462	-0.130778343391391	-1.28815231773539	-1.80760854345249	-1.14189144163473	-2.06407300965019	-0.0519355501090973	-0.491457646523828	0.204707057690156	0.707580197201031	1.57219641743201	1.13356682466877	0.441098155855423	1.80886236643195	1.79073405015568	1.39892609092792	1.11053043345982	2.22215641983813	1.87819390718871	-0.0166639370248089	-0.0166639370248089	-0.0166639370248089	-0.0166639370248088	-0.0166639370248089	-0.0166639370248088	-0.0166639370248088	-0.0166639370248088	-0.0166639370248089	-0.0166639370248088	-0.0166639370248089	-0.756523735205292	-0.756523735205292	-0.756523735205292	-0.756523735205292	-0.756523735205292	-0.756523735205292	-0.756523735205292	-0.756523735205292	-0.756523735205292	-0.756523735205292	-0.756523735205292	-0.732486912738842	-0.32462155745787	-1.01783038596669	-0.3084996997939	0.700437499856608	-0.531882035409272	-0.453958526022595	-1.22380251614458	0.504868301453249	0.639613176144518	1.05382671582966	0.344514268608265	0.344514268608265	0.344514268608265	0.344514268608265	0.344514268608265	0.344514268608265	0.344514268608265	0.344514268608265	0.344514268608265	0.344514268608265	0.344514268608265	-0.0129063914475948	-0.0129063914475948	-0.0129063914475948	-0.0129063914475948	-0.0129063914475948	-0.0129063914475948	-0.0129063914475948	-0.0129063914475948	-0.0129063914475948	-0.0129063914475948	-0.0129063914475948	-0.473206070428362	-1.98675700656728	1.43199146866515	-0.328686826855068	-0.75862078756426	-2.84366737147348	-1.79458621446808	-2.21294505396522	-0.253238772447823	-1.48288039314238	-0.702958815349035	-1.51358521102225	-0.441353012338704
-0.478291061919921	0.270162374594435	0.241365528668999	-0.212942171442071	0.19908724255817	-1.03853705192801	-0.825478244800602	0.941037857773123	0.359752654926974	0.05729835439765	0.199811170784103	-0.43669593411676	-0.852939115116768	-0.105933439995775	-0.520406199894503	-0.89038052395465	0.676564357940357	-0.219611630493425	0.138521197870895	0.253162184693613	-0.381221797435873	0.891505466888767	0.266121004760537	0.266121004760537	0.266121004760537	0.266121004760537	0.266121004760537	0.266121004760537	0.266121004760537	0.266121004760537	0.266121004760537	0.266121004760537	0.266121004760537	1.76938800816305	1.76938800816305	1.76938800816305	1.76938800816305	1.76938800816305	1.76938800816305	1.76938800816305	1.76938800816305	1.76938800816305	1.76938800816305	1.76938800816305	1.8302232363266	0.0561724049115834	1.49650124746508	1.06091909403694	-0.870997313393633	0.545965517912698	-0.383290533631015	1.01540441404644	-0.655423152501454	-0.380250404957233	-0.93237115071016	0.948138360763333	0.948138360763333	0.948138360763333	0.948138360763333	0.948138360763333	0.948138360763333	0.948138360763333	0.948138360763333	0.948138360763333	0.948138360763333	0.948138360763333	1.23066734936561	1.23066734936561	1.23066734936561	1.23066734936561	1.23066734936561	1.23066734936561	1.23066734936561	1.23066734936561	1.23066734936561	1.23066734936561	1.23066734936561	-2.15254977146249	0.842067069436149	-1.05749725725333	-0.792239317192391	1.76019184221995	-0.812537314739891	-0.999587884994238	1.00805615602274	-0.523703209751923	1.10301121544089	0.796935428463696	-1.11595970626142	0.885790923146885
0.2362416009089	-0.0338916226045509	-0.134615428714502	0.0176468730159787	-0.33678014704715	0.751008129591485	0.953243110377363	-0.442655361962997	-0.241872466905734	0.734373116141085	-0.325025527789471	2.07148849443746	1.88654789393482	1.65518855627886	1.3931721321532	1.99277656025125	1.9448734039277	1.46557371436844	1.56451063880254	0.973458560946044	1.42333241369181	1.02989386335161	-1.40996252317013	-1.40996252317013	-1.40996252317013	-1.40996252317013	-1.40996252317013	-1.40996252317013	-1.40996252317013	-1.40996252317013	-1.40996252317013	-1.40996252317013	-1.40996252317013	-0.268438620018927	-0.268438620018927	-0.268438620018927	-0.268438620018927	-0.268438620018927	-0.268438620018927	-0.268438620018927	-0.268438620018927	-0.268438620018927	-0.268438620018927	-0.268438620018927	-0.195235427190453	-0.664112025613936	-0.323383409659711	0.156170255698487	0.813537168606	-0.583013787054172	-0.93252931751676	0.0209179995071325	-0.288667472625196	1.23424599582947	0.396301897797772	-0.571950233711104	-0.571950233711104	-0.571950233711104	-0.571950233711104	-0.571950233711104	-0.571950233711104	-0.571950233711104	-0.571950233711104	-0.571950233711104	-0.571950233711104	-0.571950233711104	-1.38649166050374	-1.38649166050374	-1.38649166050374	-1.38649166050374	-1.38649166050374	-1.38649166050374	-1.38649166050374	-1.38649166050374	-1.38649166050374	-1.38649166050374	-1.38649166050374	2.4255124563955	-1.00026633588511	-1.021958195344	0.0691465366451861	-1.18819196845481	1.58327342858974	0.147076067881346	-0.172043032938426	1.07020871125862	-0.378024042246727	-0.20240812832696	0.733050355769436	0.374428076965484
0.55961588281666	0.772017382228908	0.829679414137178	0.666625238665972	0.953463302652311	0.479845950605208	0.549706078052156	0.919793818028137	0.685160097149244	1.59270780561101	0.623493878685251	1.09277649057548	0.550822535262092	0.325481925395404	0.153776491532309	0.884677627455961	-0.0567361316584523	0.0889435374114849	0.540089940026141	0.419389235006745	0.368321139879582	0.0917436237413874	0.493406741577047	0.493406741577047	0.493406741577047	0.493406741577047	0.493406741577047	0.493406741577047	0.493406741577047	0.493406741577047	0.493406741577047	0.493406741577047	0.493406741577047	0.522019762416471	0.522019762416471	0.522019762416471	0.522019762416471	0.522019762416471	0.522019762416471	0.522019762416471	0.522019762416471	0.522019762416471	0.522019762416471	0.522019762416471	0.772879769179876	-1.64145018920914	-0.0545456761298908	0.841131451699442	-0.7562927403394	-0.304901574322774	-0.799489283284753	-0.459411692726981	-1.32043830654444	-0.132548393373593	-0.190763099094161	-1.08825289163373	-1.08825289163373	-1.08825289163373	-1.08825289163373	-1.08825289163373	-1.08825289163373	-1.08825289163373	-1.08825289163373	-1.08825289163373	-1.08825289163373	-1.08825289163373	-0.189355133929269	-0.189355133929269	-0.189355133929269	-0.189355133929269	-0.189355133929269	-0.189355133929269	-0.189355133929269	-0.189355133929269	-0.189355133929269	-0.189355133929269	-0.189355133929269	1.30054424998568	-0.415318135107938	-0.292180236721887	-0.242218518177814	0.811485552763312	-0.0191569399370451	0.681386558341014	-1.22724576234193	0.12739738209501	0.978092855491074	-0.122843180203666	0.7207124893725	0.888410818246768
-1.62606438144827	-1.60475528391361	-1.81421640337613	-1.5488488506942	-0.95366515065411	-0.513798802123403	-0.205070223475322	0.308795290841202	0.602908567606143	-0.896299600651057	-0.954528875576354	0.0421533201855119	0.310936304418519	-0.0544180930676815	0.135590383838867	0.569541082643079	0.0446369168587761	-0.744732521380114	0.205686932234908	0.030562933607874	0.450254488673234	0.168940876487804	-2.1991878379439	-2.1991878379439	-2.1991878379439	-2.1991878379439	-2.1991878379439	-2.1991878379439	-2.1991878379439	-2.1991878379439	-2.1991878379439	-2.1991878379439	-2.1991878379439	-1.3456948169906	-1.3456948169906	-1.3456948169906	-1.3456948169906	-1.3456948169906	-1.3456948169906	-1.3456948169906	-1.3456948169906	-1.3456948169906	-1.3456948169906	-1.3456948169906	0.586579832692121	-0.190699846075255	0.425660723931883	-0.322417301809353	1.1537012734477	-1.08675601836916	-0.662192934854384	-0.55524507835715	-0.621935498863977	1.27537194526113	0.319115187269289	0.616997579057669	0.616997579057669	0.616997579057669	0.616997579057669	0.616997579057669	0.616997579057669	0.616997579057669	0.616997579057669	0.616997579057669	0.616997579057669	0.616997579057669	1.97367552161532	1.97367552161532	1.97367552161532	1.97367552161532	1.97367552161532	1.97367552161532	1.97367552161532	1.97367552161532	1.97367552161532	1.97367552161532	1.97367552161532	0.525127621317427	0.229191267507106	0.686216638076984	1.87133160616651	0.0408748108392033	0.768421774520602	-0.120317500943563	-0.400373380049606	2.29561735394531	1.75867986431053	0.949803575479761	0.319236425703049	1.77921813997587
0.814733398704591	1.57342395609911	1.10825338848003	1.42656359809357	1.63736140328158	0.356111457423754	0.504038387569555	0.157260854246637	0.528650808634323	-0.459705844061303	0.655188403604271	-1.17297037145423	-0.268721039095418	-0.211351078097577	-0.368909881096049	-0.804492317334473	0.31691764713974	0.187433528615025	-0.689739081136783	-0.704105179035724	0.0710270566041386	-0.349032099068559	-0.412033065086813	-0.412033065086813	-0.412033065086813	-0.412033065086813	-0.412033065086813	-0.412033065086813	-0.412033065086813	-0.412033065086813	-0.412033065086813	-0.412033065086813	-0.412033065086813	1.41425333941515	1.41425333941515	1.41425333941515	1.41425333941515	1.41425333941515	1.41425333941515	1.41425333941515	1.41425333941515	1.41425333941515	1.41425333941515	1.41425333941515	-0.0822228154947162	-0.524479809094573	0.648329017883043	0.269000908554072	-1.60847475681743	-0.336949931990947	-0.114420414160521	0.670180869202006	0.119704845518983	-0.997249601203505	-0.600557162715859	-0.306754256663709	-0.306754256663709	-0.306754256663709	-0.306754256663709	-0.306754256663709	-0.306754256663709	-0.306754256663709	-0.306754256663709	-0.306754256663709	-0.306754256663709	-0.306754256663709	0.211506824626119	0.211506824626119	0.211506824626119	0.211506824626119	0.211506824626119	0.211506824626119	0.211506824626119	0.211506824626119	0.211506824626119	0.211506824626119	0.211506824626119	0.414772179107028	-0.895363802367804	0.277132112234215	0.544041666416874	2.04901465966856	0.423013729376084	-0.317462345837005	-0.50216240341261	1.37593877500707	2.02099767330284	0.34276899636045	-0.430709779898137	1.58271082899087
-1.22088235503573	-1.4598159198921	-1.79208126395461	-1.38553699854943	-1.47194302184669	-1.47933904381635	-0.417862888111068	-0.374440262534993	0.11929076735796	-2.04095244146614	-0.652675222724484	1.06121960435802	1.70409239768425	1.24362090305431	1.19928443904699	1.58242078463068	1.14139897336021	1.15554808889814	1.29297649685956	1.21081141393035	1.17156622272161	1.56191726707077	0.552784448076536	0.552784448076536	0.552784448076536	0.552784448076535	0.552784448076536	0.552784448076535	0.552784448076535	0.552784448076535	0.552784448076536	0.552784448076536	0.552784448076536	-1.17618926125337	-1.17618926125337	-1.17618926125337	-1.17618926125337	-1.17618926125337	-1.17618926125337	-1.17618926125337	-1.17618926125337	-1.17618926125337	-1.17618926125337	-1.17618926125337	-0.949084534604056	-1.31097948412838	-0.89756618980143	-1.15500699704976	-2.45016883430098	-1.09693801673514	-1.31834931510468	-0.988513964798009	-1.27888102942818	-2.19945465816273	-1.40854869982401	-0.869302582415179	-0.869302582415179	-0.869302582415179	-0.869302582415179	-0.869302582415179	-0.869302582415179	-0.869302582415178	-0.869302582415179	-0.869302582415179	-0.869302582415178	-0.869302582415179	0.00710324107752732	0.00710324107752732	0.00710324107752732	0.00710324107752732	0.00710324107752732	0.00710324107752732	0.00710324107752732	0.00710324107752732	0.00710324107752732	0.00710324107752732	0.00710324107752732	-0.261164489429475	0.0145839148097935	-0.384760972240221	0.716245212917696	-0.898326030052445	1.11346788271426	0.183377953245204	0.00494691582080336	1.89164933967589	0.119162608707129	1.43745312243534	-0.834048407801726	1.19173761946551
0.48896815282522	1.19027074908988	1.45830743097633	1.05798961947038	0.949210760851143	-0.0596347817869445	-0.828699930393568	0.0308419698133167	-0.439912291989983	-0.115581334890377	0.400165119192598	0.19868516315995	0.296839445096237	0.10032219858413	0.173398081121114	0.213988993635782	0.233536184361682	0.111413458147145	-0.15934269898671	-0.0995387613018698	-0.243713821772737	-0.0644185645675382	-1.15034638150106	-1.15034638150106	-1.15034638150106	-1.15034638150106	-1.15034638150106	-1.15034638150106	-1.15034638150106	-1.15034638150106	-1.15034638150106	-1.15034638150106	-1.15034638150106	0.169235087831588	0.169235087831588	0.169235087831588	0.169235087831588	0.169235087831588	0.169235087831588	0.169235087831588	0.169235087831588	0.169235087831588	0.169235087831588	0.169235087831588	-1.09710590119011	-0.797371570376373	-1.31865873734029	0.190222591989156	-0.0785159527715081	-0.60183848318427	-0.727606562561645	-1.20144576509304	-0.4317051896921	0.0107983209088168	1.2216526551579	1.79754388576862	1.79754388576862	1.79754388576862	1.79754388576862	1.79754388576862	1.79754388576862	1.79754388576862	1.79754388576862	1.79754388576862	1.79754388576862	1.79754388576862	0.829335942508147	0.829335942508147	0.829335942508147	0.829335942508147	0.829335942508147	0.829335942508147	0.829335942508147	0.829335942508147	0.829335942508147	0.829335942508147	0.829335942508147	-0.367701834747288	0.595152069955759	-1.08734511562058	-0.300132849412566	-1.31077732587689	0.0624566249969666	0.0754961723934968	0.0102558930769537	0.744591947971608	-0.572222006449215	-0.541052294119179	0.114013879514012	-0.127358912820335
-0.548491804074792	-0.590908511848544	-0.331534609667464	-0.56827070545379	-0.142372315543922	-0.505781688958209	-0.836794416965844	-0.442002083160653	-0.7013756455462	-0.398105822983634	-0.26236519029623	1.25835724985151	1.35627633481242	1.33860554884632	1.1822096483607	1.80840408116919	1.11904818120327	0.939372995800968	2.07212608444102	1.00599036594676	0.826136252098288	1.78407256426085	-0.570962622819188	-0.570962622819188	-0.570962622819188	-0.570962622819188	-0.570962622819188	-0.570962622819188	-0.570962622819188	-0.570962622819188	-0.570962622819188	-0.570962622819188	-0.570962622819188	1.84906732714248	1.84906732714248	1.84906732714248	1.84906732714248	1.84906732714248	1.84906732714248	1.84906732714248	1.84906732714248	1.84906732714248	1.84906732714248	1.84906732714248	0.918245829271235	0.610499831468061	0.60691022922789	0.98038982055179	1.17693904105851	0.232754415480569	-0.208243433050313	0.222473357014981	-0.405444636493498	1.78590717192025	1.51157373268681	-1.17312085718143	-1.17312085718143	-1.17312085718143	-1.17312085718143	-1.17312085718143	-1.17312085718143	-1.17312085718143	-1.17312085718143	-1.17312085718143	-1.17312085718143	-1.17312085718143	0.0294216373189106	0.0294216373189106	0.0294216373189106	0.0294216373189106	0.0294216373189106	0.0294216373189106	0.0294216373189106	0.0294216373189106	0.0294216373189106	0.0294216373189107	0.0294216373189106	-0.277107836078525	1.62297925826266	0.695937667954717	0.763926012117658	1.14943581302654	0.248210659688562	1.54302599716952	-0.00282190166022326	0.731596440441217	1.30134414590896	0.553771499256051	0.589389590363459	0.759879190180255
-0.49049587887756	0.39553930934263	-0.16631384359466	0.250046595426462	1.20978810992337	0.461634842769879	0.399739102921347	-0.488501375000007	0.026444646650062	-0.74077850182898	-0.235774000101969	2.07078240265169	0.844886475926307	1.18617715519596	0.87098196173718	1.62093328026116	0.64549387483001	0.778064083543303	1.61807058400584	0.779191989361592	1.2751338291526	0.394085310376912	0.0299402895587663	0.0299402895587663	0.0299402895587663	0.0299402895587663	0.0299402895587663	0.0299402895587663	0.0299402895587663	0.0299402895587663	0.0299402895587663	0.0299402895587664	0.0299402895587663	0.400967037701572	0.400967037701572	0.400967037701572	0.400967037701572	0.400967037701572	0.400967037701572	0.400967037701572	0.400967037701572	0.400967037701572	0.400967037701572	0.400967037701572	0.945146405196455	0.713731245422444	0.839493030790864	-0.368026818180885	-0.390279527690972	0.71306948182709	0.659663542786269	1.09563668752915	0.30015674957496	-0.978336600184098	-1.86324199373263	0.216350645251631	0.216350645251631	0.216350645251631	0.216350645251631	0.216350645251631	0.216350645251631	0.216350645251631	0.216350645251631	0.216350645251631	0.216350645251631	0.216350645251631	-0.788676259753649	-0.788676259753649	-0.788676259753649	-0.788676259753649	-0.788676259753649	-0.788676259753649	-0.788676259753649	-0.788676259753649	-0.788676259753649	-0.788676259753649	-0.788676259753649	0.40288424723599	0.85199663578205	0.850735958585241	-0.371513025504492	1.05369229489656	-0.650807256099624	1.10225303986165	0.0907159064874033	-1.89847633854734	-0.234106617510729	1.04391454417062	0.395480306872306	-0.548055864197688
0.083745939857929	0.684477805004508	0.0759956721149081	0.690732102263785	0.79339298998559	0.496958280354417	0.696654838782857	-0.201511020414718	0.534687381376374	0.29930176071888	0.229589851945461	-0.364446790633976	0.815232244926322	0.434264570851302	0.87061257163621	0.154669885607603	0.926543058641236	0.234377757436838	0.187387522540611	0.965313836455027	0.0749980253437246	1.07589101957334	1.6188776407921	1.6188776407921	1.6188776407921	1.6188776407921	1.6188776407921	1.6188776407921	1.6188776407921	1.6188776407921	1.6188776407921	1.6188776407921	1.6188776407921	0.128913962595911	0.128913962595911	0.128913962595911	0.128913962595911	0.128913962595911	0.128913962595911	0.128913962595911	0.128913962595911	0.128913962595911	0.128913962595911	0.128913962595911	0.286293919294002	-0.496240696346744	-0.389911698567786	1.59417118666423	-0.108460492359585	1.70576537744643	1.14037250380152	0.334755698072013	-0.565928360649791	-0.341464374688805	0.244343948687811	-0.101724211221274	-0.101724211221274	-0.101724211221274	-0.101724211221274	-0.101724211221274	-0.101724211221274	-0.101724211221274	-0.101724211221274	-0.101724211221274	-0.101724211221274	-0.101724211221274	0.683358349101606	0.683358349101606	0.683358349101606	0.683358349101606	0.683358349101606	0.683358349101606	0.683358349101606	0.683358349101606	0.683358349101606	0.683358349101606	0.683358349101606	0.191663965504403	-0.827027580871523	0.600960924309044	-0.0201205594984088	-0.267611940153444	-0.713371627164446	-0.80916790121232	-0.354171814926167	0.520215237705188	-0.548427586164315	-1.26264519404505	-0.560280018022679	-0.606802235100365
1.8485074115413	1.39661722171826	1.81165927498342	1.27225620337429	1.51170951856063	0.657872257127126	-0.0411568104094905	1.44023725886917	0.738483520538142	1.26073822382692	1.94117619496697	-0.924237895595238	-0.400416906490685	-0.108662026832511	-0.221617113934279	-1.03257887585091	-0.525915027680713	-0.108384688295218	-0.51982826139846	-0.300486364275915	0.219858993982755	-0.264056089102568	1.16244155243685	1.16244155243685	1.16244155243685	1.16244155243685	1.16244155243685	1.16244155243685	1.16244155243685	1.16244155243685	1.16244155243685	1.16244155243685	1.16244155243685	0.216521132332771	0.216521132332771	0.216521132332771	0.216521132332771	0.216521132332771	0.216521132332771	0.216521132332771	0.216521132332771	0.216521132332771	0.216521132332771	0.216521132332771	0.308218940833439	0.0593687761856653	0.128803281431865	1.1577320791185	1.04387187483896	1.45430552300944	1.82872117958488	1.51048456900495	0.66046746826216	0.81658550180942	0.0967292348295389	0.059042332487656	0.059042332487656	0.059042332487656	0.059042332487656	0.059042332487656	0.059042332487656	0.0590423324876561	0.059042332487656	0.059042332487656	0.0590423324876561	0.059042332487656	1.29664283712497	1.29664283712497	1.29664283712497	1.29664283712497	1.29664283712497	1.29664283712497	1.29664283712497	1.29664283712497	1.29664283712497	1.29664283712497	1.29664283712497	0.774211997860232	0.871894094741013	-0.717288307823664	0.533625252305036	-0.151215438940079	1.84242283954716	2.13124303950236	-0.369212551324272	2.52116915987244	1.41787602003018	1.05384425082355	0.463573493977649	2.10306214340395
0.133002841682034	0.0973147759160046	-0.398495541611331	0.455386233038424	0.00103917241841002	1.29652990625578	1.22813519755961	0.25798630872756	1.25350937191057	0.28246745541324	-0.18392763578971	0.191400503025199	-0.300993905379507	-0.606864445366781	-0.592084831836532	0.279549842442434	-0.347332625208968	-0.682667058589581	-0.337083986385842	-0.759891850904386	-1.03973196862978	-0.12497749084089	0.792768355058249	0.792768355058249	0.792768355058249	0.792768355058249	0.792768355058249	0.792768355058249	0.792768355058249	0.792768355058249	0.792768355058249	0.792768355058249	0.792768355058249	0.420393679767156	0.420393679767156	0.420393679767156	0.420393679767156	0.420393679767156	0.420393679767156	0.420393679767156	0.420393679767156	0.420393679767156	0.420393679767156	0.420393679767156	-3.03213590987585	-3.18098936043761	-2.45129361658417	-2.0559142322648	-2.30644816938159	-1.99264064860462	-1.80665208281075	-1.25855103584862	-2.05104063269307	-2.12389486906628	-1.88013828147111	1.28067201541225	1.28067201541225	1.28067201541225	1.28067201541225	1.28067201541225	1.28067201541225	1.28067201541225	1.28067201541225	1.28067201541225	1.28067201541225	1.28067201541225	2.31500542682069	2.31500542682069	2.31500542682069	2.31500542682069	2.31500542682069	2.31500542682069	2.31500542682069	2.31500542682069	2.31500542682069	2.31500542682069	2.31500542682069	0.0715698517985871	-0.595130116646442	-0.505495199043936	-0.894939899525905	-0.718248180988627	-0.189329723667363	-0.288531861941337	0.129477434349742	0.395836478584961	-1.44503430235725	-0.626024984322374	-0.162043460385053	-0.112044626379144
0.475388830287631	0.456423691132085	0.378343069132457	0.146117029334301	0.35534513819833	0.338162516865331	-0.179833663899869	0.385619276561022	0.0937110904590824	0.231271000630692	0.864429662548366	-0.129008684355092	0.244596286498091	0.26747098539058	0.266239448286795	0.150835278788873	0.578831493787743	0.165387865280522	0.335242482935558	0.187573798011693	0.164216123614591	0.60864272076538	0.323690357315932	0.323690357315932	0.323690357315932	0.323690357315932	0.323690357315932	0.323690357315932	0.323690357315932	0.323690357315932	0.323690357315932	0.323690357315932	0.323690357315932	-0.0671460359907751	-0.0671460359907751	-0.0671460359907751	-0.0671460359907751	-0.0671460359907751	-0.0671460359907751	-0.0671460359907751	-0.0671460359907751	-0.0671460359907751	-0.0671460359907751	-0.0671460359907751	-0.857045444616351	0.412503522997733	-0.747136506450758	0.453818249617071	-0.543771392907303	0.561985237622291	0.322962818920291	-0.720248040781589	0.688982438532105	-0.163107637288007	1.6349330186274	1.00237145559454	1.00237145559454	1.00237145559454	1.00237145559454	1.00237145559454	1.00237145559454	1.00237145559454	1.00237145559454	1.00237145559454	1.00237145559454	1.00237145559454	0.928773913631787	0.928773913631787	0.928773913631787	0.928773913631787	0.928773913631787	0.928773913631787	0.928773913631787	0.928773913631787	0.928773913631787	0.928773913631788	0.928773913631787	1.36353070361494	0.0285375943388762	-0.299230542650196	0.335489795318173	0.68532997983895	-0.27976703238925	0.7117786168759	-1.91312529985231	1.71737183852403	1.31973871749227	-0.665074548480396	1.29123835988008	0.954394613732283
0.729317194242289	0.274975877089062	0.737692498466913	0.165614209489373	1.23898016487026	1.2193051545316	-0.0348328964170254	-0.310839088599409	-0.96999683337163	-0.0306880710624295	0.701231001798995	1.48797967873045	1.55230544021392	1.63162734199012	1.529495543828	1.3898195919862	1.26290524792157	1.82866344763886	1.61190552690833	1.74307675573817	1.50834688488105	1.64065843732478	0.937046542105362	0.937046542105362	0.937046542105362	0.937046542105362	0.937046542105362	0.937046542105362	0.937046542105362	0.937046542105362	0.937046542105362	0.937046542105362	0.937046542105362	0.467412561793334	0.467412561793334	0.467412561793334	0.467412561793334	0.467412561793334	0.467412561793334	0.467412561793334	0.467412561793334	0.467412561793334	0.467412561793334	0.467412561793334	0.743725539904269	-0.598181715857986	0.804596088685087	0.595027660238402	-1.38147777350719	-0.4097454736245	0.514569992887022	-0.025842333526666	-0.318405675719139	-1.10629141506285	-0.192847389393059	-1.01806264125306	-1.01806264125306	-1.01806264125306	-1.01806264125306	-1.01806264125306	-1.01806264125306	-1.01806264125306	-1.01806264125306	-1.01806264125306	-1.01806264125306	-1.01806264125306	0.392717901035792	0.392717901035792	0.392717901035792	0.392717901035792	0.392717901035792	0.392717901035792	0.392717901035792	0.392717901035792	0.392717901035792	0.392717901035792	0.392717901035792	1.8681611890252	-1.19656175368774	-0.877283653387418	-1.72297022241666	-0.584477711626719	1.21524023730104	0.519006240906055	1.21956613970839	0.0204257361945823	-0.857249392371235	-2.27331532193882	2.16250514310835	0.0372081121275716
1.26565905965611	1.18899729172895	0.723709728838603	0.980321270317968	1.17885328300964	1.93522176101427	1.79239578162433	1.12206874938003	1.37332555996165	2.18821535617748	1.3042934177263	-0.882032178152841	-0.622660378192141	-1.08317407938545	-0.866717281980418	-1.01434683320949	-1.71806641052646	-0.336443932252238	-1.12026209939748	-0.776342183773762	-1.11819700637981	-1.720108244177	-0.254021430548062	-0.254021430548062	-0.254021430548062	-0.254021430548062	-0.254021430548062	-0.254021430548062	-0.254021430548062	-0.254021430548062	-0.254021430548062	-0.254021430548062	-0.254021430548062	2.28624552841903	2.28624552841903	2.28624552841903	2.28624552841903	2.28624552841903	2.28624552841903	2.28624552841903	2.28624552841903	2.28624552841903	2.28624552841903	2.28624552841903	-0.571652977553085	-1.34291718796563	-0.762773741590775	0.475324001173494	0.0844904661658238	-0.78063085554863	-1.11418721615903	-0.338158300511864	-1.23280950895504	0.776830541590479	0.737765269713646	-1.17284815474038	-1.17284815474038	-1.17284815474038	-1.17284815474038	-1.17284815474038	-1.17284815474038	-1.17284815474038	-1.17284815474038	-1.17284815474038	-1.17284815474038	-1.17284815474038	0.518913542359453	0.518913542359453	0.518913542359453	0.518913542359453	0.518913542359453	0.518913542359453	0.518913542359453	0.518913542359453	0.518913542359453	0.518913542359453	0.518913542359453	-0.198222196640281	1.90898676640638	-0.625387752223983	-0.121690971434522	-0.694858032173709	1.33496024269623	1.71001832657069	1.53025192116634	0.155606586978479	-0.655251291620075	0.0265182882323944	0.200372695965754	-1.64027986286913
0.519403666522962	0.451565072722054	0.637708309183789	0.987181138774311	0.283022587787242	-0.272774760585688	-1.39629528864023	-1.65171210501074	-1.15798297514914	-2.52841032566612	0.325024869433571	0.0942376360658069	-0.263407968482699	-0.0718416372143943	-0.428173118571242	-0.754182649624393	-0.35992954076757	0.327907732081087	-0.382512037065165	0.554467664835099	0.0516330595536783	0.092335280125044	0.878548404848745	0.878548404848745	0.878548404848745	0.878548404848745	0.878548404848745	0.878548404848745	0.878548404848745	0.878548404848745	0.878548404848745	0.878548404848745	0.878548404848745	0.810534846104777	0.810534846104777	0.810534846104777	0.810534846104777	0.810534846104777	0.810534846104777	0.810534846104777	0.810534846104777	0.810534846104777	0.810534846104777	0.810534846104777	-0.056042185459418	-0.894278007475293	-0.0456340290914215	-0.758708848685487	-1.56529679982232	-0.95825540296892	-0.898018050227389	-0.12705068518418	-1.11007676330269	-0.72429552444001	-0.960672506228066	-0.333419708884285	-0.333419708884285	-0.333419708884285	-0.333419708884285	-0.333419708884285	-0.333419708884285	-0.333419708884284	-0.333419708884285	-0.333419708884285	-0.333419708884284	-0.333419708884285	0.18603879382256	0.18603879382256	0.18603879382256	0.18603879382256	0.18603879382256	0.18603879382256	0.18603879382256	0.18603879382256	0.18603879382256	0.18603879382256	0.18603879382256	0.33960055821602	1.08386712471952	1.46493915107351	2.21559660722139	2.43007141164649	1.52181665967097	-0.269222654144071	2.03933151161892	0.182654380498271	2.15836791098375	1.5283777229388	0.222439162255056	1.11758593525264
1.63050470336622	1.23143234691206	1.35009547300524	0.998534411413024	0.29447004594594	-0.288918010235499	0.360956060693834	1.61751902466404	1.12803429115705	1.14640751116904	1.63404441179623	0.276779407768735	-0.66683807784217	-0.00931658929808647	-0.72475157184161	-0.818581233003278	0.084662010105002	0.365698497659194	0.165616613931617	0.715684450012297	-0.263996671771023	0.176241950785285	-0.25957996853786	-0.25957996853786	-0.25957996853786	-0.25957996853786	-0.25957996853786	-0.25957996853786	-0.25957996853786	-0.25957996853786	-0.25957996853786	-0.25957996853786	-0.25957996853786	1.65668828407291	1.65668828407291	1.65668828407291	1.65668828407291	1.65668828407291	1.65668828407291	1.65668828407291	1.65668828407291	1.65668828407291	1.65668828407291	1.65668828407291	-0.0482306255099984	0.656910817369933	0.555868504950591	-1.08399041534044	0.0258856160965608	-0.0097807170378932	0.0308865368094517	0.119643531658251	0.692576541741194	-0.879306549906917	-1.41052790475052	0.809767480291995	0.809767480291995	0.809767480291995	0.809767480291995	0.809767480291995	0.809767480291995	0.809767480291995	0.809767480291995	0.809767480291995	0.809767480291995	0.809767480291995	1.2435392204189	1.2435392204189	1.2435392204189	1.2435392204189	1.2435392204189	1.2435392204189	1.2435392204189	1.2435392204189	1.2435392204189	1.2435392204189	1.2435392204189	-0.140495396344766	-1.72495088706771	-0.424037356060938	-1.06567811004095	-0.57504228669565	-0.201685856859541	-0.956950804432602	-0.0550382043284183	0.979065412206071	-0.247786658365242	-1.68787426517005	-0.405095989397836	0.594844414435747
-0.307013012480839	0.00281405523629982	-0.0433962422779532	0.057247606889415	-0.7014445108727	-0.538661889753475	-0.739134889293465	0.984554800905897	1.0561620353477	0.642692814643672	0.204911768785915	-0.104452809760672	1.32014353120015	1.32643666491552	1.67314513813893	0.610161745578256	1.52141752167597	1.77298720835703	0.609951510687581	0.812930074412065	1.2055081157431	1.16958595121367	0.0325346764240589	0.0325346764240589	0.0325346764240589	0.0325346764240588	0.0325346764240589	0.0325346764240588	0.0325346764240588	0.0325346764240588	0.0325346764240589	0.0325346764240588	0.0325346764240589	-2.6109274732252	-2.6109274732252	-2.6109274732252	-2.6109274732252	-2.6109274732252	-2.6109274732252	-2.6109274732252	-2.6109274732252	-2.6109274732252	-2.6109274732252	-2.6109274732252	1.29499988682814	1.23394013773634	1.31453636042511	0.608063889366323	0.812047681584292	0.490898827292511	0.0870251883696449	0.404861936450774	1.09123809969645	1.05326003305177	0.617145886248666	0.614184965319313	0.614184965319313	0.614184965319313	0.614184965319313	0.614184965319313	0.614184965319313	0.614184965319313	0.614184965319313	0.614184965319313	0.614184965319313	0.614184965319313	0.0706126404264152	0.0706126404264152	0.0706126404264152	0.0706126404264152	0.0706126404264152	0.0706126404264152	0.0706126404264152	0.0706126404264152	0.0706126404264152	0.0706126404264152	0.0706126404264152	-1.57251399122338	0.122327657720856	-0.289050602603994	0.012366054596228	1.12093816610853	0.863388940335975	-0.488131490731153	1.59101406565382	1.55753923484201	1.88659686815958	-0.275813582240177	-0.00187351166624111	2.00411604172365
-0.112950530446932	1.00215819358324	0.0700603574925226	-0.18893581343445	0.557411762813527	-1.17037864763338	0.806102855519306	1.93501330409859	1.53641229862704	1.27751812955117	1.11199206970621	-1.17111480002487	-1.64415738119483	-1.31877882672443	-1.52093473603842	-1.3973440178183	-0.398626301904198	-1.30123602910621	-1.40155947616624	-0.967954376004386	-1.2415231949634	-0.751138991638747	0.0292735053735671	0.0292735053735671	0.0292735053735671	0.0292735053735671	0.0292735053735671	0.0292735053735671	0.0292735053735671	0.0292735053735671	0.0292735053735671	0.0292735053735672	0.0292735053735671	0.519091579446902	0.519091579446902	0.519091579446902	0.519091579446902	0.519091579446902	0.519091579446902	0.519091579446902	0.519091579446902	0.519091579446902	0.519091579446902	0.519091579446902	0.437960545442422	-0.796219956433781	0.0463840354706347	-0.441688992394622	-1.61849043795645	0.29130031313064	0.568457914812892	-0.260209077684725	-1.22718807966326	-1.74734725428598	-1.50078548949277	0.635184426213803	0.635184426213803	0.635184426213803	0.635184426213803	0.635184426213803	0.635184426213803	0.635184426213803	0.635184426213803	0.635184426213803	0.635184426213803	0.635184426213803	0.573851744954054	0.573851744954054	0.573851744954054	0.573851744954054	0.573851744954054	0.573851744954054	0.573851744954054	0.573851744954054	0.573851744954054	0.573851744954054	0.573851744954054	-0.675641048420094	-0.308912068040608	-1.52132747207674	-0.240589633339324	-0.511345791802817	0.708430229306155	-1.01148065540796	0.657928483173873	0.711999408980848	0.405329435175029	-1.7151801196218	0.240335002528555	-0.211730971591976
-0.799642445981213	-0.777055540630148	-0.5940023855609	-0.51115467718937	-0.619962030562421	-0.61027070474921	0.0893454341024235	-1.35756669865905	-1.19611362399737	-0.915881442681886	-1.67936197950099	-0.0652391235167571	0.0332906510651742	0.068273434729204	0.331782632128285	0.263948723949623	0.460433290888694	-0.00930551584993882	0.239330996023601	0.178526784114891	-0.00226315077369716	0.291873130338018	-0.267193243781479	-0.267193243781479	-0.267193243781479	-0.267193243781479	-0.267193243781479	-0.267193243781479	-0.267193243781479	-0.267193243781479	-0.267193243781479	-0.267193243781479	-0.267193243781479	0.554583234071559	0.554583234071559	0.554583234071559	0.554583234071559	0.554583234071559	0.554583234071559	0.554583234071559	0.554583234071559	0.554583234071559	0.554583234071559	0.554583234071559	0.779498936211098	0.19093407260728	0.906749965613482	0.711226887274201	-0.425770052859933	0.233466065590262	0.205118566693769	-0.250229555113866	0.63905366511314	-0.528239204642318	0.098110208329752	-1.46263561469729	-1.46263561469729	-1.46263561469729	-1.46263561469729	-1.46263561469729	-1.46263561469729	-1.46263561469729	-1.46263561469729	-1.46263561469729	-1.46263561469729	-1.46263561469729	-0.9454523355053	-0.9454523355053	-0.9454523355053	-0.9454523355053	-0.9454523355053	-0.9454523355053	-0.9454523355053	-0.9454523355053	-0.9454523355053	-0.9454523355053	-0.9454523355053	0.908013149474469	0.780959589552748	1.99388204545147	1.46949119194921	-0.529466804228992	-0.041398451535461	1.17095032473709	-0.596744536852089	-0.37379956645594	-0.493240643505937	2.47720789413094	-0.388410222576894	-0.513543030015609
-0.309209884082394	-0.955451730820805	-0.60551211013292	-0.967595170103204	-0.0455054472800033	-0.494934757220114	0.434712948096999	0.870189160980935	0.399107632797744	-0.0696209161713404	-0.185709591850659	-0.133288562204142	-0.659820448154416	0.198834013508649	0.0506862938203098	-0.473710843625725	1.42918913078	0.213470476148293	0.081747093007953	0.439254828794924	0.196384647328919	0.763824559156568	0.34861070972835	0.34861070972835	0.34861070972835	0.34861070972835	0.34861070972835	0.34861070972835	0.34861070972835	0.34861070972835	0.34861070972835	0.34861070972835	0.34861070972835	-1.59708856701607	-1.59708856701607	-1.59708856701607	-1.59708856701607	-1.59708856701607	-1.59708856701607	-1.59708856701607	-1.59708856701607	-1.59708856701607	-1.59708856701607	-1.59708856701607	0.382682042328636	0.514419885054786	0.405559505529761	0.327528941192282	2.30973921925228	0.44382328769181	-0.763588852212558	0.514218830798491	0.986275531495987	1.8429352602224	0.0586017997936413	1.16415483968194	1.16415483968194	1.16415483968194	1.16415483968194	1.16415483968194	1.16415483968194	1.16415483968194	1.16415483968194	1.16415483968194	1.16415483968194	1.16415483968194	-0.0147768730130075	-0.0147768730130075	-0.0147768730130075	-0.0147768730130075	-0.0147768730130075	-0.0147768730130075	-0.0147768730130075	-0.0147768730130075	-0.0147768730130075	-0.0147768730130075	-0.0147768730130075	-0.700913537171967	-1.50329656620333	-0.62405270886643	-0.981348600890709	0.410047439719372	-0.940336818679856	-1.49591699869381	-0.510891009279807	-0.0370566382774313	0.118226598892159	-0.946039077691574	-0.612282631679499	0.261947905395401
0.633562577358244	0.468913808221734	0.62170115578239	0.480657468239256	0.108363251997271	-0.265185040028963	-0.15732032638111	0.318439142409136	0.138109369334228	0.225940638022317	0.722017414287188	1.17308799301157	0.579958897177886	0.833590257217339	0.474362805398269	0.914109011171753	-0.03422961329392	1.1263113981705	0.788549929162736	0.091123544301773	1.16798990515564	-0.115844676670685	-0.196733567873258	-0.196733567873258	-0.196733567873258	-0.196733567873258	-0.196733567873258	-0.196733567873258	-0.196733567873258	-0.196733567873258	-0.196733567873258	-0.196733567873258	-0.196733567873258	-0.667915147711538	-0.667915147711538	-0.667915147711538	-0.667915147711538	-0.667915147711538	-0.667915147711538	-0.667915147711538	-0.667915147711538	-0.667915147711538	-0.667915147711538	-0.667915147711538	0.965797981991505	0.165301850710373	1.11799394873988	-0.410480305917196	-1.42532068154379	-0.111668802964193	1.31986438408417	0.611430979197646	0.0258132271723528	-1.81511390412443	-1.60712768521537	-0.0185183831712855	-0.0185183831712855	-0.0185183831712855	-0.0185183831712855	-0.0185183831712855	-0.0185183831712855	-0.0185183831712854	-0.0185183831712855	-0.0185183831712855	-0.0185183831712854	-0.0185183831712855	-0.306272769801365	-0.306272769801365	-0.306272769801365	-0.306272769801365	-0.306272769801365	-0.306272769801365	-0.306272769801365	-0.306272769801365	-0.306272769801365	-0.306272769801364	-0.306272769801365	-1.103760120893	-1.88351617303153	-0.964120796672819	-1.16830588606808	1.27933964716235	-1.02059892372124	-1.22428546029941	-1.4310055221893	-0.873528778638351	0.557297020176234	-0.92694566611337	-2.38233620876603	-0.925861121499439
0.82029548272835	0.25641549832476	0.391922567833179	0.386568840942902	0.922004992070749	1.71225899786353	1.55069794198704	0.72889917470743	0.688631185701274	1.69239521791483	0.137317644501575	1.52076882919295	1.64992236003369	1.61687588348791	1.64724941809213	1.08278786599503	1.02146385140451	1.52188892965218	1.37163632166721	2.46445553320407	1.37171425330137	1.62782077917485	1.89164239824152	1.89164239824152	1.89164239824152	1.89164239824152	1.89164239824152	1.89164239824152	1.89164239824152	1.89164239824152	1.89164239824152	1.89164239824152	1.89164239824152	0.394731032645666	0.394731032645666	0.394731032645666	0.394731032645666	0.394731032645666	0.394731032645666	0.394731032645666	0.394731032645666	0.394731032645666	0.394731032645666	0.394731032645666	-0.644077968287691	-0.950836123451099	-0.359878034574097	-0.358316972559488	0.811717660544208	-0.46709117692333	-1.27290303746317	-0.0867293364485274	-1.4876122067889	0.970987400089126	-0.314491722388388	-0.201761520469633	-0.201761520469633	-0.201761520469633	-0.201761520469633	-0.201761520469633	-0.201761520469633	-0.201761520469633	-0.201761520469633	-0.201761520469633	-0.201761520469633	-0.201761520469633	0.504023605835641	0.504023605835641	0.504023605835641	0.504023605835641	0.504023605835641	0.504023605835641	0.504023605835641	0.504023605835641	0.504023605835641	0.504023605835641	0.504023605835641	-1.31346975984009	0.110823617616201	-1.32154139113609	-1.00500962969181	-1.64001367986772	0.333694742239863	0.0435899349879829	0.606011780269718	0.39634072989848	-1.1301765231597	-1.29327577796518	-0.460696426006594	-0.385575599512726
0.0750153663143418	0.344159178802794	0.721736751465794	0.574337942830554	-0.396382044443829	-1.58165931384615	-1.07842112462407	0.316168166957159	0.128693618545302	-0.264797992655123	-0.330591717150724	-1.55882383924991	-0.662328239306459	-0.452905613535187	-0.24701733423304	-0.911208580339823	0.271325003370383	-0.0752537696498576	-0.446110404373525	-0.276320463050757	-0.7102138013088	0.16409360217162	1.53804265943638	1.53804265943638	1.53804265943638	1.53804265943638	1.53804265943638	1.53804265943638	1.53804265943638	1.53804265943638	1.53804265943638	1.53804265943638	1.53804265943638	-0.175619860248353	-0.175619860248353	-0.175619860248353	-0.175619860248353	-0.175619860248353	-0.175619860248353	-0.175619860248353	-0.175619860248353	-0.175619860248353	-0.175619860248353	-0.175619860248353	0.377420704739102	-0.104332290545332	-0.762480142018779	0.775036782194741	1.46151279944619	0.837587041407797	-1.24268841847875	-1.61577014362041	-0.218600077220055	0.946434465273836	0.929696575232914	0.790268379216775	0.790268379216775	0.790268379216775	0.790268379216775	0.790268379216775	0.790268379216775	0.790268379216775	0.790268379216775	0.790268379216775	0.790268379216775	0.790268379216775	-2.32212905319253	-2.32212905319253	-2.32212905319253	-2.32212905319253	-2.32212905319253	-2.32212905319253	-2.32212905319253	-2.32212905319253	-2.32212905319253	-2.32212905319253	-2.32212905319253	0.165158716120378	-1.16972664948714	0.0713502748550894	-0.0270377485618597	1.0841435314816	-0.817042488607137	-2.06077003418277	0.0682162170950347	-0.567618733554677	0.502506800809714	0.214469670412747	-0.874990916105305	-0.156869127430418
0.520560683211566	0.401073838869782	0.262674664957003	0.466225140999017	0.40078715788782	0.970193372857187	0.00732475904076386	-1.58312780363712	-1.26605868761865	0.284628253541894	0.540851062741779	1.23526518557168	0.926373845669454	0.27829400769863	0.129230997568642	0.518184116260254	-0.209849004280258	0.292614904358994	0.227766388972319	1.17272556857602	0.158766369226687	0.216312574903449	-1.28918458071782	-1.28918458071782	-1.28918458071782	-1.28918458071782	-1.28918458071782	-1.28918458071782	-1.28918458071782	-1.28918458071782	-1.28918458071782	-1.28918458071782	-1.28918458071782	0.324777847467565	0.324777847467565	0.324777847467565	0.324777847467565	0.324777847467565	0.324777847467565	0.324777847467565	0.324777847467565	0.324777847467565	0.324777847467565	0.324777847467565	0.550236594054759	1.35357887580971	1.54079738745072	-0.0441335245330964	0.263917607973735	0.0731566276339349	-0.344200598603775	1.24674017951507	1.05795732789702	0.239032274072405	-0.636066734615691	-0.306791052999767	-0.306791052999767	-0.306791052999767	-0.306791052999767	-0.306791052999767	-0.306791052999767	-0.306791052999766	-0.306791052999767	-0.306791052999767	-0.306791052999766	-0.306791052999767	-0.271493723063834	-0.271493723063834	-0.271493723063834	-0.271493723063834	-0.271493723063834	-0.271493723063834	-0.271493723063834	-0.271493723063834	-0.271493723063834	-0.271493723063834	-0.271493723063834	1.04235890178915	0.453794876076701	-0.607634869391589	-1.07765856070862	-1.24977476709184	-0.867268736168481	0.733780592974622	-0.679113517270389	-0.194491123436823	-1.59335410490906	-0.113562794617539	0.457404190108641	-0.763212333933587
-0.433569814193306	-0.0162299296535599	-0.137603891754591	-0.400556216465155	1.22938520647435	1.11595490855816	0.28247360479049	-0.0201975029867102	-0.330272791798578	0.441464874496598	0.12610740784603	-0.592174836577805	-0.721830472606853	-0.49299512543309	-0.912467105806806	-1.25274932417728	0.222608825090071	-0.565518521544148	-0.917430434913831	-0.116786140281305	-0.152900938121899	-0.431555107729716	-0.462812553844399	-0.462812553844399	-0.462812553844399	-0.462812553844398	-0.462812553844399	-0.462812553844398	-0.462812553844398	-0.462812553844398	-0.462812553844399	-0.462812553844399	-0.462812553844399	-0.52770642995558	-0.52770642995558	-0.52770642995558	-0.52770642995558	-0.52770642995558	-0.52770642995558	-0.52770642995558	-0.52770642995558	-0.52770642995558	-0.52770642995558	-0.52770642995558	-0.602682235525155	-1.33712326058748	-0.924493225990471	-1.45537368512405	-0.649855425912333	-1.37465273611399	-1.96487058572593	-0.908466788419185	-1.15449136441148	-0.823404542055558	-1.62137164736867	-0.0737814995833329	-0.0737814995833329	-0.0737814995833329	-0.0737814995833329	-0.0737814995833329	-0.0737814995833329	-0.0737814995833328	-0.0737814995833329	-0.0737814995833329	-0.0737814995833328	-0.0737814995833329	-1.06652079783843	-1.06652079783843	-1.06652079783843	-1.06652079783843	-1.06652079783843	-1.06652079783843	-1.06652079783843	-1.06652079783843	-1.06652079783843	-1.06652079783843	-1.06652079783843	0.287969775219452	-0.447330237677318	-0.37728861924523	0.204252653593586	-0.686285371291422	1.58395345152675	-0.715425574126652	1.87389699945456	0.177251451571447	-0.732346525169707	0.402732929460896	-0.090382544089113	1.24481478710366
1.09768467981794	0.438488996178431	0.265804854965037	1.04563971950642	0.496841965227718	1.56070000949851	1.33921294372662	0.891180445487428	1.77055384462583	-0.0407488863916688	0.595259066011009	0.77116795734833	0.0804596888306527	0.383743180092404	0.473127687584088	0.845452535410391	0.0463841512410734	0.635479901899805	1.14104823398563	0.357147565538308	0.288726832032985	0.214889734602921	0.142062182333224	0.142062182333224	0.142062182333224	0.142062182333224	0.142062182333224	0.142062182333224	0.142062182333224	0.142062182333224	0.142062182333224	0.142062182333224	0.142062182333224	-0.617344686486294	-0.617344686486294	-0.617344686486294	-0.617344686486294	-0.617344686486294	-0.617344686486294	-0.617344686486294	-0.617344686486294	-0.617344686486294	-0.617344686486294	-0.617344686486294	-0.872032286090119	0.634802132220998	-0.482640213882544	-0.400587029686794	0.667539029210978	0.470053827969219	-0.48858845760942	0.105373957565505	0.626797513466567	0.0535316767588952	-0.237172002129115	-0.368755943129837	-0.368755943129837	-0.368755943129837	-0.368755943129837	-0.368755943129837	-0.368755943129837	-0.368755943129837	-0.368755943129837	-0.368755943129837	-0.368755943129837	-0.368755943129837	-0.430949794781953	-0.430949794781953	-0.430949794781953	-0.430949794781953	-0.430949794781953	-0.430949794781953	-0.430949794781953	-0.430949794781953	-0.430949794781953	-0.430949794781953	-0.430949794781953	0.838836562379394	-0.0425562514699666	-0.175601354776004	0.248091774877227	1.75670936733068	0.217588858594881	-0.330401912747851	0.131627801401446	0.0289716215383641	1.80152015458923	0.409625932848804	0.577479992128268	0.701818649707763
-0.573765096340395	-0.51537419979529	0.134885530931196	-0.257645786911048	-0.50413685089757	-1.26706348782444	-2.23609081467931	-1.42212421336104	-1.81740233835379	-1.74424141832417	-0.658168705792414	-0.1680218427543	-0.206077960489836	0.241538753077596	0.111052456802973	-0.0742749620696416	0.336006952514852	0.490601357335479	0.642168310329437	0.248760027463663	-0.152409884850407	0.522575372817549	-1.65972544644234	-1.65972544644234	-1.65972544644234	-1.65972544644234	-1.65972544644234	-1.65972544644234	-1.65972544644234	-1.65972544644234	-1.65972544644234	-1.65972544644234	-1.65972544644234	0.464815331554185	0.464815331554185	0.464815331554185	0.464815331554185	0.464815331554185	0.464815331554185	0.464815331554185	0.464815331554185	0.464815331554185	0.464815331554184	0.464815331554185	-0.541424205840723	-0.016715651683256	-0.703321549677026	-0.547675455002649	0.196417871301166	0.191705881070629	1.16300866006986	-0.76990890632148	0.521321023322769	-0.132321033493065	0.516147212047517	0.313013099466901	0.313013099466901	0.313013099466901	0.313013099466901	0.313013099466901	0.313013099466901	0.313013099466901	0.313013099466901	0.313013099466901	0.313013099466901	0.313013099466901	-0.292714509417733	-0.292714509417733	-0.292714509417733	-0.292714509417733	-0.292714509417733	-0.292714509417733	-0.292714509417733	-0.292714509417733	-0.292714509417733	-0.292714509417733	-0.292714509417733	-1.02694070203431	0.0284216505222201	-0.385935069540636	-1.06518403864341	0.587984184702384	-1.2568082229047	0.131334413324387	-0.792336431633933	0.262810262527732	0.254760638309912	-0.375584041754541	-0.480963032936149	-0.391499433837263
1.72336464633043	0.754130166136486	0.881929844118686	0.640758891893528	0.196170977285237	-0.250395427005949	0.575346395015475	1.34697848722251	0.999700276114307	1.3065198465535	1.90212647413543	1.29588294377417	0.0740861869440305	0.0498305492078993	-0.25862039325849	0.678268978541534	-0.187297449052967	0.244078929249113	0.322753938314082	0.454248392735937	-0.327359663275705	0.159171986000201	-0.504838743913382	-0.504838743913382	-0.504838743913382	-0.504838743913382	-0.504838743913382	-0.504838743913382	-0.504838743913382	-0.504838743913382	-0.504838743913382	-0.504838743913382	-0.504838743913382	-0.357823381751844	-0.357823381751844	-0.357823381751844	-0.357823381751844	-0.357823381751844	-0.357823381751844	-0.357823381751844	-0.357823381751844	-0.357823381751844	-0.357823381751844	-0.357823381751844	1.37533098652912	1.79045992863956	2.04604389882517	0.317421975748697	1.45640240115525	-0.355803945894643	-0.954317394581509	1.50650644389073	1.1061143865372	1.78561142635054	0.144459498129645	1.25053719600295	1.25053719600295	1.25053719600295	1.25053719600295	1.25053719600295	1.25053719600295	1.25053719600294	1.25053719600295	1.25053719600295	1.25053719600294	1.25053719600295	1.42860589309148	1.42860589309148	1.42860589309148	1.42860589309148	1.42860589309148	1.42860589309148	1.42860589309148	1.42860589309148	1.42860589309148	1.42860589309148	1.42860589309148	-1.16096331811976	0.0225075265211403	0.174445130709763	0.290089593933982	1.05843366240742	-0.3371888587785	-0.872995270070177	0.347039358183002	-1.62558735716606	0.394972018810011	1.83151892197528	-1.66427893916228	0.278118388136609
0.895033022375276	0.571281618372057	0.416292596088239	0.785545883303466	1.41017993293114	2.50148462971677	1.70427859336719	0.730117556024737	1.13247178196271	0.61367340949246	0.585402835896502	0.0596803161767419	1.36141889446717	1.04144474079981	1.20192768891561	0.885847369265361	1.62132998923872	1.16156473306433	0.191921710788182	-0.0990140693309556	1.32893592280768	1.2539731896407	-0.940174912572832	-0.940174912572832	-0.940174912572832	-0.940174912572832	-0.940174912572832	-0.940174912572832	-0.940174912572832	-0.940174912572832	-0.940174912572832	-0.940174912572832	-0.940174912572832	0.602482934752717	0.602482934752717	0.602482934752717	0.602482934752717	0.602482934752717	0.602482934752717	0.602482934752717	0.602482934752717	0.602482934752717	0.602482934752717	0.602482934752717	-0.455275733002503	0.188831505258522	0.181186937366283	-0.279232100661598	-1.00450600824936	0.339798164508181	1.22250972189517	0.28256463070317	1.04399559392533	-1.56217140083244	-0.786277422402282	-1.99529521836925	-1.99529521836925	-1.99529521836925	-1.99529521836925	-1.99529521836925	-1.99529521836925	-1.99529521836925	-1.99529521836925	-1.99529521836925	-1.99529521836925	-1.99529521836925	0.130559180721251	0.130559180721251	0.130559180721251	0.130559180721251	0.130559180721251	0.130559180721251	0.130559180721251	0.130559180721251	0.130559180721251	0.130559180721251	0.130559180721251	-0.234452162758702	-0.648418296925971	1.60020497137582	-0.37069636795005	0.24969548687745	1.26868385631855	1.18087220298098	1.70712497610438	-0.680218069823741	-0.124322696509323	-0.205662434975673	0.359740482538921	0.0616947030103455
-1.14960656156662	-0.842735337860647	-1.02469687450703	-0.858731599752177	-0.543499187984833	0.143447796519307	0.341895112453069	-1.6871544996372	-1.41279262246143	-0.193239176355957	-1.69495665895734	1.23271674631576	0.946308879682639	1.0169553279066	0.972121118089066	1.70858061180452	0.709344547781038	0.997374282742665	2.00937967893819	1.10330621572269	0.671119962576749	1.41303655519301	-0.811729457633164	-0.811729457633164	-0.811729457633164	-0.811729457633164	-0.811729457633164	-0.811729457633164	-0.811729457633164	-0.811729457633164	-0.811729457633164	-0.811729457633164	-0.811729457633164	0.273321634892803	0.273321634892803	0.273321634892803	0.273321634892803	0.273321634892803	0.273321634892803	0.273321634892803	0.273321634892803	0.273321634892803	0.273321634892804	0.273321634892803	0.885195821986748	-0.222443166028787	0.13748037080442	0.459361015026099	1.05476552183962	0.605132304494283	0.0306933943694635	-0.504168289137276	0.0310390069988959	0.463997027101841	-0.174219465617252	0.618075628461339	0.618075628461339	0.618075628461339	0.618075628461339	0.618075628461339	0.618075628461339	0.618075628461339	0.618075628461339	0.618075628461339	0.618075628461339	0.618075628461339	-1.01851463523122	-1.01851463523122	-1.01851463523122	-1.01851463523122	-1.01851463523122	-1.01851463523122	-1.01851463523122	-1.01851463523122	-1.01851463523122	-1.01851463523122	-1.01851463523122	1.40634099585357	1.24503028691589	-0.569579761823242	0.0546393706169771	-1.24630135522821	1.01871420335075	1.93808253409343	-0.0832084293331844	0.446927148177727	-0.70108335343831	0.248560143790851	2.20696241746814	0.822725880643183
-0.35949615437167	0.0777035104721524	-0.137835797569235	0.0393207408699746	-0.480586971017521	0.00707088758818249	0.143865378086245	0.0704594722089198	0.276050032256103	0.0932494746128972	-0.577313185824687	-0.411187025893111	-0.227617099551503	0.364534150156165	-0.17931538331678	-1.05314100823671	0.558053887084576	0.840657091474954	-0.121919336655607	0.50167950260805	0.428276765748453	0.433241623764667	-0.977764240726814	-0.977764240726814	-0.977764240726814	-0.977764240726814	-0.977764240726814	-0.977764240726814	-0.977764240726814	-0.977764240726814	-0.977764240726814	-0.977764240726814	-0.977764240726814	-1.03840754439387	-1.03840754439387	-1.03840754439387	-1.03840754439387	-1.03840754439387	-1.03840754439387	-1.03840754439387	-1.03840754439387	-1.03840754439387	-1.03840754439387	-1.03840754439387	-0.294925657679454	0.447624994093155	-0.121057795453933	-0.0756000003109858	0.00234939188595564	0.829942518704396	0.191112556520303	0.629488502572243	-0.423403101783768	0.0335339654469346	-0.275164026873906	-0.659081989107272	-0.659081989107272	-0.659081989107272	-0.659081989107272	-0.659081989107272	-0.659081989107272	-0.659081989107272	-0.659081989107272	-0.659081989107272	-0.659081989107272	-0.659081989107272	0.429482567657213	0.429482567657213	0.429482567657213	0.429482567657213	0.429482567657213	0.429482567657213	0.429482567657213	0.429482567657213	0.429482567657213	0.429482567657213	0.429482567657213	0.768563485468322	0.494635749336364	0.754469863370168	0.620826412201071	-0.779585346727758	0.0546585848585305	0.44221548622293	0.00469602894357645	-0.204985397022152	-1.22847628362878	0.104134211260238	0.713290935775374	-0.500696209306204
1.21168396812351	2.20384893846505	1.91865842193372	2.41771566198605	2.06107767989815	2.5130009504801	1.08423221580768	-0.478389059788203	0.139103478702657	1.04164128952163	0.0926229525548337	0.0805358649508329	0.642728046769078	-0.0259711675127999	0.618529116079447	1.07615582341022	-0.293854160517488	-0.0189864895632742	0.0922453018030836	-0.294879676208961	-0.0765158634730759	-0.146960168223434	0.0495768152785046	0.0495768152785046	0.0495768152785046	0.0495768152785046	0.0495768152785046	0.0495768152785046	0.0495768152785046	0.0495768152785046	0.0495768152785046	0.0495768152785046	0.0495768152785046	-1.22578526649585	-1.22578526649585	-1.22578526649585	-1.22578526649585	-1.22578526649585	-1.22578526649585	-1.22578526649585	-1.22578526649585	-1.22578526649585	-1.22578526649585	-1.22578526649585	0.389675319043832	0.796061527868555	0.601420680435333	-0.420793889953153	-0.837973764558632	0.277027046403318	0.814064803334292	0.62197604581165	-0.218707631639989	-0.880247377661354	-0.68617928903957	-0.961873024925398	-0.961873024925398	-0.961873024925398	-0.961873024925398	-0.961873024925398	-0.961873024925398	-0.961873024925397	-0.961873024925398	-0.961873024925398	-0.961873024925397	-0.961873024925398	0.919033649158283	0.919033649158283	0.919033649158283	0.919033649158283	0.919033649158283	0.919033649158283	0.919033649158283	0.919033649158283	0.919033649158283	0.919033649158283	0.919033649158283	0.400188662163798	0.432721691790402	-0.423699141770003	0.0374379873818684	1.25300087776641	0.476888434410466	-0.276312903088765	0.993823209661131	-1.36153394932416	0.420161855748883	-0.632444603678852	1.03800586440281	0.0178237432934495
0.852340520798687	1.57593776980306	1.10326380113767	1.14382244359721	2.06861914779462	1.49961905193506	0.44718234884532	0.605262839415956	0.626984987934475	0.72441257224494	1.5444570102785	0.0863349907170251	0.552066568600936	0.735012731228463	0.638418975822959	0.0396123413952703	1.27093743654562	0.798508933889808	0.748043787880605	1.46151841799206	0.504612595282282	1.71937944789646	-0.570026405297155	-0.570026405297155	-0.570026405297155	-0.570026405297155	-0.570026405297155	-0.570026405297155	-0.570026405297155	-0.570026405297155	-0.570026405297155	-0.570026405297155	-0.570026405297155	-0.549646258484523	-0.549646258484523	-0.549646258484523	-0.549646258484523	-0.549646258484523	-0.549646258484523	-0.549646258484523	-0.549646258484523	-0.549646258484523	-0.549646258484523	-0.549646258484523	1.0241889881185	-2.02721393125735	-0.177297658544411	0.500790129075231	-1.06634638619483	-1.08197512697474	-1.25364725893561	-1.20417705645204	-1.68579449975182	0.121153571225715	0.107615384336314	-0.904882168817349	-0.904882168817349	-0.904882168817349	-0.904882168817349	-0.904882168817349	-0.904882168817349	-0.904882168817348	-0.904882168817349	-0.904882168817349	-0.904882168817349	-0.904882168817349	0.72906742591761	0.72906742591761	0.72906742591761	0.72906742591761	0.72906742591761	0.72906742591761	0.72906742591761	0.72906742591761	0.72906742591761	0.72906742591761	0.72906742591761	0.150258263914117	-0.253141050112255	0.0944584495225737	0.230632090881058	-0.408060748750858	0.243909322700026	0.346868476718405	-0.562235268074013	1.19617438105365	-0.110570439626807	-0.347497786939521	-0.0284847660697284	0.654798228027062
2.18183614557419	1.36507702666855	1.43046550614709	1.35038185547513	0.585936228892415	1.05616835851946	1.09045002743794	1.33351461066516	1.1786149754807	1.25526815856254	1.88584120772338	0.953055412770307	1.02407331258113	0.959556229671971	1.00371345268689	1.47067823677327	1.06997586658604	0.525431332414313	0.976735051668683	-0.215871614047107	0.871208432164622	0.341623627477056	-1.34832911116154	-1.34832911116154	-1.34832911116154	-1.34832911116154	-1.34832911116154	-1.34832911116154	-1.34832911116154	-1.34832911116154	-1.34832911116154	-1.34832911116154	-1.34832911116154	0.203102656003513	0.203102656003513	0.203102656003513	0.203102656003513	0.203102656003513	0.203102656003513	0.203102656003513	0.203102656003513	0.203102656003513	0.203102656003513	0.203102656003513	0.136138167914294	-1.05784346008434	-0.860962286753796	-2.1423323533741	-0.800792343311353	-1.03188057189988	-1.37799968507953	-2.24175878924157	-1.88565618066342	-0.93179052162104	-1.39369682344483	-0.253045809111281	-0.253045809111281	-0.253045809111281	-0.253045809111281	-0.253045809111281	-0.253045809111281	-0.253045809111281	-0.253045809111281	-0.253045809111281	-0.253045809111281	-0.253045809111281	2.00744489486893	2.00744489486893	2.00744489486893	2.00744489486893	2.00744489486893	2.00744489486893	2.00744489486893	2.00744489486893	2.00744489486893	2.00744489486893	2.00744489486893	0.233364152356246	-0.959678588002826	-0.289767247176139	-0.621714913314009	-0.802546279749842	-1.99396585865803	-0.526389302958259	-2.6399883530671	1.01676121108323	-0.339871346995813	-0.369339022811704	-0.775074444643804	-0.411142533110845
0.106851442066175	-0.154855324647909	-0.0723677139038968	-0.0168018933201615	-0.262326028706856	0.169685032259188	-0.288198995077355	-0.324176280532312	-0.243166377455213	0.223057500450217	0.264296366111119	-0.240318319043429	0.0308292560916622	0.0774489611878158	0.0691148377950149	-0.163827422401938	0.432121581617616	0.0175650789712602	-0.432108113512914	-0.326069904167033	0.324816101159735	0.261902907589845	1.15465195786502	1.15465195786502	1.15465195786502	1.15465195786502	1.15465195786502	1.15465195786502	1.15465195786502	1.15465195786502	1.15465195786502	1.15465195786502	1.15465195786502	1.64657821722976	1.64657821722976	1.64657821722976	1.64657821722976	1.64657821722976	1.64657821722976	1.64657821722976	1.64657821722976	1.64657821722976	1.64657821722976	1.64657821722976	0.799873228337719	0.136550524337482	0.568815974473073	-0.298141792544404	0.112282936224745	0.00971445849777793	-0.474478540430938	-0.704281213425102	-0.0298569990080582	0.20029854676358	-0.211343398704252	0.586993291731587	0.586993291731587	0.586993291731587	0.586993291731587	0.586993291731587	0.586993291731587	0.586993291731587	0.586993291731587	0.586993291731587	0.586993291731587	0.586993291731587	-0.947275241424394	-0.947275241424394	-0.947275241424394	-0.947275241424394	-0.947275241424394	-0.947275241424394	-0.947275241424394	-0.947275241424394	-0.947275241424394	-0.947275241424395	-0.947275241424394	0.553756919621104	-1.41201435229927	1.1893235333616	0.84494757907024	1.47195919917238	0.0140709826622434	-1.90806421628714	0.675737331650113	-0.402394991139079	1.28915895873636	-0.975236663651075	0.556300621199366	0.571914609160532
1.02869570514715	0.678530458677284	0.623767948396159	0.494337668434614	0.433114852945203	0.158934309787415	0.753834513527554	0.0564106049068036	-0.0976307458509199	1.31439512867193	0.887250533815848	-0.721426153484343	-0.319413376801369	-0.25730405719218	-0.263301248567707	-0.73529548384077	-0.195311747837209	0.210213099771193	-0.750204903408563	0.0682156409756054	0.129685724794274	-0.0754255714971091	0.228933130459278	0.228933130459278	0.228933130459278	0.228933130459278	0.228933130459278	0.228933130459278	0.228933130459278	0.228933130459278	0.228933130459278	0.228933130459278	0.228933130459278	1.79232148869121	1.79232148869121	1.79232148869121	1.79232148869121	1.79232148869121	1.79232148869121	1.79232148869121	1.79232148869121	1.79232148869121	1.79232148869121	1.79232148869121	1.05277021246354	-1.10717278717961	0.321325269832849	0.561513441320631	-0.26281180980148	-0.62039410503501	-1.6537930692357	-0.261335149246633	-0.878878704162132	0.501221493229682	-0.341794626871399	0.422850371144494	0.422850371144494	0.422850371144494	0.422850371144494	0.422850371144494	0.422850371144494	0.422850371144494	0.422850371144494	0.422850371144494	0.422850371144494	0.422850371144494	-0.294918766999849	-0.294918766999849	-0.294918766999849	-0.294918766999849	-0.294918766999849	-0.294918766999849	-0.294918766999849	-0.294918766999849	-0.294918766999849	-0.294918766999849	-0.294918766999849	0.153878691079009	0.53085520106463	0.500082167752752	0.508399476598831	-0.403849521904362	-0.644506623757957	-0.0111841254667255	-0.48852871822511	-0.573404700883591	-0.784040948187913	0.849349984027215	0.457104348132066	0.214927389094909
1.30656035392767	-0.237508328418572	0.637196124802215	-0.307133641422247	-0.404221271471116	-0.328625142400184	-0.665022686588073	1.19667313998707	0.025155688222178	0.555815973058807	1.81212305557023	0.110423717121543	0.968477448501749	0.894309669619507	1.27978940638993	0.423966089154253	0.860098416413356	1.12459367529198	0.230807646145978	0.592514086626443	0.807560369328616	0.667051133368578	-0.759707981753645	-0.759707981753645	-0.759707981753645	-0.759707981753645	-0.759707981753645	-0.759707981753645	-0.759707981753645	-0.759707981753645	-0.759707981753645	-0.759707981753645	-0.759707981753645	-0.382822289264634	-0.382822289264634	-0.382822289264634	-0.382822289264634	-0.382822289264634	-0.382822289264634	-0.382822289264634	-0.382822289264634	-0.382822289264634	-0.382822289264634	-0.382822289264634	-0.369318574602334	-1.11765997695989	-0.445241634472901	-0.036717347833862	-0.743753033210583	-0.031070033286751	-1.06031357264689	-0.295493603987507	-0.323746553171168	-0.517983154809014	-0.804369370635625	0.304520640530238	0.304520640530238	0.304520640530238	0.304520640530238	0.304520640530238	0.304520640530238	0.304520640530238	0.304520640530238	0.304520640530238	0.304520640530238	0.304520640530238	-1.94203294750102	-1.94203294750102	-1.94203294750102	-1.94203294750102	-1.94203294750102	-1.94203294750102	-1.94203294750102	-1.94203294750102	-1.94203294750102	-1.94203294750102	-1.94203294750102	-0.0314986838603061	-0.829554020418975	-0.784489646086357	-0.801919166954477	1.04392214789269	0.186494654422055	-1.0472464796601	0.869783496442485	-0.756214930463265	0.743598757398737	-1.39239542274691	0.19179744123834	-0.287380353351164
0.401979500619552	-0.653172712909898	-0.514603579948778	-0.820555771229189	-1.10723386745208	-0.621858499353971	0.589392011974734	-0.029895623459198	-0.391274712964041	0.572510800370422	0.14195575227349	0.380713385573817	0.110496716033851	0.388152033864573	0.123269913884224	0.172996702087833	0.413135143204298	0.366200430836888	0.689334626591812	0.83611117101587	0.0181515005322627	0.510336963185872	2.46712443563441	2.46712443563441	2.46712443563441	2.46712443563441	2.46712443563441	2.46712443563441	2.46712443563441	2.46712443563441	2.46712443563441	2.46712443563441	2.46712443563441	0.132274893035103	0.132274893035103	0.132274893035103	0.132274893035103	0.132274893035103	0.132274893035103	0.132274893035103	0.132274893035103	0.132274893035103	0.132274893035103	0.132274893035103	0.938727760882406	1.76347536405432	2.02324734226532	1.30306624307115	0.790506967947315	1.08739790635154	1.19554653976565	2.10636483545986	1.21455339568265	0.917945737307555	0.608974150144845	1.03260275680713	1.03260275680713	1.03260275680713	1.03260275680713	1.03260275680713	1.03260275680713	1.03260275680713	1.03260275680713	1.03260275680713	1.03260275680713	1.03260275680713	-0.216293191821299	-0.216293191821299	-0.216293191821299	-0.216293191821299	-0.216293191821299	-0.216293191821299	-0.216293191821299	-0.216293191821299	-0.216293191821299	-0.216293191821299	-0.216293191821299	-1.12043956518162	-1.07048707023006	0.908011565516339	1.06085469048064	0.162689039285154	1.12438164598706	-1.06205733042655	1.04336836792341	0.947507519320242	0.784700470508078	0.537793549558424	-0.360316642585803	1.82838238254535
0.093277484355126	0.863178812952165	0.670723824300204	0.533086792223351	1.22161462359925	-0.405532850216561	-0.0196375463408033	1.69024373442877	1.44830182554808	0.379616034723866	0.617071310035253	-0.624487410531182	0.249123698259149	-0.228729656582902	-0.19039760274915	0.0959411093212913	-0.568023000887105	0.0404115294965471	0.0674936493901282	-0.569733805449849	-0.336455836763658	-0.0464090859815768	1.42879612305969	1.42879612305969	1.42879612305969	1.42879612305969	1.42879612305969	1.42879612305969	1.42879612305969	1.42879612305969	1.42879612305969	1.42879612305969	1.42879612305969	0.179478036806354	0.179478036806354	0.179478036806354	0.179478036806354	0.179478036806354	0.179478036806354	0.179478036806354	0.179478036806354	0.179478036806354	0.179478036806354	0.179478036806354	1.44514662873313	0.483705317994446	1.02603167054373	1.32397332470903	0.517794990473131	1.06259060589455	0.587742487786603	0.858121494962933	0.257614393847335	0.74296047422638	0.288327155118741	-0.0922988138868675	-0.0922988138868675	-0.0922988138868675	-0.0922988138868675	-0.0922988138868675	-0.0922988138868675	-0.0922988138868674	-0.0922988138868675	-0.0922988138868675	-0.0922988138868674	-0.0922988138868675	-0.30320090238314	-0.30320090238314	-0.30320090238314	-0.30320090238314	-0.30320090238314	-0.30320090238314	-0.30320090238314	-0.30320090238314	-0.30320090238314	-0.30320090238314	-0.30320090238314	1.48092572000945	0.87734693363755	0.7126769083275	0.915253774449059	0.623942755630802	0.973748471497674	1.16298906228392	0.424589274374273	-0.25895131434406	0.549239363325087	1.19971194610889	1.19649786485638	0.17875487710927
0.484915379254413	-0.105954741032454	-0.137820504368575	-0.274411397136481	0.0337665808313476	-0.186890981656235	0.418763923989038	0.631077504152822	0.439083316364711	0.192344084829549	0.792717615033801	-0.0187881637052779	-1.24743505308756	-0.442269937597488	-1.16313474299541	-1.17904018308791	0.87137321476871	-0.661655176577676	-0.383196920152374	0.3750135121205	-0.298790776575242	0.690893918013708	0.895533959836726	0.895533959836726	0.895533959836726	0.895533959836726	0.895533959836726	0.895533959836726	0.895533959836726	0.895533959836726	0.895533959836726	0.895533959836726	0.895533959836726	1.69966739197503	1.69966739197503	1.69966739197503	1.69966739197503	1.69966739197503	1.69966739197503	1.69966739197503	1.69966739197503	1.69966739197503	1.69966739197503	1.69966739197503	-0.789702658822852	-1.1634266619513	-1.46786789746897	-1.34011976113523	-0.857673177476666	-1.89919931066335	-0.568637572296036	-2.03527162697143	-0.927277764886677	-0.644489219573121	0.50547104584041	-1.3547947768762	-1.3547947768762	-1.3547947768762	-1.3547947768762	-1.3547947768762	-1.3547947768762	-1.3547947768762	-1.3547947768762	-1.3547947768762	-1.3547947768762	-1.3547947768762	0.510944066542526	0.510944066542526	0.510944066542526	0.510944066542526	0.510944066542526	0.510944066542526	0.510944066542526	0.510944066542526	0.510944066542526	0.510944066542526	0.510944066542526	-0.604640607853172	0.887316953607553	-0.407555329109326	0.330152502558425	1.33926030871981	-0.432619518115674	-0.918787583570559	0.607976924644586	-0.783761727233741	0.676791364057455	0.698235577329952	-0.15417868496971	0.0415608385999649
1.60380031676143	2.25293004913935	1.94593786487311	2.6536420201594	2.52176310410236	2.0809970667814	0.510114527827978	-0.0639161844140229	0.780304327895591	0.194815994318464	1.02215189133863	-1.63463564424611	-1.65172701524369	-2.18232940065449	-1.8588874740719	-0.979106560265151	-1.96104042027185	-2.20579756981587	-1.83648278829378	-2.43682734875023	-1.82737948296991	-2.03397598523716	0.699228328049797	0.699228328049797	0.699228328049797	0.699228328049797	0.699228328049797	0.699228328049797	0.699228328049797	0.699228328049797	0.699228328049797	0.699228328049797	0.699228328049797	-2.05048934458393	-2.05048934458393	-2.05048934458393	-2.05048934458393	-2.05048934458393	-2.05048934458393	-2.05048934458393	-2.05048934458393	-2.05048934458393	-2.05048934458393	-2.05048934458393	-0.797281056409378	1.97737139125592	-0.505602689146052	-0.421425465053594	1.54259996743502	1.00932240404307	0.530769821708996	0.899708644192781	1.62308575670691	0.721219586748804	0.291445637546247	-0.681882707442164	-0.681882707442164	-0.681882707442164	-0.681882707442164	-0.681882707442164	-0.681882707442164	-0.681882707442164	-0.681882707442164	-0.681882707442164	-0.681882707442163	-0.681882707442164	0.450276657212146	0.450276657212146	0.450276657212146	0.450276657212146	0.450276657212146	0.450276657212146	0.450276657212146	0.450276657212146	0.450276657212146	0.450276657212146	0.450276657212146	-0.434747344073425	-0.0522814812016375	0.13324738718306	0.101241254234144	0.923245123331759	-1.06767485466087	-1.03346868127747	-0.341761711978343	-0.77559648913101	0.264862008526637	1.01190490340199	-0.892092452064283	0.463278548119777
0.280891485234627	1.2579512349148	0.655121331241539	1.10053014292738	0.990577170490459	0.411289293306087	0.922486524580435	-0.8862850086283	-0.315851393431279	0.733308530361173	-0.243683115495306	0.212683307831998	-0.978032303654001	-0.353821654748912	-0.898411088073668	-0.820201725219443	-0.0159243178214575	-0.198009555026156	-0.226108868232927	0.239560257312091	-0.30197813700325	-0.174625146476635	-0.516269031045823	-0.516269031045823	-0.516269031045823	-0.516269031045823	-0.516269031045823	-0.516269031045823	-0.516269031045823	-0.516269031045823	-0.516269031045823	-0.516269031045823	-0.516269031045823	-1.15226810197047	-1.15226810197047	-1.15226810197047	-1.15226810197047	-1.15226810197047	-1.15226810197047	-1.15226810197047	-1.15226810197047	-1.15226810197047	-1.15226810197047	-1.15226810197047	0.71420367412077	0.745608558692639	0.771453120338713	-0.262755308668666	1.1208615407768	0.0418297881921956	0.767366226473945	0.510621196472238	0.285106759876654	0.38719209432452	-0.527014941250631	0.375803174897153	0.375803174897153	0.375803174897153	0.375803174897153	0.375803174897153	0.375803174897153	0.375803174897153	0.375803174897153	0.375803174897153	0.375803174897153	0.375803174897153	-0.822717627376601	-0.822717627376601	-0.822717627376601	-0.822717627376601	-0.822717627376601	-0.822717627376601	-0.822717627376601	-0.822717627376601	-0.822717627376601	-0.822717627376601	-0.822717627376601	-0.0449585489672276	-1.16462647733848	-0.01554072773503	-0.844374431752527	0.31122774914005	0.812224668611539	0.383393702273896	0.508370888294958	-0.371405869298938	0.627964634201633	-2.00785763677447	0.237214571114686	-0.711302463830443
-1.63049510858544	-1.38629587560441	-1.94654375009185	-1.72604859489653	-1.91653009309837	-1.95465015223008	-0.0241298169829698	0.523375107187671	0.753844886384666	-0.254184005721008	-0.967532306519474	-0.914411571185183	-0.598269547152982	-0.999172756416561	-0.442439268639784	-0.287586797737351	-0.616913074171505	-0.852699147109835	-1.62839481200993	-1.88194246968782	-0.690561253584157	-1.5619969499343	0.0778803207136121	0.0778803207136121	0.0778803207136121	0.077880320713612	0.0778803207136121	0.077880320713612	0.077880320713612	0.077880320713612	0.0778803207136121	0.077880320713612	0.0778803207136121	2.19570100652646	2.19570100652646	2.19570100652646	2.19570100652646	2.19570100652646	2.19570100652646	2.19570100652646	2.19570100652646	2.19570100652646	2.19570100652646	2.19570100652646	-0.982791174621	-1.2820722568339	-0.846494482459009	0.0798895580506581	-2.20296425347267	-0.349689172214234	1.24777216222584	-0.181134016863891	-0.205591341561298	-2.28765493816865	-0.405809966515211	0.122616281298339	0.122616281298339	0.122616281298339	0.122616281298339	0.122616281298339	0.122616281298339	0.122616281298339	0.122616281298339	0.122616281298339	0.122616281298339	0.122616281298339	-2.03824891971389	-2.03824891971389	-2.03824891971389	-2.03824891971389	-2.03824891971389	-2.03824891971389	-2.03824891971389	-2.03824891971389	-2.03824891971389	-2.03824891971389	-2.03824891971389	-0.0648604355594242	-2.06178094865774	0.59593991111597	0.158183612770165	2.16472251816329	-1.59887329715833	-1.88502088817115	-1.93734327664246	0.719256461030204	1.76128381847976	-0.878300264721437	-1.24767452190099	0.830759811930507
0.131530994414883	-1.01214471491379	-0.68108523502642	-0.872982829399824	-1.05506522301661	-0.345238096637608	0.969804451587842	0.939995954384104	0.6664584607382	0.573326890223572	-0.28481179872163	1.26308755865136	0.221578623515141	0.303564354078776	0.043162468430724	0.0300764282048689	-0.432783913356323	0.180345967611151	-0.0653208493274935	0.172004486695561	0.156231290229304	-1.06661164082672	-0.32685590959724	-0.32685590959724	-0.32685590959724	-0.32685590959724	-0.32685590959724	-0.32685590959724	-0.32685590959724	-0.32685590959724	-0.32685590959724	-0.32685590959724	-0.32685590959724	-2.03298866895921	-2.03298866895921	-2.03298866895921	-2.03298866895921	-2.03298866895921	-2.03298866895921	-2.03298866895921	-2.03298866895921	-2.03298866895921	-2.0329886689592	-2.03298866895921	-1.30936973004331	-1.19624691032788	-1.7821438065212	-1.34548664840984	-0.261486069555701	-1.21225116108293	-1.24380624007081	-2.6542064658742	-0.521290195425811	-0.888911756119994	0.0896740764059741	0.685808978445647	0.685808978445647	0.685808978445647	0.685808978445647	0.685808978445647	0.685808978445647	0.685808978445647	0.685808978445647	0.685808978445647	0.685808978445647	0.685808978445647	-0.526395366417086	-0.526395366417086	-0.526395366417086	-0.526395366417086	-0.526395366417086	-0.526395366417086	-0.526395366417086	-0.526395366417086	-0.526395366417086	-0.526395366417086	-0.526395366417086	1.0054027616447	0.184786629968642	0.0689194633203146	0.548002487755364	-1.8785078595831	-0.352304835518901	-1.02229816646877	0.229821170439142	-0.00819914472360873	-1.58036886673612	0.104151065260456	0.63619008152558	-0.643862791312483
-0.365262607375709	0.173347579260884	-0.0726127750913446	-0.201426277642735	0.285169227875823	-0.538575713709665	0.174585982118161	-0.0555138524151463	-0.205238008994945	-0.0155091362903967	-0.28791675893148	1.79855362051727	2.44305610407763	2.43646882983246	2.55675373747428	2.47814682110278	1.81187841333826	2.34474498585621	2.38436029856025	1.61813449789647	2.34327541681878	1.74469070816112	-0.281310005081424	-0.281310005081424	-0.281310005081424	-0.281310005081424	-0.281310005081424	-0.281310005081424	-0.281310005081424	-0.281310005081424	-0.281310005081424	-0.281310005081424	-0.281310005081424	-0.0721273617611755	-0.0721273617611755	-0.0721273617611755	-0.0721273617611755	-0.0721273617611755	-0.0721273617611755	-0.0721273617611755	-0.0721273617611755	-0.0721273617611755	-0.0721273617611755	-0.0721273617611755	0.932520987220938	1.39916750740597	1.24234087594228	0.832243513632632	0.839725610413804	1.35083085730777	0.978463527188909	1.97431294562745	0.76657327241037	0.367296655854243	-0.574881573676177	-0.947063452280924	-0.947063452280924	-0.947063452280924	-0.947063452280924	-0.947063452280924	-0.947063452280924	-0.947063452280924	-0.947063452280924	-0.947063452280924	-0.947063452280923	-0.947063452280924	-0.0379963088221916	-0.0379963088221916	-0.0379963088221916	-0.0379963088221916	-0.0379963088221916	-0.0379963088221916	-0.0379963088221916	-0.0379963088221916	-0.0379963088221916	-0.0379963088221916	-0.0379963088221916	-0.00937184352936403	-1.38084885783351	1.06314524001256	0.568323266344399	1.25461672712507	0.237426437417612	-0.37094724168732	-0.506541983584951	-0.433962582727159	1.33338445539918	-0.327018951345331	-0.593937880257165	-0.142799407233347
1.31650533874319	0.890718502971452	1.50409626880725	1.29867408710374	-0.222266189558462	-0.298063117041918	-1.28679330567267	1.16645934911036	0.871661754545945	-0.347093082443796	1.21064547026521	-0.599661289092958	0.198565574385244	-0.451902265292223	-0.185866275689561	-0.292227361638107	-0.28895266913079	0.104702540455903	-0.345044741297189	0.517096884220451	-0.741964038629363	0.317915453884472	-0.331606434566631	-0.331606434566631	-0.331606434566631	-0.33160643456663	-0.331606434566631	-0.33160643456663	-0.33160643456663	-0.33160643456663	-0.331606434566631	-0.33160643456663	-0.331606434566631	-0.152793887586589	-0.152793887586589	-0.152793887586589	-0.152793887586589	-0.152793887586589	-0.152793887586589	-0.152793887586589	-0.152793887586589	-0.152793887586589	-0.152793887586589	-0.152793887586589	-0.318294080592005	-0.837896141838408	-0.548335633800234	0.652988250069102	1.04895752831877	-0.324537649257271	0.251775428097971	0.496845340149888	-0.738795006953124	1.49401242807033	0.987540114925635	-0.11457078309967	-0.11457078309967	-0.11457078309967	-0.11457078309967	-0.11457078309967	-0.11457078309967	-0.11457078309967	-0.11457078309967	-0.11457078309967	-0.11457078309967	-0.11457078309967	-0.825258179247474	-0.825258179247474	-0.825258179247474	-0.825258179247474	-0.825258179247474	-0.825258179247474	-0.825258179247474	-0.825258179247474	-0.825258179247474	-0.825258179247474	-0.825258179247474	-1.77997919262272	-0.758084713727259	-0.91674414403348	-1.2814828718411	0.958752535310823	-2.01914382830596	-2.09069615690079	-0.366372725819377	0.910519761270593	0.406820388561204	-0.534760477728366	-1.58270200438966	0.610132568811936
-1.2856839446905	-1.12078524952213	-0.738443640619194	-1.00839907130511	-1.89338634982358	-1.82715346349422	-2.18885804684976	-2.52728859161695	-2.72698526511698	-1.78352957947533	-1.78433641680198	0.200582446232035	-0.816413735234598	-0.100176587949457	-0.493709868747343	-0.682327842923126	0.0385464966423043	-0.0415953154928948	0.312053657009971	0.30854656648795	-0.417342347679801	0.414239748067452	-2.97010376768752	-2.97010376768752	-2.97010376768752	-2.97010376768752	-2.97010376768752	-2.97010376768752	-2.97010376768752	-2.97010376768752	-2.97010376768752	-2.97010376768752	-2.97010376768752	0.424119514227609	0.424119514227609	0.424119514227609	0.424119514227609	0.424119514227609	0.424119514227609	0.424119514227609	0.424119514227609	0.424119514227609	0.424119514227609	0.424119514227609	0.331526113525213	0.424809122482162	0.791478461482617	-0.347155147820998	0.621477929830378	0.300075055180505	-0.0979193791764952	0.771307649687971	0.0461588948302295	0.0949047184387525	-1.19460378192673	-0.233294015565668	-0.233294015565668	-0.233294015565668	-0.233294015565668	-0.233294015565668	-0.233294015565668	-0.233294015565668	-0.233294015565668	-0.233294015565668	-0.233294015565668	-0.233294015565668	0.0697795672828331	0.0697795672828331	0.0697795672828331	0.0697795672828331	0.0697795672828331	0.0697795672828331	0.0697795672828331	0.0697795672828331	0.0697795672828331	0.0697795672828331	0.0697795672828331	-0.221579681766163	-1.53019177103824	-0.312158024033915	-1.24996062398872	-0.560300867020932	-0.0325524326401724	-0.414004418978528	0.121099486939084	-0.155462575517524	-0.674174840773049	-1.37034199686991	0.00399671717023039	0.360699730681377
0.0165077118983102	0.171465905220487	-0.221799523011478	-0.215667765441527	-0.809880225548532	-0.0167230136667312	0.27356412470407	-0.621155505373278	-0.584699181633673	0.798959417014295	0.0855099317111353	2.14239959826568	1.59398169285844	2.40778692475484	2.0675734801949	1.92887727090545	2.15707812202849	2.42490075996968	2.61324471742677	1.67951504925474	2.08845798665802	1.58423876098996	-0.581180552566305	-0.581180552566305	-0.581180552566305	-0.581180552566305	-0.581180552566305	-0.581180552566305	-0.581180552566305	-0.581180552566305	-0.581180552566305	-0.581180552566305	-0.581180552566305	0.40057031829292	0.40057031829292	0.40057031829292	0.40057031829292	0.40057031829292	0.40057031829292	0.40057031829292	0.40057031829292	0.40057031829292	0.40057031829292	0.40057031829292	0.992558038106828	0.425983240152717	1.05061185967628	1.08059428549207	0.517590292965538	0.139751071165141	0.538902907807201	0.595868967675614	0.931299616955312	0.611751767068771	0.601368592373985	0.746252255752953	0.746252255752953	0.746252255752953	0.746252255752953	0.746252255752953	0.746252255752953	0.746252255752953	0.746252255752953	0.746252255752953	0.746252255752953	0.746252255752953	-0.696499804489668	-0.696499804489668	-0.696499804489668	-0.696499804489668	-0.696499804489668	-0.696499804489668	-0.696499804489668	-0.696499804489668	-0.696499804489668	-0.696499804489668	-0.696499804489668	1.43241506964429	-1.15026650274426	-0.942753219785259	-1.15435282384104	0.975235810654751	0.169770600607829	0.329098596448668	-0.77469704807437	0.649847688001567	0.784237036950174	-1.23797971962781	0.226610574495095	0.331416688166648
1.81963356836103	0.736227459554287	1.07021929761131	0.929635402000656	0.502478142442687	0.799849242617615	0.747535808786259	1.98556695421775	1.72700524169487	1.55105668937145	1.85746351204115	-0.635299351222169	-1.14677672108037	-1.34969191933981	-1.1137255413986	-0.679391274616083	-1.17223387692347	-2.092019597745	-0.526417415440048	-0.0960974410160658	-1.06599930123805	-0.681332936736485	0.170247767811321	0.170247767811321	0.170247767811321	0.170247767811321	0.170247767811321	0.170247767811321	0.170247767811321	0.170247767811321	0.170247767811321	0.170247767811321	0.170247767811321	-0.820686210929134	-0.820686210929134	-0.820686210929134	-0.820686210929134	-0.820686210929134	-0.820686210929134	-0.820686210929134	-0.820686210929134	-0.820686210929134	-0.820686210929134	-0.820686210929134	0.172659522418608	0.118349242283155	-0.366894149973777	0.541307926172195	1.26210170953829	-0.236386397253129	0.328768862212489	-0.671263315152389	-0.280806828178562	1.23183606843117	1.6712809698336	-0.0700287879768012	-0.0700287879768012	-0.0700287879768012	-0.0700287879768012	-0.0700287879768012	-0.0700287879768012	-0.0700287879768011	-0.0700287879768012	-0.0700287879768012	-0.0700287879768011	-0.0700287879768012	0.0276433696340546	0.0276433696340546	0.0276433696340546	0.0276433696340546	0.0276433696340546	0.0276433696340546	0.0276433696340546	0.0276433696340546	0.0276433696340546	0.0276433696340546	0.0276433696340546	1.17331951407103	2.43338070883341	-0.337603758096356	0.859201585024728	-0.756072549648883	1.32839814136577	2.37065177649543	0.298790262165217	1.66214824794806	-0.0119980649546107	1.41212700496488	1.65484049582469	0.557551769198889
3.14060682184224	1.81158759589699	2.57409872428437	2.15834478316621	0.738587272939995	0.340829889324435	0.16998778068364	1.26299310455135	0.717779967155787	1.93679314420196	2.40881559015205	-1.2348685525996	-1.8428329215429	-1.45615463540747	-1.66494766945605	-1.77243661423076	-0.976140631416252	-1.61665914932637	-1.11802811286338	-0.564451370853776	-0.752395547437281	-0.706405168735558	-1.19604372647245	-1.19604372647245	-1.19604372647245	-1.19604372647245	-1.19604372647245	-1.19604372647245	-1.19604372647245	-1.19604372647245	-1.19604372647245	-1.19604372647245	-1.19604372647245	-1.9614985137237	-1.9614985137237	-1.9614985137237	-1.9614985137237	-1.9614985137237	-1.9614985137237	-1.9614985137237	-1.9614985137237	-1.9614985137237	-1.9614985137237	-1.9614985137237	-0.382035012176705	-0.627486083615984	-0.599965251483555	0.430631408812034	0.359565760744764	0.165514891101235	0.357322212685857	-1.12885387687305	-0.585254795858291	0.726501474235981	1.522878479463	0.620640203009136	0.620640203009136	0.620640203009136	0.620640203009136	0.620640203009136	0.620640203009136	0.620640203009136	0.620640203009136	0.620640203009136	0.620640203009136	0.620640203009136	0.832325838849589	0.832325838849589	0.832325838849589	0.832325838849589	0.832325838849589	0.832325838849589	0.832325838849589	0.832325838849589	0.832325838849589	0.832325838849589	0.832325838849589	0.407579229574828	1.65973472310485	-0.423263816857709	-0.532493459006454	0.937137854782578	-0.158843562844467	2.03393260120772	-0.427943989895138	-1.40370541470062	0.52766199239146	0.304294674036296	1.08645899481611	-0.34657797391738
-0.934060536888378	-0.233046123781645	-0.639940661865303	-0.297942166463878	0.0965042548540266	-0.110645373105803	0.290040044896257	0.510850891140264	0.888818088728089	-0.316174369368079	-0.605756757610369	-0.957779587174648	-0.258207228667354	-0.555441829076992	0.0475281617281556	-0.0370540804290286	-0.71005634426228	-0.0280105154006998	-0.83143106823057	-1.13894970363384	-0.335351269562081	-0.694058280009225	-0.879405494369474	-0.879405494369474	-0.879405494369474	-0.879405494369474	-0.879405494369474	-0.879405494369474	-0.879405494369474	-0.879405494369474	-0.879405494369474	-0.879405494369474	-0.879405494369474	0.365565527855188	0.365565527855188	0.365565527855188	0.365565527855188	0.365565527855188	0.365565527855188	0.365565527855188	0.365565527855188	0.365565527855188	0.365565527855188	0.365565527855188	0.766958576822541	-0.0859769599791087	1.01511070932538	0.642594406172858	0.168539013823913	0.946042967986921	0.790006229380897	1.04047186042145	0.123596036883744	-0.299938414255539	-1.09115619029277	0.393916142496136	0.393916142496136	0.393916142496136	0.393916142496136	0.393916142496136	0.393916142496136	0.393916142496136	0.393916142496136	0.393916142496136	0.393916142496136	0.393916142496136	0.325707012954898	0.325707012954898	0.325707012954898	0.325707012954898	0.325707012954898	0.325707012954898	0.325707012954898	0.325707012954898	0.325707012954898	0.325707012954897	0.325707012954898	0.144338714056721	1.02490825104289	-0.652959381392182	-0.845562768717163	-0.346286236692841	-1.12253842891037	1.60843386158803	-1.76458700241162	-0.96564185669126	-0.362382478793252	0.0908669082441481	0.0620136920486317	-1.23447093221736
-0.128985888531699	-0.70101173931007	-0.464901446254059	-0.175475140544153	-0.915723296589388	-0.401837530921215	-0.00467732767350075	-0.378152565986397	-0.0192380022252521	-0.27956887984602	-0.672415287248444	-1.61172622833787	-1.4210493300548	-1.42146961388126	-1.51642560929186	-1.66586090152431	-1.21969168594964	-0.863206838444093	-1.44207004329914	-1.21859322911217	-1.62378764872753	-1.05631008607263	1.69496584002678	1.69496584002678	1.69496584002678	1.69496584002678	1.69496584002678	1.69496584002678	1.69496584002678	1.69496584002678	1.69496584002678	1.69496584002678	1.69496584002678	-0.24184195397265	-0.24184195397265	-0.24184195397265	-0.24184195397265	-0.24184195397265	-0.24184195397265	-0.24184195397265	-0.24184195397265	-0.24184195397265	-0.24184195397265	-0.24184195397265	-1.3708695403679	-0.285468147305383	-0.36308966117554	-1.26483058173489	-2.52167484667101	-1.29282131393996	-2.07275406819861	-0.403108874297993	-0.148067022995251	-1.77974419999609	-0.947207686732523	0.771928812234334	0.771928812234334	0.771928812234334	0.771928812234334	0.771928812234334	0.771928812234334	0.771928812234334	0.771928812234334	0.771928812234334	0.771928812234334	0.771928812234334	-0.857286080829816	-0.857286080829816	-0.857286080829816	-0.857286080829816	-0.857286080829816	-0.857286080829816	-0.857286080829816	-0.857286080829816	-0.857286080829816	-0.857286080829816	-0.857286080829816	-2.53945833912671	-0.670200976351027	0.563801460983727	0.767149824718745	0.650542815277055	-2.92336780376047	-2.75687396008747	-2.06676821128921	-0.308088119129425	0.551859405239201	0.154333321054293	-3.53824258041476	-0.786243253640534
-0.991354289955391	-1.16604915808176	-0.783192573644178	-1.13412426557765	-1.3723310418103	-2.08134542804358	-1.24909232451102	0.13021189493901	-0.292673634963755	-1.18719808240292	-0.750268985522213	-0.723271065340909	-0.434689562306864	-1.34220990647694	-1.05566453842669	-0.58052886767064	-1.66833731994693	-1.0965461996662	-1.94662197469047	-1.81424328564129	-0.916264151151823	-2.12640240829354	-0.190655857490785	-0.190655857490785	-0.190655857490785	-0.190655857490785	-0.190655857490785	-0.190655857490785	-0.190655857490785	-0.190655857490785	-0.190655857490785	-0.190655857490785	-0.190655857490785	0.0604549380055234	0.0604549380055234	0.0604549380055234	0.0604549380055234	0.0604549380055234	0.0604549380055234	0.0604549380055234	0.0604549380055234	0.0604549380055234	0.0604549380055234	0.0604549380055234	-1.00044695408905	-0.152120347981523	-0.702985349704647	0.121782929088829	-0.405235844811815	-0.501609706290115	-0.030402866969724	-0.235661052989949	0.232944897775594	-0.0275573629190293	1.05003797691807	-1.58866360454202	-1.58866360454202	-1.58866360454202	-1.58866360454202	-1.58866360454202	-1.58866360454202	-1.58866360454202	-1.58866360454202	-1.58866360454202	-1.58866360454202	-1.58866360454202	-0.175092680993239	-0.175092680993239	-0.175092680993239	-0.175092680993239	-0.175092680993239	-0.175092680993239	-0.175092680993239	-0.175092680993239	-0.175092680993239	-0.175092680993239	-0.175092680993239	-0.604149862239269	0.275323190495739	0.543488510438807	0.391274830366785	-0.383244474866039	-0.0499877933358065	-0.315482709851822	0.597683679845039	-1.3842886781	-1.12937493723761	0.504145811521242	-0.218845138588862	-0.705863128999543
-1.10655156869318	-1.22059753709068	-1.86919500164776	-1.47458413312189	-1.15306860723633	-1.37868814302443	0.950289381436037	0.1788742252134	0.631783400576839	-0.528809926217849	-0.548868413998119	0.372445322803373	0.322089767928428	0.196174809648726	0.141123187974668	0.278459049293824	-0.111119430983783	0.739604329460195	0.536230656368403	-0.0845351050593251	-0.612756822583859	0.17698099250461	1.97813274875301	1.97813274875301	1.97813274875301	1.97813274875301	1.97813274875301	1.97813274875301	1.97813274875301	1.97813274875301	1.97813274875301	1.97813274875301	1.97813274875301	-0.577518400396274	-0.577518400396274	-0.577518400396274	-0.577518400396274	-0.577518400396274	-0.577518400396274	-0.577518400396274	-0.577518400396274	-0.577518400396274	-0.577518400396274	-0.577518400396274	-3.25088784594964	-0.3050304058237	-2.21175712521251	-1.2725975642709	-0.475458789131463	-1.21027688249658	0.696891084456127	-1.31331744762993	0.72062470543961	-0.686548893455164	1.6880951606031	0.836583880495267	0.836583880495267	0.836583880495267	0.836583880495267	0.836583880495267	0.836583880495267	0.836583880495267	0.836583880495267	0.836583880495267	0.836583880495267	0.836583880495267	0.110255396073158	0.110255396073158	0.110255396073158	0.110255396073158	0.110255396073158	0.110255396073158	0.110255396073158	0.110255396073158	0.110255396073158	0.110255396073158	0.110255396073158	0.190316143474946	1.44965471641433	1.99527100575615	2.15072746061994	0.318489154466106	2.3546167473559	1.15886252920654	2.53903601222992	1.38833837044578	0.869910003483902	0.545012552259897	1.21812899505903	1.00203052797969
-0.34723039563026	-0.609085277493776	-0.67197265584422	-0.360257815869304	-0.0210372046244585	1.36221758562393	0.778829884209951	-0.415785675829842	-0.0292603415780527	-0.522628503432086	-0.768952664187796	1.03699488488902	0.181516434111885	-0.0213438286043089	-0.0837864903491106	0.435037709498085	-0.302025951712014	-0.411165897266304	0.11145066480378	0.484213473988037	0.0805645839022372	-0.354831260219619	-0.108322099865639	-0.108322099865639	-0.108322099865639	-0.108322099865639	-0.108322099865639	-0.108322099865639	-0.108322099865639	-0.108322099865639	-0.108322099865639	-0.108322099865639	-0.108322099865639	0.0427253696167398	0.0427253696167398	0.0427253696167398	0.0427253696167398	0.0427253696167398	0.0427253696167398	0.0427253696167398	0.0427253696167398	0.0427253696167398	0.0427253696167397	0.0427253696167398	-1.62100476039755	-0.988043857316434	-1.53963543298336	-2.04845064536965	-0.274459023409386	-2.4452524783609	-1.48106727527998	-1.40776038132929	-1.05329056697433	0.266838854211271	0.380266023480137	1.08415946101618	1.08415946101618	1.08415946101618	1.08415946101618	1.08415946101618	1.08415946101618	1.08415946101618	1.08415946101618	1.08415946101618	1.08415946101618	1.08415946101618	1.02823994834098	1.02823994834098	1.02823994834098	1.02823994834098	1.02823994834098	1.02823994834098	1.02823994834098	1.02823994834098	1.02823994834098	1.02823994834098	1.02823994834098	-0.127456049074487	-1.06300407838491	0.143802295267378	-0.110364183660335	-0.746424172097688	0.823376610781843	-1.49119919885966	1.96751215618828	0.510307758314023	-1.08038128752284	-0.335959102251329	0.414545443512561	0.875878489819972
0.447283085719752	0.294121408616184	0.186920341524145	0.100826769087965	0.246736704818164	-0.00870183042825946	0.250947974222978	1.01619284106898	0.866230770648998	1.00084919497047	0.995556462241567	1.35282447127241	0.137079753843736	0.591713095484142	0.279753285760363	0.417164068168847	0.128140666614162	0.647088416898809	0.90889079734906	0.97879461436204	0.157736890554016	0.448068706867081	-1.42869607811415	-1.42869607811415	-1.42869607811415	-1.42869607811415	-1.42869607811415	-1.42869607811415	-1.42869607811415	-1.42869607811415	-1.42869607811415	-1.42869607811415	-1.42869607811415	-1.52194770868085	-1.52194770868085	-1.52194770868085	-1.52194770868085	-1.52194770868085	-1.52194770868085	-1.52194770868085	-1.52194770868085	-1.52194770868085	-1.52194770868085	-1.52194770868085	0.433863940889671	0.570132957978702	0.60490157977796	-0.198801591178911	0.793451544524855	-0.237588637143325	-0.0330081904171009	-0.404086417600045	0.857664950382722	0.420522399628077	0.128978290838341	-2.01285162914191	-2.01285162914191	-2.01285162914191	-2.01285162914191	-2.01285162914191	-2.01285162914191	-2.01285162914191	-2.01285162914191	-2.01285162914191	-2.01285162914191	-2.01285162914191	2.14550257899633	2.14550257899633	2.14550257899633	2.14550257899633	2.14550257899633	2.14550257899633	2.14550257899633	2.14550257899633	2.14550257899633	2.14550257899633	2.14550257899633	2.45924271567788	-1.15036174454204	1.2325064233092	0.764196538903604	1.00351145976507	-0.338542897453778	-0.117116326160995	-1.43726093139782	-0.764566027208077	0.582711935878943	0.3708247155742	1.37183276270554	0.718764354110932
-0.148770513147906	-0.877401173750012	-0.678394076931798	-0.973036655851057	0.271569298805497	0.680280523087862	2.17244505013788	0.977098019892401	0.580390020545249	1.59379278097311	-0.672610003979053	1.5452613793444	2.35252763439749	1.73262195919691	1.95759122135391	2.36692905335871	1.15667105202591	1.22966327569601	1.75167931375842	1.4613566836113	1.66157591563814	1.45990012048278	-1.03080881659782	-1.03080881659782	-1.03080881659782	-1.03080881659782	-1.03080881659782	-1.03080881659782	-1.03080881659782	-1.03080881659782	-1.03080881659782	-1.03080881659782	-1.03080881659782	0.138019855714403	0.138019855714403	0.138019855714403	0.138019855714403	0.138019855714403	0.138019855714403	0.138019855714403	0.138019855714403	0.138019855714403	0.138019855714403	0.138019855714403	0.113676512511263	0.608301100815706	1.21797551825152	-0.686140512564977	-0.434528581830401	-0.377324517436115	-0.037318232950505	0.334446776038889	1.06258193922303	-0.575334889819653	-0.87390818387668	0.274937532968564	0.274937532968564	0.274937532968564	0.274937532968564	0.274937532968564	0.274937532968564	0.274937532968564	0.274937532968564	0.274937532968564	0.274937532968564	0.274937532968564	1.08850300086443	1.08850300086443	1.08850300086443	1.08850300086443	1.08850300086443	1.08850300086443	1.08850300086443	1.08850300086443	1.08850300086443	1.08850300086443	1.08850300086443	-0.825528992242653	1.58950165441697	-0.129785362192123	-0.0443859837603421	1.26949903768403	-0.215402649570786	1.38049133762975	-0.201351635724423	-0.0313419668326429	0.762280291132181	-0.125280883819914	-0.103223682552172	0.166146496841069
-1.57183564359264	-0.540618659528147	-1.55942311343065	-1.16876311664109	0.155913625590306	0.359080498096915	1.04948027944854	1.09844107868077	1.50338983733129	0.312742751518352	-0.245262532218314	-2.69265486087347	-1.9926379322897	-1.37907169745684	-1.31214298216118	-2.20258191049247	0.36529234881916	-1.83380245906846	-1.27874359985972	-0.994991906439711	-0.867905043697261	-0.255028289190058	0.688925244662842	0.688925244662842	0.688925244662842	0.688925244662841	0.688925244662842	0.688925244662841	0.688925244662841	0.688925244662841	0.688925244662842	0.688925244662842	0.688925244662842	1.49935773077677	1.49935773077677	1.49935773077677	1.49935773077677	1.49935773077677	1.49935773077677	1.49935773077677	1.49935773077677	1.49935773077677	1.49935773077677	1.49935773077677	2.09714324761352	-0.0724685358437123	1.80762798069835	2.49396091009686	-0.162744428579543	0.79399896118137	1.16513512212	1.12600165055005	0.148766661454241	0.664185519228917	1.02495399554034	2.01433187081098	2.01433187081098	2.01433187081098	2.01433187081098	2.01433187081098	2.01433187081098	2.01433187081098	2.01433187081098	2.01433187081098	2.01433187081098	2.01433187081098	0.587233460900048	0.587233460900048	0.587233460900048	0.587233460900048	0.587233460900048	0.587233460900048	0.587233460900048	0.587233460900048	0.587233460900048	0.587233460900048	0.587233460900048	-0.94697031143189	0.0281871006754731	0.33659769500768	0.980905764977511	0.136988199857951	-0.450282736877331	-0.757974194427167	-0.705556941392276	0.703020006449876	0.459387324079149	-0.310362782102453	-0.934565413774354	0.26429989357924
0.805555359040365	1.63049669565785	1.01740492742328	1.35007043104011	2.41423651096539	1.79900308635674	1.68647179381272	1.60637201511108	1.92502334287169	1.2695275733574	1.09370816482981	-0.99568154558816	0.322437149553628	-0.093841682583032	0.305387688101752	-0.025152109642924	0.0189913993871312	0.283401833500497	-0.450847570916687	-0.758242775445149	-0.335143194722334	-0.0282435739317975	-0.560942027776471	-0.560942027776471	-0.560942027776471	-0.560942027776471	-0.560942027776471	-0.560942027776471	-0.560942027776471	-0.560942027776471	-0.560942027776471	-0.560942027776471	-0.560942027776471	-0.141432411495793	-0.141432411495793	-0.141432411495793	-0.141432411495793	-0.141432411495793	-0.141432411495793	-0.141432411495793	-0.141432411495793	-0.141432411495793	-0.141432411495793	-0.141432411495793	0.723633064987336	0.556969823974006	0.460012569226227	2.03947497389655	0.474259936391787	0.423888132241911	-0.154660238008334	-0.0646921113479342	0.775306246840471	1.08141073692596	2.30296861743457	-0.705931319383131	-0.705931319383131	-0.705931319383131	-0.705931319383131	-0.705931319383131	-0.705931319383131	-0.705931319383131	-0.705931319383131	-0.705931319383131	-0.705931319383131	-0.705931319383131	-0.852097425305875	-0.852097425305875	-0.852097425305875	-0.852097425305875	-0.852097425305875	-0.852097425305875	-0.852097425305875	-0.852097425305875	-0.852097425305875	-0.852097425305875	-0.852097425305875	-0.684056520773452	-0.339457063464739	-1.53108863405436	-0.513876552193651	-2.73680807348273	0.565422006760892	-0.779768694937972	0.517344532038115	1.62309589814168	-1.21625392331057	-0.983904128855245	-0.726417129086738	-0.687063691715125
0.379489822197654	0.160974157024964	0.364493781658576	0.512305181528787	0.64033012542834	0.213447645220974	0.85930998841226	0.147398119228503	0.315909353825785	0.210457065308064	-0.327348689596852	0.576361565743852	0.599908814774398	0.24455943469486	0.373567588420915	0.971754034064801	-0.294040568699223	0.350938462096931	-0.068038178303886	-1.20312237745335	0.472843357239511	-0.611198591677844	0.878884589295345	0.878884589295345	0.878884589295345	0.878884589295344	0.878884589295345	0.878884589295344	0.878884589295344	0.878884589295344	0.878884589295345	0.878884589295345	0.878884589295345	1.24664481704898	1.24664481704898	1.24664481704898	1.24664481704898	1.24664481704898	1.24664481704898	1.24664481704898	1.24664481704898	1.24664481704898	1.24664481704898	1.24664481704898	-0.701622638256641	-1.16481950951944	-1.90841681756104	-0.926542662969014	0.905343042318793	-1.28601748259724	-0.848977206465266	-1.70622686472225	-1.51978568398367	1.36362714845941	1.21920817608005	0.37886206531633	0.37886206531633	0.37886206531633	0.37886206531633	0.37886206531633	0.37886206531633	0.37886206531633	0.37886206531633	0.37886206531633	0.37886206531633	0.37886206531633	-1.51802691664818	-1.51802691664818	-1.51802691664818	-1.51802691664818	-1.51802691664818	-1.51802691664818	-1.51802691664818	-1.51802691664818	-1.51802691664818	-1.51802691664818	-1.51802691664818	-0.49719036650931	1.03427760562782	0.676864223276576	0.872410040102357	-0.588736577874839	0.555002153373467	0.460803019076023	0.854669119244077	-0.273353081170092	-0.284572271603574	1.35164825743715	0.43951657316856	0.605155886560218
0.799123950223107	0.306146237826544	0.774948146648578	0.633912580104286	-0.212810562993753	0.187678419235469	-0.600280242239926	-0.186248519029342	-0.341983616166424	0.703169240091264	0.462442724488127	1.27077001246551	0.84015725794823	1.00214818481376	1.10683353740825	1.08817290306757	1.0886429775344	1.08864773648473	1.1806664937824	1.26519921557016	0.593553586776947	0.909924465956476	-0.478186023671069	-0.478186023671069	-0.478186023671069	-0.478186023671069	-0.478186023671069	-0.478186023671069	-0.478186023671069	-0.478186023671069	-0.478186023671069	-0.478186023671069	-0.478186023671069	-1.06008956134236	-1.06008956134236	-1.06008956134236	-1.06008956134236	-1.06008956134236	-1.06008956134236	-1.06008956134236	-1.06008956134236	-1.06008956134236	-1.06008956134236	-1.06008956134236	-0.896902497423476	-0.749273307842971	-0.219865001615547	-1.07455701921135	-1.28435019587846	-1.41610251292724	-1.28283175761637	0.0699611529821873	-1.04368909643329	-0.681579062884316	-0.84641191108214	0.942108853435137	0.942108853435137	0.942108853435137	0.942108853435137	0.942108853435137	0.942108853435137	0.942108853435137	0.942108853435137	0.942108853435137	0.942108853435137	0.942108853435137	0.430915913011209	0.430915913011209	0.430915913011209	0.430915913011209	0.430915913011209	0.430915913011209	0.430915913011209	0.430915913011209	0.430915913011209	0.430915913011209	0.430915913011209	-1.86696262065509	-0.421801306862622	0.410937986295097	-0.949172859945354	-0.0765576247063444	-1.40203456710997	-0.685302013434081	0.0656369735790372	-0.0943414045459218	-0.989633630990117	0.0878838403923275	-1.90773623939574	0.830903406225488
-0.940014305520079	-0.821420593606951	-1.18328282634946	-1.17788469464964	-0.209088942407263	2.56056391465988	0.593943890712069	-0.857245177383716	-0.81279143159033	0.665887073540916	-0.343037022166238	-0.449669647773963	-0.19809447267491	-0.339742504555738	-0.134421324878265	-0.114558900649985	0.740656303966176	-0.423880223388483	-0.652417476124881	-0.267820037434794	-1.07198200197515	-0.313819672212252	1.77793804039581	1.77793804039581	1.77793804039581	1.77793804039581	1.77793804039581	1.77793804039581	1.77793804039581	1.77793804039581	1.77793804039581	1.77793804039581	1.77793804039581	-1.76244532361196	-1.76244532361196	-1.76244532361196	-1.76244532361196	-1.76244532361196	-1.76244532361196	-1.76244532361196	-1.76244532361196	-1.76244532361196	-1.76244532361196	-1.76244532361196	-0.298276846100122	0.0532036779700159	-0.0419278469638246	1.232635632283	0.768007815065873	0.519526895698441	1.57464661025725	0.0942174740699831	1.50528340265954	0.771536729701503	1.76186416787726	1.25576313410343	1.25576313410343	1.25576313410343	1.25576313410343	1.25576313410343	1.25576313410343	1.25576313410343	1.25576313410343	1.25576313410343	1.25576313410343	1.25576313410343	-1.23966305860701	-1.23966305860701	-1.23966305860701	-1.23966305860701	-1.23966305860701	-1.23966305860701	-1.23966305860701	-1.23966305860701	-1.23966305860701	-1.23966305860701	-1.23966305860701	1.49183569490114	-1.19152074129025	-0.0254057645939996	-0.361142408558631	-0.242816440961974	-0.228518315932846	-0.103962132183992	-1.04879903719444	0.879373048781317	-0.256299503278323	-0.739979070795094	1.07238671294437	0.602896814433536
1.22476769623091	0.462059455499257	0.465485710628077	0.461781991684597	0.711336777874368	0.519945717138606	1.12708749716997	-0.222692893565494	-0.215205601597904	0.616804484697603	0.883010525759665	0.404404762018913	1.02019725310253	1.0159045309796	1.3147369794205	1.34911420497741	0.849623474643995	0.870671374124249	1.19683579932933	0.173638765070272	1.0177441854159	0.971085272701555	0.242001976153133	0.242001976153133	0.242001976153133	0.242001976153133	0.242001976153133	0.242001976153133	0.242001976153133	0.242001976153133	0.242001976153133	0.242001976153133	0.242001976153133	-0.584676951365928	-0.584676951365928	-0.584676951365928	-0.584676951365928	-0.584676951365928	-0.584676951365928	-0.584676951365928	-0.584676951365928	-0.584676951365928	-0.584676951365928	-0.584676951365928	-1.1388825187632	0.0348668324456508	-0.418167007381683	-0.180052576523301	-0.622260073103608	-0.947064019699834	0.548949159985624	0.449725316228562	0.757695670029525	-0.0794930446396842	0.877438402023012	1.27816518726704	1.27816518726704	1.27816518726704	1.27816518726704	1.27816518726704	1.27816518726704	1.27816518726704	1.27816518726704	1.27816518726704	1.27816518726704	1.27816518726704	-0.300083104243063	-0.300083104243063	-0.300083104243063	-0.300083104243063	-0.300083104243063	-0.300083104243063	-0.300083104243063	-0.300083104243063	-0.300083104243063	-0.300083104243063	-0.300083104243063	-0.296301867030603	-1.68452605421657	0.887934417305807	-0.305773505665858	1.19585826182572	-1.05163901810588	-0.669810172440741	-1.26654694835841	-0.255206913976014	0.577097053709133	-0.643289215398046	-0.914502750156708	0.33423002442619
-1.58179916905817	-1.80709553868646	-1.15125858865042	-1.24488103828793	-1.67234466130016	-1.19813711351707	-1.05178343928356	-1.82475297723744	-1.8508347161655	-1.73263619394216	-2.49013945862386	-1.20565715815887	-1.38667439330976	-1.44234213877762	-1.03871010800087	-1.33399479214179	-0.61415950030941	-1.37456802342837	-1.46012032509445	-1.07041558335568	-1.95111098276658	-1.18908970408069	-0.311542309202147	-0.311542309202147	-0.311542309202147	-0.311542309202147	-0.311542309202147	-0.311542309202147	-0.311542309202147	-0.311542309202147	-0.311542309202147	-0.311542309202147	-0.311542309202147	1.59470921830689	1.59470921830689	1.59470921830689	1.59470921830689	1.59470921830689	1.59470921830689	1.59470921830689	1.59470921830689	1.59470921830689	1.59470921830689	1.59470921830689	0.190178727879908	1.96760252230864	0.974537609391758	0.407308124503772	-0.528340061031242	1.39723479241871	1.52190171296551	1.75831520325677	1.31507604919176	-0.784298360956551	-0.284304568796218	-1.64293531796868	-1.64293531796868	-1.64293531796868	-1.64293531796868	-1.64293531796868	-1.64293531796868	-1.64293531796868	-1.64293531796868	-1.64293531796868	-1.64293531796868	-1.64293531796868	0.566286791891485	0.566286791891485	0.566286791891485	0.566286791891485	0.566286791891485	0.566286791891485	0.566286791891485	0.566286791891485	0.566286791891485	0.566286791891485	0.566286791891485	-0.738161896633266	-1.5306612026005	-1.6464582841555	-2.65225847728896	-0.631732813647585	-1.88569305011562	-1.11079840130713	-1.02968658474078	-2.67853124588366	-1.65977563995174	-1.60228980365159	-1.15502586521073	-3.00714465842551
-1.46191405610724	-1.48809168748686	-1.48130378873193	-1.18918416268233	-1.82257218246047	-1.05262780670319	-0.247259501168134	-0.631087959214454	-0.259459436489705	-0.48145825414126	-1.91163077029586	2.59152691399143	1.29963310825611	1.97532940890901	1.52487147859318	1.70247810679237	1.48209109966353	1.80875201369356	2.28115658550056	1.95683045206783	2.17476111328338	1.37759424710167	1.60082925590544	1.60082925590544	1.60082925590544	1.60082925590544	1.60082925590544	1.60082925590544	1.60082925590544	1.60082925590544	1.60082925590544	1.60082925590544	1.60082925590544	0.204201283375116	0.204201283375116	0.204201283375116	0.204201283375116	0.204201283375116	0.204201283375116	0.204201283375116	0.204201283375116	0.204201283375116	0.204201283375116	0.204201283375116	-1.56436232029549	-1.46204931343824	-1.6713670429528	-1.63181995742227	-0.414567901468706	-1.84440002113474	-0.765096381883693	-1.87819139380389	-1.3706159187378	-0.382451152966446	0.256863741885233	0.505592053961368	0.505592053961368	0.505592053961368	0.505592053961368	0.505592053961368	0.505592053961368	0.505592053961368	0.505592053961368	0.505592053961368	0.505592053961368	0.505592053961368	-0.149324898986769	-0.149324898986769	-0.149324898986769	-0.149324898986769	-0.149324898986769	-0.149324898986769	-0.149324898986769	-0.149324898986769	-0.149324898986769	-0.149324898986769	-0.149324898986769	0.195502034116338	1.75157187115451	-0.236951532381501	0.13181111817575	0.606586991933354	0.833905986975819	1.57363534786452	0.858731871635793	-0.352209167936372	0.60804183745314	0.288587329691435	1.12112084057653	0.221361385224133
1.01948924884236	1.45980657413667	1.55114605005153	1.46147033951389	0.677243467083091	1.0290236257151	-0.637571651275646	-0.641715112790998	-0.712950591945766	-0.174891060867255	0.448349392993241	0.0888943963105475	-0.26757112170843	-0.00166830922265006	-0.125547314155845	-0.192773280460396	-0.187274966145054	-0.403227338769582	0.220971746487879	-0.190499551022675	0.20175945815135	0.0296275125041706	0.692495999006723	0.692495999006723	0.692495999006723	0.692495999006723	0.692495999006723	0.692495999006723	0.692495999006723	0.692495999006723	0.692495999006723	0.692495999006723	0.692495999006723	0.234368698395758	0.234368698395758	0.234368698395758	0.234368698395758	0.234368698395758	0.234368698395758	0.234368698395758	0.234368698395758	0.234368698395758	0.234368698395758	0.234368698395758	-0.230026213124983	0.42739682088593	-0.150742846183403	-0.347074089097622	1.71522538532575	-0.541154647515598	-0.67727648315127	1.55369674789718	-0.2126613567037	1.75715289398661	-0.231335353137576	1.84246504596226	1.84246504596226	1.84246504596226	1.84246504596226	1.84246504596226	1.84246504596226	1.84246504596226	1.84246504596226	1.84246504596226	1.84246504596226	1.84246504596226	-0.156713777747629	-0.156713777747629	-0.156713777747629	-0.156713777747629	-0.156713777747629	-0.156713777747629	-0.156713777747629	-0.156713777747629	-0.156713777747629	-0.156713777747629	-0.156713777747629	-0.475434846387459	-0.138038220994108	-0.496935834894012	-0.0917213024410838	-1.16267554167254	0.994122336598963	-0.284677065569317	1.18827968678827	0.302051208302611	-0.770454638599263	-0.349922439632841	-0.158794164790825	-0.215087494064094
-1.00820658817445	-1.04547858188586	-1.40641242660702	-1.08504217158467	-0.689591441583002	-0.32299103444617	0.658548567584947	0.467875217229318	0.82157330239246	-0.145368792415147	-0.743622437917869	1.9838942288792	2.04709776378613	1.99737650112926	1.87174181281429	2.15088836220603	0.517366862632991	1.63905807834088	2.29066232818028	1.81892435549482	2.22624619332316	1.25896001176197	-1.36102805276383	-1.36102805276383	-1.36102805276383	-1.36102805276383	-1.36102805276383	-1.36102805276383	-1.36102805276383	-1.36102805276383	-1.36102805276383	-1.36102805276383	-1.36102805276383	0.163453052418969	0.163453052418969	0.163453052418969	0.163453052418969	0.163453052418969	0.163453052418969	0.163453052418969	0.163453052418969	0.163453052418969	0.163453052418969	0.163453052418969	-0.931827773342018	-0.735275832355539	-0.719269286701025	0.559250536534008	1.51739577935487	0.146996511190904	0.578128811650623	0.337584538516062	0.555513387935849	1.0686908604903	0.562684866650944	-0.0521717279199058	-0.0521717279199058	-0.0521717279199058	-0.0521717279199058	-0.0521717279199058	-0.0521717279199058	-0.0521717279199057	-0.0521717279199058	-0.0521717279199058	-0.0521717279199057	-0.0521717279199058	1.41214015779068	1.41214015779068	1.41214015779068	1.41214015779068	1.41214015779068	1.41214015779068	1.41214015779068	1.41214015779068	1.41214015779068	1.41214015779068	1.41214015779068	0.86649677391549	-0.127144043550518	0.146050797533725	0.114914702629247	-1.23422372405513	0.878310389565846	-0.315721389499023	1.41910330482095	-1.70431818525423	-2.17071967142237	1.06052068082442	0.877997769808072	-0.7042460445314
-1.05358085321523	0.336130494243254	-0.0447749152401297	-0.303950443920329	0.207686785890439	-1.45620901660266	-0.865810535958743	-0.906154469096581	-1.16905885270491	-0.478823254165668	-0.657238967732429	-0.164951107911696	0.228619083802794	-0.286594868775619	-0.0185017117393637	0.100006236866802	-1.39745336813128	-0.633241168554217	-0.643261772488927	-1.09888153827386	0.335303275616068	-1.41397434096129	0.460512408933104	0.460512408933104	0.460512408933104	0.460512408933104	0.460512408933104	0.460512408933104	0.460512408933104	0.460512408933104	0.460512408933104	0.460512408933104	0.460512408933104	-0.827345506517147	-0.827345506517147	-0.827345506517147	-0.827345506517147	-0.827345506517147	-0.827345506517147	-0.827345506517147	-0.827345506517147	-0.827345506517147	-0.827345506517147	-0.827345506517147	0.933258819574654	1.63856294877153	1.12596812710503	1.17325061943993	1.05790469938812	1.77847210755675	2.49198782227513	1.08451759373684	1.82038556145828	0.40227583787807	0.728902527296057	-0.503624076890444	-0.503624076890444	-0.503624076890444	-0.503624076890444	-0.503624076890444	-0.503624076890444	-0.503624076890444	-0.503624076890444	-0.503624076890444	-0.503624076890444	-0.503624076890444	0.452213050378527	0.452213050378527	0.452213050378527	0.452213050378527	0.452213050378527	0.452213050378527	0.452213050378527	0.452213050378527	0.452213050378527	0.452213050378527	0.452213050378527	-1.40908750076595	-0.521232475237669	0.587196664952433	0.223857949662706	-1.25766117676264	0.06318739964476	-0.484071187366873	0.33597920137912	-0.190495958739011	-0.583661290156009	-1.20461370126987	-0.126011217380036	-0.297410192122681
-0.669389803191327	-1.06391812921166	-1.13105103153302	-0.990114391157894	-1.17926186960723	-0.368084736625968	0.151524837258025	1.09708004294226	1.20812554873302	0.182514163279427	-0.258495445697937	-0.210868465299486	-0.188647606314419	-0.357624696223256	-0.451268283712266	0.125849960309233	0.105494855885344	-0.839169540694202	-0.211278157961825	-0.999264429013192	-0.175657409929565	-0.477894509402871	-0.914752816192791	-0.914752816192791	-0.914752816192791	-0.914752816192791	-0.914752816192791	-0.914752816192791	-0.914752816192791	-0.914752816192791	-0.914752816192791	-0.914752816192791	-0.914752816192791	1.13702581468989	1.13702581468989	1.13702581468989	1.13702581468989	1.13702581468989	1.13702581468989	1.13702581468989	1.13702581468989	1.13702581468989	1.13702581468989	1.13702581468989	-0.364375052139383	-0.461017908974007	-0.314598395644279	-1.49796094661144	-0.523976888526712	-1.6901565372894	-1.61002129268817	-0.251694983607097	-0.796856922843431	-0.285661143525702	-1.05481206745682	0.00126168500222474	0.00126168500222474	0.00126168500222474	0.00126168500222474	0.00126168500222474	0.00126168500222474	0.00126168500222481	0.00126168500222474	0.00126168500222474	0.00126168500222481	0.00126168500222474	0.453182166254086	0.453182166254086	0.453182166254086	0.453182166254086	0.453182166254086	0.453182166254086	0.453182166254086	0.453182166254086	0.453182166254086	0.453182166254085	0.453182166254086	-0.556506406247964	1.05313767018347	1.06518344653032	0.622021510090869	-1.42382154199243	-0.500029520454981	-0.104405487948673	0.786018740375394	-0.209135498319405	-1.62714134749261	0.132757287881667	-0.313158092445172	-1.73161849949036
-0.121363530695651	0.105234652407102	0.0929705980096554	0.23570692472351	0.268132839508437	0.587379640078258	0.310706707253756	0.58316425642073	0.724096114453207	0.35805502924725	-0.283930618613284	0.316567344117316	0.246545105318392	-0.18709442021784	0.198204353941474	0.467234431191781	-0.343607738167837	-0.131949944633324	-0.331554940524554	-0.230807789169997	-0.528583223769444	-0.614884406976393	-0.357471404190834	-0.357471404190834	-0.357471404190834	-0.357471404190834	-0.357471404190834	-0.357471404190834	-0.357471404190834	-0.357471404190834	-0.357471404190834	-0.357471404190834	-0.357471404190834	0.305158478152235	0.305158478152235	0.305158478152235	0.305158478152235	0.305158478152235	0.305158478152235	0.305158478152235	0.305158478152235	0.305158478152235	0.305158478152235	0.305158478152235	-0.906009896314869	-0.591009625513036	-1.29484324641718	-0.690019724398645	0.369219303148565	-0.844510176947296	-1.41131251897577	-0.970190716046792	-0.713438370190284	0.687053844469212	0.564856551361706	1.0816056483176	1.0816056483176	1.0816056483176	1.0816056483176	1.0816056483176	1.0816056483176	1.0816056483176	1.0816056483176	1.0816056483176	1.0816056483176	1.0816056483176	-0.205827778458593	-0.205827778458593	-0.205827778458593	-0.205827778458593	-0.205827778458593	-0.205827778458593	-0.205827778458593	-0.205827778458593	-0.205827778458593	-0.205827778458593	-0.205827778458593	1.35175951885982	-1.94719200476768	1.13150725420493	-0.35487399189379	-0.382176927197073	-0.7579170491049	-0.882680675822319	-0.605962020109456	-1.53327976914545	-0.856217202759289	-1.81114046132603	0.512608681363125	-1.63369305474985
-0.261252394170206	0.00487037805631835	-0.354100271534555	-0.349816722592248	0.0952585289833214	-0.013701806429566	1.34032549088466	-0.047306726255788	-0.0408812763408681	0.911611520286714	-0.586154093626633	0.802487656781714	0.280110033755502	0.134955948501258	0.106117562659519	0.558589552654746	0.323402214046486	0.2390444403817	-0.0159159273046022	-0.0679304501815694	-0.137274525269166	0.122545375251109	0.231798601971098	0.231798601971098	0.231798601971098	0.231798601971098	0.231798601971098	0.231798601971098	0.231798601971098	0.231798601971098	0.231798601971098	0.231798601971098	0.231798601971098	-1.94760211980987	-1.94760211980987	-1.94760211980987	-1.94760211980987	-1.94760211980987	-1.94760211980987	-1.94760211980987	-1.94760211980987	-1.94760211980987	-1.94760211980987	-1.94760211980987	-0.0719098366461341	0.325613442674401	-0.17140808410316	0.993899628273659	2.97995110535153	0.0949832615737038	-0.723270112949803	-0.872683945966505	0.245001174680512	3.49729184514672	3.01524416980486	-0.914784619562977	-0.914784619562977	-0.914784619562977	-0.914784619562977	-0.914784619562977	-0.914784619562977	-0.914784619562977	-0.914784619562977	-0.914784619562977	-0.914784619562977	-0.914784619562977	0.891503147688762	0.891503147688762	0.891503147688762	0.891503147688762	0.891503147688762	0.891503147688762	0.891503147688762	0.891503147688762	0.891503147688762	0.891503147688762	0.891503147688762	0.084474993874147	-0.513718148982104	1.53336441723432	1.3236721603347	0.0352328877649584	0.0696987248981496	-0.6417673531276	-0.0286175982856593	-0.845153861620969	-0.466253826879273	1.34039700482634	-0.844392737167586	-0.276721142910338
-0.283213606568254	-0.62660639082537	-0.394966312246862	-0.971134196556587	-0.0823892042126199	-0.37504437051529	0.251233484876254	0.714013244211837	-0.00199693854446378	1.54773357796723	0.282096201009778	-0.570055959937528	-0.917488936216263	-0.820151471242516	-0.75083016048562	-0.483004441263808	-0.92613823447921	-0.855317377635927	-0.482661090319034	-0.907862844646928	-0.543476582691096	-0.607261342438886	1.37723441149179	1.37723441149179	1.37723441149179	1.37723441149179	1.37723441149179	1.37723441149179	1.37723441149179	1.37723441149179	1.37723441149179	1.37723441149179	1.37723441149179	-0.552323479920185	-0.552323479920185	-0.552323479920185	-0.552323479920185	-0.552323479920185	-0.552323479920185	-0.552323479920185	-0.552323479920185	-0.552323479920185	-0.552323479920185	-0.552323479920185	0.492096338151933	0.968345168342634	0.247300089244374	-0.099923787427995	1.01722708991852	-0.578080213766079	0.297504984380212	-0.0965149099706245	-0.213940444795069	1.00608962493051	1.15371431783237	-1.0670209211408	-1.0670209211408	-1.0670209211408	-1.0670209211408	-1.0670209211408	-1.0670209211408	-1.0670209211408	-1.0670209211408	-1.0670209211408	-1.0670209211408	-1.0670209211408	-0.753017569474157	-0.753017569474157	-0.753017569474157	-0.753017569474157	-0.753017569474157	-0.753017569474157	-0.753017569474157	-0.753017569474157	-0.753017569474157	-0.753017569474157	-0.753017569474157	-0.84472805674251	0.609744446086694	0.497627151549079	0.319684350255513	0.105750796385356	-0.563662584977276	-0.000397843365288608	-0.0519050584518579	2.06176759076697	0.0360882108164945	0.487958020631686	-0.95710075035677	0.292906434455579
-0.906429550238516	-0.303125683116826	-0.860290086856733	-0.678137973302902	-1.10750659011629	-1.32829072309433	0.281114749770017	-0.379215955078942	-0.148009644357733	-0.153979567611401	-1.11523458544536	-1.08533359283449	-1.59617144132916	-1.95292748102234	-1.67648831704454	-0.773630246770954	-2.78310894990341	-2.33143868303644	-0.938797961917935	-1.89595588426429	-1.53099708511895	-2.02371879153266	-1.38001196358333	-1.38001196358333	-1.38001196358333	-1.38001196358333	-1.38001196358333	-1.38001196358333	-1.38001196358333	-1.38001196358333	-1.38001196358333	-1.38001196358334	-1.38001196358333	-0.817790044463491	-0.817790044463491	-0.817790044463491	-0.817790044463491	-0.817790044463491	-0.817790044463491	-0.817790044463491	-0.817790044463491	-0.817790044463491	-0.81779004446349	-0.817790044463491	0.587120169394054	-0.0601831544683955	0.695043914138969	0.972999007290608	0.326705119067561	0.403639190054518	0.104229547703465	1.38799578024507	-0.700872460183666	0.70067039155644	-0.0719577447809231	-1.73552102939499	-1.73552102939499	-1.73552102939499	-1.73552102939499	-1.73552102939499	-1.73552102939499	-1.73552102939499	-1.73552102939499	-1.73552102939499	-1.73552102939499	-1.73552102939499	0.316196342096569	0.316196342096569	0.316196342096569	0.316196342096569	0.316196342096569	0.316196342096569	0.316196342096569	0.316196342096569	0.316196342096569	0.316196342096569	0.316196342096569	0.477532326026661	1.41653500159744	0.312530485201876	1.03456551484375	-1.18001100384725	0.323697479995084	0.910571859512092	-0.129478331756442	-0.146897721054424	-1.06356972650242	1.5508009907865	-0.0640106124943451	-0.668205516898754
1.3799196415207	0.830203372669959	0.66305608228933	0.460284787446167	1.235348947594	0.482297482601012	0.654033600148872	0.696043537200578	0.424782968248916	0.742410271234951	2.18855744156604	-0.619525369593821	-1.74299125674113	-1.71263390038779	-1.74543503599062	-0.823305389983003	-2.02260856297677	-1.45137935355213	-1.16238320225116	-2.2360881246169	-1.73799374881003	-2.23534378704779	1.20813859759499	1.20813859759499	1.20813859759499	1.20813859759499	1.20813859759499	1.20813859759499	1.20813859759499	1.20813859759499	1.20813859759499	1.20813859759499	1.20813859759499	0.434153144515369	0.434153144515369	0.434153144515369	0.434153144515369	0.434153144515369	0.434153144515369	0.434153144515369	0.434153144515369	0.434153144515369	0.434153144515369	0.434153144515369	0.918104432206497	1.29247099744688	0.365655300114116	0.203579029551276	2.94687242021515	0.318090116415508	0.348665728141327	0.348664898525325	0.221980472119697	2.55408749182685	1.17713016827499	-1.04062710834458	-1.04062710834458	-1.04062710834458	-1.04062710834458	-1.04062710834458	-1.04062710834458	-1.04062710834458	-1.04062710834458	-1.04062710834458	-1.04062710834458	-1.04062710834458	0.610887425985028	0.610887425985028	0.610887425985028	0.610887425985028	0.610887425985028	0.610887425985028	0.610887425985028	0.610887425985028	0.610887425985028	0.610887425985028	0.610887425985028	-1.82349289219671	-0.471062874735449	1.76314722198332	2.29752938008081	-0.828326524926443	-2.29202862936872	-2.73709970757465	-1.89870355686541	0.809529175440913	-0.55761053835669	1.58951999000162	-2.54683126764658	0.677358424926421
1.54323996417561	0.631487786605998	1.23759563233002	0.571586019723227	0.165388187651979	0.188492009535328	-0.281055205453223	0.903794312936653	0.0766994965505444	1.26552995513637	1.48235163602193	0.634671309664077	-0.140433682473729	0.218733490017988	-0.164349159310069	0.0936698668678683	-0.140503074316698	0.142041811364114	0.633872613168712	0.931866035082041	0.0819871973887651	0.437136413020116	-0.0346117788975833	-0.0346117788975833	-0.0346117788975833	-0.0346117788975833	-0.0346117788975833	-0.0346117788975833	-0.0346117788975833	-0.0346117788975833	-0.0346117788975833	-0.0346117788975833	-0.0346117788975833	0.048448187674222	0.048448187674222	0.048448187674222	0.048448187674222	0.048448187674222	0.048448187674222	0.048448187674222	0.048448187674222	0.048448187674222	0.0484481876742219	0.048448187674222	0.522557590539764	-0.266282326443184	0.615520643997219	1.50695547512336	-1.0746268903096	1.93949682509768	1.49176152391551	1.05311281187627	0.818053826787997	-1.45535792419045	-0.930488372354611	-2.08606987917508	-2.08606987917508	-2.08606987917508	-2.08606987917508	-2.08606987917508	-2.08606987917508	-2.08606987917508	-2.08606987917508	-2.08606987917508	-2.08606987917508	-2.08606987917508	0.176870116053693	0.176870116053693	0.176870116053693	0.176870116053693	0.176870116053693	0.176870116053693	0.176870116053693	0.176870116053693	0.176870116053693	0.176870116053693	0.176870116053693	0.521443104206755	-2.41273317675852	0.468246642654922	0.0236848945167329	-0.384251537282166	1.08015416834636	-0.941161320789464	0.330124994837495	1.232589842435	0.286329656713168	-0.434549720319103	-0.334513715213889	1.35142942948897
-0.88929982627417	-0.568324981053551	-0.483763451687625	-0.484948088112201	-0.702227670158032	-1.4305977966752	-1.19188407065164	-1.35077991154516	-1.28865962922163	-1.51784259101396	-0.993992898831483	1.74369452330746	0.909634448159058	1.71615010576576	1.50067360616412	1.45851244911353	1.59477484474227	1.71941487526269	1.86125605773094	1.20784061025283	1.52800083960193	1.81937322954062	1.27703046973586	1.27703046973586	1.27703046973586	1.27703046973586	1.27703046973586	1.27703046973586	1.27703046973586	1.27703046973586	1.27703046973586	1.27703046973586	1.27703046973586	0.408385902097697	0.408385902097697	0.408385902097697	0.408385902097697	0.408385902097697	0.408385902097697	0.408385902097697	0.408385902097697	0.408385902097697	0.408385902097697	0.408385902097697	1.37424869561339	0.557489299588954	0.683220752227712	0.400540203049645	1.38323676279384	0.160732414801885	0.0957749255898796	0.0447886932563384	-0.228091556127178	1.17791455736743	0.276217729722384	1.39444511171606	1.39444511171606	1.39444511171606	1.39444511171606	1.39444511171606	1.39444511171606	1.39444511171606	1.39444511171606	1.39444511171606	1.39444511171606	1.39444511171606	-1.09347957739799	-1.09347957739799	-1.09347957739799	-1.09347957739799	-1.09347957739799	-1.09347957739799	-1.09347957739799	-1.09347957739799	-1.09347957739799	-1.09347957739799	-1.09347957739799	-0.77091193188975	0.446375593166454	0.115682060076513	0.264854899076713	-0.489832884890367	-0.421540061601554	-0.280294266471286	-0.00808687000018988	-1.29391565861673	-0.620023147141037	0.651080402003043	-0.0159132716278893	-0.47921067288027
-0.765442430331248	-0.576802470319529	-1.05870636552219	-1.14460221177943	0.572904452409701	0.499313849140916	1.74355916744075	-0.0308730634899895	-0.133585302259517	0.433256884552148	-0.555474659968457	-1.3673018529002	-1.09227794616228	-1.26771992260623	-1.21740110492552	-1.17569900425035	-1.31881926281562	-0.729817807151704	-1.00940995365033	-0.841913955194673	-1.78280191473188	-0.555817680049498	-0.163199172568426	-0.163199172568426	-0.163199172568426	-0.163199172568426	-0.163199172568426	-0.163199172568426	-0.163199172568426	-0.163199172568426	-0.163199172568426	-0.163199172568426	-0.163199172568426	-0.289987649552988	-0.289987649552988	-0.289987649552988	-0.289987649552988	-0.289987649552988	-0.289987649552988	-0.289987649552988	-0.289987649552988	-0.289987649552988	-0.289987649552988	-0.289987649552988	0.250986861794322	-0.512340305643652	-0.514780353907973	0.0470205687698486	0.863636475617419	-0.301631892245967	-0.508816454944484	0.0634155030046565	-1.20951880968646	0.558903151268795	-0.281383259255902	-0.814755904696066	-0.814755904696066	-0.814755904696066	-0.814755904696066	-0.814755904696066	-0.814755904696066	-0.814755904696065	-0.814755904696066	-0.814755904696066	-0.814755904696066	-0.814755904696066	0.338361964490244	0.338361964490244	0.338361964490244	0.338361964490244	0.338361964490244	0.338361964490244	0.338361964490244	0.338361964490244	0.338361964490244	0.338361964490244	0.338361964490244	0.835591765831424	-0.354448509454519	0.125214599320703	-0.113435370482745	-1.07086009775643	-0.589282141133945	-0.555743009134271	-0.287761420838146	-1.34210001973438	-1.63536350975272	-0.237451671201283	0.0904028513010153	-1.98791004583911
2.49291533171733	0.716456872718648	1.77875141827557	1.26578069808678	1.03533942540137	1.65077246911777	0.68585423503878	1.09772397485203	0.443537117182087	1.45482669000703	1.4892695409054	-2.79209448514862	-2.56421027504017	-2.25350156793505	-1.84217387249237	-2.42612587032052	-1.62935023710055	-2.27180715194035	-1.90510383114313	-2.11786199508911	-2.23354639047445	-1.69443970231261	-0.199952686920675	-0.199952686920675	-0.199952686920675	-0.199952686920675	-0.199952686920675	-0.199952686920675	-0.199952686920675	-0.199952686920675	-0.199952686920675	-0.199952686920675	-0.199952686920675	-1.28129776794835	-1.28129776794835	-1.28129776794835	-1.28129776794835	-1.28129776794835	-1.28129776794835	-1.28129776794835	-1.28129776794835	-1.28129776794835	-1.28129776794835	-1.28129776794835	-0.0161444898279989	0.496571938977989	1.25581414871255	0.931600392690208	-1.08286614503365	1.47989827815538	1.44602205626373	1.22101753650259	2.27902382004574	-1.51144190576086	-0.871727904812321	0.166972781198795	0.166972781198795	0.166972781198795	0.166972781198795	0.166972781198795	0.166972781198795	0.166972781198795	0.166972781198795	0.166972781198795	0.166972781198795	0.166972781198795	-1.5103969764657	-1.5103969764657	-1.5103969764657	-1.5103969764657	-1.5103969764657	-1.5103969764657	-1.5103969764657	-1.5103969764657	-1.5103969764657	-1.5103969764657	-1.5103969764657	1.46137936945463	-0.689189935237951	0.4092615425458	-0.220739391037532	-1.80965473773408	0.609826353917611	-0.319644894430668	1.13815435701653	0.874734986834136	-1.67146191679138	-1.76736880276375	1.32192489828306	-0.505429379068699
-0.686358683832429	-1.086551761033	-0.351249095491731	-0.779551541083318	-1.50960757000897	-1.57832744033559	-1.85301204183575	-0.583022604705777	-1.0620321461376	-0.682633020758513	-0.669566705792741	-1.26548686712606	-1.18728970981918	-1.31833254990423	-1.19637950196505	-1.26501523819322	-1.20397709859574	-1.41880322697648	-1.11959877894053	-0.613293152968427	-0.907844654427916	-0.866347260569857	-0.392668354312509	-0.392668354312509	-0.392668354312509	-0.392668354312509	-0.392668354312509	-0.392668354312509	-0.392668354312509	-0.392668354312509	-0.392668354312509	-0.392668354312509	-0.392668354312509	0.330645750293219	0.330645750293219	0.330645750293219	0.330645750293219	0.330645750293219	0.330645750293219	0.330645750293219	0.330645750293219	0.330645750293219	0.330645750293219	0.330645750293219	0.672509781620156	1.15640372032207	0.370372995379482	1.2378121482877	0.180439793739672	1.67189997072517	-0.0332382064934833	0.669541043988911	0.437898841751077	0.193132897082558	0.459788366019132	0.624853143252445	0.624853143252445	0.624853143252445	0.624853143252445	0.624853143252445	0.624853143252445	0.624853143252445	0.624853143252445	0.624853143252445	0.624853143252445	0.624853143252445	-0.80082300645241	-0.80082300645241	-0.80082300645241	-0.80082300645241	-0.80082300645241	-0.80082300645241	-0.80082300645241	-0.80082300645241	-0.80082300645241	-0.80082300645241	-0.80082300645241	-0.921677835841014	-0.41348882262044	0.914030415132792	-0.455960635243385	1.26353040445452	-0.255002223894809	-0.391692753704276	1.13738275546037	-0.00797976665976132	0.151554827173203	0.510482627451013	-0.679370298263014	1.28848681944755
-0.238065105025854	0.148285440527686	-0.0539220761367198	0.200903432235488	0.707853977866505	-0.517467650590458	-0.103443200286585	0.51380873075556	0.790129972537376	-0.190290284562148	0.159423053150559	0.992031258671264	0.957412041451842	1.5680955238034	1.51381536845238	1.18492010416161	1.17127104957579	1.55452778349739	1.73246993753951	1.18596855193973	1.64018134815108	1.49289683044194	0.327126170804693	0.327126170804693	0.327126170804693	0.327126170804693	0.327126170804693	0.327126170804693	0.327126170804693	0.327126170804693	0.327126170804693	0.327126170804693	0.327126170804693	-0.273422594928317	-0.273422594928317	-0.273422594928317	-0.273422594928317	-0.273422594928317	-0.273422594928317	-0.273422594928317	-0.273422594928317	-0.273422594928317	-0.273422594928317	-0.273422594928317	-1.16957090600989	-0.903620200962136	-1.537019048115	-0.04936025707604	-0.321580506546714	-0.328063944996235	-0.298055167726283	-0.142756500126439	-0.738596991978763	-0.463860166458087	-0.00272583707353688	-1.17591341929539	-1.17591341929539	-1.17591341929539	-1.17591341929539	-1.17591341929539	-1.17591341929539	-1.17591341929539	-1.17591341929539	-1.17591341929539	-1.17591341929539	-1.17591341929539	-0.33314257307709	-0.33314257307709	-0.33314257307709	-0.33314257307709	-0.33314257307709	-0.33314257307709	-0.33314257307709	-0.33314257307709	-0.33314257307709	-0.33314257307709	-0.33314257307709	-0.186859415420097	0.118621335647739	-0.0677012394339169	-0.0919197575483267	0.236216146929658	0.07335657016873	-0.458188732578924	0.818522057643007	-0.770083983641847	0.0643205520150949	0.483042605662757	-0.256378286039737	-0.056399000577497
1.32625079540947	0.511420967351819	0.481111295250615	0.537094795900503	0.0977432957625362	0.566004386817737	1.29649254690487	1.45418452625986	1.45184822408229	1.36468745441406	1.3106623030389	1.30153274712251	0.575357154085224	1.09025233574729	0.745697174506279	0.725807235055886	0.197748363416985	1.36352769140864	1.59186174933229	1.21644763592188	1.14351427405721	0.527124768659514	-0.0792397015409147	-0.0792397015409147	-0.0792397015409147	-0.0792397015409147	-0.0792397015409147	-0.0792397015409147	-0.0792397015409147	-0.0792397015409147	-0.0792397015409147	-0.0792397015409147	-0.0792397015409147	-0.351739164435872	-0.351739164435872	-0.351739164435872	-0.351739164435872	-0.351739164435872	-0.351739164435872	-0.351739164435872	-0.351739164435872	-0.351739164435872	-0.351739164435872	-0.351739164435872	-0.0170089145571714	-1.7142562150564	-0.209141880550353	-0.220839929971832	-0.468870590074391	-0.717490842025434	-1.08487918836648	-0.394513361171487	-1.02440553928814	-0.581574300228453	-1.39164952731068	-0.731592302945836	-0.731592302945836	-0.731592302945836	-0.731592302945836	-0.731592302945836	-0.731592302945836	-0.731592302945835	-0.731592302945836	-0.731592302945836	-0.731592302945835	-0.731592302945836	1.87098951939394	1.87098951939394	1.87098951939394	1.87098951939394	1.87098951939394	1.87098951939394	1.87098951939394	1.87098951939394	1.87098951939394	1.87098951939394	1.87098951939394	-1.35909797333364	-0.00211719269475764	-1.33506789318894	-0.38731029195124	0.245991475265613	-1.20884024915039	-1.33447264572126	-0.89275063464773	0.602859061925247	0.391931091929274	-0.057189339844386	-1.69156112927828	-0.493107754160839
1.15905801730873	1.22131434964417	1.24098767498932	1.43300265757305	0.339560125339119	-0.919953950037532	-1.15848414584797	0.403280184275328	0.613990400128959	-0.263140300188681	1.6181021784634	-0.134175759236196	0.691208202376504	0.925564742135884	0.786950403163291	0.429111031501448	1.35365567545775	0.892333402503003	1.09210915128687	0.644222474572339	0.913201508095441	1.77920813346344	1.51334650947369	1.51334650947369	1.51334650947369	1.51334650947369	1.51334650947369	1.51334650947369	1.51334650947369	1.51334650947369	1.51334650947369	1.51334650947369	1.51334650947369	-0.517328410614744	-0.517328410614744	-0.517328410614744	-0.517328410614744	-0.517328410614744	-0.517328410614744	-0.517328410614744	-0.517328410614744	-0.517328410614744	-0.517328410614744	-0.517328410614744	0.912194599833511	1.00806786602528	0.599057635445795	0.110785098446472	0.612539834295532	1.34480406658234	1.46089133190088	1.51603159121564	0.0254093458285584	-0.0172965614670061	-1.01885239400906	1.70181545259264	1.70181545259264	1.70181545259264	1.70181545259264	1.70181545259264	1.70181545259264	1.70181545259264	1.70181545259264	1.70181545259264	1.70181545259264	1.70181545259264	-0.443557321808176	-0.443557321808176	-0.443557321808176	-0.443557321808176	-0.443557321808176	-0.443557321808176	-0.443557321808176	-0.443557321808176	-0.443557321808176	-0.443557321808176	-0.443557321808176	0.180891739482348	-0.239241126445302	1.77608766728898	1.68930917489577	-0.916728568525518	-0.308337774053347	-0.34962957638773	-0.839726451018236	1.95706059490844	0.0869128281973716	-0.278679054143664	0.117894297783755	0.819130892707378
-0.690630192647818	-0.397299415422817	-0.406246160656171	-0.196048208470339	-0.417147525606597	0.0540682718385244	0.90253140553553	0.0822909772742283	0.325669623408013	0.897843306771065	-1.57321449290887	-0.731398618372639	-1.24878211428825	-2.03482046951644	-2.07217577303298	-0.993798204361383	-3.2078789681022	-2.18151753812375	-1.79871813721953	-2.0492436612814	-1.74669511087501	-2.77863559866372	-0.325675628764929	-0.325675628764929	-0.325675628764929	-0.325675628764929	-0.325675628764929	-0.325675628764929	-0.325675628764929	-0.325675628764929	-0.325675628764929	-0.325675628764929	-0.325675628764929	-0.149442029212831	-0.149442029212831	-0.149442029212831	-0.149442029212831	-0.149442029212831	-0.149442029212831	-0.149442029212831	-0.149442029212831	-0.149442029212831	-0.149442029212831	-0.149442029212831	-1.8419238876995	-0.364265176268451	-0.675134718431475	-1.3813253145997	-1.46656125612983	-0.451447867635451	0.0269326893688176	0.754077935731587	-0.139702890956106	-1.54075850443232	-1.35032979928653	0.942481940392528	0.942481940392528	0.942481940392528	0.942481940392528	0.942481940392528	0.942481940392528	0.942481940392528	0.942481940392528	0.942481940392528	0.942481940392528	0.942481940392528	1.39018879865765	1.39018879865765	1.39018879865765	1.39018879865765	1.39018879865765	1.39018879865765	1.39018879865765	1.39018879865765	1.39018879865765	1.39018879865765	1.39018879865765	-1.17889670523825	-0.437910922483177	1.01281500784159	0.173596811024351	0.231326672032006	-0.0982805988826163	0.133999298349887	-0.0298699506928884	0.00583021082536433	0.107878472530404	0.100627600418389	-1.09542005538799	0.270768996575825
1.74756541310544	0.53324799759052	0.878754178120238	1.1353305493363	-0.638064291154445	1.60844669582079	1.11894692207201	1.04830854165917	1.30345540822061	1.23243496440205	0.57272506397463	-0.161849527561454	-0.600952288334686	-0.490553393372912	-0.514148189677714	-0.595553291413399	-0.661446430758976	-0.712318962588808	-0.232638511044605	-0.0472742972604991	-0.582479786218342	-0.796770452689448	-0.867892500148942	-0.867892500148942	-0.867892500148942	-0.867892500148942	-0.867892500148942	-0.867892500148942	-0.867892500148942	-0.867892500148942	-0.867892500148942	-0.867892500148942	-0.867892500148942	-1.13996935903086	-1.13996935903086	-1.13996935903086	-1.13996935903086	-1.13996935903086	-1.13996935903086	-1.13996935903086	-1.13996935903086	-1.13996935903086	-1.13996935903086	-1.13996935903086	-1.48306113530861	-1.63838730805438	-1.90361755583171	-2.76095334581887	-1.06289428686656	-2.45851364946782	-2.21589716416596	-2.24469937570366	-1.9422560366826	-0.932403184187227	-1.12347239863064	1.58858403858006	1.58858403858006	1.58858403858006	1.58858403858006	1.58858403858006	1.58858403858006	1.58858403858006	1.58858403858006	1.58858403858006	1.58858403858006	1.58858403858006	-1.04348123081284	-1.04348123081284	-1.04348123081284	-1.04348123081284	-1.04348123081284	-1.04348123081284	-1.04348123081284	-1.04348123081284	-1.04348123081284	-1.04348123081284	-1.04348123081284	1.3088258503873	-0.450330015250685	-0.516571200629956	-1.06902800145973	-1.31756155507987	-0.18520096694836	0.0909364950705989	0.0799360744709412	-2.35890891954339	-1.68560108076828	0.30407708360778	-0.310079935836101	-2.63190911404077
-1.09666095444366	-1.03875847980233	-1.02562742274253	-1.14457669202769	-0.561734989242004	-0.336177556450376	-0.372177579946744	0.0141792444532259	-0.129662731660214	-0.211866293393586	-0.637525902454618	0.586192570761414	0.894044769842673	1.14474713818799	0.65707044665659	0.545292163548922	1.43777978854999	1.55123282555688	0.91243133307744	0.82675658631076	1.51947683025312	1.15989919194715	0.323361877242645	0.323361877242645	0.323361877242645	0.323361877242645	0.323361877242645	0.323361877242645	0.323361877242645	0.323361877242645	0.323361877242645	0.323361877242645	0.323361877242645	-0.837268888478716	-0.837268888478716	-0.837268888478716	-0.837268888478716	-0.837268888478716	-0.837268888478716	-0.837268888478716	-0.837268888478716	-0.837268888478716	-0.837268888478716	-0.837268888478716	0.531217939046007	-0.16022753053017	0.427490847532422	0.473943954424334	-0.683071885079834	1.03448368170279	1.36797093201444	0.353381807431769	-0.0113134053483443	-1.15614831244895	-0.804389980698054	0.788664722037555	0.788664722037555	0.788664722037555	0.788664722037555	0.788664722037555	0.788664722037555	0.788664722037555	0.788664722037555	0.788664722037555	0.788664722037555	0.788664722037555	-0.115559304376862	-0.115559304376862	-0.115559304376862	-0.115559304376862	-0.115559304376862	-0.115559304376862	-0.115559304376862	-0.115559304376862	-0.115559304376862	-0.115559304376862	-0.115559304376862	-0.0796258214539619	1.26075414593148	-0.360907059095319	1.10071115857855	-0.131721803961644	1.18585892864874	0.229333112384669	0.933347298052165	-0.370412487710276	0.340235849788773	1.65838891788276	0.391484052864089	0.960046299118622
0.309430557610933	0.622489749183279	0.287059772869007	0.842876732777343	1.4148854178031	0.902911410813079	1.72124199029793	0.082392972838552	0.735903483097441	0.691914071231036	-0.439762095820915	0.848064379446377	2.03644733191524	1.13870871144895	1.67083621195474	1.52924960305351	-0.0868515747676355	1.04516530928155	0.453280524594812	0.72664943223244	1.08284639729101	0.0654911912776549	-0.824431729969596	-0.824431729969596	-0.824431729969596	-0.824431729969595	-0.824431729969596	-0.824431729969595	-0.824431729969595	-0.824431729969595	-0.824431729969596	-0.824431729969595	-0.824431729969596	0.176944038613598	0.176944038613598	0.176944038613598	0.176944038613598	0.176944038613598	0.176944038613598	0.176944038613598	0.176944038613598	0.176944038613598	0.176944038613598	0.176944038613598	-0.805242652093645	-1.81888119507336	-0.517751000205642	-1.46759089050076	-1.25463385773974	-1.47245710604562	-1.84848203693374	-0.604435200165046	-1.51444042783354	-0.780202996647864	-1.74338000144854	1.29305312106375	1.29305312106375	1.29305312106375	1.29305312106375	1.29305312106375	1.29305312106375	1.29305312106375	1.29305312106375	1.29305312106375	1.29305312106375	1.29305312106375	-1.01829465709802	-1.01829465709802	-1.01829465709802	-1.01829465709802	-1.01829465709802	-1.01829465709802	-1.01829465709802	-1.01829465709802	-1.01829465709802	-1.01829465709802	-1.01829465709802	-0.456000315251859	0.22525907035845	-0.13309894676557	-0.772365947328004	-0.228240858658492	-0.731580196021744	0.439963089292326	-0.357829052527784	-1.39426957976624	-1.1414270555908	-0.314623736871175	-0.178269140593908	-1.39449866707753
0.615697140434074	0.836549688483898	0.668718090048633	1.05802461801393	1.7413393447781	1.97564207156913	1.87318617715125	1.46717761626817	1.85853636095791	0.837464602400305	-0.0728016063670328	-0.104272871958344	-0.50171737616521	-0.677986773311972	-0.960487480674907	-0.759866388336157	-0.722353386170418	-1.10795934708657	-0.513109107900655	-0.110852836333833	-0.76951596914991	-0.45908954464371	0.973988914635972	0.973988914635972	0.973988914635972	0.973988914635972	0.973988914635972	0.973988914635972	0.973988914635972	0.973988914635972	0.973988914635972	0.973988914635972	0.973988914635972	-0.771782325704015	-0.771782325704015	-0.771782325704015	-0.771782325704015	-0.771782325704015	-0.771782325704015	-0.771782325704015	-0.771782325704015	-0.771782325704015	-0.771782325704016	-0.771782325704015	-0.351766147204087	-0.677560457351515	-0.0671510637115713	-0.774067201084176	-1.5645467087152	-0.494546708381621	-0.390455946512766	-0.468238705742604	-0.216588577326835	-1.27546312642834	-1.04622193265822	-0.574102930176076	-0.574102930176076	-0.574102930176076	-0.574102930176076	-0.574102930176076	-0.574102930176076	-0.574102930176076	-0.574102930176076	-0.574102930176076	-0.574102930176076	-0.574102930176076	-0.350980308744467	-0.350980308744467	-0.350980308744467	-0.350980308744467	-0.350980308744467	-0.350980308744467	-0.350980308744467	-0.350980308744467	-0.350980308744467	-0.350980308744467	-0.350980308744467	0.121827695502396	-0.904419370825002	0.679856818688039	0.995968766914311	-3.19100114874755	0.856230114564307	-0.153401726224676	-0.323602891625682	0.979736459265757	-1.56234057429267	-0.0268156705501943	-0.570076563567269	-0.0137081172039368
-0.717167716105046	-0.333765301956614	-0.740489682370316	-0.908516947515643	-1.24454155345856	-0.694122266710524	-0.450809835734292	-0.377622374381065	-0.559942606577316	0.917244942653725	-0.0541813130097844	0.261152666910852	0.863144048046628	0.878155316263762	1.18798604676828	0.920143939938168	1.00581635705919	0.800273158496871	1.17626708718635	1.08385803994737	0.83889510946763	1.33027594439352	-0.294025088540713	-0.294025088540713	-0.294025088540713	-0.294025088540713	-0.294025088540713	-0.294025088540713	-0.294025088540713	-0.294025088540713	-0.294025088540713	-0.294025088540713	-0.294025088540713	-0.677893477775833	-0.677893477775833	-0.677893477775833	-0.677893477775833	-0.677893477775833	-0.677893477775833	-0.677893477775833	-0.677893477775833	-0.677893477775833	-0.677893477775834	-0.677893477775833	0.843160372493005	0.299924305425116	0.270148195037733	0.24229514710725	0.894167537205937	0.497211838813016	-0.20665162455884	0.479891404104774	-0.460040800332007	1.18596059773791	0.00953203364978088	-1.12663013340837	-1.12663013340837	-1.12663013340837	-1.12663013340837	-1.12663013340837	-1.12663013340837	-1.12663013340837	-1.12663013340837	-1.12663013340837	-1.12663013340837	-1.12663013340837	0.37807776690325	0.37807776690325	0.37807776690325	0.37807776690325	0.37807776690325	0.37807776690325	0.37807776690325	0.37807776690325	0.37807776690325	0.37807776690325	0.37807776690325	-0.201884362876444	-0.635944647176925	0.96872609129473	-0.411666233212822	0.24116290349966	-0.45861827197043	0.328179352371356	-0.225474909446242	0.816873343628757	-0.250831018070385	0.192500674379087	0.0171439819819758	1.06185427829853
-1.59954375689058	-2.6223884333183	-1.96633531343019	-2.03466266855022	-2.20303334747729	0.0564991814374771	-0.352281485147422	-1.04892705688617	-1.08439323527211	-0.369194298249017	-2.1488761188173	1.57171564884018	0.240019601618217	0.726952275775904	0.458184822270811	0.69677520606241	0.438355326046254	0.575610120237184	0.972229474015073	1.48450867257331	0.608523281032877	0.804079356226118	-1.28048070833155	-1.28048070833155	-1.28048070833155	-1.28048070833155	-1.28048070833155	-1.28048070833155	-1.28048070833155	-1.28048070833155	-1.28048070833155	-1.28048070833155	-1.28048070833155	0.0176878184445286	0.0176878184445286	0.0176878184445286	0.0176878184445286	0.0176878184445286	0.0176878184445286	0.0176878184445286	0.0176878184445286	0.0176878184445286	0.0176878184445285	0.0176878184445286	-0.601946139214659	-0.466679478531941	-0.638078063412494	0.144830229065141	-0.984882581945917	0.693297271584537	0.301017855361102	0.106819604643302	0.0201064385801114	-1.38238395828796	-0.890273665709583	0.0923400857347831	0.0923400857347831	0.0923400857347831	0.0923400857347831	0.0923400857347831	0.0923400857347831	0.0923400857347832	0.0923400857347831	0.0923400857347831	0.0923400857347832	0.0923400857347831	-1.34853610098948	-1.34853610098948	-1.34853610098948	-1.34853610098948	-1.34853610098948	-1.34853610098948	-1.34853610098948	-1.34853610098948	-1.34853610098948	-1.34853610098948	-1.34853610098948	-1.2469338153057	-0.565240002049578	1.21593080555658	0.884998565204381	0.287315124073014	0.614480169248232	-0.954675777944162	1.30782239961526	-1.11609290513575	0.0177798304263224	1.04050606281365	-0.989208424096184	0.600774713963601
-1.18157466474552	-0.182605941527716	0.472491036415578	0.31223918241411	-0.386797169274343	-0.901193485140629	-2.78176508316718	-2.26764616033586	-2.34707889186397	-1.85916802835721	-1.68681110254241	-2.13407447338469	-1.79137605577558	-1.92177370256995	-1.49570019320574	-1.90136920202143	-2.04382548689085	-2.27810702701365	-1.87089426090158	-1.60788622726457	-1.33330478817261	-1.80589419159671	-1.35482087804917	-1.35482087804917	-1.35482087804917	-1.35482087804917	-1.35482087804917	-1.35482087804917	-1.35482087804917	-1.35482087804917	-1.35482087804917	-1.35482087804917	-1.35482087804917	1.97978426704892	1.97978426704892	1.97978426704892	1.97978426704892	1.97978426704892	1.97978426704892	1.97978426704892	1.97978426704892	1.97978426704892	1.97978426704892	1.97978426704892	-0.0492619334354378	1.33503611622357	0.29037825252843	1.3772332726214	0.503958035232342	1.50374429228632	2.05734960926656	1.31588085391632	1.3595892302283	0.403952412790856	1.33699594444598	-0.600477885763673	-0.600477885763673	-0.600477885763673	-0.600477885763673	-0.600477885763673	-0.600477885763673	-0.600477885763673	-0.600477885763673	-0.600477885763673	-0.600477885763673	-0.600477885763673	2.11801839315896	2.11801839315896	2.11801839315896	2.11801839315896	2.11801839315896	2.11801839315896	2.11801839315896	2.11801839315896	2.11801839315896	2.11801839315896	2.11801839315896	0.974668094796843	-0.282525266931182	0.400816420811673	0.0860730526661098	-0.530026463026479	-0.313497801637073	0.672657012394673	-1.24837495184361	-1.39238646663373	-0.374783055733166	-0.976995683775569	0.574023648966057	-1.85547025375959
0.187141221526162	0.780411078446386	0.17268962703496	0.580932774234267	0.774046029246637	1.66207247123882	0.805276823516814	0.495915351400745	0.954943888916073	1.75228592739721	0.81830715904115	0.476130834128437	0.320664793638988	0.603031295936574	0.31428059704392	0.342224756574375	0.9183093974896	0.639720218899706	0.619652545194213	0.377686322643492	0.32064434379891	1.01817525756478	0.244308157781346	0.244308157781346	0.244308157781346	0.244308157781346	0.244308157781346	0.244308157781346	0.244308157781346	0.244308157781346	0.244308157781346	0.244308157781346	0.244308157781346	1.82436433418415	1.82436433418415	1.82436433418415	1.82436433418415	1.82436433418415	1.82436433418415	1.82436433418415	1.82436433418415	1.82436433418415	1.82436433418415	1.82436433418415	-0.00308253714250641	0.363704447433888	0.074101942867335	-0.588797126461532	-0.123317186119144	-0.166185174715753	-0.0130230255726615	0.55446641094155	0.45928398905353	-0.362611122837608	-0.938813939760552	0.765917756474399	0.765917756474399	0.765917756474399	0.765917756474399	0.765917756474399	0.765917756474399	0.765917756474399	0.765917756474399	0.765917756474399	0.765917756474399	0.765917756474399	0.225982069883422	0.225982069883422	0.225982069883422	0.225982069883422	0.225982069883422	0.225982069883422	0.225982069883422	0.225982069883422	0.225982069883422	0.225982069883422	0.225982069883422	0.573178664327653	1.17758486778964	-1.02073317091817	-0.9705705994721	-0.239911130760333	0.0774162832322253	2.07140986033442	-0.665936033802852	0.221989393794109	-0.158012658420539	0.803247433961484	0.620116942138055	0.397618250054607
0.13785526241202	0.337030233102343	0.0601979477604338	0.0995592417619608	0.249029870271963	0.688975306765023	0.575485734761493	0.501048559224137	0.523690108907838	0.890087006328597	0.378636983967478	1.47821846261052	0.841169953605448	1.39714800324693	1.09457618762457	0.923317709479058	1.63024682915867	1.31914063240201	1.35209274118352	1.36371345607035	1.10619724726804	1.49222335308624	0.880235238285357	0.880235238285357	0.880235238285357	0.880235238285357	0.880235238285357	0.880235238285357	0.880235238285357	0.880235238285357	0.880235238285357	0.880235238285357	0.880235238285357	0.817356009027305	0.817356009027305	0.817356009027305	0.817356009027305	0.817356009027305	0.817356009027305	0.817356009027305	0.817356009027305	0.817356009027305	0.817356009027305	0.817356009027305	-0.14963432982624	0.70791666609547	0.676593260196811	-0.915706136916318	-0.304573659147507	-0.325221957941539	0.708805285367916	0.937405363822923	0.440027353672014	-0.626446458056776	-1.0369961775567	-0.299199974086066	-0.299199974086066	-0.299199974086066	-0.299199974086066	-0.299199974086066	-0.299199974086066	-0.299199974086066	-0.299199974086066	-0.299199974086066	-0.299199974086066	-0.299199974086066	-0.360801073929213	-0.360801073929213	-0.360801073929213	-0.360801073929213	-0.360801073929213	-0.360801073929213	-0.360801073929213	-0.360801073929213	-0.360801073929213	-0.360801073929213	-0.360801073929213	1.95931618956416	-1.23993773118086	-0.11599394835774	-0.775904293984419	0.161253857129188	-0.311403013731512	0.0706466738946814	-0.948567118866088	-1.0990449905317	0.087043993542738	-1.43444316171483	0.316795254854032	-1.78348687008575
0.387114211747713	-1.39629954562178	-0.88070895614426	-1.29817189921338	-0.635247766808983	0.364006364773374	1.58397863817875	2.03152286208217	1.43863204270664	2.0561957752604	0.486720122140437	1.26259447908072	1.22552727101411	1.19549015892268	1.25846997327624	1.16546016268649	0.464830106485563	1.25864711901358	0.896101228818527	0.579608419016864	1.4566250441445	0.490514134400993	-0.1509182278703	-0.1509182278703	-0.1509182278703	-0.1509182278703	-0.1509182278703	-0.1509182278703	-0.1509182278703	-0.1509182278703	-0.1509182278703	-0.1509182278703	-0.1509182278703	-0.786053819348866	-0.786053819348866	-0.786053819348866	-0.786053819348866	-0.786053819348866	-0.786053819348866	-0.786053819348866	-0.786053819348866	-0.786053819348866	-0.786053819348866	-0.786053819348866	0.880478598632358	-0.0257188569327422	0.544706976404135	-0.44311407162573	-1.6287380436631	0.558360272852178	0.951182751276231	-0.0431469145893467	-0.0605402942828576	-2.51353362876372	-2.13325760641479	2.29736850825231	2.29736850825231	2.29736850825231	2.29736850825231	2.29736850825231	2.29736850825231	2.29736850825231	2.29736850825231	2.29736850825231	2.29736850825231	2.29736850825231	-1.13987906949071	-1.13987906949071	-1.13987906949071	-1.13987906949071	-1.13987906949071	-1.13987906949071	-1.13987906949071	-1.13987906949071	-1.13987906949071	-1.13987906949071	-1.13987906949071	0.818075159564603	-0.971306409084014	0.889641994326955	0.153727221296138	0.389040952027166	0.321251271555625	-0.227025497298608	0.283529366545693	-0.700652284735834	0.32163938216303	-0.067034486007743	0.451115714469068	-0.165551931836456
1.05625524544534	0.794775513338209	1.00131510162839	0.726831573075352	0.509153364694379	-0.578430467419344	-0.0689837824463733	0.847868048246756	0.485460533858182	0.322081757622536	1.12568915036567	-0.201137287812634	-0.219062995871105	-0.580210654392311	-0.453611814674452	0.0269277204552172	-0.994552821017972	-0.48599879950778	-0.530504803117392	-1.2355160457285	-0.261391635190741	-1.11507069101302	0.995940073243874	0.995940073243874	0.995940073243874	0.995940073243874	0.995940073243874	0.995940073243874	0.995940073243874	0.995940073243874	0.995940073243874	0.995940073243874	0.995940073243874	-0.45650419549616	-0.45650419549616	-0.45650419549616	-0.45650419549616	-0.45650419549616	-0.45650419549616	-0.45650419549616	-0.45650419549616	-0.45650419549616	-0.45650419549616	-0.45650419549616	1.0197318930052	0.279392857827781	0.143485296433959	-0.000451711288209404	1.44630790916162	0.908188120499807	0.718031328591573	-0.961301313039112	0.243837404501517	0.269318588823372	-0.256906893495605	-0.0220673536196329	-0.0220673536196329	-0.0220673536196329	-0.0220673536196329	-0.0220673536196329	-0.0220673536196329	-0.0220673536196328	-0.0220673536196329	-0.0220673536196329	-0.0220673536196328	-0.0220673536196329	1.28266590807678	1.28266590807678	1.28266590807678	1.28266590807678	1.28266590807678	1.28266590807678	1.28266590807678	1.28266590807678	1.28266590807678	1.28266590807678	1.28266590807678	1.69089666562359	1.41385066524427	-0.514694848010933	0.247905993384626	0.363861649851084	2.06905620628056	2.60386891897482	0.573657295534593	-0.221931140336768	0.819541903911828	0.236292083016501	2.17998130795127	-0.28891511282498
