-0.713256144374177	-1.54134635731708	-2.08584037268736	-0.16838128771559	0.284460118029542	0.565402191073096	-0.0937034998338527	2.19013921889611	1.01595513566533	-2.44842839144608	-0.36730249979261	2.45275967654709	0.801614465552769	-2.46299370962998	-0.0446533688811356	-0.691878287760191	-0.724111139183775	1.49746563992351	-0.428739510491385	-1.19558492696441	-0.265258287503367	0.482068651660924	0.91749109205641	-0.130490757043494	0.0958597342911903	0.948911615062223	-0.168348454741599	0.116488991176844	0.207952545501953	-1.86150389848079	-1.20751058164086	-0.741038872027385	-0.801469116492703	-0.502413482130125	-0.981759064101057	-0.0326985419007129	-1.68793698388173	0.393525651872163	-1.33736414944137	1.3214650130299	-0.802846189107097	-0.820852450933627	0.338331487724292	-0.673215391455028	0.132239493435074	-1.42728158927106	-3.08574555077258	-0.791731080995393	-1.69157580997082	-0.396414430472278	-1.4687109641388	-0.930203403047417	0.0631836219426238	-1.78107564470514	-0.812693062194203	-0.0351174409836821	-0.414533417738291	0.25192774895599	0.676586914405977	-0.203512370771453	0.186878957986898	1.12548418417172	1.3696427894267	1.32693699738009	0.00922728403356035	0.89949365653787	-0.861646459670262	-1.21184532667095	0.52924508353814	0.441807016355936	0.100124772344108	0.0770862533079572	0.826302010468194	0.504145677414238	0.364527497836621	0.0692779208183056	1.12228658442368	0.648230565606843	0.0206698385907308	0.216168223672563	-0.48126657168302	1.53495130332995	0.528893624402783	0.121727392494893	1.04193221506201	0.242694775829202	1.39129223190657	0.511432052087928	0.874981839812934	0.741456115959497
-0.206354817204108	-1.00327075420303	-1.33551437059578	0.752929743413794	0.404439817310007	-0.483285863627904	-1.08492559925486	1.86985351858501	0.700811001916407	-0.659010802229348	-1.40283102097014	-0.212861799971438	-0.563076801673257	-0.777739957632128	-0.907871715200971	-0.131119924517075	-1.80238897917966	0.121305742266181	1.16750266970955	-0.713619787525742	-0.748295711821226	-1.14940521222264	-0.94005396629516	-0.615705285445962	-1.31305327791582	-0.699621892244843	0.774530953310533	1.31338490445854	0.147434671373696	-0.201437811291614	0.915108394563402	0.526784308149817	0.749227493347301	0.506212827640266	0.586785963849583	0.626609181675042	-2.66623346108473	-2.29655897686459	-0.785143189049417	0.12311768462311	-3.76298552593557	-2.15902766189127	-1.19608924543239	-2.34789016811168	-1.95333046136038	-2.00318330086162	-2.07567723866981	-0.915011790267284	-0.917980396606102	-1.68794510514309	-1.27028553512321	-3.33017983722748	-1.70406568668975	-2.41361384104936	-0.365264755064737	1.08842849997877	0.155270932840222	-0.320580900077889	-0.482883433489556	-0.0569503786318688	-1.51847409070259	-1.0552566864687	-0.25151699507145	-0.402848519561192	-0.331708077818575	1.08173365233811	1.74582264091532	1.72023374099718	0.250146206794361	-0.472677489092151	-0.0571015593964992	-1.24181288463545	-0.989990811847581	0.796212116395604	-1.13854005391838	-1.57377395859207	-1.39028969432505	-1.05778784066427	-0.326836431023046	-0.616709242760256	1.84630364887991	-0.795050084684452	-1.25587913913287	-0.303276851733627	0.560351866726975	0.550453960100258	-0.626277291079348	-0.736445606628032	-0.278489545109183	-0.690172793945699
-1.19101756640903	-0.961902182026744	-1.45152790184781	-0.346308671868879	-0.364903321220947	-0.813499648082162	-1.10360303292779	-0.749848083010208	-1.08503520332945	1.23511531400044	-0.181268261081553	-0.181466153850093	-0.251166128744982	0.271117672693666	-1.5577783835802	-0.507268700639601	0.89131913088681	-1.82317947363854	-1.30019853365174	-1.3287037665406	-0.0381005874181616	-0.851772342542986	-1.53855109369595	-0.272955426450447	-0.975512394170371	-1.03957782027423	-1.33338293115392	-1.02493424710831	-1.05954525041247	-1.31120618661135	-0.650798637109005	-1.67700888246329	-1.22337879191266	-0.686118972370072	-0.372758550746945	-1.53039476060255	-0.194013679927028	-0.575655522960544	-0.92285215639769	0.275466389194288	-0.60076209479037	-0.521858920896261	-1.41466761634022	-0.778336063545766	-1.19881084654763	-1.85824974839392	-1.55490805471558	-0.986078560566065	-1.08550984169835	-1.30818612212627	-1.0273645555772	-0.612476255967559	-1.02739843806241	-0.418245418895448	-0.0584041702898141	-0.811922625880907	-1.19241914618627	0.425020643565923	0.414407705702715	-0.0127788512807197	-0.274149703547602	0.666656718485534	-0.0133173052413069	-0.0958249680652071	0.102431862000201	-1.4021250506521	-0.431098399589418	-0.912892714781229	0.536681620025047	-0.619465027981816	0.389378703250457	0.0610870266875836	0.762273506770705	0.727920047185203	1.62032953200906	0.355119247522931	1.09413010482578	-0.110475518697652	0.585025022748662	0.19204343381986	0.337155658753883	1.14319178870187	1.3876314083616	0.638579640224872	1.23153829252347	0.829507756687042	0.753337147262492	0.129259587373167	0.669339975634531	0.368502629263708
-0.249650297783655	-0.650138185668426	-0.521289699098552	-0.694079790468109	-0.526653089617099	-0.163933548105996	0.303997239179508	-0.671228309812435	0.0312867525951758	-1.04751112203374	0.749145190966193	-0.379401351934091	0.682353449797409	-0.457366405903255	0.210138783107769	0.770581837784723	-0.397900586752808	-0.62029719158153	0.0490271196969969	0.210207450095054	0.516757893313505	0.514284338733153	0.484588123710686	1.40574365730652	0.153257495858707	0.886560558126097	0.0108357488200834	-1.14293115661178	0.398235912227075	1.72642584752687	1.37230453874298	1.57022735459423	0.231851084834422	-0.577937965813089	0.241138341497141	0.0629392224265642	-0.220362396710599	-0.174930070157108	-0.621551636010158	-0.0465911957530106	-0.327801366884377	-0.700743649944981	-0.655362019510259	-0.141199964069486	-0.165776221589044	-0.624122440875226	-0.354418401721065	-1.30815544344096	-0.737128897653666	-0.605416921854343	-0.232407638615564	-0.459492579063512	-1.01587366680339	-0.687221588344221	-0.157269562225735	-0.560673492582503	-0.166558991242805	-1.9707743207319	-0.752263632145867	1.46961585372727	1.12194271172443	-0.0312911916210328	-1.25046444449088	-0.237396565444266	-1.08773897806152	-0.625990505904543	0.0421571421296031	0.752107003500865	-0.563265054431879	-0.767299991095851	-0.377851659506019	0.686908480152138	0.274582376841132	-0.299259986454416	-0.547001873160043	1.10419290675016	0.525150844988498	1.04148051247842	-0.392465343675356	0.72313637293912	-0.040075573604456	0.469026505824953	0.198974512492201	0.600689707795172	-0.238899985321265	1.16864670591244	-0.509401299387584	-0.288564726506731	-0.15929724080144	0.549708468962924
0.336346541416886	0.25114632279431	-0.992439036474667	0.656438897356054	1.26231883648114	1.12139894968018	0.835323676086237	1.18990908011938	0.742728936022887	-0.449274464673522	-1.21440685599232	-0.0263859619546533	-0.760872837853602	-1.24069652253858	0.79551919701259	-0.971222934003094	-1.11397253112795	-0.367852466276112	0.542534065560599	-0.7995953896567	-0.550336504800667	-0.561491007090479	-0.613776461017796	0.381333448637368	-0.964922258506475	-0.864687235703001	0.637698334528811	0.727821784898088	-0.127525005444135	1.08888545322171	0.453893282700138	0.454322044917227	0.863943724238695	-1.08569229068035	0.224738806545059	-0.674636992484348	0.109538343253966	0.905497173432398	-0.430110617854613	-0.108164586659774	0.463355622308217	0.520454042935537	0.629254221915846	0.4188953770133	0.0980140195550122	-0.315009766818596	-0.296959086753669	-0.478040308440238	-0.752398567258686	-0.852182459377796	-0.298497189418916	-0.455050935823814	-0.125357352189136	-0.0234156942562313	1.19951745154801	0.311801837226028	-0.0195974360849661	-0.741026327389533	0.00558738907948256	-1.20699155475417	-0.218734393172121	-0.821131079174385	-1.17413194493738	-0.756642137059741	-1.01285739131368	-1.07833349002881	-0.898315701545292	-1.29008870245153	-0.505545016944194	-1.78714404139467	-0.399349411289402	-1.23496274181694	0.153059943050477	0.698566567964978	0.714975199961303	1.58644291969299	2.01324258255719	-0.389466574432226	0.251743619512364	0.891144862832118	1.87740414125511	1.03561384508023	2.53527670956528	0.815283858443672	1.57407594796437	0.285552468047461	-0.585916061586823	0.644367227429933	-0.935853771004488	-1.49083215967035
1.93878138563824	1.40836385025526	0.746676693169024	1.02880558313304	0.439225737628193	0.211329163734137	-0.504839004603093	-0.56547826455407	-1.35749506810412	-1.236444867481	-0.716099919308613	1.3564357359577	0.00257894974045534	-1.44146927608919	-2.6263035974523	0.482528210016858	0.325001151562682	1.06190021235122	0.344509301280343	1.07231600976088	-0.528863135966645	-1.12273097702182	-0.653062449236645	-1.08008446863045	-1.09329420967766	0.6330591084796	0.235339569272444	1.61267344016998	2.14702895988103	1.466561317003	1.83106596043226	1.33210929620001	0.765874736530301	0.422633416829848	0.704622957678958	0.85512743078868	-0.660756703036833	0.478270887309358	-0.192427693340387	-0.173492754545444	0.0162594033347924	0.187225010466511	0.419681160377757	-0.607124293835202	0.156854808153745	0.196764642436429	0.235871972413285	0.344088541779257	0.944598093797896	0.572249718272568	-0.117670337686553	-0.0194429030691636	0.0801132086891314	-0.151276850157928	1.73399455837498	-1.32274064089972	0.118778758539986	-0.171607077127448	0.271866250342823	0.161195562900257	1.59016108457304	0.734657099826633	-0.147068968888173	-0.133544073358986	0.50744795037614	-1.56814156215001	0.0583271185288848	-0.33915599872522	0.0316134011632403	-0.157178782123355	-0.830491034428322	0.71002894290973	-0.901992153224218	-0.558757102668062	-1.1239782121676	-0.361334588965956	-0.0436051923509316	0.174081060957581	0.814083800712507	0.010226792097873	0.105503470747086	-0.931081804242256	-0.100164373878778	0.0983628504007289	-1.39331922571486	-1.28147068367279	-0.480037553626984	0.705462720355809	-1.00242888294955	-0.261690303772472
-0.404759602507068	0.959537373716208	2.10742880534327	0.234488548233327	-0.644030533452756	-0.152024371975127	0.105703433284517	-0.105749021343113	0.226013825261376	-1.20748852205559	0.339795088984138	1.98207802487478	1.66562673116479	-0.0145988792563154	-0.457139469345114	0.768384947197095	1.98760054595194	2.0172184541697	1.76663325165354	1.51823163366468	-0.119090663671176	-1.51547821261975	-0.852893563153653	-0.73363915118148	-0.997653234586788	-1.80081521165874	0.286934268875032	-0.660345399153444	-1.10428894997432	0.259950762371452	-0.766291646589812	-0.311975402109199	-1.46103836069446	-1.33410795913346	-0.0516577442622397	0.584023880493411	0.628519468124839	-0.145785364935404	-0.155950210343404	-2.90539832843647	-0.668049916041528	-0.830691744576393	-1.48971597320993	-0.0322629805810415	-1.33162353459641	-0.988781445691465	0.264414324399994	-1.77790428644179	-1.22310334050122	-1.03637188085531	-0.869426884480431	0.156163171285744	-1.93914018397669	-0.482879290671072	-0.545471499093935	0.514735779820622	-0.119519614996926	0.79658375154564	0.300441391577969	0.766171391195887	-0.599117348316992	0.470612030432047	0.727123450306693	0.00325733817359143	0.0699541383900635	0.291313855872303	-0.602798268108912	-0.165784044039581	0.415371861396179	-0.414516123764838	0.954739103671323	-0.304938442267991	0.0690839189823636	-0.877972254185204	-1.25184571108253	-0.865969130258006	-0.380015125527613	0.36312761033878	0.0373902426796363	-1.34899073668997	-1.62671465179678	-0.74949560466625	-1.30561604184164	-0.978469895724919	-0.309185325965068	-0.903981100337615	0.678964748483125	-0.0978336968985226	0.304766858358052	-0.00662821955294608
-0.886592061055589	-0.0770161929938135	-0.029773556864206	1.14246404407177	0.669360329623996	0.193576692428028	-0.114452173492796	1.22107953785934	0.628092727170663	2.01448689564458	-0.398268963138817	1.20623855412649	0.210431158847988	1.20595683556385	-0.172398981989839	-0.336998723803209	1.66308973028071	0.000247703693702113	0.641372316243379	1.49445445066986	1.08311177813326	1.22924402704333	1.22014194060063	1.75787940904178	1.41019954495161	0.684591671347637	-0.34409436308596	-0.839266931566462	-0.128459942937242	0.6622806084665	-0.0919590763202526	0.933659916395321	0.139103417916568	0.726356989888723	0.320422134095403	0.967728575134725	-0.626506994750061	-0.991975381003129	0.083983016799072	-0.621034847112611	-0.729178435200541	-0.379151185337433	-0.383008353446531	-0.481303754290908	-0.252708255725678	0.324710359034616	0.296862006620164	-0.0419420190389165	0.102342565926634	0.216727316242059	-0.412287149418008	-0.226048425559531	-0.221510927843164	-0.528772507689496	-1.26596294106491	-0.746742187691464	-1.07943466446284	-0.296099690952353	-0.323982655563161	0.557868871510796	-0.520610631945979	0.566921777417007	0.328467809879377	0.403731220003537	1.37949168156165	-1.84523927176619	-1.79185519332361	0.58493838228887	-1.86935266068507	-1.36480070815859	0.0312865929295355	-1.12456170797468	0.696284585591156	0.555561995586618	0.522009287265243	1.6873433901418	1.25086826491654	1.5314693506555	1.15247590381038	2.00601730175608	1.2707855788513	0.963237901363759	1.53731717409605	1.06893634475049	-0.422204723021866	0.773448251021978	0.64542955288208	0.237440479251861	-1.02216082538473	0.169131395652694
0.539254960596525	1.86741987564176	1.49015453157635	0.0692718660162988	0.305651440916989	-0.0442494616879097	-0.906141564836694	1.25488517789316	-0.084226243595406	0.0113105094740178	-0.118926071029374	-0.0906419509486543	-1.27731423354855	-0.884296871544272	-0.916629642732947	-0.227111175089541	1.75754111418205	-0.603086410585763	0.299281819073546	-1.33315142814939	-0.351353538199422	-0.416076981262308	-0.262377850800285	0.21474835890249	-0.378966997538962	-0.906317879951801	0.77162058039126	0.530555316929263	0.392359539952388	-0.393145019529422	-0.382526591344021	-0.322328894063711	-1.17259697260603	-0.600074665290052	0.233365311024659	0.226510529334563	0.0548117075986687	0.341070666693769	-0.0659546644819623	0.253938072240997	-0.868552112131424	0.746854795646377	0.62553075294418	0.24023403561156	-0.527815584946728	0.474450106531245	-0.482246435279566	1.13392385135068	0.831049652872977	-0.29459207424018	-0.369041243896222	-1.43626985090933	-0.355084926389718	-0.586196906005795	2.01269399439517	1.65209049711678	0.294045788448834	-1.51491232390714	-0.0558494374686789	0.158515435557215	1.3598153476655	0.394798558795662	-2.05636347047452	-1.58102002290666	-0.343187480528586	-0.0210799851971557	1.37467418383648	0.689220276003287	0.922632855371267	-0.649778915772016	0.0337068021503901	0.535290472568154	0.108499633840666	0.317388476178326	0.241767175744528	-0.553355508237455	-0.520336290591767	-0.425797633390607	0.692259647724139	-0.170666033431246	-0.16210119957952	0.143791590792427	0.450452066548511	-0.371106257073424	-1.14778592814476	-1.10939974526542	0.778909892495798	0.0580894417900732	-0.188461291651311	-0.249526249951884
1.67916743381189	1.60048177497637	0.821624290359504	0.78717411640522	0.53862578196933	0.628400500938044	1.30186576441389	-0.191596415639081	0.783793885167095	1.20685693039167	-0.281258902335485	0.339043143484984	0.112329460067531	0.548266554667697	1.66405161531405	-0.458789533131308	0.707860278780535	-0.434195309065007	1.17554135550802	1.00282947134378	1.51852436424328	1.13782764803209	1.47666847265538	0.535751353492292	0.769866223708293	0.375366206431158	1.06766314615599	1.33889058496535	-0.697290012321724	0.0432806653913518	0.792260694610612	1.29164763453771	1.01798442722541	1.33859286821855	1.2490150218204	1.87739905893784	-0.637224577425663	0.591771083000034	-0.537661696871932	-0.283702216659427	-0.674311093113338	-0.662973638399554	-0.71501927896604	-0.863339677808941	-0.8865659459423	-1.07563135762291	-0.802561400994562	-1.00241636117625	-1.26601829974367	-1.4176924508051	-0.308476049034141	-0.92133028010987	-0.995408345986056	-0.33413485156398	-1.9995178312935	1.12588107713714	0.194294014447168	0.911637999753369	0.0793558680364882	2.70528718504284	-0.470162436022918	1.06321061637322	0.976085954842358	0.803395047119519	-0.662057798120867	1.24243992550201	1.03633277448384	1.30472659032593	-0.418276950328856	-1.65224125133866	0.723806868136579	-0.785279959859562	0.9379149610123	-0.370468627662108	-0.142478794656729	-0.242245071766499	1.49222181120832	1.92904660928388	0.319654946034161	-0.363760070102329	-1.2315880589076	-0.358144155731109	-0.60751901302297	0.319487236747239	0.33550239824886	-0.605572634267666	0.256522245570675	1.38772797428283	0.831025062292932	0.664691259706145
0.865058840510732	1.36026909006708	0.0191428416195713	0.586145002350496	0.010589157725068	-0.357638614082348	-0.615242873260596	-1.68756179575971	-1.75646664423496	0.41578979484344	-0.789906350060318	-0.842064609766764	-1.50511861998317	0.112164087948167	-1.4693502679538	0.476164724610673	0.603413296443003	-1.35786459477999	0.899850562021637	1.64234646054815	1.74172662812349	1.28406380410766	1.44648375159022	1.75703587569281	1.44755765438846	-0.090743096117005	1.52831591068254	0.0628253590520218	-0.430534296324841	0.868018061101438	-0.367770464742549	-0.841266331848286	-0.626181674744104	-1.50028116942689	-0.246021868777627	-0.730439311611861	0.615318529996439	0.228886323988754	0.656979318104194	0.356270028342244	0.569841045166813	0.173254685050651	-0.238924642711484	0.474569368284574	0.818278067238625	1.06960160015911	0.00433559297105068	0.568589665058905	0.788606300906814	0.918598349057449	1.30861530351133	0.264423811787373	0.897983623436169	1.57018563957427	0.448903145491738	0.724915748945701	0.0556998798728782	0.589328602812568	0.642505072646736	1.54742982516785	0.0970272268511122	0.713861582334017	0.543937809891885	-0.027710139625433	-0.106935727167643	1.21220355593736	0.253589491723779	0.201117227453443	0.766698720332257	0.901210396293751	0.655626596733115	2.26840042750247	-1.43703144034778	-0.426646330961405	0.169381306594256	-0.26467867753416	-1.55980022230128	-1.44015031866499	-0.357709717876853	-0.83303560366407	0.0173688030225046	-0.592248050405208	-0.384644297271022	-0.730234315451787	-1.74401836832383	-1.73238726566909	0.0891789205655154	-2.00623874056164	-1.02803346179629	-1.1475028808035
-1.26753906744549	-1.42119661066331	-0.41052452458598	0.062735924212451	-0.0527968613112263	-0.663949871417727	-0.466321768497181	0.78264570221525	0.814829628476236	0.794392997395092	0.0746519846412562	0.326424594033466	0.462458466188299	1.10199056484687	0.434478577215665	-0.093423945132826	0.0962607711071892	0.524251903714003	-1.0508144253316	-2.01604425954462	0.282403524241796	1.12732542335804	0.59015152487986	0.683030223579662	0.579764730732056	0.127404329993613	-1.14117060703203	-0.952873167775099	-1.93769077288395	-1.5295504018992	-1.80534839241215	-0.398894121126172	-0.519399266370727	-0.964390812991639	-0.0222848018619341	-0.54048490646336	-0.48169064739471	0.0950997582074974	-0.0314916550844215	-0.79698326131134	0.582554920511699	-0.0595040286478332	0.737230562693353	-0.0421616860143673	0.677519687969698	1.570844355729	0.18743443009109	0.909449838320783	1.78562915804434	1.06860334238241	0.686548244391824	0.737337023510768	1.38317968782902	0.225122297128681	0.696323023363383	0.395230548169127	0.852726545035233	0.383392224702224	1.00676214917137	0.124804705087796	0.681883315485819	1.26606438889328	1.59669008967368	1.71341577007592	0.300626626697616	0.182774310254028	-0.973809252107699	-1.07653928381911	0.726611384679562	0.424387125595111	1.10626741261556	-0.0836614872935967	1.01301944247448	2.0245313759739	0.882976119745988	0.408707894262488	1.67213509062884	0.536266819660071	0.568627263688276	-0.0878805476411068	0.546339528615628	0.709886969588981	1.29508499404296	0.868986546124363	2.05755234644092	0.4830553980437	0.973520020041285	3.2158083234258	1.13507315994603	0.213880977337821
-0.868284063414422	-0.635133363594046	0.714747989870696	1.20968451176258	0.236273078436693	-0.536376127569234	-0.882860947485083	-0.872892010710148	-1.22479775264729	0.550302858054735	0.393364393251824	0.416870461259854	0.823840328916921	1.33897718158078	-0.819557321028407	1.21150150547383	0.509748404928907	1.37717595438525	0.810065389231925	-0.491555783229366	0.676488368081448	0.434757295480404	1.03285726347257	0.509458946445937	0.448460669697408	-0.0828186776899132	1.44303755852607	0.291454146560455	0.473555278847424	-0.807236201846439	-0.399038176352884	0.865799760343512	-0.040375466687401	-0.571780316737819	0.469676766110366	1.43745729880855	2.33154937186561	0.409017432048266	1.43488364869143	0.397221633095998	0.780422195221799	1.25772330386465	1.44577930358491	1.59164765292675	0.662415088552114	1.64624209406812	1.48876157420541	1.60352883821393	1.33091103231654	0.750877562849032	1.38468244983853	0.335408800893446	0.939064073698446	1.26391161873825	1.1739253066572	-0.341012147755864	1.19553893184122	1.05035448227421	-0.89574076781378	0.141630418059442	0.336841786291307	-0.245717457833853	-0.0177126976446419	0.433198175449292	0.42789317740433	-0.597821019271101	0.845516416881491	0.287699301666182	-0.222579482443271	1.09523576541992	-0.39574370653699	0.24689551448685	-1.19028468407716	-2.20468506156938	-0.678972177478455	-0.699586720136583	1.00775004167369	-0.322594761002149	-1.62771900978932	0.385822774672769	-0.806905396465642	-1.36539536928392	-0.581545565405861	-0.904717667963787	-1.55625813282887	0.0397173251316226	-2.04878822552564	-1.00721634180106	-1.98212079517626	-0.663920938474931
-1.83415738587748	-2.01168862629142	-1.34810923804178	-0.855877512663848	-1.3837600840418	-1.64720534450334	-0.630168785691201	-0.211003773161833	0.934495141876408	-0.895871553778152	0.151957897334473	0.158357544827263	-0.800766730746823	-1.21583793694399	0.652759698840324	-0.729333928262092	-0.210740500661681	-0.235667521109172	-0.41525104100348	0.883825502925772	0.430189970930097	-0.415443269748227	-0.253189181714106	0.236533470046119	-0.131364988959567	0.449241577720389	0.222592258017721	-0.240966535114634	0.39049364635856	-0.338552944484224	-0.289080876405157	-0.562331638000937	-1.73418302617465	-0.649457797404988	-0.269600686685691	-0.291426472385907	0.102067817851627	-0.0490903691184461	-0.626373311626387	-0.346299266608903	0.791621404757739	0.547922090214088	-0.515495011016459	-0.133858292968307	-0.361781857604439	0.534966549182645	0.626528891257979	-0.086137509503282	-0.23180566792208	-0.434431447242931	-0.113699157945171	-0.390316188541182	0.327887889748769	0.80090825293267	-0.178288556385262	-0.0305953720789053	-1.55511512031888	-0.675602549149087	0.524284586978625	1.19741216534375	-0.186329833824858	1.62445349458906	0.202722773407148	0.708325711647067	-0.175135088244853	-0.962907380914778	-0.740334189986563	-0.401029129530265	0.659609348429642	-0.70459094831414	0.74231819432	0.802658413133106	-0.321863851657846	-0.616379218848788	-0.112735825739599	-1.12179002946524	-0.00479288627381179	-0.197317027689945	-0.990196188964755	-1.48493979605438	-0.580816621111512	-0.743609365073956	-0.742031925789536	0.125716052216986	-0.184489922046757	-1.54545890581888	-1.14149825540245	-0.105325798222577	-0.1925025283053	-2.04006367448091
-1.22470639203766	-0.929865152351813	0.0560242961041768	-1.14461408808957	-0.628437274813859	-0.196193325678083	-0.545115424944469	-1.34333712313711	-1.57226603957401	1.34177524874013	2.09029487620476	0.508627992272702	0.67838041569343	1.46028467235801	-0.54919279604649	0.383830640266581	2.30806325750262	0.251720128304246	1.17871509607469	1.65121890108463	-0.152569754151254	-0.530415603951031	0.0461826952096371	-0.579944141555315	-0.504669409321014	1.38805758045457	0.342452946430372	1.37735032089459	1.06738511143539	1.61884484773719	2.16702660426438	2.64962464009803	2.1989286965773	1.46131622876377	1.10075953818926	1.66864060721414	-0.419368650193896	-1.38074748606338	-1.0812256675122	-1.42765469694632	-1.20699308252016	-0.929582857834141	-0.747210091982588	-0.453157933152578	-1.10800937028732	-1.29209450249386	-0.490699928242606	-0.728238538398044	-0.769675449044137	-0.377303476633818	-0.191202748950379	-0.902290853640715	-1.38535780095659	-0.594937626199702	-0.288120822813379	1.00427952359836	0.630183103724653	0.853469671196043	1.03012102246452	0.935952530644283	0.792798784427623	0.321126469163435	0.382522707013698	0.711896342467635	1.1971005787599	1.11627361148462	0.528076016304296	0.960400473111756	1.79356003763781	0.840691698573035	1.97785848417237	0.0790371571321871	0.976675128693264	0.442894278864549	1.59117058429258	0.719271592053817	-0.988996154668779	-0.585596638254089	0.305787693456373	-0.440354026121704	0.230173592226116	0.815366547391061	0.565957396695201	0.100490626011176	0.862838832575656	-0.433174483826492	1.35615941900302	-0.548647394654995	-0.0513369020893801	-0.238965163507262
-1.27919678730492	-0.489456442891964	0.105011911901439	-0.273152286422172	-0.31160610643518	-0.267250280701319	-0.451010315525149	-0.00339256003498129	-0.271030751693736	0.107402879773024	-1.51428755984583	-2.79557272595742	-1.54061571179879	0.00887090029182687	-1.14156013392695	0.231167634832823	-2.13282183155782	-1.63917225406585	0.513744828730962	0.182829558613834	0.94049609298956	1.14328985379642	1.54969062738732	-0.596459437378724	0.467151178229145	-0.636825525395618	0.0485683054463679	0.143050376174465	-1.33343847964325	-2.00670952783906	-1.01313825713583	-0.908303545022911	-0.741385920213189	-0.423568725853082	0.0985886035715706	0.869342604480993	-2.0988287091488	-3.07151945930095	-1.73196610131815	-1.25104925302283	-2.33269724827572	-0.983689914424389	-2.27982768698171	-1.6927551169511	-2.68269223686897	-1.93309900548113	-1.3948449098419	-0.678643519700959	-1.44325805832191	-2.46219643152232	-0.757335834772793	-3.34252267480682	-1.92407306779705	-0.871675377128485	1.13838400802137	0.624919697326103	-0.716010804136552	-1.58104960552174	0.391345849996981	0.39862034514619	2.1007316856239	1.19734357333402	0.157371663656055	0.737789780618629	0.137246578050703	0.276557102526927	0.64338702658094	0.817974255572305	0.806783867064292	0.882387328754774	0.363197659451266	1.22132055616667	1.67790662381828	0.494577182265948	0.755021620477856	1.77574380569103	0.910872215277537	1.8671205629271	0.77987894556446	1.62742565440618	0.505373461088891	0.259941032071469	0.764599741198501	0.812670498083118	0.344497381734112	1.01598984772384	-0.308747605451156	0.676847845530668	1.08480719672213	0.727086363309999
0.9706954216071	0.84505735333654	0.70435659791695	-1.01043736207687	0.662132752213596	1.69841317030308	1.31999372738727	0.355843779437551	0.0104967223930365	-0.158844874742056	1.95589463283313	-0.594892629713364	0.856398989784202	0.689555272809018	0.810529463188526	1.1057399648884	0.625492508795814	-0.0901109908526641	-0.71069746461089	-0.0420475272505058	-0.235433951465585	-0.0588465791939254	-0.481123874723411	-0.402279630373662	0.311313100804301	1.55718301509353	-0.0170515487820551	1.57073444781307	2.02964684479613	2.12574363133606	1.95878002755055	0.99583886909192	1.92596778363253	1.37632323717094	1.17657402142183	-0.358298953011935	-0.936084922309068	-1.2020264356025	-1.65011163210675	-1.25695848529324	-0.657437942563114	-1.20456076891525	-0.968701491459368	-1.06799963950294	-1.43784175551548	-0.999508295308586	-1.32516154963005	-1.07855067720285	-1.00414791391055	-1.08968268151965	-0.64708496344181	-0.860164327349542	-0.463948157181521	-0.881399069240472	1.08398028556681	-0.846159022779796	0.172212585679763	0.567505779599843	0.0233108950994139	-0.711360724720856	1.74177173950995	-0.304810159891726	-0.125137702206217	0.661351001718812	0.421490884984785	-0.440749544572043	0.287368337024823	-0.57296410696366	-0.423970488272953	1.07203197006312	-0.21447302952078	0.985655487881807	-0.218841436639764	-0.76242027722151	0.470814575587997	-0.910074593337818	0.778476898906451	0.466844919813662	-0.737815221380462	0.78451377135976	0.0133935780280276	-0.689282920586356	-0.651425447523456	0.285899220811555	-1.09624257911372	0.209956759912288	-1.77577617308704	-0.176412172852354	-1.20734199326965	-1.17396272515188
1.19706399801825	1.5112585802754	0.497624356109024	-0.699172231894221	-1.66968896995673	-1.30304091760039	-0.835891862638891	-0.398075790758515	0.116575876953018	2.6033163070973	0.551001449837968	-0.0321876153422115	-0.593950736905893	2.22341102842463	-0.587466726975599	-0.25464584545052	0.568368699345515	0.557494167818566	0.698171705448002	-0.633424796215054	-1.93173188902178	-1.10874370908599	-1.20630372239371	-0.427732017969082	-1.21842526058198	-0.394103786308757	-0.794752478735775	-0.811642759011094	0.0933220270558667	-0.269117572472285	0.0682731677876977	-0.20785018273752	0.0279503920647205	1.63020183195858	-0.605615089190552	0.297289031359621	0.108055839891971	-0.978979307887343	-0.271653024854086	0.334563088148054	0.237771689657251	0.414881260915128	1.29683694225847	0.897622889687603	-0.254893240819183	0.207193049657073	0.381884074913528	0.850311456682154	0.970032838237726	0.539969326910275	0.680790960913183	0.001468569341524	1.18701247133046	-0.016228227872594	0.908409196268618	0.302281708987915	-0.188747070651727	-0.800460818302988	-1.27111609112449	-0.705638478461101	-0.34986721086843	0.033965737577523	0.244917495095166	-0.457352226590524	1.4655437304225	-0.534458952017734	-0.203432656053962	0.420832214753648	-0.685559216684666	0.561906483350607	-0.306620854566183	-0.150398717865414	1.51454650908439	1.93337896596856	0.416747683236827	0.13458260247546	1.46872742519412	2.13829095936527	1.47864976693901	1.38448456151382	-0.947331705840792	0.776930798044272	1.18127430131943	-0.212963299198766	0.115824866052861	1.75346893422195	1.43574761906958	2.36450300617984	2.53949737362704	2.42428066405938
-0.786823505992808	0.960832952790978	1.19042764397106	-0.467475980408704	-0.756182913741909	-1.27516891744295	-1.37882913389241	1.6449044076897	1.06049957235544	-0.464525731298123	-0.20854811811267	0.188799412066873	-0.89719751128871	-0.56122750881105	-0.20325657865904	0.234936992629447	1.44002582825637	0.180790461524424	-1.27548194939708	1.56494207969229	-0.0525907127946924	-1.09580117265238	-1.46861286552499	-1.58832534985237	-0.725964901819167	-0.103631779547028	-2.08135526322542	0.587741713973907	0.645170229250814	0.886617124631748	0.992038067923432	-0.757915343487623	1.12472194598313	0.680802447468469	0.106563714918548	-1.42438179968249	-1.68820206692717	-1.87552044027392	-1.87903387793891	-2.18788193666244	-1.71634922429008	-1.45525573013479	-1.36019981666367	-1.66475805563251	-1.76207578750036	-1.05919277734845	-1.24801951211366	-1.51032576990797	-1.47027158377316	-1.21208235213126	-1.33547483704931	-1.76564055866279	-1.31790788001609	-1.32268931097921	0.596996254190384	-0.214520674792092	0.827338780050451	-0.88005128293969	-0.439158352134465	-0.529225682914721	-0.240770606505189	-2.49361073120853	-1.20067108383382	-0.742378575324643	-0.142930364232083	1.57740781365278	1.49141975255313	1.45047556697196	0.74733184391057	-0.789327492989086	-0.28159121681934	-0.51638350284757	-1.81101453746795	0.414607688457241	-1.43410063552645	-1.72831006598134	-1.42700936287485	-1.88889521795203	0.496700935932944	-1.12043290096334	-1.3160017957572	-0.519786817620496	-0.678432643083114	-2.34021618762449	-1.15271803370207	-0.446727000460748	1.3281418650289	-0.838956788582684	0.762628575348457	0.682437310184962
-0.238794921657654	-1.04429390966248	-2.2457034103621	-2.99820954034963	-2.12971868728996	-1.7877967702552	-2.03477118565055	0.642513569140336	-0.00659300048602998	-1.26417661760073	0.448184539268825	-1.2747916788209	-1.35700799793034	-1.73629551150687	-1.36331765390752	0.445162806139626	-0.291675236479633	-1.62803306507626	0.634865423432584	0.254949889995948	0.146109070911837	-0.838833436906131	-1.19336955095201	0.345267113388377	-0.140575341258139	-1.32138677644561	0.237133132333179	0.0561438293026637	-0.186493256854875	1.26169038390857	-0.0623314931379577	-0.018037865604577	0.726869315739213	-0.0930243651099683	0.504120142824356	-0.286923037037241	1.1077097238819	0.79641055588248	0.151501009428271	-0.34052611522519	0.995906938207753	0.222161494691227	0.466313398355237	0.197267937461676	-0.219305967206135	-0.357554186437677	0.19560811465469	-0.565416786593658	-0.0959717833007232	-0.408115329709524	0.880169412137161	0.00468829540443036	0.504555977012226	1.11855862544854	-2.04063377977509	-1.14939728548857	-0.58674843396255	-0.728808639763621	-0.65674320386934	-1.35838288596128	-1.44192741189403	-3.34282444997198	-2.96917454773916	-2.07505236465652	-2.68711315975207	-0.217272399246567	-0.114015429428985	-0.487116344050987	-0.203024398174798	-0.348429394441522	-1.04073255370269	-0.63533397679059	0.882400807724649	1.14949449223173	0.123691555462118	1.64299028492231	1.50480958131686	1.30436783481763	1.91461073795041	2.46568130526	1.10646423197978	0.617408006064782	1.33173500161604	1.19859378274237	0.514793356020862	2.03647518584511	0.656439420112447	1.53395461700882	1.09051399883043	2.5010299191013
-2.38844847533511	-2.13486670539409	-2.66178511254957	0.10394212233061	0.479778684807405	0.10348421429616	0.46535777207401	-1.07558923479196	-0.403902491314886	-0.432619603427489	-0.908428211983419	0.280258077420599	-1.00072101940998	-1.57848618037357	0.864251855234088	-1.77035320520019	-1.58018293979314	-0.0237982909280253	-1.06574652735325	-0.373165435544726	0.208770816739956	0.289757387910091	-0.44977954709335	0.273348458431744	0.162466084483126	0.251208699027784	-0.112499937100819	0.232471835027921	0.140087266555436	0.715407620980999	0.338837855663583	-0.572230768691067	0.684391157893324	-0.906728534035927	0.211240060095926	-1.77324679807158	0.338348114068994	0.0843980486460084	1.66337916822168	0.845107917826065	0.490438564956265	0.419457531632973	0.376557328943506	0.0901404450232553	0.621120279885946	0.89667189551194	0.508871189582677	1.16403346902093	1.10163426664253	0.890094047409076	1.02729197934609	1.0458297429816	1.16141340867648	0.821153653342336	-0.0723948259193439	0.245849290122675	2.45580240990817	1.88652740684475	1.14609617504709	2.03945017736282	2.78924332353408	0.0504866955267096	1.05159126293471	2.89484328774776	1.81991543556435	2.89645339810054	1.20437836694085	2.97937173063038	1.15930564627586	2.58703637823425	2.27208238772883	2.27890598148927	0.185153961294494	0.231895641752019	-0.310662068703955	-0.0447161131633455	0.347626485464217	0.091779776379321	0.143022657510417	1.02036168919425	-0.434665644621877	-0.315110927874885	-0.14758511775366	-0.538420610918833	-0.388569108141593	0.886259793723179	-0.298336485371026	0.850419215550649	0.298159575666764	0.974903814497301
0.790233063676411	0.872496541315936	0.339793346653492	-0.913459560243191	0.420355577704827	1.34013265741749	1.10076170989588	-0.779234383274481	-0.784036959207897	0.0412005139525524	-1.3733675904199	0.0214079148571224	-0.869085066582976	-0.388947682055546	-0.210120457548352	-0.842192936369835	-0.438408234829356	-0.275610957332362	0.991056018873239	0.72790683669433	0.962945147311408	-0.262163550539661	0.0779869649182521	0.4418722960394	-0.12767388091003	-0.489331122225576	-0.783731200758571	-1.90449582116227	-0.83097629041245	-1.53493218687805	-1.32042590699227	-1.30041913769686	-3.12796717072444	-1.02387278060078	0.344573687372586	0.61980565540618	-0.723077692113271	-0.229086075983718	-0.679264415651752	-0.197885258226995	-0.515717147257505	-0.648597823064892	-1.03929509111095	-1.40520918180773	-1.06506737844751	-0.780213124015236	-0.949421681911657	-0.931261253439397	-0.895336967338382	-1.28705918069213	-0.489295725038825	-1.0031368321084	-0.611497881746462	-0.302034710066151	-1.59555372936684	-1.53122357705947	0.91017535742471	0.478725517822201	0.393796906134683	0.844291504882388	1.77864660941697	1.24135269028572	1.11123329817181	1.14460557277758	0.387108077480827	1.17966045072497	-0.000912644022471147	0.442854979228615	-0.387390054111251	0.876177350143845	0.495306584791692	2.11604754990895	0.855306952103459	-0.0576962902795939	-0.415350524074786	0.99525241574082	0.386493723720256	1.3079229428038	-0.758474508781807	-0.265890912238194	-0.633482940464544	-0.616981606923253	0.0288929239534258	0.230303566210913	0.00746155933661133	0.409865278830152	-1.2986242758396	0.799598702032156	0.113852911066375	-0.548839575742432
-2.31092675123488	-0.925129459861507	0.673050178124822	-0.357398341616097	-0.689592508373376	-0.353473799804042	-0.0762402174126925	0.966519919387134	1.10516726659153	-0.671212412268844	1.27801021658822	0.203680628474694	0.973264651624234	0.0546559310092904	1.06407326993702	0.341021314537575	1.23368075457528	0.511694775306125	2.03878191702528	0.279346731203532	1.92154496497156	1.4059276121464	1.03643396089911	2.3827255266975	1.32807763536715	1.2808042879389	1.44111965027558	0.554299191161499	0.0653958355810757	0.568684276255992	0.132367302076064	0.398375626146537	-0.0263398579115894	-0.705307042789371	1.81575737548717	0.904158767872628	1.02859044928367	1.10523520734834	2.14916599089955	1.55277870126072	0.867271635465901	1.19589822152709	1.5719056088809	1.56910107312022	1.92949144278756	1.28958909787626	1.27113668380763	1.05494041943349	1.96445900298797	2.26454634326923	1.20567637585231	1.47623006952929	1.17596902819825	0.930473891833652	-1.04444720201131	-1.31926250237556	0.013835320565502	-0.190726921154268	-0.286966329351569	-0.49230963883745	-0.217076384154359	-0.225972731831032	-0.181546257754835	-0.371374174087508	0.43084534709503	-0.689657315863008	-0.87401647250303	1.11916586763256	-1.77344082496003	-1.13209897660678	-0.00076206617887055	0.392074486460849	0.719608719767137	-0.183596835999204	-0.226078848551055	0.135697949557932	0.0017276608583575	1.97870786018411	0.191921176802007	0.34384523692772	-0.799164027607609	1.07321364836158	-0.333678043442639	1.38142573274004	0.706376976574542	0.831037049661883	0.993117700247876	-0.0194176925442353	1.39274255823607	1.73278181435483
-0.41042439497734	-0.590018083574557	-0.591655990954544	-1.54301577116733	-2.62433973947207	-2.45116045107994	-1.86061187102624	0.680309726513961	1.01991593710737	-0.825262819726661	-0.930590923386396	0.577443460730677	0.191467060126773	-0.903820657929426	0.191267897044761	-0.331878447912267	-0.11313703855447	-0.236102654193329	-0.43404697846439	-1.22613498323318	-0.338115836324424	-0.31214652889534	-0.671464611009732	0.413285001062083	-0.0249565178326332	-0.454120586187064	0.779693079148538	-0.319626755580647	0.221635897553086	-0.152469261127361	-0.68202671635247	-0.91666747401199	-1.20301369935276	-1.58941123274784	-0.877170749757954	-0.95609908573545	0.405830051689781	-0.283790322381681	0.314992938672902	-1.64608802245839	0.176962810220308	-0.00393807445070766	-1.08833117858293	0.28471528797046	-0.509209629270549	-0.585702141852774	0.148041890148146	-0.399747577597904	-0.785190435318227	-0.530473779431452	0.405153889867636	0.111250710842525	-0.974521165964389	0.55182526315017	-0.195332936847383	-0.599095420304498	-1.54463554698833	1.75818716166478	1.78167221295141	-0.677518698516177	-0.563401776441598	0.486349302419807	0.889101672459153	0.0542845949399345	1.62378307416247	0.401270391250198	-0.115533751039257	-0.627786535259939	1.41244720341707	0.626025939708527	-0.175543970768508	0.19252070423248	-0.455218210889313	-1.75914831438387	-1.58805735707714	-0.368733178904907	-0.538359930899269	0.11333079244785	-1.56223730599784	-0.860421512854584	-1.19908384279804	-0.18303485783949	-0.871125228444886	-1.08938841732084	0.434530441834856	-0.346195944437227	-0.618325066104132	-1.00886883970346	0.265234284708582	-0.217600737689845
-0.624421585079904	0.0853149907852427	1.39072449622157	-1.34639714249761	0.823551776675383	1.12237468848612	0.359467153300903	-0.488338584831549	-1.24437500050931	-0.95933650675124	-0.0340751739335564	-0.696538841738776	0.0565627780130835	-0.220035529449079	0.279583462941743	0.249721641732664	-0.787434685413612	0.0179035158678354	-0.457643646150781	-0.634056308098234	0.550988292383901	-0.464657399697649	-1.31105079918837	-0.247321808701057	0.00154107312884566	-1.50813246802634	-0.774246319692215	0.84275695995339	-0.0310908962234512	-1.57806296041941	-1.34084084214105	-2.36196091797354	-0.777413454155602	0.514339359657908	-0.331836085209116	0.00161674136622266	0.404744291896909	1.20333270710024	0.53459227904618	0.86164996776524	1.10385070861304	1.03983925219008	1.87503229066085	0.498432379868632	1.61165242107241	1.16677313654122	1.02318417093303	0.78906853399048	0.794859829819848	1.40989436441925	0.188649343598307	0.53409783900852	1.74004291374414	1.03785167761475	0.378422607305875	0.646991333276436	-0.0684272226919163	-0.230455906712403	-0.946432058100448	-0.445256997706219	-0.739705708700208	0.451777740876392	0.233221426527006	-0.45723948483456	0.490088259342815	0.137473542199373	1.29398406081747	-0.359108431358566	0.266326721184779	0.460892870869894	-1.00026041708133	-0.747665821077085	1.34411613589805	0.241090366580214	0.934502684704449	1.49900141255925	0.116370456210663	1.29746985245769	0.28028737905442	1.66185152137308	0.603882758159764	2.09472072348246	0.577806846768226	1.10714205098355	0.804612932724678	1.37613356037129	0.876384875213465	-1.46559252486213	0.792238935135149	0.71675076066806
-0.343454082955176	-0.550096438671277	0.48949580627695	0.355628147535627	1.25393945277671	1.40588689751457	0.329410612390813	-2.0473331972092	-2.8900121861325	-1.10719241552011	-0.217850492033242	-0.0623261680250109	0.798461619534506	-0.140453707957664	-2.58545820323059	2.84588274461907	0.350043634553192	0.996892854321447	-0.432700996404112	-1.48270898125704	-0.920029204621125	0.00338296374182475	0.254233206905647	-0.108335528833044	-0.437640660768683	0.0733594849302164	0.148450636356288	-0.092220677063597	-0.597531622225937	0.432618673800331	-0.324725170616329	0.926695827810178	-0.0666051593506334	-0.866848152961763	0.775000048524561	-0.548239837784583	-0.655351248497663	-0.972012060791953	-1.26669627434599	-0.61380162399759	-0.810230114892478	-1.36799925774889	-0.645658511260786	-1.02471426355964	-1.04089553023377	-0.481026427396916	-1.06774371874196	-1.30125612124397	-1.28286311046974	-1.5364545493886	-0.834606657039691	-1.21248471959232	-0.136841445104823	-0.923570580983637	-0.0970255831126746	2.22137651079404	1.59221446149926	1.88146103249536	1.05081688136772	-0.268905250678101	-0.103049237650777	0.859759724235931	1.51115475539382	0.900857824213715	2.05951565038218	1.23911009548418	-0.0243176277987689	0.336940792211705	-0.58587480559307	1.24262447565258	1.30924964111867	-0.206468418302022	-1.62954531042204	-1.59349744415836	-1.61850054241359	-0.928944003440353	-1.60073741886788	-0.829634685746114	-2.40478701967794	-1.13940346158595	-1.22721415714185	-0.988232184211234	-1.38754383808354	-1.75827135429037	-1.30499181386337	-0.737144621086725	-1.2554866211063	-2.35654314611894	-1.30925612623248	-1.64915347314411
-1.61028785858771	-1.46231568175312	-1.00187319871675	-0.691425880202677	-0.700829301724396	-0.309483931993117	0.0325872521233171	0.0535648610438512	0.445841816774572	-0.683907389734623	-1.04310030558056	-0.0545009290243334	0.4291699511786	-0.633840638721629	0.825735628310474	0.691886933488239	-0.679111475974926	-0.0547600632474083	0.0626769243787702	-1.16436097089478	-0.840197089955043	0.404174778394353	0.640948583756124	-0.608150636495129	-0.662097872442567	-0.776862833681064	-0.304551339739871	-1.81762602393487	-2.15762397151412	-0.652629700192697	0.0356888678744648	0.503900066577563	0.430117025035495	0.0187646024501815	-0.805780686918789	-0.0220957593407961	-1.10993652507188	-0.773742923140644	0.225233047898887	-0.508497554522632	-0.59503047477312	-0.712007781710664	-0.704810161892697	-0.555225804367447	-0.342158730558865	-0.901895618960137	-0.210205636507598	-0.500696303158755	-0.851709643783574	-0.293718684581435	-0.408086820099021	0.420867558708335	-0.466932627248557	-0.662888710823102	-0.278930171711522	-1.21251782726131	-0.154902882897721	0.764280703565213	0.787136819859752	-0.689901159867826	-0.758691746919544	-0.641700716426333	-0.178702817865747	-0.858142299502192	0.759284459295894	-0.213484346993156	-1.02887166390616	-0.0920053859065095	-0.610673440052185	0.331065295196801	-0.809566096826969	0.895742024897642	-0.884253864495501	-1.96804774568089	-2.62230185380028	-0.70072287095275	-0.337767453695453	-0.0951919341600373	0.113067530561416	-1.68154635303958	-1.24846854567684	-1.0324730107925	-0.924919291092067	-0.505122990880469	-1.259874769768	-2.67053850669454	-0.281684733793496	-0.0883481941822069	-1.28344245059453	-1.07126503463605
0.593085528225053	0.200117579757664	-1.14130693466876	0.180563922016286	-0.00334392836857829	0.459688090155702	0.366289027334524	0.785570488935175	0.579077782698281	-0.463249037573084	-0.440552299647773	1.78068660214778	-0.0945889445129185	-1.67182656773322	0.258877556615169	-1.73080925363783	-0.522098305151127	0.538288603180875	0.702144354306835	1.27014109968321	0.0627529809747938	0.000745203438533827	-0.120613440150418	0.284498456116569	0.131101873397651	1.42992165398217	-0.567772802790554	1.2751161209826	0.0829986697119731	0.484796661583333	0.543726052184508	0.860393795396261	0.824483996318613	1.01065385906487	0.733394368344852	0.641220307102535	2.05291120160882	0.123907742644417	0.891778381985378	0.747866081180255	1.09109918097942	1.74498601514759	0.934714386495985	1.94971183882903	-0.238290714377439	-0.0247622858557806	1.30797514604236	1.06619220058599	0.917768438102089	0.21207750839441	0.869089743437863	0.892134470090846	-0.0504478544956275	0.59223686996879	0.953725987878699	-0.469218499660955	0.753591823529712	0.514522874081716	0.450372110473765	-0.387624436642562	1.21023017648932	-0.0174617752447312	0.390720463327363	0.567124227841199	0.296684397077572	0.0776247002355205	1.19592719223415	0.841856044173502	1.18094011559915	1.11738683941615	0.65077485733228	0.650777521993228	-0.176445070697285	1.40942914361829	0.567208625384917	-0.0327324289706063	0.258308862348611	-0.305750910540814	1.03921111845768	0.28917725867506	1.35979698321263	0.547719181475479	1.01772667480085	0.773154464278688	1.0845258301825	0.830854146980864	0.642652962958233	0.983259318332127	1.17367743311438	0.813427472738988
1.65425643925825	1.9677920833176	1.52292390447179	0.0145331158082624	1.13743677461852	1.29756805788217	1.01792724681636	0.383295549349276	0.111466763700125	-0.339523062738028	2.52260646304355	-0.12479438464376	0.437730794128827	0.254010217404485	0.0221920300398097	1.16830004364601	2.50070475164851	-0.120911367007079	-0.880952744945461	-0.494323844330805	-0.0474919988939964	0.100037362623054	-0.490410628928635	-0.777159545720983	-0.0164169415806539	0.1003169577643	0.352030463165001	0.384048164130517	1.05509176455948	0.132365772797081	1.16171647777899	0.272661820080468	0.999558881910953	0.677816299508934	0.351056987828043	0.184109404363399	1.67381660736011	0.674383919738084	2.87906033115908	2.11969239847248	1.40787059654109	1.78814887519743	1.26349613276534	1.61229685583433	2.16144202412906	1.87258611067865	1.93100901521478	2.46247139350192	1.52852470666425	2.23924816297936	2.08513759896349	1.50743808247474	1.32120333250105	1.77886913497014	-1.67843135637901	-1.24043669044058	-0.300392579226565	-0.701153180852339	-1.74208527200731	1.19640736754963	0.168315092922029	0.212114092827009	0.264483993258606	0.796642651488935	0.0400950866082422	-0.187757169652554	-0.404403150166566	0.969106917086099	-1.08873786417	0.932286770574299	-0.638678629613167	1.06657680469187	-2.24085835844686	-0.598939310104187	-0.375193724109677	-2.26832109140528	-0.451429267007717	-2.31911178186743	-0.052410841352886	-1.76752747198809	-0.217488167806208	-1.39571881233664	-0.757019797070032	-1.71286291386801	-1.41331410351281	-2.34305449305782	0.200718502936663	-0.917566551746203	-1.32103135128402	-1.28541612788099
-0.88342215798307	-1.12969745684299	-0.161572991592817	0.948137438764956	1.67477680694173	1.43284157065084	1.19910895794912	-0.997891774096896	-0.944733632900275	-0.915725882779089	1.80698101495079	0.69311305576506	1.16419312856237	-0.00899789872389297	0.65858381802791	1.28055628882576	0.362269340253733	1.55336185803175	-1.74801519405589	-1.45540979006004	-2.7420948605632	-1.8167622733585	-1.83004920265192	-3.38066212048096	-2.24564047460185	-2.100546836651	-2.19866195490975	-1.32447643146518	-0.501105683417644	-0.547090622802512	0.135031199122935	0.535492273740188	0.655693694951926	1.0170836658022	-0.33692345460063	0.0306171668727879	-1.72619505020799	-2.29959230833764	-1.08341071566925	-1.66673432594063	-1.44760708071891	-2.04973008595132	-2.23628178234829	-1.83809498437408	-1.75700511182826	-0.37755973265068	-0.783920575123559	-1.38949078052954	-1.26768192909705	-1.99235513191447	-0.592750466751836	-1.80031798322624	-0.604359607229169	-0.962076022966762	-1.15703277085951	-0.753495954801441	0.0772827066291456	0.272777050111219	-0.342356456214298	0.949857862656177	0.114669316600147	1.45813001049622	1.39074221992945	1.24759341004489	1.02856865649729	0.154243945169426	-0.959361663236482	-0.236262257382871	-0.191604972409893	-0.210474314039255	0.617563146458656	0.518338945704255	-0.0502002532311637	0.50528327650742	0.35592317442297	-0.0641229647003258	-0.0511461225688068	-0.00726965186794192	-0.258688351329557	0.215700707931589	0.372175054445067	-0.046983843721508	0.0634993033444212	0.426274312750382	0.692359058014496	0.870425219908018	-0.231925778694096	0.817331181858535	0.419791480925589	0.359720147069183
1.07094151816556	0.163988800355423	-1.69042118542785	1.8500224984807	1.795354047418	0.789819482852492	1.02284402168161	1.4212525080509	1.55889500239752	1.95444481369796	-1.10897836070508	-0.705566034662159	-1.20944580880482	0.559562924087229	0.905138843847238	0.116207862002649	0.261544572473534	-2.10745142516968	-0.384655754971183	0.33043639089191	0.404368708919177	0.14767619492568	-0.189334868520323	0.95142042936561	0.313140137643982	-0.116868822600102	0.133613056472178	-0.193389516759611	0.624760145479242	0.866857910919655	0.257962310100225	-0.220057191730627	-1.02051056096465	-0.454179596972932	-0.029764994176104	-0.260907223042443	-1.0929461226081	-0.399361562375828	0.402779670253631	1.12341186298831	-0.534123406629296	-0.610628607980595	0.233380448849916	-0.964615211728772	0.190805940957762	0.978649416286968	-0.820571421735162	0.558492385276829	-0.123858890996599	-0.131927684605527	0.23780796775419	-1.09717864052422	1.89420640794078	0.337851127702826	0.644437083765587	1.26378256409738	1.77490839080556	-0.75242801501937	-0.865064541503912	0.0532965878209649	0.682144749865814	-0.682114088051253	0.296643635538539	0.449388909158079	-0.396303924285943	0.344803043475779	-0.0642988424072077	0.61507711188387	-1.19038302805429	1.73557863927355	0.515445723229644	-0.080095768289082	-0.386525584259963	-0.154132195389921	0.189472772791558	-0.976238004913607	0.499147980524744	0.446581021142614	-0.814403963808339	0.645264506172838	-0.0339905607401401	-0.788757296461165	-0.456741997335252	-0.204838720842583	-1.01060659721312	0.371451236904437	-1.99230215653528	-0.402204861327086	-0.535467987811923	-0.748762830242613
-0.461009661947049	-0.0731126967598818	0.658849547136931	0.391059733064035	0.604301185943257	0.482285159426002	1.01301956558802	0.409896600948051	1.07560462211958	1.04809461671812	0.924808465928674	-1.06703683624505	0.661174082242037	1.69395553722209	1.43696983966922	0.597306565845955	0.245274871165852	0.311377073862304	-0.0854660010272025	-0.552065985504602	-0.0263680333816941	-0.903533636479337	-1.03811848150157	0.0873400914264206	-0.381824264685777	-1.4039448998924	0.157627131598848	-1.28125494201861	0.235603587373451	-0.761097227018261	-0.569343066981389	-0.425416734004304	-0.795909607558725	-0.47654771182718	-0.512259444768899	0.211821218086103	-0.684829656040295	1.32453540896489	0.216712474971685	-0.414491158806428	-0.950574630090884	0.392938291298219	1.72162907663911	-0.265555325693771	0.105762349028621	0.826042173749437	0.618793081834217	0.217036922397294	1.32816146412852	-0.00572530610640139	-0.783390683105126	-0.983022715519141	-0.151211732908947	-1.08299543468288	1.48447367573957	0.0718839106163285	-0.483636068116687	0.032280820664763	1.35171065515778	-1.08311915664046	-0.572661322415919	-2.34304756007536	-1.85460650105823	-1.20080508610143	-0.227729120882951	-0.32743318696746	-0.310499197560365	0.469607824895716	1.33807933834172	0.988787970366755	0.166777635955192	0.72116258711404	-0.996305876414183	-1.0491520178491	-0.317584133100285	0.0411813905189032	-0.81241429122259	-1.05449660087337	-0.718382532314269	-1.30234466237945	-0.0411964819625579	-1.39353135139544	-0.656895909632934	-0.556730603307998	-0.508638449238756	-1.4479146192176	-1.11027247897775	-0.741354670188229	-0.948818178561716	-1.03137247832227
1.35293400105145	0.847937027372649	0.668027975875235	1.38674861824513	0.36965719266412	-0.113022123191364	-0.702277389184218	0.278051697159251	-0.542620283785981	0.170417949528027	1.89262250898199	0.956747303435917	1.26256743979931	0.687768692687711	-1.793885489364	0.456653044483751	1.18405518239136	0.646161882909609	0.247257713347881	-0.0823954462629837	1.24134616192411	1.541990236889	1.66528082350979	1.28867630652881	2.12312383006356	1.86702468835789	1.79408657057379	2.05091283525889	1.82957543527432	0.406998737109346	0.534086016135483	0.14552800286761	0.0271445911528154	0.749215892506673	1.35073055219476	0.349336214933826	0.485895003509412	1.75090238002959	-0.309803839063083	-0.420263077323561	0.942615428829893	0.51914734543326	0.845420302014127	0.464834848225692	0.344156630492961	-0.319241571860724	-0.252075579978768	-0.527411976643892	0.242169337289391	0.43193335402253	-1.12336213508879	1.48225795096786	0.286844369062353	-0.375259450142169	-0.511283083806416	-0.557319668183036	-0.808800630927281	-1.20766778734426	-1.06465023657924	0.209063045727224	-0.556977754324327	0.468156002426402	-0.273280839690516	-0.574484803475385	-0.475967890900983	-0.659113194423832	0.459557086788618	0.395810802768055	-1.2925371306542	-0.892123616161059	-0.903535238730185	0.0362335921887354	0.847452037901516	0.689721467970199	1.21286556809832	1.54884030396379	0.389068285844464	0.199595505638837	1.14880815394554	0.828554441227772	1.1987791549525	2.3240114925074	2.09205760228468	0.877473618173391	0.0687991570744214	0.513124027164683	2.01293017392619	-1.14021379484903	0.00172475996285152	0.490545327070218
0.583174290649286	0.757993363509547	0.951908470313073	-0.0579465426216197	0.864633758019724	-0.257663359100404	0.0389396204714627	-0.0530719476436906	0.306344372520687	0.252716177518891	-0.296067143081058	-0.245943452342424	-0.11883930518135	0.397203504807475	1.98539653617039	1.06706369146248	0.508939817160188	-0.0893532252516742	1.82347790192398	0.786385725410626	1.2643863524477	1.45566124638738	1.74829212994915	1.09801244287951	1.29518228335863	-0.00933376558512763	0.808443902734319	0.664789545927256	-1.11426714498429	-0.294398104016152	-1.21349286173143	-0.718892975160075	-1.00951735903164	-0.881511932491208	0.326329730800127	0.818189897361575	-1.58570740671519	-1.3626463732531	-1.69804625176866	-2.08364843241892	-2.09587550706054	-2.55128986361538	-0.870939878775977	-1.32756242036659	-2.21816334851206	-1.16420148949419	-1.07499684411691	-2.39813995760184	-1.18000046233246	-1.61991078172296	-1.51928448494656	-1.04624380461302	-1.14272116124013	-2.76425971507531	0.00190117997331248	-0.716975529872691	0.64065627547411	0.528843200014768	0.492953112918266	0.202180781401678	0.696281909034648	0.49654796628382	1.35775720244989	1.64271289428483	-0.199072396820168	0.200977177250769	-0.409089801578074	-0.245386950182379	-0.849179504956636	1.20104189556183	0.0527780226370423	1.34184719523665	-1.86743200697163	-0.887264561127435	-0.384458735358813	-1.3608928042295	-0.614945474302324	-1.36926492227545	-0.288808790967724	-0.235629998818819	0.0170183720004028	-1.33396939280239	-0.852696721890919	-1.12539732924252	-2.09911888022141	-1.16628096859657	-0.660730205811307	-0.67424256977608	-1.63428889965507	-0.729620507091155
-0.770988352130481	-1.2505863826212	-0.162467922733538	-1.46169378907272	-1.17633776051599	-1.25858259843032	-1.09226094160735	-0.458897624339835	-0.31422826086012	-2.26756122140461	1.00856265755717	-0.0773399227137472	0.0234419878967127	-1.46828563371321	0.50069336446043	-0.323394682511318	-1.18066645168733	0.611981200045128	1.74898173513637	-0.900498937746388	-0.0373182223857936	0.78249934274915	0.697201901688867	1.09431088520538	0.168651834203006	0.602724878105167	0.154055530001608	-0.555754410045597	-0.893493538652855	-1.81855354184442	-0.80983450841505	-0.0755246361907231	-0.361536409897212	0.696931408678483	0.97005691106326	1.13417779767006	-2.01805739749363	-0.703840789833921	-2.41604734135533	-1.46516664491075	-1.56624715463048	-1.27827150196819	-1.06683540776068	-1.74273279186215	-1.91990828988073	-2.11348371185681	-1.49960872177141	-1.85235171892068	-1.74417985009824	-2.03719279328214	-2.18474709284385	-2.02784885003981	-1.19166234913166	-1.43805856728047	1.34971064374633	-0.136261708630463	-1.41675997645905	-0.276898587159867	0.400590095472177	-0.917643294906531	-0.976305897989741	0.522284924529884	0.22794186563957	-0.0762724386645183	0.543948501399038	-1.92237865940333	-1.84552171872884	-1.52005530215095	-0.0138845460360238	-1.32542279225523	0.222101125984027	-0.834773727017354	0.803118695726869	0.706960495312935	0.827346195750398	-0.304945265299493	0.915713494613437	0.808945695976862	-0.0446969514195208	1.21877174659633	0.585924682365772	0.620678511255871	0.542060963724067	0.0371059911453174	0.214781801139465	1.04465020275013	0.725228236641532	0.016486902614487	-0.698905770097107	-0.712704034518788
1.34242475233066	1.07772505403194	0.332498389703528	1.1303140730774	-0.0118176373616632	-0.434942068281315	-0.141162509606152	0.742170390906577	0.932794751400576	0.0674368790377474	1.16741480350149	0.756185586089225	0.569031238814004	0.489316518229498	0.0743626012350994	-0.212727780251874	0.452572345001207	1.34595981734881	-0.579085388261858	0.765205039165438	0.439277882374941	-0.0390877584258818	-0.215796306211194	0.504852558485012	0.298443923342014	-0.0243761046932751	0.20205472116898	-0.158405184249243	0.528164616075648	-0.181598364961067	0.0389012510821063	-0.0123548815605831	0.0725631726337828	0.373418698084729	0.508118429981045	-0.353003422949317	-1.44872219602376	-0.165058933861016	-1.5771870155136	-0.949559756503446	-0.914542061086936	-0.191771821348047	-0.203935987141919	-0.855912686670986	-1.35629472597248	-1.05505788414284	-0.454987707598301	-1.15409947236737	-0.407595316273271	-1.38859441458394	-1.11172875991654	-1.90125215494476	-1.24303969411322	-1.28998119300986	0.665528279232704	-0.73840858418622	0.680590090642987	0.0989052272587964	0.502245901792632	-2.33188174823846	-0.505208384410445	-0.305462608460642	1.45581882054119	1.36408902985251	0.337034219749836	-0.254333143285771	-0.320735971340244	-1.0508489961757	0.473299779928668	1.25000848957244	-0.106407870887151	-0.609592022008297	-1.26267439648652	-0.968981284158286	-1.0653094711841	-1.42388512755519	-0.967746135772701	-1.02967789178884	-0.850971209011858	-1.43701183670491	-1.23889151801698	-1.1657354417467	-1.37425613495714	-1.47708856155496	-1.71236926846805	-1.55579541053353	-0.824932368790436	-0.766353288486794	-1.41956578546691	-1.72201728461893
1.87158559970597	0.82360210389185	-0.188591729720835	0.659467736339321	1.32290857117892	1.1529346212641	2.00551072058026	0.111765427735031	1.32564324121223	1.75036483221613	-1.17510169755373	0.879196459557793	0.660774493494676	1.20900245356807	1.72734851457512	0.145362100664591	-0.611166476112955	0.718572009671127	0.0535747140056671	0.113917987456482	-0.103749529997001	-0.622907518610088	-0.241804464143701	-0.718317656268833	-0.490289907473675	-1.51624886174419	-0.530616779021041	-0.642731052838609	-0.956205596244646	-1.07847535291899	-1.07071699566656	-0.670256287658834	-0.459415882533212	-0.480774272799474	-0.377870413809515	-0.125021669846716	2.72348240086557	0.965085705037157	1.18054332348712	0.565536582885836	1.5293480441868	2.114710771951	1.56201279876326	2.52685709899774	0.396636391403122	0.702855784776441	1.78907661303074	0.777272304960527	1.24806993917975	0.607339069218327	0.738244251673165	1.24628023738019	0.00673222500905176	0.534560049317888	0.49496380623115	-0.643704277948071	-0.757362064576575	-0.376961515733579	0.260695977013061	-1.26686517969499	-1.43075349056901	-1.58375043047185	-1.73195618932934	-1.76436183366711	-1.30799869186846	0.257009306746635	-0.295765154469223	-1.18243295793919	1.10772685928954	-0.52961035758178	-1.15618542706254	0.264620215774097	-1.11549466188637	-1.0299222582925	-0.518800671912802	-1.78545940327644	-0.192770868446844	-1.9242976386337	-1.12083819181693	-1.66375054089921	-0.620257477914808	-0.352153515980377	-1.4089441175185	-1.4125286729257	-0.291457968875472	-1.17233034702337	0.0126663758720473	-1.37405390166952	-1.17963073575154	-1.10086032001852
-0.0456145205217076	-0.818744179896648	0.530848247212188	-0.97787744999368	-0.836597851084916	-0.903898342678772	-0.800528581891895	1.10575148277249	0.929509535610485	-0.952935734445413	1.52136944408651	-0.764526768067666	0.46057376979932	0.112409145981766	1.49579694758232	0.743524361869382	-0.563216262293256	0.670104001945007	-0.225529286669991	0.131873115927879	0.230030468194283	1.01702127302281	0.563838766769762	0.853737171600967	0.635350635302453	1.0190424135156	-0.684896494395416	-1.14168347862982	-0.498771435653005	0.930022009075353	0.567714664761357	0.74189504002612	0.523636910670981	-0.0095720462526637	0.686606017823352	-0.427264867140812	0.326245719815897	0.47987772151605	1.75354002702835	1.73027298559457	-0.302578176999399	0.632280479482915	0.763823896413279	0.820153603724898	0.963474275250307	0.00920477457017531	-0.385173949332575	0.432950077908837	0.849061004736525	0.875425776231085	1.43814919539447	-0.117760372095564	-0.24165539995289	0.358355906576493	-0.573643247288869	-0.84725151305001	-2.90057882208266	-1.7947699189587	-0.636267957298294	-0.0834291152660732	-0.981840630648365	0.460659880852291	-0.782878925599467	-0.598453485260199	-1.05543152781456	-2.04252441917289	-0.976884222957464	-0.915497525356999	-0.0583685425489096	-1.72342951755614	-0.362512854551769	-0.0265115077184312	-0.344561044505701	-0.775367286642194	-0.673206680206703	-0.080596605219889	1.16986456929609	0.158719284272171	-0.749083134868245	0.599566857820772	-0.744861306190469	-0.88011395085398	-0.105738993060065	-0.998375716508572	-1.05940409818761	0.0793483396942113	-1.74059545983433	0.108337839752571	-1.24143153038451	-1.30656674797672
-0.448767673521858	0.719436498117141	0.68176482229981	2.35906533345155	2.50312686299632	1.75880297685223	1.53182592618986	0.731272068870169	0.519833288846102	0.511855024790442	0.0769668639298619	-1.33608294791385	-1.07819188000251	0.392384224451829	1.43229545487367	-2.3677636767211	-1.2331947245362	-1.13160712484747	0.31699925477641	0.609495672234071	0.936831322216701	0.137484186880041	-0.142873629045622	0.776248657124743	0.433977845263191	-1.24982341203728	-0.556136992726519	-0.802867939447439	-1.09491347921235	-0.453812410428009	-1.10374191255334	-1.31075672786257	-1.15614263469417	-0.224733406260806	-1.0482533986359	0.172034368920782	-1.19559575673804	-1.78009076486892	-1.31627779802144	-1.65386700038403	-1.2680811943729	-0.884118069927599	-2.65979179626445	-2.0269531703666	-1.37190947886023	-1.31758403677336	-0.919343048754895	-0.742006502252041	-1.50277203881605	-1.28565753635396	-1.46143755000011	-1.42400367863047	-1.97758623178988	-0.427966520959707	0.120366536496236	-0.708081261735461	-0.2521238899533	-0.557576563616104	0.918145905907477	-0.699369336237317	0.347710888907259	-1.55586184655204	-1.52497618904533	-0.0513511712238953	-0.766115554727344	-1.11565102431406	-1.54786759284542	-0.0355366276874034	0.638489940026385	-0.124953947645961	0.710636936786507	-0.640642305410113	-1.36989862890968	-1.11175404646601	-2.56067694915223	-1.63701820782465	-2.7485799788446	-1.63868055219465	-1.84210566625935	-2.53197469995353	-1.56964152766063	-1.75912622353898	-2.0776881158536	-2.12569058839198	-0.775735000994084	-1.10799790983671	-0.429415739799418	-1.24888540396018	-0.945924709073601	-1.41520879998833
-0.17917482680267	-0.67948339096566	-0.812115117311973	1.12151718339961	0.777422175637158	0.988565723821318	1.03004349051693	-0.681047438851273	-0.385345313936528	0.239575571172155	0.916829619561845	1.81778416057707	1.41589417434021	0.638822441680322	-0.509415202213048	0.963570113792601	1.25770155140754	1.77646942922284	1.36541361164775	0.169241481267014	0.579724313179751	-0.411108805436266	-0.748584885275512	1.06241983991501	-0.110486800251312	0.565244052034873	0.159112395967659	1.00583264765837	1.08912981737819	0.478275674761802	0.565019862699969	-0.186437302253068	-0.303033720536568	0.526337888482659	1.57133496045213	0.608541423935497	0.338185572342205	0.116161844504913	1.5762138326023	0.511364213242082	0.761270880826834	-0.205615962462449	1.509711201183	0.65238875264148	1.75667108234537	1.31011281352588	1.33556209124073	0.408904243201089	1.97536578199195	1.37824252779157	1.91225489939229	1.09713463192822	1.41573199478768	0.547149221987539	-2.22385427725127	0.683389901999599	-3.28135337025319	1.0339812164701	0.216888797415732	-0.897232657224717	-2.19475629863827	0.497258144930394	-0.0723939470591766	-1.55272178430353	-1.96921231291928	-1.83010978576387	-2.11322649184514	-2.89407474428357	-1.85258431808126	-1.58410084712842	-0.750283842029675	-1.55119692811216	0.759583281894486	-0.228895940831792	0.535907662572571	0.248753291925838	-0.11252583276594	0.157815345613322	0.858678243262928	-0.461675233865869	-0.532517800123519	-0.05614833560679	0.0442048310699302	-0.708192573037626	-0.235329492209633	-0.171721540786794	1.29035743525006	-1.36536984306014	1.14589916736038	0.423422143753782
2.65296032517392	1.4118128376182	0.88583589126267	0.608979098884117	-0.303469405263806	-0.258207460290685	-0.905302589669493	-0.403694211094805	-1.19291871633791	0.154850015815503	0.86268491998967	-0.440083542190962	-0.0685624144151141	0.700145356312887	-1.04477828539451	1.14164506100097	0.181937673804235	0.741878841928677	1.04657478803311	-1.05775864755072	-0.383021337476858	0.939453080495531	0.920104273680914	0.119440910499439	0.162360445546228	0.584544942442499	-0.0971223158526619	-0.436019987362616	-0.758133125613068	-0.793327549696698	-0.386724579955742	-0.519839406403762	-0.0537183641426695	0.538608557078711	0.107416360733524	0.36182565856899	-0.904740008864556	0.545630912955018	-0.203074792431398	1.54977660134333	-0.418507102259489	0.014781537011228	0.852860871435117	-0.549913972949411	1.10133840395489	0.0152931449704083	-0.357299054994894	0.754009017933824	0.200851790960862	0.978031302416342	-0.495513888422393	0.642205806029243	-0.138149084968898	-0.846277597040233	1.01672293244911	-0.239784825358266	0.809400793800249	-0.994820653369751	-0.884876379954088	-1.56907277730351	1.0044271594989	-1.48300655131611	-1.06371059450371	-0.564932115988742	-0.0780603037364277	0.46741371919896	1.05353523482273	0.272746829766079	0.199257530210787	0.439613619037163	-0.118268531304259	-0.00391298634139611	0.74068869361318	-0.994366760384773	0.265395934468283	1.68974769982099	1.00807479887247	0.389357827781844	0.134256661946876	-0.301028797582817	-0.608530594882001	0.019666105656909	0.128488136259285	0.512148528167226	0.970154050013053	-0.967349659139449	-0.261609466079049	0.258517585938682	-0.358466400045923	-0.470738589790077
-0.668224484640013	-1.49316083714543	-1.15674108169181	-1.05367663772038	-0.94741316961411	-1.09070515959222	-1.15387108708975	-0.676055155191182	-0.766589538540207	-0.626703865829245	0.989305209540418	-0.225977631681781	0.173228158320689	0.0155706358230766	-0.046321083808563	1.20718331047229	-0.199410147998739	0.250243676050504	-0.147949741054559	0.100752524559349	0.929881922315634	0.392826537556743	-0.285122835379615	-0.243386437900705	0.410686388395949	0.447364251815119	-0.734594382712291	-0.00986588494734438	-0.802838692570318	-0.737124975941106	0.518350234128203	-0.815499523120116	-0.212874221785553	1.29742623675767	1.15353143887353	0.0317822160421632	2.20598745717135	0.298985729604365	0.557213763875917	0.445788979307491	2.27046785951727	0.873997076785508	-0.482722486232552	0.684320847389073	0.613390429535822	0.0374414334827834	0.877047972474848	0.538268207541999	-0.0293285497885638	0.710417746562107	1.49244853184069	1.95928003357937	0.51686193327976	2.25733527982435	-0.101490254497455	-1.62517773112064	-0.804734063039796	-2.27360653454341	-0.906047428165756	-0.456272832640668	-0.20681274114568	-1.47809591364687	-2.9618297656186	-1.82119947152748	-2.68359065103504	-1.30806921003141	-0.140154256958072	-0.684766361070556	-0.81267988726914	-2.10523428781208	-1.59487733430376	0.530801663843053	1.63745669711494	0.551290837774986	-0.733526126213695	-0.0260292454383446	-0.526356621248817	1.72971845779776	0.728480183340494	-0.876149336247687	-1.32163741746692	-0.751576813690413	-0.829066932062381	0.32284867939969	0.0499577049866237	0.192585462916022	0.330016401952993	1.68942867061553	2.08043157205792	1.33324474599375
1.58918071814166	1.53837312530958	1.14339587152231	1.91733849202224	1.17022268436116	1.29819453348433	1.4653676743929	-0.951655838904835	-0.408235515597765	0.776664735284458	-0.600500302364623	-0.359830920917334	0.131344950989072	0.574896941300709	-0.0361145033114053	-0.505968610366787	-1.43234065456294	-0.0212789241089686	-0.662826263426106	-0.136187019262943	-0.605221923683693	-0.315214255617623	-0.203120031677794	-1.54290553595028	-0.512478895372534	0.214549398109041	-0.727810642011792	-0.221309362094178	-0.020333251217613	0.15696982608708	0.584586027009451	-0.258017832170378	0.282570679320811	0.283585962876108	-1.27695158376715	-0.178006503646898	1.64909656277923	0.0739481376187728	0.708292133462501	1.00950025298022	1.21614529740209	1.64577921371875	1.04436456255084	0.935310505521747	0.841421334690447	0.950879946891845	2.09383812932322	1.70131412254437	1.1518846348623	0.159233954671101	1.16994669452209	0.477344595668206	0.247896549103244	1.35514010714254	-1.19404327913922	-1.45600730962225	-1.22129385083067	-1.18626594186755	-1.02510201169975	-0.446006339155111	-0.773175392976685	-1.46664883425531	-1.19808763273077	-0.28397813501547	-1.91810394600972	-1.93878077355896	-1.81774775021874	-1.16563300320563	-1.46571803291699	0.24971743246128	-0.500403625379183	0.0705343292090008	-0.837154199263431	-1.9790357600158	-1.97827770589649	-0.912242109172559	-1.60772283757691	-0.517545023422129	-0.986197968272595	-2.02488656769287	-1.56625479347002	-2.14091450171456	-2.47575406003955	-1.50506301072596	-1.12012574032442	-2.01081213721183	-1.15679123465968	-1.10942055172537	-0.570071437228886	-0.99603382151512
0.556110008274322	0.893514169224772	0.743849459536411	-1.04485477104794	-0.496948350890861	-0.0732229360825234	0.0070178598135582	0.976096587027541	0.89384350677603	0.42753691393848	0.489716191653827	0.295149694268672	-0.13066558714315	0.493543754885818	0.473538568352157	0.246929846394615	0.540497032885749	0.617816318846703	0.24679724957586	0.130606374697707	-0.57996300901258	-1.00137671449495	-0.907057701469095	-0.992292932217378	-1.29071428347447	0.359539601891691	-0.191190288502341	0.389893024804837	1.57318845130429	0.919917093157844	1.65358186809548	1.32586793455428	0.613511667034033	-0.0857843645710499	1.05479056028277	0.859886508120853	-1.22812561024331	-0.46585411725347	0.686870576723729	0.892749309473029	-0.664285489206414	-0.913256064419707	1.15158917467391	-1.09283357624123	0.651829661912049	1.1339252324369	0.793376929527811	-0.0462532546111601	1.5914810850497	-0.707561309102574	0.29427260945143	-0.554378009722943	1.37236332437724	-0.542688119209515	-0.562281759271767	-1.35314144157498	-1.36768555724449	-0.937727340410663	-0.892589730458706	-0.232567461759602	-1.87790303566523	-0.810483131193695	0.104653703919981	0.0670006975162232	-1.30339333304336	-1.32819432271438	-1.83933842341757	-1.14893432248985	-1.17507249649047	-1.82624365557405	-1.34582277148216	-1.19451099269315	1.61323838843525	1.53691671077059	-0.929107251704216	-1.78322973318075	-0.151218792747018	0.555627040271882	1.11312606579144	-0.349054676885736	-1.07014074174996	-0.694491923446411	-0.455078909839166	-1.61340902360477	1.05869191808024	0.936191267180431	0.759565511680938	1.45989379230971	1.91487190958938	0.403304676195571
-1.1566577556838	-0.531491286649998	0.582862725117335	-0.469445353561298	-0.788851330976336	-0.574504386017713	-0.624980708160383	0.402838028816182	0.195848586523359	0.00679320437097691	0.795579477592369	0.959299402891709	0.480531346031097	0.667782254096618	-1.54903155321286	0.748503559060153	1.93151353382755	1.20670916248905	-0.020716060080138	1.53530562565497	1.50041366560934	1.57362544196094	1.63507488836447	0.706627239722398	1.69195323903398	1.74211439693269	0.934812659951565	1.12824476672873	0.229658889842901	1.02475519435488	1.48010877022762	0.933072794655679	0.516372790493962	1.17454027718896	0.613851916010794	0.65168146557168	0.480576079047115	0.825269009961601	-0.024863316977338	0.987726256592887	-0.167664577169926	0.536442264103231	-0.180750759711639	0.458498833604537	0.113785078709391	-0.644128554749715	-0.632798598773698	0.772795895988685	-0.838543290140185	-0.262323475465928	-0.858156426120963	-0.358057188996475	-0.230909139618418	0.121034209317148	-1.78093706186078	-1.824168985428	-0.884368493288709	-0.0587711779100954	-0.565062659249926	0.803963865276532	-0.551066323413913	-0.0737659261694048	-0.348856488409844	-0.323382959970441	-0.538626335564997	-1.01671421819015	-0.951452301981769	-0.0370983616734744	-1.12234399193026	-1.18000548060812	-0.0359682577352809	1.17649433767746	-0.411727249877263	-1.69650123492844	-1.37572953964694	0.0651267852452721	-0.842044324463887	0.753964321091777	-0.358838113303414	-0.592038483236015	-2.13629469897754	-1.36423922696274	-0.510123013635484	-0.672800655357594	-1.68870846029381	-1.09113781819131	-0.75068547264455	0.0354507501703608	-0.299204903696766	0.352760840825322
-0.655820418976776	-0.29227798338702	-0.263555117165063	0.839632206229623	0.676817999982113	-0.262713259417516	-0.134769556261258	-1.05930019586699	-0.735183186425784	0.443184345883599	0.37615050052681	-0.0663492776584776	0.0317769195725333	-0.037723621866861	0.731795970383917	-1.03765915769941	0.327581953987148	-1.05447345372605	-0.71589675024822	-0.261840948494583	-2.19643742880448	-1.86023276794397	-1.3652955689845	-2.32951012004759	-2.33098002721257	-2.03011086288245	-1.43933311675956	-0.185924645398948	-1.50825606021295	-1.19376420329061	-0.384821189319766	0.076991395670115	0.588453546097717	0.176777091728511	-0.0860429300948304	-0.838603694428326	0.516405202484711	1.43250891393144	0.127176893664143	0.294668252771849	0.229331979706042	0.779683909767625	1.25208085629343	-0.00972232324122516	0.334847862018303	-0.182487354503044	1.14579695233654	1.08026407518352	0.0972312748836369	0.346443343211256	-0.018489540846953	1.13186478762851	-0.771771483158177	-0.186627876941231	0.265228802566671	1.49704953164273	-0.648943262304123	0.0750714666552601	1.4427717186438	-0.0689498849110984	0.589794821192672	-0.273868674191984	-1.50085315268949	-1.10670328409564	-0.389887612036521	0.141574031243851	-0.670311018970602	-0.319027851055855	0.0109808189949104	-0.655716476353267	0.53993403471426	0.263427046756052	1.23823811061184	1.73864259298482	1.37497279447004	1.8433182040458	1.06692729604553	0.864374032593979	2.40813051219086	0.601321843050442	2.71239801674125	1.5691914565567	1.83637292656242	2.26173581245406	1.53605731627565	-0.296536168656251	1.22430323972889	1.05356393517967	1.03904234899188	0.491555519832277
0.298421099143307	1.0148576868344	1.36963186524046	1.07288239076546	0.566569358416661	0.698181622042769	1.65795326343511	-1.44704662034144	0.131430931290889	0.398964805058417	-1.38208407754427	0.653355016277418	0.141446456913398	-0.0228698058627153	-0.0875105179276871	-1.38284191062055	-0.0756960000999516	0.201740939171389	0.597662102696554	-0.687318214000225	0.294479487338014	-0.48207637106984	-0.502488759261811	1.1395843184434	-0.379621925111414	-1.19350256092393	0.0503996890593642	-1.7905280359135	-0.0194574547248859	-0.790029359510461	-1.15819202552259	-1.65411225527856	-1.97572683522731	-1.53727907510804	-1.23340160998431	-0.377225482911681	0.338895393483494	-0.565632560309647	0.663040066062181	-0.173145542227913	-0.12896912312412	-0.406487746913704	0.587098529426644	-0.0444204385392701	0.00791790619839081	0.393188095082261	0.689036183954428	0.190925126540823	0.646430315660614	0.296344076979795	0.229645143013463	-0.0340078475940862	1.17520249130606	0.268028156390408	0.855181708198597	0.127929342236273	-0.545922460723492	0.10090864901064	0.581221741404976	-0.636731854153393	-0.689650342989541	-0.234686980555818	0.756975470865744	0.0293320557082531	-0.235890314437813	0.242553064420048	0.702605318967994	-0.132770299268623	1.19921877740164	-0.654330570114984	0.442136451217078	-0.426876670682499	0.736616897282973	0.268639992573278	-0.454530066806172	1.33718290641234	-0.602773907367156	0.629894466228297	1.54115937828146	1.13936968952929	-0.367879496668318	1.12800858454327	-0.219644952250739	0.701733067286025	0.582561917043125	1.16324437255879	0.651282907102554	-0.913873995050513	1.76922934027936	2.76051003166285
-0.585981261517898	-0.493060907996633	1.11632589194312	0.302095846231134	-0.10430789750755	0.241209622445158	0.265393637248629	-0.745882878450797	-0.550866079975875	-0.444575363070113	1.89200389901833	0.659335574452141	1.42961586467107	0.68213338028002	-0.0738205638334055	1.64367763353215	1.41078231874072	1.29268331680108	3.12572838302113	0.308133774471342	0.610755836682921	-0.0887161684518961	0.353781021047574	-0.457087687209177	-0.519245122189369	0.578556748483179	0.447775261425839	1.44786221277246	1.36141886751879	-0.826731389371121	1.57547094144061	1.06862499550349	0.545199951333144	1.75401310349724	2.46520984601651	3.56927610402056	0.705524657520265	1.86478937787984	0.994069155878822	0.926771768028255	1.2949124314414	0.458608585841506	0.388057518377217	0.174391156521535	2.28224101499465	2.22490140419087	0.939084331368286	0.377037216563785	-0.192381259538167	1.92319207977833	0.0305996035862595	1.33256356629695	1.58258608721448	1.48680188783542	0.276798096983383	0.318521610684045	0.0771936544757726	-0.393982364532467	-0.48988452833218	1.41949030678881	0.46456462457026	1.01006116920069	0.826604602723274	1.44852431396528	0.127801985987095	-0.219653072410024	-0.873616143429241	-0.417864326809507	0.334277122336476	0.0254139062356994	0.817162679337299	-0.0357684685501512	-0.64077264152872	-1.02862507322709	-0.110041532832086	-1.5024008216161	0.436610092345396	0.637273884608905	-0.160042095012509	-0.470440500697909	0.190090715203725	-0.887021657376952	-0.482917978345427	0.601797280229925	-1.15093685813837	-1.1658505678497	-0.909957867930867	-0.311609865986314	-0.943595319741818	-0.781867314658708
1.13743166762802	0.974359135130826	1.34986717006995	0.99832083780398	1.82508411545747	2.02764788689222	1.6235911098769	1.19397271592488	0.703911210811588	1.53421559235536	1.65306896420713	-1.31363713160444	0.309682464697448	2.18231363371913	0.531649500352385	0.710723616026106	0.109319219005239	0.607676893734284	1.27359584348524	1.08367205158096	1.26456303944498	0.0557783177556975	0.225947981687259	0.881863344522667	0.235795561827179	-0.840686352385938	0.491017122830786	0.447802028478491	0.461280218159655	1.12043994166381	0.575646236309459	0.778714366196267	-0.0114413205447544	0.16870591868251	-0.00439343266099761	1.83072595378217	0.336417467958108	1.67615380201297	0.176301113413678	0.916090250227376	0.880716386626037	0.507835020238626	1.06888802164478	-0.149138681174411	0.48892005760572	0.847801593492014	0.174898863956089	0.58583060069923	0.631667319550682	-0.535477973770822	-0.228733548412076	0.261537589080911	1.36839958490779	0.348433520901067	-0.153801605533815	-0.812818028775525	0.68691898039792	1.36869785566808	-0.00158754065889571	-1.45725703697696	0.262308546076875	-0.858103988592782	0.343168725193791	0.426493995079762	1.05371475572619	0.586703084907858	0.590125597828064	0.172780854990493	-1.19389662686269	0.572128339838586	-1.22657938204088	-0.301086467835977	-0.0368418796258616	0.401323343389805	0.447758982811494	-0.409853819308511	-1.41467417177138	-1.08229541084475	-0.696000614624845	-0.570199981309238	-0.622891921920518	0.666897159149342	-0.37775381370591	-0.459154011768776	0.588117610443304	0.00185964696059256	1.37398636353764	0.233047627128196	0.137151920782677	-0.0259790591878237
0.358751651727292	-0.166600224221301	-0.330559429677409	0.209921900972856	-0.967289988518091	-1.56260629295888	-2.77903512526267	-1.21173701115714	-2.74348060546126	-0.356643363871318	0.889555220842213	0.113068592690107	-0.011600148171324	-0.0351385985926452	-1.65254143697513	0.325558915146856	-0.000857788963262204	0.565196453844414	0.546027689583213	-0.614236273711266	0.413182607237418	0.977044407830743	1.07612177297967	0.498003057493579	0.780672910109035	-0.0791434847586015	1.23209583321731	0.746146847037454	-0.339625326580048	-0.407138868732422	0.597933038438873	0.782558676902374	1.55712347016364	1.39625770457006	0.0245235589080574	0.909767699071865	-0.172541475756594	0.827566457639572	0.441614480777844	0.90204515825813	-0.127600150459187	-0.25318027183499	0.853778816023112	0.31258987225519	0.7663200096254	0.349478337340266	-0.666554987273782	0.122218944112687	0.0462457286514457	0.629360706611853	-0.544675965275172	0.832718344205398	0.793953849293204	-0.784013329696157	0.729333791420061	-0.516575718136154	-0.952787118895677	-1.61470939387946	-0.187043560918285	-0.757035501217472	-1.02308710514285	-1.08223042934146	-2.18730228165843	-1.90514688613362	-2.0846812009989	-1.07005720722642	-1.26113850997491	-2.38619102434537	-0.0554400646826054	-1.75954567317092	-1.71267554731899	-0.616191861968781	0.003286856190143	-1.04162845265598	-1.51199410556939	-0.748933892528595	-0.964151833050889	0.570366346915691	-0.968933286953611	-1.24975441017324	-1.86372257576184	-1.2563218133313	-1.15590943316074	-0.895708077350095	-0.502556543868597	-0.476433296728228	-0.422849855882155	-0.243673455341342	0.00363555406622995	-0.280043353370386
-1.05889891541565	-0.28986220786811	0.29001593789257	0.572475034409991	0.211728424232032	-0.0134210845636565	0.32600536587768	-0.666771557136643	-0.111931518784228	-1.70921110517124	0.711653770043009	0.0761727594140268	0.511373702258262	-1.25257261242494	0.170375722299768	0.453455336890214	0.389948672678101	0.00885288574959533	0.555122920026873	1.05332194181044	1.0626903164303	1.76351120812525	1.85199259193288	0.729891573937626	1.1020457464701	1.23972819548084	0.684606343615407	0.383031184852145	-0.451850815545713	-0.288379695283652	0.421773959923534	0.827566548517505	0.218153303114676	0.12589659271448	1.58087830145556	0.750401248690211	-0.284658625068435	-0.0660861652822005	0.0888156198902268	-0.86473336304261	0.0698706354146896	-0.305197972756778	1.35589630846258	0.0121556720783549	0.093418782952508	1.25302545766073	1.47514352922914	0.288188620075973	1.37807289170972	0.256048774495475	0.640155460129835	0.699889182057604	0.974258484972571	-0.19606618138186	-0.382671996249525	-0.536611004525015	0.335973923124258	1.4423146971867	1.6684663465663	-0.624299502849618	0.873539867057538	-1.73862720322598	-1.36405644421962	-0.127428856429783	-0.183074699182832	1.16202810494172	0.242269383699809	0.526807888691121	0.659141679639123	1.78228267193186	-0.429279503695751	1.18987554848726	-1.11536168480835	-0.12546446360672	0.529645095085239	-1.55892077360563	0.170818108066093	-1.30410900409157	0.689070586092914	0.484251919164712	-0.22660041151421	-1.23052481744874	0.448869159678213	-1.2910595584888	-2.28701700725762	-0.664719659135971	-0.0355893280474474	0.117588931296246	-1.30479993421331	-0.478275662540692
0.372121138199997	-0.209318937904887	-0.66918180596028	0.168399374058059	-0.0993151768594451	0.0142306874673809	0.503248521633823	1.6918312383911	2.01571659881116	-0.716084094615723	-1.71136724233243	0.590770826599971	-0.43572525239182	-0.924387892662038	1.98028175996836	-1.11245127458435	-1.21524703995297	0.167489516186343	-1.33653669835113	-0.935031315664166	-0.682971402695892	0.0826377839338538	0.531043972882275	-0.851867019094058	-0.621618524607496	0.0678660769337908	-0.671734147455025	-1.28346114072892	-0.844307685072149	-1.16385745833475	-0.474130033533698	0.159612837007437	0.0681560998936914	-0.385161945783018	-1.00648563122257	-0.650099430075648	0.195272052137699	-0.287130670426809	0.415279183244718	0.910620245246593	-0.0567670488977831	0.726595117692482	0.217849257373022	0.443406847114803	0.309923611272979	-0.501772327433881	0.402199983456681	0.817742354848246	-0.512150845273886	0.497355354148828	-0.616734759337164	0.512706187317601	-0.0973670750258083	-0.00301942105512275	1.46430605923283	0.575958180766791	1.25421669095096	-0.227509989517605	0.00732016248142581	1.24281590448903	0.611857152688523	-0.415150828609637	-0.57489218185859	0.301805185629296	0.907675794847162	-1.58137135227887	-1.58204546659059	1.28715859117927	-0.430618956623232	-0.161002989368551	1.52788301473611	-0.324791846220173	0.281119607870457	0.968745198464339	0.509947622023277	1.09085138887219	0.702256834923361	-0.0464997844034823	1.45618487518208	0.505769715210396	0.691806533460477	1.48334721155787	1.52294733611191	0.846369079818172	1.29079921864916	0.773180990476093	1.96886506211463	0.46781646156109	0.657878503356682	1.6200904624753
0.912670327725222	1.09276542516071	0.294527215308459	0.186231990137318	1.32114758005802	1.05957080185835	0.540174026247803	-0.5702411796276	-1.00631660958414	0.64362906968719	-0.173269272858118	-1.31896712414986	-1.86205841084145	0.0396922865647696	0.431629678276047	-1.34519777737891	-1.07739619946077	-0.704544637863797	-0.106902638476214	0.512625334276634	0.717477584319471	1.15525669380225	0.680276033234854	0.437339194966034	0.775450750248709	1.16726480999143	-0.905184401276386	0.354911828166136	-1.01198120392859	-0.66027345158743	-1.06552528088176	-1.79321236272814	-0.318867817696474	-0.764970022128282	-0.535435299465081	-1.32234351508126	0.704176125697763	0.204402353226029	0.303571476055097	-0.136113092447339	0.491913427846818	0.935421855633473	-0.773695342058689	1.10013361842885	0.181022474940738	-1.07405500382144	-0.0614105551270414	-0.475511363290306	-0.693579742198816	0.887876356464254	0.460990899697785	0.376448494557266	-1.36682342206186	0.801685336940986	-1.18348714345147	-0.246827394835251	-0.373313120656124	-1.30544026203638	0.996272768354581	1.85784874661334	2.16143535804092	1.24355166755626	-0.729926322420641	0.258588200587471	-1.28646781939126	-1.08399769232327	-1.53619924525485	0.346496925437471	0.0255652462930828	-1.31723062736264	2.54260453727423	1.02268690539814	0.760107698643399	2.99974977637563	1.69037527683526	1.82404284425274	1.19568437351258	0.207532388260976	2.19598313457721	0.96296337997397	2.00876096313476	2.06314072922325	2.50824664211234	1.59487859345369	2.18126399118372	1.50436523077423	1.74670079962955	1.62329638872213	2.15153238391332	1.96879639808189
0.352957412693404	1.26757287834594	0.701093498289584	0.368240541440336	-0.14301962374658	-0.315310651232117	-0.326195135785195	-0.920478178077692	-0.806099378342004	-0.288387526645512	-0.969589728021296	-0.137540419197524	-0.476184446474698	-0.768645363332639	-0.883087479427216	-0.606754762099033	-0.0437420046228581	-0.475414917731801	-1.31120892575401	-0.521993389667832	-1.1363108115676	-1.27040708890686	-0.845327667924071	-1.51298692194597	-1.09272221328114	-1.27475321442127	0.45417659750928	-0.693143091513979	0.298929620837113	-1.23398100452251	0.0988259502855443	-1.33464072685937	-1.29079512508348	0.00332359848713558	-1.78817212129348	-1.13208489525376	-0.553168616957744	0.812932253790627	0.400405759910591	-0.640844819355032	-0.398670971525008	-0.841219577374801	-0.229627824527028	-0.961309383163921	0.404045793735794	0.84706968862534	0.37175251117227	-0.593240770953011	0.270706083019826	0.230272079842729	0.090985125559305	0.18592048723028	0.327097217461074	0.456502015698151	-1.02555719572081	-0.222271729559298	0.554778206465442	-0.120324471226338	-0.746400508818101	0.2644055793697	-0.314940667923006	-1.08054301735437	-0.498831574510663	0.0719599356918536	-0.109985113238035	-1.90625606792508	-2.67511672298731	-0.212769023386397	-2.69342296017314	-0.27197241648622	0.241043890295979	-1.22110141342641	0.855435476097788	0.236500467040989	1.54721378906969	0.80148713485633	1.69730980067338	0.576952461811702	0.364581434123497	1.10873598950669	0.159861570455932	0.531731325424473	0.569647127419135	0.507617048094016	0.164216146531895	-0.138331561927839	-0.643049375626354	0.232152191324815	0.154787482061683	-0.370602836484893
-1.46087793408369	-1.08546267264323	0.258060179540011	-1.66339988831286	-0.485548093118576	0.333971806677463	0.915774334612562	0.627525431905471	1.30157433014461	0.527927567917797	0.149145632137343	1.55111647191081	1.5882152349849	1.06321834968894	1.7745729922921	2.71152697370285	1.42443500359071	2.15871692770231	0.415484483403132	2.08340008956034	2.4795466232592	1.97873657437547	1.48735547990125	1.82555090554953	2.0361654535294	1.22706925453442	0.586278590539679	0.00756513609993931	-1.08632254825162	0.77953975970397	-0.0356343852856407	0.107200259788734	0.136610181436052	-0.202101491465067	1.61473361268468	-0.0776138320464775	-0.323257602411408	0.647735167222978	-1.98971320390635	0.179327366538371	-0.416059210434662	-0.0832821637900943	-0.771101383434914	-0.219472260302001	-1.34788341396155	-2.42283050585801	-2.79116235053691	-1.53229409144741	-2.17637419003063	-1.64507456462786	-1.85279707244566	-0.74901994027315	-1.75411038314043	-1.51507246271747	0.0053910469567221	0.568020397070377	-0.55965797426149	0.358363392018557	0.337724834980669	0.301371309920367	1.56281179348467	1.3855782797515	0.684185417354587	0.68754535848048	1.12107684048185	1.83874387121531	3.21591605719615	1.28326432102135	1.54404239214384	0.819571421446852	0.136923017452655	1.09081929059496	1.36470339538773	0.400052936098002	1.03522282996819	0.474833159117215	0.910759382779925	1.56927703634399	-0.415609595644306	0.73548923053311	-0.195822950620762	-1.00538050372398	-0.227126243274303	-0.47016882774413	-0.325877465765952	1.03556267873399	-0.880733163023346	0.345311849242886	0.552277056831113	-0.349769849204032
-0.465208380673007	-0.925073829981765	-0.923688259196059	-2.43170217242776	-0.69928100755555	0.492795648941173	0.122029426433116	0.439019751026269	-0.0570393785886064	0.134236657398574	-1.93160388304211	0.988928452783845	0.508616316924843	0.148993390381633	0.825909128358264	0.198880404546101	-1.04936400995485	1.35584020545102	1.26126279401245	-0.587572611240869	2.00537123270663	2.55702412180269	2.17518029339977	2.15145237349748	2.81106860343303	2.21213420692917	1.29120458332641	2.23753569676187	2.13881356498404	0.0634477125620506	0.685689537666134	-0.465800341185354	1.37702833974291	2.07197936163101	0.29724143227489	1.56011712786293	-0.113350758307465	-0.140156467609186	-2.2167874699596	-0.786681231770911	-0.456652650418485	-0.1990018138027	0.571134082395522	-0.700002924459383	-2.08298865983031	-1.09717644399993	-0.0848670608248417	-0.664398624066178	-0.961898193263379	-1.95991541844371	-1.17229497690708	-1.30723700030763	-0.824641180191138	-1.44332558134128	1.00776349484214	1.65224980907118	-1.38054157815543	0.969533677609829	1.71236994128318	-1.73025955811511	-1.86984103411362	-1.43044878817227	-0.641736166725748	-0.892808345563876	2.81719161578337	0.218366164449522	-0.31326087571691	0.776230775106263	1.79092844985898	0.972837209452902	0.824860503418677	-1.58092106322678	1.9878862880278	2.30613771933431	1.57740274998202	0.177024764629683	0.125763833777315	0.906561418123735	1.22440584474415	-0.105597813858838	-0.748832520957968	0.639796148171591	1.02212519827177	0.443550961575562	1.14791718781274	1.00911843056989	2.49445329295481	2.42189642203951	2.09552281926095	1.56443575660328
0.929427738688324	1.61852420662534	1.43834204700775	0.845212534840727	-0.645874426938711	-1.74126112370375	-2.0249362147716	0.67956977843959	-0.0177534164160893	1.13277261394411	0.0774442012175595	1.24233284449012	1.05644027206128	1.04663691996382	0.18071486621239	-0.165102702086639	0.765789100614741	0.95538981884859	1.31584771342129	0.881671800323894	0.168794067351707	0.0539930181935129	0.256085945642778	0.0580314945299963	-0.0436561521943193	0.567527067860223	-0.125841510985751	0.393970456438008	0.109826094625412	0.593784658974796	0.326308685816611	0.51339206003205	0.467758215918555	0.326362254268964	0.0463855029368338	1.01600858561567	-0.130720248336864	-0.630014307033702	-1.54766496824517	-1.59984574155896	-1.25148910298032	-1.41160484260603	-1.88727793317622	-1.14286280707138	-1.76396379374659	-1.64531028693317	-0.954034516031937	-2.01151745850776	-2.09443603422829	-1.50873210738956	-1.56109590468351	-0.855014182538694	-2.0548048980501	-1.06734149729388	-0.41045252721036	-0.402780915370762	0.518753845894009	-0.260199147740057	0.454031124116418	-0.392504307496895	0.6885773703012	-0.613437265929428	-1.27746267527792	-1.02269911179355	-1.11090495558194	1.70870171401751	1.16565028998753	-0.139260494482984	1.2078400332455	-0.761877488027467	-0.636254305061631	0.550918698736208	0.376353269349815	0.734636177216883	1.0310857809561	0.455126361452108	-0.359029645606744	-0.405941545360295	1.78553624676662	0.286687617732634	-0.011016106312791	0.275198823902673	0.672742207583672	0.143880991607668	-0.574131337357673	-0.362585781408972	1.18329671008377	-0.29868934504949	0.403374160062403	0.627420104594207
-0.333703516645448	-0.152640668687119	1.01494309583771	0.397654934699432	0.365941848803939	0.439041117832319	-1.08636286274497	-0.766458728070671	-2.53393608891841	0.0494310333104002	0.340258787172299	2.06303656725226	1.72541744651372	0.439354417663351	-2.12726944796724	1.86026864880824	2.32159754778734	1.592323103066	-1.08063913975977	-1.86995654533	-2.10601565632221	-2.40801662655291	-2.40781148715782	-1.22913424582094	-2.31055989121086	-1.56069110272986	-0.508519052331523	-0.842626427895725	0.405463386793814	0.213765024009044	-0.345390725745545	0.794112471166331	-0.41027956282272	-1.52381724764057	-0.844467400327672	-0.371531613334501	-0.532130636676582	0.179185266357584	-1.27372551306059	-0.49889070550321	-0.870478728964469	-0.270948366814644	-1.34694810249354	-0.591123016329962	-1.0978893127116	-1.21094711719651	-1.52624493745534	-0.550820663599465	-1.63488417411118	-0.427451335782992	-1.63313887193102	-0.559084619542183	-1.6824651305709	-1.17949633870652	-1.17972377807174	-1.27639019203587	0.0586668038484194	0.452832329430954	0.933041735004653	-0.311933374810322	-0.619517558105013	-1.6177678151147	-0.738362529002844	-0.354556768435787	-0.890397223088401	0.631781060176632	-0.38900210487557	-0.636421974368486	0.416788177083981	-0.644616167126962	-0.312715910108967	-0.47070366890156	0.312040311033624	-0.850548037049137	-1.20467857099107	-0.192835844998218	0.0456143156349023	0.652469986729122	-0.0889767276746061	-0.0541789879940328	-0.946646156615462	-1.54599224976536	-0.366906929339736	-0.725957480399984	-0.608601128245666	-0.0196509406992489	-0.946119553275461	0.586093820661177	0.269626406487971	0.265952726746477
-0.293114644107955	-0.460311825358526	-0.00129902471236078	-0.440393970455658	-1.21013376452291	-0.27684130817071	-0.218429907809894	0.943931615177021	0.814884434513282	-0.205058824348333	0.470473567865143	-0.367151249168094	-0.00523556679234035	0.254704275723301	-0.512720251893459	0.519736776275303	0.188300756118033	-0.281506574073389	0.944637419125297	0.941055738468422	0.854387519430828	0.265403254497105	0.378959140011352	0.916644147843629	0.866206655654777	1.0175925047863	1.61871653715988	2.33601160774272	2.48708151224684	0.475950093725479	1.05990162068915	-0.0520255177624617	1.03794772490413	0.774017334757299	0.0581280995557855	0.59073924870915	-0.470799744982523	-1.38543104724984	-0.970701894041119	-0.234979832369134	-0.0169488635723244	-1.07458284893827	-0.100147697513031	-0.0441761720126154	-0.269314182167589	-0.135711733689368	-1.07929350551149	-0.311351832742662	-0.130331783234002	-0.0868176107308459	0.494951857629836	-0.583902243483006	1.23489749927536	0.0216616697117285	-0.390792689441724	0.0877639637308956	-1.3848604847277	-1.39848226110378	-1.53908336986022	-0.249114192144795	-1.31295029214941	-1.13790187798298	-1.54460944193482	-1.61327003833042	-0.55964603587372	0.177645104289233	1.37371992320428	1.20004990119117	-0.362733395812461	-1.44592382125276	-1.23851676596258	-0.621219754391795	-0.231009242972494	-0.130582630233243	-0.96172902002174	-1.4344195478513	-1.07765600396366	0.768404677730667	0.163805441920717	-1.13572845939721	-0.704718440187293	-1.21013530410385	-1.72285164467727	-0.0145694504446691	-0.270947483905974	-1.0651087980305	-0.106229285463453	0.371941498359545	1.09168104015748	0.0151976544893322
-0.17844089728548	-0.537095579910859	-1.52784567948282	-1.13201165942493	-1.32996501576455	-0.701407016788659	-0.73983390100755	0.669000279589038	0.414050888009223	1.34650733006708	-1.03452541935232	0.620417750378201	-0.0450304370493304	0.291033978619877	-0.34114381033111	-1.36268907167889	-0.503260197190437	-0.345595732718172	-1.10480983930475	-0.378652231633991	-0.728279783754048	-0.130627287584577	0.197664160443941	0.18965618876855	0.160523150591738	0.736996449541248	1.37195386990542	0.750546273094213	1.38310936482987	2.18666986565863	1.35441901893889	1.31875827610978	0.876529436410516	-0.598871128218424	-0.72126456087746	-1.14354710269837	-0.517450026443589	-0.453537305554452	-1.41261467096102	-1.14654135023261	-1.15187787419399	-1.30209662090619	-1.51392799087888	-1.03490937393833	-1.54812634161029	0.0512678885198941	0.00875886866720021	-1.2049081372233	-1.76959365107206	-0.528934753860531	-0.970625235100239	-0.996870784417283	-0.780538869830227	-0.565199600257574	0.652832239697728	-0.529239798355066	0.679832855599293	0.816276205566856	0.807429852796372	-1.08335419610463	-0.21416500155415	-0.42263805237103	-0.561344210376845	-0.438550584971552	-0.51059448635226	-0.181633219080829	0.525361806641757	-0.676572148235563	0.675936889270112	-1.2861945915727	-0.435812733201868	-1.0504453851614	0.0654892473222757	-0.276096661573986	-0.107299963834198	-0.823254868019795	-0.424371626274356	-0.445478574098084	-0.489146594769123	-0.399180392324739	-0.100261136638728	0.429371978541413	-0.556049819831227	-0.375154168743777	0.398128407199492	-0.15586903530257	0.475502113257968	-0.822390985651293	-0.290384636526536	-0.619320210141411
0.973941090047933	1.20506825461117	1.91351832728282	1.2253243089643	1.35154499651511	1.21946243249749	2.08337754301024	-0.0630291600208587	1.20504090841086	-1.91158135960149	1.9010595354944	-0.580878243951112	0.383358648684417	-0.334566355018423	1.95848920032032	1.67750992569034	0.815860842404275	0.796363532025078	0.0637128488440223	2.23547960147646	0.914335381815858	0.95089320459181	0.537795131903222	1.57115181925361	1.69202259109312	1.89817829472206	0.464487428268242	0.224904523812958	1.19733305065779	2.30647648707616	1.68003973557999	1.04132944473228	1.20577994109112	1.86474996714806	2.05666309923365	-0.581461564418919	-1.54712798047903	-1.38744474729952	-0.646601244331837	-1.5941387021741	-0.980095143983084	-1.06765887849497	-0.587097845200474	-1.15818841056464	-1.00832744068519	-0.179433098199921	0.45134438371524	-1.0809881052063	0.331080707417397	-0.891694881477164	-0.544783655735299	-0.573254959728154	-0.526441260599309	-1.06756191962599	1.92535512242955	0.31734973591366	0.328072917547835	0.593859998805027	0.776451260916643	0.231540167758239	1.2918338883507	1.06434963489116	0.150257594800755	-0.301795901692214	-0.0476046184435545	0.566105953041584	0.441939613770959	-0.676111407397838	0.598897925240232	1.08875992039107	-0.749594344079739	1.98183436316318	-0.139960638642409	0.185227742818922	-0.505213905788249	0.767124592645593	-1.3085861632477	-0.806818606943503	-0.712067601481469	0.000564590687291272	-0.918717890919382	0.346069615882258	0.172313214148745	-0.227936243409916	0.642700263147967	0.536496401798284	0.522835019121489	0.654734955950612	-0.332449481052464	0.443835935783059
-2.00006755885676	-1.89840215248535	-1.79568750721186	0.807811776222336	1.30667877419947	1.762664705274	2.13735827908317	-0.625317269167207	0.181673207883084	-0.504815124245806	-0.154869453703784	-0.683227691081656	-1.37653618800185	-1.01020808729407	0.960234972970566	-0.794585293740265	-0.878149808909509	-0.515498044315613	-0.598514804988193	0.0787214387496265	-0.550648264004303	-0.40919162473223	0.170779804618035	-0.780533236926347	-0.432494515270697	-1.13724871519	-1.00236704605374	-0.448726183636142	-0.985632848870429	-1.05297232132979	-1.47149476768571	0.114910096063844	-0.64240304471332	-0.274382097866967	-0.35148730365025	0.30996061198868	0.346717590184975	0.0497812692719346	1.2469812382107	1.23336004183273	0.272007319884313	0.52492385650612	0.724274840627455	0.772299926021236	1.06931235912695	0.468974577721997	-0.326150651040752	1.23894849074517	0.219875679914566	1.09340118150766	0.470383892759502	0.665127333495439	1.08813683551605	0.452281154081703	-0.602261976970104	0.0983653840163778	-0.0486999796592522	-1.14066858096818	-2.12142527491921	-0.287309813648301	-0.773391292453335	-0.344008706202693	-0.218090843937987	-0.623445870209549	1.15301857509752	0.036691232769521	0.937542791278848	1.19093266863982	-1.01416411115335	0.906041242130144	-1.80978273566577	-0.70264481122435	-0.50976549859297	-0.406631468332617	0.205668225886028	-0.681062340577523	0.411706778463161	-0.907820580970346	-0.737478522574496	-0.574899647557064	-0.667439281919471	-1.09668750277935	-0.286985457646739	-1.57405093598351	-0.199129182349715	-0.123121852280735	0.119757601997956	0.128390515070087	-0.574119298691166	-0.541652400164472
0.168562739387108	0.053483125491874	-1.01086975653815	2.09163610614077	1.27740826111361	0.731112467043056	1.00813731569787	-1.41305638925843	-0.713581013219279	0.278896177626343	0.707973394883914	0.60064268802734	0.390891042101855	-0.248187898575248	-0.492616021701367	-0.133055781793596	0.85013327489342	-0.309417310234608	-0.539275476003393	0.345988795464909	0.953325152876548	0.817039568101792	1.01819446348847	0.233135393535852	0.780498214427922	0.0823863403722648	0.552296506187688	-0.216941312145583	0.4336159893923	-0.490022523222316	0.0466262122605285	-0.596058630829972	-0.828343628889903	-0.204067985945323	-0.623093507585173	0.0669637440847151	0.240939738660502	0.394484897578663	0.583351248397588	0.774335994750793	0.808235721775049	-0.0674546925034669	-0.861862806167754	-0.116624544029538	0.984318867820473	-0.404205158764566	-0.645074981557573	-0.141683185648918	-0.556450333263894	0.328796942973974	0.377055858940967	0.974676032125815	0.355964590332987	1.16885799527187	0.665112079925015	0.250962371177671	2.08717470602397	0.993524266026863	-1.27193542754946	1.18348251858817	-0.24059731416467	-0.133380699720507	0.744021259046898	0.436468870905602	0.792040176195262	0.709369481614142	1.52583928825345	1.56821131422871	0.424456859759332	1.12983238240281	-0.159151513749514	-0.274450891649908	0.628953178323033	-0.258773770061027	-1.15646873417943	-1.62052065473443	-0.483434520225509	0.124348855196151	-0.366620676853656	-1.16235944419036	-2.32562524639634	-0.752177790348615	-1.62781709029639	-1.88394932846428	-1.06552388060291	-0.634500682600114	1.15703839425073	0.484768827134357	0.0177457331181672	-0.310950819808259
-0.209688310465709	-0.527971798201136	-0.0918130843537208	-0.912777534237775	-0.957907487278663	-0.447094397509661	-0.56958129620041	1.05251348745197	0.650966137739972	-2.21424548946292	0.243440456445452	-2.20012133263527	-0.252643771800091	-1.59831532007731	-0.153824502248747	-0.926035372293789	-2.65053660484965	-1.43390267099736	-0.603700385936601	0.21374332772152	-1.43866792861335	-2.62111718030808	-2.440012166829	-1.537121052062	-2.00998035383688	-2.61417999772785	-0.500367932339322	-0.0939368724490021	-0.420070304082006	0.65876545455881	-0.191087969245513	-0.84492929431652	-0.489996304855203	-0.72797293053937	-0.334236182868637	-1.71739713207749	1.1127034163862	0.850193294261374	0.892674179727364	0.862268175571433	0.820881596798568	1.99146918363955	0.718862673773568	1.73388045527374	0.886334184002174	-0.422443279296599	0.712962794704003	1.51298422756854	1.21173477256036	-0.0411687596904568	0.0958966814221624	1.17166052613661	-0.721113645862088	0.506995515507617	0.93129725234791	0.714108212519723	1.33402699355832	0.349779358421238	0.809400352237447	0.773804236218694	1.28725821232282	-0.821475369425998	-0.595566799118524	0.455020582750938	-0.093742503021735	1.75669321845676	0.449390907774391	1.26584604254857	0.967390343157605	1.58305886600483	1.17341603601675	2.00355883300303	0.349957041700786	-0.179848962954429	0.478889705586001	-0.347631749451737	-0.464661793487038	-0.317683235423878	-0.0895135266968723	-0.472138903394573	0.152590562460146	-0.79850111964933	-0.00917449361800176	-0.22917879175451	-0.677860879462915	-1.05766648842377	0.426951662186935	0.189946884115223	-0.865914445711226	-1.20285060232155
-1.2193489853601	-0.729694427708578	-0.201945241398577	0.424135257733722	1.00715851566192	0.740220222358653	0.531952598477767	1.3630299567173	0.938473917364616	0.723479504247618	0.839810683083601	-0.403302542452828	-0.230276467145765	1.01938210123612	0.393021964853734	1.26011760569614	1.66213921711996	-0.226090116337684	-0.404632841023849	-1.46767762735863	-2.41379841918851	-1.5260422778598	-1.32401660883855	-1.20143732406061	-2.33955849838869	-1.05738914511164	-1.94649979362975	-3.15655988750831	-1.30723458405183	-0.603172349164501	-0.423345064088718	0.848552432293565	-0.597427104614233	-0.579332907357278	-0.19285844425235	-0.234378512050344	-0.414062527639677	-0.11751559595492	0.0640624983994281	1.30682683473619	0.227317412203418	0.529349282616288	-0.0666216641357287	-0.0504661365071362	0.320394868686807	1.62797123428785	0.219654820384156	1.08420206469087	0.880047225046754	0.724359191023579	0.418707151353937	-0.491819188223564	1.30852863553202	0.717356205932052	2.00610762001764	2.00237913158346	1.24633432170964	-0.718742509554495	0.37720231340128	-0.925398572348157	0.152601249274529	-0.900420640644948	-1.04166570567604	-0.241974879718014	-1.21495264693468	-0.410320711830496	-0.361377022356629	-1.26858329826625	0.401390611711521	-0.22572989575293	0.922979454951251	-1.20910726569544	-0.910136258906074	-0.873553020814819	-0.699132372720754	-0.157530136218874	-0.0851332919236369	-0.539757635640315	-0.395440136347525	-0.247050719061716	-0.166825713242531	0.336028361259151	0.0306928195942019	-0.35949185706646	-0.497315550471352	-1.18928115915912	-0.336319426572399	-0.912656270347889	-1.13505256735113	-0.817670365293434
-0.96978450875562	-0.642980156444149	0.166282700686243	-0.107971595022476	-0.311367769611639	0.00240380790534133	0.0757548960985433	-0.27407200378017	-0.130030274937397	-0.65860677371633	2.83079518903238	-1.43007846399048	0.146072807002482	0.460587459952888	-0.618097753239451	1.78243285685028	1.10957280734409	-0.283322870734792	-0.482143237556721	0.739285654009531	0.246285425842784	-0.0637970900722304	0.0258920225886849	-0.204932917378963	0.0665339854200951	0.472004107654958	0.217322691322812	0.714035359171687	0.397376578565454	-0.395046518709668	-0.180117507002184	0.200790287509376	0.383428082055189	-0.271081767567912	0.476963083034041	-0.31393948503273	-1.66566904398349	-1.38566748359644	-0.60242261566626	-2.33891779002047	-1.69121923870907	-1.46088745735486	-0.634586162861561	-0.932222357301576	-0.771696909232465	0.660391665660377	0.237542996222228	-0.787525340749417	0.336771396827263	-0.846792272358627	-0.499097206307907	-1.55650355778951	-0.590410570184081	-1.27769206583212	-0.281931729550283	0.336951935307515	1.03535996968857	1.63765928019846	1.83649534893119	-0.502281613389742	1.46996227270737	0.415827623857733	-0.209224851798549	-0.176014978802372	1.25415798838893	1.87601161896747	0.462978154208271	1.00209791098457	0.00233397395960627	-0.154945298894105	1.00746515484525	1.50324178797743	-0.572258011710938	0.114348613232094	0.383687894436536	-1.64476303527764	-0.165234294404639	-0.639421349074604	-0.000924364637422799	0.333415317378966	-0.426662686708845	-0.77121700715332	-0.406824097895639	-0.841977094420927	0.23216075290867	0.49899738955575	-0.198340400861579	0.219939599749739	0.520852811041888	0.0385385441838711
-0.25468975140071	0.377041139685942	-0.695637723029119	0.28589783194295	-0.00327515737756942	-0.321069011338976	-0.61291021121652	0.810486038739521	0.250407460230156	0.156051928703773	-1.54300960618489	-0.441798024381237	-1.72244430289064	-0.997612480711132	-0.197207490607525	-2.22749251588962	-0.716477600338731	-2.23678183084579	-1.62440371156476	-1.0877226069138	0.240359451669652	-0.0244711728653803	-0.598263920575551	-0.678493331361427	-0.167359184441882	-1.53476767742696	-1.22790769238533	-1.73694578337519	-1.15958564897805	-1.47260333414828	-0.751790877709024	-1.29931355632657	-1.25085311283998	-0.411233435086502	-1.29346386638673	-0.417629365946361	0.156208554819371	-0.221632642434853	-0.87147715155663	0.359914746919246	0.321677927003819	0.929708251954403	-0.953874391771588	0.7001438851251	-0.0786642186450315	-0.0443070697340846	-0.486104105893716	0.603851008033623	-0.349783904415951	0.82632657218226	-0.0156091963913906	-0.0561103231301871	-0.809791024064582	0.422542869010883	-0.289690942147752	0.4191192388724	-0.0432391154416433	-0.727551891035862	-0.176369721789228	0.158199220558551	0.748977580051786	0.859980789218713	0.0211766861217554	0.145605352784624	-0.253196480282034	0.63879697416427	1.25923445147583	0.0664265147245087	-0.00437849712171142	-0.509833235466363	0.192214338771325	0.587395703324385	0.711714287929196	-0.259786412984742	-0.22056882150703	-0.72152380338697	0.232799539820358	0.418320666208931	-0.027236714363134	0.251466933683701	-0.657632399497061	-0.880623653103586	-1.22963351573148	-0.960764219997876	-0.226791710771052	0.70899843190205	-0.60187504521275	-0.361311057468109	0.427428192463879	0.127521233437464
-1.22150672632767	-0.503972132622492	1.29238072151675	-0.408900435947324	0.754450868329126	0.896905356080751	-0.0354618999212188	-0.423957610173121	-1.43647693315444	-0.940813163535236	0.120138154523821	-0.650643187370402	1.81433958057018	0.482760068594263	-1.89666390678744	1.37656734933485	-0.711659690459506	0.95217683550712	-2.30405087734227	-0.983611964746509	-2.04661262122234	-1.63488466182365	-1.04457277197054	-2.80223151693256	-2.05408669909033	-1.08862966325886	-2.45865588515605	-2.42910924056196	-1.31165403601842	-2.14871502339496	-1.74709173848639	-1.90455493470908	-2.67082258277711	-2.24138293697382	-1.9325438388072	-2.24911178824432	-0.490863936568053	0.288782867092979	0.360584938888019	0.0173545056242069	-0.421696817429679	-0.153946786457033	0.115804989021717	-0.450315249793693	0.829209239372526	0.426083270293076	0.301019579669554	0.0646219584778843	0.55987230031576	0.283915918354218	-0.46018214295453	0.132596231666826	-0.202011560388983	-0.229895705806522	-0.277209847488732	-0.52274286170789	0.216830396417628	0.242574343815707	0.0404608329826146	0.659151738759587	1.66656005272153	1.1631138617245	0.103230974361036	0.479183515684859	-0.388355207290099	-0.047898241265868	0.665218763867928	-0.279345838444204	-1.28286284480312	0.562641334763975	-0.599315857018122	2.06335521647973	0.668993767077834	0.0981759830602203	1.61779996519045	1.02461844680336	1.47526136020408	1.09246749827193	0.696275417483158	1.0364724915822	1.76661022952445	0.715791741386203	1.11852019600662	2.20762205959508	0.461575859000873	0.00624319562097401	-0.364202910296761	-0.270945333061786	-0.15567998580705	-0.306426113681503
0.614578462130567	0.913097851548155	0.646480884220918	-0.882295363031627	-0.958282913689776	-0.819620429854432	-1.19166441608603	-1.39104247437263	-1.71628181062236	-0.527432001112234	-1.17515045942917	0.571275675643693	-0.27805685166515	-1.09550023324046	-0.441542029251751	-0.283719349342083	-0.27206142952525	0.435238942487889	-0.37137373644416	-0.84136464796344	-1.24978067491977	-0.304725998517979	-0.381850988454186	0.24932189575769	-0.411322588527375	-0.733664186188387	-0.665290245051188	-0.167083469424252	0.03819242479559	0.162184898576421	-1.21602706702097	-0.229188231760533	0.826151246013469	-0.689291190555862	-2.26803663451203	-0.525693967993537	-0.838438164602398	-0.15426389588135	0.00049584979684217	-0.679735091943961	-0.497798817106257	-0.550447285967563	0.37116985086751	-0.747387624833939	0.0982417901697061	0.0334835978128324	0.700902539638129	-0.165822118264671	0.499482248174215	-0.095495736719666	-0.0301828208102452	0.00235033532683755	-0.196501393785313	-0.44679937463896	1.11532337356256	-0.203117637585868	0.110795922482375	1.509845728014	1.36544966156721	-0.531133652653596	1.03236023605547	0.258981783025495	1.59653644794198	1.9891086759079	0.363034381785091	1.41858581696712	1.54435217155479	-0.329964102883103	2.93058459822214	2.76927556008983	0.405972158213886	0.990187734891566	-1.61398853743842	-0.251748426494393	0.143900956012627	0.43423629887285	0.601523302618577	-1.20442886216963	0.327613016744442	0.525626137367008	1.2228770644504	0.266624375730702	1.44250843977419	0.518396449111488	-0.354701774978605	-0.464966181733811	-0.213469570051832	-0.247961042105555	-0.904203988903677	-0.0264060657177543
-0.175597557995998	-0.0523286836381915	-0.369889030547007	0.038844008904853	0.387348189955535	0.714759621430998	0.106991016841768	-0.202635332789845	-0.860277507799266	-0.829475990288065	-1.15658690191421	-1.60226960237902	-1.81399361736195	-0.854493693891928	-0.0115643721912762	-0.914213372544741	-1.85141946445275	-0.885084043113045	0.527235868640139	0.204592081448736	0.26475798616829	-0.722713941462045	-1.04784769808663	-0.0597793478520658	-0.383701155022923	0.508193738531447	-0.0348737444675942	0.840988925671591	1.80119369994915	1.15660628658757	1.18074044706545	0.333603846376463	0.595928258104873	0.760393490013334	1.27604571749066	0.675994730564439	-1.50922392492228	0.557279483888778	-2.38321399965394	-0.745448831751659	-1.324501908862	-0.155816153609858	-0.454525354595309	-1.393638717038	-1.22073870921895	-1.62277450648157	-1.31549518855139	-0.79362136972774	-1.84789613996952	-1.12502814550721	-3.09965473812311	-1.12700629388478	-2.41334727174731	-2.60121084397395	-1.76534538505394	-2.07463482886264	-1.41354786811506	-0.179749664295681	-0.030072071153838	0.952712556595834	0.667991725428444	-0.475060783060059	-1.00553044071967	-0.169479403542988	-0.745612132741125	-0.575179954789068	-0.324280959302281	0.643604746178974	0.0968279523571472	0.879541856924998	-0.0652074679975616	1.81645422804223	0.155197239490843	-0.767646727113737	-0.917430153653866	0.514055881927653	0.983746796118379	0.490266223757179	0.035192950803634	0.952687645046343	-0.33849456041365	0.690655002713028	0.337449194441172	0.342024713360821	0.773659467335548	0.766294693140946	-0.191179797459963	0.861392641689061	-0.0758345496441011	1.20778095742006
-0.705170399572616	0.715339967344432	-0.521207281585898	0.268498625123087	0.580492237427181	0.975888932871085	0.76282279665399	-0.972674470324095	-0.952682689310486	0.876983178654307	-1.0208076708885	-0.075437422100707	-1.97761372077753	-0.247407030816424	-0.704418095094007	0.164977067135305	1.24359558111157	0.169390787406474	1.49427046595469	0.0251322275452715	0.205046860233425	1.09872291667659	1.03065176604072	0.486728216557246	0.813503513539725	0.710733760240124	0.888986450314272	0.982241375282037	1.15166547251792	0.789031989748444	2.26520163838768	1.78587223310529	2.23748569215755	2.8122108075204	1.75731301344297	2.00489525176863	-0.10415839914876	-1.07627467864511	-0.853329957144754	-2.03542039237011	-0.0430145096907503	-0.966706099354038	-2.3491017672424	-1.17708673472079	-0.835855638049405	-0.318904670758997	0.52061571333488	-1.55070498785834	-1.4905630888912	-0.31328305772694	0.0725368034460787	-0.543967337401185	-0.845590869090126	1.28664520357518	0.633903690838726	-0.883595432496141	1.39101745496391	0.5497127012775	-0.890633370331749	0.0110244202914113	-1.08821569822231	-1.49348746417864	-0.73629328948844	-0.860230960559844	-2.29441043987174	-1.43864026776791	-1.13237279231383	-1.64899408061192	-1.42037266256119	-1.40391871316847	-1.31657056830212	-1.6328489694023	-1.58808421712288	-1.04165077616642	-0.332545702296875	-0.47688653769018	-0.264013668436668	-0.931126574325753	-1.41236765829602	-0.36558756100702	0.277819740915245	-0.617242352224862	0.110620599878042	-0.575714175127747	-0.932464965287084	-0.697669428579794	-0.688810867578912	-0.894431969885345	-1.74901407731066	-1.20738562321127
0.454960103355307	0.437348907053	-0.898506247912	0.0231205993336321	-0.531277860981852	-0.644236995842832	0.106156707557874	-1.52913869651199	-0.366731679428775	0.646520693009288	-2.27087365059481	0.795929103408283	-0.821326407135523	-0.466502048318274	-0.229005320749151	-2.40047930753437	-1.18015793347046	-0.244080066387913	2.10309632576187	1.68267662846585	0.434040830135139	0.56779590702696	1.10818505698615	0.929741193247244	0.00464194992759857	1.1115962424734	-0.240493175533884	-0.420896475207888	-0.17354450993735	1.1324451127332	1.84231057364237	2.3885938710133	1.87117728986956	2.45921306119846	2.98721906910276	1.56713211485012	0.375198405131131	2.10511923530354	-0.0575032457794745	1.68885001642894	0.758421833860871	1.79371347230042	1.56852204175102	0.897395204419547	1.47104229809731	1.20349877486433	0.548968668972112	1.82001400324055	1.27153403487079	0.820848161736778	-0.480215059995843	0.876318424692213	0.267788075473311	0.096558545525977	-0.61223484382389	1.74503118480541	-0.182043846764843	-1.63862539942931	-1.3219804122319	-0.374245360489193	-2.06720310634833	-0.587198063285988	-0.35801269390278	-1.32448773934716	-0.135994869933977	0.398109611436668	1.36762591583569	1.43938629187596	-0.223913378169247	-0.497620222261104	0.723554827139715	-1.19170499659395	0.623108804551252	1.4158545017149	0.0559164295354326	0.590421929997222	0.125667744778208	0.743560992424052	0.890725515211509	1.08575117762547	0.763850303230891	1.44650888806277	0.132419146962061	0.870957845051685	1.42794219190198	1.99174164146435	0.688303758602984	0.469340969484545	1.90018454565893	2.19389821695807
0.141067298960902	0.0563312375844068	0.344616666130141	0.67155820249672	0.10334051236964	-0.189694063031556	-0.386199723004042	-0.853141020287589	-0.974163342329854	0.640631205508679	-0.097904978420928	-0.687485140179848	-0.0482083872078211	0.793532637644712	-0.681490329201124	-0.41315709392234	-0.669415251685345	-0.329018511108324	-0.319111252491955	0.414388035167315	0.834324777874443	1.37353402977353	1.0849329927235	0.907650641733533	1.67634044358945	2.17838933065088	-0.354667991022845	0.304768846678114	0.729562402348735	0.331825365219169	-0.358500636900155	-0.501032384357598	-0.382113920789586	0.28567317504964	-0.313115981164305	-0.0814788366269382	-1.01469378011178	-1.22454877898164	-1.04417111757975	-0.751927995929692	-1.63671325490038	-1.22230781080045	-0.425346818692805	-1.14149471190018	-1.08291804047662	-0.621975050534336	-1.31558433195544	-0.551393154235537	-0.804176840641893	-1.2624825951906	-1.15081985403304	-1.60194817543208	-0.745432056503675	-1.63826883525447	0.929870472051042	2.11821568140367	-0.095527735597533	0.564056341718885	1.54474251666239	-0.318670017395456	0.965086582921472	0.617093481699263	0.317993861117033	0.37710098699735	-0.208627891759752	1.43221164620342	1.91394041645422	0.347276583092512	2.7443723276616	2.33095969810939	2.01089886335102	1.04349056646038	-0.32675232437214	-1.18956212192339	-0.406511756991223	0.727875051402993	-0.556286727140936	0.508447450289133	-2.01503954865131	-0.287428930352924	-1.0810484859187	-0.564363215610219	0.0389501860761843	-0.611758427248914	-0.990593434910007	-0.895608724260771	-1.78921508847645	-0.111846636601089	-0.71769353602471	-1.55958371500459
0.940717668347809	0.528064793958968	0.627031071164434	0.909864049766071	-0.372758024672159	-0.708415959488528	-0.145699476190602	-2.53508957677571	-1.43959235641151	-0.0896247046588826	-0.494303251699621	0.318323659510003	0.00586773316996854	-0.132370541399633	-1.22419734730182	-0.560811582313461	0.296850987745445	-0.37035786087566	1.14593675467557	0.651522892447765	1.71706366061076	0.737411889657768	0.450870518317887	1.74976431647993	0.884292952912628	0.889904314037181	1.04775276112736	0.887878883209242	1.39392736244136	0.324510451793832	0.901164297838928	0.441245538865686	-0.359197932909242	0.599483246879674	0.790490185238172	1.72528536274132	-0.230870421142162	-1.37181353095329	-0.812989450465754	-1.08366698453354	-1.02214958174012	-1.75500532748956	-1.13141302749767	-1.22520049343783	-1.51991211928808	-1.14276457322076	-0.795962289606237	-1.29425670981994	-1.30843575674185	-1.77655591693098	0.175372778433123	-1.52520874846133	-0.268756597718805	0.0654741035182364	0.483572272772994	-0.0513587430144615	1.41504773560644	-1.14429219471394	-0.769623231502073	0.595910913110301	1.02742505039184	-2.09801135181801	-1.09423108636809	-0.27552609184324	-1.44002148899499	0.319285984872067	-0.519461111400369	0.975024001857755	-1.71213120017827	0.835643011939131	0.192898649480656	1.32504080521941	0.656956912539113	0.261205781042235	1.52855336481747	0.578786665194537	-0.57027956057094	0.549964027895414	-0.766686192590938	0.905673444409465	0.377114456354565	0.609886784934483	0.0678051736078736	1.14496250045319	-0.366657816693692	0.39893428888658	-1.54315434504427	-0.852657202611229	0.537122053831385	-0.841695267519745
1.76440019214696	0.976947310102491	-0.748814345760741	-0.562792175876956	1.05334667101482	1.42539668692702	2.11906001921049	-1.50917122045518	-0.173451114819207	2.32956349349923	-1.97405287554973	-0.463817980538821	-1.01778539536258	1.26150844423981	0.893378795238567	-2.00326611848598	-1.94190362774428	-1.00907527229095	-1.37196098221814	-1.92860194559627	-0.791669711425521	-0.762830464702496	-1.00886016331794	-0.472163779447567	-0.925121457231802	0.110223346421368	-0.209811554712927	-1.05564490891708	0.402926676594362	-0.136136203608812	0.0017649178552012	-0.604276773027729	-0.692328722827486	-1.91878303260377	-0.594196616126743	-1.79134145955369	0.890075680705014	0.451745722525519	0.85931103243799	0.322119655872453	0.739579138758975	-0.131478806820133	0.405543152353135	0.490947984158451	1.54411117155362	0.680390512290398	0.910232576361895	0.272796384122806	-0.214335018375911	1.51218708441484	0.55248173935889	1.66921787179989	0.486948961679581	0.638197954684028	0.710395627844128	2.2094676670622	0.557302281750257	0.696056608102359	1.60781013675008	0.188481987780901	0.31920955121683	0.247489693133466	0.402571733410069	0.577105599297078	1.3707604462046	2.73334714560565	2.2613021294336	1.57367586341163	2.08027643174331	1.3572294903884	1.54737104615879	1.27269656075231	0.0708567710441012	0.921564636782796	1.55217904998431	0.404424896017992	0.997171635839625	0.380824354403095	0.469190024572261	1.44312979077879	1.14677548134741	0.307715540624621	0.698831605703033	0.912459308516708	-0.828998712833753	0.438850855905732	-1.18888484202676	0.742800184680883	0.0819866586137935	-0.111416847258587
-0.513537491149572	-1.09496356279612	-1.30139375187216	0.904444180525775	1.4209240667919	0.247655868324604	-0.0195496539579439	1.62231014456552	1.01574045143566	-1.50872266114712	-0.251096737519492	1.89450862537152	1.4424869514671	-1.37873265911486	0.693053681136014	-0.0793075172652598	0.253584704443895	1.08987639845079	-0.139260733932484	-0.286156381056816	0.893747042959637	1.78540558670085	1.72793587074584	0.89985907815125	1.65138711485345	0.496616809119043	1.77564577146207	1.07402955682591	-0.632860567256251	0.380702845144241	-0.305739629197096	-0.911268296835977	-0.357603175451423	-1.00094749157793	-0.269193171056872	-1.16032140849845	-0.626360255151475	0.2471396887353	-0.614534052202432	0.0574701049690773	-0.393980512112578	0.415627685915997	-0.156757160436197	0.378267687588876	-0.463020064807251	-0.397204998692601	-0.399021276770557	0.0063570012410096	-0.085069696959673	0.0230383090308745	-0.367208639339104	-0.461147815677992	-1.07758446878659	-0.921556687626509	1.21688949455673	-0.617894977693829	-0.286526548312393	0.30893681070744	0.517345359670062	-0.411805769808465	-1.28763558187738	0.433345245680093	0.24110099551054	-0.239401494643749	-0.557777892334986	-2.57494391326192	-2.97532266840293	-2.84247619584193	-0.644631446631179	-1.85912672246499	-0.35543202111148	-1.13256890479221	0.426647786532562	-0.0763586665022704	-0.375635527371354	-0.128111654681465	-0.028210930841424	1.07403369613627	-0.9393649490041	0.385709091717335	-0.277431966408211	0.699125351986116	-0.683925964437543	0.774995016053718	-0.0481432920888489	0.314090717754856	-0.103853450296953	0.485140273514157	0.397922938479674	0.445574060728005
0.518136103109197	-0.0235758503279896	0.228262033980016	-1.95608650241447	-1.86809371601844	-1.80992018157174	-0.839313133925294	-2.73967751959678	-1.21628984123024	0.537136596234424	-0.206271068308614	-1.49816937993212	-0.69695812265234	0.954516911687567	-0.679486972584627	1.01193544917882	-1.14464409401679	-0.394911629651104	0.304080008544519	-0.461688554325728	-0.987161226168708	-1.42736698153452	-1.34861002718736	-0.503673987032306	-1.7003832496688	-1.00725726038265	-0.573676247506818	-1.89666565013597	-1.13500348715442	-0.374824934414664	0.346054781479865	0.845157770110267	0.067390829398294	0.517310446146594	0.887106124082772	0.0447109100897115	1.95247134429353	3.50281488832992	2.02771023598092	3.19871469324654	1.57250967258413	2.68604717044914	1.55739395238488	1.53291351544656	2.21591124381684	1.09260592736034	0.192916056798157	2.67632690983266	0.811711529875223	2.48388440577082	0.377493334614002	2.06649905405909	0.846578095248105	1.5651934545332	0.473901659122408	0.965736958573079	0.882384213482046	1.45458483766212	0.0661637164872251	0.640539297060451	-0.565670353624678	0.316678703636055	0.529758267896076	0.287835013319458	-0.0795442741654731	-0.177874026395234	0.615981439800374	0.153038661188114	0.224475176082039	1.27857890654948	0.633431848830533	0.48760756444256	-0.862232477524423	-0.238383073158603	-0.960084587672551	-0.286944021807712	-0.405051873221811	-2.16997344755463	-0.521256299322711	-0.979858535822366	0.556137048495604	0.046737639441336	-0.434919994465466	-0.754149504290009	1.74078749932225	0.428116195568289	-0.184319985740906	-0.860089693902506	0.0223661228795231	0.376194966056047
1.05690435941101	0.500547997128899	0.471757598364816	-1.0200817012902	-0.861429729714224	-0.778581397323471	-0.489690908668966	-1.17681965747967	-0.687016461960164	1.55930187841086	1.04143855003712	1.31663272922659	2.15416534575561	1.77490926441006	-0.227118396430463	0.696408908143751	1.21000758732543	1.30606352558341	-0.18610781462848	-0.522274618981411	-0.609813863429778	0.330082091243995	0.738952704471994	-0.206159757660789	0.337193821037	0.760394841777002	1.26050171427821	1.14733346462317	0.508192273230023	0.770547253795609	0.137549204911167	0.669169513052642	0.309122159380042	-0.209392100163938	-1.16591195996191	0.159269220317584	0.914544588457184	0.260422553714333	0.520471772812459	-1.06395334053203	1.54467451119052	0.889129332228391	0.207294261126122	1.23999740832954	0.951503249704448	2.21944474699763	2.43517512547915	0.834311874292599	2.01565849395088	1.7876280172396	1.54140046155833	1.77759300093393	0.599627925764721	1.35297484758704	0.718754675879681	1.00161928756891	0.689286359534347	0.876313114815284	-0.210847183653912	0.159747108139455	-0.145205811128109	-0.62271549257309	0.622773462585216	0.431965246002112	1.50611001043214	-0.557904018761147	-0.0400273421695912	1.73354653914175	-0.250682094840672	1.65849006236823	1.07966419636893	-0.654098838616828	-2.83430496294412	-1.9755506224884	-0.632162110367613	-1.14986043326968	-0.891288533044884	-2.11006155403454	-1.59600798450286	-1.24230538053044	0.0884841005684673	-1.67976511836104	-1.27522125986552	-0.5816955628812	-1.53134125659388	-1.56647180635278	-3.02959453406316	-1.97995517810874	-1.81230754543677	-1.49350049269305
-1.6167797923392	-0.252384208851884	0.446877851398888	1.5284295563761	2.38254674537935	2.01180846456184	1.2774164581945	-0.243180775813467	-0.89957316817915	0.516286520334273	-0.497781271915358	0.116310667187676	0.400479585609186	0.498775247809691	-0.73402289609127	-0.821807649709328	0.339301221484222	0.140466274654495	0.17594018008003	1.14886850029531	1.47017514078328	0.515517822488409	0.851272791901499	1.1002922562122	1.56552619993557	-0.690230640016299	1.38627789587148	1.25060074103928	0.38415764772755	-1.47844041589836	-2.38095905643235	-2.46577346451425	-1.69696053025782	-1.37411476855726	-1.97996008022487	-0.389730058611708	1.07155450602966	-0.478935668463766	0.812607437142133	0.557244927134326	0.868152595736295	0.440644785586166	0.552501997287522	0.883654151994688	0.250595211081694	0.507817284957454	1.39597030938087	0.57961667291645	1.21488166497222	0.6823512036946	1.85481702384342	0.609028426949133	0.862127152804075	1.27720558011242	-2.76579745773935	-0.899125344233395	-2.66403703597797	-1.26945600172478	-0.371793508724372	0.281858103673418	-1.06159882277949	0.288667632034304	-1.64855687673314	-1.93106036967126	-1.30852827388526	-1.66981180040895	-1.12695581284917	-0.649093161090294	-0.814762587673347	-3.33280444224208	-0.378626828237339	-1.3096179414466	-0.268178322584673	0.0661315072407076	0.211140485805601	-0.970818993135892	-0.719514745012629	-1.0724047963934	1.24932196122483	-0.235185825766719	1.672156890176	0.596121927885868	-0.665128282660042	0.495281048369596	0.560600448078196	-0.755203428454013	1.55215808499325	-1.34214529094958	-0.36579462196381	0.344854026187198
0.151240606073111	0.338858676186092	0.00312616179874721	0.10278149611853	-0.884534888235826	-1.08966015138497	-0.671441225272483	-0.676924849730172	-0.148947551682765	1.50053968261377	1.20677407052667	0.0535857030423236	0.198619162670524	1.14660823978116	-0.0500037075422637	0.344134774850516	1.36070981266888	-0.17042856051891	-1.07974744037424	0.330484801067122	0.229392338012124	-0.0993567480153067	-0.00746603494313304	0.00377520732639249	-0.110963130088789	0.276550884505164	0.921223988160977	0.36561768471808	0.613561557738059	0.92696852295458	0.75892497914065	0.478265279833551	0.268619759062185	-1.02243985332693	1.4238574550897	-1.5450015126695	0.396370271283749	0.756478644608826	0.821033120571846	0.545462631266991	1.28318056565352	0.821806826414115	1.46550063772422	0.347564358867877	1.41324966817242	2.04088715380267	1.53738273881568	1.25932454365362	1.47468690132711	0.528126052022592	0.335218883920526	1.06807977719158	1.95893441108766	0.776962297829279	-0.521465618533555	-2.03759803296429	0.448499104706679	1.03468987703111	0.901587216630328	-1.1880626438588	1.18275147543768	0.859278658524541	0.474461442679583	0.121548358601381	0.234966631515289	-0.768306208926506	-1.44731333907901	-1.50933766834168	0.105608728968557	-1.10123411968982	0.0980076244547161	-0.530849335765477	0.473760987028043	-0.319670950844548	0.955530080617673	0.397349567334452	0.916482903804434	1.05006597090651	0.117447765875848	0.467444088920171	1.36292565374887	-0.536987562839923	0.00409515854270054	1.34103772965716	0.355905463021264	0.0483856849766037	-1.70027921763507	-0.327085447153692	-0.105961768981565	-0.56694009874952
0.97208735373391	1.16656907038992	0.941073459821591	-1.82580051640573	-2.03399700032829	-2.07179422904903	-1.04357457960713	0.73633389400171	1.67368456820522	0.201560472597478	-0.279812542245603	0.868686331316263	0.792019769450283	0.133526956450867	0.878482344944681	-0.50246903761573	-0.217726258514655	0.660576294538035	-0.553478872494741	-0.968123732787338	1.15250955921479	1.54360205010113	1.26662188362255	1.14838055866541	1.3325682820627	-0.496741532282456	1.44692554470144	0.361037079080764	-1.29885339500421	-0.544608931172827	-0.898013024416878	-0.652165775056954	-0.360011902372312	-1.00685380127329	0.0475870846260274	-0.848725377687039	-0.625379203041039	0.180729653348548	-0.639687783978681	-0.452765397291576	0.00985039548649462	-0.432674795724803	-0.0488353978677162	-0.512997352742504	-0.687571547006984	-0.214983647867169	-1.06896687528195	-0.655346949597816	0.00752051627230678	-0.00605769903761071	-0.280340725848742	-0.637513821134885	0.881925594225907	-0.0484616078739537	0.909071478284018	-0.840730438271475	-0.199233402757316	-0.992604223779073	0.396035478493882	1.70320192897066	2.4244686761687	1.69152310363205	-0.666773829401986	0.289408108669612	-0.671735346954234	-1.26031095134732	0.490547745748115	-0.135524213512342	0.647939558825721	0.372036109327543	-0.112374120538257	2.19729101986229	-0.0230244094855267	-0.554576491463596	0.0202389608912947	-0.953414050436468	0.0976071019500201	0.300718638470669	0.089796900719285	0.570808164401048	-0.594906773415736	-1.04243045795344	-0.930226742014027	-0.448340332316943	-1.79515188855584	-0.365995121277525	-0.711767554656191	0.0370504724871682	-0.83094299517572	-0.305592005390215
-0.325448385746584	-0.0548363645328005	-0.652694859189438	0.290414086222769	0.0169706152343917	0.207910962810657	-0.0201555121030614	1.68866017695716	1.11556357670587	-0.240969890019533	-1.69967387353067	-1.96592398855699	-2.07688615871264	-1.10409538653038	0.484642499242694	-0.179764517016965	-1.49773454568837	-1.75751186606692	-0.841512970917135	-0.280442986568483	-0.34086125263543	-0.910951232629319	-1.21153407799301	-0.67859981955113	-0.912720656599214	-1.70909069296205	-1.92593540712907	-1.22225465326842	-1.0703218944356	-1.35317585255107	-1.77625561657183	-2.15746512361809	-1.87243508786029	-1.35638182220662	-1.17003315283624	-1.04661577796404	0.502807978657705	0.115552038043966	0.444939713558868	1.57578530750974	0.786420203308702	1.06088607200721	0.684933895433961	1.73304570738543	0.880708219252141	0.764595379058658	-0.353536247205544	1.36157629226409	1.68195298712671	1.84163617368544	1.04662302463261	0.760993559888823	1.15952997045484	0.553644056584162	0.281869224405511	1.39715776489768	0.86378505659933	0.488253620827523	0.911974127135832	0.304596598879515	-0.0433847072958217	-0.884870431365499	-0.73617878358035	-0.510922602899753	0.0467589639464276	1.23696534239156	0.893606708265465	1.59541769455417	0.617554502968232	-0.273235496674754	1.009893101774	-0.476099142382598	0.0455715946955276	0.250112879675359	-0.260964534634754	2.5349820047834	0.494652477785959	0.890649970817123	0.0130821166369622	2.16580033812445	1.11611912551638	-0.102986054907621	1.5915097571075	0.764324185079242	-0.134141067663681	2.48134680139327	-1.33750768343024	0.220970912083848	-0.130942105793417	1.42888459325169
-0.371795781376414	-1.29343205049684	-0.897632264676677	-1.00706483051106	-1.2027008179985	-0.811850440916114	0.152989605337055	-0.88244782946056	0.418223199742649	-1.16311215005579	0.53634838048078	-1.17355473987229	-0.478950098037274	-0.932090950042993	-0.265278759614986	2.71587869040542	0.255774677944354	-1.34996621671387	-2.02476210078957	-1.87128138767139	-1.59014006962132	-0.363412723834357	-0.912839387713237	-1.39172854584245	-0.876108110125655	-0.307190196597724	-1.02413654933379	0.188257752672202	-0.883010667371272	-0.621101179818027	-0.0808174960901085	-1.31099433422488	0.0775476242412634	-0.134014217258048	-1.49888610546157	-2.25704554155409	-0.755165379151993	-0.158086441201784	-0.0326361714152308	0.281338745244257	-0.488973423277418	-1.01515557959382	-0.337829871866914	-0.535474240315361	0.588090837951996	-0.243493500708117	-0.0582997283620439	-1.04049708324644	-0.356911594962968	0.438698568509414	-0.376381359334679	0.839666594735819	-0.233168264639132	-0.504358843168295	0.45223352151943	2.04411957154437	-1.35538862195535	-1.26625151248279	-0.812070554188282	-0.793206456313803	-1.61691641703591	-1.33566346405178	-1.64756171967511	-1.71063286125638	-1.16690150526371	0.109344122836987	0.732872829590531	-0.688737074041114	-0.0329782749335542	-0.649910391815275	-0.996444004071206	-1.47202529805104	0.865778356015242	-0.154350414585172	2.01528807670706	1.05965566668381	1.43610915059265	0.537969671419082	-0.586357707409416	1.02082479210779	-0.145681924739678	0.948724502915526	0.452439224092957	0.815323646947491	0.205765637671433	-0.18011439620139	-0.50052710057166	0.805524736509	-0.204841817373524	-0.511817649971112
-0.694380744507619	-1.66333915960055	-1.76895559192628	-1.2628646560777	-0.699192178076508	-0.172324807449751	0.572948461071694	-0.61144341321069	0.435433235228353	1.10324428842254	-0.269260333066788	-0.0490031007954338	-0.56336995616154	0.264628670865928	1.25507717098741	-0.396203588077544	-0.605796455603651	-0.467289577749345	0.576829847212327	0.507231611452359	-0.560499340026788	-0.0515188125362055	0.0396676245664012	0.13416557493867	-0.0655927875901457	-0.114923882457461	0.587929084147786	0.646986158889756	0.0575059895090528	0.0110312476748846	0.985162371064377	0.203542312746246	0.338391810436011	1.6015793812066	0.199213276520951	0.22781956040882	-0.191912684622448	0.323271062394116	-0.834494569127073	-0.727218806399825	0.00980184654879607	-0.134779146517838	0.779126129305646	0.568675852325063	0.0782675418217834	-0.275819193367144	0.204266421697244	-0.0975216857865701	-0.344904625846743	0.398045358365009	-0.663140903242787	0.527034165818407	0.295366501494261	-0.397205997290967	2.02776788459444	0.202534833325002	1.73162150212871	0.761313457962254	1.50917775329013	1.01810907985235	2.13921994728916	1.34903796467364	1.22116351075905	2.30548895409893	0.35293224221007	0.479417077767372	0.52487547077744	0.066282157946616	1.42829192608922	1.34044632358557	1.42627185026999	1.6544206278759	1.39245292875679	0.788699003081984	0.747921491084649	0.278906991806799	0.532473524205879	1.37718995384908	0.565173921228522	-0.17582801601526	0.499424638129699	0.64536313603926	0.194548258743217	1.67107235010192	1.35826002335468	0.366518671466112	0.435826700573048	0.947958938692113	1.55151740026288	0.501321041786749
-1.0775234704864	-2.16550710911032	-1.93577164564147	-0.223530447268703	0.660933691929495	0.979232789696327	1.84153362350587	1.34090557410257	2.32409471201954	-0.469001816870222	1.19850906428953	1.7944168704883	1.62609352735703	-0.634870291242521	2.90576211032292	-1.28073689094109	-0.293164100746823	0.288032301351248	-0.103220188496112	-0.049626645610556	-0.517440760514429	-0.63524400155319	-0.383328699904163	-0.518178855404708	-0.582839254153712	1.39432098131109	1.10442422645841	0.460166545948299	2.40043985264614	1.27583567823034	1.63363679669634	0.99033182005003	0.469456911200329	0.0774857099444935	-0.54643973537893	0.482481906277142	-0.137822865375566	0.342440579362027	0.99993290287305	0.330796158033573	0.06615187769514	-0.36046663531828	0.229574312440674	-0.563497540450616	0.639567981276353	0.393278059015804	0.112545309485909	0.11392760005405	0.249793642415876	-0.0564752312821999	0.337619630960202	0.292875379869627	0.863222778106363	0.507869180678139	1.43524985045764	0.689382785116877	1.5622738588143	0.480941407556216	0.100358693257652	-0.943975733824139	0.551796060982239	-1.44318867270058	0.00857386887064242	0.233253703555861	1.56681087870427	1.17335990204808	0.528406093679459	1.94957802124213	0.121157531573112	-0.491357855367287	1.1837879315087	-1.04114665944143	-0.631027084529677	-1.55126282833563	-0.491597244200345	-0.0502947127138603	-0.527419088508758	-0.390192124153767	-0.55772476120099	-0.468817787766401	-0.627294847762226	0.357004967058272	-0.185397014333151	-0.233572455341348	-1.16050893091162	-1.38682345493727	0.0160876184061496	-1.24553925878236	-1.30912836551504	-0.462886802526678
-0.300452145652603	0.0759232254281926	0.363478727101815	0.342629151801548	-0.350916231943835	-0.888561572304707	-1.15736104558525	0.902749811950394	0.287093223406722	1.72904430921696	1.75798369143139	-0.25125254469197	0.529505593040161	1.89973080238079	-1.07042065816508	0.911974769940698	1.14636271304959	0.354466269319606	0.0453975570082844	-0.603842175790049	-0.130553936374638	1.6471227408015	2.19942124034038	0.297708919548565	1.07164194309725	1.65390990093689	0.590784574316839	-0.744763136265917	-0.389617221695281	-0.458106614462024	-0.546779696959287	1.06481234334733	0.353083204483694	-1.02321132134627	1.35159482555239	-0.21077748103313	1.94471752175887	2.14190818039281	0.837620857334538	1.12900150809848	1.71709852861274	1.56942796274819	1.52225143251441	1.85025036035143	1.92642727844988	2.19755727065332	0.870369058078889	1.91109771565887	1.57547616690974	1.72563523697253	1.24091652989131	1.16248072188989	1.61272175262612	1.80692730480386	0.11403515461336	0.451787874015835	-0.446629341875946	0.987172788607683	0.153476577186758	-0.664239720658225	-0.286577504977089	0.969141101473262	1.01215792002075	0.81768022840049	1.7760974200132	0.0543021499688614	0.503303409026381	-0.612378485597933	0.175744071902266	1.35222444192863	-0.546253364210087	0.0224652786712115	0.704367321527475	1.29068614601422	1.14798615748799	0.311115326729369	0.91407309290061	-0.235821199594298	1.17026855999802	0.648596722013914	-0.0315368150369373	0.27374084177559	0.652404949107645	0.186518191523508	1.10315363791848	0.797672620839706	0.533263075781614	1.57499873612433	0.809784233768934	0.87018044820155
-0.390774642695545	0.160197991400487	0.635584400238861	0.455783522738612	-1.32605951695121	-2.07426712369776	-1.91001042318248	0.70299357903289	0.536511316116867	0.113299021125977	0.810248952937992	-0.260142502721663	0.555038319455926	0.403702582400561	-0.52377816166692	-0.432204809705613	0.541014473851077	-0.601892100227241	0.745868778951111	0.689022655841394	1.98001724593172	1.64698181803753	1.64488705519466	2.45095878293056	1.70964969930003	0.275967240750996	2.24992916492537	0.555803618049797	-0.126347331431154	-0.715477755552419	-0.604404082322146	0.796018373896128	0.451734359731818	-0.110947915201616	1.23665001917903	0.879402678378227	0.68040264866184	-2.07156247995115	1.93424787486605	-0.294611239568711	0.107923840317852	-0.646048323813755	-0.722038307962047	0.664618592617545	0.722918307847325	0.15950363763778	0.887059417874109	0.270638003893389	0.259225456228998	0.606000901190037	2.49246467440625	0.569157972308335	0.0773831680218719	1.18462122015976	-0.0916021769373171	0.061174161498652	0.595981243498224	-0.552769460471447	-1.57444670151762	0.0735258556648644	-0.513144223018914	-1.21739938714676	-0.464820242429829	0.0081366857949863	-0.761416794458441	-0.977911095714921	-0.861621975173079	0.127937275019927	-1.45677541786798	0.658421255796457	-0.0860054834071143	-0.617052370832614	-0.115167129950906	-0.246680436083189	0.180446778131833	-0.505887637296362	-0.226544227483733	0.0120386916745773	-1.18213351848929	-0.865582483109626	-0.973166396975613	-0.840805232833332	0.035059446104724	-1.20359964169465	-1.18829877905538	-0.235800058999328	-0.577365774507714	-0.975748368897165	-0.198314881274913	-1.18991150786196
1.29609202087063	1.38148889421657	0.771844736266428	-0.342229730089861	-0.76083816342658	-1.19770375145607	-0.713204926447055	0.988690454845464	1.28762576214019	-0.574593918008508	0.130857917413466	0.234305712029675	0.0253594175087792	-0.209043989277995	0.294934504836344	-0.665791170118225	-0.0827053271091562	0.738887835105363	0.918638051397746	0.190483473786422	0.468919222512693	-0.00451959262378377	-0.240338252789758	-0.49882875513468	-0.0499111097938479	-0.621216807711702	-0.205529610397516	-0.405292572099191	-0.419603990191096	-0.466377950156427	0.416727932764561	-0.0833167848024592	0.527690686024893	1.62588564365042	0.770517152837372	1.32869054753546	0.705006103482238	0.0495220961278113	1.32017593374242	1.00231638403461	2.31277040287693	1.22732871498024	-0.00120743014405894	0.241664047183493	1.17792262367005	0.964173841367842	0.92717306166836	0.880115535820337	0.857485276178226	0.26186970888134	1.50100566694072	1.44112991036362	1.70402875625084	2.23177227128163	-0.579574876800337	-0.444069697345907	-1.82313747724286	-0.98480726576531	-0.336957491038591	-0.950433711224628	-1.53718614343561	-0.00255314182093739	0.160586028240745	0.12329844580631	-0.812336333153043	-0.60521126540107	-0.961761929110311	-1.56488638157149	0.649086366390798	-0.967489261970005	0.262492675406331	-0.524639782243205	-0.346788281542749	-0.538568212847972	0.422661775752089	0.123733296250071	0.931925970963072	0.356061428982223	-0.0597235479766917	1.57619091781013	0.102976364344028	-0.618574339802361	0.637719049678617	0.199728129734502	-1.80057343855727	0.387764124800829	-1.47877138199092	0.285717696894242	-1.13625346014617	-0.447381817739398
0.815432354592092	1.04786757941004	1.44906162476639	-0.00393389643497418	0.081403590868602	0.0525512749444587	0.361585578586132	-1.11141224236947	-0.507256055898647	0.0598534075266178	0.726334801689728	0.494178057811683	0.459403659192898	0.824418354692971	1.62684203366782	1.1125831576121	1.33210236266985	1.81191350332798	-0.311279671904814	-0.840689825694529	0.179425884281052	1.27501263052775	0.920832929435258	0.420872469714669	1.15374056805558	1.11420705681566	-1.4210795117628	-0.704847931747321	-0.947821480767814	-0.547746611263754	-1.47472771906693	-0.349851836145629	0.276069294208385	-0.92516772351733	-0.712066381266404	-0.307654169608017	-0.0137808052326972	1.06208007048983	0.0652862667036418	0.746642177116943	-0.0793689462232709	0.451159840731065	-0.766307874354615	-0.376898229882572	0.0495387105485649	0.111987931501563	-0.090103923354675	-0.380315343748044	-0.0718896403649167	0.344196803002197	-1.09168881079801	0.429161542273858	-0.925988550177431	-0.401433234468508	-1.19237463614848	-1.52167472641647	-0.640402578458065	1.20629023877938	1.29871887471427	1.53228022922556	-0.132590101691547	0.858467748547143	0.459585919487707	0.199384087545666	-0.681763323444078	-0.301242226986634	-1.15517993537322	-1.2635558793855	0.973702530167583	-1.78259750875629	0.233692861088507	-0.155571246095878	-0.862521237481166	-1.00307106743763	-0.606565509929158	0.83536779332715	-1.14815704527705	-0.99482448661054	-2.28693245650367	0.236793038280979	0.0519013243359424	0.100219973071409	-0.25373571363291	-0.155580335941033	-0.846196639575321	-0.70496703397595	-2.56675036667926	-0.580667312294424	-2.02438440860422	-1.92208781746666
1.91085917902913	0.441189330757304	0.344034329485944	-0.436519848645262	-1.57691814214591	-0.756021144852537	-0.466978658470312	1.20422155040633	1.26647840135196	0.51358408972266	0.794287420923375	3.51369142562913	2.9119789592532	1.40192924496435	0.61916564145671	1.19733048704891	1.86350625464718	2.7594718416836	0.191743720646802	-0.551068077305652	-0.24059015877847	0.307486901441494	0.10819287185213	-0.224029361358866	-0.243340991627185	-0.548429464667235	-1.5173838883132	-1.80712004613605	-1.59088298208906	-1.67326276439254	-1.49641674807347	-0.912750425094704	-1.4983023078451	-0.706677532783507	-0.369121276852388	0.318081407235691	0.780543946808215	-0.00480587293649285	-1.18796103526405	-0.27255512684549	-0.393751973360911	0.0451469437639609	-0.888282250189244	0.0979375055158123	-1.20525495753246	-1.84528717815347	-1.17406096427089	-0.605573011950714	-1.1868226473898	-1.05749220010319	-1.12302127761719	-0.335364054806077	-1.67001290724198	-0.579158379235966	0.132831068332636	1.09945446694546	-0.561977924514824	0.345852416058076	1.30503543192033	-0.0888407886947432	0.637080211407837	1.31436751201534	0.497777841941244	0.92940602762318	0.278469107872179	1.10955662218888	0.886302219646577	-0.341841497588982	1.06771461196008	0.169323197355011	-0.0109776796320922	0.0620681593302385	0.519027744028035	0.446836489115143	0.468254229815723	1.94759178231454	0.682708694623018	0.422993882450863	-0.54123567175015	0.846622099229628	-0.288166607231407	1.95413232671228	1.8231636620945	0.532237379579091	0.753978864986526	0.68181115311242	0.23204299759355	0.304226973694602	0.429192726857347	-0.0972057991479764
0.727850370893146	0.425360624836828	0.498710960878885	1.75391012719272	1.34713430616958	0.379052697020998	0.302193405940371	-1.29697986543389	-1.11546208076173	-3.0995929887494	1.06921708410252	2.78998902653968	2.22074141059234	-1.9853445910219	-0.71664470276933	-0.316844052183905	0.441116424213435	2.13652526784414	0.498726073946476	0.108812451826972	-0.385079272833913	-1.07779412868976	-0.873514385649799	-0.100246513904703	-0.662280629915847	-0.873059401918608	0.492380096623395	1.0777934267828	0.480223761084966	1.14817781283118	0.29587795844409	0.457747120074608	0.140888929772127	-0.287508884614797	0.321868204382928	0.0956572997936742	0.238405133364511	-0.626524402488687	0.100336277470756	0.315949507810714	-0.155009959359668	0.07767059932217	0.00880096703733357	0.434566613453995	-0.866934723597038	-0.557042671183191	-0.422953864501434	-0.19589801458329	0.188419208826756	-0.336418381015939	0.869428225898638	-0.943161192803992	-0.0996136450151433	-0.0469979867849631	0.511366847807143	0.655774779963934	0.404320063964741	-0.365301133471879	-0.0394764062574199	2.31583823075012	-0.780828858383913	1.09507055370703	1.04187248887398	1.1569278075375	-0.0632646107347306	-1.14123872116156	-2.26745958147537	-0.136589010717558	-1.34426770814192	-1.41923952920886	0.718657207902048	0.0239747023950701	-1.21120211287447	-0.355085673594655	-1.29832697205767	0.394981467904405	-1.89921976485683	-0.76680428946858	-0.796394183879786	-0.963972229780706	-0.621476197708005	-1.06265287489176	-0.0484772643559083	-1.24583240936002	-1.03965109754382	-1.4300501816282	-0.916355097113509	0.129030822272197	-0.520281999576099	-0.414675288061237
0.76390330804516	0.0779720567547748	0.516784597197628	0.0561681130628485	-1.08702132488213	-2.00111344014684	-2.75435896578401	-2.24039490542471	-3.04423920344437	1.65274261626631	0.774801387633506	-2.17933828671299	-0.557714323691132	1.97908171426018	-2.21735544799314	1.00445659826729	-0.733116544438148	-1.0606057644199	-0.364287997187687	1.08403353999417	2.1709012874457	2.28557033001429	1.4290555421339	1.44521072809892	2.03369146774086	0.103558818046628	0.410290652543351	0.914514494799211	-1.99691360844628	1.19587073930059	0.260193543985065	-0.0167652997066035	0.766896021208165	-0.206758989697151	1.99362300663873	-1.01573606192051	-0.0758030821770253	1.3397420494476	-0.832789999966308	1.33188597358307	0.978533787528732	0.994718734897823	0.936815777852006	0.3777804371461	0.663799858534136	0.0659218903787371	-1.30859477814002	0.737700948732265	-0.914299968428754	0.00325753184329132	-0.695012258784192	-0.184485251982368	1.0196952579387	0.131928962338854	-1.20370740101954	-0.402621953445738	0.609301248365848	1.11377273342446	0.0379105834627443	1.47205191015779	0.641437586323659	1.36621117764813	1.23949761899234	0.439637059688436	0.769118293697982	0.115958308527113	-0.105136177602982	0.88952957208041	-0.431582117034529	0.310977976213692	0.618452793271196	0.360564887288948	0.584241408702629	0.0615878941305729	0.985804615914876	1.48226500211477	-0.045916236758821	0.749243796055455	-0.28205285217017	0.37736326835174	-0.371673350583798	1.04162933507727	1.1776072396201	0.947520289365606	-0.154284947837479	-0.522306058578134	0.899885712992256	0.798012953273948	-0.446631324471984	-0.363506076436754
-0.525277284101297	-0.544977294932414	-0.831766108717611	-0.242292334063179	0.44448195155762	0.956895593484198	-0.067140404277347	1.13423319319505	-0.270476072144055	1.00067868239759	-0.903032276507339	-1.01608434492058	-0.444862575809094	0.686610158542313	-0.39614569041183	-0.183671189986621	-0.289757666743406	-1.47877800432947	-1.91062487490669	-2.57791533930128	-2.04327619726309	-0.355423710900166	-0.693081803038239	-1.38281970147856	-1.17681547445432	-0.190966540453569	-1.94130075347222	-1.02496034293144	0.292378575205988	-0.279609143222681	0.692194722960702	1.23347942474216	1.62961019574274	1.08042155194989	-0.0978916213161704	-0.233639532335864	-1.75331587491349	0.438562529832059	-1.56452775562793	-0.811179367322044	-1.45162264612391	-0.913388851655517	0.219782733135951	-1.60556632617192	-0.843257894265774	-0.362436619315055	-0.444129784638614	-0.914770998824164	-1.1758161354157	-0.32262787270603	-1.61551008243452	-1.34503619852153	-0.844848280480161	-1.67931754589141	0.696812414283515	-0.131938033883146	0.099805381656911	0.592883415105975	0.949862908786707	0.339808670927588	1.05576041153124	1.24145080983931	0.86954919345069	0.981828605537023	-0.0595701392298011	-0.110221973969029	0.0884028100355393	-0.576231829814188	0.553981495720612	0.615179604781783	0.864785687369775	1.49392955544951	0.489267667696738	0.332048358344375	0.761843625653401	0.497582631978002	2.10967003076856	1.23867173575315	0.16480964051661	2.01342625862546	0.42926868323158	0.379679407065905	0.828352032508328	0.585011432681064	-0.502839460969041	0.66538859005892	-1.1038858173749	0.79736644054326	-0.165196446687888	-0.218096384066366
0.492627104293113	0.842060211573982	0.819560046574238	0.494773761352573	0.44633495317019	0.0515338726293477	0.493442612329513	-1.41799165751453	-0.587885562583583	1.34095338376222	-0.3218931605538	-1.18088073793975	-0.408555339419852	1.45463079143814	-0.412073543776543	-0.314095519287953	-0.20622102834577	-0.406557979955494	-0.158030552235006	0.741893262782657	0.953060150902941	1.59597487560119	1.04005691723718	1.06056256450515	1.37929966972458	2.43951369694266	-0.481254635066607	-0.785836257780955	-0.308685542082005	0.677277756156053	0.402656104692511	-0.516008711948265	0.657248470529259	0.48363416443149	0.601276622419211	-1.2399710614833	-0.487344310615936	0.00815197486888345	-0.927741779753037	0.470006726676559	-0.053731511716556	0.234801168086295	-0.333728810601131	-0.368144807899851	-0.373033446598793	-0.676670246791681	-0.0109061292154561	-0.287810565732033	-1.25663661132006	-0.815827708035497	-0.618285096834772	-0.745014069540149	-0.833977740854383	-0.380935814193303	0.896319516188518	0.090359077765147	1.81919684457362	0.694225192824277	-1.15479664013768	-0.646570081869706	-0.354515139836935	-0.294532979906881	0.777774424794807	0.641947939226598	0.557152590076825	-0.599978233258172	-0.145440499955354	0.448664476766699	-1.14487132089965	-0.397639088835918	0.330458167500713	-0.983911879081949	-0.684060129123859	-0.000127408983871587	-0.0356994035372689	0.0351586923724492	0.249696974991781	-1.1553860264051	-0.425615266627597	-0.423895316358868	1.02032676644044	-0.531882367763936	0.446335568935641	-0.472466683546757	0.132770780320594	-0.764421466073447	-0.739576525814525	-0.0435610998487646	-0.871524383464965	-1.5108247328384
-0.854387076951968	0.100856429213179	0.561828246464247	0.198690688550136	-0.00180874182655835	0.191876528675156	0.477247747373495	-0.866599543839454	-0.320277499101923	1.05663473071066	-0.898441000877323	-1.1318926389372	-0.0559545340183343	0.609369606818905	-1.07097288001471	-0.780949166906121	-0.697512377647593	-1.32066338737756	1.29661925886857	-0.0331790126072507	0.658237249005745	0.880483566859596	1.41086538297843	0.864732883173114	0.65563880971403	0.606371812664562	0.602090259124937	-0.00889203119725086	-0.934301306987479	-0.0487309894904525	-0.596975619270765	0.211488659659087	-0.902546886947076	-0.686596321279863	-0.484186854371902	0.858626415620653	0.571764505063357	0.15380400080192	0.36971086794952	-0.129586607426737	0.817617220184316	0.0794616707959486	0.324567438762076	-0.0552461499711813	-0.0954049363625585	0.555013390985518	1.21469819301095	0.261029216712304	0.597557557164677	-0.515887342399961	0.796028383747574	0.355468363324633	1.2596711070524	1.28784916060509	0.3981206177927	0.963946359467954	0.674830540240956	-1.51831438386807	-2.00255544076837	1.20244651467918	-0.300663474958609	0.304593267814835	-0.188070890480704	-0.573643558950487	0.372062663260927	1.09790939282977	1.80736009375687	1.50084308940724	0.375810803447901	-0.187093121409134	0.0304464290243142	0.360225985218614	0.276418565422489	-0.289480724164687	-0.376840015508199	-1.45143665291595	0.973643078238529	0.136719613436564	-0.716586583580988	-0.427497253414531	-1.19872520667115	-0.482731286895808	0.0752753377766018	-1.18693684567325	-0.0990248218137497	-0.564250570278754	0.227578643223398	1.16244716458258	-0.888778640732637	-1.19184892530418
-1.15778816912182	-0.62128608183731	0.842813140685695	1.09386401210221	1.30039803037099	0.995924202781907	0.955388698533794	-0.659467171604398	-0.472105608947428	-0.138802305589507	1.45611213244024	1.53481399656998	2.64340758315857	1.04702692303963	0.997745025356976	1.67877184347737	1.75363961439187	1.69365413993304	0.242403040672524	1.34240831432618	0.823287067556388	0.516864229441776	0.915235004175701	0.230103985384965	0.715986147521633	-0.482690546624165	1.4472993891886	0.875642409769224	-0.746397427712029	-0.250050367563716	-0.909967405305062	-1.0541172136131	-1.14629017751565	-1.41044087999966	-0.148863205932493	-0.800080806552519	-1.70460343514479	-1.53303009426023	-0.905365683853413	-0.294475011183962	-0.82366658465542	-0.876099885608162	-1.95207181476732	-1.34691964164452	-0.444796742956153	-1.52059100053853	-1.59560602127521	-1.25707979023374	-1.55562057318381	-1.34618751078658	-0.410868565135608	-1.52515846064573	-1.37655913634077	-0.322059240542615	0.883929262373409	1.2954590379374	-1.37213667625864	0.882148497792511	0.179135869282419	-1.16400703709344	-3.01912502916919	-1.02608840483572	-1.51210725683769	-2.47429370722395	-1.99716151203953	-1.08284426888892	-0.647166978764456	-2.61747091567736	-0.774105841617848	-1.01662613726518	-2.23940692609661	-1.2752539257975	2.71464934479961	0.721232993163486	1.10793689747294	0.734492278256522	1.7232877060469	3.03473816029745	0.796298897813082	1.091557867114	0.378804193724096	0.416772938019827	-0.448261908380896	1.52115147188789	1.34329904455904	0.997213460503811	-0.33744557784735	1.05516047127804	2.07674689005082	0.646925259032375
0.271855451768675	0.569160777061251	0.350971354645831	0.742861681526372	0.674774380600188	0.929663561854191	1.1935202328413	-0.805739961243292	-0.209009014568789	0.273481139736874	-0.429466969996306	-0.65851573830489	-0.720586297972633	-0.237804569163852	-0.275363823776341	-1.09624448994607	-1.26627198132018	-0.156978276071985	-1.38500515797167	-0.311629647835922	-0.0830461170574331	1.0685941660003	1.07313304836601	0.468713794568612	0.902923314027969	0.115252451294253	1.03049252925749	1.10411945036436	0.923690715186103	1.43917197205182	0.762476185322529	1.97192167574897	2.65108757392696	0.598119711199148	0.247363503523691	-0.175017356771168	-0.137050857433035	-0.133856260237772	-2.28229454409699	-0.800549199817121	-0.107839385659202	-0.330882488152288	-1.66874861197302	-0.3893225803465	-1.55903057963403	-1.64495300952028	-2.20102929331569	-1.32126216286628	-1.95308642974155	-1.60648696473566	-1.44373945057361	-0.729844918825016	-1.48699287072406	-0.770027573763199	-0.19556454559857	1.45012728585464	-1.4102715626612	-0.872155411555213	0.356467280520955	-0.897245882203447	-1.5073398774908	0.00768449051286297	-0.701718389238501	-0.915135671495447	-0.117377906984043	-0.504688733885893	0.0241313915473378	-0.512382189927797	0.836528219346191	-0.249028760430633	-0.00421642954353106	-1.06065012747748	-2.04895466438012	-1.04311730728008	-1.29075637680658	-0.188418847167731	-2.00274659264635	-2.1223597796767	-1.25093948328362	-1.65553117372227	-0.887446884547058	-0.713570510257004	-0.690296607557637	-1.36572123969011	-0.602364582395949	-1.34248239017915	-0.0786928410836359	-1.08798464975968	-1.2236872806907	-0.450694203523573
-0.423210486012562	-0.605827899843068	-1.28426944508352	-0.0451979559946288	-0.347799744425401	-0.0298893060533693	0.433823544092637	0.397990937837663	0.917964221363642	-1.28519175661927	-1.02206824804704	-0.606537741707658	-0.65672310275523	-1.62395775464561	0.632425425154718	0.203279401221998	-0.482229539577653	-1.36747621007194	1.10960863397013	0.131745391423541	-1.19590672344765	-0.730245436989701	-0.169603374927684	-0.566394696409458	-0.951670296901705	0.55414589225317	0.770005256974832	0.931608036487779	0.817155182159746	1.33773262988626	1.37815247201548	1.93707920257693	2.37712785051102	1.25163300852447	-0.421316074750566	1.09894835258487	-0.296819563746938	0.0708958628586288	0.0415570727814562	-0.578529969246588	-0.66337473193383	0.145280193906294	-0.444118158585431	0.215202724623557	-0.519286864514483	-0.534136941239415	-0.11132037506759	0.0154959349465417	-0.61003643859708	-0.491318077199734	-0.313866837339122	-0.527746423510759	-1.30883033742972	-0.638277264993726	-0.50581192980071	1.09858124482821	1.05658247913738	-0.0351100321615135	0.105748368557546	0.323205116634319	0.551896634881731	1.21287253383528	1.20146877543265	0.500108680506083	0.964577350753362	1.30683157563069	0.754839233312109	1.0227898894796	-0.370830012919009	0.686656089462431	-0.00415481677387762	0.264727904793147	-0.231257015479489	0.31170360635466	1.02946827305441	1.71300932304103	1.43509409054495	0.502155052948547	1.39412166452638	1.20051110719331	2.40382294256178	1.4170506514698	1.63046848535639	2.38117196097167	0.535468256313468	0.475516708402576	-0.512885134215631	-0.623281407639267	0.137772098855113	0.518271178451551
-0.316226330140204	-1.13846062426806	-1.61496977143225	-0.681977912471497	-1.58784230491332	-1.63496956476801	-1.12654130480596	-0.47863297861301	0.0635362864931842	-0.393192742727161	-0.211372435923574	0.2708538829504	-0.398577795758159	-0.972895076148618	-0.479835438052888	-0.809253709561899	-0.190418669505323	-1.06630283298397	1.33086418342505	1.93390010132607	1.47256269122482	0.281157491865741	0.685563787422262	0.892952353218464	0.887070312492811	-0.703357943835354	1.09734091776382	0.692630462286928	-0.677375167245517	0.277615892307851	-0.489521700246257	-0.394957298888882	-0.64000799751877	-0.0260944171815363	-0.00515181163463166	0.661102145029025	0.387641577187514	-1.02584769508064	-0.416751260052721	-0.397040620009776	0.742028936277702	0.06023681333619	-1.75559696192678	-0.111317700524863	-0.775088902232835	-1.29156330650548	-0.412032677962759	-0.369516355834017	-1.60174198604797	-0.402775881731642	0.147779093670706	0.287783107102655	-0.679824194708477	0.707644900271801	-2.40087219533323	-0.774500420573131	1.62564515598295	1.67338476454043	-0.291822984124816	0.388562391178658	0.502748678290225	0.478587828594638	0.0764078847924738	-0.880983047329858	0.706937747872094	1.13188137317839	0.281675138876049	0.891666162354198	-1.74300815141911	-1.07365218285088	0.0370554203475391	0.506396703397057	-1.0801596839434	-0.595398918592437	-0.557827742659303	-0.377746758803492	-0.544132559888932	-0.983103331150951	-0.44067799691299	-1.02566270428642	-1.61905438045252	-0.649334689908058	-0.517940590442695	-1.57730316712667	-1.2613368396182	-1.26453681570405	-0.338521273507978	-0.0437506884234895	-0.442378338522533	-0.863628335684649
0.230719990315616	1.21405038829399	0.629305421476677	3.57380906008094	2.81802343825246	2.20978232625446	1.53532372917328	2.13530578309486	1.14977469616596	0.291877878678505	-0.109538264641435	1.03417704935481	-0.288087528607353	-0.193244374551819	0.27473309184674	-0.861093424766018	1.04368057888504	1.01046175037154	1.16367625647811	-0.0148264997656598	0.573061930844123	0.222123524272493	0.258104983300066	1.25942060342759	0.872034019121722	0.734555900372577	-0.0513367497358604	1.1454844334095	1.77577548556996	1.74005129706569	0.771570712878611	1.94680317368269	1.45622420066222	1.75817629223375	0.833727793887813	2.24440348320231	-0.992438224292975	-1.19787246028377	0.24722878025448	-0.350137448946489	-1.0594125755716	-1.10276969906816	0.367122841273258	-1.36456731828624	0.239286228358396	0.447778710253809	-0.326049278259588	-0.233391190033614	0.65508340033389	-0.165886331663194	0.0247886385946672	-1.31638830900733	0.701587244797095	-0.346802190044751	-2.25263312041412	-0.535285326483921	-0.0703376123925627	0.892951696331114	-1.44124480299632	1.31526016630145	-0.46828835520309	0.826289572811302	0.0889198419767957	-1.58351432339901	0.452616604274305	0.811926327262205	0.806173311634244	0.432001627876143	-1.11854515441115	-1.52173069424379	-1.39950405886	-0.286458211374466	-0.801375992285883	-1.18316845633336	-2.07599793790142	-1.39979702146617	-0.0807062288409958	-0.0622665113950538	0.292526140307235	-2.17787821027049	-0.580416281269214	-0.225105590090899	-1.00052976992559	0.00488278213789655	0.13748030513516	-1.26766928357038	-0.170408908168985	-1.18555183015958	0.348633777489928	-0.175177394975559
0.100062173814309	1.21250968960305	-0.0656637159720556	-1.1937502124114	-0.720329419905148	-0.44533446287807	-0.154220992640427	0.958485077503927	1.10532408390384	-0.393211406482897	-0.0494390483282599	-0.937095809793786	-0.92566754330612	-0.498356599513224	0.492358884169169	-0.14583467486419	0.0262046011600042	-1.00263329139923	0.226439443109042	-0.0662579601958747	0.356821086837126	0.666061648337479	0.834926976597744	0.592734818846168	0.731845211712306	0.357859544913467	0.0543637653030434	-0.0374451645901228	-0.422477788797008	-1.46717740013168	-1.14738626962734	-0.943094128309567	-0.693877562482069	0.322412480751682	-1.00113027975008	0.284178046301233	1.01005977267811	0.219188498586795	1.11273387908911	0.424680535772305	0.412095047512808	1.80301990242223	-0.213170474015785	1.36907266621286	0.351696030361873	-0.0907708892694835	0.522471220248225	1.42638221674249	0.0942964921388309	1.13423696089794	0.29622425535816	0.423145587164493	-0.725423543758838	0.927926016823318	-0.73525594029527	-0.640048965057189	-0.071146300591468	0.722153352254968	-0.704212898803497	-0.518131550063201	-1.27764417082859	1.19573843306833	1.66728923577428	0.0504850417335499	0.836111826298352	0.132022699796165	0.0284451898277	-0.766056553733462	-0.907625646438283	-0.978282626717064	-2.06530208579612	-1.42740953882813	0.229758705753846	0.586009600260291	0.294915630452899	-1.08710773297476	-0.951139970595142	-0.582883110619263	-0.696756708814812	-0.0477399761303499	0.622305916966158	0.249442620216086	-0.301500459008317	-1.37005089234951	-0.845573484655804	0.0201359756316569	0.663397889690302	-0.979616636682062	-0.944253207317613	-1.51960265992778
0.677586050564612	0.0513878530699753	0.165210650897703	0.389772007639048	0.335520571783974	0.432418973313603	0.674364668373089	0.229648309109007	0.551042083077866	-1.02746714991466	-1.16421336433338	0.460689284825222	0.0881417227175776	-0.488740876041642	-0.395060394641576	0.0578135146305346	-0.757619287810054	0.471295965704716	0.972542819609619	-0.180279853084465	0.0436191752189716	0.935877642434293	1.41953737671227	0.956206581743504	0.6415556364551	0.763867112038108	1.0679891599191	0.374729224405906	-0.203166137205476	-0.0643273004212528	0.394571212022181	1.05991038722279	0.547729461147709	0.602729007343914	-0.615082274006103	0.922218747043576	-1.63297837344674	0.21860999176721	-1.40809640371757	-1.81104195132789	-1.44118901912854	-1.11291815837323	-0.435720149964264	-1.35837251900815	-1.02810949364123	-0.961309799152261	-0.709612074374181	-1.92943104254247	-0.6738471033652	-1.3193793573223	-1.77056106328651	-0.867600970399937	-1.8399959981232	-2.04039793192335	0.0539684932965226	0.0479515634211906	0.917124567810525	1.18619029849858	0.200178146180469	0.404537652025583	-0.804826274800974	0.596087760687811	1.42407476563045	0.994196704282535	1.61831369041191	0.149758672006104	-0.023792702971743	0.418418326129731	0.247709863346617	-0.69081807364135	-0.306829520632628	-2.06578580768099	1.16079090877224	-0.936641285520868	0.304309333688454	1.63552610813983	0.556510358901684	1.25425077516774	-0.723574929505419	0.220486465939419	-1.71951696036572	0.989235630230186	0.0466866314563105	0.334820757355249	0.690867390333161	-0.152200378822506	0.157690929416683	0.218120122327135	0.283890683743417	-0.10158728409464
0.711857958726857	0.705718894092975	0.520022619257847	-0.985145895359438	0.238680671273094	0.370043701460033	-0.38371203541601	-0.26609792606745	-1.1413568426751	0.170897068650842	-0.849952439239993	0.871439798754034	0.774778138917445	0.230853906611863	-0.402686511499865	0.425846840212863	0.225986555961679	0.701013337935932	0.709562139152942	1.70832427211128	2.36121798995669	1.39609486877463	0.853914991346772	1.2523614350882	1.72230601397471	0.930437475580163	0.543078790359862	1.01851701705016	0.119873051738538	0.00445282218731114	4.42195691030489e-06	-0.303152578275407	0.030791983827935	0.416790525270778	2.27920432217159	0.67064854888164	-0.545811501084118	-1.69822052757919	-1.0402643982403	-1.69377911091237	-0.513699164523019	-1.73178853538377	-1.25435635657735	-0.824678593555844	-1.24936682642035	1.33821807933161	0.90891967961962	-0.877523622874547	0.125001681772937	-0.576314771067749	0.869414586216877	-0.723014389781047	0.494029336208055	0.175949320173357	-1.09667081684767	-0.0428711524213079	-0.61940570669687	0.395206856934608	-0.189496010916696	-0.509978796263155	-0.746209304923965	-0.411362252894204	0.48542406783082	0.968045348223968	0.0606998495319357	-0.306643608842505	-0.14622710274463	-0.492528920719617	-0.341937981452536	0.263972707626222	-0.437604302812923	-1.85592091708369	-0.969381965413086	-0.500640667803858	-1.23444219249521	-0.731186914582163	-0.725473685813116	-1.10484656577026	-0.169251174569925	-0.227822950619531	-0.151028350350738	0.460966808947481	-0.510599134266115	-0.574547732757656	-0.158585716256266	-0.00911779267548397	0.0818488984930366	-1.10156849306909	-0.373588534632605	0.160170579150095
-0.0835315977330831	0.636617981309037	0.935376754728977	-0.27933494635071	-1.0532956085377	-1.32391710629141	-1.17515723274539	1.55831021784983	1.30785291447712	-1.64112936566571	0.0358487561309189	-0.239698155575434	0.0605361760902614	-1.63450131818263	0.0733470507818798	-0.0515331915268374	0.372988436049549	-1.12550267163683	-0.816020534615795	-0.971880172265888	-1.0942994915327	-0.0953818445026753	-0.0256579206893111	-0.111135223880114	-0.290015933510048	-0.604453281265375	0.449053835483659	0.266412937676116	-0.542709665468411	-0.584990069202041	0.114069775263662	0.508599597001021	0.577994543686207	1.39575183639369	0.230556183621793	-0.477215674959926	-0.135844664620267	0.141839366414244	1.11614751867868	1.34162268873086	-0.358459738827605	0.220009280976936	0.564819602924298	-0.166291266619775	1.13172304601306	0.765135849610928	0.09271497088111	1.05276365922038	0.433151659590056	0.513164832777811	0.178753055834933	-0.245183698178656	0.334727567012741	-0.0705121594727296	-0.0747200038223589	0.495140146425936	0.297714076584956	0.5523758023934	0.543405885736177	-0.121928259763063	-0.985683562947289	-0.631156004056354	-0.214540990889436	0.0880304350964541	-1.20938740388939	0.204073996853728	-1.1090920545426	-1.32723630324091	-0.498291849575091	-0.0288238711768026	-0.738823044907927	-0.845220063554898	-0.218213940228068	-1.26769119812443	-1.98572046554594	-1.02393563985795	-1.11893902658507	0.0789848822827567	-0.912368657837274	-0.816757920639914	-2.26817798262459	-0.194167848794213	-1.15535421737889	-1.2751649581588	-1.50275373969426	-1.22779611786428	0.651338983248521	-0.213215293601723	-0.998697064881258	-0.227197996115117
1.72926557382008	0.79516371702601	-0.124264222886956	1.28175827511897	1.24736243910169	0.942145384818368	1.24899183764634	0.0526678628365155	0.550925650243444	-0.26598667924064	1.12463588501187	0.680361981532253	0.988747220550448	-0.181915254800803	0.246593070329251	-0.577908795752451	-0.474330049193989	0.604832319259446	-0.0706586228822647	0.0413099410462493	1.73144892139285	1.79488081483603	1.28953436073558	0.830288085504925	1.2878259689991	1.44486206395154	-0.823963131140244	-0.883399386590049	-1.30482952010158	-1.71222268228472	-0.186862909623054	-0.0616743586897719	-0.00374617487849731	1.10743914358726	1.38466468071145	0.673714770492928	-0.0117527758555726	-1.43680625263152	0.766189713311389	-0.986664917277142	-0.369668144334898	-1.18324847633835	-1.39364450898614	-0.403297418527931	-0.491802781818767	-0.204390758071512	0.679244997373713	-0.940560776244217	-0.104240168178037	0.33223792948441	1.57378822110955	0.446927986747045	-0.572576219186033	0.662199962720365	0.612085269734042	0.166922424350677	-1.2976370744421	-1.58877611265149	-1.02880712332506	-1.92464781786975	-0.558904860233111	-0.880530774803841	-0.693404075248035	-0.978613816155879	-0.940787235316949	-0.56705810410494	0.492130750326775	-0.111174679781241	-0.0257853693527616	-0.30862860188224	0.0649773270690792	-0.436227201888993	-0.703886797469058	0.279141951679233	-0.618948391438943	-1.20258875383397	-1.24016183735544	-1.09929731575435	0.771597267162788	-0.98268453827228	-0.254614708757159	-0.957680729636173	-0.991662764008829	-0.513456907414302	0.378770271290848	-0.658440441008711	0.828729030214068	0.302692678457233	0.650710592807508	0.502932893740983
0.587904633599438	0.878997454996148	-0.664625264983334	-1.07790228886808	-1.1554306515715	-1.00439391233721	-1.91718494999009	0.971433558066115	-0.497679095011728	-0.201317970129184	-1.94254068496984	-0.552424284103427	-2.13885226307328	-1.27848902333238	-1.36276285935965	-2.40178166553546	-2.26039868893434	-0.666600308291077	0.872145322338062	-1.25992420820152	-0.817119031281415	-0.66038729486499	-0.355755244593934	-0.363037827931141	-0.89230267906325	0.375077152657024	-0.548060934859335	-0.575537590602689	0.0978135391974062	-1.59484471846208	-1.25982173457405	-1.63936756345615	-1.35232294870781	-1.47121698236091	-1.99150028460765	-0.185236309473255	0.856568055595174	2.03407790184492	1.71323870165892	0.674888779060942	0.640195494038163	1.19218579578419	1.20395844256854	0.411942439048784	1.14171907925429	0.258434657385511	0.793001008493532	0.920786020977775	0.842677923213847	0.621183581064974	0.514319750615786	1.11270609687848	0.121076066482579	0.904895917135509	-1.2959867998979	-1.19178325019126	-0.302011156998972	-0.840039203632346	-1.68173169654931	-0.211365163073833	-0.208036916353563	0.263461824168906	-0.567309131537271	-0.926857995053558	-1.65098173688487	-1.37874354953829	0.17202176788515	-0.92427250586189	-1.17319436900315	-0.71115740908192	-2.21816771906927	-1.48235877785011	-0.154890890778343	-0.716759604284069	0.819246994029464	1.21719648952296	-1.11299053673439	0.0888494293987349	-1.18398882595311	0.594760989142623	0.516423077427214	0.305719098356833	-0.438110007786951	0.139424286543508	-1.11472105207891	-0.317823200939375	-1.1131582839968	-1.3137564098808	-1.24747234331244	-1.25094825452723
-2.00949350380607	-2.74036800106115	-2.97907433500098	0.674422487834966	-0.013697204706252	0.208336867814075	-0.0694076262050915	-0.879756591475868	-1.05226217789693	-0.669730029141273	-1.2611888883308	0.342582538983644	0.655471649765838	-1.456540571658	-0.659774238015821	-0.390234757942102	-1.39771409674848	-1.60417367917424	-0.19862019714844	0.196040929803956	-0.940437692485204	-0.357757327204757	0.1220229392467	-0.218322378123103	-0.394936817638797	0.298982168170507	-0.386925385563466	-0.374972693208173	0.0374002356793694	0.0627623556149291	-0.143647526939067	1.06950512428635	0.948380033157477	0.381765747009373	0.313698525877937	-0.195008906212075	-0.511579609725815	-0.90522043385568	-1.5119848550501	0.18430955706969	-1.12347697722308	-0.209672484279756	-0.614235974878651	-0.0564663021509167	-1.97883494571881	-1.9326928177319	-1.6746131844875	-1.1901517176856	-0.42112679249786	-1.60640177040651	-1.15249383825775	-1.39904259676609	-1.50449681502013	-1.713131827945	-1.80652546173101	-0.524506325858821	0.109764546007531	1.14431033793074	-0.00934107807171888	0.92704033926051	0.678134524604945	1.36334213120858	1.45978138232191	0.949935890663413	-0.373849435715819	1.13655377834549	-0.0068699892578311	-0.779664012683607	-0.589041146191363	-0.215030972314323	-0.807443377521253	-0.487128011542143	-0.414068792833967	-1.39841821024075	0.183419558158384	0.184433207083527	-0.584237799073841	-1.18036082952803	-0.979234996201027	-0.700683814573683	-0.214982708903194	-0.773535998577737	-0.594324060715188	-1.00970534904948	0.426152380247593	-0.592785320971909	-1.09781614298706	-1.31929326131596	-0.244704225535325	-0.463895213603285
0.792458267770364	1.47552331601104	2.06095199807979	1.22836366548438	0.0381081872395618	-0.372618465802849	-0.502753995287137	0.0831722667966475	-0.14396410458584	1.30888024312387	1.76249214426817	-1.083613007965	-0.131919384465973	2.10620639531891	-0.915001239509741	0.616110597013905	0.815211108373637	1.40971005309221	-0.204775668140488	-0.856016381712683	-1.27084275717096	-0.563896493617352	-0.26367713505466	-0.718912759829529	-0.40562714151834	0.18363310118555	-0.547253385900221	-0.700009329405001	-0.0253244372167552	-0.823632336602408	-0.452810411457017	-0.770346986905845	-1.2569865106798	0.423298888009787	-1.4935627843278	-0.16478693701922	-0.531140302791809	-0.981446894932085	-0.393440711788005	-0.754843274391366	0.0339008382117904	-1.15203588789434	0.6681903809387	0.460464281969822	-0.113415593877052	0.507133750273777	-0.229579722569042	-0.758993793058281	0.2144686111823	-0.669627000459573	0.223555744572285	-0.253001781007768	1.55914778559095	-0.705161558277435	0.380563015410517	0.917059319784956	1.29280988699468	-0.713405573133115	-0.376111676929596	-0.954819982601739	1.28334828307232	0.34981985885708	0.647259895246182	0.187078351869913	1.52729069990139	3.51213004001283	3.0370698568267	2.07969950572269	0.495464716385024	1.5500710380856	-0.0676859369777589	1.88655982029782	-0.527143419435331	-1.38960597290753	-0.681591807631871	0.549260165314106	0.273078507684757	0.145092998756794	-0.231342178774577	0.436797601174808	-0.0909574700521779	0.56005491442799	-0.192001703740275	0.366574741192406	-0.306641786233606	-0.539592781734944	-0.648037607338142	-0.969366864830928	-0.59307875343162	0.154455867750202
-0.531533443216158	-0.101105520399055	0.527673815064753	-0.525642551335622	-0.165435781555142	-0.12340497928641	-0.357727828873721	1.17698156748743	0.648369730980074	0.0684954409056728	0.706229897777533	0.515096319620905	0.284104598149348	0.41932701093873	0.626654739335535	-0.0248611814500255	0.949594857990416	0.727994043256061	-0.672752219158766	-0.975821011981829	-0.0134274194897869	0.0224061716935814	-0.257678446909126	0.422581730631397	0.373019414669404	-0.374457998005857	1.14712973777479	0.784920990138326	0.33706164889967	0.143341335945491	-0.402494086951142	-0.910466507933897	0.0140812460522835	-0.713735289776937	-0.689025121508607	-1.24533207485683	-0.0230501707730637	-0.208689057667852	-0.83925743067968	0.62600837495146	0.428917549128607	0.136279105871678	-0.151308281976863	0.389037553674527	0.139515373227116	0.45405838294978	-0.150161706245685	0.106321729019049	-0.531126140618384	1.39546902150135	-0.304302123453892	0.184736201166864	0.41042830134507	-0.308108819561754	-0.668083430860044	0.813934872485031	0.999091154648911	1.69637669165411	0.144772231369249	-0.930605224935878	0.293575645555637	-0.18631501510097	0.146165452659371	-0.801426921836279	1.77227762476277	0.39206913126338	-0.479853050774695	0.286328198679728	-1.18250009878236	-0.323900999362401	1.09123287079082	-0.518055701063904	-0.84834219088029	-0.603992340561176	-0.674648810494921	-0.345629303382443	-1.08223942510305	-0.996065391693937	-0.467520255558425	-1.41558563697225	0.490310257602216	-0.121819536921186	-0.584305780309494	0.862812811269876	0.236882075171207	-1.37313468391976	-0.683322422585712	-0.365295833388871	-0.693627238118721	-0.855506462799058
2.5855748569978	1.41122667110838	0.370649081546474	-1.65587203141204	-1.30483168882598	-0.660771103954105	-0.402689215218874	0.0997748984854981	0.333436506485926	0.851918605793041	1.64458185047184	-1.16848524735804	-0.46793157259058	0.429607528554882	-0.214725120554578	0.149596677253283	0.355432191292977	-1.46525658197778	0.560802713847046	0.0201374421133812	-0.189893916196037	0.424020197683589	0.436853507711076	0.0223029195736897	0.0271626320910925	0.4793197779537	-0.984474680089693	-0.573473073471503	-0.896131224479225	-0.361183345026293	-0.548814676762208	-0.149031710195719	-0.0607168953733711	-0.153962148313018	-0.819074273751197	0.347224973954257	1.93139758541291	1.31474808437455	0.82791798801848	1.39661300032475	0.901010909960335	1.5899017442504	0.782659077125773	1.19495090602036	0.0661898415333263	0.850995372892229	0.562594083317934	1.02402193541764	0.530965493022745	-0.152080999026899	0.0497367409025167	0.0690620084578615	0.426367649143016	0.543613265039122	0.20863279322397	1.36966252614595	-0.104653837008494	-1.22935956364833	-0.169506657955995	-0.186923226822833	0.109724554126741	-1.32665540922679	-0.952372253435862	-0.247158177874361	-0.945288264531366	0.57468938790902	0.550318256621475	0.960729718285177	-0.138978285802841	0.64821329437153	0.135935142445896	-0.570896311374088	-0.662953592699586	-0.351658458143478	-1.28046426561909	0.298600608217992	-0.3218009863168	0.236262777993906	-0.0428283838647276	0.617680107227453	-0.5552830769784	-0.444562710748247	0.405933081947396	-0.0413001626909381	0.0143595950886328	1.28156872750676	0.060501230976244	0.292830362213941	0.053404246329141	1.09311079751614
-0.892540358826218	-0.708463019069298	-0.449077442493088	-0.725711278271285	-0.299932292107982	0.589810575064668	0.829658557434702	-1.97899008736809	-1.2419991155337	-0.919285100952666	-0.899808268639688	1.04533986991107	0.465665261204961	-1.24635609548858	-0.284336161276785	-1.06768680872048	-0.513125946506194	0.48990989646179	-1.15834468402239	-0.47840570681488	0.3512553193187	-0.67646283573569	-1.27180063762065	-0.0475816511616275	-0.674377892437711	-0.109236631589591	0.117402482418303	-0.980646951776727	-0.625791589799346	0.539252366534375	0.314902006333465	-0.709569269318693	-1.12372331963776	-1.9583270159821	0.0819842821992793	-1.96202862367547	-0.676888188518897	-0.218628017425457	-0.479480034227543	-0.476826001567838	-0.927893695002459	-0.511513786626419	-1.217116818769	-1.05229415713704	-0.658286779981252	-0.235736324741012	-0.791002434903609	-0.157073223895672	-0.845267948453171	0.183042905690925	-0.990643232116523	-0.232275904142467	-1.03948723219823	-0.719993813782961	0.354046854926679	-0.939809252744979	1.48282313004132	1.58315387287936	0.573759770836257	1.36282385975455	0.281782947070042	-1.09501830628285	-0.625912573597011	0.59716133131374	-0.64328048224409	-1.14901530452307	-1.47306223012955	0.0273213803771249	-0.379889262194072	-1.50633093940654	1.12610833583575	-0.547056287236569	0.24593347688979	0.418123123753418	0.478040155543558	1.0688050388108	0.652643572099455	0.65580578617305	0.203559509920317	1.03386854022671	0.293640653777342	0.0928676044151389	0.624826695225656	0.763594399107845	-0.286784077741742	0.615481402663778	-1.10760152475693	1.338899733373	-0.073203587436117	0.268284119436471
0.115140213829414	1.11781276963301	-1.20716471069562	0.256228867947009	0.503741698448215	0.324225989877397	0.326524038652785	1.15426226028675	0.987666691036318	-1.294162869592	-2.29943481704854	0.653437441610554	-1.03267859948185	-2.46842321209293	-0.440381058634931	-1.69124486417295	-0.124297849315542	-1.12262500884866	-0.182856146947996	1.29523261196895	-0.329882362769007	-0.818331672217757	-0.657310355967575	-1.33296225571344	-0.942380279786943	0.11241400632098	-1.61125868679934	-1.04948782995155	-0.350185920589209	0.262640261767663	0.932566312016047	0.303100315091185	0.228647967327401	0.691917882887782	1.05488797993489	-0.27076287535559	-0.285960879886493	-1.51994915926964	-0.104135125613752	-0.748647434988592	-0.14947054153637	0.0473393387963579	-0.855551103570507	-0.0294949525534491	-0.377229285670089	0.322234455534476	0.738542812205396	0.814460293317002	0.084247270963878	0.713759148711244	0.640845613301334	-0.0450037145881881	-0.355047737232913	0.316732336306078	-0.115052408776621	-0.202270504944049	-1.56752608704785	0.715406452261049	1.13202793589544	-0.839231777815401	-0.816769260893191	-0.984205335277014	-1.09339824911475	-0.462192011585277	-0.810650540430699	-1.07475434713806	0.104329510883831	-0.592466324909933	0.411538581700249	0.218089278092548	0.12208758423666	0.119649020041899	-0.855982740714607	0.0647912020551561	0.314079416310203	-0.102517338874207	-0.367979327374599	-1.33668166637112	0.0453136969258721	-0.36350767747048	1.43713300889495	0.674699787863923	0.178010888451784	-0.156774511287555	0.215849767070428	0.215742595660618	0.496609856945504	-1.8175875052643	-0.317721739855198	-0.148781388257979
1.46154037043551	1.85430636322918	1.38789040301168	-1.11829193719382	-1.06392941653193	-0.638391167634004	-0.121102586576563	0.187308082212791	0.740737174473594	1.82753623367693	-0.139154160937175	0.0277370121656239	-0.369539804791065	1.29044099647195	0.965412937731256	-0.575974723468704	-0.104952720669652	0.636121389560254	-0.0266011783277433	-0.231904760886474	-1.68319219013478	-0.634441119744057	0.0275740858068512	-0.0962628073761721	-0.458238881639263	-1.1370425172915	0.338788466956569	-0.966600800385136	-0.501278736426628	-0.510525732366381	-0.624699181690416	0.780797071697294	1.39383141024219	1.16204426312694	-1.05998789036398	-0.277921510400618	-0.129270655547604	0.927972624556435	0.438506107980314	0.471069489594526	0.962156805371321	0.0177249428327555	0.469997488788244	0.334626323653101	1.4184966653167	0.554810014779517	1.17903108561138	0.156034078335802	0.270080468562018	1.42916199523591	-0.183294294592845	2.09899839480376	0.821925174201251	0.126977975001527	-0.453212634823154	1.20388303769116	-0.0379976726298337	0.0390043979521537	0.0816951539000031	-0.813380416579067	-0.804604440143712	-1.01580467209444	-1.42114322352729	-1.53554463514819	-0.617254069271831	0.0173117965653661	-0.474351610650182	-0.424006557833771	-0.628696003542102	0.160412516810295	0.0392900489126149	-0.530548372118563	-0.922375809518413	0.309919052544057	1.50558895721802	-0.486767568951674	0.525478764646248	-1.8429701099514	0.873300724543639	0.252913349596078	0.98423993523265	0.114687944766042	0.977489281738379	-0.0754437939404095	-0.856335564231595	-0.339388710190103	0.315217100938244	-0.500809644906347	-1.08822175962889	-1.02503169862658
-1.7117473967619	-1.77452195186482	-1.60953242399989	0.517159761034239	-0.105939747435737	-0.156852925024681	0.432081009531366	0.376265673193691	1.04566138650552	0.940002431009697	-0.193665196949135	0.0168497091995602	-0.684251412252968	0.750042127467748	0.28517340249057	-0.117993704885416	0.199283036104695	0.276472724832096	0.963102298824124	0.273805369153101	0.672243075948764	0.571156664864462	1.14582252453102	1.40305711007256	0.872582842403288	1.06862101081149	2.61491560125792	1.46060827649176	1.37387205956003	1.54597188262075	1.22650172833581	1.6283659232389	0.631604262908609	0.0319782830508629	-0.169256204545211	0.996410457088178	-0.726820292743406	-0.0675883951143857	-0.514753140731392	-1.15766287039709	-0.481321530349572	-1.03452538944905	-0.515384116141045	-0.813182125188349	-0.388142958978354	0.128229499453243	-0.639855030105485	-1.0782717153879	-0.657387892386205	-0.101176215954019	-1.1010821289546	-0.199359562001791	0.402570595668581	-0.566993138131406	0.664799397689868	0.995678003634057	-0.954782734299196	-0.614239296889987	-1.32810626062655	-0.344826425377463	-1.04957082072592	-0.356857993827365	-0.746874794243644	-1.33230717051934	0.286608807302519	-1.07286994957563	-0.0154998589060588	0.055264198341676	-0.107851700080213	-0.0281676426729884	-1.07056283455198	-1.46861765675202	0.657811897321448	0.878790098495332	0.489353841291865	-0.974420857537666	-0.529114866017285	0.263933779292379	0.652980888693869	0.613208725097779	-0.369857425012613	-1.51787082713688	-1.41593961613307	-1.03400271158878	-0.634383414214916	1.56134775761287	0.161860833147459	0.336477123123647	0.71121746184129	0.752438336129272
-0.77150778354397	-1.89994130903385	-1.66120326776669	-0.581723376967042	-1.27793588363278	-0.615366997128884	-0.596946096808595	-0.574324666061285	-0.521103545044905	-0.766983733829416	1.46264351802175	1.59227079700259	0.897931238415801	-0.362160852731265	0.272069122252454	0.88293529764725	0.582017144333892	1.29789276557991	1.94096091648699	1.06225146993465	0.83480297714571	0.16827786219232	-0.0645271977795572	0.627944450160214	0.180107514040678	0.326637958278096	-0.231092584890516	-0.258152612069508	-0.0517993305216898	0.117577713232568	-0.305753472708196	-0.57715739926059	-0.276135008944766	-0.31479794562359	0.188428848335296	0.989176564519621	0.493619135891206	0.535639069450195	-0.452571298710335	-1.063243621904	0.651052279748637	0.311416230132278	0.0821223747210216	-0.376801068838755	0.337033235706984	0.412571633562998	1.23294987558567	0.337358159149695	0.211839104998421	-0.16618345996445	-0.335947617687924	0.81477613624681	-0.205260123365895	0.66820810634668	1.42237288525846	1.0854134424108	-0.833935079968975	-0.773930146667738	1.13881787295345	-0.167799200018795	-0.440565840587579	1.61212434532861	1.08527443419001	1.16003178356053	1.33393601490923	-1.12995806760966	-1.5654081217606	-0.84241589094819	0.296882202252245	0.0131180210141327	0.26883668468468	-0.523789467522036	-0.927966887773585	-1.87899529431707	-1.3253083751671	-1.26572654228786	-0.739074114625877	-0.981967237434693	-1.02062075318938	-0.999647155399528	-1.09511133172204	-1.22842838699614	-1.2999862096887	-0.798383448545363	-0.601131720162963	-0.88840286814863	-0.578671114562535	-0.78587630490976	-1.4355460495348	-0.6849651040498
-0.31583551764551	0.135611933743284	0.887084553597156	0.240689003983501	0.216689544135318	0.712343280760566	-0.255141553702854	0.0284360933949087	-1.13324561082819	0.348812531991817	0.129285916419573	-1.77719091815722	-0.81051284954257	0.58564668106942	-0.978008891700532	0.337639058194166	-1.0598760257922	-0.105534956548431	-0.598281016154833	-0.592134052315411	-0.22116441522235	0.292882350389312	0.422624187214351	-0.409354430655582	-0.0430191246006923	-0.00604568821005202	-0.516105098032863	-1.07872193988589	-1.24751691555915	-1.24137052546537	-1.42611119160003	-0.306511198104639	-1.18344551918921	-0.913820538191368	-0.611845119236561	-0.0296191252268995	0.861226319967032	-0.156123584324293	0.275185674446038	0.178421691701145	0.630175536010252	0.305752569387109	0.938781078227965	0.892528333795619	0.0221964420748066	0.138747706936621	1.4020057723457	0.344534170559741	1.26451858425065	0.37882823552169	1.40936057930285	1.12298417198589	-0.0048787733525644	0.209601925264924	-0.619320293633299	-0.840407329681744	0.557784834836496	-1.5249699251828	-1.9622685522703	-1.04680750322101	-0.809223771982415	-1.13799042723915	-0.576028050519965	-0.894801382623351	-0.0675912761862717	0.0220506354165499	-0.0574601701882976	-0.10969079184604	-1.23166223766184	-0.59722306128117	-1.49581747289713	-1.24974999693853	0.736141239954189	1.27240950790917	0.620316338755685	-0.227810617403401	0.723298851231497	0.347403660049884	0.488713401353148	-0.0098975099523275	0.707903791249832	1.20227217799168	0.521163002370617	0.398955692248652	0.771382372968331	0.257734008341284	1.33156608319271	0.372198036636771	0.805542552402094	0.179083875394088
1.90083794778546	-0.0572462680830167	-0.60900384107144	0.0447074848072846	0.501714572149456	0.266079041281372	0.90546314068918	-0.0259222298451738	0.832018825221621	-0.41652456650962	-0.59998836103193	0.433160926866127	0.159658662651748	-0.569187444901563	1.15022176358438	0.277815103022029	-1.398925213833	0.322784724876705	0.258091568853543	-0.115100742603232	-1.70759190680451	-1.20062798524947	-0.57255629679655	-1.40458308446672	-1.46745948863578	0.238891736090987	0.137144516086586	1.01359998978948	0.69228812759949	0.827663306304534	0.732515310641488	0.995805826040359	0.289353484287671	0.297188528213711	-0.514733197282842	0.450147539020319	-0.00386783308579504	-0.687469164430303	0.411023155342637	0.760601156437702	-0.386609793797909	-0.682921817353213	-0.911243550971941	-0.189855085608779	-0.039018739647445	-1.49023629229279	-0.345161478091506	-0.161515003878963	-0.357801132140685	-0.160744627311356	-0.071931446498591	1.04608845599753	-0.72309610565435	-0.31458341510997	0.713083356948245	1.01301512388611	-0.211613030874024	1.28690007874505	1.88035789555515	0.850885327281716	0.577107865197434	-0.413119643176534	-1.2820993286314	-0.320649249245433	-1.58819942080247	-0.404331353901431	0.106355236745496	-0.49943821906575	0.633066868819494	0.208007535251155	0.34926490107947	0.277957708128411	1.29471667444087	1.48028084526961	-0.0182684925564839	-0.363248646918027	0.492414439379391	0.389997923566202	1.44597035539555	0.0107461347017129	-1.08945781964414	0.747797860080925	0.460686725158192	-0.240202105567675	1.07296283481504	0.271153372295044	1.7685710550893	1.49208830013707	2.06821179092461	1.79740315871194
-1.40065940449483	-1.05873743717328	-1.30586986395271	-1.21754050094511	-0.854887979997975	-0.172004637083252	-0.707264359728702	-0.282192959113034	-0.939352903355252	-0.388865197509029	-0.439257326074158	-1.71999706608574	-2.46216467685229	-1.04183805224617	-1.32793899621711	-2.33127663596507	-1.31502553680604	-1.97098526898174	0.324763824233508	-0.588078881859864	0.998621904316074	1.18559387711755	1.43369205558352	1.31223461741066	1.49606377502092	0.110352667106101	0.933736387796786	-0.527737860429432	-1.01174085368174	-1.27310873399789	-1.98339143969695	-0.931611814764065	-1.37129863550782	-1.12527303207934	-1.03656372307637	0.000506975039953721	0.966187435411088	-0.174973086079849	0.359225964612566	0.390494603737282	0.249311092048609	-0.565304676948965	-1.90334191978791	0.072691020049142	0.0123622696137672	-1.67715272557783	-0.879867884580137	-1.28591416580378	-1.44605057944187	-0.491940722674021	-0.23092802396744	1.1212032661292	-1.21085182936093	0.415859620875372	-0.0852926844971807	0.0452349493543191	0.634775672993119	-1.03711930913935	-0.4198167071665	0.528541857559438	0.928421190427751	0.624557103733371	-0.734237231044733	-0.101171491136643	-2.28943071693829	-0.755006715167348	-0.368365189721448	-1.15037338261092	-0.980305292950588	-0.319191051213261	-0.0807077392177784	0.778499202492315	0.89137489847665	1.83507685358994	0.65228413909523	-0.455717843443272	0.251093573172439	-0.0442350590330824	0.919440252349663	0.771884415896662	0.752286198718484	1.07480309908393	1.12750915039916	-0.548392328892847	0.518016224692075	1.33393242539289	1.73675856089791	-0.25574677462358	1.22047195853119	0.695296986884133
-0.0828423020246252	-0.42757829577325	-0.639803008541578	-0.393457636192925	-0.846848124646736	-0.609636277733872	-0.460120564863841	0.538548142791399	0.559627736855273	-1.6772121411205	-1.28779378400826	-0.417090116852585	-0.0445326602927949	-1.15468038502438	-0.384219073213417	0.201494887848806	-1.17596297634714	-0.198762083678407	-1.15823679337443	1.07086791431391	-1.16251902279222	-1.24209462499494	-0.0840721923689994	-1.66869720938964	-0.961300506690086	-2.5940422612877	0.558227140151264	-1.18221504077935	-0.967839589429968	-0.0675871730123497	0.170289682361465	1.03501594114795	-0.0934370613169444	0.499925864612289	-1.39592028370753	-0.0171413959413163	1.86308353522628	0.774443214131719	-0.00376690052690848	0.32292013108831	1.196300435087	1.44525599290555	-0.497589031921558	0.542914570587063	-0.857701196795632	0.219870459568989	0.257184626742078	0.256676450801157	0.22006628327008	0.219264507610685	0.158705797789365	0.383642648060756	-0.0997570145298153	1.21772546204857	0.19494297496939	0.218992489603292	0.52226996923597	0.313590368396027	-0.14707639735558	-0.303232000120305	-0.127214740116259	-0.562838654384937	0.768212511799787	0.565993239551808	0.342520117668037	0.643944163062455	0.0833979418762082	0.332794848167912	0.301843001334634	0.636705760401781	0.526939975394578	-0.0262667449595515	-0.102539859129398	0.230869656801051	0.0293810330061371	-1.58287943614015	-0.613911728586507	-0.854525365438214	-0.873774236375123	-0.978037718175395	-0.102847331758562	-0.609016973913832	-1.20301982765987	-1.06486269120079	0.342419087242395	0.620742678090115	0.366144120093262	-0.405036223303802	0.0903687881316688	-0.272932636205397
-1.41041000372998	-0.792443257592183	-0.802698724084559	1.60369044859993	0.288126198456121	-0.575503973011353	-0.272473182147558	-0.0967629393317612	0.240447657551502	-0.376531043549623	1.21455106557107	-1.34439873579461	-1.40375145176169	-0.0867760465660589	-0.943196639762265	0.0363373989643465	0.00556399457263118	-0.508834509654094	-0.607589726489569	0.706395930555338	0.0491762598984654	-0.124907861917417	0.364544505692752	-0.363232624634578	-0.0429819750977605	-1.40456609687949	-0.488568346878565	-1.25477796201094	-0.915752381203944	-1.0736661421593	-1.46645613623584	-0.00048244589704703	0.122839128171635	-0.63123701102657	-0.582101795328047	-0.131778939594103	-0.541725681063592	0.631172127511639	0.0115503565231425	-0.0373328673417963	-0.926994236113724	-0.0141880249395835	-0.405114177361208	-0.512074910797909	-0.16106443630024	-1.63264431493748	-0.772718926095163	-0.610402587046794	-0.85503245599424	-0.827225650918849	-1.89769650515232	0.39263474548766	-1.73330241444	-1.314312661821	0.135392108461222	-0.554543247713368	-0.451332469227018	-1.4426616053683	-1.95411813161953	0.724115111031035	0.209347682425249	-0.0471884590779561	-0.48568828232202	-0.553283807294831	-0.270635934485158	-1.16864103271549	-0.0309796313901578	0.902765941842224	-1.07459775139273	-0.200181552945095	-0.0530254379780267	0.96466212808553	-0.270038292684902	-0.288973553735731	-0.816736067912063	0.0594912753244512	-0.582839728733699	0.113463528164359	0.80353877074812	-0.381144356816376	-1.02490166953339	-0.81605035568643	-0.541672665904121	-0.561278427198504	-0.933039718672061	0.0866377390346039	0.427524239057398	-0.15953683558145	0.717194549803353	1.22099690258717
-1.07454139066837	-0.337481547785691	-0.07878927186929	0.955979256786005	1.12208819015044	1.18289544464774	0.84083948994643	-1.21775453907397	-1.29412974558328	-0.370512739152808	-0.0866798174929123	-0.307944544784859	-0.860021827817528	-0.452917524579539	-0.990065282324903	0.86607571177162	0.426296354047308	-0.0452166600414899	1.09269361105142	-0.475615402513546	-0.423283082596198	-0.541972855913988	-0.419410625894177	0.0904055764002827	-0.480159119610647	-0.074231821554944	1.69369514314487	1.70371761530387	1.89840053042786	1.38033647973123	1.61510753670785	0.810979753963026	1.38719022168689	0.488794891789524	-0.0614409483135889	0.738248190424622	0.661089183148073	0.663325310710656	0.748578917223206	0.199964962053685	0.800188963807369	0.218937304705828	1.00939884120221	0.994061155801681	1.30276640921218	-0.464549474939317	0.447463446510918	0.123145465565457	-0.762909569285394	1.54169582372227	0.0323880222281799	1.90147184596643	0.46626016319989	0.161962336813616	-0.259637004739292	-1.28864083698972	0.218692679345983	0.502651608624042	-0.843461677092818	-0.439932296452285	-1.38105224074517	-1.54093394119903	-0.952467727644193	-1.18489939508827	-1.76567629848414	-0.814439702374879	-0.347514278315647	-1.31552593144982	-1.70154877007445	-0.71932624274561	-2.54047388105435	-0.546986799012092	-1.27377354546672	-0.52152201405717	-1.5442000219981	-0.259788844227458	-1.78806511389738	-1.25813156854647	-0.626781218174938	-0.608165544192915	-1.2555015010872	-0.492335849234089	-1.00374589002824	-0.718550292690088	0.491695446870285	0.495665535900218	0.15306585166747	-0.0953887827920908	0.176528373493834	0.97747811654058
0.490868660716546	0.504112608875348	1.14433059057053	0.264039610251414	0.564644546565906	0.580780282896552	-0.116867389245521	0.0817366462990269	-0.758915392261377	0.952352838798631	-1.6091619761722	-0.402543819073433	0.271571452491764	1.42163646838415	-0.715338416851273	0.737384235735163	-0.274067756680413	-0.196298077355872	-1.15736439917609	-1.55034787306751	-0.816621891043205	0.413352387462303	0.0861666874727902	-0.594642425171784	-0.191290761314601	-0.34130422132227	-1.00836055555332	-0.949538388545745	-0.514984483779609	-0.621077337927922	0.00743280067655456	-0.338578816084102	-0.247114835626095	0.061182479858181	-0.776873316453941	-0.501065330244655	-1.2011760106113	-0.185009231141237	-0.271005564431601	0.0859262954004283	-0.711999815479119	-0.55426996175961	-0.119930631149488	-0.985898819364617	-0.408634698376796	0.0267064644785503	0.390732360446103	-0.430929285650283	0.399140013528929	-0.0240588226731247	-0.601473755033237	-0.00936090471454654	-0.637749977494084	-1.42924649866392	0.586848374424921	0.906887332974968	1.19654161931133	1.0402930794086	2.12281019580952	-0.933358396566751	0.645686532990309	-1.17323578995889	-0.259628575251832	0.816881472913847	0.339734230857182	1.69314478858048	0.589238465000081	0.541773442038767	1.29358404267905	0.743242393636898	1.08724607371516	-0.100741699887535	2.62153913248791	1.81044379146302	0.769412766042444	0.128494504035687	1.18624444444901	2.271397623336	2.11680728161654	1.89789463553564	0.798179145073099	1.73589833852303	0.981778977594992	1.54234922722854	0.89407351168529	1.68638752198661	1.32383777544661	1.02881090009746	1.59482268552899	1.47565489655498
0.475009556622394	0.510729751243746	-0.316846150947313	-0.0610588982338508	-1.53549946046485	-2.08238672389698	-2.29385522651429	0.992218520677928	0.289935072275016	0.982342797872426	1.22406726093195	0.214489306061092	-0.239102897447548	0.670279385521321	-0.309878010465718	-0.644756961543746	0.751445319853944	0.472281779099449	1.23683474839651	0.096168389964373	-0.585557957011455	-1.02557225450367	-1.43150138949206	0.352210328458948	-1.04999855079938	0.442820240152731	0.152986617321248	0.564353666532283	0.232736399790167	1.2146939648328	1.2277818539915	1.29890506086535	0.321367217108107	0.270836826871236	1.8235390887587	0.559206323580271	-0.0146352354732309	-0.685133454358957	0.545866557226403	-0.652110302300985	-0.444094034422666	-0.951778129550986	-0.682390200206969	-0.770764331848575	-0.53143382937138	0.569975662762819	0.163176124863756	-0.682846227194688	0.411815258744749	-1.29378107073216	0.183502654902361	-0.373682776453427	0.296278381151936	0.0470560444075316	1.26046872703203	-0.464101205073513	-0.172262659602493	1.59712657493693	1.12409917977656	-0.950340703837142	-0.566149755995448	0.381299881290992	1.56664120088465	1.65297821551166	0.858838951000698	-1.19270806473217	-1.19622907149855	-1.42858180990023	0.767493426414157	-0.571797010134793	0.445404023621729	-2.02742151383729	1.12645247096992	1.05478344738071	1.72793526998652	-0.00924537256819987	1.26827181083125	0.368093450329822	1.91937626544983	1.39541280041162	1.05604060357988	0.215175628039035	0.582434237368871	0.814363745309165	0.553933330540105	0.252118435099043	-0.215581689948115	0.809967128928115	1.23909199053349	0.71970092947905
0.0403128190156095	-0.119581722451543	-0.541503683430544	-0.625358002492294	-0.491820015985042	-0.528677410677958	-1.07832989881102	0.549576899851784	-0.319487619118356	-0.46584826643423	-0.736476071728888	-0.925435987334983	-1.53131749454428	-0.886992524988113	-0.644893209240552	-1.47601454024223	-1.46123125340046	-0.673447300621622	-1.5961685978285	-0.770285382115331	0.712087036797724	1.51369142199328	1.17466970135124	1.25670980108074	1.24847439989271	2.20651570613382	-0.642676979854688	-1.02403439445402	0.550253342271705	-1.10933927890159	-0.546001493439317	-0.885320738921644	-0.884719501502843	0.204734157781913	-0.842996371817673	-0.837820674246311	1.21627263131718	-0.158639064795112	0.278542215926061	1.30206880011675	0.799062030157931	1.95885030239923	0.997187496243577	1.98677377641179	0.352121018859865	0.782200368100272	-0.0532943915948613	2.18574934171098	1.35592614716795	1.35205226362539	1.17883976316971	-0.513335262179237	0.776348537619909	0.945063800866976	-1.04178817573427	-1.48388259847744	0.529438832172623	0.0718412470273104	-0.555880229271051	-1.1087043244078	0.470047204190126	-0.665234240131133	-0.601854615409417	-0.309403555505256	0.587756794972505	0.0118359833479549	-0.223542050300618	0.242344795657894	-0.478291529468434	-0.807693287968079	-1.03121288038854	-1.3829417639254	0.0309206863612608	0.654946098459089	0.31684536816453	0.31652827179956	-1.55613795619903	-0.540474932777118	0.133696916896822	-0.271904454291641	0.0491091794555188	0.579975338028259	-0.546991127437073	0.0148277516623912	1.16669617303742	1.65325348819363	1.01452042721068	-1.15341636438153	1.46746398678779	1.57601932842283
-1.12625715518735	-1.14416691116132	-0.180057303598964	-1.69859327767811	-0.756247818638589	-0.0473519347362878	0.019534321055013	-0.193131822374951	-0.0780306226154566	-0.0350021766719809	1.65754792006056	1.39754765173697	1.3282427861509	0.667901091272766	0.703367600051	1.40260118384043	1.25127512794537	2.52010367061905	-1.39049596080463	-1.68015328409328	-1.55242065973629	-1.10396179907891	-1.22571385921471	-1.04774417726414	-0.919543775568738	-0.187073046450651	0.541430989479423	0.0623263303657471	0.708180354523204	1.49802966849851	0.520932265551103	-0.547184836623341	-0.473941590124448	-1.76621148696594	-2.26783740272065	-1.95444112315798	-0.146191310042378	0.318064778729866	-0.878022304220886	-0.128895320701461	-0.314910414226215	-0.328361505484823	0.201289874176127	-1.24510676398038	-0.593189924958366	-1.32898153218185	0.22173532457285	-1.33772965819733	-1.14965692052771	-0.353802210520222	-0.720144976525352	-0.488247056712271	-1.22158374004175	-0.597220160833212	-0.338510498328783	-0.841244875100579	-0.0822108446872906	0.715065728268822	0.683463455696682	1.22250092608254	1.25967139318226	0.404002277217814	0.618056890909769	1.36994084987113	0.778523416733633	0.448196883732011	0.179454791810662	0.887163337324809	1.16311573837918	0.490493022908935	0.95686831309751	0.751023449408988	-0.324705524549057	-0.894348793440624	-0.140584243309571	-0.283333077813146	-0.388638499753354	0.311492352575273	-0.983453548778202	0.137151000453554	0.458203045135612	-1.37339606868632	-0.856460399417328	-0.365632325449155	-1.16108438566889	-0.102530876966705	-1.34240497971738	-0.697701905996226	-1.42716386343064	-1.42058376397744
-1.61800746256232	-1.62840382129267	-0.923593973172194	0.32091448437589	1.78884212879431	1.6775841329672	1.6679677264197	-1.09300912462282	-0.705291567043161	0.715923403786678	-1.23090444904041	-0.0305328482320999	-0.385795760510525	0.357032011460884	1.04415566441875	-0.757989585523093	-1.32966873760518	0.172805514117147	0.181324422481258	1.12167816294884	-0.0818176110324946	-0.140138534876687	0.110337226589729	-0.311810673982104	-0.0385498443495769	-1.11099856552295	-0.521917316750152	0.0437608910422886	-0.40212131466675	-0.174933466679813	-1.42175250259985	-1.06336517935584	-0.887769175213416	-0.7085967464699	-1.64466693893287	0.205680086552076	2.0639248611222	1.01185200649932	-0.255614673683898	0.76973316527009	2.18447719165246	1.94610396460894	-0.0618077743449725	0.888568455275962	0.38724326824443	-0.457286208170811	0.0571487874978203	1.15771305020593	0.115948401157928	0.308036367128887	-0.0071172063395627	0.9937205822997	0.55588783937773	2.04776494590355	0.0104257186411377	-0.40253087299507	-0.0497154937981492	2.10096501445345	2.00509005549449	-1.1624705155226	-0.284962900004631	-1.03037430532683	-1.1476433355139	-0.945051180905345	-1.44022692877204	-0.289234162953484	-0.876751227069511	-2.24425559567623	0.231933722218412	-0.487774479608885	-0.569925807204523	-0.124060779371477	-0.225917124265322	0.10063901218754	1.83488392153857	1.78757127743727	1.70756780074352	-0.387659716770349	-0.297584111622547	1.00751738623716	1.61943958477486	1.28972620406433	1.93338334785097	1.42921327942837	1.3491929161368	0.437323474305043	-0.194410531387143	0.60728563376129	-0.675998813341598	0.0499249308857525
-1.15818338063405	-1.67799701806576	-2.25500451753169	1.1329323580944	0.275650948751363	-0.0692495713479738	-0.0966238336461179	-0.0736937898046356	-0.103884357262414	-1.48805297731039	-1.57014189411687	-0.096356840526563	-1.94335864254623	-2.74129028051759	-1.38869947865088	-0.219609238129099	-1.13572755031363	-1.23410051108181	0.830261378860469	2.7288224605237	0.516100264438733	-1.62750033481279	-1.15718921678303	0.455819721134243	-0.213734569254274	-0.879060316017831	0.745619382167572	0.929555967839196	1.4490820194032	1.30208694442507	0.27385296763076	0.515362867308871	0.229532713465939	0.218821185316101	0.696878423556033	0.293626018069416	-0.874231075735982	-1.34289788965411	1.49024393101333	0.473284547288972	-0.429294241368355	-0.826941003125184	0.968742813481788	-0.494611700545019	0.498099430051229	0.5160844484616	0.783905753546333	0.248794740483136	1.06834481244617	0.230984300958067	0.793556681660994	0.0500600246155461	1.43813269411265	-0.49256341527192	-0.39286411615622	-0.757231485730921	0.684351123534148	1.21221117168739	-0.261536314228107	1.52237630389139	0.568544099061515	0.979354711382961	1.82909717503796	1.90171450266371	1.08890143367854	0.29699411174911	0.002874109056975	0.66167467212216	-0.462504968944808	0.38693647225037	0.0548400516585837	0.3839006621081	-0.586030912422294	-0.237901900469118	-1.25847626828576	-1.5381889258248	-0.563365957222265	-0.718793181176547	0.0155379693052272	-1.66263374019884	-0.893799781988155	-1.28622323445252	-1.4543748750053	-1.00805264506853	0.316418430163428	-0.832782461800311	-0.0795907317280724	0.586324343488512	0.59182892474916	-0.25647553451487
0.671712565153046	0.0316118331679219	1.13867377560166	-0.0216792748191957	0.538363336769178	-0.134383121135327	0.679166678508057	-0.884775052384131	0.303781389179127	1.24408313024469	-0.101209621100169	-0.857985601501196	1.11098228637683	2.10027906162672	0.062794760573	1.9806784011294	-0.13308927581443	-0.0299042227102011	-0.647236221982323	-0.140676924409783	-0.253270078819563	-0.453304251179936	-0.41314017360609	-0.252434773290618	-0.178606628007688	-0.323068644136166	-1.24411020198926	-1.13497030345683	-0.305864293375707	-0.0164752691575223	-1.06927580793401	0.0380112120627363	-0.942204611659059	-1.19964097125426	0.344443910993173	-0.35032405571901	-1.42112996608217	1.43979252866833	-0.027834352852462	0.562265297414041	-0.905920599678459	-0.461972721448856	0.712418769816853	-0.844486401722104	1.15383628170961	-0.193958494121902	-0.189690601078976	-0.261929295500584	-0.0112485402834102	-0.314945757133603	-1.22054994449881	-0.0839520000148153	-0.509402551456972	-1.07817506349217	-1.51780804507529	0.266825954759861	-1.75398004552576	-0.0967382343724438	0.330348773212552	-2.76812026920258	-0.661877023348922	0.563548722635259	0.524123344084224	-0.705429991518377	0.462982494140218	0.43899415847993	0.856355098908477	-1.14813090104602	0.641311311438676	-0.742909991048279	-0.704238028602183	-2.09640547686256	-0.268436813948889	-0.718462120111384	0.438033044693741	0.932650437563282	0.698891412799508	-0.655865330898481	-0.529468969489096	-0.0979173556171741	0.37117549533681	0.0968710276466622	0.165721331955252	0.229287422717095	1.70842602214739	0.151722825415781	0.232433478782167	-0.0488402536099727	-0.232411088875498	0.164724931989301
-1.19670352669222	-0.316714863381263	0.783739113455148	-0.350378984518638	0.502412120972868	0.837967005726265	-0.118387337704782	1.26702953804388	-0.089119472194639	-1.5172459194758	0.234535469055607	0.351519543688838	0.274350536249389	-0.588576486106135	-0.10294357975659	0.115887160147981	0.423196619094838	0.957031178358793	-0.438761650354656	0.0200104380072524	-1.36306998553002	-0.780042689877665	-0.476284112120478	-0.959611632802411	-0.82053178449824	-0.53337427246714	-1.09309145124934	-0.256882806791603	-0.707403219503507	1.11761483268133	-0.287506719633319	1.15897524405999	0.630055120313225	-0.028392362497981	-1.11669391921794	0.153900795805012	0.246398307502979	0.303059144025739	-0.612451771136706	-0.103991208087961	0.577000588974458	0.166957798420259	1.07562376454869	0.777472975829497	-0.113279912672196	0.79955619040459	0.461955165193968	-0.222375967518797	0.196327110991597	-0.375337405183699	0.165419473590203	-0.540106951915846	1.23891944041343	0.0947367215608991	0.2863065199276	0.431134507676637	-0.785048725125799	0.144942584084628	-0.129715352105982	-1.51724745606243	-0.518866312864827	-0.977393837550794	-1.10639902009274	-1.90952314108065	1.03554159689771	-0.662888192960361	-0.413785786221565	-0.343686553903708	-0.366464482547659	0.211028005931381	-0.451349470767456	-0.857621805247159	0.0294595763108063	-0.976149488220514	-0.085686506822905	-1.20864518862091	0.227346701586284	-0.447098367115268	0.723471742715388	-0.053134048668287	0.556723592417081	-2.04764095415909	-1.10251357056493	-0.154417283273254	-1.47804593938591	-0.145441288752923	-1.11504142037254	-0.938218423612747	-1.14596181676291	-0.333532810786936
0.971591370033241	0.194240628801964	0.936765663965683	1.0725911981225	-0.263495031222979	-0.709961794976877	-0.51027177336175	-0.0810907879875579	0.104341536995059	-0.950631218631525	0.466226198997717	0.809770119173461	1.7829284091755	-0.315268317105072	-0.807997614244656	1.53360736344346	0.816645557612695	-0.0894887816496638	-0.571672831864075	0.761574549003146	0.613579010201478	-0.0852402753084634	-0.42000663469047	0.365375365212768	0.521756174288019	-0.96487861855496	0.571025667989824	0.969847621303722	-0.470967977583438	0.0871212548216133	-0.485912864574732	-1.08854841939485	-0.221784590085038	-0.0520558992828315	0.407837842958834	-1.26370641607184	1.40043870549716	1.37993793070232	-0.00133304162478873	1.41165136313912	1.03511147798121	1.36150771458675	-0.047437963660058	-0.0128180848784921	0.117486891859848	0.555576094374709	-0.113935897986337	0.939611207879348	-0.0746865530229688	0.46381386507573	0.0741819653927875	-0.282597021776496	0.29756998027897	1.27018713987572	0.602423713820832	-0.323316142600705	-1.31045452440257	-0.769073254300923	-0.0717977326234183	-1.09937766814414	-0.582466004403661	-0.807532892085955	-0.809093789188946	-0.915616363047328	-0.52478471859421	0.102783627954308	0.412541205875861	-0.336072767110759	1.11186340934366	0.0866836773172789	-0.186886743862186	0.307260142486911	-0.289597005350469	-0.363768980505579	-0.73113059420667	-0.625518771092536	-1.50050190461666	-1.22972916994637	-0.346432877993327	-0.53112189878466	-0.0816704328396602	0.533959181713053	-0.0669290592009627	-1.29231739469679	-1.1209402736998	-0.488543326892764	0.713336904857297	-2.51234376355484	-1.20457402299894	-0.917064867258582
-0.364255711587912	-1.56210820762772	-2.23850935225715	-0.449170064329912	-0.895026104225681	-0.607598878515378	-1.20166264622174	-0.851041945911341	-1.53345196390209	-0.420527939128608	-0.178899063816357	0.315591240311678	0.277672583347283	-0.865988999656331	-1.58730696724271	-1.75499207757156	-1.38786004123587	-1.35155909772815	0.425095281979224	-0.0518421799869249	-0.473466142279959	-0.44951330150595	-0.185448504578543	-0.821959208831329	-0.658528341144701	0.636593613878131	-0.626565773585012	-0.331719498613658	0.754365933481151	-1.04774734353105	0.00675067428491229	-1.00336343062876	-1.17364227392354	-0.106265267488475	-0.0674088409924877	0.0912033002637894	-0.129524970837042	0.848252876109534	-0.0911052468311097	-0.684261109152955	0.211813367533512	0.165238059498013	-0.547742084673731	0.207170111033403	0.288960328538329	0.147496595533491	-0.0552268375377955	-0.605205196487076	-0.167264339642069	0.191336652707757	-0.471980005109577	0.439129713161694	-0.441198187194054	0.228768262864803	-0.459872628400879	-2.39570927251885	-0.0233807708857166	-1.03392456104801	-2.56803805023207	0.39207626083981	-0.866049364396809	0.213211273501192	1.30724560178252	0.418138855946523	-0.344346360493215	-1.16741387500202	0.107118857098535	-0.491434995078412	-2.0053027501878	-0.113764713043422	-1.85222365963459	0.0206945537565285	1.7940691221455	0.644564688924678	0.140193697760927	0.336718456993191	-0.0997188039818191	1.42337630958135	0.34231108524774	0.287581819227398	-0.914958178431065	1.51689045870638	-0.401945639828365	0.842769966526373	0.847038292411632	0.329320522481397	0.981424870762081	0.315478033111978	1.37568884781737	0.434251180141694
-0.788641277861371	-0.684558627099463	0.194006050836954	-1.47020211462936	-0.376577396653756	-0.128811910097729	-0.251418784183891	0.0723703935999776	-0.11371974901818	0.458654242571176	0.844541042467309	-0.478622305259313	-0.0888916536319224	0.574173092071564	1.11220573259602	-0.627408314577321	0.619479493184467	-0.350449987794424	2.26726525756671	0.924311229714387	0.689984193402388	0.178404968080227	0.380915897130877	0.174659093462829	-0.394660129191644	0.289914200300698	-0.212761608593938	0.0549930041146517	-0.288234067771738	-0.0288279392744712	0.981303398658043	1.22676379905009	0.579548729722697	1.00107402127773	1.7694706321371	2.31803451196515	-1.18292937757176	-0.326146993881011	-0.457706671755675	-0.606787078984821	-0.936317269021872	-0.88828836999844	-1.13971172535944	-1.32577448330439	-0.729556156053095	-1.75774760433635	-0.880927699216983	-1.07795157110436	-1.00339643960576	-1.57817804365131	-0.881353809746463	-0.456021171665969	-1.402373532079	-0.736613641681497	1.57967419885277	0.717168967593135	0.103205810399676	0.316780316855111	1.16170785133466	0.727797374243016	1.51513762975122	1.43550765921249	0.389272231198654	0.345743679009754	1.20810108098639	0.70025828081149	1.08130251766313	0.735857937187521	2.35398404231182	1.7301930973332	1.34275091317845	2.24370819376919	0.477813503375388	0.444064716350934	0.848442027053413	0.0585057650597127	1.29552979243246	1.00288445794998	1.0088934023687	0.593160043147229	1.22992604875733	0.726889750057617	0.185575434671137	1.82308071801054	0.811287629296328	0.120918050167452	-0.216230400763554	0.540905725550437	0.752496921397093	0.582065783508724
-2.14797881843029	-1.36352499826447	0.353800897565322	1.18069267366612	0.419064981917295	-0.53949157919145	0.369426595451332	1.15569902624789	2.04894867416435	1.07312104498474	-0.411832291375873	-0.812901795755516	-0.31873190000101	0.952535759807744	2.08755702771514	-0.511160568550324	-0.197525699730642	-1.1820111221399	-0.651339565370252	2.32433321456643	-0.851558668921875	-1.47763369238134	-1.1172408719943	-2.5102973447339	-1.27330629288601	-0.032526387275531	-1.91754870927278	0.207478473454301	0.335446569886015	0.871083699838342	1.17203571127291	0.746581071972861	1.18995789449287	1.31177448485406	0.198213387634551	0.0218562764594868	-0.0427389753332228	-0.983333794557211	0.218453188467182	0.0493274504930348	-0.540251891860039	-0.353149385219064	-1.40207410587826	-0.354788488898134	-0.627995478811403	-0.463989243772331	-0.562346797957152	-0.343502513435296	-0.125027809981352	-0.535741631434039	0.516503551586825	-0.942553883995808	-0.548674131569288	0.551892806893992	0.486438856686917	1.46822705307026	1.75441759647871	0.627804515657747	0.215561756281715	0.39777094608774	1.11067429751778	0.218631299166774	0.378057158984669	0.50306904039567	0.367837891268208	1.37980107352723	0.326701116510733	1.36819997941699	-0.97380416590479	1.38149024594292	0.575289576426939	1.03672275718141	0.409392906053005	1.68323409638972	0.979095039470611	0.0653591887433443	2.18993023108321	0.208822479274819	2.50783034303555	1.03104328699898	2.00173942597374	0.664039723774304	1.17145176769903	1.94307658930771	1.34222847534289	0.828134955185249	0.548124006062279	1.88790540826149	0.769070041094811	1.40553155815701
0.374015511374994	0.629271185632754	0.883438967893626	-1.86511595380804	-1.53028103999963	-1.62437233649908	-1.36016321397136	0.879722406145232	0.863952495633708	-0.661714164558137	2.30912718713428e-05	0.297174458292985	1.80730047715549	-0.345178851957524	-0.384513723971452	0.470960096234199	-0.173715117444208	0.111995015253212	0.589382779719442	-0.293568300401922	1.20657495354525	1.20664501586028	1.03989141572708	0.865878846138452	0.875984028352007	0.0291769858806324	0.854744487297852	1.86896498712577	1.01654481870327	0.290975797922334	1.22844144257874	0.965433955493224	1.14568259492967	0.990936650230532	2.74876272220786	1.17459772818692	0.652450373561244	1.25385516295643	0.583441788804109	-0.555579679568247	1.38113205892937	0.96365116169493	1.38209267745812	0.974199441469243	1.2458978834015	0.862742663678124	1.91064309425259	0.476538758710428	0.518657493592957	0.782183458730505	0.612663865212284	1.23975086565658	0.532328718969485	0.763548486005959	-1.16761544348232	0.00621776004946713	-0.517551712722175	0.0768570498314482	-0.317303009136933	0.324119817467151	-0.775595322011938	1.17678147579254	1.23363614969873	0.875300124909304	-0.86991879554749	0.276288012771274	0.30773484983813	-0.830602135546161	0.233370406274676	-0.701290020311944	-0.354712518604462	-1.10133343218972	1.56608612878263	0.920901176001068	1.56796044210562	1.41266689183326	1.44772614080518	0.685730877876399	2.25844756331579	1.84766568843164	2.32892645269479	1.62154915979492	1.59964177046868	1.56844751787288	1.16444977175307	1.37941410782851	1.1148439439465	-0.493917895099894	0.571241193083625	0.781567167994862
-0.0217316455206974	-0.0312086058125864	-0.93535630839992	-0.634421631391492	0.459881710313085	1.26382219370421	-0.350099326720022	0.441433018406656	-1.5585562460665	-0.221303712318326	-0.96025250385105	-1.39642635346739	-1.7124663317145	-1.31355976124373	-0.190837054639141	-0.49881775532496	-0.92845342419275	-2.13590445278086	-0.713502483649847	0.0763079938252167	1.34671043818299	0.678118883084186	0.0657809864130404	0.886564621909615	1.09577776816501	1.23718169160633	1.07928206267032	1.74467424685332	2.14465594935812	1.31388032292899	2.4037461795642	0.682673721667372	1.29491539215483	1.94184297514664	0.773800752634761	0.413591094396761	-0.161272267616042	-0.789989896594931	1.83759541609402	-0.507111683757322	-1.37050251039895	-0.733381240595861	0.153844939022225	0.0960149662451952	0.117686481577022	0.352585021319263	0.2242381278759	-0.0211937159473592	0.948802409056041	0.664397004842211	1.08042460135338	-0.498613521862393	-0.153153813717945	-0.157585395625321	0.190936676141891	-0.288435070703279	0.696718596235177	1.38061676497882	0.543414142313443	-0.374256193021346	0.96135568804172	0.19848126914105	0.152811632719658	-0.197541873175234	-0.27428681501423	0.986938834323955	0.397346937215737	-1.07013708234513	0.429244390140485	0.295220044074879	-0.716626392031776	0.248282768532375	-2.26427248027498	-0.346457142238379	-1.12842535775598	-1.56495493242935	-1.97996807165014	-2.29540601787998	-2.056203613215	-1.80821912543742	0.434252663108756	-1.6308286008013	-1.55959983892097	-1.49718121779777	0.265109349388656	-0.200473060447985	-1.05464288241636	-0.974040228725483	-0.978850199182887	-1.18494153636284
-1.32535912228421	-1.32429025454523	-0.908704624319906	0.855469916620189	-0.247358551704701	-0.904256821181184	-1.11686491729337	-0.266319897352593	-0.600351637477218	0.82278291433895	0.45926146775497	-0.494747817000892	-1.84157387953611	0.453078338046231	-1.34036116001744	-0.47204158389454	-0.0981066700225559	0.538182719806128	-0.298326436517179	-0.0581889662920187	-0.603618595856825	0.139700155364673	0.412701870267264	-0.456747117915731	-0.149966119331968	0.945247814520087	-0.156373400509188	0.291623577080349	0.536820682945125	-0.787250640110681	0.123188020259392	0.191491795496415	-0.639970603509639	0.632701840812433	-0.648201087997792	0.649249133399543	1.13965324946536	1.35832188716591	0.704146275559809	1.15434374926413	1.17631666060077	1.83261972820292	1.09751025485699	1.60672924609826	1.39567356919659	0.616917158812678	1.59454963564146	1.59185736940046	0.28487539206787	0.626698560243123	0.663658922022573	0.678254227449264	0.347488325862167	1.52584909841556	0.571010678809853	1.16612795357483	0.38452519567204	1.23917699874914	1.45241209941742	0.879251216225078	0.824086889504129	1.27757378313536	0.7852920555449	0.810076000105398	0.384668041471043	-0.0750490162043776	0.365045030557963	0.548555456583412	1.02897649800025	0.648448088190029	1.96792365171355	0.888628678372757	0.24248503114493	1.5649679189857	0.223714099525577	1.59710706128299	-0.475351665668126	-0.77768758799216	0.621956022268696	0.654476175009483	0.493044686852679	1.30122815163477	1.66994856198136	1.16311024899362	1.07295793439473	1.43808556577155	0.384215801814457	1.27995117863434	0.712468199832484	1.20469040931532
0.832770602490232	0.605200582453919	0.423937153147207	1.18813293440317	1.19441914014925	0.534466113931781	0.728515517487058	-1.90805772619022	-1.24938770670501	1.45249256373838	-0.145799993899345	-0.192728682896062	-1.11899556246153	1.38961442857751	-0.0155967601645944	-0.310334630876064	0.362410832074295	0.920241065247047	1.46394254620141	1.02138269093295	0.60749873057594	-0.968278890623411	-0.845371463171271	-0.573161692872709	-0.404340123463355	-1.15745364629193	0.648440144138149	1.44598244928633	0.713665578551716	0.821593015279673	0.461610164458888	-0.38095335513319	0.346473310017651	0.270770064065026	-1.07799388829785	1.4948959801026	0.789453656516162	-0.397725183327958	-0.459945751323184	0.438997459501361	1.04389573826968	1.213273263733	0.233068633166206	1.07828586159309	-0.513963162600192	-0.023279689557837	0.707240769611165	0.413790448332197	0.591755911597696	-0.194260534955963	0.358784961660902	-0.0452553570484031	-0.00809594307939	0.150217998698012	0.409352856855313	1.39327636199199	0.268603790703056	0.200405484234551	1.17889967457225	0.21987344801773	1.03142003833907	0.0353183832645765	-0.233948023423079	0.387915950605518	0.590789583005537	0.921832526480366	-0.301353360987001	0.575042595265884	1.0459235934979	0.320232001712146	1.83731300994713	0.308701091403542	-0.559202729531957	-0.447242812614746	-0.0600715143695501	-0.544625480535527	-0.133445101623384	0.0542479756322685	0.341178699920435	0.66569691027898	0.608218481710945	-0.545934537860906	0.0291653591771207	0.0146818132986385	-2.71091512896758	-1.03834959495814	-1.08882186472667	-1.07001362656108	-1.90322044582249	-1.56871497661207
-0.50581242126255	-0.229324532327435	-0.319488347494427	0.277813807799982	0.750584949363796	0.663861270700704	-0.572665848085689	0.60058065303812	-1.01591232246733	-0.787782051861237	-0.112683900240128	-0.812041850239346	-0.209828609091039	-0.348179452706872	-1.28971353854949	1.14730677721818	-0.433863414656632	0.0462333274866234	0.361876143898389	0.5485443013516	-0.0103994622260983	-0.894386160104121	-0.75772839333599	0.0543226380159872	-0.447920875561907	0.299666418400047	0.00990747921461937	0.0804317515735628	1.52396597176122	0.171544110759848	0.758623061041213	0.300679372112916	-0.314922574922232	1.33998607473908	0.792033702274936	0.884719135425319	-0.946616327602867	-0.32939670918433	-0.688079772938291	1.5274331420953	-1.38178363907725	-0.397238108851458	0.0392423167373495	-0.466060314472473	-0.388385855036401	-1.32748973209223	-1.9355176978815	0.260365129287731	-0.7280874186541	-0.512471636329992	-1.25202850353394	-1.44882478804447	-0.367385117126161	-1.40421355280003	1.0960784184233	-0.590284280853955	0.211819276929407	-0.940794567189079	-0.735520535063683	1.19739090271309	0.315816347578914	1.01257249539711	0.294216268314769	-0.049129169297391	0.601095451939247	-0.842442120222572	-0.352817261530381	0.268525832311329	-0.37161565888055	-0.883951934212078	-0.249952511829969	0.930349736442442	1.63590298779974	1.76926634975089	0.596088661316233	0.0159598497948997	1.35807818609101	1.81339606207697	1.03978924335059	0.226573063728387	-0.962137814767523	1.25660118728318	0.532097928149102	1.17871479054941	0.846560520704475	0.917994518168978	1.40105204680665	1.95643214376723	2.20837810877504	1.35197801156526
0.510194067079233	-0.213074287633481	-0.160878230823064	0.745733202778305	0.0310341115379123	-0.0522958458657419	-0.0406212941026727	-0.00841453596105056	0.00178850867637101	-1.44350411862279	-0.0766446870030632	0.302947620567283	-0.239854545214892	-1.30305704511055	0.371000691475133	0.7722758106758	0.386828728145729	0.0611501243076453	-1.07613100051586	-1.25542851618366	-0.740016464622106	0.223975138639239	0.381186407702764	0.12771268378223	0.438789385049913	-0.301079139872262	0.301923981899587	-0.971514474000675	-1.02365344412044	-1.03023805460178	-1.67360949088684	-0.457294994394076	-0.72545466610513	-0.777811477689636	-0.706826756036904	-1.19055721020129	1.0868966160479	-0.544411015571989	0.603996633706437	-0.35247333327783	1.26680504276358	0.065870684575968	-1.0521917329179	0.173041651492271	0.25119841310908	-0.0841507409454074	0.483083645898887	-0.597531779309904	-0.293599735629897	0.323708685912557	1.28271017343542	0.72121520223113	0.326925112973136	1.8696036660398	0.715327121113761	1.30236994933141	-0.318581750171714	0.345300188895804	-0.808055713228432	1.34960626522714	-1.52354115698788	0.854874671473038	0.604830485976058	-0.278930025960981	0.761948402280953	-0.953963232560515	-0.0991618314991746	-0.0347243936802177	-0.866370960322188	-1.02415735943497	-0.490369594279463	-1.34748931880891	0.362653461454461	1.1585507038824	0.0153825365214547	0.0353374502456217	0.665182338635718	0.11112611890869	1.95640319915302	1.11296927429871	0.472311185047487	0.43306144599625	0.800449845875188	0.262107067030498	0.94656767364197	2.27117573503803	1.31495490485588	0.554215316312031	1.4856055796783	2.7085418346467
-0.867567224812168	-0.441315276813715	-1.02441298433698	-0.564343339607833	0.110507947293917	0.495335889420903	0.335234079053968	0.860678842600681	0.55924532255385	0.808504061584323	-0.99043966384979	1.24250919991444	-0.0982886775170253	-0.0458148394303332	0.610359484703007	-0.294019401864299	1.33153411689689	-0.0336963557406648	-1.18308068059748	-0.551257006251165	-1.09628029547224	-0.515890197585255	-0.599464459023751	-1.01497058033295	-0.519905608292706	-0.238246836712873	0.342310371169273	-0.122447116152001	-0.394504062471436	0.582611468517275	-0.179371266397579	-1.49090056986106	-0.784994608590148	-2.46896246773124	-2.07351037191249	-2.76803420814517	0.794282410705026	-1.16865069919034	1.48836780084315	0.535940525373464	0.603431707666891	-0.537495069787804	0.41622099739183	0.607574197859349	0.886686755056277	0.886417305305589	0.352435293109659	0.174350382539858	1.42301729240569	0.997705207536745	2.33924466600959	0.765760952509291	1.42518856110407	0.982840961225651	2.14823444722544	0.0444147128289161	1.0422994256746	-1.3098126781603	-0.36709279182082	0.693304554926978	1.0824395597228	0.128270288203581	0.104479108831653	1.17767359846987	-0.511300717225836	-2.30013212977559	-1.43273334051262	-0.579360968682587	-0.0496120478685723	1.12421629539031	2.13552555110879	0.677399958732242	0.0862813171052156	1.34284708457806	0.162358822497212	0.830316561853979	0.253195371663582	-0.359656642801542	1.1583632400336	-0.575494257335041	-0.406371861414714	0.515990179997146	1.15975892536267	-0.319966238287195	0.938135351480332	-0.909660491034209	1.36743717882924	1.72099889893671	1.15669015361198	0.628403507002872
0.520819318927363	0.0656876548587339	0.269894071896095	-1.83465165050171	-1.27128248787422	-0.546895533047588	-0.973246817331278	0.219870408658224	-0.433433659215489	0.408173253190689	0.965126510425609	0.387943921153423	0.551984386298128	0.15787767111141	-1.89440860560895	-0.908194502601754	0.496064235555457	-0.610637640329735	-0.65165208444616	-0.936943683398847	-1.09321158588316	-0.983167229054776	-1.3113290726892	-1.00907010651632	-1.60958299261887	-0.791495358941543	-1.20570692611298	-0.12489353834866	0.281220655161758	-0.793911250168875	0.602773408819623	-0.217669188876805	0.5250353386157	1.05963069972711	0.350455841426366	-0.174070213563228	0.0965208136150894	0.360498557716167	1.04436817362921	-0.0713485819877752	-0.707666120597942	0.336809581233881	0.260573390007755	0.791338140398292	0.508269521921584	-1.19920701354049	-0.176299513634587	0.57338227930577	-0.0957974766400102	0.333874023336286	-0.222492651299236	0.867629822787437	-1.47885738756381	-0.714158739922013	-0.724265689403385	1.19915434347644	0.0723561919269303	0.247148747134111	0.185868995585502	1.1117016617019	-0.0973624087623939	0.83149467175536	0.25237319612048	0.392729989078915	-0.205373171719933	0.440321909673407	-0.250994090427611	0.788993367393511	0.36170159397791	0.400489457067391	0.874285558552414	0.0674767292211401	-1.12628943440102	-2.37361966826597	-1.17784355612958	0.177570451645065	0.159290292278831	0.227592255698488	-1.25150124721944	-0.102762959059834	-0.412043986446856	-0.693248305190853	-0.588414323684197	-0.446161525949558	-0.841682882221232	-1.14702222117461	-1.44702885054813	-1.5567647589561	-1.65224412679023	-1.16350400917477
1.15477746186953	0.514120379245776	0.532751498289462	-0.224285167613684	-1.31181407261314	-1.20687769380479	-1.18339144441553	-0.318736650870308	-0.376605833234375	-0.523917182273896	1.31354329088126	0.465971123847632	0.548108791995439	0.0831971753741267	-0.867486351688113	0.612142359652162	0.714081291422465	0.424974458496193	-0.301407463456168	-0.563355648153462	-0.991982144023019	0.343831218057685	0.278245216826784	-0.605706897458601	0.0690391445002661	-0.532884800116061	-1.06894008250368	-0.911632016628557	-1.02581919424314	-2.51364386777631	-1.3656937824741	-0.915578710422501	-0.833945311158439	1.44374516297592	-0.200685375706012	0.402580250445687	0.467985945808275	0.481315691419219	0.649713901370321	0.0760128123680016	0.442948683882249	-0.0169901873712983	0.477056385364195	0.50682241668348	0.331416065597486	0.319116256379652	0.221447879883113	0.0907559989986151	0.410255798576192	0.110296711430356	0.900744789185965	0.364507274993411	0.795924388143724	0.700392189007627	-0.489031179947693	-0.4153087395128	-0.245361123694644	-2.69095109366903	-1.57083887547929	-0.987692241832863	-0.78043180831197	-0.369804972456762	-0.084227166934551	-0.504536243651898	-1.90883197351723	0.00195595590303953	0.0225126366600569	-1.08311603878839	-0.808693139331857	-0.568397953132909	-1.145019018049	-0.504963984234042	-1.80989738157595	-0.753091884269166	-1.59701105002592	-0.503443063908389	0.427997348231702	-0.957623529118807	0.495356380813292	-1.13225711468667	0.23608311509077	-0.302014024027196	0.399042513990891	0.179983919850809	-0.0357392498561098	-1.07684336667048	-0.390051571692284	-0.237635686286912	-0.823669730127864	-0.288156301191815
0.35704788396265	0.226782758880851	0.279231442625751	-0.197091012930376	-0.553115702394691	-1.44228720711121	-1.39499575070797	0.142537233072704	0.00343633862827301	2.14481486401734	-0.394510685677304	-2.31196191578303	-0.499701590323984	2.11595055432431	-0.695570881467366	0.57949524010531	-0.646732698620202	-1.90576643154411	1.23110807144773	-1.62384819748987	0.59546235553645	1.0206284613314	0.585900971698858	1.06891506732715	0.924054947678847	-0.306561603472154	0.33145602505895	-0.919191456540334	-0.76344776611024	-1.81634285526626	-2.24605294239529	-2.42383995797733	-2.43337465910009	-2.09031205164868	-0.525486498600148	-0.0880482721623614	-0.853179442333029	-0.741113797176941	-1.24919630321162	-1.3086436022691	-1.78343404491826	-1.9824047338286	-1.50132173419683	-0.638053687066116	-1.33277506610821	-2.16583081406197	-2.17728721700221	-1.43192621196049	-1.67178629160056	-0.464120215332481	-1.54498685640849	-0.460984918064064	-1.29418798234553	-1.63857480875192	-3.83428099375307	-1.2883085986684	-1.63522802270463	-1.07221567367418	-1.0431798921291	0.0693778487141054	-1.75649997892542	-0.666532968155079	-0.267477624220319	-0.169791885057383	-0.89128212587886	0.101872401326043	-1.22745827627689	-1.12672016713126	-0.43844407874778	-0.879914260372923	0.0100010878134481	-1.07193023984509	0.459551801321413	-0.627082893806885	0.158005129744076	-1.05746051589107	-0.437496649718713	0.482474276519982	-1.23539580456438	-0.121118115429527	-1.30898829633314	-2.02900302195516	-1.70680570570746	-1.01554106706369	-0.502580313807395	0.310552723117197	-0.843869286106285	0.574171741094609	-0.437719007266671	-0.942287071750019
-0.890533977535689	-0.270910968066659	0.348340555295411	-1.61836866911193	-0.616029744088118	0.306876497525453	0.295336072250518	-0.471947809589135	-0.364409878982926	0.373862710910893	0.307617196203658	0.0742196196967844	-0.00460076501816242	0.346414560132938	-0.112466688973773	-0.435251374301206	-0.00900360307845008	0.819450876889173	-1.64465037822733	-0.241490025630998	-0.448921246420097	-0.329233741118483	-0.521093632353186	-0.789958478234123	0.189158637929096	-0.769098792494755	-0.779381140629738	-0.655916070318022	-1.083572158695	-0.63004490507888	-2.05915912671131	-1.85440680196571	-1.70042401346718	-1.70466182319357	-1.23095108458979	-1.96870519320836	2.50615275943559	3.14961530766298	2.15095052619433	1.4840624679031	2.40475621594501	2.32379632230312	3.09420927964224	2.66660280100713	2.22495467485466	1.84303202547346	2.13784683220399	1.21201737918145	1.84305534960819	1.42737133966547	1.62631054161419	2.2041958209181	1.42033561262986	1.31711745051994	-0.238479924323143	2.39747652476002	1.35165927110202	1.34644338620588	0.188495488586084	-0.873436572905635	-1.38334339581556	-0.4508796986067	0.606829420255727	-0.621409452825038	0.217617801981427	0.873789963293753	0.336984083427303	0.12609640633493	-0.270943878151544	0.0856984364085787	0.529520652731856	-2.3358802034897	0.175189924116403	0.78481460343259	0.866197830734629	-0.135571098839642	0.170951564019057	-0.312909800255818	0.103051317046537	-0.575347407022473	0.738526587697382	0.69757137897918	0.36070837738058	0.435151092757616	0.764616176076111	0.348546456769878	1.01139195046043	0.0588134342849544	0.156002946519414	-0.320537422344935
0.155697217661419	0.370612318967341	0.637990234572429	-0.886607758857437	-0.153435461011206	0.0829903813036913	0.560006170274268	-2.35088290382611	-1.30323763429285	-0.284566801794032	-0.781612327070827	-0.281330389584159	-0.136742635842736	-0.167005633548823	0.402925253009996	0.650072894793519	-0.305052826559798	-0.076784355335615	0.0895025136558289	0.18144374663358	0.58058782923344	0.0168903708469071	0.0179379611553806	-0.0600301387510133	0.172068010170122	-0.667029334364669	-0.0997418553473355	0.445681999655088	-0.087625924018569	0.211679456748115	-0.0878364048641541	-0.722653165629074	-0.43042400043549	-0.439109170859641	0.028938515882937	-0.284408670575565	0.173982361658371	1.22233124885921	-0.0251417840260243	0.265988509709236	-0.323721028419307	0.958696400542739	0.839350872295869	0.560536863422072	-0.0625920598317661	0.757837370091705	0.17833864262066	1.37730324868414	1.42609490126598	0.0903285779645834	-0.377253051355163	-0.295262189501494	-0.21903369107262	-0.45955377164638	-1.37345030931898	-0.0213958046076837	-1.5413050312717	-0.690875202008282	0.0122018261057508	-1.32784787577624	-0.00984015257524472	-0.18662609862797	-2.11145223784578	-2.34305305712406	-1.28297248121882	-1.37489470928363	-1.38000865833303	-2.14909739578279	-1.26876919799019	-1.40179353159595	-0.857091666657794	-0.617218443727483	-1.38291588575197	-0.0800328005272803	-1.28164987594765	0.123367273736273	-0.30374598202592	-1.18484842430869	-0.0358072480657288	-1.83549185640746	-0.123346808360384	0.182457671674446	0.46538048266185	0.0445346707605026	1.35953304305305	-1.39280850489647	0.263597078202642	0.040249090563799	0.349306461884457	-0.18024304643722
-0.808103179794297	0.0486314666247114	0.0577242573547629	0.991436919769053	0.488871617067889	0.699450551130826	0.120033387232747	1.0318363291426	0.185579460733833	0.448296223992985	-0.474116293939619	-0.264838072000875	0.0718203469131646	0.117577715386478	-1.26865310109791	0.621821541534301	0.0169277244322387	-0.397207754528463	-0.808052562690228	-0.111846519003495	-0.291057223604473	-0.162785297260586	-0.858225790080213	0.78269124665677	0.27668826886215	0.519990942771823	0.626575472245509	0.55535969692898	1.69858337016565	1.69750008605805	1.22831051158686	0.674096481656123	2.46855073242871	1.28769936407205	0.72540982621767	-1.13652337540802	-1.22047923746605	0.391466027192206	-2.69123049428585	-2.08095133155823	-0.659024546901438	-0.31234385128328	-0.674814808555728	-1.04222825329041	-1.72311838619531	-0.915291500197996	-1.18191768391174	-0.493117288455579	-0.977982514187329	-1.23348563678228	-2.53289799597997	-0.482106629984126	-1.31211172642732	-1.82094358391208	-0.27825285462991	1.53866614832594	-1.31780646866874	-1.27068318854822	-0.123612690876415	-0.0837894678253655	-1.28750371523829	0.15027387217554	-0.755484649512106	-1.37120324519568	-0.331383345517585	0.143317773925145	0.738374007043668	0.746218251323169	0.181643104899529	-1.42514644903154	0.181944597660814	-0.881519260102774	-0.82655430713256	-1.11178868220513	-1.44668646645054	-1.22034754647935	-0.719945204882548	-0.874067359381973	-0.937816144036206	-1.24312470821065	-1.05645003778574	-1.58909805916558	-0.850380443781558	-1.13299185790748	-0.444736162977713	-0.463541601563499	0.250802546142178	-0.400541860790234	-1.38386985857218	-1.02988903985812
-0.580222897910231	-1.18808367918403	-1.41154500278924	-1.51059711361376	-0.249586641351105	-0.175205203400264	0.399835752664152	0.0967017485688259	0.796582102963133	-1.22674894164388	-0.254580355906742	-0.923793973452916	-0.612426613764716	-1.23493234362184	1.45197990811135	-1.17456578033631	-1.62663709897042	-1.5090197363594	-0.642449380766398	-0.543559879443829	0.717382632491332	1.8342231178688	2.32286537532283	2.1927444109746	2.22547339164012	1.47892749033898	2.30481434146331	0.690854343220446	0.828119896401044	0.580615915531679	-0.349049329555125	0.385998478028695	-0.118687135604605	-0.253504976959548	-1.79267108688845	-0.480688758740944	1.68937344790356	1.30142505351841	1.67201096885474	1.917734919648	2.37726216615828	1.61037421104997	1.54423554115548	2.30590784440548	2.76407667564022	1.45047279946954	0.910632408944492	2.43087970860355	1.73353707094536	2.27262549618437	2.42066877753282	2.04813601536362	2.27273831014484	2.54938262630347	-0.809829789856701	-1.26008619234158	-1.05487897990776	0.535560580508379	-0.279322205545681	0.316924227443424	-1.15825062526095	0.242981894230306	0.686992377210409	0.229471396366541	0.506855300374982	-0.0901010318197795	-0.545448023379111	-0.941038319411232	0.224695230893054	-0.414871275425305	-0.861374790318438	-0.515672025111849	-0.700063146911082	1.11147457696144	1.01578134910733	0.133694207613625	-0.00252066833847436	-0.773534050198169	0.446865369556416	1.6686143172339	1.42834394486062	-0.405352157874	0.889240615238915	0.606930839551489	0.304967435645623	1.98077070591347	-0.108150375009349	1.29293558906075	0.200129049830263	1.69497809079199
-0.000522136956080312	0.33909711150719	0.539154681331208	0.364786655323863	1.45773180821647	1.12459920284952	0.719761639649767	-1.89030983917956	-1.93275915527277	0.291440232664809	-1.0036628608933	0.995467017401023	0.928582600863272	-0.282993258731764	-0.859948018854005	-2.11212958216092	0.0985371705830951	-1.03636834546346	-1.93648634435653	-1.18082591515421	-1.8636635133849	-1.28764818455933	-1.58402520345515	-0.949043752147726	-1.09675203532636	-0.188916771875093	-0.756530195321649	-0.502046582399167	0.558386143426528	0.564185968605372	0.700757545213362	0.660955469643045	1.44010031595923	1.5532097738996	-1.52914965198152	-0.924903809038886	0.929621287577815	-0.645160675474738	1.07401889083747	-0.613081909529462	0.513012322368354	0.528484217015035	0.546698492833792	1.10422065950229	0.29083422217225	0.976510862949929	0.846261465721869	0.720643953815	1.1606463538591	0.716605957778256	1.26271229895044	0.196723752218312	0.725474069284431	0.748186752525935	0.506742946062543	0.815918678680322	-1.70934543712286	1.03648162026566	1.55312807021107	-0.755413092750007	-1.55813955833204	-1.33261175497908	-0.263470333215539	-0.0185339338217303	-1.00120808345826	-0.840791468047458	-0.129168463350121	-1.12360537440155	1.81078799242744	0.807192512276691	0.946151729366813	-1.05164093231666	-0.317524293514111	0.944190170196196	0.305385268789676	0.329547461932101	0.840826228425239	0.859315472202817	0.383743891964608	1.10944728923739	1.45129511056711	1.30225293184731	1.31706375120539	1.53177192918887	-0.19532057752899	0.681927552438432	0.192730392471398	0.642972922982374	-0.359944487693245	0.289343462028225
0.748140011425516	1.19228108246293	0.617489866073957	0.742836988959162	-0.0412081490329275	0.461827008059319	0.0381959840859739	0.0360396494254476	-0.458795670233518	0.860561209194952	0.627200556646131	-0.684187936574473	-0.885193298259104	0.357745899760924	-0.106789692494181	0.428453566888942	1.16185070642395	-0.743764338201874	-1.50216082293434	-0.0471442330223717	-1.39983040663666	-2.01119639012127	-2.16544084259381	-2.01444627255773	-1.95803860978288	-2.50951859470097	-2.58166541778348	-1.76230195339056	-1.29910113847755	-1.71532132079038	-1.35053396528818	-1.65810931914143	-1.26386769376821	-0.0351618723181493	-0.847752977558412	-1.08681731220656	0.220736957910101	0.695712368029389	0.57251405193582	1.22414566408636	0.594182705897276	0.717453609081221	0.598777268278433	0.437016906197702	1.13216919950003	0.491804392563665	-0.551176762346095	1.32918896485028	0.160888219462815	1.10052807779173	0.22339103124233	0.425256087326067	1.21868160188907	0.874060775672026	-0.361826466791926	-0.117765499143706	0.809762750518873	0.619038758548706	-0.725956490943695	0.581300202948836	0.525925715775952	-1.38215028804352	-0.841470648162286	-0.49475960743875	-0.501045991719909	-0.0866974474744845	0.167262272934251	1.03094417896347	-1.14153209426063	0.54322532056073	-0.424259789228356	-0.13120548002594	0.310429818180136	0.416025964725415	-0.837029154962693	-1.23144088847295	-0.303027631517768	0.295314650731708	-1.18965785896887	-0.191642825200406	0.0453254255688341	-0.0886827262956428	-0.343307324811297	-0.871319816218469	0.726942885591692	0.771279949588989	-0.328931857745541	-0.203797905968127	0.174058816167789	-1.15279880251871
0.0436884776083546	0.0905978953054136	-0.228338835958497	0.0203515472644058	-0.447431116946873	-0.80363729478947	-0.859900197095021	-0.412999130408542	-0.50757994853952	-0.84397362123829	-1.47321644643882	1.38151000538522	0.946013740763524	-1.28500539908075	-1.08104618289403	-0.616828503895058	-0.50902806021295	0.111254030291714	-0.154760370535957	2.05565665065836	0.771814849184292	-0.112024272893381	0.18613609334343	-0.0624397432364574	0.751309881804949	-0.921995737210897	-0.267758119812171	-0.151370170582835	-1.01914552963445	-0.12286303471202	-1.81872943610729	-0.753820142286443	-0.598970373013306	-1.17445076832327	-1.23987640052272	-0.327390676220265	-0.190142914136939	0.0140615768458742	-0.219164338052286	-0.225361146187091	0.402308178451007	-0.738391841328804	-0.116514172295265	0.34460148913877	0.723756391843589	1.34569692752819	-0.0899410555589241	-0.357128013633552	0.214758530108367	0.88255207750818	-0.00135934408548616	0.705823340465721	1.33423837586751	0.0503568344548678	-0.0814373804947829	-0.400620214573664	-0.581290797492427	-1.49860148634304	-1.05358376328283	-0.765368564937204	-0.499908263912928	-1.0847963306898	-1.42835648122761	-1.40280911859299	-1.26879848832403	-2.00927352189732	-2.20344189872294	-1.54955049832262	-1.27078606840944	-0.418604962328286	-0.971501973124792	-1.12865182817684	-0.753604192330147	0.802772375959476	0.798964379204046	1.13595358331338	0.0536326965650079	-1.72916508889261	-0.0460737573696145	-0.00960822754198928	0.101789179253045	1.10266210271336	1.23744377836775	-0.68194948114095	0.640748661534579	0.152725858166352	0.839744406056924	0.541280468692132	-0.104854174736504	0.717755228529854
-0.512632116062492	0.0896206137062151	0.373680671679919	0.589599878262183	1.63745784579316	1.83076065042687	0.663073614475556	-1.02304913413787	-2.11676877671051	0.154392559904157	0.395993482639636	-1.02851880472582	-1.05651841382595	0.0894808917479386	-0.536525270093277	-0.351706167581797	0.0521383591838401	-0.483393668724841	-0.131285317927677	-0.0311092475717915	-1.68986394977956	-0.756431264470894	0.0443506154392795	-1.40607942293774	-1.20750408751825	-0.72437084069701	-0.645243056773854	-2.25813850359768	-2.13256163999506	-1.68708036012118	-1.25133362687379	-0.380649640561257	-1.02654823948467	-0.79124494425387	-2.2987755899732	-0.530907936232833	0.121224457048334	-0.659428355562064	0.61649900767065	-0.349890753701635	-0.675499253270999	-0.0226543436274716	0.110901045609048	1.15454696004222	0.000957722951283797	0.242085166633157	0.48490355873814	0.167753972807246	0.763047609185337	0.603951068177887	0.670432151328616	-0.272159987279716	-0.434678331301429	-0.310252378751689	-1.2589114264193	-0.726102528166445	0.114763767078869	-0.270641383329165	-0.460542264210118	-0.468677535889817	1.27750090357268	-0.0454275714859731	0.0953649266116365	0.214009039840159	0.780830918832576	1.69646692688497	1.75064495150252	0.916543239954009	0.765904346433519	0.855040151326424	-0.540416888918528	0.262542410005753	0.991488848311415	1.65061583084018	1.39636910753387	1.06980182728836	1.51610531221037	0.591018439529499	1.44035217088209	0.998370976229778	0.728692992347008	1.64639299625969	1.73933303601499	1.47277234406872	1.20188649684882	0.225376971018581	0.791498306067494	1.64057538402411	1.4928398633174	1.18415780842304
1.62063302265163	1.96301524996445	1.76583650279331	-1.3163827523681	-1.1543090664567	-0.702443631127666	-0.730865326879494	-1.02046639468375	-0.957255756479272	-0.854810527245935	-0.687442896606338	-0.325198948082927	0.0168628512259015	-0.630809869651916	-1.4365117415679	-0.631971658104896	-0.28071655881749	-0.819489645076554	0.0770725292801988	-0.754990955660141	-0.91520053276347	-1.17436828707997	-1.27403125999963	-1.59317603786879	-1.27446972862533	-1.26839569818778	0.100412756592561	0.606922917443808	0.459236586513641	0.782929668848243	1.48081579986377	0.249767399623762	0.846012117666924	0.651126808503558	-0.89300487872856	0.490118686744249	-1.18494481224454	-0.170752069947561	-0.506826075633256	0.104979360990727	-1.12459128217343	-0.201614378985613	-0.0697102433746109	-0.963433318001354	-0.860237544486916	-0.493999716257403	-1.736608773923	-0.227380575953265	-0.817097231958917	-0.439145662646519	-1.32679987993886	-1.16898358125631	0.0416638422820044	-0.942902952388693	0.490270053290351	-0.625733110336721	-1.52738383406329	0.461496837055784	1.30978251778396	0.946038289670628	-0.346632151811357	1.3880280305884	1.61848191143246	1.83001477726453	0.870113300331072	-1.48334120486541	-1.35747690689227	-0.997313444763634	0.90438957456036	-0.615738280303562	0.984427961151704	-0.331710493538985	-1.47470186876061	-1.40440072979728	-1.00893823637474	-1.06724769830486	-0.445815723171717	-0.632315383790199	-0.248409714696497	-0.825865875687943	-0.243057798203881	-1.35144718403863	-1.14304841267827	-0.500001187859075	-2.15705014152285	-1.76924331838886	-1.80658306301723	-1.1205417658258	-1.22248307515366	-0.659891727406498
0.395596428084699	0.878931582949565	0.966526868728995	0.237672162324526	0.132438413588869	-0.828762270428161	0.347454200536376	-0.480114877639887	1.01724250993167	1.63989080956054	1.42811017686546	-0.046403026447813	0.0364085970083169	1.86932618292522	1.41054148725202	-0.0127741601009486	1.859388142658	-0.280795201190499	-1.58093279723454	-1.63775799276428	-1.63258640456807	-0.717460065761179	-1.02474067511502	-1.82615120885607	-1.39602412234302	1.8638949234255	-3.05276550442489	-1.3835009754244	-0.252160634409638	-1.33944850498073	-0.146187219868019	-0.933587728867799	-1.21611833874395	-0.248990997875528	-0.26268024954564	-1.36115689973646	0.908202848380907	0.0430180741585665	1.37682231892031	0.341263141437783	-0.116356599294794	-0.10171087656428	0.440214111062946	0.805774627050811	0.945143509599636	1.39350305585822	1.40760226880575	0.303546232486709	0.840363211136809	0.743103976540144	0.956061571616888	0.714462355896748	-0.119586644528915	-0.0426875830110998	0.24955711754259	-0.540853118340635	-0.45915945088389	1.77840921705125	1.2245103665636	-1.74761510198585	-0.691661461090534	-0.218411588855677	0.928099176658043	0.732481220323106	1.1424189107909	-0.264615101931997	-1.26392344366055	-1.81560602892999	0.0341002175412849	0.653751371998893	-1.12346816098863	-1.09776930104631	-0.728558122133211	0.413361425731968	-0.106913153489008	-0.242126315197556	-0.47471380417673	-1.40372865775217	0.0129019493538872	-0.83393884655935	0.843668387840325	-0.541005617643198	-0.168031743336921	-0.621116326512467	0.255103885044813	-0.864520265814031	-0.163883781784502	0.0499959609861564	-0.199513353027713	-0.587301060430478
0.740511371869666	1.6395375334784	1.55064567946683	-1.09901032736624	-0.236249582477488	-0.0469413825352989	0.32422287669549	-0.311993407517651	0.215421341349157	-0.729769516493746	-0.0846788412461405	-0.722240797624642	-0.310155630707031	-0.554553763524898	1.12011153540761	-0.0281759115245265	0.309050028424328	-0.868543918556379	0.085630458489763	0.98026277980072	0.714997980773605	-0.303237964597405	-0.7108101711157	1.09686091459863	0.162836753944894	1.23320921067088	0.0434384676855773	-0.78676203279591	0.965698083902216	1.29196627153462	0.798133509502271	-0.0827747989198036	-0.569561004541144	-0.392023596506922	0.424748997150375	-0.661570778856346	0.025553164977063	-0.607526188579	-0.46895235924354	-0.223012078565075	0.0617787926373284	0.170921587187896	0.0248870188817435	-0.368658292870962	-0.770320783238576	0.449422613754979	-0.330702627005096	0.383181186247625	0.089972816075175	-0.937829039223275	0.158466509529271	-0.938281675306663	0.285590963297286	-0.073002808641161	-0.458592226323571	-1.08260464528841	-0.336330380932584	0.707390039566747	0.0113127926740449	-0.923118189294953	0.0188134952654069	-0.556248454940757	-0.629411586608202	-0.333526874060222	-0.095942731889956	-0.169413749603236	0.149858184072316	-0.440948951841611	0.16419119118636	0.248568600694918	-1.5960215810997	-0.760277651536692	0.248901054139228	1.11092432726583	-0.814969434606843	0.405105421200723	0.0960682832247829	0.270535141206002	1.25869605172775	0.0138479570974935	0.196024091511842	1.61423491759239	1.05394803906886	0.346236042313354	1.54798786879974	1.10984490664897	1.65575443209456	0.191716793736694	1.70139440316619	1.87366211183479
-0.40242906684889	-0.306202504292094	-0.273311190399538	-1.1868583003883	-1.84899244762653	-1.97009113266472	-1.75257933866686	0.189905489674321	0.19715026336174	0.364421147855824	0.36764298595574	-0.301656786252563	-0.37622884120243	0.286834456934471	0.0522884806959376	0.348012763721249	0.506631905330606	-0.0311822490069316	-0.247508876406978	-0.10733240952307	-0.400440983574062	0.447157208033089	0.916998482834581	0.0472736128287244	0.207384946653127	1.04048127056324	0.492663772856987	0.495112292018933	0.408024834718331	0.50868851929399	0.129239578416419	1.27638853161397	0.546202438036778	-0.128221177864857	0.0998500016169751	0.274508284581575	-0.855292328876285	1.13597455595482	-0.864617774925966	-0.536271049131024	-0.130467164653153	-0.762225535112295	-0.116693138599513	-1.86494026579893	-0.454128251117518	0.0193195722293359	-0.610842249462993	-1.01414815389994	-0.508505260781017	-1.66356739749478	-1.36177329735892	-0.597802448471896	0.366952232594515	-0.392181792050823	-0.392332588001577	-0.509640126652581	-0.679215210918642	-1.8286405637887	-0.7388470497344	0.162798840916929	-0.543506901816482	-0.208847417999302	-1.06719963514106	-0.550954342831501	-0.104621621739719	-0.968257436259377	-0.362801529004048	0.113926060828983	-1.32836781478577	-1.48789187259561	-1.33558864206304	-0.501670864510911	0.591647667584954	-0.45423965731855	-0.436359828487555	-0.406404096530642	-0.166130767294501	0.459500495080229	0.288369441798979	-0.207189565629627	-0.305884151806434	-1.21190225121291	-1.12467743965147	-0.0414002802649073	-0.112852367588513	0.017366545291636	-0.176583069490992	0.716518072600455	0.0792901787634097	0.473132745577946
-0.380688803421414	-1.21521788376364	-1.65076032256071	-1.33585135285712	-0.6423260285627	-0.401740425401052	-0.616884740990305	-0.755791060561415	-0.94394164120264	0.695226616865749	-0.727314918400462	0.208335546181889	0.621265278025818	-0.014074814725511	-0.073298033249663	-2.11163260433009	-2.15649630147012	-0.828264381266659	-0.590138321744176	-1.53377642967587	0.58317637772014	0.348476295344982	-0.309874791008187	0.695702934735662	0.549513936206911	0.506632719669051	-0.467388257834615	-0.941913147694656	0.407434946664268	-0.923816814568121	-1.27803757013536	-2.06489910032371	-1.97518238528703	-1.94183470617582	-1.4971084506631	-0.826295747600901	-0.0302425056798786	-0.208505406368536	-0.223780378692364	0.63920831412719	-0.674770758986694	-0.342778337832958	-1.1305313551382	0.0454251655696574	-0.782129886661859	-0.799268429122075	-2.14974448943626	-0.484183407504008	-0.835965325281984	-0.421599492339464	-0.0193057575713578	-1.33231186363609	-0.428443112420737	-0.137092071407209	0.482129145027975	-0.370072896130121	1.53144558730282	1.38705141375493	-0.313898535709431	-0.0687376089555299	0.204470337432452	-0.599977470594996	0.43900414218813	0.694929321861801	-0.239862683105318	0.113361029753906	0.735354350172276	0.475015375790305	-0.564843859023108	1.51815908374786	-0.571956366870074	0.420704256587874	0.394959021810869	-0.861899639865447	0.598915612330415	0.886767539315245	1.43447447133233	1.21235834004999	0.415342404984775	0.743862883780255	1.47843281935072	-0.398586181081055	-0.263465763400618	1.44063847774715	1.16210073867414	0.521311378021839	-0.916180774224195	-0.0699833461716202	0.00320890825410651	0.225953288402631
1.71215952996675	1.15461149405228	0.43418062475927	1.06151489969868	2.39523734619572	2.32600561936808	2.13417494757696	-0.218920430621466	-0.144983495292821	-1.3392791778604	-0.164077381183635	-0.865843478266115	-0.500062033856659	-1.20516263011028	-0.0165435994854207	0.712826982611648	-0.715762834773194	-0.589960312487289	1.25002205359673	1.64059362215712	1.21564723031808	-0.204635858700569	-0.403700384121508	0.31438104901118	0.297458990000427	0.266430215782225	0.678672491859435	1.14084765371967	1.46805296964216	1.14606506677991	1.07717269024387	-0.39225982283535	-0.237243473496454	-0.104435301085146	1.0201124539422	0.578848357149636	1.2902830454685	2.24137271044597	1.09234337087222	1.45838464141127	1.61465384653494	1.87867286122274	1.61048317876893	1.26877821665432	1.30962967964973	1.84205126195901	1.76562894854856	1.68318073845759	1.65692725225031	0.775596861932113	0.791748416628617	1.58367978868368	1.02821403082609	1.08358183055427	-0.202038654650391	0.0867774453044687	-0.29686845773946	0.749930078947986	1.94944104689772	0.769242642627894	0.989264524773356	1.08030825128904	1.72306123844372	2.1985207690173	1.56936107309817	-0.383417607257206	-0.8217794789888	0.90951778585728	0.790831582982344	1.10165562757885	2.94785790844706	0.901049946178681	0.666565401367727	-0.286656189495115	0.359971247084132	0.599143465587376	0.875830560461925	1.2752722879907	-0.766471683130712	0.260445702489142	0.0704716571449768	0.780666345658345	-0.0133052501080344	1.47612550462899	0.523076094625918	-0.295698333071609	-0.859585345873757	0.689298301496019	0.0970815384711714	-0.636935739683222
1.91687698319894	2.03635730398497	1.53887504935958	-0.034221819534523	0.946984108718026	1.45236644470399	1.56593782826008	2.07109154297699	2.01780214429066	-0.132084813656115	0.784007083020346	0.538005565351078	0.73103609532044	0.243856566228337	2.63559022771283	0.74464063571963	1.08561845306346	0.970827109335251	-0.00337063158619532	0.522071476133581	-0.0686086842934838	0.834974220770321	0.637156950858962	-0.431706549359495	0.177118440435838	1.22662062405249	-0.468045059523943	0.287252166910258	-0.727609962502085	0.563362394116902	1.34591462856615	0.386327986507133	1.27819136999398	1.61869950603325	0.423523917880361	-0.159633848281231	-0.752617049666319	-0.694373207565686	0.428107904650651	-0.592625458043825	0.2143370826185	-0.149224021620984	-0.249783728952425	-1.23983003690553	-0.129505528081529	0.514308600843085	1.27928321645301	-0.40951640165936	0.581887216320299	-0.872595771688956	0.704712012997338	-0.378451234222867	0.296870766276694	0.814780679957697	-0.443956042636716	-0.625983042313443	0.511479497913351	-1.10910251014599	-1.92300546786216	0.578752477490181	0.557260674707138	-0.428237018010046	-0.258548369921308	-0.392484246225812	-0.277629931131666	-0.311414760569798	-0.226143600547479	0.904556268038919	-1.57192719150323	0.764703340746798	-0.548635526903924	1.00169373971259	-1.13292798798889	-0.258033196571781	-0.0943481469914404	-0.277972289203397	-1.34269498009803	-1.57814878117312	-0.519721610257012	-1.25709456340657	0.214039403669167	0.0283045387219992	-0.546648906861168	-0.244198284315582	0.730767775063501	-0.22117627698635	0.624435627136626	-0.734425400329125	-0.158193988234048	0.25310638161878
0.724689181467957	0.347936972479105	-0.99923687180727	-0.127901271842087	0.130638857671383	0.619067768936592	1.31970671741055	-1.08254546725139	0.0876899710954669	0.926669252522876	-1.57375237158325	-1.90813127818356	-2.83170923638593	-0.257252028378676	1.26445523086673	-1.46291501994755	-0.687663589058182	-2.66167832536099	-1.86193565974029	-0.684481400538511	-0.236448311355224	-0.336322644145982	-1.0514720311545	-6.89635271441278e-05	-0.26162633110285	-1.09747254746514	-0.663978123226824	-1.31857957585715	-0.916550987852804	-0.387128696447712	-1.06653642881359	-0.104975131037058	-0.485061346952116	-1.41022929258752	-0.157005870665202	-1.20879706951242	0.689246798116792	1.04773732552476	0.219808687513024	1.18797718817854	1.34689768223756	0.972671682903391	1.20434394322999	0.244369257264548	1.13464279151435	0.644271324413004	0.0781792400398941	0.505708978062659	0.301923043598637	0.463393116081851	0.255553346510728	0.288427398162183	1.28979269766595	0.920926532499771	0.670692707343913	0.135556593546289	-0.880452198773359	-1.14219836072726	0.123946343083869	0.344032316038795	0.0922638470109086	-0.15857518935869	-0.471310931768233	-0.152307200372361	-0.811061069385137	-0.229210397203712	1.32152411917969	0.860661943600677	1.3428211824802	0.772707266502702	0.724478374054769	1.13584980300047	-0.497211275304244	-0.686271287228489	-0.71180873709	-1.44697638520641	-0.646400884333625	0.273066766826755	-0.490021565175964	-0.0440121434932898	-0.978415195841421	-0.67931850562865	-1.03753817934263	-0.749261026692688	-1.68589688261761	-0.415217251479274	-0.568814440765457	-0.909283193209039	-0.229037808762205	-0.0205184369356558
-0.556887623586191	-0.395854787247667	-0.252592681924006	1.03554405515023	2.1510077450258	2.0505014462319	2.42152839562465	0.391578848530307	1.04475596567783	-1.90047524450361	0.702303554003931	-1.10907953483634	-1.48205511356537	-1.59929210473248	1.29403258095886	0.318400485177381	-0.241831071120166	-0.802347425608275	2.34554773544864	1.78729020606268	0.101504099262575	-1.57666589999717	-1.4431080809429	-0.618992220507272	-1.25122858187964	-0.520122485356765	1.27029597890478	2.12831889410872	0.248708985273447	0.725585984075533	1.52451656064484	0.453200426801953	1.22019391545517	1.14107286076101	1.16562730900409	1.05972821757674	0.886389382383217	-0.143412913438769	0.935605478445949	0.627661678214267	0.938068770871306	0.709537377292429	-0.0977558446913548	0.405644953909713	0.666324864761118	0.107643167158057	0.849426696490552	0.143140076409102	-0.375361283589616	0.963245714204455	0.937276065271285	0.622871618689693	0.29757338780272	1.3926445289418	1.2947529838076	2.34727297748777	0.458399873698712	-0.234841275277683	1.18225095432217	-0.556171043500424	0.849654277396787	-0.380574265535402	-0.924691587254928	-0.538439054291765	0.622266907563105	0.894249266685233	0.270993557932499	1.04831233882046	0.043777168293516	0.749934224157585	1.15047986538214	0.7135350023407	-0.00104618695689598	-0.466348209922491	-0.302577907055799	1.20114837906931	-0.119951998840343	-0.379750771026755	-0.267291736278497	-0.744721821192028	0.403399436812389	-0.125819726560899	0.415547507795558	-0.0198208487726852	0.788302908935247	-0.323157895803015	0.236936819615841	-0.478865881462021	-0.171388545844455	0.163697146487964
-0.358652576527887	-0.230146200722029	0.0396366328999622	-0.277362828137387	-0.0247936937162162	0.394100600262726	0.478927647226107	-0.999388127787076	-0.662206370985667	-0.117073607142819	-0.161118719444138	0.114942985475423	-0.0228720446589339	-0.0558308387857219	0.940415274696359	-1.00805149704015	-0.361390276391779	0.0271791320365315	-0.958484515431197	-1.21408635160626	-1.27944833989116	-1.21074946672384	-2.43517388989699	-2.13591892359795	-1.43263045842971	-0.5783972350065	-2.88164927815634	-0.0258015680527943	0.493391654825822	-0.293803448607788	0.730002286368574	-0.552423474931775	0.830900701527371	1.51611707300001	-0.0715087766748602	0.523600601491442	0.135856320486297	-1.02703731951568	1.16359052448423	0.68668852873334	-0.33035357568921	-0.0925633699487497	0.00190121865467018	0.657395786452579	0.776681119269645	0.296229358043562	0.57244349339571	0.356249947644547	0.405075733680485	1.84712405000036	1.12278385746654	0.352697296560587	-0.153476275453753	0.0399690960613043	-0.246986962580383	0.213548438825413	0.825252105517242	-0.809328737886066	-1.11015309047308	0.940818848643296	-0.359910755737613	-0.601756013645888	-0.445696132382332	-0.545333163483564	-1.11532484419552	-0.0556747378869766	-0.637845151829423	0.171201017936966	-0.988346295300062	0.270573742712287	0.155836518438166	0.85038036729906	-0.471613670757477	0.178561087719277	-0.729217111963109	0.0851929050538347	-0.396993527439765	0.0999996344203447	-0.582054434119988	-0.566411139861857	0.125908629021721	0.334688786991655	0.0405068099626501	-0.249225142270254	-0.0799642179738925	-0.419001190924452	-0.687203342550405	0.194806748996745	0.303356013332907	0.0952839986374095
1.36408115746936	1.14596780103569	0.695007932237635	0.120027720854694	0.121398593209525	0.0167019767295093	-0.0503058614886408	-1.2592386398148	-1.11562352756306	-0.139434775723264	-0.345435883404075	1.64229823603823	0.960387186510082	-0.188938556541364	0.298161515048883	-0.316333960757873	0.161640801373487	0.897875582632515	0.195237111625414	0.244099024346823	1.24110514431538	1.35843979909881	1.14700545047468	-0.0203789587495564	1.15590447133979	0.708431619964653	0.211700993446159	0.0468591548429154	-0.232047968018941	-0.519730339307249	0.014327743020945	-0.882104660677239	-0.58582314336134	0.0735931183104506	0.483134573112308	0.38371533194603	1.40704818288828	-0.013731594950329	1.56703093999757	0.903640890047907	0.857287984553148	0.647947155258424	-0.629793314689069	1.20668093613295	0.955876196496077	0.18082732408743	0.172011030413633	0.592483932457912	-0.0826526652025249	0.866728328643969	0.963684602910372	0.850942975716835	0.247301872313528	1.30943565007667	-0.85274009708514	0.212753581398699	-0.377360229013437	0.269747905375665	0.939044367917065	-0.904400574623236	-0.400746959833575	-0.276573660979503	-0.00720755470913481	-0.579612361982821	0.51338683103567	-0.0425960269503674	-0.5869747664494	-0.0827086326802367	-0.276074607847434	-0.581116665289193	0.676116337608031	-0.578721732349393	-0.462060484035703	-0.444586425672464	-0.901699805417808	-1.68799828062686	-2.115014477774	-1.38027373409064	-0.741433560665048	-2.19590911075924	-0.997688814215276	-1.35095431879617	-2.20519871184347	-1.7714716190597	0.374666890599622	0.478660431637188	0.589685422670681	-1.89233794167979	0.846519379808491	0.0868165762357661
0.994160985400527	1.39517161691557	0.544965993994735	-0.790245829368624	-0.130740894110504	0.271487246828222	0.379427316125199	-0.358986728286289	-0.122696632285561	0.596608796010384	0.987003388950949	0.158165962947655	-0.312745470281071	0.111132072761102	0.598235083778413	-0.561426176404298	0.818862217611241	0.160534104800528	-0.936480708374055	-0.567690149338542	-1.12105169183732	-1.52402473690679	-2.0550067139735	-1.29989289984195	-1.54081720311993	-0.720617719250992	-2.05030014522805	-0.540681829183987	-0.120708315787287	0.273938244018954	0.200556256557547	0.0257860536251236	0.488540752021647	-0.333094163546411	-0.0959397916904633	-0.603752838870831	-0.406684472557299	-0.0762702673572434	-0.785262583425671	0.198232106353156	-0.670630039725146	-0.371180520070748	-0.216792534587342	-0.343575172699875	-0.732422131366445	-0.657633196799065	-0.681439632336889	-0.831671858580871	0.108604923642362	-1.38324164754007	-0.699047786206601	-1.29333042352909	-0.19849002899161	-0.414909257495291	-1.35210575673457	-1.59890248028178	-0.195866824198475	1.88456131686626	0.206932673236531	1.20652520177675	0.0386155087366925	1.34025162598169	1.03813922657394	-0.116159134549482	0.590007266472843	0.245673851539752	-0.808711594346273	-0.97385535858252	-0.418028993703175	-0.953029375090281	-0.339645614544023	1.05463418768377	-0.985653864829233	-0.375844104853037	-1.20684759179795	-0.0440943518742163	-1.5326182946896	-0.754428415132029	-0.846766423852059	-1.04175187283099	-0.680462401874295	0.248280246508272	-0.165767834033725	-0.468752969751151	-0.507558712745363	-0.897422186677324	0.385703712320759	-0.626896866030521	-0.598908659507923	-0.665018073722521
0.448647311018776	0.284820334100259	0.334125192800329	1.04757916007688	1.0035108643572	0.843284345500616	0.953681376193993	-0.605347363426101	-0.252353672637499	1.03001209607815	0.630054322646015	-0.260751258776011	-0.0551307431270435	1.01433471028481	-0.1578486426664	0.19492100327321	0.104802116055366	0.23292922758397	-0.889746899095056	-1.01453619448333	0.103448261425519	0.125173867537081	-0.124383077383678	0.436634205208616	0.373737607595062	0.478983255889335	0.257860133689401	0.842507563478888	0.386169976039367	0.351725154064218	-0.327895161712738	0.410548377217582	-0.0503502253578933	-0.714714289054074	0.377300691780976	-0.427632882171041	2.05684017902514	1.28406842118138	1.92780070972422	2.63761971708637	1.52182328941794	1.95098759147163	1.38628618221326	1.70224806759798	1.83421963754439	1.96197668087083	1.42198913978901	2.16720095084815	1.49128986718993	2.12953988967394	1.70792834882891	1.38626251158799	1.29226258247388	1.72996276032776	-0.501879955146968	-0.721281671251842	0.0579986390569432	0.0446731919795571	-0.465892674873887	-1.82443458421985	-0.932695804404008	-0.299522708484595	0.442237070159407	-0.435872250525518	0.418796929121593	-0.0153619612698252	-0.944989535961334	-0.984442057546985	-0.993427868263028	-0.117768043748967	-0.772256191291463	-0.648783212868537	-0.449429496570654	0.666977912627919	0.191331875239151	-1.43240912450009	-0.277980662935641	-1.73428315104538	0.68831084410518	-1.49127836271343	-0.780484687238056	0.752343461074446	-0.305378185705652	-1.51145599484957	0.362674450619621	-1.02047691416009	3.11269253087407	-0.243001629423922	0.11822163088585	-0.194053613350862
0.78805540334549	0.813487879126086	0.728927450215713	1.21435002523981	0.0819283027142075	-1.15637199466344	-0.617828601902657	0.572508528453936	1.02108072092644	1.59103614826938	-0.76891651716354	-1.15691478387435	-0.953715972662654	0.965208496383565	-0.0829942727486875	0.0374864801512573	-0.172321533779064	-1.32061484316007	0.594645508784559	0.193276826359411	1.49884718498581	2.20068912211077	2.10472006046004	1.49700415182878	1.66913916115084	1.09369680811694	-1.18011981270616	-2.86866596412221	-2.17702802067748	-2.19083656672676	-2.29842412317974	-1.19322560939043	-3.06817509805497	-0.998119322450675	0.333912245779511	0.7178499189876	-0.125721316037623	1.45043763089949	0.197492101273134	1.05052634839404	0.634497764854215	1.43654684653311	1.6508824397099	0.941855189357466	1.01833910160429	0.715576907553501	0.28799777080045	1.14380262407497	1.21874891939225	0.583840142282275	-0.271733847522204	0.304336258070813	0.764688733429912	-0.0560193975815123	-0.717769318475948	-0.358861740922336	-1.14048057005797	-0.0784049407756733	0.4878207086306	0.339279925199739	-0.744644884067473	-0.412834638705665	-0.23826538944421	0.446275196808154	-1.48789507981736	0.499683284386736	0.38387775718429	-0.918373976626345	0.574200716483743	-0.10200317309932	-0.636391747713362	0.285221203597604	0.824522908002094	-0.0331659378783812	0.951528588293551	0.504694785592073	0.180847529460537	-0.0454714274228052	-0.711357496991918	0.0460439475366237	-0.359743669208411	1.2433374626327	0.138270421088131	0.556600353590739	1.79603054649285	0.666675761103901	0.853712039981422	0.38615110616924	0.479809221094229	0.632981088269887
-0.207237312859064	0.0117912153481129	-0.412278793535452	1.37051630854398	0.58615773085805	0.553690985292106	0.332630456486798	-0.594454064379183	-0.704061346828431	0.00899714391666908	0.0145337970324347	0.166663442649198	0.488312518980272	0.103711470959321	-0.644403080626116	0.290573989184828	-0.24781823472372	0.690208524357225	-3.02689012536241	-2.40976593728689	-0.951963832551237	-0.614329308791681	-1.92586067292214	-0.456061841879956	-0.426730131036619	-0.650100823580813	-1.63691740674734	-0.485620901984114	-0.843203829968382	0.377783559969991	-0.983983239789445	-1.87376307136803	-0.773482842452989	-1.62425328331233	-1.62734575371753	-3.26466674368867	0.950788654929323	0.314503900377966	0.967133405959233	0.559820248457082	-0.110809970465556	0.425523750764994	-0.337876950918128	1.4452448972772	0.139347586193957	0.184139114352594	-0.354385565569756	1.17156625454373	0.0853811247689662	1.03254499529382	0.547488428341728	0.692443016889523	-0.0330856924791702	0.331506398031199	-1.05892138454358	-0.0893174759460472	-0.510418479829007	-0.0160484368069686	-0.490863834129201	0.286566228140693	-0.391283050681532	0.284808480349463	-0.500745372488391	-1.25139133765201	-0.70262026589687	0.134203246071567	0.620124516409525	0.315164806859308	-0.158788684668978	-0.837381805600518	-0.950155163120935	-0.500796505316986	1.28192924840672	1.12529514557939	1.59992007765223	1.19687517101	0.373705719879753	0.686192773184859	2.08786759263518	2.0180366580141	1.73431375102031	0.921166837473661	0.576150024577443	2.23797942653146	1.76049733109565	1.79503452302914	-0.0470976069726944	0.991439784122566	1.83575167094056	2.39075226505271
0.955853343732241	0.781326204750897	0.857618896218953	-0.212905740814762	0.403679396490098	1.35654617323342	1.37505097636773	-1.09426199848543	-0.708948141102464	1.99221935135541	1.72577318067253	-0.2397411044896	0.552185549119038	2.38012384791901	0.431870657909659	1.62137905088979	1.44618421713935	0.831411419466421	1.86209505098012	1.10058203652575	1.94164598223549	2.04207427864088	1.76912602064878	1.18181783276356	1.38155557162373	1.72590751891481	0.627132671232211	-0.0201832549590805	-1.16147625670845	-1.33372789715022	0.685572799315128	-1.19203192337851	-0.280187716976117	1.02175575407863	1.66765832113177	0.212002408243213	-1.4000390149682	0.638203342646503	0.519431723328651	0.220738279866078	-0.112094403580855	0.336143169528017	0.45872554995287	-0.692273280469924	0.553014495429454	0.547089015895711	0.0677763242356735	0.709068044429435	-0.257286501614215	0.184686085379765	-0.462245591607359	-0.244139431861346	0.497661545115744	-0.309083889182574	0.461801785828074	1.68359610319207	0.655007445494137	-1.03141043559451	-1.35113048986449	0.392406111675903	-0.509793253963886	0.935378264146433	0.654006385127987	0.0688442358631631	0.700830117433701	0.858261088445609	1.62908662368739	0.96196660554623	-0.591641124251746	0.964097715784339	-0.47767633042724	0.316518430903827	0.789897214452657	0.645001278914618	0.795244747553867	-0.649952725276426	0.0535324305576213	1.33429554784918	-1.00081871047307	0.225761917210084	1.4750542466459	0.98523956647743	-0.165450525378298	0.962681694792803	1.48593244701623	1.42630198007195	0.296291618656486	-0.409358436262079	0.50296328233193	-1.27760005479223
-0.476004812581469	-1.30455785345429	-0.548935500589381	1.74372074501406	1.93673508668372	1.15134151760697	0.84737657758489	1.78535206949835	1.21116135922576	-0.367830950627922	-1.09749875715521	1.15037819022945	1.39813576934588	-0.0565057775999551	1.41122460746842	0.355145525984027	-0.332035065300679	0.368530219366419	-0.0176391674441212	-0.251051382468217	-0.610799764003836	-1.17858698014903	-0.585479717730598	-1.47969835305126	-1.09809341609919	0.138260510113016	0.518883845696975	0.722170761909267	1.18184710897836	-0.097452580807252	0.863102267262155	0.540808069116234	0.148911945929227	0.0602624261729874	-0.690272418531754	0.741173509610035	-1.03646265980035	-1.3556092989862	-0.404971895262201	-1.19131524736821	-1.92349657051114	-1.70792291091573	-2.10270015001859	-1.53081001723576	-1.37468275359513	-1.20571145588256	-0.828553230357336	-2.00382703374911	-1.61392289088013	-1.00311334138966	-0.738982313748814	-1.39136983428111	-2.25926690494137	-1.32752744427849	1.53325600964025	0.18971559952506	1.75573120200591	1.30175806127049	1.18371918808835	-1.01490314237729	0.793484225964605	0.591619875616555	1.6307982618431	1.17822033589577	2.05317693026117	0.628193038166165	0.226172942799742	0.554163245277332	1.41256809596431	0.957962261975855	1.60965829667478	-0.11670204671925	-1.00970294453004	-0.716918267325825	-2.03501719224237	-0.216633591112942	-1.90920774439081	-0.777902294096673	-1.38909356968595	-0.730454637432655	-0.274932634324775	-0.27896499302209	-0.979713463112405	-0.57205743743135	0.321130588700289	0.385001965190826	0.0552159620894086	-0.526590776546538	-1.27692365859312	-0.371498867288206
-1.69444929707755	-1.04254771631122	-0.0240725596571794	-1.44707939774334	-1.52649408104541	-1.1346970959978	-1.10765390863189	1.08059741186387	0.783024440651519	0.159062196568981	-0.00802786164815016	0.555763157161977	1.52359336595344	0.280003178727927	0.989710706113384	-0.0174717634683881	0.0715242544478087	-0.288348536404373	1.28011896483258	-0.298788923704077	-1.38165632075475	-1.40398141920501	-1.21217385639371	-0.699202316013355	-1.86305955663267	-0.813892917233354	-0.211954312715168	0.658643216387005	-0.64189320376623	0.0236969999117772	-0.013061577329846	0.144435639665225	-0.00369825004228966	-0.795991267300253	0.483938492128752	-0.134196447936727	-0.506053840121274	-0.64604386005981	1.03518772898686	-0.280741265564878	0.0774675758316087	0.47074428430544	0.907898671947031	0.418559792340918	0.446512259448821	-0.40504346596428	0.909233381046733	-0.0481464540064831	0.608630687300853	0.0131429667044446	0.417819920825845	0.285260233327629	-0.468644045047854	-0.721180170527545	-1.98653292393044	-0.317168145802052	-1.08116510896779	-1.10414469815953	-0.0818407057285341	0.183197016919859	-0.342643184465841	1.21787620122389	0.937844523705168	0.105533454990032	-0.856981402489191	0.54669864171287	-0.795699388601382	-0.908262040534358	-1.1785294406142	-1.17642352663148	-0.276175135620431	0.391444673731642	0.692129747949601	0.865409634681566	0.841297397089343	-0.936010436810054	-0.682303878479612	0.0852910157886343	0.961809093000672	-0.865041219155183	0.383484309808661	-0.508406635594959	0.0914903300704975	-0.442181629195485	-0.243161530942964	-0.71901450471147	1.07383084655108	-0.953265455605488	1.15733780311407	-0.316224148519308
0.162400361881886	-0.180972549760282	-0.282326888206061	-0.144920645071285	-0.107434474224339	-0.516345386051479	0.080981499951091	0.223320091407675	0.887758962497459	-1.14702576247073	0.187677084844231	0.489016893337233	1.06429921660876	-0.822946754473321	0.455525976741269	0.129663889594265	-0.36010519107634	0.791649066333953	-0.117650034893006	-0.5366059561479	-1.18892237027693	-0.408301267631113	-0.191065550601703	0.496840032323966	0.0147814711479287	0.712924226099067	-0.505819208975266	-1.00431351561318	0.528706501720223	-0.188822209682791	-0.894297999564806	0.0143810999712837	-0.338359596726848	0.233815843185388	-0.23253280097515	-0.560948988666685	-0.0521546702622898	0.435726420924913	0.56765185305698	1.12460880188719	1.03368895724649	1.19919315399298	1.07967261935973	0.602473015464233	0.591519938565599	-0.145413522312019	-0.276383045611537	0.871480406344373	0.821469664359444	0.833630034341825	0.542866520225109	0.729317951622971	0.971046691289477	0.423424783901514	1.15119223958413	-0.598969453622819	0.0125599249155029	0.586495210591149	-0.89199059976321	-0.319692232651216	-0.351343651647873	-0.727624393365977	-0.752427582493064	-1.42651088894149	0.364171642135499	-0.650180763061173	0.640311772754362	0.674045286002776	-0.0978033315780855	0.0779879602711304	-0.908813369655451	0.470005716829536	3.37917587068924	3.13499810695791	3.78241270299685	3.79659922525925	3.39413902652395	2.37117824402452	3.58234129623762	3.27468810860256	2.53018244041097	3.3744657843954	3.98501329756656	3.66412972684815	2.99380930443817	2.17270046514063	2.3624064925063	2.9680526773738	2.94527484913233	3.29959917239025
0.392340055241911	0.341057272594082	-0.0614305655426823	0.203976786091087	1.31816069917031	1.59803818139572	1.45863730362386	-0.830073622081604	-0.666170315857442	-0.749090332616219	-0.181103558546571	0.0160832725404151	-0.430534815736696	-0.792610062120204	0.273241973536735	-0.299110439694753	-0.179371254222827	-0.214945562536249	-0.898160308113619	0.779653491466304	-0.969477397806487	-1.70800220787371	-1.00529437027465	-1.57950664047237	-1.47875853604689	-1.22380146909073	-0.516326944169032	-0.614785795293793	0.819311047722505	-0.903630742911406	0.788497002649897	0.615903832268847	-0.241044011503184	1.52098538962021	0.0727704951280499	0.531003302552155	0.956949921470939	-0.254629298174776	0.352529092837716	-0.0307107258132605	0.910476896927273	-0.159575322852307	0.446877938206216	-0.240578956800018	0.00195111873209245	1.00026008950163	1.17908341294232	-0.27988325388425	0.237132772554758	-0.400566938058547	1.34546311239476	-0.657270406492407	1.46230213180508	1.46984890568919	0.504506445046521	1.06312196086734	0.0633332095732057	-0.935311072642311	0.218072308162284	2.09914124079669	0.879314291194179	1.55487742352182	-0.189613498220328	0.0886212699951645	-1.57510877301941	0.545333569219329	0.891277246147212	-0.0565015300839217	0.946273781946022	0.765124858469281	0.598523944667673	2.58841040026991	-1.46661836949822	-1.25998028224358	-0.512450587220688	0.590357186828679	-1.28077334864166	-0.636036249324265	-2.39384298665794	-0.853109774745339	-0.924509538255718	0.110707812200368	-0.755411854288409	-0.775773794111332	-0.904373989137522	-1.2635026467724	-0.758138963601878	-0.972773535685859	-0.718606132396654	-0.530407416944018
1.34181015022765	0.820158521072581	0.739495524739033	-0.388613067107737	-0.589698894390679	-0.555459762937737	-0.467212685789741	-0.983219745992933	-0.759169388381615	0.129304731914854	1.70817024721843	0.620670904961491	2.2138475752734	0.831178739641314	0.217034588186642	2.33162732122031	1.25421124572405	1.25784881459364	0.941662935484585	0.505091745832034	-0.722876412363317	-1.64955241369799	-1.29831743099152	-0.9548418256249	-1.2877470874043	-2.8121353191703	0.0285262324321389	-0.703227942466685	-1.10899705095335	-0.735325849734251	-0.828733963204008	-1.24482980284813	-0.670469769785555	-0.417320620080141	-1.23477588932585	-0.167024723172465	-1.28217627183214	-0.536640269773674	-0.00392346090045252	-0.117606276444269	-1.00808226252044	-1.05225638249263	0.0474366967278562	-1.21851744938484	-0.43044160957736	-0.375659488861184	-0.63004487699446	-0.643624388870158	-0.337447212961398	-0.550193176987821	-0.554923172530594	-0.574973397675464	0.29696641408174	-0.861648189230933	-0.733496779023118	-0.832709381909379	-1.48534223527911	-1.0156412118685	-0.0130381102457826	0.677289499073706	1.51326502435689	2.29266212417942	0.463096860041192	-0.151788848270412	0.334182905188452	-0.058947946800755	0.904945786539854	0.523907024824411	0.2884921915619	-1.81642920402777	-0.359087968381736	0.281658280881225	-1.43399106144156	-1.19961779546257	-0.00110755184770126	-0.627013582153539	-0.857079267758666	-1.26755641953935	-0.868453038881161	-1.17240344917306	0.525903484840487	-0.989059349892972	-0.693171838406506	-0.898584610311952	-1.70950984488724	-1.76624264510349	-1.18269078781468	-2.26950983368951	-1.51696441519707	-1.76610928778238
0.125649412276912	-0.0169757571612789	0.581983834679334	0.310509228356693	-0.856056737178481	-1.55396214126551	-0.628834191736984	1.11482252642533	1.91384539372162	1.52645526854283	-0.710841140377621	0.291553753013789	0.981045904088962	1.65789498231487	-0.443143317158154	-0.346172932602201	-0.866115599048479	1.1416298855592	-1.72787254793025	-0.114798617659348	0.0466106665447878	1.29022248671529	1.32363460142456	0.738469613238291	1.84151435803995	1.4558148380713	0.808596438823324	0.624123506811333	0.383622189922963	0.662487433717753	-0.726645687753412	0.207392500723928	-0.198123830461277	-0.129015537625882	-1.1013280170039	-1.01247496380494	-1.88790272223171	-0.132770046182802	-1.85971818481581	-1.53604044577746	-1.82479769537746	-0.955653382093062	0.252851820995723	-1.44862237934978	-1.04379484248522	-0.612559659665351	-0.783767582631943	-0.873985643087813	-1.44823148599212	-1.35875608780739	-2.62100235223298	-1.61256559850468	-1.16662383795914	-2.50151844471674	1.28055625173274	0.533340608804723	0.44035835753898	0.628877628797415	-0.623845789198663	0.942779756601268	0.279488544329436	1.00318691883729	0.967912537654727	0.275549978483495	1.38121256094458	0.229365287660376	1.90975654831607	1.12734870520456	0.699574165774023	1.30226573572903	0.0364107687070611	0.923765636007429	-0.194595353615296	-0.508251959164249	-0.268783960779866	-0.0530280608557533	-0.0576058916927574	-0.261451700673117	-0.633852827013959	-0.338718616830943	-0.483851687325895	-0.648091513772791	-0.0610938914516042	-0.306801543197954	-0.659982578406455	-0.0814739716972248	-0.420396384349149	0.492984763883983	-0.884420048932307	-0.112974033790071
-2.18977192904817	-2.61789242542716	-1.88359365679626	0.612200066150392	-0.245024433264293	0.341801541454595	-0.114261539899391	0.710799538328656	0.0378383625221571	-0.0494635824333619	-0.947684951834127	1.10484326642954	0.161113280106199	-0.754692629641756	-0.591261644027003	0.881899746411176	0.298904516615843	0.212418046398889	-0.0360823220119482	0.351037907918302	0.560267532130523	0.549256778684844	-0.128726082849973	0.624225944570592	0.887608024415073	0.710951813321337	-0.15535005995013	0.763144651809755	0.391105200367686	0.864221229223058	-0.215494138202689	-0.705633488516322	0.57674435531602	-0.0366721163072213	0.0328134101153631	-0.64414675850845	-0.517772592231836	-0.998433312487873	0.658543642401485	-0.119273434937569	0.214824070965351	-1.00985923970632	-0.568157813068816	0.0323880554231696	0.574782344056644	0.64665646532443	0.117893488970783	-0.166765904586032	0.701634432959036	0.652893570196893	1.31507392591069	0.627203869187274	1.44492360382345	0.974781686954819	0.102189040201555	0.47143993548879	0.434774545245386	-0.368769633513591	0.32144544198158	-2.36321845274526	-0.427175152871535	-2.27448728189677	-1.34824157628918	-1.36549355763634	-0.59597303260357	1.80243693888663	1.73367593878571	1.0537679969237	0.631368866177792	0.740709577535352	-0.849400934848478	-0.500921004037081	1.50277671366102	0.464050346339589	0.360694913969551	-0.397420569594131	1.51234238817242	2.11198396699755	0.174042998337681	1.61083706338113	-0.515161374678956	-0.142617666960957	0.363947779958726	-0.0178839718225112	-1.31358073322913	1.09361173801445	-0.757415722763525	0.815162847410232	-0.212987126544235	-0.667866926138907
0.553348995102739	0.121872772504125	-0.622307981992849	-1.08892080538626	-1.0420618669317	-0.518331224762602	0.289181547075332	-0.793725603784427	0.32427902255875	-2.00267340614176	-0.0994398037911707	-0.773057478170234	-1.45658125775963	-1.95857966002554	0.50653828978441	-0.634083363777133	-1.73909875725794	-0.305320344084757	0.923010541898002	0.837066628674588	-0.0765365067936047	-1.3728699070822	-0.68535275745978	-0.713478072230572	-1.11903103643792	-0.129523400393908	-0.358371495433343	-0.00472233461849758	0.994366099344471	0.0843512257508043	0.424409093958267	1.56787414825688	0.236685334114445	-0.28721550570231	1.70840687581324	1.40695412283166	-1.31401268446914	-0.630422781582104	-1.82798532664371	-0.501191036882991	-1.11621793761324	-0.127974515664836	-1.10009612314428	-1.08238751979707	-1.3552712636538	-0.740688575496191	-1.03247603839513	-0.356415950452746	-1.57700890907971	-1.18520066820052	-2.32610347920304	-1.4390263226254	-1.18427283375835	-1.43062217033773	-1.32755812099319	-1.90992777202623	0.78540708013335	0.278694589169334	-1.56845601634142	0.763089348820521	-0.947959462872893	-1.54982023242927	-0.752609271185943	-1.03705024367894	-0.341069143147145	-0.358767109192627	0.0444821555389411	1.37800697596726	-2.16206507943911	-1.13907445622781	-1.12654508830163	0.21147553397637	-0.849511976709753	-0.340370822214032	-0.438628323491244	-1.18479533083325	-1.93673401265253	0.0942223225436851	-0.729557630592091	-0.591259504461062	-0.575418126441841	-1.45745769909561	-1.35607322658629	-0.272177920335139	-1.53701919751674	-0.0764663037219622	-0.363601602395592	-0.136558968635217	-0.68555196975187	0.00557350983714636
1.3106101750372	1.35411561653004	0.617766455550905	1.50100934418203	2.06369859499598	2.26022181070816	1.56617208049193	-1.3523577949392	-1.72643309782355	0.023968197866707	-0.989837016372725	0.550406927244382	0.0764873668223612	0.0779151035789404	-1.11418872328791	-0.619143578419455	-0.760605170722914	0.991593586622726	0.150003651743936	1.21855376675967	0.294561401830489	-0.515101853842192	-0.815181703689705	-1.2214616977331	-0.701476872216698	-0.991676680966617	-0.491775460131519	-0.122282207237691	-0.261751654187199	-0.289891370547847	0.0245730812308026	-1.23886894676557	0.144474954101236	-0.862698095173734	0.00128244506469476	-0.499911925918328	0.804214109108402	0.236203782147996	0.63602112053418	-0.0526519724919716	0.552639674813276	-0.0193425604702094	0.865445257078767	0.151036292011665	0.646348928018185	0.391543793781697	0.335145214797725	0.413926350052235	1.07026727868271	0.0405526832524081	0.869349184206044	0.282415638383034	1.17478598196835	1.07472095682604	0.588762641660741	-0.892352878674981	1.81539886146001	-0.349276459222461	-1.61044228097163	0.360867304614722	0.518788085021098	-0.331698562975408	1.04037256238628	1.05106615988174	0.667411249495465	-0.839423230218691	-0.436140542417218	0.236863699476333	-0.859443513823137	-0.0876818621920342	0.0934096906633803	-1.41756024921914	-1.57835286889014	-0.320090196719004	-1.00393243028073	-1.01458523629413	-1.4030394695171	-1.19161821280663	-0.52405484988578	-1.12460133804675	-0.579507130549097	-0.288216601142673	-1.25016227227836	-1.48877851174988	-1.33268279353545	-1.32113169298586	0.00193545679790277	-1.57443216446002	-0.27702483127642	-0.407345671642622
-1.11667271533238	-0.551692072735443	0.197114336938369	0.426765135907839	1.6442896368469	2.43639027777887	2.87037757098844	0.889508437819046	1.58009599070462	-1.86118697826628	-1.28463223661018	-0.874497857922018	-0.246843414840983	-1.60987843913533	1.85191351409135	0.86986376477134	-0.708696959681736	-0.740296483976301	-0.842988818610102	-2.88792220226059	-1.21814122498546	0.377560934886171	0.297587064986802	0.134629302502331	0.318356673456901	0.969930671267478	0.117882349366567	0.210466905429556	0.255180764867206	-0.990192412194084	-1.71854308405224	-0.208858818174108	0.162698020124104	-1.29385615494407	-0.617200776960405	-0.897443953740311	-0.271403823297206	0.579171538639325	0.487816654913871	-0.241127854210711	-0.284832572030948	-0.263926912381363	0.599550801400319	0.529132248835755	0.896565938305741	0.893207317269454	1.19974608750434	-0.11865919376129	0.306660673158591	0.643362929677135	0.159231849052403	0.829988648307341	-0.282990987428377	-0.5036277435502	-0.692418918779324	-0.718091298618649	1.26752024081527	-0.738343603263276	-2.58125531821848	0.0481656541831478	0.474645428354473	-1.00233256018888	-0.099440706643921	-0.295725079795588	-0.208946598540496	0.537141245223011	0.298102631021393	1.35421020589372	-1.753041093251	1.50544619483019	-1.15812812268271	0.819854003122235	-1.49152737954437	-1.47610025130707	-1.39159457124368	0.223875526035682	-2.49876740630321	-1.20669317443149	-0.629347216212163	-1.17633291879585	-0.0309440079701407	-0.563071645936256	-1.09495239325888	0.0817928652108651	-1.01315748409027	-2.61899068234589	-0.898546087819426	-0.891191628450499	-1.49171111627822	-0.713482122619941
-0.693543811345712	-0.749732835639686	1.19503868659403	-0.978245848106151	0.661034916692593	1.36952090973629	1.72897929283742	2.2419305288191	2.4635423711834	-0.623909113648213	0.95864909220985	-0.103970069667071	0.533580905646831	0.271408626424891	2.5890410734325	-0.10650153034853	-0.33268972405977	0.736918092213905	0.204690108058197	0.86236480721978	1.47399379612347	-0.231987257390763	-0.578769245220417	0.410680238506203	0.205477931942839	-1.08303780119355	0.116056713635595	0.489672561531227	0.150446223796186	0.0703327521035077	0.408881905148182	0.455891863170784	0.138268675159668	0.741476022173749	0.489527091893991	1.49792807958635	-0.271109782148743	0.67102219983025	-0.173049592919915	-0.494595271321916	-0.476610375910481	0.180178434209914	-0.62530389250606	-0.72279502595271	-0.0528640855286251	0.286795112288798	-0.48282413034074	0.986861040697579	-0.129354471156247	-0.29494990917258	-1.27122783583668	0.153367341764518	-0.324179112928338	-0.023640897415154	0.0662716909107935	0.319345383109063	-1.18755658748003	0.539246248255436	1.30572970676102	1.07424857810745	0.536203717838923	0.18660970466025	-1.44815364651161	-1.12316577137198	0.929757422210261	0.126676952850744	0.711957662464529	0.983066721205741	1.84736834071572	-0.642029813679854	0.332922959152988	0.150307167283822	0.404568276973969	-1.66898307393979	0.143554318556833	-1.72121349296791	-0.140625151609875	0.332835301097617	-1.00135403329138	-0.857578958287646	-1.38423574299224	-1.83819519267842	-1.95562409488323	-1.13592294622838	-1.692364350047	-0.714268943169748	-0.816174592441009	-1.46660176689415	-0.554798100326121	-1.36325359498908
-0.327541534717479	-1.57820289964579	-2.15074777701742	-1.21432164551572	-1.06963212697697	-0.960358638649183	-0.908352809192386	-0.372424543189392	-0.354208789991907	-1.06800718972113	0.643460793641576	-0.892565139612381	-0.864646992195037	-1.39118780224302	-0.394085091650322	0.622425217756382	-0.432762090567377	-2.05635731152967	-0.630613790750035	0.243447747831588	-0.0566492513355657	-0.480798758542487	-0.924116815613067	0.151639302671798	-0.116760193841204	-0.00968190209747684	0.515531046747431	0.985076632386406	1.13828927834115	1.55671197969021	1.1822151616202	0.313779814062302	1.04889134239409	0.65908478468192	-0.103943011235738	-0.527919445535703	-1.56347966515533	-2.72117918846707	-0.973484712651175	-2.30150464530876	-1.35733519748374	-1.96818862986264	-2.01214181749805	-2.0706272032276	-1.8061368575334	-1.67105007575594	-0.428048425654799	-1.88015689618637	-0.877615590479243	-1.91233340536255	0.170851342519923	-1.6185163093461	-1.30432373491742	-0.281979369663096	-0.274241692541706	1.46755256529998	-1.08421493213809	-1.65339427116391	-0.971759196105239	0.622566172279981	-0.0591001397277404	1.26224335587021	0.0431981739127031	-0.233590171398892	0.580884203405733	0.820555090201144	0.845045508713189	0.973348081362649	0.0591346145866247	0.0556519327440407	0.157980273988595	0.87525013337633	1.70636418714034	2.04576903294482	2.13487110078182	1.20883463243486	0.882628246357332	1.6612711744158	2.8413161524621	1.70170087769321	2.34271079859501	0.703307438730995	1.61022875319086	2.37073262877303	0.61256040520272	0.853726802141075	1.48827081079793	1.19648269630866	0.98971919989132	0.997679088311796
-0.633073237069527	-1.07777037360125	-0.689288989552092	-0.353487411930322	0.485132431565598	-0.074044282267659	-0.669585696065927	0.72322960010744	-0.181294264316924	0.677210830019262	-0.416102273207165	-1.08854899809573	-0.876545980701108	0.203690985796074	-0.567450257968349	0.0281061526631384	-0.632661507965174	-1.40431420877496	0.266979199464605	1.01578287297902	-0.31724523882065	-1.66769415095472	-1.46031682686146	-1.19416679481058	-1.03489085736787	-1.95926321976351	-1.58073211287562	-0.936869508396882	-0.563198221290946	-0.00608351118538817	-0.169436086448871	0.850197440110071	0.224694920153343	1.34326611948512	0.87640947372826	1.36315630459748	-0.555890494611143	-0.0939924005473011	0.386577325137465	-0.546481232595847	-0.218552110324102	-1.01921313703598	-0.422452671863478	-1.77552748806169	0.331349022597013	0.794163457538639	0.62726241938592	-0.969515139483542	-0.880934650911141	-0.602762830075901	-0.0285926429076205	-0.759050077689542	0.327299616177662	0.36779741359834	0.0537600010784833	-1.08627954125738	1.60479051049546	1.49685449480697	0.281128849981423	1.23203209395728	0.223381586024256	-0.892244987952274	0.374063416506296	0.925627508830358	0.436327217197678	1.20568284984615	1.03058025924118	1.38110173109287	0.70866563733839	0.520221060253306	0.780350119994625	0.975329042359012	0.0252025557552147	-0.976960063837466	-0.371265550323154	-0.505916156074446	-0.65455664827393	0.150192427594114	-0.857874595026264	-0.248568471429134	-1.4781775508654	-1.18434319769746	-0.512468547369839	-1.23092833124881	-0.479694192531252	0.0906182365530253	-0.250359219825102	-0.135464039085753	0.314086044657151	0.083185754480708
0.217977001757645	0.598575705837314	1.10124369422163	-0.676874684820251	-0.666118182364287	-0.256774248084497	0.61666346792829	0.782843281142763	1.73205496632621	0.792033179071218	0.422755442336124	0.966290162545297	1.6757516089262	0.909236570884319	1.49548012573335	-0.646706263388192	0.395257177935624	0.812952049771265	-0.92431147322045	-1.53908058603899	-0.950471901302838	-0.960803467126962	-1.23750214245162	-0.100140168240722	-0.317746146812878	0.00797007800896136	0.48315478411108	0.776013429443289	0.808544069045352	0.739446135725873	-0.692610256864408	-0.0864006539527306	0.536650049654969	-1.30028586495329	-0.585229523613287	-1.3922741324528	-0.907331932932662	-2.13808258611707	-1.01050668509542	-2.32145925457576	-1.00736942454383	-2.69352062622348	-2.07876904187516	-1.58301184228536	-1.76570940485515	-1.62109213999477	-0.379996641122182	-2.80351790399395	-2.11981718945575	-1.89438224087608	-0.58454374987776	-0.395176866329499	-0.825512282911764	-0.865417641272997	1.61514400716597	-1.17657234279816	1.46760071623074	1.02351264365891	1.52248384827671	0.00706766554408952	2.38919240041473	0.998783701168224	1.44693324821464	2.62009124415036	1.81925465212395	0.207085330398996	0.661376392598591	0.415272456734941	1.91920832047095	0.853975051356084	0.917626510369919	0.00824686622616841	1.60261775952919	0.53305281884624	-0.46072022792401	1.33266197293677	-0.376750969524041	1.66903482813434	-0.638972116431491	0.390240026150518	-2.05290148476195	0.439012313672074	-0.597630835400249	0.100519708697218	0.767326713001403	1.69879220106612	0.900337891363693	2.1141620372442	1.44561052760333	2.16046628344701
0.945979324842488	0.959590921681008	0.947579261885056	1.19798525509096	0.753010108764523	0.999366473336647	1.07487372144203	1.56841187959562	1.50244474702305	-0.10510878365771	-0.725945012836925	-2.07096284392477	-1.08492052278224	0.333849758018124	0.74055254858357	-0.969474726866713	-1.759165696278	-0.839064911300624	0.532605306968395	-0.943998825818523	0.0970621167490301	-0.245348614424028	-0.563998239166071	-0.46585592482077	-0.572630007151373	-0.74285254264841	0.270183540391014	0.0786239522325584	-0.599473490028103	0.0299508957558448	-0.304594570293425	-2.08464051939776	-1.59943283213595	-1.99725050834901	-1.37912609910941	-0.86091217168566	-1.07566593433576	-0.124245960023098	-0.296851191495034	0.387855761040193	-1.26188816816317	-0.786652802744739	0.0548232819374575	-0.595447536069873	-0.399426965329399	-0.00712743154226559	-1.70747928431353	-0.478741777995803	-0.152630164268803	0.116488613295032	-0.899172304182242	-0.791342039810595	-0.101550602271191	-1.68442833960621	1.32960089640218	2.02473533677648	0.0315139203050966	-0.808506752461572	0.980229312950709	1.72345728594958	0.244784215532147	0.0035228717915381	0.116062199848771	0.981860040010848	-0.558146321071766	1.16545258811606	0.601324732824998	0.665488391394227	1.94360473553277	0.227305852998359	1.36884812915726	-0.187781602646592	1.21336129306781	1.36727073545873	1.8345444260725	0.569251383104889	0.764579279906956	0.584768023477856	0.752057986215159	0.529105391979863	1.09933355240514	1.2016449994641	1.2970308019422	1.07033480246634	1.87138832497804	1.13835327323953	1.40824695946721	1.12348360459632	1.52817949443918	1.02603010960509
-1.34626415023576	-1.37536395436926	-0.0859594234339823	-0.428186801869439	-0.205415207512695	-0.91277145359482	-1.34098061112696	-0.376230125849803	-0.968309075679928	-0.586203071357697	0.390639041520481	0.845304508764536	1.7397528245699	0.311404312803573	-0.218020624800741	1.19635994604702	-0.0957606384018316	1.29072904218561	-0.181939546142103	1.13908398433857	1.81538575531201	1.98601675516356	1.67771619354202	0.602900503049947	1.8122892832045	0.234111034953312	-1.13645476802105	-0.113828474738262	-1.84643295898002	-0.308640125075076	-1.78657489225039	-1.00084509486107	-0.384979058225974	-1.12363029755927	-0.558325853256277	-0.0173500843749043	1.0984486998115	0.298730895723526	0.561067316030953	0.875242198923794	0.807108892454902	0.921190006360602	-0.130208787374944	1.67370820040911	0.89612928499952	-0.0380041931415478	-0.39046998570811	0.604254403737681	-0.0878739613438665	1.56816727820885	0.55904307222275	1.32871894920221	-0.400974225353317	0.319224274329395	1.50064394953465	-0.144384916180807	0.892911866949727	-0.00832099769259047	-0.0945157830819572	-0.581150133782481	1.40870231069253	1.21776219918253	0.683967318240644	-0.0236138286017046	0.695757057193407	0.899297060793144	0.788142289678423	-0.26406600136415	0.541440379826852	0.808327281167195	-1.17509829239569	1.22271193892839	0.800541535084109	-0.746072823107814	-1.61714634106631	-0.309424290544911	-1.33374962030856	0.926730040576209	-0.0747491751341013	-0.752669862603766	-1.68788951463979	-1.37470149999973	-1.70824729349649	-0.939974081527155	-0.0498314743775562	-0.392599155735881	-0.239369912253825	0.0733800210200859	0.485574399296541	0.126688875450066
0.382407696232655	0.841242394700574	-0.0404676775201682	-0.0884733117853923	-1.25287220729778	-1.25821700981148	-1.28364367621266	-0.35858356084747	-0.478262342306042	-0.454324943452192	-1.38019464380284	-0.626996287725262	-0.892824203069414	-0.636535699658784	-1.1688308964797	-1.21035498062115	-1.00384757299274	-1.01779946297891	0.335516017936685	0.846493397943876	-0.264319457854136	-0.495145143923489	0.116899414616921	-0.98908644722631	-0.744806291836927	-0.264652876726249	0.207012945462627	-0.115233339697024	-0.263910962457855	0.153476603621092	0.67512697040864	0.688750099689722	0.387483334883564	0.156647685397923	-0.176692062211719	0.505168986091604	0.589365799868488	-0.413423057359052	-0.585362102176329	0.0725349303904357	0.81476413184141	-0.599517746196388	-0.322063175775975	0.182383867845223	0.546021263802563	-0.668501095707705	-0.674617333687509	-0.556782301158545	-0.964642086978491	0.195649733925472	0.274539255133944	1.03528859665008	0.140870457396924	0.254707478540603	0.175968304904678	1.22198429934869	-0.776854488463466	1.48112251037219	2.31494652509464	1.81362863316985	-0.337481960565317	0.352425637232721	-0.541100841969465	-0.0732262190430778	0.161536951042778	-1.14451145280784	-1.5061983086509	-0.00640849754123846	0.651242553427238	-0.190546131291685	2.12750285840266	0.404972186454265	0.128879817181717	0.0208901778884232	0.747079177821509	1.10876423303959	1.42950993574744	0.358002410581237	0.444360843842232	1.15426685698171	2.03097883401501	1.26728434613027	1.80530945285356	1.36939737324734	-0.317265600771002	-0.0835551871807134	-0.940228017470374	-0.897121502530673	-0.937612226046493	-0.696893633007049
1.70436721666237	0.359332159590509	-0.0253424092249005	0.0123772545024488	-0.331238868302617	-0.496414448819962	-0.390480907724453	0.6797138338548	0.632965578793	-0.823437904410696	-0.235010553596401	-0.013341443931861	0.514751760864174	-0.866287830212676	-0.169135517230329	-0.611826260029341	-0.785195992206121	-0.763083783828602	-0.351365660602087	0.956848749934878	0.884432133651353	1.3278983975126	1.31198572471464	0.854517470603703	1.4805627971293	0.606705746599922	0.176586611276801	0.250806325426356	-1.05790760338682	0.939499385762848	-0.230409934134505	0.463012428110591	0.811629419611692	-0.0411190650364129	-0.255669163892242	-0.515381619076045	-0.273670017105427	-1.49395164892212	0.0805824647983791	-1.32418940203161	-1.08330741997806	-1.0298670912476	-0.973111158866012	0.00968961394377993	-1.3712055268421	-0.730475644594557	-0.254435671226971	-0.796746453436663	0.126718866493292	-0.802180525289944	0.572752948890009	-0.46613827824256	-1.12290468887233	-0.834521987347764	-0.200584957005078	0.359323886393151	0.0465433802078326	-0.973122153462439	-1.51685867013128	1.77920484853141	0.0710865231980673	0.711808808526608	0.827712386428253	1.27425888381019	-0.758667525611578	-0.332420018952737	0.638800289108319	1.12522709673563	-0.829668158204785	-0.222532985564261	0.437114494242496	0.0591856046513406	0.330484012443319	0.0159996197306571	0.191116553738683	0.160872093694053	0.801250788408276	-0.112953635076989	1.1026090476449	0.0969064704658563	-0.59197552965174	1.11197914288528	1.07408760449806	0.206345942649725	-0.0893546206632565	-0.785546940531267	0.79863209457475	0.0513172978348365	-0.15855197525569	0.557772503089782
1.3007554771191	1.12698045535565	0.485315207087954	1.7830198397938	1.41886649994319	0.816702878247301	1.11505972021138	0.269926330416685	0.70286393882496	0.253031901973981	0.152782417927562	0.0639377239083354	0.39395486850929	0.684600965349279	-0.0771445530297666	0.827424534131175	0.534483081786237	0.558172501982869	-0.6596871299669	-1.23116279526721	-0.609477205988027	-0.310033056534382	-0.702428942436425	-0.427758594531395	-0.559887236181007	0.104767402913459	-0.655145465232417	-0.274279562695321	1.36611640506812	0.162378891272139	1.12077991967336	0.797685484510432	1.56640044920117	0.890593096124189	0.478753286869521	0.177320194785039	0.772495513370556	1.66894468625551	0.146595864425908	0.961884914052463	0.671075004694888	0.3273241442731	1.91876432469151	0.712635318364101	1.07502457600009	1.73415481666323	0.808698563414987	0.770305165254469	1.60511510663626	1.19618430145767	0.183089359710093	1.5027720099653	1.05011229198724	-0.549195995347767	-1.66827349318096	-1.25348772138626	1.02625641582437	0.736317872967738	0.00807976118398628	1.4377813873438	1.2357871447373	1.33159863758784	1.86059822013785	2.09721576699636	0.965987707430021	1.87290410468944	1.25772795169909	1.56324070755628	-0.480668532685483	0.715969733675691	0.445770656716769	1.99543453876073	-0.246716441598611	-0.859906297446287	0.290691436741589	1.43521583712374	-1.49329078098894	-0.948565332264017	-0.945556448604467	-0.864634200370436	-0.531870405996416	-0.0627563319254504	0.0431497234823035	-0.324939755795092	-0.455981840923377	-1.23803396244343	-1.29882125809655	-1.93385552682924	-0.181430424640253	-1.25646878567322
0.271998027386569	-0.381121400507289	-0.0303141682238851	0.565194725635264	1.03409226872893	1.4726694047079	1.40647440101772	0.799811982386299	0.747936707054315	0.658742670211869	-0.512671810584303	-0.755788408971408	-0.36315124809342	0.796290538280444	1.47552125750926	2.02153399269426	-0.110887083983776	0.283147588954003	1.09475897600283	0.223438729640468	0.924014834864825	1.0356502944588	1.00488664053864	1.25457329068744	0.972015382962694	0.298654993782479	1.15499515016918	0.6632238723495	0.128101145032131	1.08164934379146	0.912543639749023	1.70611111903256	1.05097357475469	0.812526097162326	1.41300514762518	1.46840937106188	1.2961865788899	0.799321451900459	0.452737027704279	0.612740927269262	0.9640139687047	1.89886776102308	0.638651232695017	1.120984927199	0.246387525739839	0.402358383315592	0.487482353352425	1.37580955846741	0.327210331337301	-0.155353698316348	0.22797623321828	-0.113146250363321	0.0426383283032204	0.937673875077647	-0.437996038238872	-0.00475006534290153	-0.336646128996	-0.139720196881105	-0.267113830536804	-0.587326786712663	-0.34432792693923	1.02451883153659	1.70031934552022	0.891186266485156	1.19039658535672	1.76906902386374	1.44048644025498	-0.0708535855303733	0.430848819548314	0.397263619386504	-1.76705209624416	-0.534444958357575	-1.22824331084385	-0.304375279152847	-0.621503740926035	-0.75228259124908	-0.458421302385779	-1.62871380630732	-1.35016336099006	-0.14573450759705	0.374489433431704	-0.775291041298794	-0.285894026795101	-1.25313233059627	0.0901933128116583	0.472661101912835	-0.990548653121659	-0.79626364738073	-1.21851453484012	-0.991489507439173
0.0519645468459319	0.135473070532988	0.621109390605435	1.35444506792616	0.256914080650183	-0.320281624826047	0.0294679138971592	0.632922872418354	0.929016634803187	-0.573101768660118	0.286134704932912	0.313934664323719	0.783548238234901	-0.251735668872158	0.0277714101599644	-0.0171901116355046	-0.265789071617208	0.532367862800158	0.312788356161162	-0.44027410411549	0.509792949720939	0.871356666415137	0.814724325362812	0.715855200615017	0.371285358699563	1.66783236260934	1.03874391134208	0.690182519352777	1.60581791879355	1.25424381767754	1.91091468125842	1.32499845058319	1.46729323511494	0.407898161555082	0.520265593048964	0.602652444528868	0.911001832863665	0.797987004013647	0.433682378656121	0.230092087040647	1.57485590549352	0.972239125682965	1.0366781176203	1.24171538065412	0.530215913722076	0.775050541756333	0.921642373309629	0.840480390864943	1.55472079480979	0.948104544543365	1.42651022311323	1.67864146113953	0.691808506326037	0.576235889600332	-0.569989344659289	0.211640933976083	0.153156721893362	0.174350775969903	-0.0602930300540599	-0.444063544303415	0.210863484161218	-0.597130415736762	-0.761068742236636	-0.828814120807761	0.335008802187945	-0.395744287793349	-0.621682980676746	0.443619753952032	-1.56506250141049	0.506517254922238	0.00980012260506225	0.39488958617907	0.75168715063914	0.776798019057734	1.05824154321756	1.0500260946245	0.938171664844948	0.907048884101063	0.00924221829876274	1.18982153722092	0.76442207630156	0.0912796435940592	0.557453830218947	1.53645020044295	0.80535038842118	1.20767241877273	-0.626620414271235	2.06382887694267	0.195635929473617	0.408588366327739
-0.848819221458409	-1.85478643034355	-1.76337842687868	0.0561453908560958	-1.44279829717451	-1.8205692776727	-0.983007569865215	0.701047777322926	1.43024126257774	0.883683664836995	-0.328416849357457	1.00838972529249	0.144736570555583	0.433309319391401	0.633612903657245	0.343604166692104	-0.092204816126136	0.531438433544306	-1.19440470030895	-0.00525586686995339	0.393239969550326	0.366759066289744	-0.0191202246982695	1.18025158656669	0.964780396891226	0.464077836818441	1.56361543725628	1.04578311199665	1.96049516665473	0.893994301821654	0.656170842067721	-0.0324772305204796	0.584332420324035	0.322512314193577	0.278081224822785	-1.05963449798538	-0.675713943555779	-0.97857951596571	-0.138868449239678	-1.21058341727945	0.230063371202556	-0.724224035999983	0.581653547466104	-0.966927957867358	-0.132471613702666	0.232756084066779	0.780239698411534	-0.484323079725348	0.62807858661091	-0.0528628253438065	-0.0297619372853444	0.3688537913941	1.0040867889136	-0.26853932339723	0.585131703761196	0.862369645876008	-0.966826776251566	-0.297641905540297	-0.388563161192394	-3.29681819733843	-1.46348613634698	-0.189115778461231	0.337661383791272	-1.12609797576893	0.37663913351195	-0.661658031083913	-0.488080228173591	-2.17260578806603	0.034537098744967	1.65717390783124	-0.364789510186242	-0.76574118902309	0.67360233878532	-0.302336861258588	-0.0575723649613568	0.634528136209074	0.00772905901243913	0.799674569537742	-0.647939546411328	0.245816636569337	-0.343245471196048	0.557956169587097	0.288453050620635	0.492893674898939	0.415157690416355	0.617469952599383	-0.766603545285321	0.109287786039634	0.192540783738226	-0.45262034968522
1.18072179266432	0.963502565820767	0.465993279946385	-0.665566470933483	-0.29959279604898	-0.228379159675177	-0.231569603112329	1.08768190208051	0.859381737616609	-0.481016321265674	0.787729329934093	3.11507844596559	1.31726256007547	-0.248484977317188	1.39294774688514	0.488479904296513	2.37001021867814	3.035153873301	-0.628472696533219	-1.24853448394892	-0.459034312824388	0.255071849024752	0.292786927880919	0.31914789296765	0.774070771562187	0.100015868142395	0.771359512473457	0.326944325942859	1.15229483036541	1.03139391202006	0.136819529404424	1.57618668461856	1.17758553595866	0.446233842110804	0.418319880639392	0.426363194311246	-0.552570719240192	0.158005508470394	-0.876068022117488	-0.0657336356995756	0.754537619693141	-1.01121882977187	-0.15383622481799	-0.600537052786158	0.451326353181785	-0.115120834307154	-0.365695488037373	-1.48711223446017	-0.685056871379741	-0.443941960902658	-0.135331828606569	0.6384655811721	0.840098128510647	0.113028882319918	0.463622968773978	0.128414125703516	-0.549466347585074	0.147340577508136	-0.429099601895532	-1.09884921688619	-1.37796391069829	0.215906441932452	0.321948511620297	-0.93283823330416	1.22534565232607	0.213540589011412	0.115038463718143	-0.467489233393634	0.376360668809034	-0.98825736392395	-2.14122306766519	-1.88531042012818	0.398721124893531	0.804255438261713	-0.655658391383095	-0.510784349333132	0.167985470165734	-0.0745986437011631	0.266042396031011	0.14156467974484	-0.318485822292694	0.412900020959101	-0.521501770360791	-0.693335349547459	0.334762228677224	0.322259044138024	1.15309284206763	0.0116710377475393	0.191946802031686	0.0233667017090412
-0.561338868165806	1.5754394725641	2.72201463792577	-0.261674613358595	-0.624256560751915	-0.0888399573689744	-0.296752377985218	1.3653957166579	0.840810493092046	-0.189545012236495	0.832287197412474	1.03549643176587	0.751095054661966	0.00535857659389087	-0.337834060495662	1.11732388061078	2.8485286524704	0.907601888712393	0.132734439801055	0.124866226003988	-0.700273402821842	-0.122097504899971	0.313452715293276	-0.861186722371434	-0.419271265958018	-0.397041155018653	0.0816683573351682	0.362321544060806	-1.34128789950137	0.356618650570344	-0.354232903378676	-0.190368128966098	-0.289471369346155	-0.976322076288346	-0.356737259197013	-0.893135531094604	0.787845279408084	0.687806942159548	0.597875678384499	1.74617977534372	0.972368849301749	0.970512577392868	0.589319550714768	0.81066377663948	0.538803743521076	-0.0165324145735344	-0.0845319266229623	0.706995184913632	0.0677513768467719	-0.254060166750111	0.869987853240092	0.138438644295704	0.532901857112835	0.754939399381532	0.58789580494861	-0.1803307395181	-0.688863996091004	0.254884590540878	1.28021781949638	-1.30124664254597	0.802303871727534	-0.459045199458299	0.0884019118463115	0.700733759715859	0.333077842630553	0.0872634365497655	-0.624553760527054	-1.34882258986734	1.13150405894953	1.07866291966626	0.509052534100004	0.256067068610693	-0.157478276708364	-0.0370516478961588	-0.69836760693208	0.333581612598689	0.671992340767222	0.400083825210056	-0.140892942986714	-0.701293091427409	-0.591725433530123	1.19699791759614	0.668252868383224	0.494730952671098	0.76959900191918	-0.449813846755959	0.712537134157227	0.786455241795182	0.278465112860381	-0.0353741095498083
-0.259045737802231	-0.480489794051224	-0.338981027477508	-1.46164777353085	-1.01497069141023	0.30993437917524	0.193475263356982	0.313020177770955	0.144270177916588	0.056453003773083	1.25212355941214	0.309875727551868	0.306428320733024	0.445858123090554	0.907306094177126	0.218253911008033	0.498951114640922	1.04958572266611	0.898575169905688	0.286007435148565	0.773418117258768	0.472254961669621	0.486162294183643	0.858476088813009	0.568035662603293	-0.504721884704097	0.7517320996672	-0.108794978964447	-0.658379679077322	-0.0793836516654399	-0.685116836113565	-0.456012753918825	-0.726657002479517	-0.351141330400428	-0.440505371824893	0.552051852597884	-0.459007481207399	-0.363469865837101	-0.675540490280838	-0.367719628549979	-0.149910015050328	-0.621131127986818	-0.469177465757752	-0.47488785099184	-0.223183854301294	0.253084578751537	-0.169027668085222	-0.669405605735789	0.157385566434554	-0.46379168810964	-0.160638160865012	-0.25068624999374	-0.196771382963846	-0.477593350107673	0.780343172450194	-0.754422452528213	0.701027702804257	-0.581669471535631	-1.09536006994236	0.0961349331673012	-0.262331226324709	0.615961311266059	1.56664287071482	0.739653171733412	1.68037068318935	-0.304343061976714	-1.36569775966685	-0.269386735161922	-0.841412281080175	-1.04400389084234	-0.294521105230137	-0.923723966254386	-0.888871411699316	-1.24015876714474	-0.50194304521689	0.111659590760553	0.0613409051529101	0.122440931083471	-1.39658873949004	-0.488882174180796	0.661369011365288	-0.573791672377466	-0.868422603864282	0.625488061894946	0.282912024549767	-0.752377627309714	-1.77747476889869	-0.481436960204374	-1.35569451275805	-1.42477132859605
-0.13250026351388	0.291463894894612	-0.480928727426732	2.02253121350203	0.891482208743558	-0.0133372285459656	-0.36966897126763	-0.00494076486836972	-0.463283469724496	0.962401444900254	-1.09597321844319	-0.504207060739524	-0.396256484697977	0.329344805913679	-0.527732101424813	-0.563160679475279	-0.786767146931145	-0.435409971735972	0.230470780111401	0.700188846440732	-0.292401494703904	-0.278901311715783	-0.500606698641344	0.13066779190654	0.328831658400259	-0.0153228280126343	0.985832839772714	1.06997428304325	0.686469415357749	1.62913730509115	1.04972428869972	-0.0534720602432616	1.55534474747859	0.606158693596834	-0.742446736752943	-0.866796056641488	1.88267376002355	0.183435462438194	0.788593824017518	-1.42285974585999	1.94408482366975	0.830966497352611	1.37785307176466	1.47489456040538	-0.0185207594822392	1.49844437087706	2.20561123855263	0.117275951790526	1.47710064576616	0.0776843658143732	1.4094967178287	1.13175619784226	1.83529950791802	1.40566964979584	-1.09904478027404	-0.130307945478511	-0.153875820126057	-1.48005316831492	-1.29139947732913	0.693738672219279	-0.408434857038421	0.859055437930315	1.22420314837447	1.77123115766954	0.0650148146190929	0.0476759390482956	-0.0439565447314112	0.127620543005111	0.15048483321699	-0.0412310368971577	0.346320408532246	-1.18824226679874	-0.12219051767885	-0.471098261048776	-0.675974311914524	0.864594856830325	-0.0450803379187779	-0.122031061321035	0.175781645056415	0.0845769373370308	0.368250414599615	0.88766953417618	1.10040429853073	0.764576304979862	-0.59150522265485	-1.21196987742294	0.29089715670759	-0.0292604194444339	-1.12610014064074	-0.769722498899011
0.151443859465142	-0.472154330926903	-0.861453386258768	-0.996012737144978	-0.740831062626587	-0.435109726456062	-0.269619952559643	1.84082233488849	1.66804430559664	-1.17476744574055	-0.834274950139386	1.15093556353522	0.561634630358872	-1.47342811535639	0.72750612482343	-0.567992755077573	-0.517907648654485	-0.167182452146084	1.70555488919302	1.93614863837515	1.48557395680168	0.0782387769677042	0.594177157088583	1.21073436370304	0.526649807683437	-1.142245414267	1.91674612343394	0.861134259922239	0.608278423648584	0.67874714450073	0.280323124682924	0.589272397133612	0.209463407861576	0.0285854769567604	1.12168038171945	1.31068955419885	-0.480872681280672	-0.769952411871718	-0.327620771492301	-0.304676679820841	-0.352536699207397	-0.598682509646188	-0.00290134636518152	0.0332687963311404	-0.0444835010513105	-0.70336120427866	-0.120813479188721	-0.456000703776502	-0.0219769625380214	0.0158470045892823	0.33542219351594	-0.129649126858352	-0.399568186788146	-0.455598928120646	-0.54456983630148	-1.69415586779104	-1.0084815814418	-2.07140362110866	-1.51084261584258	0.18881707128382	0.252471104168877	2.23807981648498	1.6410799616232	0.528678642267574	-0.289050240623653	0.00697735377482053	0.567119593930398	-0.887038636839392	-0.0829561854098759	-0.661186359339332	-1.45366033475212	0.864063153556006	1.44379606207775	1.40979193108938	2.06009684181774	0.420620391428317	0.817511688320764	0.443412437864373	0.854363129048896	0.596514661898926	1.23815944798822	0.502427574478916	1.09458732337181	0.24513597020933	0.601411902722481	0.970120351718118	1.10115327948662	0.590663668013658	0.540781708050237	-0.0283412478646231
-0.209279758091469	0.529530045782971	0.228788914503732	0.108846618122273	0.688204187897177	0.705117498659119	0.652151888695568	-0.00157709664482588	0.0157851277506291	-0.614780996201841	-1.13386339209798	-1.02021881326323	-0.788145486183645	-0.981622404286622	-0.0500872405373215	-0.0338319588967744	-0.232658833744021	-1.55388519886103	1.28311953123554	0.333707884033329	-0.290529313505547	-1.19470267849656	-0.615059509762752	0.0566011555884196	-0.797861532736977	-1.60747920256275	0.894554053936119	0.299049809081525	0.922140064321281	0.672694723512574	0.497572505436299	2.51325070247033	0.405389345599826	1.54270408215575	1.4236114462659	3.06171109334858	0.0246480217324748	-0.297025774558573	-0.794165411039015	0.987756526252769	-0.482725757098508	0.104161146982697	-0.519596263529269	0.28397264332909	-0.406001887237445	-0.331059261546348	-1.57459058751327	0.860482883399771	-0.805325614242243	0.284601641070349	-0.656696070977683	-0.773256740211165	-0.0275352073874905	-0.451426784691978	-0.479101174062893	-2.41589420743046	1.26726809026546	-0.226062397400844	-2.70219341616435	1.34954718942278	0.572764300165643	-0.985396196718745	-0.37198440943455	0.439543031834015	-1.46083188265701	-0.566169445747803	0.276768406230525	0.0880962516600069	-1.55149020471281	0.158224097861024	-1.98728553777952	0.0984644109866986	0.542508980166392	-0.354077998731948	0.0787273398069268	1.19191719070138	-1.24917629776847	0.392201855656676	-0.830835531339932	-0.11973807841806	-0.843037836929195	-0.421969563806035	-0.891203299600324	-0.035785787649472	0.158310558203885	-0.0879545342544145	-0.329602799504735	0.378755437859882	0.53288916273687	0.417300207125854
-1.09500508964927	-1.34746934956404	-0.545240964595725	-0.265279316548148	-1.15004653010446	-1.34541723020915	-0.896645326037051	-0.107995383312711	0.325497599074181	0.468333897315224	0.501393248727566	0.157460968891332	0.361060030681769	1.01555885961677	-0.19008659780608	0.948635056758354	0.668046811835775	0.508050860859921	-0.217673447076402	-0.447406409100271	-0.0320298329214516	0.243810287265082	-0.00112497533317298	0.571983254741272	0.405844593488138	1.1318695832924	-0.949008477621105	0.343078625091111	1.76049299435202	1.19868209323536	0.269347845109398	1.0328831199052	0.821516059463312	0.277097746586043	0.747822009016476	0.64691526413594	0.173302157062791	-0.106471412042279	0.490262770760858	0.320201647413476	-0.332285246773711	0.395258422718482	0.702049037029779	1.8006181617285	0.0334679253067236	0.912792341287831	0.502977591341828	1.42267500463373	1.68487562103478	1.15001379134759	0.431643591515127	1.04677879643005	0.466801877014416	-0.665413453225433	1.3022188246334	1.69502771802373	1.03800256060025	0.482711220725475	0.999889812592174	0.900941404732684	0.38741728359503	0.220467101802653	0.936867725987675	1.40873367553416	1.31480680181073	0.110358068404047	-0.743031454572648	0.687831536149816	1.21797535504511	1.59639830195093	2.08142988264763	-0.666292403546438	-1.72378156736978	-0.807192262822038	-0.354438573548316	-1.2959549899787	0.842090591186172	-0.36299871219884	-0.333667677115265	-0.309970452152331	0.294958765482128	-1.84233334704594	0.0203162103575969	-0.121993051102969	-1.05779688535935	-0.548445547097836	-1.26968743302168	0.417790704887327	-0.814686548489733	-0.296468887032272
-0.509198391671162	-1.19231617174731	-0.296895164807906	-1.80135644694136	-0.973353926911199	-0.571958689830394	-0.850535061076248	0.20227707702845	-0.261088211660172	0.845587657341147	0.409708934932105	-0.197568417827258	0.328519562794076	1.04834108268652	-0.0304217477765866	0.41232709696226	-0.0202023100114429	0.202376487517171	-1.1375432231937	1.28278706592397	0.203176141822918	0.525655668029221	1.22422541218444	-0.167081745272969	0.547462957817605	0.0484656286375124	0.759968249829024	0.290120372444125	0.0128307177308273	0.450734219683887	0.235774591135054	0.751104012130672	-0.552082022134538	-0.0609486251317195	0.350109735744784	-0.366658166161567	-0.757140005070067	0.0608338453955798	-0.381880073395159	-0.457979010326952	-1.52084321652458	-1.09143179493279	-1.44742700449895	-1.19699902268205	-0.936911144598148	-1.52299788941764	-1.58661232142704	-1.3527243734666	-0.917478148173433	-1.28643000227549	-1.20494670886068	-0.923957798375379	-1.43686933444008	-0.665638469996736	0.054416831448829	1.73496393852911	0.706264902298724	-1.18699766538149	0.628223694566203	1.0915769549775	1.47566098534192	1.12474753992109	0.533959185920163	1.02056640234292	-0.428786991406555	1.24305354294115	0.104850509496394	0.530386550617555	1.11157171157292	1.0082330309675	3.11690451938163	1.93446327807022	0.608342998849644	0.426225759309743	1.21228612045572	0.82725642440056	-0.211429282639013	0.577429802077376	-0.675724685915502	1.36954799912226	1.06930733837362	0.22037392741039	-0.791050718501458	0.736287849357783	0.434205005289935	2.01445287468266	-0.47608529299925	-1.2235509387941	0.68534221027632	0.697363506934008
0.412180463362646	0.233475380310682	-0.651958764410777	-0.990884183817065	-1.26057002228063	-0.905529495377968	-1.06463060113478	-0.54857226420544	-0.763012274378005	-0.479099902881804	-1.33118760874776	-0.917054822541965	-2.06957262529798	-1.24689425340301	-0.800736516561602	-1.68967622087541	-1.57083791359952	-0.783541122440522	0.588061021637397	-0.358317595864289	-0.410839297011991	0.344528956452447	0.723129141302568	-0.719790369185393	-0.745012770058659	-0.400825894611397	-0.734603124890459	-1.18041718758073	-2.2625351173008	-3.06094631976935	-1.37911892039764	-1.43736140595884	-1.07472440973577	-0.621782854500369	-0.647874395272624	-0.263306602881823	1.89135474185288	0.882937858139372	1.84472244590695	0.576911457997423	1.85082780254271	1.71823604555514	1.54394803428764	2.23618381963056	1.85509249345293	1.93056087438746	2.02503222005417	2.06429025059009	2.30795618069544	2.46125669499823	1.85423739067373	2.09535357773712	1.78419941038925	2.02465466709219	1.80130501268738	-0.953154214131474	1.80294084428456	0.91049710733968	1.0133649159639	-0.92567360882098	1.30492667716067	0.374394437063069	0.201693636004039	-0.258446811876265	0.377014940476656	-0.852000800389081	-0.838726859292137	-1.09844389174711	-0.310815425572092	-1.05384044563636	0.0216426141355103	-0.0341452498994276	0.539207632702467	1.40151780744233	0.985285293761187	0.743805913649477	0.800031148717057	0.00615644983599397	1.05954317285552	1.1274925256923	1.27072382512735	1.58501257045013	1.34527506837023	1.00611182366443	0.518997088845283	0.663837147523529	1.46315667961993	0.730968822498557	-0.00290801352008622	0.700301225007501
0.450419325760705	-0.114270074371715	-1.29584288324071	0.60086081606883	0.564145096377581	-0.125008539443297	-0.0201109519881907	-0.601804976806775	-0.373375887525213	1.07887464342554	0.679505508728685	-1.05637117864327	-2.10299360829219	0.4291480516231	0.675260953470559	-2.05671096249668	0.129925680576724	-0.841568161597218	0.717924256644668	0.370675245717643	0.0634552253247217	-0.0496199078497677	0.16516258013051	-0.213723864412161	-0.312413341194803	0.765262760105996	0.0313142408381101	1.42414756119139	1.23981563547965	0.670829111267952	1.53124893550672	1.20366769549851	1.29942836285663	1.53966614778486	0.792481987870012	1.38492956463575	-0.455321761755971	-0.822179291376804	-1.03689485406227	-0.133150296156673	-0.818370771295343	-0.953236530423692	-0.967759451213844	-0.956367753357122	-1.26111813958687	-2.11669149908102	-2.34824380351496	-0.776522985215131	-1.3736110902713	-1.61908490638467	-0.414585546909303	-1.12014152126962	-1.12193351877134	-0.873306288271015	0.00375279243435215	0.443736417844725	-2.34015014178519	-1.82337470813206	-0.107718061531919	-2.21471279998327	-2.64144794382075	-2.62996210533493	-3.26985015641215	-3.27511853969352	-1.52374548533567	0.144212127500365	1.37201730365295	-0.152009272664162	1.99123702752068	-1.21226811737696	-1.07265784380269	-0.982152791512409	1.3823944298744	2.65533033889448	1.34394325696827	1.22838191932368	0.700153935740165	0.381134709104553	0.552616591079124	1.75867224039519	1.79144308080859	1.69948327336173	1.01286880101842	0.484079771656672	1.43826148996337	2.25615586136273	1.05648866751193	1.12876832455197	1.08055463621211	1.58447661829108
1.16651193080909	1.31892604655833	1.75902209101664	0.232637271581293	-1.27911636010442	-1.38300612036054	-1.65939050745236	1.4559527880802	0.670868968492514	1.12530209160598	0.914097154148808	-0.00808394572371126	-0.187450787762512	1.49506817937837	-2.00285846044578	0.292899703190189	1.48573782131696	0.162459589390404	-1.44947876385849	-0.507056674358478	-1.11703314353371	-0.194652671521742	0.124774492241661	-1.89675665248234	-0.871051022823925	-0.0304267373514114	-2.04564985833639	-3.40313737008457	-2.27022467546293	-1.5439697919066	-1.24437309667493	-0.137377255288697	-0.594692528087527	-1.03601219463549	-0.539636977509429	-1.09511178266817	0.180330558243934	-1.04700355591645	-0.745793492962612	-0.812290930138139	0.607282811148969	0.0142657566126235	0.15435295923896	0.510633009753341	-0.265489616871106	-0.0297962458249253	0.770539236657316	0.101360302336141	-0.127623258831653	0.0460312245372738	0.70727586233037	-0.27562985062075	0.583528552106494	0.659670964351499	0.631783421399521	-0.715238005238394	-0.404289268365699	-0.543405904247159	-0.248749927077622	0.161189665133179	0.261963992507316	1.29094521057226	1.96984875907335	1.37518914882573	1.4470263085472	0.0595386055000238	-0.249227467570697	0.700304042198424	0.391648035805017	0.372492529096712	0.636076031319542	0.80866733013439	-0.732648932217019	0.0780138723558349	-0.362729108359691	0.304489490837331	0.101229128221167	-0.401477293405022	-0.171522321181779	-0.25017414031283	-0.515353107898001	-0.832532603871304	0.210657924654813	-0.252609862287463	-0.11046511404583	-0.0389875443332098	0.192723199590995	1.36641380714346	-0.228280433083928	0.383381735199562
