0.368681768337459	0.834142586249114	0.387783331414081	-0.826292834793732	-0.363922594606608	-0.179008094106862	0.2322631624389	0.291881228457299	-0.105970208235751	-0.695301857847153	0.0467374714647513	0.707957564600437	0.865232861005358	0.883547877429803	0.850261971331373	2.1872604479707	1.33318019357859	0.773263585021768	1.29758512623162	2.50697922190461	1.84291267796394	1.74034964123993	1.9985439698231	2.76450288472529	1.97633362962611	0.992893096838211	2.7105297136933	0.954283708934471	2.34811055939178	1.59431056517567	0.955888958368569	0.929965851466858	1.83106307165575	0.22229756206967	1.27787513981068	0.807319640171429	-0.0652362201484334	0.234998743377943	-0.292630204696688	0.128326735969598	-0.105100797007733	1.0461741254289	0.739621268574138	0.133767699602271	-0.321411584969692	0.934807099310992	0.935290826958627	1.053058218057	0.858848005981992	0.39719153056903	0.935694745565694	1.10424825678653	0.93837642252523	0.699355158334305	0.823227892986861	1.04665999523084	0.902582022433942	0.896986767667116	0.896986767667113	0.878419102228823	-1.1901768016607	-0.680284635075429	-0.758125223847361	0.156564216933398	0.207178804371492	-0.5796243866041	-0.753919508416454	-0.169407194343458	-1.17881804387941	-0.792378511789549	-0.627835095893941	-1.90162973973836	-1.1177304197477	-0.139480348815269	-0.778132486289542	-0.728607237695436	-0.827135871398874	-2.20815638034858	-2.5591999937393	-0.517045744588765	0.40037243569411	1.59794680577888	-0.736346629906414	-0.427976873066718	-0.428723965426761	-0.734433136450885	-0.823776932667143	-0.957328653553153	-2.906631529868	-0.953482789225123
-0.644865887508003	-0.982468364978084	-1.41538501511445	-2.00773742180922	-1.62644215819587	-0.736409319976319	-0.53883513291576	-0.266480629164328	0.0358022796751778	-0.0175040220484541	-0.542305442943621	-0.600518551096367	-0.423650031268186	-0.349134311930705	0.0572364832921949	0.247816118535358	-0.390133395619158	1.11527983876314	-0.65549691923235	1.36733364594853	0.0279028541211111	-0.609104779669428	0.751624871071133	0.59454564692235	0.245683468669	0.0714622569304248	0.145334610993074	-0.580247559203179	-0.210483760451269	-0.944652542863481	-1.58550356394342	0.0914804738849823	1.12910014997219	0.177085250676129	1.3672435631514	-0.308873749668014	-2.18560581723359	-0.494390387696371	-1.57273426581813	-1.43464082841455	-1.04805221898	-0.647253882230179	-0.756920555402548	-0.0909291212855284	-0.454366061923755	0.52297011188021	0.371046500908697	0.0330299658993114	0.487155892658286	-0.142581443530635	0.423810507571519	0.662757778638973	1.14427956557336	0.296090664056268	0.567052896322254	0.347559772116629	0.0629844812819587	0.616064799872583	0.616064799872578	0.685074015604555	-1.08305946767935	-0.746497046799199	0.0390269564369837	-1.79899380144024	-1.29339606649337	-0.362940701953075	-2.1002848761255	-0.911157165026509	-0.70888370686282	-1.44869117001048	-1.69943213164441	-1.10471124071329	-1.82872014210605	-0.178949441252945	-0.89451241914354	-0.804908860397432	-0.605250866794964	0.107357797433145	0.0199033574889735	1.19735719319443	-0.12852062727812	0.235467551502942	0.17105966433696	-0.277503227080378	-1.59180207094536	-1.37726572980718	-0.338001075254854	-0.128843320533523	0.258524351757734	0.309675771435701
0.462677758812599	0.442258404673282	1.0817979189343	-0.0480727857222198	1.51922434154218	0.759341682036813	0.579085825425568	0.383197160421079	-1.06857806843291	-0.436376208034389	-0.101135855089356	0.389931127326337	0.42034228006563	0.282818259367379	0.277535786721501	-0.85120882050142	-1.57262089304012	-2.66954542677323	-0.284561835917103	-0.186000637596	-0.791054836863396	-1.02551706021766	-0.82988167169743	-0.203247129812287	-0.709844342070334	-0.877894294194106	-1.06862555941306	-1.55390315231501	-0.406065841626779	-0.0197400004166528	1.21979703262112	1.6896017920802	0.516773087704724	-0.316020473800614	0.265889075982585	0.0642883372246301	1.44530655821064	1.48708649721199	1.1720569546298	1.59426226131481	-0.932424747494433	1.45022170805567	0.733437177791528	1.08636691140835	-0.408182258929429	0.165765463800232	0.06612049941347	-0.100186196664027	0.634433741679003	0.502270292413135	0.35008832726819	0.0591725833236218	0.393081351557901	0.0910895441020457	0.0524996039371034	0.127762498395608	-0.154099061146287	0.261118406719208	0.261118406719203	0.230073703817567	1.2869822231677	0.605315613384388	-0.100413363935123	-0.310240576574592	1.03136555121381	1.20571552366059	-0.440713439657081	0.621382705769053	-0.724131642331696	1.27457864599329	0.639079543475997	1.167323745754	-0.931075534078023	-0.259464225633082	-0.386162838441731	0.281519768401094	0.892882922969208	1.60243523940845	1.93652986873184	1.40267614904693	0.486577549674648	0.0654710064072896	-0.24188003549125	0.621722542392729	-0.257121771732959	0.155866943629434	-0.451277271526678	-0.263923063485047	1.51286972672671	0.276534895668071
1.33380787721588	-0.160314846991253	0.684617204806081	0.764526753252883	0.22897002549946	0.244374184774078	-0.0899321612574213	-0.359330816783814	-0.265826779061952	0.0718104093905954	0.774169581898806	0.46413247076158	0.939963366203213	0.657756207301382	0.85077054441937	-3.37035317570617	-1.97907227702258	-1.80683863071468	-0.956806568152484	-1.99695058332715	-2.59855421305186	-2.13829775833958	-1.93039614934215	-2.48784888057444	-3.00434719003379	-1.79081588788861	-1.69456153545886	-1.54777613745959	-2.37835927190936	-2.15496952774217	1.24729580519028	-0.193170328235517	-0.512581903028872	-0.272785195350455	-0.288564189398568	0.863044112633316	0.472552378633148	1.07327630231756	1.39405556256361	1.32496672082262	0.362996832451711	0.771454245411744	1.0471336390639	-0.616205640268867	0.582621515962082	-0.219866338072531	-0.256457435857676	0.600830722627798	0.000509761295288957	-0.0535409720261003	0.500347109581507	-0.161432759567748	-0.280909592700072	-0.545544202839358	0.225828572878964	1.09363411716926	0.551554623549052	0.246761353547275	0.246761353547278	0.298582515284031	-0.214642371573675	0.255247031680686	-0.312855394943098	0.741406473177683	0.0148866851995173	-1.88417742037389	1.085991675598	0.159190645976608	2.02706254970743	0.698525633836483	0.279734415395158	0.463057914777236	1.14715516145678	1.48782218230479	0.31567448553166	1.17026537938926	0.77874288039743	1.6764872596541	1.36738822777418	-1.88940883594147	-1.64049041154046	-1.5107604300538	-2.93276000737348	-0.189583358437781	-0.650923294108258	-0.863870561771658	0.45881842607124	0.378590435163694	-0.0516820842833905	0.739349887950657
1.22608526273836	0.739845249494223	0.138254515091547	0.2967260117851	0.0184670458247596	0.475909461092945	0.307407048730327	0.672931407516263	0.829297031720857	0.182762100069963	0.476336299839603	0.736931227755208	1.14963080250553	1.43616776829323	1.25026554431031	0.61844195142905	-1.43180554106993	-0.531098513984207	1.37748831099469	-0.970290694486923	0.299201246129442	0.727553315910037	0.19191092304881	1.42230653499608	0.169290453317768	-1.19892321226483	0.856455532656544	-0.56618400479646	-0.014447876564845	0.748223615754496	0.791873181894653	1.46255581232912	0.993325779423392	0.557679675410142	-0.347508242794793	1.93482037761434	2.139847833282	-0.0182727375299703	-0.588306028891371	0.85263011295349	-0.161258493144713	0.514620813797009	-1.70783572911543	1.2177146873847	0.00192272267362481	-0.985844310562382	-0.447677354538181	-0.519320940947012	-0.547730041433086	-1.48120254058727	-0.803718980624214	-0.462147755034501	-0.196213285181062	-0.76180470670197	-0.884148645466603	-1.55491859137169	-1.31662309056031	-1.1153998679137	-1.1153998679137	-0.775008754239605	-0.155318549873576	-0.0167678079279253	1.14979876484231	0.852939791851694	1.44844108255343	1.74877866190233	-0.622591485297435	0.424881957913219	0.510733195472997	-0.214197610922696	-0.0420997026918888	-0.156792574691637	-0.273588113977201	1.6177072159488	1.87499851325984	-1.82336577685224	-1.28752343542168	0.513123316031892	-0.389626159528695	-0.430942245583836	-0.263894877928797	-1.15913327127878	-1.40943700585754	-1.45854830638357	-0.639876343348241	-1.14534432667721	3.01729468060391	2.50425063541891	0.00631057175235193	-1.44487970416457
-1.16729284325283	-1.06609446346779	-0.380012751193786	0.104975920128663	-0.465009390192574	-0.960465379122191	-0.940992652093748	-0.783972227416472	-0.50167609909995	-0.370225157443699	0.0345367041547424	-0.719617296338349	-1.23836090226566	-1.20433319722088	-1.52616539356006	-0.610241491520431	0.997462690296205	-1.20533668678111	-0.62413510262678	0.589508100806897	-0.330065386598028	-1.27511198124092	1.12417570441268	-0.410638661581318	0.233009169555673	-0.708582715852346	0.586726158348277	0.653241733379213	-0.492263910959571	0.196732294842423	-2.23792067206826	0.769615623304434	-0.426701997136905	0.976943828241368	-0.293170048343708	-0.242417773977473	-0.945460211692299	-2.51547201884204	-1.68371274564439	-1.67382982023447	0.531834336253749	-1.52511180465522	-0.140214172116861	-0.87722845236581	-0.147371058462721	-1.265659935576	-1.48921847185043	-1.13706017641298	-0.979406659591995	-0.675081579503647	-1.00185897425666	-1.76558999773009	-1.48971367528347	-1.14973672628383	-0.651821647312501	-1.12276772231247	-1.77075241774151	-1.1099699862288	-1.10996998622881	-1.18392788963406	0.446122428195918	-0.267778862465339	-0.768754592531103	-0.858181760077216	-0.529587865484886	0.205913727538791	-0.158666718719287	-0.546039883613671	-0.852287941187418	0.144004891780015	-0.496930877839783	-0.506519079444844	-0.709062818608822	-0.753326661518063	-0.362337179325661	-0.303959934617958	0.143299040651103	-1.16295003639812	-0.773865827335059	-0.913550392539855	-0.333315910944326	-0.0877184673801724	0.0074536621585349	0.93052873411772	-1.06728480192656	-0.442838343462953	0.349998496521851	1.50094058698596	0.359794716638513	0.638303841402628
1.37284417898609	1.18518738351464	1.26421560789809	1.61879797959279	1.80591115941621	2.00261900967575	1.36607108559086	1.55696985923668	1.39458019565582	1.77656053233947	1.61691973719476	1.27324070095972	1.28359272790987	1.05624292026776	0.740028344133077	-0.661446748721772	-1.22700965117654	-1.03748530840719	-0.118582843427641	0.622528649089477	-0.255006131788759	0.231019411599884	-0.938988206962424	0.530299289532632	-1.39402645060955	0.203500613347597	-1.50037135307746	-0.939755996969676	-0.842502104615136	-0.456292823937065	0.0170568825903518	-0.453687270169082	-0.767199362307948	0.745759320745356	-1.1006473289914	0.704041741261145	0.747598055155322	-0.55436810532239	0.912342126347234	0.903465225151832	-0.204116325064345	0.655509491549835	-0.788100151610585	0.0857865927189237	-0.748242660771332	-0.419669917284844	-0.740257611610625	0.133320114436486	-0.902230323428256	-0.262702059063214	-0.635607240191594	-0.834951409871773	-1.18630072216353	-0.444741790041746	-1.01816828546085	-0.457899707173522	-0.685799726936228	-0.574041539885281	-0.574041539885285	-0.945285594792852	-0.457641958640301	-1.44686840037097	-0.402484004657554	0.433570584372741	-0.132142475933783	0.619231860620524	-0.264861682452831	0.523354255948706	-0.94872518570535	-0.678789460869306	-0.321588980383547	-1.39365136540862	-0.789323763166877	-0.289453447804543	-0.0934973618521525	-0.800445350719798	-0.187452151770759	0.12903705657475	-0.0981715588488385	0.0509104131174573	1.44224553746973	0.738314970912237	0.368935156868547	0.440596122760097	0.201152514660322	-0.207198475536502	0.00837248429408059	0.447740642781191	0.455821115575053	-1.87370261272061
-0.838031435383887	-1.1462341738199	-1.72141906217818	-1.25541565007283	-1.11503156012663	-0.937833858449927	-0.495867254186587	-0.59189381166458	-0.45419053631106	-0.966061236021515	-0.956208633291922	-0.867370235432327	-0.486724833558721	-0.19264502533278	-0.109622455561995	0.589587323304917	1.27485893764239	0.114803733606885	-1.24101069770419	0.788689998211835	0.129127852393603	-1.0496348880859	0.937759455557807	-0.532420721852524	0.499765710904268	-0.361446476745289	-0.284514185080122	-1.29556168868207	-0.814475918982634	0.0576168771177389	-1.12146418062232	0.425978264511538	-1.0290793908496	0.593374668680938	0.469914705811918	-0.485675138317021	-0.678767040346281	0.231672019730062	0.00980246749574206	-0.468724908071329	0.437210659775584	-0.768022891631128	0.392338259344149	-0.976758922954889	-0.559376994228485	-0.992725068694535	-0.665954533095785	-0.422521853506107	-0.0371611703801291	-0.876090237573914	-1.27739294441347	-0.784224145339523	-0.730018616663881	-0.851278189638566	-1.34986850945115	-1.67200226771633	-0.405737324716999	-1.37632378282563	-1.37632378282562	-0.654707615099904	-1.04636028223683	-1.16181189069328	-0.792187800624513	-1.2307535982612	0.642830621730824	-1.19985513976716	-1.172059583664	-0.995437431932735	-0.638870353733646	-0.0951052091751199	-1.81722203480232	0.183882742849296	-0.791923550686848	-1.23634539663493	-1.01695304488119	-0.781927392578648	-2.04182656625888	-1.71346880254661	-0.855200550003156	-0.521357391852676	0.697906503565898	1.94893305468005	0.845524091133946	-1.20337638254201	0.371329859085486	0.0692177320819021	-0.805013378724575	-1.32604199060353	-1.99076623721055	-0.269511814098392
0.0966513631650731	-0.0920904835816289	0.191214192851966	0.613033885309424	0.301680253467549	0.728412907412447	0.141843688151487	0.157913650827376	0.8167672358661	0.837779224755178	1.52882088567666	1.00964637456911	0.690087144351864	0.882408948995048	-0.0998486847060885	0.9311790015871	2.03857399637874	1.3173420687698	1.20871039598774	1.85347721211063	0.876477272478095	1.62012246830076	1.80808137183657	1.00091083488127	0.435457405388821	1.42549005828832	1.07225434792333	0.136832219186803	0.27538235913276	1.07697467773861	1.54677473375929	-0.872367068911249	-0.809782409436572	-1.25118797856552	-0.660987844281856	-0.0522303930461687	1.57502650617906	-0.0266949301603773	-0.724177991691896	-0.423387027466305	1.16931084624407	-0.203944708586738	-1.05107887747483	0.317589746783232	0.284448057173318	0.0838764647510385	0.620147389506687	0.457917613553567	0.52439913275616	0.575918097283489	0.907275169212697	0.0887914403065063	0.567381145762965	0.521067617595272	1.01377048531531	1.58536192599607	0.90300578557506	1.13753988758449	1.13753988758449	0.802737142479713	-0.0506819035032203	1.41673246336753	0.488876235618063	0.900001201382682	-0.426690321021032	-0.798852344851381	-0.353867250760385	0.846142336748207	0.0987908926123302	-0.51870314513424	0.547958972707539	0.44971590568296	-0.370736699374887	0.269556855968534	-0.550146018964526	-0.357056628780163	-0.65021288220214	0.540734890018755	-0.389610781634043	0.738840070946843	-1.17084145270075	-0.562586258507651	-0.114725920652143	-0.432908691189425	-0.179281369547695	-0.0949736636845062	1.36836895952225	0.552549544039974	-0.667481463504264	0.256925610086295
-1.24007019883333	-1.27765877393122	-0.982076051236402	-1.48547792181512	-1.03444770726104	-0.433828935326027	0.483892780183106	0.0965800038069307	-0.284491672170003	-0.426238071880745	-1.16242350342876	-0.496486956084889	-0.284402907000424	-0.821543996393151	-1.27407460347383	0.060175049197418	0.341771630495879	-0.158388879471606	-0.107411989993437	0.113700820034928	0.407840552524308	0.109177620146606	0.439196861611736	0.0138155176423772	0.676355153962127	0.339213005092854	0.306796071153406	0.0603370950134576	0.644779269411656	-0.289972848696349	0.0925104286223644	0.0236670528787761	1.45258008983017	0.152555447793975	-0.549336343121772	0.307933816526482	0.651453384365623	0.467901487017688	-1.67592949144919	-1.1584803012363	1.0848485865875	0.153191583312753	0.0376310157628844	0.987682316281618	2.26940450618602	-2.33933386412042	-2.5123103846694	-1.28391300629451	-1.89775758390289	-1.96512604183539	-2.19357115232279	-2.7437307398467	-3.09908365361105	-2.59340100959553	-2.12520691667998	-2.30124679875702	-2.1605691655511	-2.76889007830831	-2.7688900783083	-2.74016249972031	1.21756880051944	0.0384146049991861	-1.14787566472952	-1.69022705352916	-1.83275939478389	-0.913874499748024	-0.741824990433711	0.848212735313462	0.739240256681412	-0.770908595246094	-0.453083160578717	-1.00007751632874	-0.0913752414688988	0.0483519720526818	-0.0240367006398637	-2.80273450559788	0.75058129270203	0.725694943494283	0.555020699850519	0.646379241939271	0.115219833341648	0.514705047318019	1.64737293860646	-1.96380341961985	0.0116668051235747	-0.0753497980041615	0.555810020556278	1.12896066498081	1.49998460304346	-2.18539455222643
-0.111700997799208	-0.368199168872642	-0.406930746641759	-0.695498835801589	0.168459803442175	0.699619767231044	0.412710283886276	0.726591278417677	0.316258939217588	0.146168372187916	-0.0392913343746674	-0.176412418910677	-0.298158074517704	-0.227240780328404	0.183228508574897	0.652225552745731	0.280125820317906	0.344221939314109	1.21652838363344	1.43556008584082	1.39832026460383	0.875498829816744	0.767698591981989	1.48951583662648	0.756718324503167	0.838797179404956	1.27710877210258	1.07129180316309	0.653837802911304	0.793257814790632	0.255513368433084	-0.0599785328083739	-1.39437072969396	-0.96336758092988	-0.58692934588246	-0.393358835739571	0.187725321718042	0.644659049224657	0.670164574742922	0.292441186280519	0.0202568181075019	-0.0737576974311382	-0.150382065775843	-0.878485108157097	0.32860386996568	0.0212930351134094	-0.330240280110072	0.272185324728164	-0.213034687861083	0.120625039494479	0.00723329682473085	-0.663682119999026	0.415035961572154	-0.154325838997351	0.420921413894286	0.182596284786468	-0.100093264652168	-0.0321401910419397	-0.0321401910419337	-0.150009897873758	-0.85231782284951	-0.62057590251386	-2.19678925146326	-0.256528062086159	-1.18744877061304	-1.93862786449555	-0.641051796079101	-0.787458419766456	0.271727033046017	-1.06196118478529	-0.154822280832362	-1.69989292493439	-1.08638010758365	-1.21184418283183	-0.815244568230628	-0.0675572668219418	1.0229309484687	1.69500922304423	0.135284140939842	-0.178881087164646	-0.796587042307121	-0.770290170525033	-0.843589361484626	-0.489603514515441	-0.495256653002079	-0.94162977926022	0.180448552376726	0.523297260662488	0.347870735370271	-1.69558749896948
0.722373675578341	0.645467755830976	0.885361314540652	0.977289411270431	1.80289706063521	1.2751643059385	0.864208932921701	1.01894238947705	0.403558839961185	1.02650860071032	1.23324349632805	1.25616477014064	1.40055426663501	1.32143213635578	0.670686509540943	-0.363218613186052	0.48651147262709	0.613058990485066	0.991598021798686	0.127813851898101	1.38422878860994	0.969329859217225	0.229041709940134	-0.163826051749112	-0.564029295491931	1.50136781098007	-0.0643078227881246	0.47309532606567	0.343488443044262	-0.194336887928187	-0.619468306162415	1.15719586751778	0.33559980754623	1.45358509803763	0.0101591088518928	1.05748885623167	-0.526512300498468	-0.704808814240346	0.21163059803222	0.0673550312031631	0.595097059906409	-0.0623416133671976	-0.344947809066792	0.232675433968741	-0.704564340530029	-0.490754918699753	-0.431803420805441	-0.173963827756144	-0.284882928914344	-0.635391445419422	-0.277929289870088	-0.557068272512611	-0.315782980876585	0.0456764143273549	-0.33415022139795	-1.03447322104465	-1.38243160244089	-0.538745840451543	-0.538745840451553	-0.435748358338691	-0.0728490163376623	1.22454272292506	0.317176263426508	0.606368857574246	0.345223960205098	-0.0763938867215679	1.04049325408549	0.0436598256388558	1.03428711915456	0.783170231006053	1.35941795223029	1.93344150942077	0.177699484240127	1.26722705474783	0.145680894040574	0.634496866529319	0.671216481321226	0.298986902516185	1.14052399625124	-0.301497188497509	0.396270835349788	0.638628052730159	0.86503300183169	0.535727302646134	-0.0864734614894157	0.170717678039133	0.752841202262457	-0.0844306099781819	0.239651572154169	-0.288838961316902
-1.3106860341968	-1.9864627620021	-1.81203544460891	-1.25289116219788	-1.31476303779038	-1.77336540326896	-1.22928441612025	-1.42594318440681	-1.68842814386314	-1.10922734067278	-1.33169133453117	-0.913349489433588	-0.7004636857033	-0.57219800276368	-1.16429651281277	-1.53534591170327	-0.56154795692646	-0.836924884664464	-2.46906144710308	-1.69051424610389	-1.29294232023861	-1.51633247937679	-0.966933190035095	-1.32194928725272	-1.23180772591935	-1.91314950096477	-1.4952271026941	-0.599108659892253	-1.16503192354255	-1.51744038087005	-1.15686732552703	-0.0717805873227879	-0.609426353423608	-0.307460525907199	0.557929869674772	-1.18192102708057	-1.54364577734162	0.0714149495210077	-0.586660575954304	-0.832054810198333	-0.906267857375456	-0.807401279522268	0.290161174620778	-1.11520743288547	-0.664691772023466	0.0796323651230783	-0.199678912834709	0.177201494099738	0.17948077583337	-0.14163709113326	0.140357266302814	-0.328976590710137	0.112053627072907	-0.194779061832054	-0.0883497023951353	-0.450561026534163	-0.617427685615578	-0.248324938182354	-0.248324938182357	0.198141061928208	0.985680211387365	0.189368322274062	-0.120675255523855	-0.208716539888376	1.29486605293632	0.496886702312667	0.512284520864237	0.090926835520645	-0.0263425419445212	1.90412711120489	0.799669644621907	1.12903338766547	0.638437086345613	-0.345554875851627	0.273389731150172	0.438356174591065	1.38931972167811	2.22853562794757	0.514516065949383	0.952629635779127	-0.580700663348907	-0.886143997950093	-1.1943754085839	-1.01874692699887	-0.142234978648599	-0.195670993061601	0.57877371673919	1.21752226375999	1.13490899722512	0.706951643453923
1.81098596214555	1.65958719980232	1.5200576679952	1.09941969025261	2.15177412953247	1.45010063722918	1.33702954043308	1.09219232913161	0.300482573801501	0.605461626008903	1.29371575748087	1.68693287954238	1.87101221297407	1.94293573435717	2.1691399132205	-1.19222773220794	-1.25419117795176	0.398813067908141	-0.878242404514128	-0.45243200797214	-0.35993699998292	-1.01930502774258	-0.903278322419402	-0.441437221911181	-1.26700526835357	-1.141616089691	-1.29880633759054	-0.774424550829929	-2.02339184539538	-1.32033456628725	0.0114132930307178	0.545400919402539	-0.478793702196887	-0.363741183478069	-0.358355083188837	0.211612086884214	0.187867834583422	0.893866464058435	-0.160507850228295	0.284729139920445	-0.253792639579463	0.0419737459729784	-0.0577804795637508	-0.254099191077006	0.106836378431499	0.206009821778081	-0.200511137989433	0.24980999816121	0.0031978151903576	-0.237957747546568	0.0802187671328687	0.29241988850461	0.399044949010226	-0.193353614449925	-0.918685173976118	-0.132158635425387	0.119184923255624	-0.565348437614669	-0.565348437614669	0.177062809482621	0.632076566995217	0.934759927622329	0.448273735583563	0.283272893032056	0.573910068800901	0.0400355820371042	-0.549010820342541	0.559669524277522	1.09784209887016	0.49982030260169	-0.139599198200878	0.631061119981511	-0.512137668706237	0.724693692792197	0.148615170230072	-2.14265940042125	-2.09075988759751	0.0429770507409584	0.369984492384838	0.194497107752413	0.125251643910754	0.912224990078589	-0.273580890059303	-1.63339575237932	1.06202948217576	-0.173219607991125	1.40170649182607	0.700461060681454	-0.61790245618312	-2.95239420991158
-0.968143365474607	-0.86839715343506	-0.920903191213898	-0.666099957113232	-0.154109256867723	-0.0772378928815152	-0.281321680800081	-0.618289215570494	-0.537629528491878	-0.3406421688718	0.0876691720995338	-0.058118172673647	0.0432117861787959	-0.14512392525677	-0.426025967227364	0.547333630607094	-0.442765221862892	0.340071953357557	1.42558563778401	-0.0808321919083536	-0.303423039051826	0.60210201074993	0.728881842534874	1.17789828320833	0.646403243227667	-0.987911732119214	1.51775062947666	-0.0208986646158447	-0.0319349031195807	1.00878679389984	0.546824030276548	0.61839759686535	-1.07668443567448	-2.03857035520081	-0.847789201693572	-0.310054116859738	0.913074188389909	-0.469601414497955	-0.560674581592814	-0.144823874956833	-0.967187992754168	1.46940655733396	-0.79017611174951	-0.612947779489755	0.0833463251449862	-0.966303106061106	-1.45601103237604	-1.83450765902744	-1.63834973684519	-0.936518738760175	-1.79337007556111	-1.92899020821823	-1.88883188676706	-0.878572883236594	-1.62032389342474	-1.67115047190056	-1.64357048854149	-1.72145401635816	-1.72145401635816	-2.00292756807031	0.961981192401298	-0.515679455003178	-0.852143293439019	-1.19198514250344	-0.657767781006765	-0.624774117663776	-0.471817800423409	0.357923317219936	-0.354513802570499	0.399909805683852	-0.863444530386633	-0.00171209305351842	-0.58958112668506	-0.66461942248035	-0.811751422978791	0.217761821861221	0.467672125942505	0.328123829994714	0.0116715807372759	1.36888067519958	-0.0896826037562063	0.125821712817626	-0.379511618683762	1.25621792293327	-0.372462530655003	-0.135853601866213	0.246306346249839	0.510128200439947	0.429648424119579	0.440381501322894
-0.75601954203015	-1.16787407164668	-0.672435839569435	0.347397939707595	0.212886072786977	0.83387598801844	0.138274582487218	-0.0633754075662324	0.140842396870802	-0.259754186142006	-0.245992625423461	-1.10458856178993	-1.10909502197196	-1.13312578170931	-1.13670678016463	0.202441561108488	0.394143208817442	-1.25375421678133	0.360899508259564	-1.28239231419963	0.784037200471198	0.42819544849042	-0.776805715204786	-0.693786236354095	-0.218529764771776	-0.109262868565295	-0.0693901471092776	-1.10988550523293	-0.218931349547606	-0.685018494479166	0.989081053649986	-2.20676588740416	-0.368291224548154	-0.908846238722038	0.153175166042885	-0.352386496760458	0.219971812999594	-0.169174469286902	1.08874406238441	0.636181816798351	-0.174603203089726	-0.0482519417349488	0.558681987374889	-0.493789912931177	0.130785097014638	-0.387492222276861	0.434404079356706	0.149482195984631	-0.579242226887925	-0.545635813562812	-0.0826835899018231	-0.198806611109183	-1.03872105618936	0.166674425277153	-0.47417526740194	0.689714844328782	0.549984711572566	-0.14232233699252	-0.142322336992522	-0.207660819040638	1.86527991505729	1.73872796670062	1.25912541907983	1.95855943699742	-0.320032987006022	0.761693024742874	2.08706451396145	1.986037346076	0.589325999249043	1.14358821708699	2.39640431244193	-0.081482026867464	1.34842755685244	1.8750136093448	1.76152960071963	-0.534304229763028	1.49504554704463	0.730845573429094	-0.24506199533524	-0.243234180672139	-0.940913614590452	0.723799396046044	-0.497563437443297	1.62455792923842	-1.42444789214835	-0.782402179339424	0.562725694044112	1.27030939840268	-0.114735080322382	-0.368587328663133
-0.522477584548676	-0.0123965385318433	-0.343844662463248	-1.05930190094509	-0.244063614133976	-0.508268295720051	0.239430079475242	-0.0444655784563381	-0.307728842595446	-0.07565400810172	-0.290456477964179	0.430277285106689	0.785872679737599	0.430242081098593	0.26162972139922	0.811654228511241	-0.165983778241965	0.484162185698078	1.3480891758039	1.09686927345226	1.07141072928531	0.593435273814364	0.425898700047765	0.382999030213569	0.612510745144803	2.14045475182105	0.687629904863751	-0.154093173146402	1.36397095353835	0.577152425286024	-0.637461538980828	-0.705355830885354	-0.047950779172759	0.941724675096348	0.11990482247676	-0.171257286503206	-0.787111607981039	1.12697324108469	0.448870324453399	-0.0748988033996517	0.635791186740417	-0.588167968970504	0.785051471220459	-0.134110450402767	0.19762920797715	-0.77134114092714	-0.170013361017558	-0.0467333115968672	0.131389153098521	-0.435200491386203	0.147424912054441	-0.594855765733826	0.217554418288422	0.0831236979079598	-1.30617193926636	0.0313790891085331	-0.000305404828507335	-0.560623738701249	-0.56062373870125	0.253609719161139	2.07734408345448	-1.32408502794043	-1.31263018439712	-1.92355814297791	-0.958801486543171	0.469409701360408	0.0265935137484912	0.702608788849535	0.208735509867384	0.125898938041794	-1.29691719570079	-0.896717477539121	0.587984974229256	-1.43009488711219	-0.520148745481753	0.0777385220944989	0.527364372872552	-1.74616862141956	-0.936858470655683	-0.644022684666036	-0.508233587219632	-1.40794802762671	-0.164535272194764	0.940551174693982	0.297986955939171	1.27533266373557	-2.16770215137536	-1.78054223085344	-0.231484074098888	1.46283917089961
0.263001702932463	-0.396923741624139	0.102260648279256	-0.207326503682694	-0.120526152468743	-0.208782270632442	1.00350695428087	0.953419201633458	0.350540508183128	-0.251982461206683	-0.257924147377851	-0.319688154113454	-0.0588884376520703	-0.0917629130679103	-0.261847230591299	2.68376346355927	2.49554725778865	2.29215894053699	1.72602100392747	2.30133748527885	3.28952587634739	2.73678070032778	2.8585527397143	3.1468949100607	1.87357314384428	0.631905100455307	1.87926583529403	1.30039267958462	1.09730560359315	2.31871368791104	0.217141322459696	-0.316949142011925	0.463306391616799	0.960663542843238	0.311188231643304	1.07081464638488	1.38198499880359	-1.09723595516806	0.403744158423211	0.402149568825881	1.62353983731704	0.939735889880233	0.3133441053243	0.936793933987842	1.09667379960944	0.281807352266842	-0.0724478080444017	0.195485632189532	0.226308331532658	0.537862698153866	0.192137192979002	-7.46874227588271e-06	-0.0597207179767944	-0.0965309725835326	-0.263365003439355	0.0131985105457005	0.690125471557835	-0.429383964134339	-0.429383964134329	0.431192504463365	-1.10611862682375	0.0700658444987646	-0.648798703292613	-1.00315010330067	-1.90628936042583	-1.5367074336586	-1.33761611041154	-0.154921598942695	-0.722808076220039	-2.12331682442379	-0.22234361329805	-0.449108463071395	-0.757385046757853	-0.535710014087501	-1.25887170934034	0.499803839712231	1.4626954742185	1.5742068391286	0.617828201020435	0.556972039888022	-1.32158980460243	0.46752944258134	-0.773890142223619	0.659740465344327	1.00976421478197	1.37829090631352	1.4048069724947	1.79621410090156	0.252715147429521	0.344666618902275
1.73733000610526	1.51787749613929	1.3786238555535	0.968385052417032	-0.0366083185778852	-0.116847510712121	0.93444403679686	1.34407706280861	1.39617057507297	1.03152697941148	0.699577432694135	1.01787642586662	1.19412209399297	1.1222644777244	1.16600374014206	-0.535454489103018	0.278631410065627	-0.515978488845884	-0.925234405464289	0.551104133256953	-0.990237168148232	-0.636246302716251	-0.306958305162202	-0.813825769971941	0.0215414489551491	0.670033425563946	-0.948152331730469	-0.0219282486269981	-0.338092719109625	-0.379298883804606	-0.387536870771037	0.0456833669717532	0.309875090589597	-0.0676884717342185	-0.0350161589397148	-0.858684576350021	-0.234472953587224	-1.51551027455342	-0.0250468516682671	-0.205700631309908	-2.21598672858928	-0.0113340014888	-0.373329658373826	-0.476280961130811	-2.25048873292676	0.719441049881991	0.529992041349842	0.592310949562336	0.769092465321276	1.00943846571281	0.792791081814261	0.600815820587537	0.512957706635547	0.386167916716951	1.01167675264388	0.844812596528984	0.682667397299598	0.805993026556014	0.805993026556011	0.792829576115396	-0.0720149975807661	-0.814412394582194	-2.12660516381211	-2.67903409060755	-2.3104404178577	-1.26776992359868	-1.88757195065898	-0.027663626092325	-1.82858930191203	-1.75886862728697	-1.8352683370722	-1.35066134963903	-2.15442079926574	-1.84732864913427	-2.31290479778863	0.140826252261507	0.35869173512618	-0.221567022570675	-0.274616421158552	-1.01823364695355	-1.39122929284378	-1.44995609644768	-0.562604740678368	0.484649166945573	-0.699403210843047	-0.373553410538943	-2.16389281687244	-1.59498732374529	-0.192164297114416	0.12991052729169
1.61471020572571	1.29195785662471	1.11384186371387	0.569317094522956	0.640317141771759	0.0498606573912376	0.146261606845314	0.382044047802602	0.107601595697748	0.733230436073554	0.77477310968156	1.0361875526043	1.07729417635919	1.30531854350404	1.27217687329573	-0.605344861319359	-1.58048869323636	-0.884006793917627	-0.0770276217966138	-1.58668040730873	-0.325721668504042	-0.082292112425462	-1.12585845065072	-0.240792190226671	-0.190186153349529	-0.147665150294186	-0.844685361027128	0.15598574702335	-0.305698317553445	-0.473510341641869	1.00627422386841	1.53209694946778	-0.00703880618410662	-1.46764236155704	0.876453412071346	0.15633841596591	0.271294122305172	0.430251251229717	0.0941338542092545	0.710974701834178	0.245155130507541	0.350322121033808	0.00287469490946965	-0.183179668367733	-0.111227876133839	-0.221032292256531	-0.632306759039571	-1.76656880474297	-1.21016033979727	-0.378098160300404	-0.876183757707987	-0.533808780978722	-0.222091411240443	-0.546129186448291	-0.878477069624221	-0.226783282679221	-0.241049357241884	-0.589017387546266	-0.589017387546266	-0.37374964141106	-2.2072686510682	-1.78518067916944	-1.61203486317777	-1.17543455442844	-0.811433649767154	-1.24349389682828	-0.695744156288046	-1.69892852897238	-3.67024830113966	-1.30984753164558	-0.761630376567981	-0.901936455459337	-1.56541923203088	-1.89575440788135	-1.11744375244231	1.17380218476306	1.38751453233581	0.926968634736957	0.41739491492341	-0.691490152223669	-0.928203031502038	-1.37966497831842	-0.581091245469386	-0.210253270447944	0.885560715295582	0.618377015257817	-0.477421990866245	0.427599240490802	1.15070151490281	0.529430905323696
-0.553278311742496	-0.70024885833732	-0.23448651685895	-0.232123063421411	-0.589824674237492	-0.468914815189698	0.545413269453801	0.51279287369172	0.979485313700739	0.535089349318	-0.392822311404073	-0.83272415856323	-1.40001988597534	-0.917950861540884	-0.820497151265364	-0.856943004586807	-1.37208307183588	-0.907033504908047	-0.774455412039449	-0.843233203796775	-0.807994322527795	-0.656656571736266	-0.128285469389064	0.166248088664341	-1.10058834855326	-1.60773738941014	-0.831672985584386	-1.39441091562074	-1.25909916954606	-0.716928920167653	-0.255696241885774	-0.628682853182684	-0.121416714059717	0.0407687269458091	-0.668562164190765	0.676794327376087	-0.875091650594504	-1.12711457194673	-0.947036172965794	-0.636800416584569	-0.739150709428858	-0.264426494854558	-2.05451116206675	-0.0912920117602557	-0.536363584843073	-1.19720546249805	-1.0354035312439	-0.0813252761132423	-0.170276380586356	-1.30136504247164	-0.666643015795796	-1.51141393662464	-0.777903266914962	-1.05715151324286	-0.877472216380005	-1.16193955590593	-1.02415802068606	-1.46767844388967	-1.46767844388966	-0.598746979940549	-1.58129949439851	0.143119556124957	0.253971162972351	-0.215240550849841	-1.58469755686241	0.448964626303425	-1.0317417828127	-2.45390100396285	-0.450221251280614	-1.72743630333833	-0.325068799603425	1.28910594497735	-2.00714284094191	-1.11036738156384	-1.03371550956792	0.579926599206653	1.42854568644968	1.15154838684344	-0.166176294395131	-1.02176535346853	-0.62641568342061	0.127267744267269	0.517068305534347	-0.750553445883591	-3.24600642100476	-3.03564491833664	0.957550029304705	1.20571767047942	0.0519058212746702	1.92533087154892
-1.96784845758256	-1.62315048633806	-1.4111168245228	-1.62732715439975	-1.47463154704222	-1.23107924177984	-0.918366328867869	-1.27339075902352	-1.20001164625953	-1.65882921561888	-1.42856228361895	-1.38713204207279	-1.27035646272523	-1.58357179812376	-1.76438642499688	1.69134312515749	1.4537824737514	-0.0179857120970352	-0.00718216450006498	0.516499771639038	-0.0637844517806374	0.512834790935138	-0.507210209141891	-0.117928968175055	2.02472885234019	1.14635362635832	0.511546019664709	1.0197908575338	1.44559225029716	1.60224950738742	-1.00830758822712	0.0568569436251217	-0.501140217775318	-0.322367340069027	0.377283561306659	-1.29854877704322	-0.469651922741452	-1.89604670164872	-0.754010616398715	-0.916274165746342	-1.66859426205455	0.354665848146504	-1.91959957206821	0.226721562604102	-0.990020744428313	-0.70879554836329	-0.50859121135223	-0.951623793404188	-1.1953640307393	-1.24335046624296	-0.778703687411906	-0.468855839463066	-0.474062955150398	-0.336350070762487	-0.910438164576007	-0.987933713784259	-0.83528344444688	-1.29012094652886	-1.29012094652885	-1.03899757076819	0.724448910166246	2.40211214626654	0.74385979324099	0.089335072018498	-1.48223368151156	-0.652840531001461	-1.10984958002021	0.952252586055058	2.74297428568244	-0.619316306891656	0.771003866906069	0.921274740945688	-0.844972999675161	1.65881777373018	-0.347024659571634	1.52158241084805	1.90113529511861	2.28306918985727	1.9109286445916	1.8774272214969	-0.770697256952653	0.0930167536978504	-0.296413940175333	0.911211027670664	0.815390612922638	1.18681074045375	-1.09357001196018	-0.646320574611361	1.32588574916376	0.509116620190036
-0.660211260686396	0.315016812358991	0.147613420856242	-1.39762097426332	0.152676959999814	-0.0936609684931513	0.0225204045407966	0.0806821485833315	-0.799447087677974	-0.489671321317981	-0.314435879159409	0.758752770571856	0.953812622003115	0.344942047605697	0.239727791988509	0.185574130310278	0.291222460142347	0.26126875424567	1.32665272077968	-1.02865483852217	-0.0360052110530255	0.651074773661584	1.74222290235167	0.80850373109457	0.481847890388008	-1.15362950112537	0.597820965478671	1.04529363638263	-1.34721790154999	1.44056639815515	-0.450587640663521	-1.61167406711028	-1.00607751192638	-1.32611286965355	-0.23941253530514	-0.506596037710068	-1.10616253308922	-0.243716726748569	-0.473084335561097	-0.801832388336524	-1.18830324046676	-1.15562276978675	-1.23028255372395	-1.22936086651302	-1.73650221895875	0.714888920753472	0.332594983114599	0.974410757989531	0.699761782296996	0.510367722574465	0.657021565221317	0.7787789857256	0.330099067773021	-0.0163445635999924	1.27005830723466	0.789117994625761	0.752060992579275	0.658978921763184	0.658978921763189	0.456308945379468	1.49366461974968	1.35089993032931	2.14023768951084	1.72556454758889	0.838178115981004	1.76394922737387	1.35148580610375	1.41251154267376	1.28193629990359	1.60810640170776	2.23271621569273	0.120382531966293	1.34662801337634	1.2637403360828	1.58293037634943	-0.429200759159081	-1.09484835558065	-1.30503008169653	-2.22625607027742	0.480639143654918	0.402737210266218	1.36203451751998	1.68306237694268	-0.754937762548516	-0.362783502710008	-1.34632062380713	0.21053047636205	0.186799335481644	-1.23772664600504	-0.861193644911288
-0.523279615759915	0.21668499944229	0.0625622659375581	0.435473829046899	0.725751278671873	0.250893842835899	0.698078946224019	0.821101280167193	0.297028320781085	0.0360178205259977	-0.133476236130779	0.110522635077321	-0.290576777142795	-0.229015794753936	-0.0853600866390585	-1.74956869764645	-1.62409855018313	-1.03957851012487	-1.86472643963104	-0.844351122592109	-1.68360761637823	-1.44781724494865	-0.641569587377069	-0.820338211213322	-1.56480767082333	-1.19799774348452	-2.3844099433541	-1.29298528376784	-1.97738781891857	-1.51749508046433	-1.2204387916673	-0.765915283706766	-0.808782903404269	0.832925319503518	0.183174444343468	1.11451609759375	-1.92823072564368	-0.117337369920073	0.511412858564732	0.708762321234033	-0.707984553888909	-0.884020801324791	-0.760681646865748	-1.21673739950226	-1.01887587183691	-1.48969472168943	-1.59811017758477	-0.594579686362525	-0.823091133835271	-0.954528068506992	-1.32167694374622	-1.79073524745399	-1.33234252043461	-1.38188146093789	-0.563427949052878	-1.68119554331614	-1.60158083020984	-1.28287143915989	-1.28287143915988	-1.39392106575077	-0.719427890294419	-1.02325742675846	-0.97197043107386	-0.895880841385347	0.585881825647498	0.0438605946858146	-1.46448050342323	-1.68881845798055	-0.254117039175627	-0.500967788317835	-1.04375592319971	-0.212862614200448	-0.7121602124193	-0.474727377509319	0.239898557559482	0.0609315019584104	0.833638625577662	-0.689038639008201	-0.205494729973912	0.648403002906157	0.0194796257186348	0.0931841679597066	0.761549701726576	0.376613418691811	-1.02835805859016	-0.314014391600247	-1.18063060075264	-0.785773752797921	0.407752569522361	0.766196359484852
0.915714988112567	0.198743403872391	0.319438759988296	0.849725590760946	0.501984639911943	0.735791363344796	0.204143916648057	0.0278318489519013	0.916760226279729	1.02570144276469	1.49993007618648	0.906191775606643	1.20373840713632	1.26811576509547	1.19846260024893	-0.307126746985138	-0.981155152000874	-1.57021152088768	-0.409487221762378	-1.0730946232341	-0.531327844186012	-0.975580698885655	-0.9877920909824	-0.774754143565649	0.80571588073774	-0.530638929446897	-0.0859863785609187	-0.875019560362179	-0.50227008468937	-1.20696394247422	-1.34048192161727	-1.45291511679532	-2.78960667493625	-0.462002768673321	-2.50884065797767	-0.611689420759844	0.0909533266042206	-1.24785130440284	-0.210413679660283	-0.484430785702502	-0.266878457712689	-1.34591572750603	-0.405679462696493	-2.31713519556333	-0.16384426004317	-0.762533112819269	-0.838154656762193	-0.568439479742477	-1.03088434287112	-0.396354192470201	-0.827381472663273	-0.870595869760691	-0.470977244090018	-0.759453841484729	-0.708092182070222	-0.734645302239068	-0.467994364246263	-0.716462913749933	-0.716462913749926	-0.624836471167756	-0.714249837340354	1.54921514428372	1.58267222350312	1.24937627103414	0.558422723736624	0.0368980215095833	-0.0611965465756063	0.704884202496305	1.20850174661557	-0.347705548743889	0.850339994921833	1.4934267206654	0.310043283889335	1.62280495988028	0.0167729352423258	-1.11368185046507	-2.66873785454213	-0.364092010554658	0.332831315162716	-0.0795817144965555	-0.266535929818474	-0.811469816452959	-0.819185249072934	-1.12734142431762	-0.355088968689654	-1.04035233566965	0.629616581137776	-0.722012449687952	-0.848287770815291	-1.39032479899109
0.130126631256188	-1.07280893061037	-0.884751739789049	-1.47053012672433	-0.834043425153793	0.0522506387745461	-0.791416059777248	-0.921234716683598	-1.30838067555345	-0.81244285934166	-0.234942935175284	0.212147166500336	0.441872834913716	0.407631639755358	0.290046696666145	-0.908883520986841	-0.442875751669264	0.047922306379949	-1.29218808743089	0.768089922166131	-1.93406749752342	-1.87049088966248	-0.430947147462165	-1.22783089127177	-1.07565657627891	-0.397887135882036	-0.543724701803231	-1.09226723057675	-0.52874129061784	-0.778410126131907	0.167999716887222	-1.33733424450259	-1.75749797519935	-0.848895692358446	-1.96160862566218	-0.0773757397730455	1.32138472512783	-0.170529955939736	0.158017090235953	0.129402881195926	0.144584724987722	0.436200518023389	-1.92124515309283	0.178761772534797	0.157943521545889	-0.7171766064918	-0.023203246504502	-0.217953653070269	-0.0308728614451606	-0.315715549086692	-0.0746861913904746	0.0284042573173902	-0.214330159127199	-0.780330821273037	0.346195084915668	0.365689834398068	0.0645817776377906	0.319032727990041	0.319032727990037	0.0918640240074172	-2.16070344124131	0.68559564759572	-0.147032579130669	0.720638926061971	0.77835274469731	-1.77386205632586	-1.85448440938204	-0.504790842774535	-0.24179421593927	-1.58886348949593	-0.043103246322336	0.849019646753608	-0.548274390124051	-0.259442842284397	-1.18635345439924	1.8131411533203	0.795417410712861	0.540863429586299	1.47236415827918	0.910916263835505	0.0114615809587699	0.848998601268428	0.0860160290878397	0.76954136340866	0.606219702422082	0.84836970039109	-0.861319218654179	-0.452807862555911	0.933269201073162	1.39511803818707
0.229882475348411	-0.13877882278307	-0.720913999837788	1.02540622583947	-0.334225120360679	-1.27494137181929	-1.28002406734543	-1.36079218608567	-1.02384008851867	-1.33954646905269	-1.49595745521819	-1.43810180681207	-1.0856487320451	-0.229037035119811	-0.184347136153024	0.416383207004186	0.699452075386491	0.431339152746167	0.3537127740404	0.802061219254425	0.977227060281527	0.415041425288959	1.05834057339907	0.683535607216105	-0.0111890766982355	0.164007651291547	0.128749059947029	0.401322760664498	0.375791175386044	0.97579631887439	-0.00314537971197258	1.67122721420659	0.266716872624488	1.03486294732512	1.57465950296119	0.669686633390892	-0.275038087115073	1.43248207097072	0.700877367754261	0.765653501475593	1.54834877157225	-0.111080851835565	1.16904836495881	0.477683474238303	-0.10340569404027	-1.71846595529631	-1.60516835723097	-1.30565898436925	-1.12193545076013	-1.44491335121402	-1.53734475837422	-1.82352874567784	-1.22366496908512	-1.32636438460409	-0.781465813199555	-1.8563477721222	-1.86768669340738	-1.39001114548315	-1.39001114548315	-1.34819357324758	0.710318445929061	-0.65636442879101	-0.584818931760445	-0.45889595655693	-0.764840118116094	0.453739540176272	1.26451118430211	-0.32448940371286	-0.0430149891402533	0.579009880029984	-0.528890692631752	-1.32320529343476	-0.134436492512154	-0.309816849880708	0.691040747641716	-1.27737115009678	-0.283303091062685	-0.0913931556241359	-1.07839720669896	-0.567475088425984	-0.400712432887153	-0.487419112198721	0.00767625779526466	-0.0419567936806847	0.718858848998327	1.12369220339938	-0.38156795022154	-0.424654565534653	-0.82999253171878	-0.0235089378857603
0.993524482025224	0.899110471601891	1.44936962309378	1.63539854077347	0.987376273332161	1.81041944406644	1.48403864830763	1.59313655755803	1.87201317939531	1.49877338424399	1.57074665281755	0.79463698734568	0.434465204319335	0.0505043027464895	0.123221489134472	0.357262432800006	-0.163355437719119	0.508754173717004	1.99595922418	0.584803988707873	1.97698018973304	1.90977355643457	2.27464751214466	2.18897106781758	0.50071600092659	1.02159727479578	1.30788416222668	1.09549622637497	1.16298198588454	0.77639256674793	-0.299154916664319	0.959420079937957	0.574696909349962	0.869490087979013	0.723892641565928	0.48083871447088	-0.601449430330141	-0.357673587264602	0.0881403647459761	-0.101115902171028	-0.551303089319374	0.908572682761582	-0.488102850058446	0.149907492675669	-0.122014857021408	1.38233147399136	1.29330294280864	1.0107891414663	1.47713126130098	0.792497226787327	1.41039803177004	1.68724058305482	1.46293648593794	1.13969470249165	0.94648572457765	1.841659824315	1.68931090955939	1.46152502219189	1.46152502219189	1.36237261478306	-1.59314106373915	-1.34161773432438	-2.22053953345549	-1.1326019327789	-2.21489900736606	-0.774022025129086	-1.29595623209601	-1.79566419857906	-1.0259394026202	-2.59645966405269	-1.53982435757004	-0.830590109937458	-2.57433661876711	-1.23953288974934	-1.21109901309308	-0.580882587579959	-0.757274492768796	-0.649922298468516	0.0873965179726817	-1.18309795418886	-0.759473825403741	-1.82075806062435	-0.0261053714278918	-0.185416045121618	0.0640527106753287	-0.460831807847194	0.0688118465045466	0.371187937976807	0.799434585466793	-0.489502559853115
0.641471306026233	0.926007718357806	0.940875765189506	0.59653920299909	1.76069835933891	1.4968089063858	0.995270824102325	1.07387728932078	0.214151814682474	0.338931311387981	0.843622560120213	1.04507679634835	1.15579635131372	0.978748316077032	0.50029167796224	-2.08894742766279	-2.79225037519253	-2.29783308400345	-2.32146564485304	0.0736164793151369	-2.05597950716531	-2.73822095621092	-2.13870831029948	-1.37871127738355	-2.08889880895372	-0.829736138893713	-2.09786634755139	-2.56250296498622	-0.937684813243498	-2.53559470019574	0.812302357670699	-0.332320731147291	-0.411686782260944	0.00977894011064171	0.127097093643888	0.936982563573448	0.400638299649497	1.00103147254683	0.380578441648697	0.508000858874402	0.864477022477067	0.230574349985275	1.32836132961869	-1.2992588887272	-0.700586793968309	-1.95547889609686	-1.3862349453549	-0.988433167584041	-2.54574395460056	-1.29120361625173	-1.59853052148492	-1.75923960063114	-2.45159975860128	-1.43547364864693	-1.73466831446976	-1.09669705492653	-1.78135530865527	-1.32888459245643	-1.32888459245644	-1.86291583547658	-0.714672015213385	-1.92822537161989	-0.935263900724042	-0.625629334347558	-0.67971022101255	-0.533612989516099	-1.23327983304057	-1.20315040474897	0.213045274738342	-1.15996731594445	-1.59128716030857	-1.63549104102152	-0.293548288022237	-0.408158250901554	0.460578184628569	1.06653866651335	-0.893853718059406	-1.54362363971149	0.155502870903788	1.09380004585822	0.232219836555915	1.05608088149054	-0.605662678595241	0.35349655461184	0.639925164841466	0.87483542791487	-1.47820251490442	-2.6437740008497	-1.73062665901469	0.164316595204376
0.0720048780786353	0.1540342308732	0.841356734963979	0.335232812002216	-0.0937696972682897	0.00640923901572257	0.55948471302923	0.428925859814748	0.368332364829998	0.786312519069141	0.587243906210842	0.544190323123792	0.178576831041935	-0.440448840131695	-0.496388537518012	-0.072738558323438	-0.363819551360806	-0.149116301364921	0.907465977424667	0.236930792160151	0.699787022417172	1.53151421793474	0.617375528724471	1.63250905403679	-0.533244412322077	-0.515660456396989	0.546834410665746	-0.734679371865861	0.199986332031807	-0.285692828322448	-0.993702637661866	-1.26597686482591	-1.27836969341032	-1.16851054371629	-1.70174960407411	-0.602354746768593	-0.582889829838419	-0.709449759283686	-0.440621331407256	-0.27643117668637	-0.180811880954814	-2.42845892572795	0.0302512395803113	-1.28077089045611	-0.366731727522612	-1.23439677739676	-0.912628162050999	-0.169050169008798	-0.787912838250329	-0.989662397224334	-0.545483131089411	-1.07567554577012	-1.04451671583386	-0.990977185599002	-0.0310993107803625	-0.398160443053858	-0.912813946958473	-0.409464332543847	-0.409464332543845	-0.835873606055812	0.235197739150111	-1.79425266590358	-0.564706956434939	-0.401467085196473	1.3672303302283	0.424662726872873	0.218095394013302	-0.112000876016747	0.0174678749584566	0.547976038681582	-0.933394117489634	-0.872868088230457	1.40099459222556	0.0701342987189876	0.569205268593609	0.216730929105832	-0.317816349421973	1.11087407098914	0.95301172182672	2.10907924358461	0.921312202953178	0.21174630850576	1.09170207407567	-2.16056161143976	1.20057032970352	0.0964155890859246	1.13169022417939	0.819494079309839	1.7005578523672	0.0505377339885678
-1.20694389795993	-0.929167429705831	-1.10613789948716	-0.742832611308261	-1.11980664362531	-0.19324351213275	-0.841067503492549	-0.593119245754165	0.165528615414169	-0.208039981734841	-0.544101423887132	-1.24742636468117	-1.26934877410633	-1.43237405947929	-1.17508812536979	1.55222475488882	0.789006977341001	1.17596190937379	2.15797114983183	-0.254361727739789	1.54325170355727	2.31829213846948	1.44735276224164	1.56494316619078	0.922197364118545	0.586383144548452	1.40691236419313	0.69777198573887	0.783876040289165	1.09988341010305	1.50473956272412	0.570234487274225	1.08909451095954	1.66455664129955	2.58482325550499	2.39638074655788	1.79004712184613	2.35861238516104	1.75351009802386	2.4743814811727	1.88185014608235	1.6804985417736	-0.0836283647146807	2.05967938137284	0.0198541184458843	0.76631438036955	0.649484942906121	1.18317676353562	1.43303062872173	0.956117808262671	0.974319140823921	0.7770758300974	0.971117474358127	0.100558309567825	1.24154418275196	1.50909773511208	1.55142166245561	1.08770868075343	1.08770868075344	1.12832745378174	-0.102701063660575	-0.727766928840179	0.588627501885615	0.188340152033944	0.619954319835832	1.06949017529087	-1.12750382397668	-0.403620112233918	0.450209456897862	-0.274329706052286	-0.998772842764975	-0.549615741393034	-0.914865969112458	0.883093291629279	1.30691954932499	0.555907733367979	-0.126028220056263	0.274352052174312	-0.983424450333505	1.45811652455753	1.20622280090465	1.65834879472691	1.9219177192708	0.301827558962218	0.0676527161982661	-0.293740916906841	-0.576248950975973	0.257904834713269	0.230875901187234	0.351367279120536
1.45082334917982	0.706858178910956	1.23663649335676	0.927063799104729	0.85084811216062	1.09563932662125	1.20889684748935	1.24211317560647	1.35757415578475	1.62777831470111	1.7664609228522	1.48914798354127	1.83473660272018	1.30461902009257	1.05334892886379	-0.0366370920353153	0.647712448979942	-0.616757250277369	0.64411889673969	-1.2133994604235	-0.0313351769293724	0.216497428483866	-0.797200408829465	-1.75303915272659	0.922611207379456	1.27483924379902	-0.133957782561952	-0.33049120996521	0.0876612457025258	-0.841005768182154	-0.259818257063396	-0.93763181691874	0.0289602908076358	-0.365584025635093	-1.78628745317321	0.057932006856407	-0.692758359273761	-1.38182916191922	-0.439663414618874	-0.494091425711705	-0.183821652308984	-1.04794696673109	0.819559222476202	-1.3206037612189	-0.212434901952504	-0.290760574637952	0.112362946825886	1.52265413385733	0.659178202720834	-0.715441565057853	0.809931366253786	0.543345925906456	-0.331912023138832	-0.733322234973665	0.212518862033004	0.642517777066877	0.220682324793724	0.0513172293150591	0.0513172293150621	0.000879222678716746	-1.68535977141	-0.213961487540074	-0.885452300201411	-1.11444387616094	-0.37265152235901	-1.4084859043335	-0.784812684193778	-1.40331091453649	-1.29265753874199	-0.775602643188488	-0.747735404115886	-0.32428653620772	-1.33574960848353	-1.28306680208555	-1.14853713829971	-0.980108192033164	0.133465240528284	1.4458355153908	2.43724203056125	-0.091682799276086	0.160277956550071	-0.239839629334416	0.679864714536269	-1.18622258178899	-1.35107225173628	-1.84936643525859	1.31937224027419	1.45223340253295	2.35628525056204	-1.16069443180753
0.478641949496637	0.330388384220604	0.194068976364094	-0.149415090078407	-0.48862696549727	-0.344669621949994	-1.10547411880381	-0.724904793736712	0.0605650090821837	-0.215783016140457	-0.119776161898426	-0.942098655120985	-0.952006795416637	-0.412351671997342	-0.0117129869594485	1.75187937810258	1.70112661707453	1.39187448679924	-0.781753356264536	2.03205001212716	0.640524651215179	-1.09980754313218	-0.135884012122963	-0.731352904765576	0.944744385535997	1.49085937152269	1.31008202102384	0.361981011902058	1.85604669528741	0.59645036580022	-1.63652948223589	0.0696511026461188	-0.284879919139052	1.4532575782118	-0.047626829734226	0.444744531243672	-2.06261728298054	-1.13062078499483	-0.0183682885487667	-0.504256942090826	0.100018639712078	-0.747921752221603	-0.673145373156382	-0.682744186819128	-2.44829041422596	0.549184946607965	0.155266680975924	-0.252977551372038	-0.390722536755115	0.386131192230114	0.164134301385152	0.642607307951164	0.580752211388548	0.346193089524834	-0.703760362152031	-0.0668477742627027	0.0504104204489198	0.149211823171137	0.149211823171136	0.265066114436903	0.4998754420518	0.0162483008427373	0.989685560402196	0.333922808486335	-0.306617633929011	1.06628066921935	2.33004405843422	-1.33253914191555	1.02914463889018	1.5200374744862	0.168991610348715	1.35326288958833	1.0891037761345	0.480626819833539	0.90779782945532	0.109482331756266	0.0440938719226942	0.0429424012126571	0.0666343030645375	-0.985588321708848	0.137710145591321	-0.22098659135803	-0.023638221520979	-0.75124342712415	0.148342982204169	0.0684688933374482	0.808026018640041	0.710875556942752	0.100232319994445	0.195172593997878
0.967157184425882	1.14298850981096	0.265417971432816	0.42539499231839	1.2523670209543	1.62729990310718	1.42969756433346	1.29449002567611	0.612419510392192	0.646779752382701	0.0264638543305833	1.23495578398094	1.28283587888368	1.41224615634656	1.62063666300916	-0.235933603748997	0.731145922501677	-0.169286551589433	0.492394866422883	-0.357625524346622	0.161580981665979	-0.188346531325354	0.433121236259721	-1.24711618920352	0.665445735227255	0.663115470384612	-0.010455216109778	-1.19978342498856	-0.79498504868281	-0.773404834690277	-0.518347008746676	0.293312409746114	0.761983280141698	-0.705179653259464	-1.18329993728397	-1.6393155340345	-0.907871300471248	-0.97657103627221	-2.1057985858321	-2.24101480668346	-0.512041416094512	-1.882739956418	0.209462485805834	-0.301365308324992	-0.368020293863321	1.05907774884827	0.779924078952984	0.229952730578842	0.480974711087127	1.0380193602217	0.499863294884234	1.19338070334447	1.34906513605547	0.71696415959692	0.622793178148944	0.529328485026862	0.945235760718002	1.04340833946264	1.04340833946263	1.49544273357126	-1.97099928637036	-1.90883905894712	-0.509073192003078	0.345723523343375	1.55915436934431	-0.102917334725244	0.42693664843511	-2.24507107953162	0.465049664872514	0.555195641723602	-1.15235411209192	0.723813617969927	-0.182115563543151	-0.412583418452296	-0.178215431351754	1.0703794575215	0.365079569993016	0.407358754286345	-0.943405494353319	0.897726313336887	1.66748444719167	1.43359647233248	1.99025468870587	1.58641257685829	0.888740446646764	1.11201556783386	1.09092070749925	0.87681037823924	-0.233785838453414	0.735247332410032
-1.6541621131382	-0.0693911165221838	-0.0477514092942368	-0.139365223111028	-0.381570690976488	0.155062323865633	-0.129613204668252	-0.681025203241549	-0.431937841801459	-0.522028508458735	-0.814737548601173	-0.783735895184794	-1.17811863749795	-2.01722103555007	-1.46759343803317	0.677733434854048	0.0637914540920736	-0.972157039126945	0.599477209985866	-0.0669435005185252	0.382150422644163	0.269960071261563	-0.484330634917006	-0.0248576851350489	1.46592272898654	1.1264763626515	0.420901954361155	0.396396190500346	0.893527564494214	1.12464029914403	-0.380566470981631	1.31455867194973	-0.746492821627445	0.00354963819027279	-0.287048225254881	0.502548399493157	0.137680287407821	-0.0836875586629905	-1.23457903996215	-0.756279774921273	0.262522048613107	-0.177603333450616	-1.11176177933106	-0.641323045639613	-0.375015195435045	1.6150476169521	1.83077734586583	1.15250291124946	1.609865783061	1.58213708756365	1.68536132379204	2.15394317252011	1.49918898801855	1.22375337825831	1.92824812255338	2.14022532258025	1.89774079342871	2.30220050365043	2.30220050365043	1.72166520119682	-0.337538094502069	-0.117363182182643	0.584947081874131	2.26198482371055	0.379961812566364	0.710059201722289	1.62492562194868	-0.840503630154261	1.23847248978658	0.574525562673586	0.365341834151707	1.48692758688263	0.0561218980906141	1.20313960516784	1.22392938806156	-0.0342918724683609	-0.627675474935574	-0.0220542849008892	0.469340905418261	-0.0292661969568758	-0.356685375492578	-0.0303844390447171	-0.322475299139898	-0.570516956636715	-0.262331894328334	-0.829336788401946	-0.588889800087285	-0.726000857133252	-0.187769012851404	-0.516673622968346
-0.646028206272428	-0.334860633942688	-0.542583265332055	0.675799737786539	0.837098881932606	1.08165365197194	0.225005650152264	0.0436443852100515	0.240973306463898	0.14780291587144	-0.301707727261482	-0.683711346021512	-0.706055539269271	-0.708237149982277	-0.640539098212028	-0.914010642370379	-1.64603765683852	-1.07899046944547	-0.186040081065883	-1.88845307176766	-1.20325410666038	-0.63256777185364	-1.85813756985078	-1.23972437330122	-0.579454540728457	-0.68568113928367	-1.09109848938556	-1.08905841113183	-0.84180527444959	-1.23209069511592	-0.402458034067688	-1.46417471649187	-1.05484767775828	-0.472687523256941	-1.0957342341934	-0.559899488400495	-0.700327652005715	-1.08084249574256	0.0711922599661404	-0.498568056142798	0.14236660158508	-0.976860345593614	0.533391118911823	-1.12603281622307	0.477695004657829	-0.481071973506877	-0.0359393575901836	0.35033053334784	0.0411833347451582	-0.714170842536831	-0.203331544107808	-0.404512185570797	-0.734188727197972	0.170569044871622	0.527257943398141	0.213466180562167	-0.0806720499637962	0.109953479355719	0.109953479355717	-0.38623148249814	1.10305005170056	-0.528251327942232	-0.713856062012272	-1.18104112060863	-0.219173781367378	-0.819481190534269	-0.019931188614388	0.791392370737775	0.577468322144072	-0.0184538887814039	-1.2097759190108	-1.28195682332771	1.20595724727967	-0.330847830589005	0.247423298354753	-1.06364762504076	-0.957448459828593	-0.599699644318624	0.0583727692195212	0.00400682806778937	0.195688228184994	-0.182007456396698	0.113210208376308	-1.23236394016467	-1.5217649091293	-1.68119574722205	-0.379734037263132	-0.512210549369543	0.0792136579162805	-0.121117036818996
0.544331964440042	0.751694397300747	0.835807665643742	0.280229054231447	0.768963072077088	1.63325070868398	1.42288567459185	1.14785484446561	0.867278671491832	1.33452496029181	0.433899295942941	0.755697536610976	0.377108198607847	-0.1071221069306	0.669843238997823	0.206691378299857	-0.105167068313311	-0.0332736853159924	1.23211866590532	-0.740943360360112	-0.0976019022874813	-0.332678608857786	-0.421943337951674	-1.1960465878294	0.88343024351499	1.34353072561682	0.618770836286173	0.642074116838236	0.339594911973782	0.625121886740791	0.581512270237926	-0.172273874503382	-0.510462194940996	-1.16399948238464	-0.768457058828685	-0.770716541963026	1.58136542474811	-1.73505891817502	-0.983919879583755	-0.689633586017743	-1.01898119939464	0.878593350463728	-2.00299228853776	0.25904659793726	0.289514540205051	-0.686029923619859	-0.99441309389483	0.228848325246093	-0.678260264845469	-0.826073630083296	-0.843529705106407	-0.625368663798187	-0.70458336696335	-1.25582371266377	-0.939813094994239	-1.15290393738361	-0.918004938654607	-0.941486398836157	-0.941486398836165	-0.303787671620723	0.315418870485975	1.2852383701399	0.527728679629897	0.234297518502219	0.0170444443817684	-0.0891162681182188	-0.0687663997149972	0.432818355379718	0.624486089395967	0.501105264927909	0.962674581289759	0.741140642276215	-0.301792734254278	0.682330938488215	0.183131169231002	-0.643532800427638	-1.15500606347515	-1.93709374983153	-0.132471642142036	0.618707751687842	-0.0858856348578825	-0.581589750152168	0.21547919507623	0.234072914033469	0.202449390010089	0.161320564668672	-0.419016443804376	-0.802890792226089	0.195610242038861	-0.912572967167016
4.09854215854968	3.59893154825886	2.90326381501851	1.92062859116567	1.93618866639943	1.4280681374514	1.94955430663003	2.43467420114691	2.73599551558604	2.60396040062887	1.45767524142792	2.19740835121475	2.76728151522565	3.2443482637402	4.45864516836416	0.110415410279425	-0.31735720815637	0.587732053070265	1.92712449848021	1.21405046413803	2.05587450957621	1.66917487121157	0.608141654031521	1.52086461496376	-1.37532709034848	1.03755806753915	0.211605619069144	-0.615432250265852	0.0130988511604524	0.0915927963013353	-0.797859382886761	-0.642511138301198	0.174887629213091	0.37179089234917	0.456117119926411	-1.32330795713492	-0.0591685968203657	-0.68749689213722	0.343041333064002	-0.168126856349541	-1.46801655499008	-0.00870613159949219	-0.964930515473125	1.19724159789854	-0.320496025149037	1.2858039237525	2.13835764280529	1.27193138729096	1.24256156127207	1.3796541765169	1.62638766636603	1.60690890106803	1.97790414399646	2.28601093641887	1.02326319207705	1.74040195382435	2.13191735233206	1.70362297833992	1.70362297833992	1.90289009518173	0.518401651528909	-1.23743380020022	-1.74160721353998	-1.01262289371551	1.3668569237372	0.304519610585876	-0.935208050304738	-0.905844024381196	-0.259985237176547	0.910244280191889	-1.22226413832469	0.0576605982822121	-0.71726246091135	-1.09687213763633	-0.606616540105337	0.35994537004213	0.830053430905526	0.435097751845451	-0.521391716765216	-1.01558937506329	-0.566345454992017	-1.13877479524278	-0.513106043844842	0.0901306613383801	0.887488311383716	0.713181628936062	-0.388197065807989	0.279867991118237	0.149040197473956	0.183760742407278
0.00157658012964928	-0.355932301264545	-0.343372703521198	-1.51910078065822	-0.41346045100749	-0.279697933654652	-0.648997902639818	-0.660351397071854	-1.4169034329633	-0.854912477312025	-0.53080766992547	0.447400486995395	0.654324536556079	0.488984983709342	0.618476959404932	-0.602461022631738	0.0739109853069933	-1.82273427671922	-0.949980904508014	-0.383077725750167	-0.738401327209264	-1.20351498953339	-1.63475707142105	-1.64963401257747	-0.0482041057653432	0.19658742749382	-0.323654944560078	-0.863797565204499	0.0211784585150048	-0.732729701639499	-1.35217618216838	-0.512679649676656	-1.05813897269701	-1.43115901870979	-0.944766488929549	-1.37803611096012	-0.10734134707611	-1.35435298301314	-0.501308956298947	-0.175403162776623	-1.23770241240253	-0.821308808994917	-0.310932841271642	-0.332392476857798	-0.368773542870088	1.29817797293964	0.904129510624248	2.09940821284754	1.73801869674222	1.15150693084552	1.50993958291213	1.02084884190148	1.33072940249576	0.445446977252362	1.8485316412095	1.22285075084887	1.15981675156854	1.33106701744206	1.33106701744206	1.55061753225148	1.07271899790771	-0.485933869666835	1.36283617199887	0.641542542162557	1.1845964065669	3.23307458327671	1.45876878680687	0.116206275573364	0.820902743516608	0.882080597458685	0.375737203485554	1.426176248479	1.44190264483583	0.326082681329649	1.20621255632626	-2.30386433020792	-1.59000881603622	-1.37472987468842	-1.91030843234821	-1.1963913893455	-0.135281520996076	-0.312468064799784	0.294738468700127	0.0140141376139999	-2.16224775478236	-1.92981229684703	-0.0228933170962669	-0.42383349272804	-1.68453497110568	-1.16488273759978
-0.00446824020595937	-1.06664056298863	-0.611931334639855	0.15866307621753	-0.482861427585623	-0.0457829927509118	0.0158626120490233	0.117398511728338	0.128034085880544	-0.17990073759265	-0.42266175022598	-0.809643455645048	-1.14951702833139	-0.536966936676142	-0.970990796124813	1.00060751438816	0.22472343005583	0.264244789373318	1.09588806893597	-0.025000664188894	0.169635201733642	0.472869018305634	0.307796873394835	0.294913105532863	1.05819775283059	0.854561191205867	0.585448456263926	1.283770710921	0.643933360616035	1.66834514304674	0.406270617675852	0.0354286185662526	-0.398005790739342	0.697352981804751	0.701496579002536	-0.444506408319635	0.960720035114686	0.0158541600230144	1.17315164644878	0.688961514764031	-0.533598901446395	0.624749415353911	0.823862953494646	0.0302722107195207	0.724087072495833	0.288486387881192	-0.177075955492809	0.283203297221595	0.331201546065183	-0.506239151499198	0.280637781545168	-0.0396876881645131	0.0351764043955627	-0.365132345880052	-0.265025522985506	0.762073835353487	0.308776936253467	0.0655360431588365	0.065536043158837	0.133056659673148	-0.670612119639788	-0.714914141254366	-0.459842129043054	-0.333207364147298	-0.931442297899477	-0.93127566729259	-1.01189665327887	-0.00670214042115679	-1.12806022063137	-1.00614234508631	-0.984006190067649	-0.829862954820096	-1.29432064545452	-0.133574690051742	-0.662254940297562	-0.363190449023527	-0.132001144003323	-1.096063874092	-0.127678843710268	0.0771016728409022	-0.0724251673314031	-0.169888462742563	-0.116349904972346	-0.518147198258568	-0.450762353929211	-0.121247366536697	-1.49398829882826	-1.22515431442674	-0.0369841796609062	0.432075342451404
-1.70253384928848	-1.35955189641792	-1.78174729000648	-1.92120023149269	-2.31691289286703	-2.01229253130446	-1.7649065957056	-2.08603713367456	-1.68309589488517	-2.04671990227297	-1.80224014361367	-1.75976667673504	-1.54585336177993	-1.54385189006448	-1.76398659049853	0.759972961824761	0.435216374414513	-0.917019618993695	-0.362749949348668	-0.154829759500117	0.209913487694185	-0.535514191009888	-0.107285776626952	0.114014101922352	1.11754182345375	-0.385768677542757	1.10661772289378	1.08151327532993	1.16389774141655	1.01433241402311	0.904677870999289	0.41786345997777	0.0111802099647986	1.52673929819093	0.222353211814497	1.04683869907217	1.14459608763519	-0.165266921737481	1.34678780897091	1.20352767702867	-1.05016594084262	1.95249174534745	-0.195060967681202	-0.0552995603727388	-0.176037305681613	0.124820641757549	0.487000550332093	0.872847329936055	0.352478528628125	0.113659759390101	0.332041936169686	-0.0956229238575738	0.787414319731881	0.909867128642013	0.32656482571179	0.0608122948182333	0.470265150526605	0.15258301867235	0.152583018672357	0.56545052628245	-1.21487524462098	-0.916202255131018	-0.130421408317015	-0.360417895225921	0.218195981467341	-0.105552493428268	-0.562392460657149	-1.08799387980419	-0.468739576850025	0.0797123864667733	-0.468805050974587	0.0474829200407856	-1.2068594653326	-0.303559285161743	-0.524483372907376	-1.33871510761413	-1.25606426239499	-2.9636959958359	-1.96510300105992	-1.68209792893344	-0.41306408050551	-0.630755338091938	-1.5903456362696	-1.88243859603849	-0.467209955018089	-1.02239790862081	-2.11860950537651	-1.73808398578526	-1.88257828815387	-0.568421034394933
0.295445878331269	-0.153948817311319	0.111053436869192	0.355401643321243	0.0572966485974869	0.764661263665492	0.737159915064141	0.408982728229852	0.188229698588192	-0.263485183762694	-0.305834271517117	-0.551684080865298	-0.436786287382318	-0.71493221569383	-0.360663533139894	0.786585472649927	1.07624997081031	1.06457673800413	0.983602094557543	1.480763923607	1.01559835405553	0.841398822742498	1.14736855984911	0.522794320339648	-0.0755563980376231	1.2283983105287	1.06208277642325	-0.93584649161439	0.458778916391513	0.0647289536430706	-0.500614819126582	-0.654034040945456	-1.55213663872371	0.399299534091542	0.00204931680546111	1.58488642091777	-1.35661793397143	0.96089030354773	0.908382505120822	0.660686015535324	0.572066427298365	0.0411315129471239	-0.453128669091638	-1.45957443353074	-0.856875489312181	1.6625409610664	1.45900329562718	1.207795285183	1.39568251350377	1.00565182198975	0.954204177241454	1.29743232854193	1.59695716916556	0.957921096660556	1.17557707083441	0.77962399921206	1.44588854902799	1.15437556513904	1.15437556513905	1.56300551874752	-0.0326174783390117	1.30168475652809	0.564257664826783	-0.599308769136962	-0.378425266284498	0.390444151781945	-1.66787715293987	0.194790942313337	0.534452698505266	-1.44667206918418	-0.681494175871776	-0.658537068700789	-1.43819955862994	0.570313668529925	0.760528588877131	-1.14731868872361	-0.510433592598383	0.277169727527595	1.36803067662079	1.12645765982152	0.590393871335252	0.82400733460912	-0.418247403421571	-0.108796700034158	-0.0719382653715828	-0.258481781120002	-0.176926293994909	0.162547906163273	1.01628028964716	-0.919350405475548
-0.239643805053092	0.0713934589784141	-0.424200621182841	0.0880027235756635	0.763813374315813	0.471164312680507	0.0669031885759739	0.122392330640091	-0.882635528101349	-0.653356432267812	0.374339868838778	1.38816877854105	1.32978559673185	1.29083244635466	0.285259715671125	-1.93147167768709	-0.257898700943247	-2.63876108664219	-2.03081495312584	-2.56859316767365	-2.4734354917922	-1.71180509432464	-1.81381812003935	-2.29701503687188	-1.33488728028886	-2.29906095642624	-1.46459332956288	-0.115195269358342	-0.985513031680835	-0.902963259096793	-0.742401587566079	-1.429319514118	-0.25420605798572	-0.975704820065251	0.0347417463415938	-1.81413167548217	-0.227098473122776	-0.505656352224319	-1.00893941898606	-1.47594757644804	0.772115162853816	-1.7830959012028	1.07339992796484	-0.333205037740571	1.8666053647668	1.07469002474758	1.21861271737097	1.09781580655383	2.31220383573467	1.41925716172468	1.38346799617025	0.38411064411966	0.983952875401119	1.44106637521708	1.30299261072337	1.01793983961699	1.13305009268353	1.09101836934372	1.09101836934372	1.33922280639271	0.962147248313608	-0.152032674307632	0.320612047144992	0.484810958222731	0.80968648246076	0.210835817623549	0.872525811412662	1.31961768408733	0.346342982353731	1.78149492909167	0.394545853767901	-0.17618270402154	0.389475287199022	0.966607735257798	0.377842116371001	0.362401017338498	-0.313038816085101	-0.556305004766103	-0.52643438358315	0.0128840613728614	0.419899160309328	-0.37061275224896	-0.438748271856	-0.61845618484497	0.0643453819919785	-0.667505475929386	0.459840682855177	0.662913209545604	0.144247155307783	-0.691770903504145
1.04400419562276	0.698918984709107	0.442253461491353	0.407996976312594	0.329595917416138	0.330340918847954	-0.157182328025884	0.11049542533971	0.426114617287091	0.831016645383462	0.952517122554815	1.10754170530962	1.10167102187282	1.44189872345915	1.3758904643181	0.441601466408816	0.220720790389196	0.660053226372488	0.383550860089423	-0.32455905620113	-0.314742254765843	0.897846765546724	0.49349510034597	0.794064577843451	0.153435571156502	-0.71965773724993	-0.348680605570699	0.243479812411604	-0.927024548973543	0.892248986150298	1.48456972310515	-0.655684892498565	1.31576183804437	0.33416092620701	0.316216380244416	1.90325662989868	0.487529873871855	0.0659598387993534	0.481024830654941	0.809535114628179	1.0372341506978	1.55656990245272	-0.185437850672075	0.978635363607434	0.33071311285226	-0.588509490140999	-0.742370521770706	-1.22397105703269	-0.546377728209385	-0.319576816038448	-0.698806869257569	-0.36110641453669	-0.618614175122224	-0.409652293595943	-0.57373716530049	-0.356885433599558	-0.20101628810646	-0.529382622906804	-0.529382622906801	-0.633411630219352	0.175065327054126	0.143208912876964	-0.916327072338485	-1.30374357042962	-2.26605854759602	-1.28180803293235	-0.0810883917809729	0.0596437577547995	-0.363672587709737	-0.41374201929509	-1.05478184776729	-1.40658635709203	-1.6301252165737	0.187876951658778	-0.722832869613113	0.989135368670217	-0.565749461919616	-0.772642841408473	-0.0680963563783883	0.532949272960242	0.516273465041133	0.834244888816953	-0.104797950187879	0.380781779845431	2.53924528816396	2.28064863234534	0.468022383916045	0.436688517629537	-0.276810941744285	0.668644876727592
0.591041117519453	0.875796996501197	1.2629069687196	0.852230317235974	0.845451895061863	1.30475465865286	1.96909050399916	1.95327186773752	2.07828987784484	2.26133639958294	1.868611090441	1.76565628435848	1.68184483784336	0.753417885856945	0.533225676761991	1.30830100828869	0.554242944531885	0.984480012176176	0.306322401751467	1.01297240526798	0.994989334787792	0.447545652896593	1.19996870572169	1.32406431767309	1.45118377598123	0.17504868056531	0.931223401901599	1.00315880825642	0.610911614839739	0.905835515198156	-1.19000709633573	-0.0859011159192436	-1.07465248426175	0.272832395257923	-1.13432759454489	1.1094438636911	-0.551593816645069	-0.0502366689848279	0.675580845856726	1.19453128451923	-0.167839632390726	-1.31394171868132	-0.211235215495308	-0.79460295081963	-0.741445163702891	0.994195336757744	0.274313332665626	-0.366112076239208	0.123871401171559	0.845893581471997	0.0361064724307672	0.667765271822916	1.0003261804148	1.38399710342009	0.567289300466489	0.39589269966829	0.380730320924686	0.827581737459391	0.827581737459392	-0.072518615075537	0.283837645988827	0.395161494858053	0.107918795652672	0.661778890563929	-0.965123552256319	0.19553122134792	0.98778447223408	-0.738681199842324	0.853537712585918	0.627607985812952	-0.0540533808362929	0.663851284610941	-0.698730691045774	0.150417839431601	-0.0130926576795003	-0.503588514565115	0.686095406006743	1.29345144904291	0.708259175728011	1.42060196619138	-0.0219426412054703	1.06544965048159	0.676886458198385	-0.57320225620833	0.375756537330744	0.400000744727118	-0.917918172076902	-0.569562519081201	0.352531060771476	-0.472361616486232
-0.9920283539984	-0.220292471626922	0.131508521622839	-0.549456723828827	-0.796139558114006	-0.83621775186965	-0.335448727590257	-0.160234324031487	-0.00248319534501843	0.282974469333162	-0.0858192644807352	-0.291531271991949	-0.37182782313644	-1.23117929488213	-1.11905885540667	0.639349993587569	0.136148036604364	-0.122243495221542	0.390896635912424	0.51060792251237	0.130603520836332	0.386184822002648	-0.0839975976629382	0.60566276001489	1.00627163984506	0.799683459644048	1.2758689252365	1.37360329550713	1.79477081757676	0.891864276324294	-0.7028006360968	1.00526642415392	-0.266852536188976	0.245001054414989	0.677173064641155	-0.11211253817514	-0.741072383118459	1.34710069560437	-0.182493814707462	0.0217477199612025	-0.0484222664525602	-0.792441099981248	-0.512957793510835	0.117998683491984	-1.02316295874149	1.21733315550375	1.21331026820044	0.870129580127749	1.22516682839982	1.47264867319022	1.15393405221573	1.02285120293963	1.43334361854509	1.55519594123733	1.52369126020557	1.08323680525339	1.32983934670232	1.28634039187762	1.28634039187762	1.60068794373949	-0.0860097369643261	-0.722355029098547	0.325242687572084	0.338411748379075	-0.144907872037551	0.915924041946619	0.724654886737214	-0.404123464536257	-0.167898971565302	-0.128150884378536	0.115066863929295	0.712926500934509	0.680184269388402	-0.197400589441763	0.570548085670443	1.31883776919238	0.775479346730625	0.365332700885655	-0.392760240122109	1.7101196530015	1.00661899308977	0.939793098859472	0.224738327021041	1.66101052794964	1.51526254612195	1.47896355516783	-1.33971201837108	-0.394297452936943	0.581988247390492	-0.0947772999242403
-0.123136740941226	-0.156308077323979	-0.605496833391774	-1.28449524803108	-0.678866336597891	-0.920618373139714	0.313624418493324	0.132249803939519	-0.201410963412011	-0.458518900325473	-0.809941584078335	-0.607366472984336	-0.377239898719305	0.0973196713627794	0.110787669723995	1.51460686809073	0.752842957749389	1.10827623135901	0.655793644433819	0.753405950010475	0.35267505101688	1.09385367416494	0.87267421598506	1.32947008219522	1.19939468235462	0.150611904033475	0.84057164649141	0.988306300607654	0.882009172548687	1.45711341441251	-0.690845379176674	1.38651886702161	1.58995332431543	0.955962236049985	0.619732393032138	0.586326998839909	-0.199364215306977	-0.282741849424009	-0.277922207025517	0.251258565857074	-0.447382202724556	-0.109142752311404	0.328809945397784	0.841314815118656	1.02006866935681	-0.243670085517939	0.0958831808183168	0.862314028554492	0.350349629456759	0.0701187171609202	0.370771440469607	0.423954258930952	0.302374057554325	-0.467766249083663	0.833622975677141	1.18772588067281	1.10249028909907	0.68137293434621	0.681372934346213	0.626687504360369	-0.0351670741847963	0.102976137910596	0.930549635143076	1.37835196340631	0.0304497175176454	0.107141329491511	0.805884968664875	0.788072031725807	0.775521335544718	-0.376448183234233	1.31648624148277	-1.39455468790036	1.5869493466378	1.23761575445811	1.94674766917045	0.581869897790697	0.189024977996768	-0.0196391417542525	-0.277453796953382	-0.68445985749976	0.855730456816591	0.779815407380916	0.686869594406122	-0.684810629202447	0.914019655795048	0.398311165362822	-0.951335518269806	-1.07108109558269	-0.599370953399763	-1.01790494954282
0.841593904423014	0.221734593979493	0.145587661341046	0.536076518450034	0.830192720479894	0.964312243310207	1.44171737671544	1.47519291317969	1.65018655996121	2.02112431656301	0.629627834192452	0.747397631263417	1.08259682720346	0.852466832315663	1.45559517010986	-0.463616238817245	-0.196937954383181	0.333224942285356	-0.25590142076231	0.95780889149681	0.291931465677726	-0.0889328140738262	0.0485084977510884	-0.0187803372194557	-0.591675559544836	0.424038156174959	-0.904005167503806	-1.18752270784416	-0.888722993038024	-1.08078412490347	-0.813519011768281	-1.09238661280278	-0.822682807773762	1.11508094614262	-0.203035158855815	0.208450848229261	-0.43268677379402	-0.695518711472214	0.260824194107559	-0.426732884185564	0.362344727378976	-0.580892898346974	-0.269267761975972	-0.873184673193095	-1.20496742884725	-0.311174989592075	-0.389057257910559	-0.490208524773916	-0.219751905903091	-0.255936366701105	-0.480492071334551	-0.409716733469403	-0.735499422631824	-0.372315138731082	-0.554623108157933	-0.0822539082445799	0.00643409990750966	-0.268993529796809	-0.268993529796811	-0.197467278884381	-1.31551870180369	-1.40118776832154	-1.252590334329	-0.524509878272173	-1.01196511691427	-1.05556212742794	-0.07499319882008	-1.11812641026741	-0.288081928155385	-1.00528313298152	-1.12507758633189	-0.768855254529812	-0.618885444994282	-0.656047794699865	-0.638866394773802	-0.319861940847218	0.876395148848877	1.37731971024503	2.0202259723291	-0.250104146693783	-1.62083646056642	-0.117941122769835	-1.65320254822142	-1.02641720121814	-0.606534889010312	-0.447060694435122	-1.08253759809817	-0.943796742478943	0.134401633384048	-0.0737377734409649
0.823437911616019	-0.345049858812836	-0.694870509463061	-0.386626021359236	-0.366637788255502	-0.574709809065659	-0.473034101911451	-0.191040831788401	-0.0198010906453304	0.394045384453991	0.577213028148747	0.699205670866143	0.830400309618249	1.57455367128949	1.18008414926178	1.47537840754672	-0.792823950762885	0.0219967524117177	-0.294802463036715	-0.196418077403232	-0.420762646109265	-0.61813140692858	-0.330473138308353	0.518709264857719	1.28794464975452	-0.713275548150148	-0.074475461616798	-0.0876219136502593	0.170455311597023	1.32690823604403	1.36142772607934	1.45420868119259	1.62007319978262	0.338163370325552	1.52269028077642	0.676812341717563	-0.0558351519472342	2.00538854169829	1.22525097719739	1.26918388724202	-0.968412692012823	2.3384836291474	0.0493919486334674	1.32910076965295	-0.142610850503247	1.75419955249263	1.91696967797674	3.30612406989594	2.35760746167899	2.12052134761371	3.0048275981764	1.95805502731592	1.55201937159455	1.46822816485057	2.19563085141122	2.9171363037547	1.97117662712233	2.3823911747124	2.3823911747124	1.96545221120167	-2.50900893131505	0.0208959140393401	-0.183820404923453	0.00762552552797518	0.03044188979075	-0.858309405269606	-1.73742717372456	-1.95599355059339	-1.2947793843146	-1.860733926999	-0.0756461631534427	0.259017921338484	-1.09083011298318	-1.25670450664232	-0.68146020887718	0.0424691509547916	-1.71067522102583	-0.0388801506416533	1.38191119897799	1.31540231833169	1.13447039928555	1.61657212828359	0.769775077091392	-0.0554068526238515	-0.425164135004293	-0.753249592036028	0.955503516511777	-0.479979896901513	-0.25301700142938	0.154791117805785
0.419567420579692	1.12989771575862	0.940472377026303	1.15285095233622	0.934749891329727	1.2013960871897	0.927381847759279	0.774649205976747	0.970896946593115	0.596897769520825	0.344922884493234	0.260856277648498	-0.117655346322924	-0.152186381600328	0.0369714196147985	-0.25924577377173	-0.388415368457863	-0.346339315219067	0.231050431989337	-0.410520854495405	0.321975892610213	0.439789208157556	-0.344835023473132	-0.0927093965845194	-0.282431684859948	0.467966919395879	-0.136945007542159	-0.395925256118261	0.556999720822074	-0.539428917784522	2.13671735779007	-0.837734379197779	-0.536763605045371	-1.15237351550344	-1.04843681311959	0.871553398485067	1.74654457903024	0.0854538537369829	0.771528060467975	1.36434623487125	-0.28496537066418	0.487332376879451	-0.296315134540935	-0.273091409038781	0.191608868313547	0.691065457607443	0.655034054630006	-0.760406097505204	0.429210612766792	0.129801361164346	0.0573933800279385	0.795419827009405	0.173724951577629	0.618767055234209	0.590893545808721	0.516899146568728	0.566868109027824	0.515508683009791	0.515508683009788	0.223048081311657	1.09814095008282	-0.242179223271287	0.290291320662553	0.209774327079897	-0.694308270377607	1.57146327042488	0.757434584521281	-0.444256795292182	0.861287762331014	0.328771635202763	0.142109742639766	-0.402905844908615	-0.0746249037835554	0.454417812677646	1.28987376156551	0.0774094889877557	-0.696864029680064	0.807081861968656	1.94920929188918	0.697576800913344	0.866255240522814	0.0795559781944396	0.918680147019181	0.446388136220179	1.25561342675094	1.01197143384437	1.15082663368938	1.45523431043008	2.31357012548426	0.495895926485699
1.92691533922471	2.29695512232325	1.92116516228134	1.76867144599316	1.15240722656346	-0.0310494543676451	2.10131637551521	2.18196379842992	1.79267392495114	0.963914866688551	0.460785321685035	1.16096353316332	0.885033473634493	1.63819866115687	1.49144449927371	0.816755990473285	-0.453994303631556	-0.462639219265084	1.47654040532602	-0.669753388521436	0.60680500676687	0.206649371626644	0.136269328941803	0.317635461715951	1.17192181361357	-0.27289780050803	0.832519595805971	0.0510015080505874	0.302883999903332	1.11215847834474	0.393165591171421	-0.304190205398613	-0.0371171245553389	-1.29042039730603	-0.754068462092956	-0.964533641593902	0.23286509914238	-0.56678450618141	-1.09065521570544	-1.24317374781002	0.470267775828989	-0.276507999603377	0.25955650190537	-0.372402916849463	0.706298971075539	0.565493605022453	1.16652607252932	1.25602326523957	1.59021593185503	1.29409220190702	0.837547517052655	0.702590788190672	-0.255255575461889	0.278919896503786	1.44966849903427	0.562906192231053	0.716001999533522	1.09790443267115	1.09790443267114	1.05464479847939	-0.877812607687527	-0.34706686520858	-0.0846015040119643	-0.684609442095969	-0.471183023410921	-0.377079956476684	0.509545034106123	-2.02094754980867	-0.773016489023177	0.0499775993396789	-1.50352958486872	0.0867313324328623	-0.436173234946742	-0.588758633874538	-0.35848416897706	-0.584533038261575	-0.724800867977833	-1.00736397739945	0.474074300024612	-1.38811168922847	-1.11788362144889	-0.930628648676994	-0.443466764741862	0.83868143285718	-1.058697648942	-1.31251283744882	-0.424031854859586	-0.43470357531592	0.0320073145283974	-2.08166243323981
-0.0149050602786592	-0.67164699175773	-0.440851925379631	0.684475633234481	0.769622851434847	0.568962718273164	1.03106954847984	0.687810602412158	-0.0935689278952067	-0.320535958364619	-0.520271302503862	-0.371307313382389	-0.0015255781100869	-0.0629642200031869	-0.476133438240121	1.63653755050897	1.89004378305075	2.09589261334821	0.310738957249028	0.807363729614888	0.690765362120008	0.163147972131032	2.18587672081573	0.564000053879171	2.05589008633055	0.441315284106665	1.4370533515893	1.84938798585628	0.374923300274075	1.59876306303441	-0.783551021150974	0.441298043501458	1.86116542486294	0.493877296931961	2.01492631329707	-1.6594169665444	-0.857313420778117	0.634825948762598	-0.975106743925437	-0.948406975619704	-0.889948033841037	-0.425973806278996	-0.313813457080832	2.391178444971	0.683256144863865	-0.698008696545025	-0.0294609809958581	-0.578115946371352	-0.420763313157899	-0.447713167166197	-0.183187601688159	-0.576426371902195	-0.247436624015545	0.0733388265343127	-0.64524636904115	-0.327668735780442	-0.777495142872203	-0.162207515594389	-0.162207515594391	-0.67474788380619	-0.389248123394711	-0.665269866149693	-0.680187694802831	-0.622420650474906	0.701945108621503	-0.581009023875827	0.565121673271294	-0.326413578013823	0.168547112797544	0.611486237958944	-0.355633373021739	0.147703648997002	0.744102781482903	-0.463762896399516	-0.0320219839955929	-1.75807301326171	-0.534950193159219	-0.544460738950284	0.619352745782602	-1.26630622807768	-1.50982723188088	-1.04550623130584	-0.562448719244938	0.839551524412769	-1.72088805526316	-1.03878964412852	1.35918429111428	1.03207771808652	-0.028610805833795	-0.953389494746809
0.770115850430284	-0.406520616107591	-0.212021364008839	-1.2996987011761	-0.408276693977396	-0.0321798715609388	0.668645691342617	0.478945361010468	-0.412732852095206	-0.470508685142597	-0.55794158972897	0.0693799600585612	0.458464137827619	0.514785104116223	0.894725686164479	-1.89518500072816	-0.955855685757875	-1.96523546807667	-1.82472025902748	-1.47432054594159	-2.25241046593451	-2.45390097954972	-2.03793372469732	-3.14807798837817	-1.08759641007205	-0.329951410502832	-1.53378547341488	-1.87353392449596	-0.413872198494845	-1.8228534748948	-0.544032093340142	0.617811036233791	-0.102071177987969	1.35063102964789	1.43024608892419	1.69545969516264	-1.83423001210214	0.0265508091408487	-0.0855185247491115	-0.134811165147154	0.648263158908027	0.17700790232744	-2.35941600070165	0.246689615819903	-2.38851770372217	1.17877126413524	0.526223040223957	1.57592396643287	0.4822689714062	1.38206398101465	1.16996796874978	1.10051821733355	0.133007265411904	0.278238916362742	0.618059162933438	1.04748149684713	0.949865952735628	0.718089749770343	0.718089749770347	0.567420587362513	-0.861495857169345	-0.924560879260198	-0.94353473432628	-1.13191509557635	-0.326744205548394	-0.348593352087225	-1.29158505847057	-1.8637514521968	-1.19297975775886	-0.699986234513226	-0.919050289424636	-0.285504413810067	-0.828143908228139	-1.34743837690563	-0.655290166635906	-0.246787752464138	-0.256250722665204	-1.46611365112513	-0.564747531576592	-1.67529706807163	-0.414909249513654	-1.16111023822323	-0.172052359107965	1.02915485699034	-1.04061575059834	-0.334993155047492	-1.28689273751637	-1.09743854660446	-0.248357840302802	0.162893751130329
1.35557272060948	2.2928485791575	2.23961670099794	1.8513301679676	2.4187735155485	2.22794605857183	2.18881667058794	2.77250658726771	2.66891485370719	2.73864550026792	2.46850798258488	2.20840210527555	2.05129913983849	1.43564751526205	1.39338243161128	-0.190805545966947	0.369282906521226	-0.250821552229195	-0.919115660382222	0.509260170273985	-0.679800304824566	-1.77729754672675	-0.549376361005749	-1.66192838406602	0.468777545223558	0.42857939434819	-0.131811436291853	-0.679277610589387	-0.236414258583288	-0.582272923989385	-1.53443990922433	-1.97849858916453	0.252164560832703	0.47460937631512	1.36588616600332	0.201930800945732	-2.04218897084807	0.864048579727663	-0.338782351431675	-0.503698706194813	0.868956869314724	-0.449376948990923	-0.394321851924995	0.795945537927706	1.39252937402413	-0.385820090999015	0.0718581646380721	-1.40594913808685	-0.561929012190679	-0.444434448971191	-0.486258802903405	0.393035269655506	0.912050347863563	0.579898439127121	-1.12843505644627	-0.536546716716076	0.0192750642362936	-0.334564424369342	-0.334564424369341	0.0485529403990278	-0.356142636042984	0.441010062425843	-0.509657116127886	0.658736419660685	-0.759250314866545	-1.321554381872	0.423317315956158	-0.092323033363383	1.7270693000527	-0.566214351038887	-0.0197734757577954	-0.417770088273685	0.473823162567108	0.0203791869301879	-0.470715120875833	0.308451724167958	0.411947796832764	0.368897544917252	0.272282855528789	-0.117400779795023	0.513715093096803	-0.259978102568276	0.700856925712226	-0.844168448609478	-0.23037196856855	-0.151584854831803	-0.666661789012569	-0.130929540316381	0.945938157461176	1.35518278251408
1.38930773409012	1.22020814484652	1.25086049237023	1.69280462444762	2.21939413083889	1.79905776113749	1.50767111260576	1.4646047573324	0.875436922333376	1.00867022232753	1.64660031376798	1.4414050274038	1.5279523393814	1.6620033264977	0.706943275911823	1.17193485120419	0.780056593995158	0.632665347392419	1.5901926596962	-0.528923844785953	0.651642907009533	1.40024548579815	-1.32348346407328	-0.608122614177732	0.8262073156021	1.64710671137429	0.569441143274704	0.0795298206319782	1.1678682830102	1.00742555353747	0.907512415316101	1.33687210976639	2.06958790690603	0.973032186288039	1.17308259370744	0.22493722153635	0.280023528747742	1.08778924540384	-0.304752642958159	-0.21064491840988	0.32861572579434	-0.174460856809553	0.732935115572585	0.981724574978854	-0.367370885711852	-0.133297852565049	-0.828188480757429	-0.901477124883283	-0.220829811424332	-1.0356635303302	-0.813838384508341	-0.100899198785252	-0.427467435715871	-0.750446584041024	-0.131594451392701	-0.0535626174382916	-0.41335524015909	-0.202297667560226	-0.202297667560228	-0.90092032669016	-1.42701319346898	0.180812679592127	-0.201745984955294	-0.59009519966036	0.107698445822395	0.0841755628760374	-0.419656011793889	-1.76800039926512	-2.18636560039628	-0.174358114027792	-0.173953705473889	0.30982288473397	-1.76945250049109	-1.3416437645295	-0.686917020663762	-1.58803755969131	-0.63658973999116	-0.944347905835636	-0.665987944259205	-0.539444411588129	-0.793641328070172	-0.277598539392477	-0.849530332758825	-0.339902450792013	-1.0344473561739	-0.787157091458337	-1.32872990785073	-1.07272663373206	-0.941820009234387	-0.297047012612183
2.39713608036028	2.28296655287228	2.16165653982251	1.63036223888055	2.14275805031756	1.42870981563222	1.99310078782154	2.08615363039807	1.38434452154664	1.65553006239081	1.77948549577069	2.53929921003592	2.34748376344829	2.6055082341133	2.46074782323624	0.255547737948447	0.424243396843875	-0.334178657842315	-0.0895941312000528	0.163962213074287	-0.669690564061243	0.272206255099841	-0.116616629355254	0.0702273656673195	0.107360207179784	-0.116035103255634	0.63539366609697	-0.626838637178138	0.895285783362203	0.842764072898848	-0.444668316943155	-1.73148489987384	-0.0623381250404623	-1.68965087788701	-1.59706804075516	-0.765030982619782	-1.25342162786033	0.370358987028897	-0.450455050764466	-0.259709211120672	-0.81591847241465	-1.61870951931245	0.408501792221538	-0.6389853312697	1.18578867800119	0.420070770475885	0.247180708366303	0.304780970799665	0.732043725809059	0.0137719713591558	0.387030751482911	0.421709940363302	0.663923301974937	0.34005447931631	0.399550870067172	0.630197136453759	0.289540428080183	0.601309721340518	0.601309721340513	0.379606713842738	0.548605306034656	0.319743647642661	0.334180820130511	0.516843966797841	1.75684071185302	1.91705475938273	1.1194770247982	-1.22543022435914	0.694975028519789	1.89875720008431	0.588959911818716	2.54328503827865	-0.112842292375936	0.808613500632651	1.37224435651182	0.461115466890049	0.799356922697896	-0.898178881673632	-2.16223514566554	-1.96907583077369	-0.962248829338858	-0.111454924506759	-1.04855039984182	0.719246611961418	-0.626238388941308	0.0758075502337359	-0.939308882584533	-0.374437412359012	-1.92116644287351	1.78660697912638
1.27844913197601	1.58601528719495	1.08336123939433	0.740560089897232	0.486255576676992	0.284841985855596	1.1975367126467	0.977509676785845	1.08594141677047	0.866884946849332	1.38563388444661	1.84117286022127	1.84479078654145	1.99600352465126	1.62083904914275	0.365184121065082	-0.0635991219012966	-0.39575658290259	-1.13267282408061	-1.04014294159045	-1.53265979799259	-1.21154359787568	-1.83397931946321	-1.25809446904303	0.342395206563575	-1.44645986958533	-0.771821354010021	-0.427303631952034	-0.766443989774776	0.353078205206404	0.391052387178266	0.118673583897274	-0.0727772029004812	-0.829881276074504	-1.23818940984446	0.636488661357391	0.791510313421143	-0.359008296310214	-0.0830822077395238	0.778002910533581	-1.2756431286391	0.327797042606383	-1.718753287171	0.00985910011763653	-1.00850081394855	0.282394696385943	0.331426589382345	0.496569773574053	-0.209520865597224	0.00712301543335192	0.412105449941753	0.205163601478107	0.346788492005053	0.559201646483873	0.617297342802434	0.521710353579031	0.36715070258501	0.265745881942628	0.265745881942636	0.0839696150755897	1.32994943233523	0.669714871753223	-0.19676482796579	-0.858204785301381	-2.14289281582697	0.0506071469066118	-0.365394870977093	1.42922526720394	-0.0115941441547195	-1.10608555046566	0.322131761863763	-1.74695948420605	-0.0822241197755059	-0.445128674756258	-0.146673231974655	-0.234327168435931	-0.358572582943618	1.52852246730221	1.84525567683029	0.358273192533414	-0.125480483319469	0.120138765718747	-0.159499095692421	0.474416225007172	-0.841547244424602	-1.02101754089601	0.215612273701265	0.440817579134243	1.17390723209321	-0.196311066511232
0.150513144023502	1.4212740481161	1.42044474992634	0.402291366622978	0.321099431220058	0.645302398748247	1.13194701615303	1.60389199643936	1.79769171074298	1.90587761978572	1.39449086672874	1.43534913746645	0.902648578473625	0.333855389656086	0.106783791315228	-0.0373148458583784	-0.426544914490747	-0.512819244866821	-0.123765834745232	0.676325655976739	-0.874324250301224	-0.455936416374504	-0.95708175769366	-0.0489180134797703	-0.328303278555435	-0.0862035936556866	0.817941954621492	-0.490737118719179	0.916900146091222	-0.0831823197345219	-0.326122166097948	0.705178038875712	0.491206261713888	-1.07548796439355	0.641535651995742	0.808121409480958	-0.810983601396825	-0.440255639961585	-1.13272194092437	-0.168056671872407	0.165889895548174	-0.355388564785985	-0.041543448426937	-0.437268628469189	-0.591397210011114	0.126092591794902	0.812258617527237	0.921395645531256	0.291225434927037	0.346845110824896	0.78622359504541	0.320813695380569	0.28954895076556	0.941497993998748	0.708418657883756	0.640430589529974	0.312711719977276	0.679852164412667	0.679852164412667	0.344273674547953	0.334740090232471	-2.00577924169643	-0.582332615055022	-1.38676916472551	0.395237689146956	0.0590601523891435	-0.292429418610171	-0.161800139813107	-0.955735512356701	0.565507817301558	-1.80082096403546	-0.0258409835914707	0.253567702104215	-1.27689681269908	-0.834210853088072	2.22731923019351	-0.827642213443745	-1.91491412455258	0.548851284248767	-0.430878071212624	-0.112203352950877	0.265470978057083	0.328990120675154	1.78762118170498	1.13029132521207	1.86694624488622	-0.424434112448787	-1.41629031846542	-0.601960033157641	2.78267486944827
0.491265850499469	-0.294561242149604	0.163602219671466	-0.300863870905467	0.295275492573576	0.764547961972228	-0.12073411842818	-0.000114441094072057	0.250569407853243	0.625907071577179	0.903601465542518	0.303489002460058	0.458686666825405	0.543101522632988	0.514161841417265	0.0900393198044774	0.591688823713358	-0.788559311915018	0.419802979082158	0.102194796527746	0.751691220397236	0.320789139787251	0.296155294894012	0.103596094182006	0.301585261669912	0.358890233809657	0.852719768916731	0.220122046496824	0.897525878328799	0.255740562477465	-0.0522882140163346	0.491153107871374	0.189402085712161	1.16841572438681	-0.406969255628632	0.461017701007716	0.251662968673238	-0.578182950376414	0.0576112073976984	-0.00216374761875109	0.479050021123362	-0.225403121799339	0.475293672339182	0.121825525379976	-0.4790557212572	0.58011185141888	0.321310934466756	0.57530176880717	0.252487184316429	0.308234166366439	0.19282173415948	0.46185341747807	-0.106501710520737	0.196110168599921	0.543895889752396	0.129393809793989	0.19296755413633	0.473988310385065	0.473988310385066	0.0758840413577229	-0.122345411644555	-1.58723825186488	-1.20261395053708	-2.39776353251136	-1.18698535924553	-1.78096752498999	-0.824458528446037	0.339139859381116	-0.575759411221378	-0.848649260228685	-1.48872692283622	-2.02293178723987	0.792639391919265	-1.34446250287453	-1.09179673008783	0.387188665579118	-0.366155432708466	-0.0441291753937913	1.19795976984434	1.35189782139475	1.31471745217751	0.642723854038409	0.864496309968721	-0.10124890195445	0.300750129412475	0.757697058591362	-1.22146687503845	-1.39041213498781	0.826465856418842	1.75567189367318
-0.810106991566138	0.443861098979753	1.38814071138608	1.20333166845173	0.646376815256296	0.124459709707911	0.155966174716577	-0.258851778021979	-0.0158385789099963	0.258105650348169	0.241162073477467	0.371557225537668	-0.200279546470854	-0.994770087168044	-1.12980253020351	-0.505588793790343	-1.16828474356584	0.571089720848869	-0.449166185978712	-1.26634579164457	-1.51474920995373	-0.749770458668748	-0.862839121259011	-0.698178508754722	-0.470054918305406	-1.09949660342183	-0.648782333699377	-0.156434486287356	-0.884421348071588	-0.498962805727346	-1.29962517891415	1.20321697924014	-0.107296817340865	0.0241233049509525	0.912117594984967	-1.1601172494088	-0.286927497384611	-0.00894696758091439	-0.57956146332372	-0.462147892256244	-1.12312226005436	-0.661147781965398	0.391024969634704	-0.411283951250799	-0.270993265519726	-2.04971665068697	-2.03294174354262	-2.12281379547929	-2.31062370645081	-2.02430220539298	-1.85994021667052	-1.81360114903802	-1.51426858685419	-2.24355840475649	-1.89341752972417	-1.46158080690129	-1.96758822002336	-1.85488860416165	-1.85488860416165	-1.67649899588563	0.0756921443707066	0.249372941394908	1.13327982605648	0.0451370042448	-1.02134052417531	0.577700672856762	0.46653443245927	0.498667941031536	0.908469349982214	-0.597063026171785	-0.432971960352531	0.326218119198882	0.213776067256291	0.320042530202644	-0.105485862552124	1.30430352038799	2.10584899505379	1.34051417587521	0.0576556775910979	0.675158772885517	0.275647250177287	-0.740649811904034	0.392914942226885	1.62199465030356	-1.0818570844908	0.0807301507103628	1.76634819133634	1.95645288366778	1.33322078020763	2.40826265260511
0.0950242649430115	0.303102869341862	-0.012016498947963	-0.601252649424639	-0.819354390769508	-0.17954926560727	-0.694077414733657	-0.204261899852326	0.591584777095911	0.419435500801185	0.217007312012889	0.207490455190456	0.278596414291215	0.177005523825898	0.696317130526056	-0.325989416822381	-0.435738883412445	0.378424388665424	-0.736194345238145	-1.35253136820519	-1.0320202486969	-0.932638880443211	-0.883800527692711	-1.29100803501227	-0.311128511805691	-0.641251167360319	-0.62295823497885	-0.14274131567982	-0.43066027910268	-0.317195707550807	0.522493155435157	-0.716716985917518	0.469975736615525	-0.0515298639384968	0.157280773446653	0.421603782114121	-0.22718348891323	0.231384228682168	1.17496557653081	0.952257750132503	-0.0639335149752197	0.833616937693206	0.20479476051661	0.340295746688736	1.09049184501127	-1.01215035111938	-0.708039342275416	-1.62687372942783	-0.93481533070608	-1.03146135795209	-1.06923791499726	-0.848434115898847	-1.3339329760604	-0.760355965448687	-0.683501191464531	-1.26890340348041	-1.43284664459427	-1.00467738905371	-1.00467738905372	-1.09968671239745	-1.4560556530497	0.0609450770880906	0.0702098195864725	-0.247056428550038	-0.861421331492379	-1.28682460980194	-0.679957780339958	-0.895013615359062	-0.178159562477513	-0.854661216096704	-0.985482175765263	-0.316845081870824	-1.21919487016493	-0.119265656272877	-1.19348290877364	0.375306800988639	0.441489225529925	-0.318760132773211	-0.903159799601075	-1.20087853706438	-0.990769056311783	-0.203404987547044	-0.887429715191623	0.96708026374732	-0.952416102795147	-0.553231627663678	0.06343365879426	-0.196062111103	-1.36480583739147	0.100196482207721
-0.113089830182914	-0.642231092492808	-0.887046860579888	-0.401816422226091	0.184520122189739	0.310308010276513	-0.0330161842718705	0.360072538515692	0.253154710499004	-0.465875008232256	-0.0977638965291599	-0.542772939227159	-0.208953443618229	0.32629216285014	-0.133178947531415	1.42739600247649	1.33193028040109	0.803701882855057	1.77404264340483	1.50342461850677	1.25466820926854	1.59774599545942	1.21529742640005	1.33481827035387	1.79829822344443	1.89749800695404	1.7376023039742	1.94858907029619	1.55542187698633	1.66427507111253	-1.04548966944475	0.0435748937923411	-0.486128586295437	-0.494704709436974	-0.344087268402081	-0.641180052251078	-0.189168286453574	-0.300429972163802	-0.648424221073431	-0.440725103638664	-1.06269524566925	-0.618317537570492	-1.08274999281655	0.0507542699348099	0.227163433018438	0.710576125740361	-0.149122526493635	0.320372942117433	-0.24835904441729	0.781384563535002	0.407381934754568	0.515568299286254	0.314720050726528	-0.0323104149088625	-0.159910900052488	0.590312029277387	0.185585707665026	0.441488655175989	0.441488655175986	0.133451676961274	-0.681327574906941	-1.08393894728689	-0.839428350933069	0.211079692449734	1.92912352169803	-0.680971556085639	0.51114512023865	-1.12684533136127	-0.254464707796283	1.39847856979708	-0.644691001675847	0.584694107784326	0.432382545251488	-0.731410553835037	-0.358585730120015	0.658145535670744	-0.956249771525305	-1.10638629088397	-0.334192688810483	-0.296530236350061	-0.130478856271719	0.194269305860909	0.331811579048574	0.619205483231037	1.37224404172282	1.58033116039491	-0.103146540873896	-0.884223929896	-1.2269224114551	0.982174084833281
-1.76873112862666	-1.04661706201051	-0.518863511139347	-0.807630087689743	-1.55623785959716	-0.67736358665161	-2.11117605988971	-2.31597459667624	-1.15377262046883	-0.97088176655769	-0.705713416106708	-1.63801908001536	-2.05522812046194	-2.54172317685149	-1.86449797961067	-0.0694353441534366	-0.984401514751207	-0.845087196175867	-0.498587746645932	-1.03461191863701	-0.728379320660085	-0.219866362101078	-1.9179500178455	-0.299716624114288	-0.524242381227534	-0.510319964984982	-0.30447704527283	0.641555688410279	0.896792482132951	-0.0931718374556034	-0.12565271344223	1.05902918524952	0.653943847703766	0.371850180174673	1.37009876682819	-0.474025080609454	1.55503939195613	-0.0520299801311061	-0.145970118707244	0.223023529852775	0.5226307696455	0.60860057429609	-0.360886326044817	2.02624689049659	1.39570902799036	-1.02394733256702	-1.85870636099606	-1.52411429808622	-1.39324192548891	-1.33490029982892	-1.79815555139613	-1.23102800672958	-1.27323105184014	-1.63110219352594	-1.64648830044714	-1.6685823124397	-1.69969068347203	-1.46839682315181	-1.46839682315181	-1.66019860353175	0.293921103222122	0.384140634275497	-0.324535804500468	0.834892391687142	0.53947063250634	0.576288854963605	0.88004781481717	-0.261201087908287	-0.041443472503284	0.279773293147378	0.990821016211353	0.524731356821548	0.746533222520269	-0.637404482639241	0.548435400038261	0.563762246071457	0.348839428926538	-0.723371223121925	0.0542261263725257	-0.468446433969813	0.934619808677664	-0.0913455352867196	-0.243791983377795	1.26706327407912	-1.38695378591474	-0.832459583488558	-0.853441133707754	-0.420261810529822	0.4752649587269	0.382062544961685
0.410780256779796	0.169683513184774	0.492732309490253	0.366785537069823	-0.0522278157971964	0.425691423473836	-0.452039459701628	-0.157485172193041	1.16028044253728	1.81228950179281	2.05887229974132	1.09025519117526	1.27591805188054	0.775421113998778	0.750916320194842	-0.589028023577225	-0.924977091793221	0.397879696391758	1.2447754242813	-1.03709464143404	-0.435785471069048	0.659909377244112	-0.414957327711244	-0.513272399457179	-0.675513355530619	0.62354012533216	-0.434695770760104	-0.0820841176831862	0.167011569428386	-0.139753695676546	-0.190221133171673	-1.06914487080399	1.1227441865169	-1.12954260290249	-0.254147908221939	-1.67075741107196	0.316610274999393	-1.50214816821918	-1.49111186741049	-1.09717502506808	-3.46768973069929	0.239571046744863	-1.67400173959767	1.24051085467603	0.0286812528478329	1.06270587009072	0.245003081892833	0.936528925368318	0.568898088157238	-0.166063042348256	0.358810748300511	0.948403528473603	0.123723127565102	0.37600448442485	0.323491150137379	-0.137413222308137	0.137714595638987	0.0989906177982063	0.0989906177982157	-0.276588108177594	0.953757288318129	-0.48031625553144	-0.150982546520901	-1.6739447441497	0.726034954076013	0.909009917507893	-1.36589020531928	-0.497074034493509	-0.487597615850676	0.543652597355946	-0.88052852763949	-0.131120728067871	-0.268039258219778	-0.661536902356838	0.411947949236705	0.928855062972216	2.22207492360541	2.13736690500633	1.70878939592842	0.221391433368093	-1.14430853187534	-0.580853737917202	0.542535356821715	0.812701078654909	-0.979954745531269	-0.0192441746569406	1.71056173590453	2.00601722431144	1.8927941000084	1.79992274494984
0.228514645329242	-0.518665040858701	-0.303923302215832	-0.306001863151541	0.286098319836338	0.695260819207108	1.06283733456587	0.743615106501661	0.238874056439654	-0.327414486644477	-0.952239167812098	-0.678226397114727	-0.0952723889686863	-0.189505750184294	0.181015089970848	0.0447200608227043	-1.82941495595582	-0.579378797954913	0.298749748217368	-1.04842035471938	0.392023712209245	-0.081885362190296	-0.573662622706261	0.85057332720157	0.0250295210437289	-1.1140820764563	-0.350109415092747	0.352203695776184	-0.284497789073914	-0.0454475533027124	-1.26746757480932	-0.527599107942547	-0.638585052368729	1.09577090565117	0.469254934127865	-0.84047875531506	-2.10617008766846	-0.698402633497167	-0.484025406649124	-1.55532514512476	-0.572801305435401	-1.1547802985244	-0.240372873295847	-1.2943073196024	-1.12149022500396	0.6442966037968	0.68818312896034	-0.222604952984769	-0.0463565484253077	-0.0922559793147021	-0.0101549397156435	0.677612149310509	1.02406285559998	1.23544142383907	0.185086402816869	0.0330004450989365	0.528526641039543	0.0438198661195919	0.0438198661195988	0.0316929142258001	0.966624753197424	0.329844546255842	0.843848076660952	0.1408500883746	0.438627005487555	1.4582675644899	0.78405330810537	-0.409007727526363	0.638636110329983	0.673876924257894	0.0238599344420415	0.6445913322787	1.12100933663355	-0.387381950075953	0.702839811028671	-0.862404927227186	-1.44332874620389	-0.0707191144835355	-1.0934234595749	-0.744830413074227	-0.0111590218572728	-0.409324550237401	0.547920073605934	-0.386235894970825	0.277607873629179	-0.587536584804804	1.9717837430453	1.28790637252912	-0.566324184151896	-2.30702397281574
-0.281013742302049	-0.606050914234004	-0.560618615376274	-0.240725054901477	0.409742012844994	-0.0267349117717989	-0.0358253931623485	-0.238226442363885	-0.259105974282912	0.0768205461140524	-0.022026302846749	-0.364523738497994	-0.154017202117699	0.164647519142292	-0.238804228243991	0.269015307948137	2.20039388583113	2.80519985372387	0.70448901348798	1.3489245070817	1.33823482467903	1.05648142875856	2.38455698123217	0.286275779676032	0.00194148072595672	1.43611927177822	0.973042107484702	1.13492681551625	0.512806249149894	0.40000143311367	-0.301283136996154	0.298096495705566	0.3120518295644	0.859630015515617	1.23784873125294	0.324941482929879	-0.175018932491482	-0.108745342331929	0.115435333849682	0.0543368265410045	0.344576858163893	0.940159449028838	1.34405576395445	-0.396242783131315	-0.724195443150679	0.419974420943076	0.349759447481213	0.0343163311646348	0.519727806907232	0.181119515238086	0.2144622018192	0.115191942392203	0.93584221672528	0.890622901928081	0.331003683666288	-0.308697616066991	0.178261998474333	0.0636892481385435	0.0636892481385509	0.435994541171381	1.521921813519	-0.823202911338423	-0.435061389155924	-0.00444640013092084	1.65795736261097	0.925628540498148	0.0912581537441269	0.347046061481794	0.159021266920098	2.07196818530068	-0.313999505487522	0.580545366638923	-0.0943896683164526	0.447342527970805	0.627530401021957	-0.880191404911701	-1.62792165280588	-0.0340691853810897	1.44864521250417	-0.277327915982272	-0.748572193503145	-0.443491281659195	-1.94989161136362	-1.30838418597225	-0.394901741522149	-1.17965724859921	0.58460638953336	-0.339691256432839	-0.273356078929763	-1.40918149974436
-0.942639505027758	-1.03245517904363	-1.53649027980957	-1.14795587935516	-0.737644511332491	-1.23065321124866	-0.542956449896475	-0.721543507517468	-1.14676380897907	-0.809225063130386	-1.34841461642135	-1.04512286397231	-0.838008388246742	-0.478196401081346	-0.794436988080739	-0.942669437960771	-0.373548194994609	0.595255264993397	-0.44063406366918	0.656536960464917	-0.212333834654538	-0.0891250509358819	0.613557336153746	0.454669056825537	-1.00733024363278	-0.20371039477826	0.0155855405010643	0.133160158177352	-0.260080512301607	-1.21269971227144	0.326535875238164	-0.18155765203437	-1.02616238195605	-0.743184118960622	-0.379258704261544	0.985389939881831	-0.424111434908306	0.694353923819823	0.44888755572564	0.849358074706151	0.139404660039405	-0.609704419034963	0.218390001118841	-1.15421651219469	-0.633903069578538	-0.416653766125946	-0.765799994955831	-0.911169186863693	-0.702745387092509	-0.43432647548059	-0.884715651391424	-0.122882642190448	-0.618490978317739	-1.2698369754558	-0.830536567676927	-0.900076114121512	-0.702138097070279	-0.631646122315228	-0.631646122315226	-0.94411225687515	-1.61248998485992	-1.25051204914473	-0.196922748407289	-1.0237645734059	0.0230852114391351	-0.468152864877217	-0.753523066842912	-1.19538142046746	-0.341196487209445	-1.19680649537525	-1.66524360509957	-0.00886402460775327	-0.125582405237234	-0.740453142350676	-0.343351286382125	-1.61694885859189	-3.09864355008974	-1.01110016011295	0.486666140031033	-0.289045250053014	-0.549216520735324	-0.00921598976517126	-0.1908331390419	-1.18333350078603	-2.40563813072639	-2.93330044383541	-0.399771498434943	-1.99211300515716	-1.39731963309095	-1.35618973788752
0.428436809521098	0.691956669471887	0.253766218690939	0.793621990189532	0.588086321314811	0.0500272983450232	0.370970870241571	0.913317289376203	0.604959451777278	0.690478824007928	0.710038346334011	1.08100625354729	1.08092962931461	1.09863360801531	0.63886786875001	1.63256981107746	1.48632590429403	1.94142483946192	1.56677625941293	0.445386028243648	1.64349066133662	1.87351693806337	1.67942997909669	1.61789813836452	1.45231328709245	0.626980640126037	2.32472277033639	2.01168031967271	1.76250285805087	1.67595432809957	0.254650727838834	0.725564659578965	0.339022320471771	1.76725254835634	1.27469438029927	0.605361059154741	0.995603027780495	1.13072671338346	1.23589188379224	0.954776408106601	2.79197416667862	-0.545206443216112	1.13406715988549	1.22737012889795	0.411822796942238	0.150209810496214	-0.207266896216843	-0.765286932798062	-0.141189531962431	0.23397037327412	-0.256624051830765	-0.112235055776664	0.382689059643955	-0.258834954728607	-0.373362375297886	0.054970360323301	0.0894343120214722	0.0504088478398498	0.050408847839846	0.323631180823233	-1.23808272523603	-0.0894267071782566	-0.239352596838852	-1.14785677475667	0.0613252566307308	-0.453046596834412	-1.36493022458772	0.302668213484094	-2.13496113142584	-1.47960837654447	0.039920119631525	-0.260343952329393	-0.350201726586831	-1.57993590342303	-1.62813559346436	0.296899456735884	0.0120635501124659	-0.434556760315436	-1.7833621744703	0.397163336221338	1.29302847511884	1.49205520315679	1.63882045112028	1.19424102133082	-0.207316027646882	0.279030940377358	0.244241821378223	-0.149774695191933	-1.39866436702632	0.22799706247884
1.72406338331002	1.27655428903409	1.00699373401988	2.50806358452143	2.12180115224183	1.52598886826887	1.69725284772584	1.67458306824436	1.58477430009207	0.905856983039584	0.353868157310965	0.744873983718349	0.943208154815887	1.53856575873353	1.69851462361823	0.0211495600113436	-0.827822834634018	-0.875959933189404	0.0442025759007753	-0.568702792531315	0.00192570891913551	-0.139725813214752	-1.30225208850909	-0.35530172857978	-0.41282446096634	0.178347005348481	-0.915343527259045	-0.197840651979949	0.0694470242752641	0.31565078121254	-2.39675315194858	0.267078801977904	-1.51648953361572	-0.411583588849575	0.697407677051984	-2.21801525782841	-0.839244756689099	-0.2714067007429	-0.363389742952348	-0.874986032121988	-1.85867532041886	-0.0978910274011827	0.760486227896876	-1.13460637857006	-0.607039197442212	-1.12348471249571	-1.1596924403434	-1.4820780562565	-1.15185680522172	-1.34040286342769	-1.45592800555794	-1.07616705958992	-0.767460893778032	-1.08952910415635	-1.02004023891341	-1.34768798801521	-0.982994650351269	-1.41190416084495	-1.41190416084495	-1.18335829573557	0.131544124835225	0.723873704162731	-0.759288392741396	0.309063064192345	-0.216237398890093	-1.26799677063266	-0.0717419330380081	0.177090231789337	0.484087660788819	-0.255089571301673	0.402822784040247	-0.0898192325564341	0.114648507267238	-0.211776343381962	-0.161093555200055	-1.41681337982207	-0.320013957565358	-0.948358766405508	-0.274684168816574	-1.50571258680302	0.736720965910075	-1.38980068475294	-0.16013614180554	0.770613736000834	-0.699135177691438	-0.296777243424978	-0.906222047987072	-0.226455956725803	0.74755224720351	-0.68419597185214
0.276811259468939	0.296730834289183	0.141568041002667	0.157087900562975	0.598769876829979	0.835613055035034	-0.0357896579208353	0.0017826243302816	0.438305230274527	0.92808426751528	0.862962373243696	0.281060196907868	0.102996808019654	0.437238993863091	0.577935272117411	1.65537695791344	0.986612074121942	1.23285992700076	0.47746534576311	1.93801918112301	1.54328484221681	0.427173071615543	0.976290306897167	0.861494593061454	1.28831032381234	2.16354315561806	0.56839223177182	1.55313954394953	1.40608823816849	1.41357272899684	1.29734166210235	0.852067033861026	0.541205128438105	-0.119373213635947	0.211234579492079	0.14385000933307	0.510604902839653	1.77066995417565	1.07286196242746	1.19502294726788	0.486001883031016	1.1638527985496	2.05471147571007	0.348609609540769	1.58548105111293	-1.10319269442291	-0.873283425598903	-1.09952084452458	-0.978782800724484	-0.993959484088305	-0.896354174724463	-0.508199724988153	-0.815011409149769	-1.12171521114134	-0.205723496098934	-0.354350486711965	-0.498981241190746	-0.591945272417659	-0.591945272417656	-0.884906022898472	-1.41204943686611	-1.15090754721479	-0.607435105451345	-1.33205728178004	-0.702052410494029	-0.63084234691742	-0.116963103868105	-0.781626459018583	-2.59307962590006	-1.54330537122229	-1.44350051697356	-0.778774533099976	0.00223672715577551	-1.75167317083737	-1.02780174290646	-0.533252208626289	-1.00224470125588	0.124554959003261	-2.18231578162007	-2.1528408998419	-1.75751511902663	-1.58834873239015	-1.32267291216617	-1.75361199051064	0.616286220735127	-0.597318782510777	0.546554293848128	0.987288005086103	-1.47003452372467	-1.24502595485753
1.00731241965446	0.271409811146815	0.464775522896148	2.07281856318629	1.45476900638314	1.79527632158244	0.79882319288605	0.511524968766902	1.06748929506787	0.974594843616026	1.50976990722153	0.941803773268996	0.805409571855093	0.939216140775421	0.930307170522209	-0.822997437038263	-0.329186726056706	-0.0443837815965987	0.67563867375329	-2.71966690048797	-1.6522660943124	0.508052715582862	0.167940683338098	-0.81830861046068	-0.0438279579516887	-1.26097453472391	-0.697013358863542	0.458241501482756	-1.12904891365434	0.520087405370723	0.325631233460209	0.71354239872842	-0.423085461529362	-0.283018097645011	0.637515307633671	0.687737258033389	0.399057322258391	1.37002490709822	0.583358579718988	0.927614729851435	1.14202855491213	-0.721034880308287	1.09865004552326	-0.366320422528235	0.120478710864624	-0.50425566950187	-0.324882717097953	-0.302518761691337	0.662165790669787	-0.139606041106304	-0.19877497706025	-0.049509275280096	-0.443744797867581	-0.821738680577	-0.0855436068336763	-0.0651843022894023	0.120725653717744	-0.221802008142126	-0.221802008142125	-0.226980248755465	2.60921757058277	1.33946852842222	0.933417527636875	0.18161676330984	1.59816310631353	2.01431003845528	0.878765287334515	0.119644895616973	0.129680387568961	2.14780219105444	1.07991841625442	1.29635876268513	1.81339529736521	0.0164378886738526	2.00193008566975	0.114001637045479	1.50057623081888	1.44532208139059	1.37003182351982	1.7588372589308	2.07869528118138	2.22564051348934	1.26925183603028	0.420859560912461	-1.41553481200292	-0.515178891242822	1.15986716277251	1.04959860249653	1.1164906806243	1.49499821582443
0.8623233931323	0.706493411128724	0.912421721250473	-0.279617796516481	0.320247110278195	0.99836661741728	1.00409877061959	1.40379555802692	1.75175255197567	1.18356471917805	1.19355091125389	0.947375945874577	1.04870065789259	1.01941784095308	1.1285608913879	1.08095621117041	1.61683345138966	1.02606605429048	0.414954722691726	-0.561494982156335	-0.154917782544993	0.74102194964502	0.740324057492989	-0.148701329020166	1.34189381689049	-0.00685762526752369	0.318012157276837	1.11588205761839	-0.168172585043243	1.4707841958294	1.0303895148491	0.313464416590614	0.633243540082628	2.15760601698574	0.366344557746151	1.44431746894184	1.40047253713193	-0.313808661622291	0.266423864255664	0.0977025062999109	1.35616771753443	0.856748237997644	1.33286464217934	-0.381753097403892	-0.0809287344764875	1.2936456586049	0.0867120549444787	0.704938103678142	0.250072533375888	0.357447501281407	0.917042706378093	0.900192260243058	1.31247474258269	0.397638459561861	0.192397220088876	0.689535811171847	0.298509276129754	0.455719654926475	0.45571965492648	0.466601057663334	0.711593209321063	0.0150494705863602	-1.12541075890456	-0.185224198943532	0.175494109399286	0.0699821584809522	-0.159733068627687	-0.172201878586246	0.573620923059679	0.621577789795257	-0.00342560635885983	0.368853697035693	-0.783488721465591	-0.878734778429339	-0.787696822884194	0.609693574282013	0.838884323752378	-0.142202451580465	0.16994195160588	0.157277535245104	0.243028134984185	-0.445518579898498	-0.826142788197248	1.3344144463705	0.240173790991089	0.804599654826684	-0.759111387548603	-1.16583626846	-0.284478427243351	0.216684709349
-0.0792865546849005	-0.0491721398565476	0.0943438387581524	-0.81971908341549	-1.04842783139136	-1.07709499763377	-1.19904642142958	-1.28102474751243	-0.970265147802198	-0.40777727645443	-0.0944988174076118	0.00884877722706363	-0.0182235619554171	-0.112236482740598	0.0146581304985208	-0.130914368928393	-0.628772303879752	-0.578795830396942	0.0271208157180808	0.0891670973947058	-0.770217623674517	0.831684596830861	-0.0978222504552875	0.978007491442661	-0.281120416422849	-0.652281685131323	-0.0737139590686458	-1.23648175307038	0.0304577991760011	-0.0621206512844505	-0.986681596000539	-2.22570581372696	-2.55455702161772	-0.816524792081213	-0.792550109559133	0.237366079441006	-0.870507627119708	0.18617602660098	-0.20102015576276	-0.464832833040229	1.42765965200594	-1.79345238527577	-0.175960579451883	-2.57736744300892	-0.18013029399718	-0.595942877015479	-0.48909686445846	0.219338269969075	-0.193076210341662	-0.39979280815389	-0.592289563809342	-0.755905358159769	-0.447513302956791	-0.861028097818756	-0.453290584655033	-0.861670322309843	-0.558498725126148	-0.566317422835063	-0.566317422835065	-0.141610499581269	-0.664981299290432	0.495965150618874	0.747205859202673	1.23139413682925	1.67282590044714	0.622268396236895	1.27149712685346	-0.894292812471047	-0.363568567927964	1.48800681052872	1.96333362370508	0.49168069317447	0.992210602717581	0.617165668646055	1.24671144194822	1.75205234257293	0.212336254494042	-0.157450269415152	0.277129845035086	-1.43151804011083	-0.563375952971026	-0.250700181493758	-0.588865487896847	0.652186689864737	1.05733699765626	1.52441036293007	0.384367326548403	-1.26278853097356	-1.71407820296328	1.43338920081467
-1.193572485732	-0.576313801748262	-0.468808580231391	-0.317235481405061	-0.993196751911976	-1.75556753699252	-1.93620633795444	-1.52700438754316	-1.24018569263621	-0.397986404867941	-0.402136515657422	-0.481423966715052	-0.692259563379175	-0.894735908444505	-0.789937624029886	-1.15247734741063	-1.00757057055606	-1.83183122012792	-1.02267873115705	0.840384211596385	-0.0387393719238684	-0.941284819291154	-1.13870668557781	-0.0640242312344968	-1.7712278595952	-0.511667863036717	-0.311601755900355	-1.92047172817589	-0.0583920199295984	-1.75967722547895	0.355065350633723	-0.763095477512383	0.682069946598687	-0.209556715414131	0.12930013069413	-0.207097330411662	-0.100392632128526	0.403254276603832	-0.381767938514637	-0.510297137267507	0.780503772519782	-0.359365530285103	0.79572820817347	0.0663236610645002	1.22008593689409	-1.87041676243818	-1.94693365329435	-1.29808017406455	-1.2941997531773	-2.27196120582679	-2.08505548409145	-1.83109309179553	-1.35326753282518	-1.77301529485123	-0.727421919570309	-1.55160233274926	-1.73303583128915	-1.36835874678402	-1.36835874678402	-1.88331548558175	0.559875175486277	0.783994238551899	0.5445717017971	0.146384360598652	0.953298593521523	-0.26674930893803	0.107980206419115	0.868119762696607	1.6821357626551	0.518333275099539	0.173053764886328	0.251092560176974	1.43188436634405	0.229690710356557	-0.0308845900377888	-0.312928501028239	-0.498293590219359	-0.266682099323482	0.709618413538864	1.06787237876725	0.322236776128952	0.436651360596817	-0.202628878986893	-0.529631237380718	0.855997840436232	0.84720284128423	-1.63233513675759	-1.47029310508222	0.207374219004491	0.408363322424552
-0.712395449788241	0.10558700889064	-0.636703636175738	0.611071164828413	0.909323083241909	0.723043649417924	0.364141455509299	-0.0038002318936366	0.335069763262892	0.272717331876667	0.341465832907281	0.326782164303023	-0.0375008096463127	0.440503055821543	-0.0912632319055186	-0.545563951240575	0.210225194033291	-0.175606820681635	-1.17651210100085	0.369625155656043	-0.764283096564704	-0.577125835838044	-1.19182014694427	-1.29244396076783	-0.930905294495488	0.964849718250641	-0.776480144575974	-0.803594443623404	0.900988511901169	-0.550273181079346	-0.757934772984564	-1.16085764880362	-0.99785669320484	-0.87262655279883	0.0983318315957181	-0.611176619331734	-1.76310777267827	0.647061245885077	-0.637996007191105	-1.04228152995423	0.240942125092059	-1.13442394346226	-0.0351352172189249	-1.78518682627754	-1.38988499984922	-0.132233621101386	-0.167082152165339	-0.607686681413875	-0.285796012013704	-0.0175765319610989	-0.409220368111787	-0.254875608765464	-0.64816903493933	0.132662266693163	0.440408485422055	0.0792026024660708	0.0425508427220707	0.139882241290091	0.13988224129009	-0.258889496444139	-1.06775047241655	0.868884624663445	0.396643975351183	0.65646395891475	0.942796692191037	-0.74411515252567	0.650591438915002	-0.0317268020658056	0.23084529678128	1.0527416487824	0.993817724906985	0.883503738230978	-0.265099475411688	0.921187875562717	-0.585687924135393	0.671415669918324	0.796181283430703	0.0422362110800726	1.03261444239113	1.54013952555614	-0.14500314266358	1.08599349372948	1.45234659810018	0.562306981292893	-0.733175104925949	-0.348061801354041	-2.40017264554286	-1.83994342688062	0.710422921778386	0.162663464688664
0.565408626469605	1.18798847261229	1.55444327623635	1.17213598254436	2.52797957815087	1.63632751030104	1.23913531767348	1.23451259653239	0.508772339852275	1.09089087739321	1.29875974213313	1.73564768588662	1.17126941881439	1.1266394587292	1.02846025923349	1.39800182425215	0.151747298014801	-0.241840744900705	1.31804043318755	1.06399206418429	0.767307167629053	0.884033614060607	-0.35507400138186	0.969539399641579	1.32126924951456	1.14643533799331	1.46164685280814	0.703799003631519	1.78102423641795	0.880350015277019	-0.485719198032063	-0.355930855069113	-0.461499189669728	-0.884924226307991	-0.370667835663534	-0.91310636669437	-0.00791775075550058	-0.590172278345983	-0.952209785946315	-0.787912395152823	-0.970260547420149	-0.474155334914195	-0.726667396526244	-0.127656257125376	0.298517799652859	1.77311616309698	1.22240050328138	1.49755983231684	1.57082339772741	1.19325650510052	1.23978021473458	1.75892625402812	1.78798008194888	1.3700524768999	2.13997574653884	0.77388707972373	1.00689252089735	1.48501274019072	1.48501274019072	1.2231731330987	0.814438735486082	-0.300323729340743	-0.529009294528672	0.486761017323006	0.726943778536531	0.426971549250129	2.61758392871205	-0.64021794093944	-0.0354308901060358	1.86627360289461	0.494886197586369	0.940464244032108	1.34389783015694	-0.242493081481215	0.780805520880754	-0.617709108234718	-0.328817968555993	-0.334066632843114	0.47060567446348	-1.24185479217944	-0.0737008204785495	0.609078592025761	-0.464937209458743	0.903270311157358	-1.63472186853602	-1.51184893689258	0.504920191281905	0.928959425516605	-0.117385085703117	-0.229045926709956
0.229777781843376	-0.0992880248583956	-0.262096955771262	-1.11151727958058	-0.463845859233885	-0.141839330493728	-0.112549407698778	-0.130130432892838	0.210542681708665	0.23665841859515	0.315829941415874	0.403039436686269	0.489046589466369	0.8124531319529	0.867601889223203	0.330192919569744	0.81586479201052	1.21640695286233	-0.397382366009302	1.76779816906966	0.186937056574534	-0.38041937028583	-0.463454410625935	-0.538459022957302	-0.453409838829572	1.13570200424024	-0.269260063912523	-0.338290911368252	0.413591566968275	0.123081501157681	-1.43680110924836	-0.709614527533921	-0.0359985183956207	-0.536047431155322	-0.0232027899609551	-1.28991528097289	-0.973588182376697	0.459201400703042	-0.641687090948441	-0.527723962091747	-0.961811080905147	-0.983160241615294	0.930529306517169	-0.302187201517827	2.21072963294472	-0.0524978141667778	0.0214736903666393	0.338072661467983	-0.553038693609284	-0.181344905455742	0.0611590974264625	-0.137234187090155	-0.574944734049377	0.236029647076957	-0.345372057121634	0.00333288639826214	-0.393390405795715	0.0649384362086655	0.0649384362086632	-0.418083574713657	-1.34954995339314	-1.23261379414825	-0.615772784917509	-0.192928453496819	-0.758018090363937	-0.465181208398313	-0.235149671818373	-1.02673984595715	-0.798643618047994	-1.00338471878968	-1.00548181238272	-1.12644684262632	-1.04268889940251	-0.497949924111618	-0.473964550468412	1.1054611744441	1.14983254528035	0.983576676473799	1.59716760278898	0.513607713738219	-0.543841477072189	0.0397277457897302	0.902293154259416	0.572046160766576	-0.16545037571526	0.415714058137819	1.55295083461317	1.41846437040768	1.43017892090989	1.98740365172641
-0.545993285536259	0.0756898274609311	-0.560509017622025	-0.965779833247453	-1.09716823990731	-0.543657880489016	-0.0823628053514835	0.0791503282156144	0.686031048139372	0.0967123793178099	0.180275480126261	0.00545695911065514	0.0405948282067518	0.0916678325230184	0.0364138569220368	-1.69005244997603	-0.575636698672221	-0.318122311083064	-1.34443528247471	-0.621995051764501	-0.957040658571307	-1.35072228692627	-0.566661407454652	-0.741851477775109	-1.80616661832274	-1.79552683078965	-0.601848264963848	-0.467365931202013	-1.85703476895279	-1.61384016938054	-1.1886992559236	-0.569909115528516	-0.222380647245029	-0.00936782465810585	-1.52027731812521	-1.3148394637235	-2.15815043192373	0.548646920889982	-0.7234886560326	-1.87237962675757	0.544379535321589	-2.03645572921811	1.53788727142589	-1.98217454542761	0.160548363475756	0.139346489993801	0.0188690379849813	-0.558389798270863	-0.249684399864095	-0.25375422737625	-0.278976654214046	-0.160828411345924	0.0907549304753637	0.0474669118652971	-0.612983361335486	-0.247881857488355	-0.30517947579365	-0.317509892440547	-0.317509892440551	-0.211086582417297	1.0841555490356	-0.725472692852072	-1.58007643880203	-1.82299658716273	-0.844656064700949	0.40601692251133	1.07951015129553	0.278470045582559	-1.83022382586504	1.38085473013974	0.0396230919999124	1.21025358022609	-1.08103844159388	-1.09984966362012	-1.88004062976588	-0.718934529357334	-0.712124415837517	-2.0602774695609	-1.11067253296087	-2.72760120994118	-1.83195098811137	-1.61445500039911	-1.43663184575361	0.191564482818971	-0.866333255080966	-0.241699285337493	0.0337930896184898	-0.0890136056729631	-1.54835185664321	1.38026522145497
-1.50083130629733	-1.35832452946516	-0.322845777897539	-0.441703771563653	-0.779654645405712	-1.47743465897873	-0.719892118931935	-0.535516996176788	-0.732550747010098	-0.313327469010782	-0.60474384007956	-0.502775142564611	-0.47675834758939	-1.25759741616913	-1.53596156032791	-1.46548722038608	-1.29856536278111	0.0274362453774949	0.439667990666285	-1.47034430227579	0.217396364170181	-0.115038192999741	-0.683254102238741	-0.961643040946862	-1.55654169324539	0.21113481620564	-0.863171930147753	-0.369284930117539	-0.783999287597914	-1.70653050250562	-0.130032672692754	-0.163628140919646	-0.210929866296137	-0.643183850737539	-0.634913307037999	0.840042084667524	-0.426168974366136	-0.640684141343338	-0.394233159522559	0.22662936410502	-0.309048271753289	-0.174897414078717	-0.895842454373334	-0.318388911646289	0.201258874445681	-0.0207247685508144	0.023975078296704	0.546308410613023	-0.095566212814736	0.104330353275926	0.135280525529513	-0.366448536894615	-0.588391649073188	0.167808081432699	-0.815291846634927	-0.0508463218295413	-0.203459015371633	-0.330346874841966	-0.330346874841972	-0.106757663997154	-0.813474386724762	-1.05864212176484	-0.766266251503888	0.648911975973095	0.192957404854297	-0.890059553766605	-0.0312447190111398	-0.76781798335257	0.839637330207291	-0.272098877210175	-0.733147636158995	-0.0935896367685522	0.0546235447570929	-0.152231961958253	-0.0910806894269388	-0.121333202401862	1.76134958822436	-0.0312145330200789	-0.426056389347649	-1.03634316381254	-1.24453298331771	-1.39443363170144	-0.649714553589119	-0.55374772876729	0.475900634267127	1.03465641037741	-1.07660844964323	-0.571893828893902	-0.00737881664412336	0.0235143124096319
1.39843959070082	0.622769003932592	1.41759684059582	0.492830063774723	0.943094062176771	0.439306939291546	0.1571451532077	0.371126680305181	0.0032673712364291	0.534437352340073	0.934904382748865	0.656814400253817	0.569741168802277	0.794858561569369	1.0491825205695	0.316880762117487	1.36023418205098	1.94262822837834	0.379954042616559	-0.398878594997137	1.1489012209926	1.47102665680921	1.38941108805213	0.56613067441266	0.545700858024644	0.600094884235463	0.535829904833338	1.92723054631881	0.248975521942852	-0.0842615961995139	-0.731509122472422	0.992025415888474	-1.83417833411238	-0.0423243977104049	-1.18777026958764	0.155580598044237	0.313135019923854	-0.0240244677539459	0.83469742011663	0.816338654285057	-0.815165512104543	0.487929098105663	-0.544180727877366	-1.10953188411616	-0.670431081214161	0.103818243133613	1.37218571787219	0.551921555783726	0.544501955684628	0.594545075622637	0.628078247876511	0.0137222392849857	-0.114872631074584	1.1329837626677	1.1177195587064	0.981977466850714	0.965052126707954	0.830829972419686	0.830829972419689	0.46459165963542	-0.586892398517305	-0.882461291414442	-1.0731765933302	-0.953952591487394	0.502961040090045	-0.5969771573154	-0.672341288701481	-1.08358366093097	-0.359957879401281	0.600844310472954	-0.732748888130603	0.0522554408134576	-1.19428694611755	-0.229304754041486	-0.646625597002108	0.162158999038784	1.15572967288586	0.840193453256017	0.427026915781719	1.05493311983381	0.738705802187764	0.311104946816317	0.848473856270404	-1.00239103019734	0.485437111413899	0.64039277550647	-0.809115794439205	-0.358311965246393	0.965830269116855	0.633165593165441
-0.758002832283827	0.0172514279498379	0.468589840976032	-1.23756937502842	-0.418379219026661	0.230538754657746	0.935922903111111	0.849528238197845	0.660962807487079	0.644560540839246	0.509858094892621	0.805639264228015	0.453812440865219	-0.348405487863398	-0.0789051312161103	-0.432198172785946	1.01443363427129	-0.0962248936793111	-0.890235434290738	0.0602530924668413	-1.12405925254493	-0.283844804820838	-0.0495028904237108	-0.148652862481638	-0.443737921130816	-1.27058253423148	0.753702500963547	0.868264809789453	0.275330932073941	0.175284268852654	0.978514007297852	0.0247364518119804	2.0029044182332	0.349874976856411	0.0605157846643976	1.14516309498968	0.554470931340254	-0.919613840199024	-0.224290467723791	0.824946162771475	-1.19075003644479	0.786996780671454	-1.58814076847204	1.8871603134172	0.154407202089946	-1.55642078401117	-1.44031741788182	-1.14629934987353	-0.564913333585465	-1.05364378974154	-1.43780331683141	-1.23028393462585	-1.64492687663855	-1.69595049935854	-0.6075376872148	-0.935306667436319	-0.828121000535217	-1.10542126640696	-1.10542126640696	-1.18947918012963	-1.69013835913435	0.488095356633788	-0.740375417726666	0.865861644262878	0.00270890687296089	-0.800908799124608	0.163028846343384	-1.35749415909416	-0.64486630637343	-0.536130071777303	0.977109674031491	2.12282649832587	-0.844693429022253	-1.21413436984831	-1.52847842207042	1.32568226878499	-0.375760536527908	-0.131291936891322	-0.728999662284966	-0.397429430051478	-0.816466575923109	-0.393947389404305	-0.805847874727327	1.4741400703821	-0.313516538925893	-0.69972096302647	-1.12767442292413	-1.41280389291935	-1.21995402662445	-0.605092773540125
2.04119181521643	2.27467318170999	1.56007821877548	1.67862011216792	1.74085574882347	1.30766055290058	1.78303899695534	1.41369437872806	0.461894481660104	-0.47343172407373	-0.689953503117454	0.260936103704855	0.458859062784636	0.820332959981366	1.75285444921572	2.16590403413343	1.82994195665816	0.490534803895613	0.293115979502447	0.340992997157862	0.212195622413557	0.386052207624749	0.589202855161867	-0.152851115274625	2.71641474800739	1.24215294548788	1.16603078625188	1.02982994366301	1.30328892949011	1.48300090865921	1.18765045889669	-0.65015516649464	-0.224502803107495	0.792866242362153	-1.28604815198308	1.29655689761328	1.04678294447935	0.277681627063416	0.518988112120107	0.25813542644926	1.5026333659937	0.585528638898552	0.670047833311185	-0.445080751996965	0.716249969027817	0.206283306418097	0.917056192210952	1.56719975553025	1.18360800710791	0.274310065019141	1.3021739068697	1.29697989261129	-0.0140192176328161	-0.137006273009262	1.0489586730418	1.29761065013108	0.795075644249031	0.913274000029877	0.913274000029875	0.408982029904726	-0.730817558456701	-0.442785427344137	-1.1693490992053	-0.20061091438306	-0.431690736223833	-1.58662982978851	0.0834436114213657	-0.0661039265748107	-0.181190184175839	-0.733011036749701	-0.460359513266521	-0.303326982666772	0.163248070119276	-0.672866183398482	-0.908816495552021	0.753659052164018	1.33962603974924	-0.132312196928096	-0.469160204312435	-2.03844395524856	-0.74177050879091	-1.49576608526137	-1.3163906394218	0.0334724465279391	-0.124642186178931	0.155630975903201	-0.2957521331684	-0.0155700459458675	-0.206460172772771	0.18493379881775
-0.847192195136196	-1.34218195449731	-0.881519485345849	0.101930543492788	-0.922875565909641	-0.73195209582003	-1.30743988621474	-1.57620501895028	-0.505533420551748	-0.302301405966591	0.0141337514201125	-0.719590278927144	-0.484626783423969	-0.574313350680634	-1.02428247953189	-0.64860620633705	0.565857138306696	1.42616921163363	-1.18925529574048	0.148909158446247	-0.70031850542673	-0.385013062986938	0.0616957653494723	-0.462872543858734	-0.842206644944029	-0.346057413472769	0.159661016765069	0.698558172057132	0.0668817848579138	-1.08773848268506	1.39512963893855	0.954015820835193	0.267453985279154	0.946634369178723	-0.785999627843908	1.48834733988423	1.76978521609169	-0.267501591802491	0.697162667458091	0.967271411837012	-0.288715067902943	1.88091274322222	-2.61938639076096	1.18487071104234	-1.0425836556161	-0.383038559111903	-0.582459765911564	-0.47580867687321	-0.0957606783449461	-0.333692743898405	-0.389885259597434	-0.146022325955426	0.208081183573981	-0.5874358473721	-0.506869081076372	-0.421997256922333	-0.657437627713326	-0.199908905464397	-0.199908905464406	-0.150694725962467	0.0303385818460468	1.41117963231874	2.67138259460065	2.56162883153245	2.06725193700326	1.273646487637	2.142550799345	0.373942414176263	1.65315620989465	2.3821591242958	2.4233223942578	1.09768779392904	1.44354278542245	3.13861471098334	2.6459168407828	-0.657395869502967	-0.193841226231697	-1.50848034284847	0.289096712509234	-0.935964621461317	0.0143531224310676	-1.17438001095864	1.07736936738883	0.091283708390519	-0.0888770185498457	0.0539413441966787	-0.954086920473557	-0.525826155618956	1.24674785862975	-0.012536369301357
0.464608570265787	-0.0375957401944546	-0.22730327888729	-0.692541651782725	-0.387506235431806	-0.311053233983203	0.495514769847585	0.261972209255306	-0.0631635876240735	0.0372572371683696	-0.470742456440332	0.0401673090841717	-0.128601675710974	0.235649979316452	0.889564863995541	-0.574048702139418	-0.373378384420047	0.00454207489951256	-1.14055148212903	-0.413295357953306	-1.22441691298441	-0.500751371926414	-0.599136196496458	-0.472747838993886	-0.837677934905733	-1.03158730188491	-1.19714255402146	-0.89918537814168	-1.12438620506912	-0.908374314772379	0.530707995343106	0.236350616161003	0.689482686278211	0.287320643220376	-0.421426779640934	0.781664325967748	-0.411501806680977	-0.282072474972853	-1.522658354162	-1.41326575530952	-0.178755173325374	0.279949126193231	-0.920774582897939	-0.855806285594682	-0.9937943866502	0.531609778549013	0.993814324491441	2.12041718686372	0.659525110649627	1.00970681130928	1.28835089274818	0.698166145976036	0.595207489338649	0.787423432235375	1.00926021860727	1.44057827445498	1.23985059119395	1.07922560399018	1.07922560399018	0.976266972928121	0.651532359382787	1.19031928925003	1.25748763849115	1.06314272907969	1.2575376923001	0.391105584674485	1.37900521140622	0.323320015524099	1.24925119353781	1.77737714764057	1.38212078786284	1.98164123679626	1.42741990391672	1.37723618031219	0.925578422670991	-0.0574091220660139	0.395896874976723	0.447269906670022	0.189537715659955	-0.76244647460387	-1.8048711297031	-1.02793561488802	-0.507369193754939	0.555003990863937	-1.90151220227363	-1.85246168417897	1.36735994590993	1.22340297216603	0.0959485299009134	-0.624962091192035
0.566265961794687	0.621736720159072	0.635524819899452	0.338464445158519	0.525207018860268	0.19107037237642	0.696412196945834	0.715779344807825	0.113236081943364	-0.0609386032216305	-0.423014010064818	0.00706335716235599	-0.0872525288352473	0.112305346109881	0.320998791123874	0.231325812918158	0.625206751088532	-0.474151160152877	0.821496195344609	-0.209891010865026	0.350253173700776	0.0284411762475497	-0.261718093577979	-0.992723688678108	0.761130271274869	1.65453223929427	0.176510729806062	0.794809393678013	0.533494639690379	0.715915866112355	0.0166688999959145	-0.114479861390452	1.1967215010485	-2.50563584714322	0.449430979298988	-1.99856100940889	-0.391063153627102	-1.1625429036569	-1.6740407210913	-1.38080440070776	-1.03125811521816	0.0298477817735127	0.165781379842391	0.67446832828476	0.556790719111301	2.14812896985768	1.4986661776396	2.03293447059632	2.17051164993703	2.03406825054487	1.8954174086677	1.63153996368188	1.79093105673767	1.8774071928262	1.64086029615454	1.75070325878279	1.86427297903664	1.84650744066979	1.8465074406698	1.63584207082707	-0.828346550131909	-1.36528541470672	-1.67578964243586	-0.857148795282736	-0.113358203058159	-0.770259206547188	-0.861102258836877	-0.655427153302137	-1.07378950142968	-0.721400698315453	-0.229071623376766	-1.22330870267932	-0.55579458345859	-1.39656732418768	-0.64608878745048	0.248878707922382	1.22341272697315	0.41346538895512	-0.098600254355599	1.43979405185797	1.53966240814484	2.44017124560779	1.35013528925473	0.301526859453202	-0.82548941656634	-0.433221756652449	-0.88057855718073	0.0682151632727618	0.531803128661833	0.649484607740026
-0.945988016249224	-0.449426697726583	-0.11211849901991	0.253506315677249	0.855575897183451	0.185718272159458	-0.621349660356396	-0.233721034132968	-0.354153639629581	0.151345810183159	-0.271182699512595	-0.922835089470385	-1.42384226356101	-1.29226403561931	-0.622619459642601	0.68450082824754	0.0311432012335514	0.363718028911071	1.22177891016559	0.319802869453026	1.24660168401375	1.14962965541261	1.22883815993143	1.77352133787215	0.502677031280467	-0.463835485219201	0.775634883240659	0.771966926023445	-0.0405959085951496	0.892149806998224	-0.326160392679368	1.39756170399328	-0.213730470840518	0.0623801281999535	-0.680221220906504	-0.678435906548289	0.968996195763625	-0.189030364630502	-0.224039197226099	-0.0340842846515232	-0.997358847145067	0.462626151964966	-1.14075424262671	0.95455438233083	-0.323650322548693	0.284651003680225	-0.197182390046583	-0.933237087559784	-0.784993058697559	-0.494018899012101	-0.46905864082008	0.548254879266063	-0.0253038492230653	-0.570926791534823	-0.465505334021628	0.210479920476939	-0.018396229738258	0.210288098549134	0.210288098549135	-0.555780741204661	0.550817524661176	-0.307034181048362	0.624205729597397	0.258062181224136	0.257590841265739	-0.0488245387691472	1.49092537608934	-0.305606421742362	-0.155108114673508	0.595596063001053	-0.738760561300993	0.716066175441053	1.96008936536161	-0.0991240807570049	1.11972058756956	-0.819649242012644	-0.537184289965962	-0.699941985551281	-1.67218206018464	-0.793940881100044	0.376648879892833	-1.04063430371308	-0.607292281053189	-0.888350522678185	0.631768700120092	0.282023132010628	-0.288018696638064	-0.924406503260042	-1.28824249091305	-1.42103266451901
-0.819780981589558	-0.36094645054514	-0.185507594480028	0.266189853471305	-0.10177503341472	0.00560552633336091	-0.159810497939385	-0.479919073798404	-0.06728004504515	-0.475889458626371	-0.178139419655827	-0.379252351474035	-0.62162814570547	-0.678397779283308	-0.970379746714873	-0.240087807065575	-0.297015687853544	-0.0164549919556172	-0.0345855360204639	0.964228538416595	0.221057084538754	0.0674282075058631	0.845274962799118	1.22836823492237	-0.142745751039239	-0.874724821229972	-0.266634925350855	-0.364641217110446	-1.29054498499902	0.0476844013232821	-0.418028233634761	1.12791571438442	0.0581422502245653	1.51786227704024	0.492223369624492	0.488463017698594	-0.2481672648597	2.11409113161911	0.673131797148771	0.480049209798427	1.34043200498227	0.0978587832343474	1.40092127600548	0.410691545491258	0.46607212868961	-0.200743715162774	-0.500963647150963	-0.624553056535639	-1.27648947496451	-0.43636127168822	-0.104503613406139	0.288251264118406	0.324067800524496	-0.259533858209042	-0.809856486057782	-0.223561242619278	-0.491213819941512	-0.390572669197282	-0.390572669197281	-0.290310495033538	1.39519481845894	1.80872299913872	1.82789654278058	-0.565230731303934	-1.60942142916113	0.896448951334147	1.15073983230807	1.36690864623348	0.634939147899657	0.299485709280895	0.985219564760641	0.633972856094409	0.603239902811458	0.245287173690041	0.0372139403836241	2.98681458317627	0.912923730054649	0.647085224833058	1.34171619602077	0.624650037782783	1.50121474099925	0.803996357563136	0.90374417678538	1.48316052100039	0.683760741621309	0.804291348437984	-0.102106036442189	-0.695312769216245	0.629223818476233	0.835743791400755
1.36934421281315	0.93573260966358	1.02927180892672	1.08634467118097	0.456468842064336	0.423898566394846	-0.169157179128304	-0.179071630113688	0.454009233610869	0.586890670519873	0.409379095070973	0.137294861703454	0.416277931213458	0.577897322095798	0.956236000921982	-0.873425122677642	-0.554304795880693	-0.727700488003062	-1.53336761791089	0.397901997824167	-1.18023976861127	-0.960670734437936	-0.922533881544625	-0.562099300351818	-0.662589125998718	-0.37103897768468	-0.90974863900835	-1.45941242146128	-0.74283682953273	-1.41799925317261	-0.325662609312051	0.288162951953902	-1.37998642670777	1.60685018748556	-0.540441004474579	0.987510684942792	-1.1257261599103	-0.86508800921447	0.706495363333145	-0.0331985049395739	0.202374840972592	-0.0244197374555783	-1.44068630187582	-1.23905768657107	-2.32106743372104	0.66039746001961	0.383852877550072	0.137719850980756	0.00590581161608015	0.586976447820626	0.564717515822538	0.258597130692038	0.504908907251006	0.851196458979514	-0.109989869392209	0.647746984595344	0.354498931472869	0.407191172343328	0.407191172343325	0.476268601279184	1.09986091341441	1.80958685332876	1.83103882834837	1.56209749981121	0.496194270450188	0.999161523730094	0.671361665041065	1.2220623359196	1.68650965785743	0.881810458762676	1.20750498763385	0.123970569036604	0.287985988689343	1.88165511051643	1.71323949187921	-0.586458524652817	-0.288612447401664	0.089841954892623	-0.283659018092822	-0.483929853593727	1.31697442817171	-0.0730840304425011	0.70583204516419	-0.240532523251154	-1.75160875702836	-1.63814556114021	-1.03488796791283	-0.837795412228128	0.360701010946069	-0.736139538634788
-0.357746621768272	0.13583176676194	0.50244369168485	-0.272808552652506	-0.45568066455501	-0.718566662470355	-0.352771997807374	-0.413977459933198	0.105237049421326	0.852791094117898	1.00650631998782	0.678585110888562	0.787927864535676	0.0788407294722783	-0.103671748990843	0.520425024413787	0.702273963151917	1.37689942085599	-0.0963116723077409	1.49183123269565	0.873243762247322	0.16650094007262	0.61394265272618	0.722673809185964	-0.043200749555921	-0.122768236857603	-0.118771541793439	-0.577397653885557	-0.811629237271257	0.262688029710285	-0.226327680149321	-0.213125606383373	0.491556980475678	-2.23263874018251	0.504458817627569	-0.657119455984845	-0.543169263965375	-0.806478652969069	-1.0200641784623	-0.0311684633742363	-1.61567172492473	-0.146568365616284	-0.837030055459203	0.608899361011271	1.13651537661574	-0.434664100598156	-0.287001684480086	0.0999239203334205	-0.0339277785653075	-0.235640853751748	0.236562908119102	-0.318114548577728	-0.898852394010772	-0.328685307430448	-0.0794785909544537	0.440338741480281	-0.362514362716464	-0.102587998219924	-0.102587998219925	-0.824898928023825	-1.7327119415353	-0.447817222288214	0.956789099422373	0.123215386700072	1.42770837318434	0.200411047773915	-0.664162692933037	-1.31728531143627	-0.826965752157941	-0.0442089929826359	-0.42856643706221	0.754285568836028	-0.162183925968583	-0.522789259881623	-0.622029231487545	0.383044286282733	0.581913317239544	0.449742219812611	-0.478687023994984	0.493124790730055	0.849935747478051	0.755997736893263	1.71410279879163	-0.473276866186796	-0.0872900173859094	-0.130747060455854	-0.95407948447436	-0.119250629632531	0.625607868954972	0.313507105537219
-0.213004907245358	0.540630895627768	0.531896995060534	-0.0958188908927812	-1.00285445157303	-0.95409623855516	-0.973959660672337	-0.506515896726881	0.414770576314596	0.567915059124816	1.07680407633147	1.04210195562424	1.08094126832976	0.550013719171936	-0.0148528603792343	-0.395771931161642	-0.622942671207669	-0.759027421681991	-1.24671527734462	0.0927451589434087	-1.0014192941406	-1.1951075062991	-1.59320550638358	-1.16236377698069	-0.798161570357133	-0.318653651893459	-1.16650643969512	-2.1742599461866	-0.521747188838954	-0.929203814385343	-0.599135388564968	0.700895435833876	-0.249725723751581	0.249444001027496	0.092718903343613	-0.204389545636872	-0.198321433697679	0.803085648415867	-0.524417863640944	-0.512243317601699	0.461129620306946	-0.372617567841356	-0.66180538715181	0.260635611511289	0.0114886474402997	0.858562220787897	0.594900429381724	0.660752556875976	0.514910423174928	0.64158197505784	0.447330770686953	0.63639622237649	0.588022762652728	0.801932344283963	0.995038431286169	0.459562939243533	0.534293629121139	0.663557847917081	0.663557847917083	0.308899211734047	-1.31272268178217	-0.255942589019025	1.23076018748098	0.38595145834814	0.994385603703148	0.21385935628189	-0.792597270903546	0.997762462170393	-1.75266597847461	-0.981193051828736	-0.176575940158494	0.349348522782162	0.00114176789155112	0.853274072124773	-0.00733844243049244	1.65047412260626	1.26106002122912	0.455035389088406	-0.460741220264653	-0.142218930531068	1.53172420451716	-0.566572840439069	0.347203456965577	1.50011202986427	-0.878862496234256	-0.467844550819983	0.291742361225204	0.181541775404772	0.604462475960097	0.408965976103654
0.334343948556017	0.674929326683914	0.595170650292668	-0.0559405619735627	0.292850732781872	0.155248342512713	-0.215380141333386	-0.286475545852312	-0.304496920521692	-0.560194658936942	-0.421297507967342	-0.802698309156408	-0.812891502579646	-0.617770328311062	-0.0197370759694418	0.645760377429362	-0.637589336024814	0.0564474833428841	-0.0672698225029754	-0.69070302497107	-0.610235344505338	0.0183102385708428	-0.0882003075724137	0.573155596956981	1.08143149335057	-0.936227578866748	-0.103356414832969	0.468299692954599	-0.222937193823152	0.704793407804583	1.96541528868557	0.186001084233272	1.81909191427523	1.82731081280029	1.93475779700619	2.34725540418456	0.69061897662389	1.63640481521835	2.36956149434694	2.66297350940684	1.2715339888909	1.62812705956653	1.94644903961711	1.20155663010249	1.2284577968119	0.132729079747758	0.0772007036215866	0.548380824628507	0.216808429879632	0.195469923923011	0.135749659641851	0.165999963506659	-0.19468331119036	0.138781852567441	-0.136933926260555	0.161672945448275	0.462195598527518	7.52967739769419e-05	7.52967739829797e-05	-0.0308876991550197	-0.0918609067904212	1.3100384683123	0.642172249613399	1.16961301220075	1.15838683741842	-0.120310051822021	0.886378509388427	0.0357920382746412	1.04877714150659	0.976531044744473	1.57970414919592	2.28481138756146	0.982753018383857	0.593574354456367	0.350811435058972	0.404182055126735	-0.192947740520464	-0.577786446601999	0.452719427798439	-0.284773880535849	0.430409013370127	-0.17258339173964	-0.90467996628103	1.66444122941574	-0.616365746275252	-0.16403937753014	-0.741464795213926	-0.830894354815008	-0.0340390289575541	0.49270261315607
0.186539703888186	-0.911920261529548	-1.26718442872189	-1.17020293027984	-0.0732100049142607	0.738666623620677	0.564719890023391	0.23049356004347	-0.854163594460921	-1.09960124136597	-1.185804768069	-0.344091633068306	-0.268796522499232	0.254871265058154	0.545079902987991	1.13301436936059	0.766292360856724	0.783430247951269	2.19901551635515	-0.181426441034883	0.201228753613544	1.45959241393666	0.444181878753484	0.710617327855472	0.951880404736805	0.147720475438121	1.94207768560093	0.914271545775753	0.80131260443242	1.57411610245689	-1.01606710687102	0.025956536114887	0.190708415063759	0.624228093783375	0.887635709538131	0.885690098031078	-0.967777435730543	-0.876646582923983	-1.2806724761227	-0.715334469754805	0.262655260904406	-0.943382260382998	-1.52831035437308	0.04899488819829	-1.38689662945842	0.852269643598254	1.15513454353091	0.734040785172902	1.15470428854756	1.17612408399422	1.07170885358016	1.15182400286746	0.488152305737557	1.37873248974746	1.25827705487308	0.942159728863524	0.808706612739466	1.1185535920579	1.1185535920579	0.585447989564444	-0.896493998482137	-0.197183173588325	0.134752814963183	1.18874296088471	-0.113700543512455	-0.287444238802876	0.639718620962212	-1.30786823130975	-0.043308398015048	-0.163222080963694	-0.22633999693757	-0.252503953442715	-0.251401402716536	-0.0612560034269844	0.554911010055475	0.408687653718286	0.384039833384071	-0.422068297553587	-1.32121767591586	1.23729184920781	1.244575650317	2.19905423030004	0.713548380672159	-0.155678422529633	-0.533121597987105	-0.0116330651696039	-0.763967533503482	-0.747768032375571	-1.34453093195109	0.671019269906788
1.96323874311004	1.80891093708066	2.76957186122766	0.941956931070436	1.20691462533728	0.911726827081272	1.56213054821619	1.25894180743677	0.759089631393066	1.62278660067158	0.896504671004371	1.17210015016102	1.10650490982569	0.40445832532683	1.30899978064347	-0.0684867993904956	0.3434626974234	-0.107233554883238	-0.387582256804042	0.21172054693901	0.19007572698649	-0.563264064382126	-0.340192319951118	-0.261184799373894	-0.0312714106619863	0.0230953306309679	1.0138169865901	1.32229573809895	1.28570461960621	-0.190809568203522	0.819366125266103	-0.541680102013196	-0.470773753221876	0.479400216392027	0.199971001776786	0.605587047986064	-0.00902527048373647	0.96015207779849	1.12597555859798	0.80999532816528	1.46670224529156	-0.502836587486887	0.740843738056966	-0.335977186175322	0.0313001178267394	0.394134703160216	1.0286876412957	0.653098554803076	0.366241274297976	0.661247918787606	0.516762723655722	-0.252369592978425	-0.0855443244066049	1.46552680726422	1.15301371668677	0.636892486008987	0.521599508196637	0.630492049820657	0.630492049820659	0.21408587376468	-1.23296110933943	-0.985342761280143	-0.317584719787326	0.0547630270232964	-0.284141888428681	-0.926563279070262	-1.59138108959634	0.195500706808481	-1.01614258089753	-0.781946274697575	-1.34892768256666	-1.1387390627945	-2.24937405248614	-0.29797261512495	-1.80744065592094	0.127226924276646	-0.514237532799743	-0.710433876440509	-1.95078862199742	-1.38606352371016	-0.343705053648167	-1.39027478695843	0.0360428080342116	1.23256234870429	-0.412756701408757	0.22901746673462	0.89868234576302	0.304987413072358	-1.44838540954912	0.342845366525483
1.0108229635703	0.359006476450068	0.421526534542801	0.260029307835891	0.290386388121423	1.30654832044513	1.36950590424632	1.30330328298752	1.48109529527038	0.91371102859247	0.385250200674258	0.324957297966818	0.5626182596497	0.522142182859305	0.799502215731362	-0.103113580785191	-0.0339377361471965	0.57712928845461	0.0896654920808093	0.826084788342801	1.12443502035457	0.631428980304132	0.20698082864396	0.447469543632467	-0.783890180685569	1.2669315042481	-0.493924294087995	0.152898443409619	0.559712328488811	-0.355658309410594	-0.78881237637822	0.226196668203459	-0.839083056861273	2.14954332623628	0.0842149417299992	2.03787838701338	-1.1315902536451	0.693295074381263	0.482454147427849	0.16625871567669	1.49735213403465	-0.602658306911614	-0.0390165497373743	-1.02763736306301	-1.09154533502887	-0.531475735096931	-0.656722868279641	-0.983731746829312	-1.704796963704	-0.73761121540982	-0.922923764031591	-0.407091804480799	-1.2673217683693	-0.348428399221119	-1.12365867429156	-0.948870155441228	-1.1446720581763	-1.05836951729069	-1.05836951729069	-1.54193120355308	-0.309173570358124	-1.65977465057811	-1.32674795958856	0.429834038422689	0.330335990867892	-0.858051686243598	0.92704839291215	-0.331232437896275	-0.807386125037388	0.674906340644603	-0.217492583140939	0.363237416211096	0.607822059861411	-1.06475080581581	-1.09610633826718	0.494872338840143	1.27115015267297	0.794061657346172	-0.370166329646821	0.584635222690248	2.03425543933739	0.784037227966012	1.9069631105707	0.748100767815935	-0.0768652599954911	-0.427032876232015	-0.904631892988639	0.0859702765783671	1.30310245183128	-1.55099012887496
0.631138101907165	0.705366147978605	0.83123225968763	1.31616304498655	1.00356538102811	1.30816501464719	0.18029173719657	0.280945645226206	0.670013287731509	0.505547565572487	0.698959450662453	0.2161762119713	-0.060438573601614	0.117869827796379	0.176158746620487	-1.06035091052996	-1.56585907559915	-1.21087357581853	-1.52718245434709	-2.03419490234165	-1.04977370195148	-0.33380631133668	-0.922709375896707	-0.119177560376936	-0.855334560018769	-1.9590612267498	-1.09244178231618	-1.56866906482239	-0.723305644862201	-1.62119435472378	-0.395207183328097	1.02789602228906	-0.184094447963077	0.379792996153861	0.657795738798976	-0.0751457727503242	0.36081792803703	-0.820608899710402	0.653009481832441	0.398911492661117	-1.68767710465061	1.74950528379584	-0.0180761030593214	-0.223162748092339	-1.26253316967673	-1.64844176342268	-0.60229493477494	-0.419727037510405	-0.417730400605884	-1.65464247558294	-0.594627566962524	-0.717696869241187	-0.718998138304551	-0.337942408741926	-1.03973894981448	-1.32830102354067	-1.4062662057201	-1.12572377265797	-1.12572377265798	-0.939828457152081	0.357929617653056	-0.385775065498312	-1.77778989487025	-0.556625058376003	0.906831117380664	-0.334900436131814	-0.00168745894556124	0.0608231978006172	-0.397589372112274	0.297742753286782	0.118704967935115	-0.481803440070192	0.406524116451468	-1.0322802190125	-0.377274681219268	0.98540802591715	0.88758089059422	-0.791334101263409	-0.395132759676678	-1.6098279633115	-1.8484769018811	-1.2512169908091	-1.85585289738027	0.42732019271917	1.14758366967652	1.73143657968993	-0.762580051414288	-0.541434933016195	-0.83573308975834	1.49123051512264
0.414720443703795	-0.684907405825232	-0.68772269984528	-0.447926424093012	-1.18451274364549	-0.958926385675296	-0.2161680177423	-0.512606106306118	0.205416832492566	-0.169737886023761	-0.962829808237927	-1.21622363386713	-0.838979191065426	-0.211343504118162	0.0482490993339071	0.511616531762272	1.707888691849	0.881451126202945	-0.0955798969388485	1.21458733662642	0.1195124187091	-0.0434693274375492	-0.0508774524958695	-1.28297798354864	0.478963698250624	2.4389879701437	-0.61067771279842	0.724664699856165	0.577995654325018	0.634191753411648	0.0902541848020431	0.404067725611782	1.95924438553575	2.55245762905558	1.51452678759623	-0.141285092075053	-0.267008626407829	0.801780351884969	1.96361022072439	0.829242124328024	0.189382382246581	1.20891529952497	2.65733452953843	1.08519500824884	1.56522131326087	0.38645291690784	1.16775273417578	0.80208665416984	1.06060263190331	0.441643475142776	0.569293483883132	0.361310098203087	0.676617867003258	1.01570943786795	0.996226015256933	0.535441320196434	0.872370053974295	0.860834713595118	0.860834713595121	0.804805237288692	-0.400781956187638	0.57467232550825	-1.05932986477325	-0.476960727905858	-0.00707056735018151	-2.4225821099477	-0.64942779338826	0.742191928331837	-0.974778757410337	0.111065238414394	0.244861312696563	-0.682430288865823	-0.48585664808365	-1.09334149774428	-1.5586912901884	1.42802509050083	-0.242396983010336	-0.0153736199531345	0.231755769033307	-0.556198906828463	0.412613082237657	-0.387231562765652	-0.830100038644154	-0.700034057329427	0.901568874829314	0.287999234704551	-0.0761773839345556	-0.313052127772339	-0.149026209582149	0.561661660784876
0.9007427049391	1.52425833689758	1.0178648163216	1.54734574726599	1.18974060947269	0.863723828442571	0.830848152007744	0.849546673462002	0.582519719752613	0.200621220872518	0.716437223977831	0.958616442008552	0.800696478491968	0.871949295009477	0.661120085816454	0.905597075088124	0.656007605876001	0.715818424202805	0.567827979692721	0.745845355386578	0.777066088697535	0.863893732781125	1.13838916845132	1.62244005459899	0.699896749568025	-0.60203278852938	1.49959649100477	1.1589825600502	1.02949979959424	1.17066888475471	0.463954263177391	0.125652499329383	0.614207942120661	0.397522474909229	0.121838243982472	0.342367578541052	-0.648402000739025	1.02887115170459	0.717772771812544	0.443563696577557	1.39831538654469	-0.210303035057239	1.39068669992665	0.562302414966033	1.39926517823512	-1.13432855944301	-1.26107658057716	-0.811175273249309	-1.2784160552756	-1.79039198916885	-1.00595354671352	-1.28759627251518	-0.882681943915703	-1.1100520204571	-1.11052331895658	-0.695051155755432	-1.1075651990941	-0.991199256499589	-0.991199256499581	-1.30339622073201	-0.336049210946332	0.483631592581783	0.276538583207091	-0.623965430972103	-1.79864247327492	0.165977715479505	-1.77481420893096	0.195446098478857	-0.590596693963111	-2.1236410838772	0.348888251855357	-0.689318567886196	-1.01304070641051	-0.915123087999791	-1.36294049217089	1.4443041787175	-0.976178584543308	-0.999913457332104	-0.561605773010518	-0.51778243861718	-0.455286382989601	0.594008772148167	0.450631633917596	1.72690942175175	2.07180681463573	1.48225862411968	-0.631113558587653	-0.757198341823574	-1.01083545281806	0.173864635221847
-0.158691497643413	-0.381866158356244	0.0988942095766425	-0.374246788845494	-0.362786496598062	-0.452928694999589	-0.369662976741541	-0.312835332467403	-0.316360174499413	-0.143487017247485	-0.24526897892745	-0.508672093858245	-0.336186735362091	-0.49255034879874	-0.620918414894498	-0.0761685821377813	-0.0846345020829059	0.809729551478192	0.0324101744843522	0.236244281904996	-1.15647001864275	-0.643183265583403	-0.644627813267366	-0.7793789437476	-0.315817527152419	0.348721400870559	-0.0310715075691921	0.871827739109932	-0.101084961292697	0.100824129238677	1.08956097438217	0.151910347208853	-1.05011525187821	-0.938160907756482	-1.03767827924643	0.981419514368176	0.795048075026616	1.25809248434911	0.430761662558485	0.798881735656131	-0.0719299514086067	-0.463826440181762	-0.863790921715427	-0.761843089475083	-1.03887524590401	1.09432056584667	1.64183641187376	1.48481582830809	1.83472644871461	1.68802387100616	1.48569873297515	0.476833345020043	0.14096276806628	1.19585773907202	2.05477447796361	1.44656031012889	1.6151908591232	1.28454482744469	1.2845448274447	1.41836093207825	0.274700941595509	0.00321247521062287	-0.528177566121838	-1.25001500191504	-0.42701651095525	-0.0840811750386947	-1.48306937801986	0.7334429421341	-1.46817454440888	-0.658353874790512	-0.17299490719981	-1.77477758891409	-1.27741052398264	-0.120327968313718	-0.0412471854121144	-0.582745329127627	-1.48629891775999	-0.256334618540481	-0.320547530916373	-1.91683214653177	-2.47049080111308	-2.05239507052879	-3.03633270557182	-0.174933414344429	0.595244269242774	-0.282288937879294	0.789862513267339	0.730265399380463	-1.0814110981327	-0.914680652030264
0.529698865265686	2.06503458446043	0.86253007942303	2.03926809081523	1.231796607351	0.175256200553942	0.56726459630118	0.589411547306144	0.471258997468898	0.143602931856806	0.287260907970829	0.817378987318453	0.719486712336551	0.867837963263356	0.463524742040279	-0.230211955267891	0.610630684728976	0.201647733943568	-1.53889125173389	0.276194185638469	-0.327879127484491	-0.624064008620508	0.805561239394947	-0.14203624034482	-0.105922133697582	-0.433671699775416	-1.47357378427099	0.161419623072855	-1.51263058024426	-0.419902601576469	0.468124242057599	-0.0439616519355986	0.470517943038193	-0.343339697152238	-0.332643947358277	-1.05676275142996	-0.00536461413309508	0.438621098383076	-0.269062472072762	-0.886906304364173	-0.352374580809919	-0.0674321359573121	0.0301430957327507	-0.148461786928067	-0.355807797830279	0.839062279277602	0.79651527533197	0.62907984938512	0.65546639626015	1.15893473178287	0.849048940278804	0.703927781225767	0.783636783800299	1.20676486676458	0.145274473196615	0.259441390571287	0.619060614319443	0.376119581185182	0.376119581185183	0.797233094045678	-0.019410583781505	-0.0539600113776254	1.52689601839169	0.185219882750909	0.937015164699827	1.9620578570968	-0.0764228529170215	-0.722246618255117	-0.618225369752778	-0.075976720684518	0.570059496779344	-0.112049363180261	1.11817938060231	-0.405767459334529	1.53237102581442	-1.38423755218826	-1.00177103734658	0.18453385309089	-1.17850577507346	0.608535416393619	1.19035754298498	0.695230806858023	-0.283418608661288	-1.89187471263131	0.0495211712995216	-0.333734534802831	-0.0876387266678212	-0.139550537392593	-0.912379440388761	-0.277321669766748
-1.04001662333766	-1.57286586044133	-1.18291671334265	-0.9207307412779	-1.1495983252047	-1.99201444811241	-2.25467571710287	-2.15424538253547	-2.70418616235963	-2.34331130720787	-1.46477556084123	-1.38957591681193	-1.16910807344623	-1.12406668255194	-1.19741202912246	0.778744318204027	0.818520262341387	1.12468938210611	0.802726909539217	0.881193357931332	1.30075364578592	1.0147469688185	1.3378081195834	1.39932508145196	0.153135623463948	0.278601745674122	1.38632361241929	1.27463070169537	0.89706696263766	0.777973930136259	0.474267613769998	0.281336438440691	0.91218449352137	-0.577156435084588	0.761018735360168	-0.602887551641332	1.39946166006471	0.751529168894321	0.404566943895388	0.6968504907534	-0.855208987778284	0.48434506164363	1.07087157300756	0.855768691962355	1.30053078823336	0.373683968939524	-0.0693761119642164	0.571797928358506	0.161203728353373	0.267691037605089	0.55459503894126	0.104854092391847	0.0918607148249501	0.505021042980075	-0.635359170091871	0.240913838145454	0.187806156467685	-0.131670023346596	-0.131670023346589	-0.0289665259819973	1.10842073648637	0.118963708523255	0.695253453909414	1.31420393062315	0.0781889336338062	1.3788600418521	2.23890202599366	0.240735950746755	0.172622135821059	1.12986937082662	1.77633110087055	1.03576670290552	1.6765178766142	0.0955171312099009	1.38306266087058	0.257728753444617	-0.711851384312795	-0.684055946343689	-0.937250575920476	-0.731958514082795	-0.00462705950099751	0.671410987857688	0.334266477336084	-0.277047060855125	1.41494022990852	0.845000466523992	1.02188609454309	0.218789741227536	-1.47867318368707	-0.513639553912934
-0.017703327415517	0.0550144379179561	0.0109452968892641	-0.461638844332701	-1.03554330423657	-0.901188312599755	-0.995121185903303	-0.700598899412249	-0.553461515172418	0.0816192186343359	-0.149731828964423	-0.137756238637835	-0.0924813392381635	-0.438688593408847	-0.424815687331135	0.618328131774629	0.990018111109495	1.54960794076256	1.60318022730714	0.472789146807903	1.79969089515338	2.10559632304959	1.74201617726539	1.05046009221404	0.625660426251007	1.4593632363861	0.547858932242485	-0.11412330705478	0.180548816305031	0.122726732190052	1.01521051457663	0.800177058018559	1.12013168438217	0.210875177939348	1.19215708459398	1.06544701769134	0.830603349746674	1.67024268201921	1.09706188890185	1.30493128218757	1.32453454080412	2.09137058729941	0.972370360815492	1.32162513189739	2.50219495996645	-0.158725472190759	-0.151191120320164	-0.405672953977706	-0.781813451542364	-0.063204800656278	-0.198283918860769	-0.0994852142844244	-0.540660316107874	-0.327359731824134	0.0562425168736941	-0.0416551381112785	-0.279286051438525	-0.2924557235937	-0.292455723593701	-0.42846665501316	0.125293988154994	1.34106479711135	0.353473760352666	0.330418775184467	-1.57637149815661	-0.442165450042949	-0.0473679665038167	0.498308443475047	-0.061536832731856	-1.04317769058733	0.226047047805782	1.0442947324769	-0.864424768082838	0.0633915126848953	-0.631319962388365	-1.21496825646509	0.0271844292702747	-0.407216275540721	-0.347693935359971	1.17844288944862	2.14757554839276	0.982560434094949	2.4031841405227	-0.557086357339094	-1.45305551085057	-0.525391812652983	0.20601034129666	-0.321848823879042	0.426516310922842	0.916894103131982
1.4728754722922	0.484911452654695	1.32823247064515	1.21282666876339	0.392676098663182	0.651130697650756	0.751947380263219	0.465176018983914	0.698669333290875	0.725340307189022	0.508946093644795	0.281928349929901	0.48997751168673	0.312561877446567	0.392902858524145	0.00123944929938673	1.16113197664918	0.818330158399859	-0.578500755268781	0.32043126771454	0.63306893722377	-0.154662508359981	0.470349450458847	-0.442862316383583	0.343165769351229	0.479724132672871	-0.514192797696012	0.784628352635993	-0.503357066680796	0.180280109582739	-1.62108551982974	0.0516735182835951	-0.336115426951765	2.54589554081112	1.07468461912608	-1.35693901038685	-1.74909666970646	0.930987351455741	0.204065454158925	-1.38087941458349	0.750803953428509	-1.32260880549237	1.09963559165006	-0.295798903615514	0.257610818352043	0.352570919357773	-0.0820503528910102	-0.317096011854369	-0.316922609595906	0.947543755930807	-0.0865437505699874	0.145522004866137	0.154600122036138	-0.126487328260617	-0.136775990568054	-0.208358224719396	0.302540326997863	-0.0305105059838764	-0.0305105059838727	0.333145491992426	-0.450011025296333	0.873734380447428	1.95119385728442	1.24891304123116	-1.33598642954513	1.25588433037086	0.727868234533122	-0.242805090670207	0.216279638427073	-1.27191317684735	0.338442262003021	0.867902891920858	0.217479927822867	-0.430268937793082	0.0143724061896775	-2.33342982231387	0.228125752043064	0.938565974001944	-0.307200493618416	-0.370577013433508	1.23038731217297	-1.39069194592607	-0.416379755342275	-2.93251009768098	0.144272993938396	-0.88131889729543	-0.77180951983204	0.831320840087201	1.95430222798509	-2.10732079365708
0.956377387234764	0.562822208639235	0.519655172422622	-0.797548634289907	-0.965008255837877	-1.84671695119954	-1.64904735139572	-1.2389727213506	-1.30830868681946	-0.650643222788453	-0.119240745973117	0.377265326044194	0.670430358285088	0.978995969179755	0.945823816515938	1.47697786139142	1.41020904979299	-0.117166402485531	0.322488405703426	1.31279907131686	1.37411023637457	0.60770596734746	1.03698773065874	1.17969787975615	1.67536014371837	0.798243708013857	1.51030641049973	1.31117630463209	1.62657998041843	1.70514190106443	-2.09707082370181	0.229403516084741	-1.04139482387455	-0.785452849467566	-0.404882155682044	-1.42515853844067	0.615033556713298	-2.97225708869024	-2.09189611045524	-1.66205255090836	-1.46674412096105	-0.388747288603727	-1.17625465760508	-0.730069056976798	-1.74741139408152	-1.60051164046923	-1.31528066031228	-1.78114412429187	-0.886214359921846	-1.68403936372581	-1.71724997349148	-1.20578695637352	-0.957839091929559	-1.64921404571752	-1.16419755068216	-2.01505072406325	-1.60721207983413	-1.54823308600869	-1.54823308600869	-1.28377454664045	0.694905259712409	-0.279874340435808	-0.851371227420795	-1.02499851785903	-0.89859855454941	-0.691847251834241	-0.18423256669083	-0.460203353636205	-0.0310130406006985	0.685318476661923	-1.00457562961448	-0.0721294941263396	-0.983277727289361	0.142956464261489	-0.188363614875455	-0.0105330254227508	-0.571545791047068	0.172841047551941	0.748233800908875	0.687707500691218	0.366767295479788	-0.0952372081965654	-0.249217228690955	-0.459458918010742	0.420884958494522	0.455319563720816	-0.809276417867246	-1.53079864554537	-0.106222229139705	-0.218082971657238
0.621207034400077	0.744048936891002	1.33895267290117	-0.213394269284718	-0.474357339581839	-0.169335178248908	0.0728864554192967	0.805649716785305	0.993890062321868	0.897973994995192	0.732139152391747	0.29164922156388	-0.0471229730463763	-0.222734040085241	-0.0347814406330486	-0.0348748701906153	0.292441186246809	-0.143155143061801	0.546643560340658	0.315170339965579	0.0383034743155378	0.112005384507984	1.23018264000215	0.310788045909505	0.0697441051297852	-0.251532680533986	-0.508101995135673	-0.0283947032293801	-0.958272591898281	0.754633430143361	1.43993652901578	0.375151702832525	0.382106022918583	1.13134775581733	-0.620170280566464	1.28803342381066	1.06727294867984	1.90385204138364	2.15555255667269	1.95261286511432	0.392532231395911	1.75434329877326	0.032126178860562	1.03209622387125	0.96489306857354	1.93496391003628	2.03724928947539	1.25425211416344	1.51127188231911	2.60805018312977	1.9171645309197	1.91220753255376	1.67734900778666	1.64049715323956	1.55224972693077	1.57108424514495	1.68944413539942	1.99224214893459	1.99224214893459	2.11007469232931	0.716625680671853	0.588373949707745	1.49251734819636	0.342921254921913	0.611472175952234	1.62527433571932	0.407289019746481	0.1318620754901	1.06043840011328	0.332907364534108	0.0709359153980518	-0.0130251461783428	0.984539276951106	1.53251334940858	2.08782499252807	1.30061624895005	1.02222680204611	0.633692915490255	0.522200453874051	1.253707584368	0.29530546088372	1.29887481501691	1.03740994360571	0.58975683267314	0.627833747447396	0.955587304764338	0.829783045771326	0.604935657630287	0.239140799206882	0.761304366146182
-2.02474110377333	-2.20768459096843	-2.7627410369893	-2.2555541907235	-2.34247772520434	-1.39767287208703	-1.63034560808201	-1.37096119646372	-0.791049898386393	-1.65612574917201	-1.63356928218696	-1.98901181631813	-1.78667119527497	-1.4843449545932	-1.57280691294361	1.04982328846396	1.57506169923326	0.375092599436296	-0.0152292856939719	0.864762729843362	0.24846630306702	0.214748711423488	0.589166281212585	0.00494545200584945	0.911516159978581	0.198410594482072	0.216684518506706	-0.364397032049476	0.0215524571202738	1.30356302496799	0.400782151412514	0.29968688405772	0.313609622337339	0.385808712353922	-1.91034352869012	1.01132647678675	0.326997915900623	0.500668463200424	-0.0993788552348908	0.505036790572026	0.16418615336198	-0.184921491736046	1.16855620173126	-0.65179361668611	2.03535460451185	-0.52992632899323	-0.152728181626163	-0.156728430254598	-0.326763958646324	-0.145327274491156	-0.0427587607278971	-0.386598357404442	-1.32633814877272	-0.653865518679307	-0.0384403472064757	0.528431488297553	-0.114777990453699	-0.0166019390075532	-0.0166019390075543	-0.798141948876405	1.26206424843259	0.0719412656746955	0.252613181773038	0.619972756207707	0.0660754292739932	0.50281301812649	1.23547710403765	1.34705486862132	1.14913820275423	0.311483743216029	0.262445132276051	-0.150794584925731	1.92310512763457	0.536756849989597	0.316582420257308	-1.52757769469749	-3.04404663477196	-2.51050500951703	0.84793307585045	1.1200738853157	0.500741735259624	0.107371429663566	0.0613522165410234	0.0962156972985797	-0.771902681469656	-0.935885823815778	-1.27428199506394	-2.35701511135663	-0.136246869909324	-0.374991263045077
0.491260743609371	-0.218109396729423	-0.49587047444433	0.797127400334742	0.859230104291703	0.468247499480464	0.0808646023091087	-0.256375592832622	-1.00661067943013	-1.04415378946725	-1.02503008185999	-0.539298874221754	-0.322245233716273	0.267310922619617	0.111607165802074	-0.0960637292611268	-0.511096061271451	-0.526538694792616	-1.01934813746685	0.0100763345153383	0.154016453928175	-0.151961247257785	-0.872598804597671	-0.333868261429573	-0.702075927102271	0.102159666041922	-1.57583540097839	-1.82730927745585	-0.0629649239033592	-0.834928779787484	-0.206985422536567	-2.11567753145761	-1.34734462203737	-1.52775488220608	-0.943992285416731	-0.998289655507516	0.0922853414598404	0.511425602590949	-0.186053983008489	-0.264099039770095	-0.507807919914442	-0.0237887809574942	0.625599758230989	-1.24601284693348	0.546837028159186	-1.01676350524972	-1.0337354110367	-0.709977306477225	-1.53076647640594	-1.43282852147046	-0.715137794566557	-0.694689343762148	-1.22683418972909	-1.93134060496964	-1.33798980636663	-0.669413629531518	-0.944315419097427	-1.32058945077291	-1.32058945077291	-0.964393519437206	1.35961067420355	1.41851328751634	1.76541137317555	0.660995194370493	0.584330565022784	1.54579297624944	0.0625963838555204	1.55878575915305	1.36856262198087	0.350524959835595	0.835109885610578	1.2753332217574	0.992831094696014	1.49229661201943	1.039023085861	-0.210997517777317	1.76272174223524	0.755746390228002	-1.34056769322196	-0.0646357817455537	0.446934243894258	1.10383985294108	0.473009748416154	-0.67896319278074	0.537394901112415	0.69214660503154	-0.0308721499922917	1.0299113812306	-0.231753832375054	0.0396996548780948
-0.33068708289483	-1.47462309958254	-1.5128586630187	-1.62989108441424	-1.14249994592184	-1.37272266794316	-0.565005502015907	-0.688077105646395	-1.20146854672886	-1.01955975384133	-0.860668833355563	-0.686807984266365	-0.395836249046367	-0.028837233190417	0.00586379389213649	-0.421125508089163	-1.9669260059009	-1.20903435229254	-0.21889039732997	0.115534144270635	-0.659378659510308	0.287823047830533	-0.910652285927235	0.912135144954593	-0.875694968822598	-0.377356400052629	-0.756516141854951	-1.66512446401395	0.388324940042498	-0.547979490222726	0.457955375355819	-1.00948345575191	0.129772842528287	0.193146035425894	-0.254885462259238	0.536962555604064	-0.394491492654244	-0.431585550931036	0.0499108141450581	-0.120798832703231	0.155872730612344	0.0822641484350275	-0.214889948931408	-0.37030585510515	0.260144308802489	-0.62649256350939	-1.07202977866754	-1.79984956882148	-1.05054057060677	-0.455252197424067	-1.15670374011319	-0.659290441901037	-0.555025465153853	-0.728042806525014	-0.306081524363968	-1.25983659493734	-0.909687983459212	-1.05882564481958	-1.05882564481958	-0.917864951829849	0.326617059919373	1.57716069788834	0.164824518589535	1.30197519166433	0.582855606719641	0.117199420336138	-0.847075136775351	-0.0199328127863692	0.707267549248384	-0.176909411153467	0.704763610394984	0.354139458739054	-0.804223741077244	1.44871870516579	1.43271703764942	0.154456946661125	-0.0688119794651165	-0.708874285870324	-0.489823179345899	2.0604460446799	2.07236476821258	1.46463503907243	1.76116316547487	0.0396179795629451	1.26829260293708	1.0334082837461	-1.53727319148166	-1.07777097634207	0.649368788544306	-0.213750184107666
0.679185637775968	0.384436318702965	-0.0719437884774028	0.53068172334095	0.287022581320498	-0.905617115603057	-0.378350244447588	-0.60542570970739	-1.3672508322485	-1.85107171105436	-1.12101124514974	-0.455441900724284	0.1674661273958	0.609525416691443	0.495017485699192	-1.57263006681623	-0.299474042810575	-0.96696003494447	-1.00894523515869	-0.673831498615948	-1.09424003411431	-2.57074903749311	-1.17247879435833	-2.64175937751187	-1.04271208606088	-0.00202299379566502	-0.723194407324827	0.526585507255019	-0.626598126629626	-0.823674593443427	0.302101258737562	0.148720023014763	1.27721438100128	0.0208147119177375	-0.15128032730348	0.287018275923417	-0.713576845339999	-0.540868316716517	-0.0480100248097864	0.203111612096951	-1.52644507134429	1.20126019173861	-0.397812178727766	0.643785214057613	1.20983381165785	-1.10245941409639	-1.08002084234766	0.326734987463342	-0.557878425791469	-0.427506938049268	-0.902701161171954	-1.10291720970498	-1.70731568327309	-1.41765702527098	-0.8999298629996	-0.842717163835688	-0.73739677103373	-0.708992030181	-0.708992030181002	-0.843456552988089	-0.655489589331212	-1.10803666822683	-0.645331348091939	-1.22915671368731	-1.30992865397768	-0.270287782947175	0.354426257093988	-0.813405035667781	-0.178843562862737	-0.562497001821651	-1.09210005600278	-0.895018577386349	-0.57286876329	0.0315699115207529	-0.362950685430037	0.114006291990157	0.382211354711284	0.170954234894599	-0.375924610023664	0.402567110482138	-0.814472779356451	-1.03613170218431	-0.940294032658705	0.151752613619732	0.978015734672308	1.29308847203209	0.172199275095013	0.86275215207936	0.458984524909949	1.45435423522658
-0.924366346662846	-0.690310545662315	-0.925880899287134	-0.363473677815183	-0.113769405246906	0.506501386908227	0.136329457049586	-0.206056151480822	0.120517322962402	-0.0412366039713106	-0.918803353495675	-0.847403860041019	-0.77255590350265	-1.01885848180073	-0.437386597869451	-1.7662389306836	-1.81050830214175	-1.27168707115427	-1.52320830780264	-0.808851679414141	-1.57724644146901	-1.75561822368089	-0.118232781855175	-0.521441623426416	-1.63309963099012	-2.26719622430366	-1.96286765680909	-1.68510823440484	-2.23734644791807	-1.35813073070179	-0.00277820951066016	-1.79284469065698	-0.210327236267933	-1.01740339228433	-2.44696187241594	-0.266834814263957	0.19790087948777	-1.08360770712696	0.455546709123737	0.269110931604527	-1.3104952805977	-0.0656355157156961	-0.550061785350371	0.0743619662941217	-0.570418516987641	0.770753723775007	1.39465432122099	0.77782859093881	0.516147462351591	1.19617772767356	1.12746555328523	0.853735654752469	0.717482422720492	1.04903255916648	1.05059299606919	1.04739083092239	0.951402546210122	1.21691212989604	1.21691212989604	1.01184740735131	0.183509730994961	-1.19763245090932	-0.150121625164471	-0.897707568682044	-0.509019680778794	1.04376699544608	-1.17769418113016	0.304509264548653	-0.341406542847992	-0.509989394518116	-0.859427502304029	0.424565385686353	-0.943387878828808	0.301845026272637	-0.651910493159931	1.55442853721831	0.9976303663571	2.03622125691859	1.74498114721511	0.385779722601554	-0.562508305011806	-0.386693985908323	-0.58069467625543	0.163393091006154	0.973062765860056	0.866350019479101	1.59211823883186	1.41436353584399	1.10229254939804	1.02861580010348
-1.20635402308464	-0.892978050297871	-0.18556521735896	0.525201277634172	-0.618966973633499	-0.0794323807046428	-1.08164710597452	-0.850704133027941	0.393297232913313	0.111727725779095	0.673146078208219	-0.465013973249377	-0.802978688152311	-1.20966978121974	-1.56478663415792	-0.103954446891302	-0.0379033662180112	0.43611997827197	-0.562946511078934	0.845409474285078	-0.0520405916033492	-0.0493844484194711	0.317534457593571	0.139388134733533	-1.06409879549121	0.319872486318798	-1.04286519200026	-1.00377920292396	-0.414740022535843	-0.14966307698017	0.446663054481657	1.69224313208721	2.71244495725413	0.671930556429722	1.87138952778067	0.560109870461544	0.502006576133848	1.50290415995536	-1.35562884325315	-0.218514977161197	-0.717660097609364	0.316568752612233	1.21071241363317	0.740907647402469	1.1520961541355	0.103330672169699	0.113368336567183	0.0594267688172916	0.581944817341229	0.120457560726955	-0.0301684092177316	0.427493620514094	0.775710587721564	0.0134551637185175	1.42393212495573	0.123094755264229	0.154792095015886	0.784132869860223	0.784132869860216	0.690999146369585	0.174243621363719	-0.925663325405777	0.559244465266136	0.39908028591085	0.993536039482912	1.19759955373939	0.0884422760599765	-1.00021231766055	0.0405681927175101	0.155752032421674	-1.12145957566247	-0.799435148335265	0.739469007873621	-0.651380254085459	1.44070437294588	0.849116434696439	0.021980922724318	0.938196076416529	1.39051664761432	-0.12613430489767	-1.6635562575442	-1.14821836772547	-1.51845920947898	1.15358837461054	2.13248606329361	2.43722391117069	0.423383171402585	0.515345531457538	0.609549755428105	1.59145892237958
1.0249714375019	1.62107779203382	2.3495020034615	0.405462654761188	0.815657417357069	0.583552101695633	0.199477075977257	0.507724730981405	-0.0770812731386033	0.888734166283485	1.72749989368512	1.86766804972238	1.80201758187032	0.80563325284263	0.586496167237918	-0.95966729706306	-0.300754166280492	0.146017906708362	-1.05690198678713	-0.245229171667042	-0.427556696789514	-1.07295742909487	-0.635291064625227	-1.50189338524727	-0.960062775321196	0.796233996693827	-1.09863920556527	-0.520708249457737	-0.682158064296257	-1.68003986998508	2.45616128501626	1.41126834345919	2.19294056212312	1.50201749113642	1.78189743746855	1.17895959112587	1.98691383979614	2.1348808003185	2.17443329009175	2.00840512240995	1.1891435420263	2.49265527166615	1.11041146969025	2.86889566974354	1.09924437154374	-1.8027789338026	-1.9293932436658	-1.60217142521908	-2.26534706181565	-2.36743448647444	-2.31801826626613	-1.87655792878055	-1.60259536505303	-2.1404804542972	-1.65018858206199	-1.96620071449424	-2.00304035338787	-1.71197264229252	-1.71197264229253	-1.60222629765806	0.851563885923121	1.99271097643182	0.0656331925421312	-0.263800186993466	-0.439645433859908	-0.0910417877005226	-0.039224631992435	0.896987979059575	0.983462112137367	-0.254824306622532	0.686750118408801	0.691887856960318	-0.226309120703171	-0.153086634611881	-0.802176823756016	-0.239295618352008	0.15626048908377	-1.20410804964151	0.242978808887277	0.0858334878961814	0.113977740584211	0.50393668468115	0.219123048112993	1.05476457046075	-1.60513538515945	-0.497318772149044	0.21425390511602	-0.185864084252172	-0.247308121171798	0.879076416546206
1.36268996466645	2.55528193479596	2.30313792212195	2.11165295209267	2.59773162266371	1.81109880572716	1.76879369958485	1.8487751557073	1.26461675800452	2.08313894724133	1.682629843823	2.44012829871382	1.99699146842105	1.66710733114122	1.70715928097477	-0.633199293705148	-1.60113558870736	-1.06538719243885	0.884251957626891	-1.21992334363487	-0.187885295227543	-0.305848818860587	-1.47573255855176	-0.492440346953927	-0.066457680471086	-0.00510084762349414	-0.106896265868286	0.202059753684624	-0.442552314765367	-0.510385425713057	-2.44051426267444	0.443670622873844	-1.43644516761197	0.672299024253341	-1.61385053976597	-0.162008644596482	-1.05702346562857	-0.868717413141466	-0.149428494626003	-0.365507546992011	-0.0829487175938532	-1.81026799039483	0.736013575531958	-1.77477709536484	-2.17802059952406	-0.417755095377087	-0.186939248773976	-0.334584949768103	-0.786972659019889	-0.0975626033053979	-0.240831906657407	-0.32797383054959	-0.502676644141802	0.119448025952934	-1.69396998329893	-0.741916194731246	-0.91791715322722	-0.693692341287375	-0.693692341287385	-0.584938600852921	-0.228793631976304	-0.959992800063413	0.0436488561887286	0.474741596146428	0.588602796094406	0.250172636261976	-1.0797582556923	0.0401928406514712	0.018949907177756	-0.373488956014198	-0.0249051519732786	-1.60459686658299	-0.237619464268635	0.682701997649007	1.21052549764855	0.937472402103068	0.347189844272417	-1.21425083713252	-0.400702178104706	-0.588079990114428	0.715789807472897	0.0258339155774165	0.302283475037898	0.53299915613907	-0.443692377930117	-0.737565812832325	-0.836608950959136	-0.566162647710205	0.0848276246885667	-0.216968216142373
-0.450000401329297	-0.929004587355302	-0.872335572050983	0.472956445905042	-0.136362191636882	0.0796433538142812	-0.0723972257687402	-0.162509427360834	-0.173651677691773	-0.850760435896125	-0.603672744547575	-0.75810982725804	-0.879865215024501	-0.412628834526382	-0.975721471059656	-0.163603750729035	-0.476545096708667	-0.15028332166993	1.07701096088158	-0.867326856375712	0.644775778781648	0.76774792681926	0.825202004290486	0.874570799165586	-0.280042239065639	-0.821724903866201	-0.0491291058284635	0.274829531971106	-0.78074138375906	0.659338160152537	1.28878917675522	-0.0683118917940912	0.0567437777066017	0.226513125553299	0.184655198921981	1.86585180201877	0.667919648418344	0.0096319020234771	1.21557063353564	1.82604303348381	0.0633071739513575	1.31240829035526	-0.0246523868598306	-0.0135293268868982	-0.435280944252835	-0.168889555628668	0.263086590834002	0.581120432030385	0.366531826204955	-0.199960322662421	0.0134684841549661	0.0850918000265767	0.155677654808074	0.129686693799203	0.195227183062933	-0.160520847728165	0.189762854012622	0.225844877859509	0.225844877859515	0.0441898962018037	0.51853242796577	0.456587691076573	1.44780657148666	1.08151200559914	1.44528589346304	1.09261391854038	0.879070296613017	0.899589119078213	1.00334536132926	1.47257522472958	1.40296661165716	0.184062546287252	1.07002610662005	1.44793903834408	1.04816753376549	-1.71267600873521	-1.0659396817424	0.54683839793669	1.66276233990284	1.00769566075355	-0.192438196740837	-0.471298274525295	-0.15034284364215	-1.71785162047493	-1.65822301558963	-2.51693747620911	1.14019616813729	1.32670672104782	1.94000057262501	-1.31004006568629
-0.296392897334231	-0.436805491476596	0.550279889986958	0.0915549617305815	-0.563960478153541	-0.845061313711626	-0.458671126648399	-0.031202900818223	0.106285788684931	0.187867802407991	0.0842484103268369	-0.857797649362937	-1.40446384737987	-1.54413848082406	-1.05591160945391	1.42716763889339	-0.0827214725780661	-0.596803307220224	-0.728645890383222	0.877082466899619	0.266304438536207	-0.350985571391828	-0.312740907537233	0.620110306937516	1.57724582770619	0.591084076712879	0.423267891530443	0.309971889857823	1.53917740344207	0.501569491405933	0.565975161359338	1.10913842207028	0.821055221173193	0.802135347232363	-0.0279088583487665	0.952048145944786	1.43437499462069	-0.0581354566502056	0.126194387245563	0.665192633391785	1.24758462367773	0.600449459270788	-0.0401712348879866	1.47653139334902	1.57466763419721	0.623095779074614	0.0315980646125314	0.440744219667317	0.967992288818422	0.740945626561248	0.31857029558808	0.881269951077689	0.480006021805182	0.162321152331312	0.952718914744518	-0.124594182789883	0.249447722139253	0.442083852980145	0.442083852980146	0.399926890359604	-0.503735022436076	-0.897523808519007	-0.502766028450319	-0.651240990018961	-0.277407783612349	-0.689422791702354	-0.000849544787978757	-1.34876362230665	-0.458471901727726	0.0226609945385184	-1.32204680355601	0.0844401613983077	0.0427357418150166	-0.625048742540291	-0.486264384885926	0.221788943923745	-0.262288248457632	0.717010268329643	-1.35073248953096	-1.44720518367921	-0.815160972342939	-0.614963224100841	-0.582095249917985	-1.58799412427676	0.238821212869113	-0.783772158565822	1.06362053147605	0.62873970127681	-1.47358544196001	-1.23326104330554
-0.780641680082758	-0.394726425090329	-0.850308193744263	-0.504253892351976	-0.583108174700353	-0.280358324895439	0.287556654338204	0.0455709686317172	-0.183884812659588	-0.450212335178753	-1.41970277336806	-1.23829735182117	-1.65542793588134	-1.32482694748326	-0.823256507409635	-1.26141333159291	-0.1358416165921	-0.418804535853958	-1.80644759563641	-0.0650831254936892	-0.968326266598462	-1.17657260806312	-0.344738665759529	-0.94717754768291	-0.992961257663932	0.0073871757575783	-0.595181558462846	0.350354976213191	0.0469988704476741	-1.53591585252695	-0.741944509734041	-0.621125237322406	-0.128476408412217	-0.528900427175823	0.272800677387187	-0.555174242919173	-1.07085309965265	0.758163137390925	1.03993587136756	0.703705131020771	0.199375052691	-1.37947279171307	1.20105790543957	-0.37956989947469	0.864016353143873	-0.251655092967461	-0.678100563046005	-0.0999559315420043	-0.574572014042229	-0.563846776461846	-0.844394687502729	-0.35002874882325	-0.734661374090635	-0.783747517641448	-1.02769993539806	-0.941372160980951	-0.507750124518106	-0.928728956921472	-0.928728956921468	-0.907031994409091	-0.191115575652078	-1.22818812161361	-2.49596154703405	-1.1394571903299	-0.276813421002474	-1.78837117758713	0.0995483341073615	-0.264773397101723	-0.616278941357131	-0.0441096365403122	-0.439012195228881	-0.623501052799539	0.231751996244856	-1.4911274920188	-0.92825036608556	-0.76630435532011	-0.985343943620226	-1.174917511713	-0.363101595285712	1.13880107707711	1.76526020605792	1.17492080319682	1.05725089116101	-0.00441777783087094	0.729092208424808	0.392654333649806	0.34242389784897	0.588702967115856	0.503564575174986	-1.23388881004688
0.335292673820211	0.147870363029934	0.710785675607655	-0.290810649477544	-0.715613474455228	-1.10066463515822	-0.854307888457703	-0.775816764618031	-1.03753755035848	-0.560597450061325	-0.488935852064166	-0.488560935173148	-0.453690652491345	-0.808606827006516	-0.115100725012001	1.37433363592783	0.128852729854657	0.417278422154973	0.752436394072772	-0.0371435512374448	0.438151007401241	1.03736251032196	0.317603397980645	1.20863727059727	0.969414107163302	-0.0034189462516029	1.06072069655132	0.924926252073359	1.51441159057871	1.37359474158848	2.66985752863579	-0.318334464565645	1.39410835403157	0.894606249782886	1.05995762861934	1.44886549891585	-0.18092230460146	0.999024058347131	1.91268111176932	1.11072307029655	1.78728752403225	1.13632266699192	0.517495367289017	1.06201587919772	0.988957515032715	0.070898403700802	-0.529860694751318	-0.177676953899193	-1.07864396320874	-0.268271958069542	-0.6745610999849	-0.23204281445313	0.174714705849669	0.076717917852975	-1.65258969414725	-1.33928749047083	-0.79323918154626	-0.870521690353001	-0.870521690353001	-0.359790931450306	0.462070171610548	1.0121662066886	0.907924708372825	0.146517125166467	0.139172472647827	0.205384997238181	-0.949644873752533	1.96098640184715	-0.392504070342672	-0.951017649347352	0.978552565299911	-0.764785372505218	0.976399958647395	0.231507487478636	0.0877888527137833	-1.20577720230836	-0.737531393822473	0.829424148588146	-0.523438681597066	1.44634030321864	1.47280186296544	0.502731709214266	1.29899915270107	-2.26879502473553	-0.259355855966626	-0.877458671927576	2.1853496153896	1.03947425384913	0.0502257237434481	-1.83507052582046
-0.665668260192967	-0.514073084458696	-0.630618838784028	0.297029318663968	-0.274174726513372	-1.13463612927455	-1.30428334033389	-1.85655137961346	-2.00240885124827	-1.22023312281723	-0.946946328703797	-0.392929076800303	-0.249330416977458	-0.517537049909932	-0.419695922770734	-0.937012310327431	-1.38470395094431	-1.93069649445587	-1.62698822261459	-0.603999221069071	-1.3350131212092	-0.751833683501654	-1.6599733514618	-0.110835082664536	-0.777062396968554	-0.999439446411383	-0.690140299585191	-0.488372509829097	0.533296272361208	-0.941344315521448	0.343934268390047	-0.725625255126738	0.0804421999465166	-1.75299466819856	-1.65902593358499	-1.52576195876116	0.689218708363994	-0.67859215584257	0.00444168911590403	0.224117941649644	-2.14086843172721	0.172466844444718	-0.810784213539513	0.713367513707948	2.04427136816241	0.316625592950282	0.549598618923553	1.15477662303332	0.578731798084412	0.375284795481126	0.561402682964687	0.383602750102959	0.930958807393857	0.548254306636877	-0.039541299842372	0.403448392576882	0.588515641207802	0.501125222482237	0.501125222482236	0.784898635277161	-0.549256516941625	0.266606563316618	0.277889105022804	0.589420335979271	-0.440603829301075	-0.0627425416090946	-1.10723447077875	0.255007298479671	-0.291318344411126	-0.850064615973995	0.411024287084276	-0.422107364539007	-0.88198116188458	0.0341089758869262	-0.444073180846704	-0.81788799722758	-0.158954501592382	0.693631081632861	1.09341838089059	1.84887703656451	0.859994665033678	1.15053748102714	0.793444277645096	0.300617177959757	0.617916650796844	1.02924679558903	-0.802072640189392	-1.04009293302989	0.51678356166968	-0.82548269111834
-0.895806290104344	0.4715269716297	-0.253023914403324	-0.254735885297102	0.757479085925173	0.499134231607691	0.340255975281838	0.30056743165168	0.134158835246715	0.426449752573345	0.488026007555213	0.874588955815515	0.400814675797371	0.344163577203361	0.487263087610163	0.803611588147174	0.499513815529408	0.216210045510709	0.636144465994363	0.793281828930347	0.225127707172556	-0.677616537120162	-0.186689891512677	-0.886444855757542	0.898354615553427	1.93530663824153	0.416217596040451	1.12655463721926	0.747264666677803	1.00409824037083	1.75651126099961	0.513845712634511	1.98652774887744	1.16641647335415	1.26900273320609	0.0811219413502778	1.07977880616012	2.80012160878565	1.8939947730722	1.56852727106309	1.41673929806944	0.507607312069232	1.23492937380642	2.81914851617805	1.10268563890229	1.04791574083615	0.874693006154404	-0.00117638054920321	0.975570719515116	1.22872737187676	0.664816918682504	0.437420437287504	0.339566480850229	1.1524889358473	0.190730045643205	0.880266040987187	1.10675158167637	0.537559273707408	0.53755927370741	0.552561720345174	-0.245751964169748	-1.12042031683784	-0.147704831016796	0.267582858007934	-0.0863582621049358	0.508231967319849	-0.905935283288457	-1.24191384795102	-0.621078467912066	-0.17835672367291	-0.973105351591056	-1.07898067475023	-1.2585936907038	-0.581827111412083	0.0422849200520498	-1.16169847709203	0.176452997169266	0.413963120654102	-0.612087643294654	-0.357849430598319	-0.498111883376923	-0.107808973226335	-0.898949878445661	-0.438234464558435	0.870298849170082	0.665092920599123	0.680427355744273	1.60452160907958	0.0727988206769371	-0.780864749652383
-0.190532464798514	0.938460428343601	0.536339826517531	-0.0962976908424164	-0.244235058070981	0.43909539244227	0.00567526885524897	0.529838051222721	0.6065126838113	0.140109678046437	-0.181483823669336	0.383374903605146	-0.298299571417047	-0.381959037511075	0.0682206652291503	0.877868600814629	1.89350884693884	1.37901687889582	0.681346189205365	2.01445414464367	1.7677130353199	0.553297721631527	1.25612815189486	0.870500775362331	1.15958006501042	0.920097048606095	1.36069805390321	1.37631754469297	0.221348991762951	0.933831645033677	-0.404568160293639	1.68486841830085	0.324882052166917	-0.876033187059297	-0.0684908865761458	-0.585024292152899	0.465740030132772	0.00272379345980473	-1.46549875590034	-0.677812980249146	-0.718815494750731	0.594107674382746	-0.8969482534482	0.81827595154663	0.0612055105933832	0.715499928104729	0.960886527331654	0.259126421636599	1.01322711978618	0.584250975823969	0.163145533896298	0.790771129196543	1.09303665018284	0.672954184236849	0.73052941021495	0.066402187885633	0.64431157826645	0.817428033155646	0.817428033155639	1.10145102115457	0.280017778009149	0.620393084011165	0.835594448847566	-0.21352327446612	-1.46268302472501	0.118568830944301	0.855221024929065	0.368436837825271	1.08571521133976	-0.271779562591354	0.0460575157840654	0.188493863756177	0.497178793615268	0.223164521430669	-0.261998214353378	0.392145469284893	-0.388711178060817	-0.418861168721455	0.62708511840647	0.0720015044681964	0.21455376164034	-1.19911862973315	-1.15382925561688	0.778254558202754	-0.140522258676597	0.618434559339935	0.635782305550472	-0.748390501048539	-0.284310432034543	0.861122020769227
-0.74625443072542	-0.658105384073999	-0.688500629122773	0.189192576465847	-0.385393609514806	-1.18463644269048	-0.402088099679389	-0.344146394705806	-0.490949798955089	-0.666209984950129	-0.962340484925533	-0.717114743617056	-0.631730328007285	-0.461398005131901	-1.03483329356363	0.889238496135305	0.92811822534583	2.56917536583476	0.989603195161543	0.675553774384337	1.60842187126723	1.2691816593853	0.618420173007055	0.457398443016767	-0.226707919777703	1.4793022806012	0.681080803052404	0.829055674093587	0.953413714563159	0.385538705869362	-0.183827976250922	0.71411979193344	0.171187695206128	-0.50772259851529	-1.27872933122933	-0.633919554485415	-0.0234062950482936	-0.627747984092933	-0.691642827975045	-0.409989411621176	-1.60074713700406	0.189929617297351	-1.45016586467349	0.485717458469993	-0.295469940587775	-0.13018070261671	-0.122977025694403	-0.814141709459064	-0.33584134114083	-0.35573659929234	-0.437272467370243	-0.435541534765851	-0.0570423793169033	0.0765689166605377	-0.599690719908667	-0.269822741108672	-0.094858763904726	-0.462742223713556	-0.462742223713551	-0.465557903797609	-0.48733385694459	-0.781901318617873	-1.49976904920088	-1.46704660724412	-0.948549104181691	-1.3234506893261	-0.584951517679585	-0.279922061354619	-1.64160735009146	-0.94691942462639	-0.934191939387949	-1.65361768307876	-0.565880997094671	-1.32873290986273	-1.2783727390752	0.255322874241052	-0.46957322249872	0.580492435839735	2.3150253623604	-0.300191366197203	-0.432459995229357	0.240446423432401	0.821193259973208	0.93715979973172	-1.34779151515859	-1.20301778879635	1.20597008531814	0.971385055687232	1.33080786803566	0.845021582056803
-1.07589493294526	-0.824077435765716	-1.54584673607497	-0.915078083250163	-0.962057815913885	-0.227133772955461	-0.491428024854161	-0.79276721770227	-0.700812098037214	-1.23516097049312	-0.698364750129455	-0.347075344750093	-0.53012384695665	-0.270988128884286	-0.55779526187829	-0.334592369962021	-0.0845515624012312	-0.0239197165784954	0.743548522981425	-0.549867710352321	0.993657131006985	0.762294486560125	-0.362998739630974	0.0264794849560402	-0.522102923103795	1.04029463051415	0.112294837321278	1.36708072785303	0.610263983035742	0.216827096002996	0.374022512053391	-1.16367220529591	-0.119193412283713	0.350117295004379	-1.38336975278668	0.696538111508769	-1.31179847092521	0.662610988815372	-0.0140193374192524	-0.486041390913859	0.382491974377266	-1.48548796951447	-0.225412758449763	-1.30697586156864	-1.32029514004402	-0.404472313779217	-0.783038726233714	-1.86319943264522	-1.17500126825763	-0.322352222731199	-1.33743047119287	-0.841922282470552	-0.5591239643634	0.0945146413647503	-0.674424088829846	-1.19161949076678	-0.894265885184216	-0.752930761333245	-0.752930761333244	-1.03935571798244	0.621285119607303	1.41669486859225	0.122825660007178	0.36979991513886	1.39888638050833	0.996051709863697	0.0798861559065477	-0.219682326872067	0.0518998341407067	0.956524470280504	1.12999933656789	2.35299175891366	-0.189155825625599	0.388508998121893	0.235999002262151	1.31230243992692	1.28703250733742	0.874724495701344	-1.23626665242227	-0.127387883485889	0.107430971708303	1.05620385330533	-0.511106341975196	-0.770024081378052	1.44297617954179	1.05376969387215	-0.00577404584768963	0.18913984331778	-1.25840999078739	-0.158153590283982
-0.616727839213812	-0.843339797494068	-0.444251443409025	0.161598147171095	-0.316500869699513	-0.0619165704261161	0.297118105267209	-0.160741643656596	0.695611711892577	0.71651561860957	0.427379301521882	-0.475742113195586	-0.523743481427705	-0.640804334081604	-0.781542499850582	0.787911040937756	0.590495476282872	0.678908124996295	1.26945839520596	0.628214120108054	1.25775020459839	1.69895817584655	0.353861545310224	1.51244165292753	0.285980853634115	0.287601118357433	1.48206971325629	0.795463541828597	1.22776427587512	0.76270449541238	-1.989284457385	-0.522058257893481	-1.51243391936103	-1.8137510664142	-0.977027220206634	-1.82158645833466	-1.61604273674851	-0.490175137298525	-1.53962553640274	-1.19952465253503	-2.06430724164696	-1.81975447553835	-1.87291830411655	-1.07651421373158	-1.01861479848295	-0.362188622083263	-0.510131804919082	-1.22694747340672	-0.888799536008709	-0.30453043674456	-0.579773581734559	-0.620822001212983	0.0770175409383146	0.210268136370197	-0.697827202137933	-0.719545662792347	-0.585529888879296	-0.693451540142332	-0.693451540142331	-0.301439274786481	0.127107192848887	-1.02682852598137	-0.185398011836876	1.06306063048476	0.762173552898265	0.971534459998168	0.174111768691001	-0.511766315035277	1.24353911985984	0.511656859600974	0.274977828845766	-0.952236837601648	0.0731165542529371	0.678701659160834	1.22704134104089	0.73007903936867	0.517486218846268	-0.288220631146617	-0.0653432471528694	-0.496100499805561	-1.6161445391068	0.301542003226552	-1.96886188641126	1.06583084209529	0.892575050311585	1.53165688310825	-0.585259229042672	0.134355935259997	-1.09537289910083	1.56263475568792
-0.704936066444799	-0.754268341988634	-0.39443683240991	-0.22787200400262	-0.767720249816908	-1.85565975436445	-1.92002129476526	-1.70824952856546	-1.16739730731333	-0.605597189577133	-0.154816965028211	-1.05407668956524	-1.3208046982328	-0.852093658183393	-0.983735862812515	-1.11056243098183	-1.04834705238173	-0.100316334823707	-1.24685325405603	-1.65354025062571	-2.04484298963506	-1.64900742947905	-1.47609182752496	-1.3833061214966	-1.01466087213303	-2.16249913007166	-1.05800844788017	-0.220043010387871	-1.769026645879	-0.735155876410903	-1.16788711468494	-0.425130327485609	-1.98021554074417	0.975476482311131	-1.14805086146493	0.378718314339577	-0.384522362656556	-0.580564700874221	-0.42469202117553	-0.921900856622749	0.151003298315319	-0.463915040259336	-1.55369564974264	-1.54606815951703	-1.84675285885887	0.274282118497253	-0.280583120971705	-0.403247245514036	0.399173344021627	0.038830629509309	-0.175558029738183	0.0783132770981418	0.298967797330819	0.112362253555339	0.250537009666972	-0.0828544235777952	0.0997898009689778	-0.0133965002647274	-0.0133965002647249	-0.0109447877924703	0.71009173139197	0.171281578173201	-0.53090147629284	-0.634537014636484	-0.409749412621899	-0.802297922442836	-0.385404385595386	0.0559205895297665	-0.253088122347457	-0.285489484581468	-0.327137136895229	-0.970478504820275	0.648819835269818	-0.875884576878179	0.0859737119208269	-1.68518282351812	-0.60907862855825	1.0103356014401	-0.673834723381433	1.24153769672218	0.966345998788609	1.01602818294417	1.87269680775804	-1.28726247316415	0.15124051658127	-0.259571151965581	1.37439328855578	1.83680424164294	0.725868777633004	-1.56314697555671
-0.793248855515424	-0.802308308602676	-0.214867462310874	0.20184059340951	0.0578676444379009	0.376955482744122	-0.621893376431278	-0.917472556204986	-0.00171097823959155	0.201500571322988	0.951775946313177	-0.163712334602097	-0.513723173348917	-0.434940443807513	-0.792057950124085	-0.622036464792312	0.693713581215889	-0.0177028904707723	-0.8205572122091	-0.0167508523847773	-0.945414061796103	-1.70231538642151	0.33572154683728	-2.00203803808468	0.272411914283617	0.31437518193004	-0.599306288897533	-0.949676645088637	-1.52224261943956	-0.82842003410159	-0.0479205368053064	-1.76702954763471	-0.128692258910282	-0.44767248595638	-0.295578263061128	-1.71985446915886	0.00785663706097253	-0.198854162001123	0.443826559409643	-0.638655653412207	0.401439575066629	-0.132976548080577	1.4162318769914	-0.0352968135233167	1.54774960106973	1.01562709246267	1.29661003303833	1.38264245266921	0.548574072316292	0.833885700404207	1.56149702800942	1.16695245276045	1.03331008041463	0.782946941396582	0.764183567543401	1.65605234335272	1.28800577596371	0.986347123597269	0.986347123597268	1.33667970572965	-1.1254342158235	-2.62724898468356	-1.65556099159795	-2.42818326325204	-1.41438520966846	-0.39984816444853	-1.79795054007044	-2.54836006050301	-2.68443044787465	-1.69693306407499	-3.2548048898762	-0.987337680430452	-1.83850565803881	-2.72538403847454	-1.05764662035026	-2.50068581828898	-2.04742649006383	-2.47743314279264	-2.36715466138777	-1.28677739306791	0.478159159130369	2.16118651627585	0.442335150849308	-2.96724127305524	0.845174767649985	-0.00661968678317224	1.45679484066341	0.750268180146209	-2.83574575145546	-1.26209980118953
-0.158176907416539	0.3487352436019	0.587717575312667	0.10606538492309	0.00724289577803016	-0.158048028253612	0.212785892254839	0.453779834274263	-0.223817509500743	-0.44401605191873	-0.873907279753111	-0.387021054112361	-0.486404521023426	-0.842429374403244	-0.709981540645782	-0.644595055668152	-0.812217141391796	0.348125993989587	0.314287683122805	0.00277999734017656	-0.316980754998815	0.0340675422563979	-0.629611415421118	-0.098751673549032	-1.04191901324	-0.456742878144909	-0.195224387750858	-1.16206384098665	-0.529537684162343	-1.01665093839747	0.914923072429303	-0.0111583208944655	-0.501308729760793	0.994079325259086	0.797431655034219	1.46393998841487	0.139948407863547	0.895102838217008	1.66384758714156	1.37412008197886	1.5008531888034	1.37314323530767	0.468973385669507	-0.403737657219776	-0.192548682503925	1.35823323214534	1.81626431472328	0.405462935169728	1.19163828250692	0.860129945638448	1.12814122553515	1.60062065832039	1.83822208060703	1.84841932943997	1.34124308292747	0.720643093603417	1.05009553129574	1.43050416220425	1.43050416220425	1.74606795894265	0.81378589588673	1.1856247947479	0.0693938722420394	-0.0813234653783162	-0.921496601111256	-0.742592067210266	-0.864111973834954	1.10538062543066	0.147214648739342	-0.476885831083898	0.507980544489102	-0.434363562263932	-0.275045157163071	0.331865072541534	-0.235472730350366	-0.379533919093057	-1.48783592431533	-1.38078161886914	-0.480965408004319	-0.50645583448212	0.0258455381423295	-1.72963693090468	-0.73756177413747	-0.363740570667031	-0.136508332535369	-0.375109967809361	-0.258653730707879	-0.413975544717404	0.29243082129677	-0.057828219689166
-0.935577950632817	-1.03637550020349	-1.35670000587164	-2.09262120010782	-2.80048828318752	-3.07256343197536	-3.24414641402352	-2.80096927063159	-2.62676696641541	-2.72779511309255	-2.0034013817393	-1.60684983931224	-1.13319257504451	-0.966879812634387	-0.87298902468113	1.09504037587215	1.13716020129481	1.67977083354662	0.776656885296488	0.275139708756615	1.67159216604764	1.31299986696263	1.11626172106644	0.710634951279254	0.924992058816641	0.902789222176449	1.1526996949386	0.0792329966485887	0.727772013603769	0.10759615867833	-0.264078421185742	-1.21830995684848	-0.775151975270419	-0.17831421788344	-0.467610697282169	1.16151354174706	-0.652972830499842	0.224654791833964	0.0641338836918836	0.501007319561884	0.355207450077	-0.926271482307292	0.675704169194659	-1.52003535787777	-1.13573016607283	-0.352232809093926	-0.558897638603084	-0.643544731643157	-0.495752480843134	-0.258196542721199	-0.385739857756751	-0.890772810407307	-0.357041157242402	-0.648956182153091	-1.16642113588816	-0.638326605229193	-0.557184313708357	-0.884981070985302	-0.884981070985296	-0.558581380775092	-0.747773306314537	-0.0888315721615691	0.701743985645457	0.340333508660758	-0.281786206512089	0.325601949301229	0.718359064787952	-0.979417012038541	1.09216929994469	0.0674205416335271	-0.179883210973408	-0.351105673960717	-0.136503044828707	0.673950709986168	0.517189535950007	-0.468050998237257	-2.13948720372835	-2.09057650341164	-0.52109806979021	-0.224231053973999	-0.802198602101463	-0.938485951887205	-0.133412546090779	-0.673179019760525	0.441731569610667	-0.0888111674320119	-1.90396271781844	-2.88568050507712	-1.24090758474047	-1.05480814771176
-0.0164541226378196	-0.592050974578877	-0.472496589547787	0.468682800992005	1.16904746493658	1.27530302057655	1.59994303493451	0.891941618795862	0.330051781254569	-0.499455159305766	-1.18431546353555	-1.46205929502553	-1.40329765441261	-0.864305698635599	-0.344893624490587	-0.249630857812086	0.756737970373075	-0.765120415951896	-1.38148673426509	0.134892388781078	0.277279909230462	0.297993972662298	-0.359882750237693	0.127443996062728	-0.230085885802921	0.48088954127994	0.0115070384364357	1.25617071531174	1.49212557891399	-0.413052153100116	0.877671670903618	1.59355616926483	1.18023814675528	-0.54733072808457	1.26106544232414	1.59056050391808	-0.766224264778669	2.2683367915939	-0.315870078873573	0.665282768617817	0.924479631764009	0.387243529716763	0.432109261321861	0.425028935682522	0.17526774261881	-0.374895502359761	-0.714164678322255	0.424872470137576	0.021350730924021	-0.860316687976117	-0.262880679378668	-0.443646529595521	-0.360104294867006	-1.25041108226436	-0.0614024036120704	0.105943525004751	-0.393713657432146	-0.256685222976337	-0.256685222976341	-0.320737748613575	-1.45667390414032	1.35171323882156	0.932002477973866	1.41075242996904	0.00712902051153904	0.326011578303413	-0.200595827106374	-1.11145530443601	0.455012800050246	-0.496718372912121	1.60320202804142	1.93347342164287	-1.10439899265884	1.00578222645706	-0.0446678362285286	0.820136826489108	1.56836980452664	1.27677973030033	0.673363344782329	0.124680878535331	-2.38340045924941	-0.36621866028701	0.138812397804585	2.77973617972824	-1.71240968518359	-0.206137558400484	2.44859445494079	2.16398747808187	0.298550159074401	1.73751210520003
0.0405852975688413	-0.0990092611583625	0.0944283956202481	-0.529159400112618	-1.22107122067603	-1.66048207528599	-0.831857014924624	-0.643307391598552	-0.122156986853524	-0.148756135427545	-0.598019170063817	-0.528634730597144	-0.122138487633318	-0.187637363209963	-0.105164921888562	-0.0870957583977403	-0.657591500804277	0.221966306944314	-0.710212664257446	1.5622740073311	0.525791735262377	-1.52975393669242	0.306162565204869	0.159150421175244	-0.385591133571523	-0.15009337327488	-0.326841808201979	-0.159722404315793	-0.0735946135264736	-0.512748741412744	1.40778907547112	-0.15333711459543	1.31553936024652	0.986336568450795	0.499483370233394	0.335124247483356	0.451285608112231	0.119648462328851	-0.158785796651308	-0.447093429527455	0.716919917005001	0.49133277503383	-0.137526172600996	0.753011577793375	0.628005264865843	-1.50233490381741	-1.66568530152339	-1.24318662779761	-1.7356423172207	-1.34805642133407	-1.68216619712921	-1.70117645609629	-1.50193134253307	-1.0769141362874	-1.83524777801417	-2.223485335828	-2.1150489306439	-1.92996915406904	-1.92996915406904	-1.94774622930257	0.131845515563167	1.5091050356768	0.0678031582064503	0.83192946961558	-0.132525823211639	-0.644259786239018	-0.00790831776903333	0.713122823191315	1.42547350796172	-0.711744205144364	1.06320864115283	0.588170691021884	0.762198897414143	-0.381309277403406	-0.511274098485556	-0.00948531605466663	-1.18780845410151	-1.38113531995703	-0.548031826996075	1.12995478333401	0.560871890427655	-0.187455250342985	0.360984295146779	1.41666009732171	0.129955351321759	0.325186978077555	0.59111888967973	-0.495071757624622	-0.472866601908212	-0.594708748343409
-0.0312909807248306	0.0794936398744585	-0.128959208437157	0.649739078769217	-0.344780486126888	-0.139503334822513	-0.177870960821673	-0.381075443666216	0.426150127178362	0.581716109481056	0.397046895919615	0.0357594154976575	-0.237742989091009	-0.238405167229889	0.0720130208704236	0.244484995192333	-0.0806787792996961	-0.598811183701246	0.289831683865819	-1.40666051540578	0.517382796401976	0.216628593397001	-0.494918603713607	-0.433478667181191	0.937385550724975	0.130059890709075	0.875721758003909	0.280940386554385	1.0980240954336	-0.476754850086163	1.09657066082294	1.53390998901432	1.42153105355333	-0.898886006350299	0.766960487511845	-1.41963272956476	0.87674945316443	0.717574474325442	0.125784630312173	0.0595406137530762	-1.13816695353218	0.639078431151514	0.336114410908149	1.23160301489005	0.230677759755849	-0.0451194139062497	0.278062869975692	0.163784348039682	0.289381687570907	0.00797140882124396	-0.203569857287404	-0.124486984475513	0.241269180268309	0.737191343406797	-0.41144121488638	-0.185364291750306	0.334015724683147	-0.0873459956904086	-0.0873459956904124	0.387600301925981	-0.202159345082381	-0.327126285381581	0.34920928275534	0.257159843613273	-0.34837229668569	-0.104613166272123	0.104912759706164	-0.211830383724248	0.582232240129242	-0.164481304847458	-0.620685178336569	0.00366006347908963	0.147349341722571	-0.0490800765366979	-0.207972028045825	1.57883496831176	1.75622216971999	-1.10729627877366	-0.810541854938109	-0.72057687480284	-0.281919077651512	-0.325014072862547	-0.178985280289822	1.20836487907807	1.05221869125544	2.59490691405611	-1.08032399978711	-1.52931883691172	-1.1836948757748	2.43610429463087
-0.381778097707517	-0.244343802485214	-0.0759764705033319	-0.933167443562455	-0.811870000269432	-0.291890625600551	-0.331420391694704	-0.262897935481414	0.219681024245572	0.255498623733742	0.50019919749256	-0.364333471379133	-0.595201164854096	-0.569623167551451	-0.759550889863364	-1.44074812424338	0.634332222914859	-0.0800318543550356	-1.60393422189209	-0.656805169718886	-1.28813432385994	-1.54173318965038	0.122360934028804	-1.84911176442726	-1.43703930260785	-1.08522060285336	-1.50424564233065	-0.802890997259854	-1.73415505288631	-0.503118677910852	0.0898912279157369	0.185402575426775	-1.14632216412105	-0.562613068808392	-0.866809761859549	1.47610561245721	0.614961175451701	-0.0471834047348552	0.639595821113371	1.44599024539831	-0.847301441119159	1.01686054601224	-0.956899147839634	-0.380581089079266	-0.713161053367169	-0.216897536757826	-0.27247497603573	0.939928050669394	0.208572284942242	-0.746847168841811	0.293342379745551	0.0941654615372311	0.437639392466443	-0.128005963241861	-0.0341828926995665	0.301050852982763	0.260966662017881	-0.396170986931523	-0.396170986931513	-0.17660669693248	1.56441650781399	-0.351875096277638	0.495363601019186	-0.669862561632578	0.0707850963303872	0.826635216567097	1.206701204899	1.27799194454052	-0.595207728028352	1.79054853252803	0.474319482050828	0.0874907875293071	1.03199486487756	0.0905949182727485	-0.244870053964752	0.735171308385933	0.877370921580825	-0.297779060925234	-1.09616506747999	-2.11108418721778	-0.224835227055096	0.814280924629451	-0.373571649212489	0.627871215837584	-1.34332680178626	-0.415580998634495	-1.10067786227672	-0.860505381197088	-1.85295186040174	1.65054205686951
-1.52217744490956	-1.97649916911736	-2.65481955846894	-1.44148785822775	-1.75931258262033	-1.2795466566876	-1.37139977058646	-1.74706495495296	-1.83653146985719	-2.43717991235617	-1.44325883067662	-1.13980144495143	-1.08737151881682	-0.47946750987028	-1.38990054490302	0.0345371101635663	-0.858609846751962	-0.738239774741693	-0.563040371098831	-0.264281227063184	-0.641881634324432	-0.802566806090709	-1.00339599850002	-0.616782030835801	0.588946884873081	0.183801709631606	-0.777412260868753	-0.441909752861309	0.0683460676584117	-0.203058268190047	-0.147804751667881	-0.109414865217372	-0.902072606185528	-0.458717041379009	-0.842218383089704	0.632950430360099	0.504277843883417	-0.251781313513998	-0.0232399264333867	0.192354836514195	1.09841440812924	0.105213124413051	-0.594111402992052	-0.211645581127981	0.786631783637667	0.979900497199542	0.0159699230430354	0.384080396626438	-0.444092066160553	-0.13548274311823	0.295713563070346	0.748820963404218	0.653160098912613	-0.0649609913641098	0.0165376243262936	0.265209229682536	-0.0136927932465165	0.186842444954151	0.186842444954155	-0.0964750605540295	-1.12160618471432	1.05936289063671	-0.111094419479248	-0.115188156777371	1.55333949553982	-1.13282070459947	-0.56432660151701	-0.120765400396433	-0.147603050904009	0.303549302857243	0.717282053810622	1.03469192522923	0.196610913640322	-0.530195665231889	-1.15141637740031	-0.0830827488812739	0.877465516886681	-0.117423093656788	-0.0758377936398437	-0.171228235950799	-0.988586491849832	-0.203448930708286	-1.10894147221961	0.89364619796807	0.136478963555723	0.639235992808737	0.405850348120433	0.766000196015309	-0.122590898182879	-0.10339720353175
-0.0578449791135595	-0.141108315550508	-0.23133970020941	0.272179332435447	0.0634854659605373	-0.698035941270533	-0.816259452226253	-0.791524166985749	-1.59325300789897	-1.53029771926837	-2.44597467906315	-1.82498550110724	-1.67732988694706	-1.43096607156913	-0.551669276455756	-0.773830465171356	-1.49464797048797	-1.10555635859025	-1.16010929231186	0.207318240942693	-0.919468332735877	-1.51142173935004	-0.928970224941068	-0.53337626124183	-0.472603572636648	-0.693512336027329	-1.06737718832284	-1.85987920696976	-0.943274229077188	-1.54327217197089	-0.136509837819781	0.00599446143481698	-1.04278278231827	-1.03448999089572	-0.282294433430706	0.218189521824145	0.149685684407794	0.171673285140236	0.229220018780613	1.05705182465917	-1.68695451105818	0.384036489296413	-0.494691965202151	-0.700323682260126	-0.311393842138615	0.44857847849732	0.589936161990544	0.437981005390885	0.795015195001437	0.865705899052295	0.580669105339817	0.801256695752378	0.475450962874961	0.433870186978244	0.127848153494552	-0.212882868660736	0.0195387838736427	0.429766951455249	0.42976695145524	0.7518255514877	-0.475679750569388	-0.907077079074804	0.620460786855309	0.27298077938854	-0.422102817987321	0.0588183092677564	0.191025755238826	0.0290404039662444	0.205110232058781	-0.496112650532775	-0.0349850575193916	-1.12615717236728	0.778064819900856	0.0277415924032329	0.403186761294	-1.72697158301702	0.187179211749138	0.781517287935795	-0.546328987928594	-0.774915279501452	-0.254379067371922	-0.606679851865606	-0.425275003510343	-1.38773559482786	1.0594486170401	0.821974959005718	1.21910781678615	1.51961371036369	-0.0590012367293477	-0.66575174076923
-1.7369516991777	-1.83704419317811	-2.20182839872574	-1.3805303214241	-1.09057605370291	-0.747634850662975	-1.09246544139379	-1.40685543909288	-1.40895481518942	-1.48063256194579	-1.87116897615884	-1.49961454817334	-1.32527815757333	-1.12578100625911	-1.17812827946145	-0.400434579425984	-1.11520280590138	-0.757360870018021	-0.164783807221232	-0.315365055440466	-1.09242744004314	-0.568684356096949	-0.964679606897764	-0.00724923587278206	-0.561580421780334	-1.16708870941532	-0.620604738476465	-0.597601812004657	-0.998445658033933	-0.120290833126602	0.978522347940958	1.58508580664742	0.422740081452717	0.7586291336326	0.652307775031975	1.2470168315841	2.15877312195185	0.781607578910762	1.3476340987506	2.27544857762321	-0.432913390674149	1.6035292374061	0.0568200100188156	1.10545947658987	0.0787950149712384	1.92734812159282	1.58685808935748	0.781366307304923	0.900970464692684	1.92260476914528	1.30262370760107	1.87861958627096	1.76477141378866	1.84899492739428	0.673041040561164	0.891655215854783	1.39407034914927	1.21150671344296	1.21150671344296	1.66567299237677	-0.113156142911662	0.875120905150147	-0.123096725544335	1.20401644317789	0.937317205696613	0.29735163731875	0.713628643121396	0.458538796602919	-0.657630578634409	0.650019217146629	1.64322219044168	-0.243380548473008	-0.520074099383666	0.502276386095988	0.61029554815614	-0.755918433277246	-0.879579071693598	0.00632304895025422	0.439929926833427	0.457430661405337	1.10311266184749	-0.935326837848655	1.02159182009734	-0.785420737319176	0.891736617472145	0.00515643978266059	-0.18370187299097	0.0484883199209758	1.58842423907838	-1.95648329695087
-0.157670759218607	-0.126937661483987	-1.14735685369404	0.522427988617645	0.684339505893689	0.764209104755823	0.987564907191755	0.55524525956688	0.606388952582465	0.592699720828971	-0.0332015286358734	0.537979405263765	0.487137204754096	0.971991927883979	0.526819269224235	1.40456555696332	1.36205069776998	1.94087548197007	1.17387779587338	2.53202405457044	1.56724302271718	1.38821511506718	1.89676347074269	1.65407361192121	0.942405865654818	2.13598479265071	1.70091441244012	1.31220119633913	2.02904618251559	1.48780204173208	-1.34359271583513	-0.920680806926119	0.844827299693305	0.511713544193633	0.0141211584430998	-0.304864750998398	-2.07392860674535	0.361607134718252	-0.440230788453723	-0.920226850857178	1.11858458337831	-2.02440782286173	0.17422084003867	0.358911452075147	0.0176567635015181	-1.27731854484353	-0.923087298545776	-0.628455079464417	-0.832344458362498	-1.48290695006842	-1.60167915735538	-0.979234149956719	-1.42702599227792	-1.34470882993822	-1.24699549371185	-2.14472730988011	-1.39004563749127	-1.67198468245216	-1.67198468245216	-1.3858738883284	0.698564863770365	1.54227859678673	1.26182885838153	0.357873035367458	0.280828963201397	-0.148605510819884	-0.23417704531052	2.483346123042	-0.0513214773753877	-0.232121344706533	1.44392607484712	0.439559214097639	1.26240799929049	0.353982442105878	-0.160068394953344	-0.956102479086119	0.612204028906193	0.599010387867466	0.139117549368467	0.684912522221642	1.22215140334673	1.38336645736774	0.876381625930558	-0.109715019851086	-0.219556212603504	0.107816026812842	1.16580554092788	1.50307121238115	0.628387888543045	0.19597755692838
-1.02173957548449	-0.98553586427413	-0.929888407515907	-1.23156060074293	-1.69607793778891	-1.33478349413081	-0.881048338847863	-0.895899833905642	-0.748254458521352	-1.10521592434735	-1.17434100586037	-0.918238410281579	-0.800535042684058	-0.962017546256263	-0.889839872565369	-0.438437677238665	-0.0729872560858831	-0.918474839719904	-0.14207466924743	-0.464587316908538	0.546682101609177	-0.32391034486819	-1.5441644993826	-0.923813247761014	-0.401696417312614	0.334498199161457	0.189085922945098	-0.219076944265045	0.526365876366727	-0.910024808608808	0.713353686545938	-0.838214085111907	0.312690688194011	-0.422398485921721	0.121319546028088	-0.649168576821459	0.450684805168452	-0.186675328778808	-0.23875645356441	-0.316900499530979	0.147549001197972	0.434756126383544	0.22792964241003	0.197933293933102	-0.212847095648903	-0.0522029792356194	0.165365413265293	0.366771318763537	0.680949635038866	-0.00684771147431875	-0.152584196190777	0.147576018525598	-0.264757736573805	0.267709498022208	0.365114280988473	-0.136312950706149	0.102132084883819	0.233527754271796	0.233527754271793	-0.0809033605948108	-1.20526689649617	1.0006613964136	2.61375968713422	2.84248273029511	2.56592099621475	1.26063572744519	0.849975662450382	0.586082344827932	1.43801932455237	1.05576073696491	2.35666329928199	3.80150253404128	1.49116642151005	2.26553026485592	0.416443790174492	-1.32005759248383	-0.073577474390242	1.4281679674855	-0.240294469477841	1.58911074479785	1.33700095287036	0.721211749037429	0.504693276890966	-1.09382860550329	-1.27109857467067	-1.30450938125088	2.61153915168377	2.05033697522636	0.421425492415578	-0.347886101540884
1.49261200095652	1.30025434816794	0.643891268249582	2.13921750724472	1.89955152092165	2.12039666715444	0.949863602946615	1.15525373796897	1.76538759665939	1.26294254659992	2.01622232824983	1.91271265184324	1.82107765404779	2.49094976331668	2.03482994788776	0.68235126394713	-0.880237772706712	0.650971381696399	-0.0655262637860054	-0.15839255286167	0.0587533629307709	1.17633033088672	-1.01759161012329	1.24891981084913	0.486459907686412	0.272752886642148	0.468283332442945	0.4858372925413	1.15045961610306	-0.349120519270602	0.521969379465654	-1.8914908907795	-1.48214318806923	-0.981474115643132	-3.08279819479203	-0.180319849340528	1.15006267119955	-0.56629330916968	-0.289949815784931	-0.270742259992241	0.85572721920808	-1.62546466611597	0.885494432966966	-1.99454632326646	-0.449833073102995	-0.414863270068659	-0.627539300480919	0.0377102496448698	-0.339183134453232	-0.31000445406784	0.114853302136341	-0.290126185574097	-0.452934441065369	-0.826602718213247	-0.0529210332058603	-0.311635471549089	-0.589685440994847	-0.720650434673943	-0.720650434673941	-0.347399518339907	0.819424956022536	0.65203250485295	1.29569097064537	1.72569355581885	0.938106114652428	1.61651560381269	1.5436962254941	0.00383119288308233	1.35679704999386	1.50864307832993	1.20684037005953	1.783065691812	1.03166588180692	1.6907409102203	1.38458763980209	-0.0753149754124732	0.0980167828399244	0.511839591738965	1.34305015721866	-0.33308504815316	-1.83846892014809	-0.793443714688197	-0.89350155823102	0.435446846282599	-0.839784083884312	-0.452752737994346	0.584633972981237	0.643835381475192	0.615747096211284	0.0250327293768081
-1.33586445119065	-0.730054327702232	-0.367577407725313	-1.14096406910611	-0.0193153003905547	-0.170853593417358	-0.55994416659932	-0.547158759173514	-1.06952241013914	-0.852330368697362	-1.2493643318229	-1.3875685564046	-1.32399402152609	-1.67343390075869	-1.14413076956964	-0.128449573878199	0.721028056309385	0.954283627487898	1.12639027592502	0.383301501058428	0.24415256156873	0.89601484103211	1.23815106611432	0.458949134250893	-0.184903108045679	0.442642400107594	0.732415253585448	1.0449988837939	0.0601507729773147	0.441243307675102	-0.711377906364025	0.3034849450085	0.576749307624184	-0.649863348396714	-0.177897698973575	-1.60559503890805	-0.675599384298967	-0.958742207602106	-1.92002168798403	-2.02190909297878	-0.376307328672773	-0.856027371981672	-0.188779854805356	-0.265376478110254	0.23448197220769	0.153746430149946	0.692525140548061	0.668841785868613	0.126517290963046	0.283918546049305	0.456083712738059	0.198212835558073	0.415254341932649	0.691654023747633	0.908323226658522	0.737061912799446	0.576875988110824	0.674240781057551	0.674240781057547	0.685092353166495	-1.7629130137174	-1.24287681876548	-0.980719553634218	0.609167118042496	0.806604858722868	-0.32199914974414	-0.894233121632358	-2.0478258060801	-0.439960846826707	-1.00239441603549	-0.415569867964161	0.415778379630562	-0.730062177149479	-0.898973180777813	0.0806447285535323	-0.0347213807052095	-1.70263559674275	-0.61083432885701	1.8710929629533	-0.433133555303103	-2.15503857821752	-1.49934831341553	-1.64576045575899	-0.0644996059645468	1.87789480047938	1.34547223690473	-0.139261964732149	-0.577138317353916	0.321648307016398	-0.998990222274528
-0.830319113420293	-0.0124368987017826	-0.359100142281908	-0.0400247602425927	0.394859572077359	0.475134930736602	0.343221534517845	0.307589188107219	-0.25373755942397	-1.0008491684564	-0.723489000944343	-0.0708266771525009	-0.230597439330282	-0.247733887015056	-0.622144276399085	1.03876213061876	-0.0475782859024146	-0.197196692526399	0.64519585095322	-0.154211991115071	0.11049976626677	0.94767375906398	-0.214681057863078	0.90671533624147	0.986669046896151	-0.347951483571898	0.599291199335964	-0.690253367123545	0.346994607436646	0.923589362551721	-0.501253421063996	0.580246465132165	0.01441073028888	0.574243592171726	2.08467990850725	-0.111641527330614	-1.32227791059771	1.08484412385401	0.175017041945805	-0.244252080221306	0.560653068625484	-0.541952529887546	0.338883081498813	0.0132767012520483	-0.581259078527031	-0.924983080263852	-0.896331187840212	-1.00096108618291	-0.63335415018334	-0.48941640423526	-0.968733461282742	-1.10460480169951	-0.693954043283701	-0.897056550491827	-0.997430764199189	-0.661267285992562	-0.488405854927258	-0.968683625917248	-0.96868362591725	-0.50491063764124	1.09511865180952	-0.832913733205472	-1.61633361656021	-1.67356522846952	-0.95255351756617	-0.304084684162429	0.0126857076563413	0.632004718202514	-0.742740782844487	0.385633696170313	-0.754733468313077	-0.879076103273374	-0.790263877028972	-0.747002372640715	-1.01863606812718	-0.574799912714855	-0.52329542898277	-0.0992905612103921	-0.899509497984814	-2.34564419474868	-1.05056748082776	-2.27229922020557	-2.29695074918318	-0.209791502273211	-0.900344679529931	-0.762230857931679	-0.402883030566076	-0.629110141939571	-1.25598205931545	0.456548148534501
0.530033214509101	-0.129068931781606	0.275953850920419	1.58447864133383	1.02135113322075	1.14805262590823	1.90015779131367	1.56057652584151	1.89321867982263	1.65333601517065	1.13656644328308	0.344862723520555	0.207594270108633	0.450207788685692	-0.234676886805304	0.703856047941423	0.473987263092933	-0.188911201324755	-0.358486853984475	-0.11407699944357	0.686521633229342	0.349296183755593	-0.336254960978806	-0.00780833444426724	0.206445715698074	0.137617419752267	-0.391050515716215	-1.10689711194585	-0.249964327032673	-0.208183730255743	-1.28554941501588	-1.50042853914747	-3.01919742380046	-2.29405424823367	-2.40713777673753	-1.54795828540915	-0.211498453230976	-1.62067636171913	-1.61118088442427	-1.88731340746682	-0.734118598185609	-1.9196017784382	-1.89349455857293	-2.2196471841872	-1.29802865070549	1.76009465721719	1.35900081863513	2.18954878976729	2.11153291230407	2.25955772238634	1.4854436217338	1.42691770064279	0.813550410368957	1.49875684704391	1.6990064617827	0.538039814994799	1.04857466813611	1.54403353646531	1.54403353646531	1.51646177341301	0.428874542851662	0.217918701409455	0.00937364466194941	0.659965903156642	0.0940048071674141	0.125661572480457	0.424908168646676	0.7197794334295	0.112164002451605	0.282148984893033	0.896373394152356	-0.726993723662921	0.235637611005224	0.72220457049341	0.9740631612028	-0.895835632551896	-0.157872226779355	1.83053979982736	-0.598129900884575	0.0617234265691569	-0.735748873059286	0.0372245414724865	-0.323496185529367	-1.6795829588691	1.46797224550582	0.304208222131547	0.769335432506728	1.16613218590559	-0.34915921091932	-1.5158816172945
0.357033328016798	0.181560819367866	0.0730767507088581	0.362115909242626	-0.169270132773899	-0.112475977924614	-0.646740439754868	-0.442011631212368	0.203266672398651	0.10402882330954	0.485830087386536	0.0141217610615096	-0.102386066713309	0.224945038475746	0.49595446064692	-0.301948110794166	-1.00617147660517	-1.64873642377387	-0.511300842341382	-0.129283412700624	-0.970578811918209	-0.457062741430343	-1.92629937291493	-0.308055255955675	-0.136957138811158	0.193108589220413	-0.11526701255372	-0.121275668206352	0.744269037713316	-0.172284608677202	-0.626296797513028	2.49918953941039	1.3455729598923	1.26383635157113	1.35738483017618	0.366850843358483	-0.949081894517076	0.245058818944227	-0.662619832796391	-0.608142168165702	-0.21689575973762	0.0273406691667328	1.65945910339416	-0.418093383001692	-0.495940287032097	-1.38515673287998	-1.65639528213066	-1.2136616516775	-2.18731438915002	-1.53205719974953	-1.97815063357404	-1.68669552199952	-1.87612149061742	-1.35541832356488	-1.05600896381631	-1.6617526760629	-1.73951293377413	-1.54637050504008	-1.54637050504008	-1.92336077947099	0.159559386991344	1.1656315372923	0.709083199223041	0.704845514498375	0.106290547800336	-0.810893117088944	0.745066288722954	0.709428909360089	-0.365945200682177	0.392640701438494	1.38918276532476	0.0785701422742562	1.53111176269595	-0.147812538784772	-0.146236904042544	0.384719267327739	0.0103831164751824	-0.282228584490901	-0.0792256301935004	-0.811969264820069	-0.547646085389869	-0.313097771830013	-0.848608536339098	-0.609569961412513	1.03204637990347	0.823514677314152	0.997931032975067	0.563464002985793	-0.566956597020681	0.508445879916097
0.126290288395187	-0.285765274983683	-0.293221250647588	-0.868965356065977	-0.0682866594285015	0.472326600069312	0.391802607724719	0.766839760577197	0.420957246870108	0.519425054540714	0.409401162955246	0.628561289140521	0.620995470440459	0.558344108949259	0.523736225398394	-0.212648794237634	1.60281111941454	-0.124096875468668	-0.624868370179257	-0.457215367546523	-0.399503022309286	-0.544991002733231	0.504260485976796	-0.827198636712126	0.236418829941806	-0.828915394687259	0.0972868993769	1.589569719956	-0.211711206408854	0.855753573181376	-0.122131113329443	-0.291149334365096	0.195929973257378	-0.704540241095307	-0.971733280590447	0.111111120936435	0.0913630014546115	-0.948592755828404	-0.944978273373556	-0.503443427024065	-0.346578014134516	-0.523319064436672	-0.2818094339872	-0.247213759788897	-0.527266893916841	0.798718920737846	0.846244794489849	0.424891394509802	0.265981393728904	1.04435967667133	0.818183373135869	0.712282344185677	1.09357678306793	1.01549248257743	0.358709197855771	0.513308551802399	0.522614576903942	0.812568321036081	0.812568321036078	1.03228995183413	0.71998927528598	0.450181472863416	-0.301147779643894	0.0365630673261422	0.982998018794406	0.369111957005649	-0.727276798193207	-0.0519237119154514	-0.566047219143958	0.106277469634798	0.0384088063350639	-0.383714920169059	0.223414311740122	0.0251625233865886	0.769347816668274	0.263993068102204	0.204518009481681	0.213093857258178	0.77476688933013	1.28289536529947	-0.225906343834161	-0.148604241335329	0.800471590366183	0.453954951419247	1.1200528408349	0.920231026269321	0.188963323146802	0.587969306898906	1.47980523206669	-0.237225690553765
0.715763786987294	0.839548966143119	0.283672283541963	0.231478062539709	-0.25997813349597	0.0307065050874961	0.0706131835504791	0.47931655761818	1.08450264488243	1.44248834938163	1.4508005453594	1.4154129662706	1.36177867870751	1.28807949517924	1.02589324481227	-1.58031428692226	-0.620656095202091	-0.585310637449917	-0.184638362814657	-1.38838583744579	-0.601783289265127	-0.862655119173806	0.37709402625906	-0.687248680440943	-1.03493461122767	-1.8278883004232	-0.818407174590426	-0.658583049210639	-2.44050985580452	-0.857198735079763	0.952929052507276	0.173260274612655	0.606353037131349	-0.372175348529128	0.932204925512084	0.651441885426503	0.238613918009453	0.82570094113568	-0.578935900377027	-0.118862276572411	1.31190781953852	0.536147850534723	-0.199647332982501	0.691714731692854	0.493965184472504	-0.0756955964901265	-0.317074339192552	-0.485075855456321	-0.378042029938079	0.367500544290345	-0.36259984729282	-0.513445619120973	-0.219400197451593	-0.0213261547248524	-0.643638446798448	-0.368011741383543	-0.336168649883926	-0.329164966378998	-0.329164966379003	-0.174419536818938	1.97785031305589	-0.529116065388595	-0.745394551642431	0.0590845483204554	-0.692167407545335	0.0372869351778605	1.31258547248059	1.91345326941688	0.519550707800532	0.884038733409147	-0.230670338978205	-0.792883892629687	0.523534381268429	0.12995512362249	-0.226826359345318	-0.266720620466488	-1.31479734212152	0.0906660022234741	2.01810975881362	0.765765235619194	0.0474370502064933	-0.839380129109992	0.111590454242249	-0.376698164646552	-0.186085299728089	-0.208286833702561	-1.17028948760564	-1.89704622486817	0.986450634643807	0.493313580014285
1.26835580570192	1.03350564221032	0.884614223822218	1.56322333333132	0.379207243652435	0.0171876499245598	-0.37602859255972	-0.364573347621577	-0.0957555463476573	-0.0425448456774921	0.441838709186264	0.323993482858288	0.329922812423067	0.451170719214366	0.679085762916637	0.518939343195034	0.37346112217982	-0.675021677039623	0.254679357104332	1.41476564584128	-0.431242639264322	0.422846263880094	-0.146476397076708	0.194587600053514	0.135660536713716	1.07706945228302	-0.480643384835323	-0.898235984857133	0.450838794945948	0.617969769524802	0.414242909003652	0.586169577905051	0.241333301536507	1.66880687256425	1.02634265648767	0.490566150473077	1.52549984223565	0.260277072958919	1.53847392965489	0.731055426892824	2.00026441269042	1.11066843506888	0.741115469991203	1.08277907773938	0.691908414702564	-0.858497207335724	-1.59778940319868	-0.69019810932552	-1.10558435667723	-0.816588737723503	-1.28279031073748	-1.22826706735628	-1.23111141263625	-1.52381100954949	-0.88325325183987	-1.38905672669407	-1.56639638726716	-1.0550934181548	-1.0550934181548	-1.16696242805995	-0.572581754789076	0.175609423910003	1.13826888946823	-0.0550790397539354	0.312981514709326	0.740199022558348	-1.22045815486479	0.0223052507142961	-1.60831857071511	-1.23315373482183	-0.0041553277813582	-0.787392888889412	0.19618853465052	-0.116121288199816	1.03153918230009	0.129716926555326	-1.03069709561378	-0.409659823971982	-0.183400597115382	0.751552842733002	0.694731568084196	0.713678251468206	-0.335777710382175	-1.27935523562004	-0.0952537035419069	-0.237496697123645	1.85062097803154	0.355799888414543	-1.01149799485872	0.504853347729037
-0.358873164214966	-0.657684099906472	0.131068223504172	-0.741767342899171	-0.511771237612014	-0.597671356566446	-0.817234907232846	-0.927516954531946	-1.21439041605113	-0.375029209834671	-0.38950011059578	-0.415765881009118	-0.215972564365635	-0.96622493298082	-0.401077432558924	-1.39967718768056	-2.32152781098248	-1.37262394186307	-0.933555207452029	-0.749797174963099	-0.378189949094476	-0.829758082037835	-0.815179887654672	0.153468961202994	-0.979408945929473	-0.725931660991156	-1.63173112209117	-0.346169242803087	-0.657717507066452	-1.11020218623086	1.00665357407517	-0.0982245939398352	-0.516009104445298	2.3239649312064	1.11052973713718	1.80039577137565	1.82154815245891	0.91076919175021	2.00782401794842	1.76512829163081	2.43850631418263	0.474915018630556	1.57887110893858	-0.0278717101482904	-0.960744735559938	1.30661746291418	1.15611163798763	0.364395501878922	1.30566503760287	1.58537506674447	1.07540643936072	1.62764866340252	1.24422314415256	0.720043991468359	1.20041519965962	1.43337909207912	1.88689745538282	1.33769019017255	1.33769019017255	1.63631014048093	-0.0588597474547978	1.10104212533721	-0.215807786887625	-0.595893822841228	0.234270367771321	-1.83727164401374	-0.809382715951172	1.09080379804958	0.453030972634697	-0.616390605170337	0.0197077027792613	-0.333202057730506	0.912133668917419	-0.49174406841355	-0.6389654545683	-0.345569371761182	0.139020371270996	0.795578576710026	1.50182700660878	0.318617045281419	-1.59111362898738	0.12380346710526	-1.49961715644314	0.432873856659324	-0.570572710712106	-0.407981246485147	0.0489226422326937	-0.142050914892761	-0.233463682307027	-0.695591871629286
-0.437162429938319	-0.732034347810893	-0.00178459996544682	0.304958300804286	0.111207679839469	-0.861700462085622	-0.715089422183214	-1.03011727388568	-1.5591678813553	-1.20991352757886	-1.07640971100583	-0.895654929888631	-0.81655134039853	-0.761541394772259	-1.03211485419726	-0.751597189891929	-1.58103205975361	-1.55863686038028	-0.637880996122764	-1.4380217057802	-1.36803685933149	-0.452113304669904	-2.60201102922275	-0.823586472782198	-1.02102714103817	-1.13114898691794	-0.583493999554959	-1.4924456890312	0.200468669028457	-1.29186474296286	0.236902069781819	2.69330540898813	1.34675290176252	-0.650966391872944	0.848674936046556	-0.98841844257593	1.72063083956841	0.839564477200665	-0.600354593905414	0.354983375921433	-0.11074066052122	1.09972626242812	0.235108548554569	2.36850442798589	2.02707488468765	-1.59509872777148	-1.74067026764134	-2.39999833410414	-1.31971452216617	-1.25632960942003	-1.43074532038648	-1.48362995415833	-0.537136564009511	-1.59984749630381	-1.04334543754377	-0.88222709990519	-1.58903608814143	-0.921264031464785	-0.921264031464792	-1.15284876328667	0.352653910258514	-0.737221363777438	-0.0826378210377558	0.372507199073768	0.985259019655679	0.304384625070544	1.51937313168987	-0.0643244581695329	-0.322610674388244	1.03896668336553	1.05745020057223	-1.13655564417246	2.09242587063079	-0.162156847470912	1.95628901474733	1.53556431808835	-0.625007627467572	0.118070428001916	-0.183911593710619	1.35333684756265	0.95031930524248	0.377618046372605	1.07147330192476	-0.603709787527141	-0.0117057247616798	-1.11353698846624	0.30321167514087	-0.299578632565369	0.0799629303400472	-0.614192755896035
-0.7396670414142	-1.19639548382533	-1.91613361772333	-2.11304340054097	-1.10755863971772	-0.599823030480545	-0.0750254154157531	0.239479873151844	-0.319755903386834	-1.66413722602776	-1.31658833761153	-0.967637697720847	-0.575816037382872	0.196816914136761	-0.563919049116711	1.57171575420383	1.15822750704148	0.94564337745284	0.102462403474424	0.915765693989444	0.0855474920482134	0.126222121758944	1.20160001108952	0.497699482508917	1.64872509981388	0.135154476878563	0.13304204565174	0.367998771261751	0.0116370330817129	1.53372325643246	-0.625640995049103	1.37311039349228	0.401871091881241	1.97503167873212	1.00593620612597	-1.15660363529064	0.0778854663890983	-0.227912354268216	0.254621863179616	-0.651697515627894	0.405467529522547	0.132125502518885	-0.0131630928734071	1.49287446577293	0.022839787449565	-1.63216507747303	-1.66825760959436	-0.782185290291327	-0.920152944610393	-2.14143265908011	-1.28837352058907	-1.44598014012625	-1.45348593922389	-1.72590197351934	-0.797192314822392	-1.28027345594948	-1.67325296762101	-1.4767293819399	-1.4767293819399	-1.67753663007731	0.381071433051814	0.366722947461774	-1.05697456228625	-0.484498099946261	-1.06745708580161	-1.22646248235759	-0.655805762051817	0.872953554794954	-1.57715721829439	-0.560778632678685	-0.234410878156973	-1.40350724193705	-1.21678205065292	-0.949801970533531	-1.27674713686259	-0.32306485718967	0.853700252706477	0.668993137450894	-1.03778974192248	0.342774277565892	0.555304887732266	0.220848387352914	-0.0673358649063293	-0.992797986636447	-0.370051090851884	-0.833996476457006	-0.0989619979793753	0.537030075175919	-0.047666350939255	-0.409577618657178
-0.880930531176263	-0.559439833920974	-1.20413482980843	-0.855862263241579	-0.374969716683245	-0.268144912724624	0.013043544347531	0.536481611233573	0.650674733823581	-0.189424507123088	-0.681659085380384	-0.720681579618396	-0.574761645028434	-0.23788464540427	-0.271502984544925	-2.27708133684522	-2.64562291042432	-1.19190119281366	-0.583808746120619	-2.11629737597605	-1.09108126766485	-0.426867574626961	0.0617165277726687	0.892962685018492	-2.03603130938732	-3.61258768502736	-0.778518232123726	-0.80176861508711	-2.03142777036623	-1.96341222384424	-1.19274866997396	0.18923713749958	-0.569425427388948	-1.49282329843709	-0.068951962300305	-0.512623435750428	-0.654880908303011	-1.78842655061952	-1.80209719867024	-1.26067742604252	-0.668595044771349	0.190563195354096	-1.71218616357044	-0.240114058508414	-1.52869302284686	-1.62496686803275	-0.370393863037609	-0.223619611276737	-0.736315687132552	-1.02498527883191	-0.340956672313124	-1.34190117898503	-1.63800052232885	-0.781150388165178	-0.617656166133507	0.048018935398611	-0.530760732315297	-0.5068076079337	-0.506807607933699	-0.877832653634862	-0.111017173836896	-0.957691431484677	0.351092728127005	0.546436172498691	2.57436754524161	0.365586363266774	0.360575810442294	-0.635168734622564	0.346757759338065	1.36840086034579	-0.414419114633928	-0.0214888110514658	1.95699528295454	-0.239713224244356	1.12031799812884	-0.255127541321134	-1.05541936302029	-0.109668572974403	1.70323038203586	1.0108232927846	-0.0314127643599121	-0.454906042207147	0.902583720594099	-0.450579367441946	0.79537428416376	0.479662682809433	0.0300033896094122	0.159004004581637	1.89808037098529	-0.244239584235917
-2.07288159288152	-2.54013908085094	-1.8331316351456	-1.98994296048563	-1.57220255500585	-1.81368707287504	-2.20414446201654	-2.28537270196642	-2.6062242665804	-2.70972354971697	-2.36749672999191	-2.76449181813385	-2.8747304818626	-2.38082469751429	-2.46825738050451	-0.137773554822138	0.118863024349931	0.397284712107722	-0.118647525833977	1.27630654830819	0.333216191776223	-0.403222581662142	0.290781523114161	0.0257229406707496	-0.66343195660093	0.206088310127588	-0.521820536306598	-0.787775376011794	-0.757054213298071	-0.362860338242304	-1.56655444340432	-0.726515942621784	-0.732063787276632	-1.55609337051038	-1.29209363663058	-2.10863504460783	-0.170871129225784	-2.0899859463303	-2.03076045701646	-1.95845069256299	-1.72199609982445	-1.20945117300097	-1.61472714322885	-0.666897231899693	-0.528856864560565	-0.309298796909998	-0.0974550656422864	0.376299691450872	0.186055411300837	-0.22475218165709	-0.193460803868493	0.0106624602301424	-0.0946630562844119	-0.0715444627340851	-0.264642050177815	-0.542673847723579	0.0865358240553801	-0.323247992141102	-0.323247992141095	-0.0631280302832359	1.12745857474543	-0.657290814874774	0.442979107835615	-0.481099138826498	-0.275438766849745	1.38671308129066	0.692276487562611	1.51210923747837	0.133947067202135	-0.163332205463678	-0.423415113915278	0.124800964923227	1.04565124930399	-0.474848290722482	0.139945249045849	-0.397229706303056	0.600463372406602	0.752337349745858	-0.510961130321992	0.396735926972627	2.1015095209539	1.77484695648237	2.69896906142741	-0.70173906333258	0.0868909838553349	-0.0956887049549825	0.668355152578036	0.659853027633836	0.223022841464023	-0.188296578519959
-1.25481902210843	-0.969275288382368	-1.59117673080803	-1.72272377993242	-1.6968173287343	-0.570373609294914	-0.748197647218294	-0.673184708382523	-0.568006123846709	-0.758669954173212	-1.08213734309059	-0.864624246103036	-1.01277213169214	-1.09590561968006	-0.617580606531287	0.572942999537899	0.560330576011147	1.00706840983218	0.881964527055921	0.287207949666816	0.274493469710005	0.710132308312158	0.888289801102951	0.531074507947509	0.924642586767182	1.0626771697656	1.26432657481376	1.96343724788143	1.1576873349262	0.856085077851882	-1.91003823642288	-0.80128693151113	-0.420691965557413	0.721049781813173	1.09336556554296	-2.14209692052721	-2.17337169673315	-0.277301585701305	0.624989151220291	-1.05940356177806	0.460137955940611	-1.07658196875207	1.2490461794243	0.0925468471601255	0.391802601677212	-0.599033435032721	-0.727827464236974	-1.77919268718683	-1.03849838471657	-0.712277598774358	-0.867279891176468	-0.0309572990851246	-0.166778729873436	-0.966304889590665	-0.610018120927832	-0.34147905703089	-0.343534479206287	-0.522295804741908	-0.522295804741909	-0.439125626020734	1.25395479949927	-0.18743817606018	0.762154977535595	-0.547336396985785	0.112272312685947	-0.249095388684285	-0.44690588136935	2.49581482721673	0.493246032377548	-0.0331741387148049	-0.801463869928702	-0.427666393887612	1.67462654084883	0.294422423481541	-0.201388071025077	1.5772196912934	1.1994684487932	0.646111092698951	0.576117474628124	0.192714949203719	0.718826186185425	0.335326016249899	-0.45774624533901	1.90916845103515	0.534202500391564	1.08784467264729	-1.0494734034553	-0.231456422655689	0.809762511254618	0.848211420440647
0.769450664378277	0.0453950192725022	0.589217523905534	0.503052852921325	1.08572344058908	-0.0485078568261707	0.412862258552016	0.693989881364908	-0.214306832624623	0.358011176902261	0.353797422340009	0.261274451462385	0.725520957732015	0.528932930060769	0.444809798605593	-2.74704527230327	-2.00504395762682	-1.99629322538809	-1.26924116584863	-1.56821532035229	-2.06647986182023	-1.29771992100859	-1.39638215788593	-1.6057294362373	-2.88451743255459	-1.0458418838454	-2.05691363799099	-1.89948574638358	-1.11101763124953	-1.88211723453909	-0.496375040363949	-1.6389247401557	-0.593863320485968	-1.45948901271743	-0.201544175470988	-2.00229097887546	-1.21731393088723	-0.598425918928881	-0.432256335711602	-1.05513645790528	-1.01115291846994	-0.882848096196194	1.1354935049973	-0.776894388912267	0.0549887432516217	0.465899382072369	0.379137948539772	-0.110027407626431	0.466501396840985	0.398888232125614	0.00196208375053857	0.187816927683413	0.187954601623769	0.632256483237844	-0.285721809562281	-0.320410883362202	0.348535920390562	-0.124765679716718	-0.124765679716716	0.316728743178386	0.978717423656214	1.21125264785242	-0.0221004193007399	0.585794579528857	0.0362273393899485	-0.216218660227674	0.393171942064628	-0.128478299702095	-0.484758363999829	0.257667606360021	0.171624864301363	-0.0335243084757259	0.552889386417656	-0.23982445131339	0.901602169200137	1.45502571353134	0.317283723047047	-0.865597017843452	-1.68297397887821	-0.233430217057693	1.30596851621401	0.444756884465732	0.242568674601851	1.08880005284377	0.64674009379407	0.821948267026483	-0.333571531950304	-0.941652074285681	-1.2941463169644	0.495401893133717
-0.210957498004355	-0.541631050280444	-0.213503045739377	-0.114725883659833	-0.757259615370556	-0.953231966090378	-1.24983440331196	-1.13345118530299	-0.462721556145107	0.142751877988458	-0.364476381406599	-0.761264685725521	-0.223262767367411	-0.731703709952912	-0.166970414876116	0.724338429133519	0.189974486113784	-0.61390078583484	0.466486704858152	0.962770440553192	0.54587872083552	-0.0678514959601403	-0.640583709743051	0.0874163423980694	1.47783842138777	1.339558802608	0.323730805068916	1.16536151301752	0.971968151839931	0.952877267157967	-0.936611474088915	-0.248398132330352	-1.29211286471978	0.347715913720755	-1.31476897413728	0.279563238535668	-0.287388770041242	-0.679245776611256	-0.212781997453171	-0.328242620750182	0.194587898630114	-0.830389576974598	-0.0116410171440879	-1.52148442408721	-0.952474495943368	-1.34268127522497	-1.04915685244745	-0.903423181270713	-1.87369801693867	-1.31635508535468	-1.27748914759528	-1.53863225225386	-1.39983829163264	-0.357798293348789	-1.43444596759289	-1.205024113207	-1.24151585654513	-1.574695894495	-1.574695894495	-1.61088234386714	1.17812105697068	0.674087917389954	-0.562570960609034	0.890910082374093	1.2624753310987	-1.11389378887705	-0.230726406509269	1.86362514529924	1.7251441985365	0.916272098820176	0.955057876196289	-0.242198920391919	1.14079217956057	1.05251271720994	0.0886069843616723	0.700550938610456	-0.0639112730118778	-0.60576036058424	-2.12898379319808	-1.51708860783397	0.447396899055163	-0.787570779115438	-0.568524712269903	-0.0198665036446669	-1.36880940462793	-1.4759489829174	-0.742571193820852	-0.797011618971222	-1.41100984322831	-0.0695347378875953
-0.603167549872664	-1.44797035073864	-1.65076486001498	-1.61197253585941	-1.32201199459725	-0.341275567050937	-0.339995414457516	0.162780084508867	0.565939907142916	0.284547548686648	0.212714492248334	-0.270923377778876	-0.179376042478972	0.202699059331349	-0.482517808578926	-0.666738419981719	0.156576364192139	0.52552040497657	0.0490192975542044	0.7489420931776	-0.197520741787103	-0.727696529884391	-0.77962158923111	-0.86786672851271	-0.887385702776162	0.586320314227697	0.220694356436473	0.6122716683014	-0.141152812153169	-0.545932172234313	0.382192733555958	0.711200627782582	0.689475596285442	-0.582440117795785	0.23882777979989	0.693202525599385	0.60753104851397	-1.36967751872319	-0.493565337575246	0.154552746391365	-0.542649021278568	0.682869153531872	-1.42963620446291	0.919546261566378	0.417801315514941	0.817314116965907	1.47110547804373	1.54116135331446	1.64101103709968	0.861568325011535	1.53316673979133	0.94784487338346	1.1765924384264	1.44210576255199	1.2650592303218	1.54416459977324	1.72223535735213	1.1167899145021	1.11678991450211	1.4886231220103	-0.932500213952231	-0.947254627292548	0.166780511752468	0.584455832016966	-0.0801112331944952	0.634478487087792	-0.271908496897455	-1.86506535496919	0.265772602398523	-0.275932630578694	-0.871055808866133	0.399739742914462	-0.905211891562928	-0.35997573658631	0.121639918071244	0.191211790092767	-0.91779314846853	-0.643076405265356	-0.678490635114271	-0.218425814676694	0.496859359050824	1.23278562489013	-0.408729584284275	-0.523777893322124	-0.190642181154331	-0.718547753386104	0.288719903539942	-0.242486777100503	-1.64704257639016	0.0438029792474914
-0.972766445985401	-1.49652921769267	-0.711785885621003	-1.05405600422428	-0.858047060849439	-0.872244323268049	-0.684605798629821	-0.874396487657659	-1.29547184632794	-1.04750242767799	-1.10345318898112	-1.31598940656707	-0.872013396982884	-1.44201177587101	-1.2002791954021	-1.5122922255202	-1.16533112880555	-0.24865963526568	-1.23416105382898	-0.696386750103604	-0.664998513482988	-1.37438155733916	-0.801606511273343	-1.2612515912302	-1.23248971770891	-0.495516271189265	-2.26137563952127	-0.666186734647633	-1.58320449897538	-1.22153769169663	1.09182747916165	-0.469931600672513	1.38335810811759	1.30815016060329	2.02170009147452	0.746278697704575	-0.220465456811403	0.867568256820305	0.932927507302538	0.25183369319806	1.8018388936174	0.954540249697856	1.08449613546527	1.037258941404	0.994118005506663	0.193151198343016	0.573639666188805	0.826795346530203	1.11121509945605	0.325245281789149	0.606076434731826	0.246451111565269	0.277278646629253	0.392264492516914	1.28287819001475	1.09262186504489	0.789464394141464	1.06874956590476	1.06874956590476	0.45509707304794	-0.650198970448138	-0.413486677700135	0.164651368799879	1.10366497493745	0.561382327604692	0.77961551251859	1.25361990370764	-0.338727303973282	-0.124771630239021	0.19786165124503	0.376604574704882	0.883056625093014	0.269480869855261	0.0841461632692848	0.0515075577551173	-1.12875556905823	-0.901634690987184	-0.340340948661538	2.33178452153076	1.14209546025993	1.1582085116642	0.682607453509613	0.320788000486839	-0.874663280464517	-0.879669077429717	-1.21588913237906	-1.4325787287377	-1.6804393537972	1.41685881238686	-2.02114974352965
-1.26895462561883	-0.525474635757622	-0.62543555835118	-0.885811289333104	-0.208332048452209	-0.377601762451598	0.0764678661672588	-0.146475426031342	-0.418647107924919	-0.428252690524882	-0.824553741164265	-0.731827814749964	-1.16295748206885	-1.09243419683713	-0.830022380341994	-0.939363041345668	-0.228606884418247	-1.19363015299313	-1.76133759844654	-0.381515360600133	-1.46824467831102	-1.01135728467703	-0.235947494002101	-0.630556612901263	-0.784508157380971	-1.1506219401582	-0.993091302988731	-0.925706686284873	-0.430618271381283	-0.664273835193859	-0.0709601188278551	0.52822452486419	-0.282675125068547	1.42680300744429	0.269347917987984	-0.560295871159344	0.530637795148728	0.376537177644912	2.47638378099719	1.36628945886774	0.689268548792253	0.773983592075041	2.07540969191218	0.112958952231669	0.0822731690389422	-0.511397014004292	-0.00331734203669733	-0.995080718884005	-0.271153137765137	-0.0890258632607827	0.192385686503301	-0.108751153928379	0.671819982377545	0.461244453996173	-0.187077798432275	-0.241935162594251	-0.367443257985554	0.0116934759109516	0.0116934759109493	0.550356582093118	-1.12660672014842	-0.733155297580187	-1.2541212042001	-1.89381795053649	-0.68551330136115	-1.59917349707418	-2.75264781686264	-0.327022941299037	-0.418209175568888	-1.38847222301337	-0.803542704263446	-1.72890788734179	-1.85027849587185	-0.853898482517196	-1.82146464503836	-1.28372617003428	-1.81094230651205	-1.36427380895775	1.00068155565122	-0.163742448035729	0.247429821069481	-0.57379257072921	0.041576763952707	-2.08108108001761	0.808134394652726	-0.337729954060355	-0.430386429284969	-0.810923819490249	0.595605703521822	-1.34596715322781
1.25460869938057	0.718163942835914	1.2603196421149	0.68152530429949	0.822598350352316	1.22439680164903	1.02651523578332	1.0995293014383	0.800396557921431	1.07120520537249	0.84259346495211	0.921796939355131	1.15468724906105	0.513689904732239	0.904845039749293	0.181060858340081	-0.757320745193033	1.34839882904491	1.69734203005709	-1.07573007661884	0.66719747145258	0.793775791726096	0.530126073892884	0.77109216708692	0.510243688946283	-0.372029215808053	0.609410536623242	1.23462215769524	-1.02490823676419	0.459154095543707	1.34041501742813	-0.381284313226241	-0.477493054467797	0.3139479592693	-0.132536929874015	0.223190240687712	1.14016819452952	-0.106247166877486	2.0925257300476	1.57869416114685	0.0390250108180394	1.35093419611702	0.520108990844421	0.667162640304605	1.99366352255174	0.218972797794441	-0.203046176326169	-0.58105122471064	0.212387923649446	0.261420919345261	-0.171191921057321	-0.163520192426785	0.174436332357847	0.294880756978234	-0.0554480306197665	0.18486756056288	0.464674661825639	-0.00868526337615147	-0.00868526337613891	-0.338218465808593	-0.746650411259775	-0.713885444867385	-0.799644748846104	-1.109576930474	-1.74368522810171	-0.0192229347255433	-0.332848740274715	-0.975703139835263	-1.48698798395561	-1.05265115290608	-0.618812497959382	-0.306777466384101	-1.7699645281677	-1.96076966013778	-1.69227050955802	-0.951464886727556	-0.923822737708235	-1.16871175007933	-0.547169606435795	0.914947079596845	2.07412693889726	2.02047368678247	2.10682714334436	0.189634382166139	-0.155486564421572	-0.11065510992129	0.775300286622323	-0.075835471727572	-0.4935287740655	-0.322351224581945
-1.35362094822488	-0.678421091839388	-1.59453527398747	-1.54793806904885	-1.52364722848696	-0.491135777169735	-0.947235269031668	-1.0423855382827	-0.193112349234681	-0.858850660568552	-0.0467666321536769	-0.17643758275176	-0.469283964403864	-0.0492710650778328	-0.656103664270217	1.04008475758567	0.544031495421002	1.11496048453992	0.970841769126078	0.406526059033597	0.677734349205834	1.51671578609576	1.25729038108736	1.36631302894136	0.686559698868644	0.398769450519286	0.707759249907656	0.327457765829051	0.544508897949865	0.881809280882993	0.0521215123945413	-0.919100572338641	0.24656666326973	-1.89853689446262	-0.466245351372785	-2.21928928103919	0.646060586337542	-0.724999494316564	-0.680000330316432	-0.798774732275932	-1.45805509680526	-0.216924920676476	0.533525334241336	0.574437240579964	0.480839809200302	0.18680029404555	0.288261264955156	0.0845368268781058	-0.223869209875863	0.0492747899251669	0.552447404294102	0.707690675376309	0.3102234688848	0.0666992494647477	-0.358921657312341	0.427190348906651	0.678724899834547	-0.228115232065765	-0.228115232065758	0.472509416731859	-0.129091212264686	-1.51768366129742	-1.40343905594716	-1.59112304836454	0.0245761912673992	-0.779658187403625	-1.08638317358867	-0.151191596820685	-0.430806954963863	-1.46784752918164	-2.1232989124344	-1.4296457974014	0.792763582887571	-0.844083845329174	0.643323137453129	0.666331191811066	0.901151274485234	0.222556926741427	-0.121575506251725	0.0721578738344043	0.188723767871008	-0.0702667578721715	0.82286149717521	-0.933028764947308	1.23335393665097	0.677827723703449	-1.4640080585812	-0.408741312533215	0.814279077768427	0.022504188103114
0.921649913330471	0.711549620012343	0.698786196099376	-1.18713197708461	-0.78317483411836	-0.832354342347477	-0.0429660532836947	0.10530835629568	-0.431715680108872	0.0597764166892959	-0.0642143687928226	0.511089542960021	0.267215347920137	0.483561638510322	0.763404747982791	1.3392722229589	0.226583505024172	0.89669312036313	1.75868593011251	-0.201117894386401	0.917783751614115	1.31837476666185	0.445645800138584	0.458969212541591	1.29110680890724	1.39850948067349	0.217522698558952	0.546898563781789	0.424897312264611	1.45960499012508	0.948306254889711	-0.706266110283432	1.11695430254371	-0.289905618758353	1.96498596814786	-0.471371993235283	1.70429829261496	-0.55594566589863	0.845407659922169	1.31312984446307	-0.785478438051922	1.266943157789	0.0343162699378503	2.21267794972198	0.762740044399212	-1.99116839257661	-2.0156483640708	-1.72503536153508	-1.6470842752405	-1.46465225109015	-1.51032033664618	-1.82372906191937	-1.03148030610935	-2.0919172530803	-1.6648865774289	-1.23589597615514	-1.55965353834694	-1.49364640202864	-1.49364640202865	-0.86428321710333	0.675189699824852	-0.671238809511154	-0.403937901617502	-1.39162845821843	-0.86395489261069	-0.369461919695017	-0.0107180436522721	-0.53852081146697	0.33522141425752	0.374659546878906	-0.975385811059983	-0.290451770922232	-0.00843047376186121	0.466028921441811	0.824634873456284	0.414895956421833	1.43358841378269	1.46969592380409	1.84635947079988	0.784056980436366	-0.592106029732994	0.290589141457691	0.875616534748712	-0.436287467784787	-0.149883846066471	-0.382159468650919	0.142515177431574	0.647302212320376	1.73864593639794	-0.373162875880707
0.25530237319518	0.583851521090287	-0.330342840794672	-0.439228339375289	-1.26981640564021	-2.55542449426784	-1.38298830230788	-1.62615272062373	-1.9430683716293	-2.16371420364199	-2.38608756986201	-1.78370069185721	-1.69308126563703	-0.883840840035115	-0.122226005561728	1.47919919723856	0.747818901645361	0.757389983748948	0.552680119029606	0.0132415855873309	0.208765694208472	0.314881586765511	1.03060244735291	0.511910555924728	1.6783236726966	0.183587775401422	1.35061752445098	1.18817357965861	1.380432581708	1.5913498139688	0.77040425183194	0.914631354228732	1.54891190075391	-0.785186773824206	1.63850341716453	-0.552121537255734	1.13735480292043	-0.31219589034888	-0.899560134314923	-0.426990291901371	-0.0191052769917935	1.66161212767553	1.2124900736583	1.35365260210845	1.55428488458968	-1.98981998390948	-1.59715645941896	-1.46488319487348	-1.87805734847791	-1.03201999134538	-1.66386632957196	-1.7818669389708	-2.17147048023952	-1.7509319917627	-1.65239406556275	-1.84258732502918	-2.14826685873799	-1.66095718549958	-1.6609571854996	-1.59923323209103	0.117687992762162	-0.424275106292644	-2.13865969164158	-1.48378957169286	-0.408477160783352	-2.29921525132483	-1.49069111185806	0.0284417797818781	-0.791264293225999	-0.26768508488258	-1.06461296888167	-1.81591366414118	-0.873532504016137	-1.36912836075351	-1.54527277471561	0.507782387993647	-0.44237343000236	-0.0678616883426363	-0.21829758115779	-0.060628855685916	-0.499089802472893	0.87845809186581	0.210914029727293	-0.216925192605566	0.740519445912828	0.285740299773066	-0.364996132120709	-0.439258295933405	-0.90375271556127	0.0473057043402244
-0.192811470206414	0.249032852662417	0.488394289982743	0.914074202237581	0.778866839378586	0.708481447409151	1.20234286585051	0.751100318437021	0.434438399621257	0.118694113172116	0.207123277191264	0.296779843059341	-0.220431138962102	-0.229003848485777	-0.52897978174315	-0.811958962950163	0.375473779419309	0.885972234953589	-0.619589353571831	0.0476589003146728	-0.359256772089511	0.0360075140630277	0.289475374645407	-0.25417982317611	-0.701083876578608	0.00341331157132854	0.282734247561904	0.415958829508247	0.321382706594997	-0.963364303337009	-0.0720947432879033	-0.114857130967941	0.403229766125633	-0.315481362924193	-0.498845241894801	-0.382830274029164	0.846437958784288	-1.44458971001058	-1.06621002635335	-0.53821286630919	0.205308641352953	-0.173343972691964	-0.373447080026695	0.722388487594891	0.756557353931843	2.51039961821362	2.63812314276264	2.28795193033395	2.30452936954446	2.86380247225591	2.55113144149605	2.16738105860328	1.90538075487102	2.4659298203099	1.61105677341008	1.78239941012665	2.23459307170623	1.95902202682408	1.95902202682408	2.41527108085223	-1.08654203131716	-1.05930424725693	-2.68282170047949	-0.531471231889723	-1.16749410555662	-2.27003056890606	-1.10326704580294	-1.15129952703266	0.172004052555483	-1.06818087042659	-0.92700320372739	0.0370086323257817	-1.43988347862114	-1.18498478986119	-1.82078147607575	0.939593705938445	1.03707402435817	2.29768743710937	0.495468198070392	-0.0929015279937809	-0.960070653446377	-1.27489457702381	-0.971760290164374	0.281630173373872	-1.8117366927126	-1.90443511988084	0.925560719793669	1.22398289941313	0.65579370588251	-0.42831341854589
0.962674351898449	0.579179692558335	0.787493646611743	0.627259147788461	1.29983132828726	0.80320548108222	1.05545295053842	1.16956563754164	0.531720508383596	0.462279025389116	0.662954469042403	0.785448456416502	1.31701744327485	1.12251429462934	1.05101698730226	1.50203619536783	0.566198919140449	1.03344856266721	1.2356466315403	0.842392796671366	1.47917956206849	1.14676223087747	1.03557560822289	1.50719492380961	0.93457903108974	0.51552948441556	1.76113502614083	0.774395580214535	1.47199658336485	1.14901298201263	1.35087248137031	0.5959228717795	1.88628464598808	-0.446147758514476	0.611195517717154	-0.515426931430091	1.55686239517005	-1.81874210760378	-0.983217129191557	-0.121235279818235	-2.28465008916019	1.50612993398221	-0.606331291972025	1.22988510798547	1.0175444025857	2.10988228368105	1.6772016282474	1.16314405299905	1.40900290430621	1.74474974673482	1.69282331167556	2.43056858541033	2.57048194250273	1.49252883772882	1.38693770589289	1.05312261108672	1.37769162856345	1.67743245003371	1.6774324500337	2.38305480095368	1.40247886701017	0.586810768016417	1.15560637591622	2.00475755296987	0.942895949736095	0.771033683938952	1.56977474027915	1.28301424266463	1.34361213978324	1.75379185472948	1.39322886413562	0.746917196530885	1.44815746072104	2.09574556610445	1.74723365286672	0.997940976570445	-0.311446846551187	-0.059102815219783	0.00914858561224338	0.759737638214971	0.16449438033014	0.366713198536665	0.474077806494036	1.06134428217081	0.791692808518587	0.882880163302959	0.145017917981249	0.310962533281611	0.280894531373575	0.711529175781827
-0.205229838934871	0.429967490424285	-0.0368538331372261	0.540781189759772	-0.159691185929688	-0.959491484514076	-0.672991262911257	-0.520082187233677	-0.646723165966067	-0.619954977958827	-0.530133743085659	-0.459615180118676	-0.0981766185556162	-0.27150377235457	-0.622409703491398	-0.216353691980049	-1.22434363993522	-0.896576806039489	-0.252014452006777	-1.44824358199625	-0.311569078504071	-0.739136796606628	-1.52911245510012	-0.658890366348833	0.375374841112737	-0.85539860259754	-0.67085522842429	-0.554009101679543	-0.90782463170172	-0.418459550535928	-1.20679729475422	0.137348392342711	0.745496423366508	-0.866029179071477	0.905344860637385	-1.51318284388828	-1.08081044225316	-0.69185986734959	-0.726606333684415	-0.914087988494638	-0.775269560482273	-0.750783664747212	0.110541524083129	0.379477020796741	-0.178421730068323	1.38892152058461	0.986255054237928	1.293677679642	0.848667219164392	0.807284460261796	0.567277966913177	1.05567192017069	1.01101418033944	0.791179629070926	0.321939699149051	0.0899540460014701	0.742759645512014	0.380848740740202	0.380848740740205	0.603527911975407	0.156186232354601	1.19481586501868	-0.623721961673359	-0.168534818765746	0.441522068288617	-1.00261470147842	0.969081141621202	-0.18665111275168	1.28927448847465	0.349276509056705	0.289710033115266	0.783545718062553	1.11391191909763	0.395093998722633	0.378416196380707	0.651492226035957	0.53481106342456	0.820683701474739	1.23729166213828	0.485255988183771	-0.756070007841852	-0.0757410577905831	-1.12754472098926	0.155550486326222	0.158574911666755	0.548916729134217	0.571220343374731	0.126380871110141	-0.0311206386277773	0.406536933113752
1.32398648642375	0.986157446342683	0.170459361715286	0.642562595166843	0.248375608085317	-0.149963443615528	0.164989380479352	0.508265235334668	-0.128381268006067	-0.666987185030555	-0.699099373185766	0.210739223389332	0.456198771845772	1.09387777207719	1.17640944767926	0.637705167554137	0.0967576653864661	0.18254587441881	0.655884004854622	0.325110696742766	1.03310851863474	0.243765329351129	0.252207835156236	0.255885473157843	1.10336842091092	1.115549202983	0.658698357695657	1.02294269854238	0.733281654486217	-0.263228080313631	-0.161571264670097	-0.523641448076244	-0.330979511622843	-0.33808488189227	0.31452863632454	-0.472758721209377	-1.02543216724243	0.346459470718194	0.534533541155225	-0.154078560022195	0.578141089123053	-0.00311838902981407	1.32649970888655	-0.392539781543727	0.486986628006593	-0.271932711687416	-0.854668630331762	-0.343426600698129	-0.102086741331842	-0.754331304388577	-0.367168489971466	-0.17791740658404	-0.64936475421704	-1.12508224664817	-0.408587080404149	0.156119843717555	-0.184362026196905	-0.33828441526938	-0.33828441526938	-0.501046941810251	-1.11188663489036	-0.509583586445175	-1.0023753015545	-1.14845395536184	-2.0539584291183	-0.548925999851261	-1.7012637135451	-0.820246068259889	-1.6710978296037	-2.40198501947549	-0.451002690081021	-0.672159155467417	-1.69984696253471	-1.5670619253183	-1.38436489367927	-0.604000170002246	0.367221109167393	-0.364972431360668	-1.03683547327041	-1.94435220316597	-1.79149245723952	-1.86556267145002	-1.73560757408379	-1.32665216305609	1.34695956418178	1.35900265994106	0.145804902091626	0.220627237476761	-0.957309327855319	-0.558534109718057
0.231288667345819	-0.578067984781084	-0.377041734956103	0.864571639123169	1.19181550360122	1.47386014222157	0.684434081842457	0.76866242443981	0.805126068038653	0.0423643280912979	0.0407405532359433	-0.686248692125486	-0.67846061622167	-0.0670334706840868	-0.0590410071873444	-0.123262126777091	0.797841920569998	-0.295575090724084	-0.374506339255852	0.383185991138909	-0.140022498324123	-0.0414804600690438	0.409955676128728	0.024615190771013	-0.0420590555698588	-0.378108730402802	-0.00376822632313955	-0.0651312123665063	-0.549257874802825	-0.063295992433746	0.386916432006042	0.52471506672664	-0.440515279838913	1.23993933616928	0.248791043659176	0.542721245956542	0.3271336156568	1.51217261285945	1.01822398332145	0.6468039514609	0.508338204616196	0.834399336489751	1.118615053559	-0.491530631701988	0.788944904373936	1.61279013993549	1.00516264673154	0.300729470609501	0.483600163768493	1.47737857959051	1.08712055579825	0.867662407659707	1.14574349549389	1.6575315777325	0.675921297965738	0.911422907308218	0.772102653306091	1.17774164633028	1.17774164633028	0.999713788530661	-0.707064255522016	-0.394219157671836	0.915801922657732	0.477891626170718	0.939195983950966	0.977921951241385	0.0329750807133072	-0.0526505449526984	-1.56819045045603	-0.0393863995448908	0.630647965217974	-0.675192255093817	0.327099273336508	0.754366285736412	0.94169796539099	0.561124704233623	-0.794565965447752	-1.70880937589073	-0.685643407915355	-0.54788061268828	0.141452438106763	0.809426394292826	1.15030858177175	0.43182352072054	0.254319394544435	0.27176287434245	-1.02001437467874	-1.0158737156819	-0.839224348922454	0.775698294996592
-0.116197558193296	0.373112616273659	0.332194684109101	0.489361169744639	0.267073277256143	-1.02172239710573	-0.620171553562495	-0.35383573501092	-0.956933144541973	-0.37033502527238	-0.630189785783595	-0.226439413785308	-0.513427235713566	-0.432497923022114	-0.317396195352592	-2.12864875468399	-1.31235513409224	-1.03111069119512	-1.62742863079159	-0.930092013699329	-0.832657340447432	-2.0801888209328	-1.48089101593641	-2.20353713894724	-2.26028128847283	-0.745040343208961	-3.04626465465503	-2.28890121525347	-2.90943765146303	-2.00537091765908	-0.12155612053479	-0.920893224746051	0.0839869775121492	0.250656750999421	1.05728854266798	-0.299165981067467	-0.963972127036659	-0.0567902002539695	0.782679620552315	-0.0917564425876639	0.79168474050141	0.42593822751254	1.00795294033042	-0.157065952079817	0.374889148880063	2.20158720528501	2.81204355590113	1.33988537902604	1.796520234492	2.11007307049249	2.29509838657929	3.01499029201674	2.53002306153311	2.29959583208955	2.63929284703232	1.61067268357391	1.79872764425391	2.39156731836365	2.39156731836365	2.36496220249708	2.10887648919445	0.476556511764217	0.798614532298528	2.03751340134341	-0.0116623258795178	1.44306053820375	2.86186891478986	0.889355416569841	1.51589286305244	2.56446287095165	1.61831855510122	1.28183262334018	0.991882926424472	1.85325009243057	1.09933955361473	0.992060884232595	-0.18987359482048	-1.41947749422723	-0.887112829596029	0.140151864036168	0.0179587077387913	0.234239078899193	0.122753688114794	1.98100160187959	1.66524521140875	1.96640143059118	0.25405361203293	0.159031411962578	-0.49610670169871	1.32648470255134
-0.678828725132186	-0.810483899043031	-0.522408293346655	-1.35843456391911	-0.0131801540389952	0.721925810062266	0.065121147915754	0.201493803568991	0.0194525351899208	0.108229238037021	0.217173171818583	-0.218504414764379	-0.303446361750903	-0.298407134192791	-0.373592769914381	-0.170425617511116	0.630187446690028	0.448197331686649	-0.688604300249362	0.076195655133499	-1.32382167521226	-1.36447070138951	0.614794673145369	-0.932221371305684	-0.382713049088814	-1.15392924824565	-0.76482034212784	0.250943885819907	-1.28146030917832	0.975499935829517	0.86054517172312	2.21730109192022	1.42359022799223	0.491503970192805	2.20153590618952	0.865675943947477	1.24465321094434	1.71610899688971	1.33395271471501	2.02347394483742	1.22078243801913	0.927111953572019	1.42087956199732	1.89634049782261	1.5549389301774	0.226689965537286	0.238053814557429	0.298995371375276	0.690590974593945	0.471016189652331	0.612064137139754	0.309972911793688	0.257401847784237	0.0381443851987393	0.426189842784157	0.538337236365029	0.758691461063534	0.246270616281958	0.246270616281967	0.567191259212231	2.81387194889227	1.85064056012763	1.9326026741188	1.14345318175731	1.91530161915832	2.26483114790437	1.36720418424269	2.37254221006128	2.10108139852939	2.09184908891669	1.26549442375316	1.62094600122066	1.93922461333552	2.46387279579268	2.25582662578775	-0.589197484985735	0.150339355283746	0.710850432115547	0.966186012430058	-0.922457108207147	-1.32639207563693	-0.704287522072089	-0.75897321410725	-0.87973460458151	-0.614099229135936	-0.455266248422599	-0.376761760168144	-0.693132490311182	-0.474844095421356	-0.00226351439548259
-0.404494046639528	-0.0197270653254129	-0.0904306189990171	0.189771163508241	0.143161696739407	0.0348171782132821	0.0785584448688251	-0.0258106560996854	0.680761236927783	0.574157503164364	0.576676738840653	0.456948748398131	0.517246517795527	0.306557311918036	0.385961361431572	-0.424184633603102	-0.0777829338288412	-0.383520896339574	-0.557456805694265	-0.438678588435152	-1.45019804845578	-0.90075211003981	-1.31132695471491	-1.71864949154538	-0.793955516274322	0.415067867683054	-1.64185515621796	-0.647858065699183	-0.98629689088247	0.233931376884857	0.0310637712571016	-0.197514900916288	-0.449621300098169	0.996065448052451	-0.0638352634445064	0.320761226614808	0.240137507069153	-0.101742556395587	0.237277383590451	-0.310067977564162	0.76003946346299	-0.0331634922512801	-1.2801316286492	0.0825866240369164	-0.949406184475515	-2.06612065715147	-1.85884966159514	-2.46971999319496	-2.1319945811852	-1.82747951234789	-2.10969635187798	-1.87698563398121	-1.38369831705176	-1.31110728607586	-1.98471601785537	-2.06108382251495	-1.70205218160136	-2.2176509013091	-2.2176509013091	-1.68730201494207	1.1906727140081	0.319917214730289	0.536935562721809	0.723187290626343	0.393547238922507	-0.212401112051281	1.52100446632316	1.74141203900611	-0.0432538603756323	1.63370756744898	0.374880432442965	-0.985394149869712	1.00464310141997	1.31229143585162	0.629638969008876	-0.885914723164023	0.546184014272036	-0.639998388190472	-0.760511431851762	1.12609156987209	1.71793109528604	0.40953548794482	0.736130254940185	-0.947761282817047	0.220572799859267	0.919344054255474	-0.502100916157703	-0.571979142359904	0.0510725323120147	1.14300544719704
-1.00972871862117	-0.914535970763274	-0.218694647300249	-0.968642138444476	-1.48036687041016	-0.701830629818126	-0.633388791029281	-0.645761574774818	-0.244433509098759	-0.0265920434397944	-0.157189071027118	-0.751067154816411	-0.97501925332867	-1.68465175093935	-1.51923031255902	-0.57984046918958	0.337986353896091	0.12852331194688	-0.783308294776359	-0.469059173334056	0.269371937213331	-0.323479511963076	0.733941617565646	0.152673735651336	-0.613140333240653	-1.42543850852571	-0.782640875225019	0.513984370591764	-0.999709163247121	0.410328779570563	1.62983843645561	1.34503097372702	1.24957353656117	0.0450463371190255	0.508387980484459	0.647484012917653	1.4244947271328	0.126943496754686	-1.26660669884459	-0.546600210700584	0.706672354099817	0.841734245560222	-1.2836791202428	1.56074407667019	-0.448820004715373	0.73667633955858	1.4389335772287	0.895327239398374	1.51192184886099	0.0119356473211222	0.999471571994007	1.78244530226289	1.482335716518	0.378528128874666	1.35145171711516	1.35604341145965	1.38997987623178	1.36411034146197	1.36411034146197	1.0663527689772	0.916403282349193	0.310251835503473	0.806597566265669	-0.670804958342252	-1.44982327115455	1.06562989735303	0.500657619065286	0.365737171317403	-0.366201697822714	-0.53816989544378	-0.905033025124921	0.109787641151998	0.205864744913161	-0.325975787034205	-0.296880384297389	0.72500067489749	1.58295731307228	0.48034715378792	0.252788320306862	0.312329103876147	-1.16085594809987	-0.419452712572648	-0.183744289655058	0.984818515485336	1.93062356658197	2.75108740024509	-0.69983589942312	-0.0591835807061563	0.516288981138921	1.46258520156126
-0.951412358269411	-0.189811478029156	-0.188353420211688	-1.18910707780905	-0.693592838261494	-0.554457499161004	-1.42652206856627	-0.837852188548078	-0.9223140726967	-0.311044302328263	0.2046809857812	0.436500791225558	0.499407288620119	-0.334432566694828	-0.306694142902079	-0.601755378589898	-1.21934379437428	0.345797017870976	-0.37478756733815	-0.889375956835315	0.523261998018226	0.334941888298444	-0.20013415558718	0.596405054948209	-0.69835395612092	-1.37875190962649	-0.933540009306333	-1.80012142653513	-1.54246036973439	-1.67371347546932	0.827119607323231	-2.23506934832074	-0.540243312954635	-0.247214733066401	0.534201342863306	0.595629869547673	0.185913820983118	1.38403852968913	0.831089853057995	0.795756116734969	1.8637771793226	-0.804257598478347	0.82894979531079	0.121485485116541	0.538138720005903	0.460755052871399	0.400420825479096	0.175093112073067	0.466313510489517	0.347840468590947	0.112913807435978	0.755366445858145	0.784971628288265	0.390848763624183	1.27127971643043	-0.0393764400689303	0.272169743277982	0.536537809389254	0.536537809389252	0.595844070369213	-0.504967245239021	-0.0966629213519558	1.62540140066087	1.20630481543348	1.30171606645475	1.44328387879602	1.1211533057045	0.033425105407313	0.50074177104812	0.959915629740636	0.997689367156827	1.46732659252487	0.726087452531388	1.17343855667547	0.80004123565096	0.729374931708875	-0.135308994615341	0.242675771080241	-0.683154158359685	-0.483689684745015	-1.2012700946921	-0.275722135117761	-1.19466210147628	1.5317666965555	1.28328499980905	1.01251892486427	0.446123292019259	0.737724163666055	-0.758757226911817	-0.361977547262782
-2.57250201211388	-2.26642842499243	-1.65869451993714	-0.761913887674856	-2.26396259079039	-1.86114876643378	-2.28840166352011	-2.51580348300817	-1.36748791428272	-1.16465691343238	-1.08117588414819	-2.19410758123089	-2.20403418953595	-2.77616456328979	-3.31038481607539	-0.172470970317849	-0.106820496633943	-0.812789888647733	-0.283068569219953	0.0262828438596798	0.338784633576943	0.331836865497679	-0.341119682343378	0.446439894041569	-0.271216584825035	0.0363843411529403	-0.235298364981169	0.366366450893182	0.40446948694286	0.161871629452386	-0.834214993741158	1.06196468708528	0.0372682709470235	-0.482593434131056	0.423904218473725	-0.0218567043206838	-1.30150090487998	0.642819692936117	-0.85680704163036	-0.578170619172824	0.985818460793171	-1.36366672491354	-0.509802470777386	0.0103609296987033	-1.65172416909625	-0.127951221795043	-0.263974449036642	-0.278465927701937	-0.00408514760486557	-0.137308470814362	-0.309265699559503	-0.854731863096678	-0.520873576603607	0.292174424260066	0.592983402952741	-0.200146472640675	-0.673755287966821	-0.0343547256337466	-0.0343547256337491	-0.687957316523773	0.401814645635385	-0.264718987416451	0.589707170956862	-0.332563132408858	-0.583559506933822	-0.039839627298248	0.180674682778651	0.29448687131595	0.126824652445767	-0.1596667579998	-0.484052776883805	-0.214918923843032	0.918058427023418	-0.044199741918035	0.417244380928162	0.364191452335441	0.361281333977623	0.433400314727931	-0.503720255298313	-0.72142758762221	-0.396497882991948	-0.187327197115419	-1.08659036301403	0.273650562452642	0.765929350122932	0.308800525650403	-0.376332295026666	-0.372113593601247	-1.05869784019977	-0.98527367675031
-0.485135974187785	-0.0727891741774299	-0.312344999585033	-1.06651292474065	-1.03820530709248	-2.16938332844013	-1.48259949120491	-1.23127859250519	-1.28629958503858	-0.682678695140304	-0.978781219102166	-0.611977976749838	-0.644754048249781	-0.456470088625837	0.0789381704643749	-0.538108950647548	-0.629149263412205	-1.03576927486242	-0.803506879129327	-1.02039351063084	-0.555450357282672	-0.193183598968307	-0.0519124459996956	0.0483665564819152	-0.37292375443389	-1.46995069647058	-0.583286397666266	-1.27983054410697	-0.241134461339518	-0.303462116936962	1.1381631513189	-0.263554075260545	0.00304618378570728	0.0197379859812292	0.246609408173789	1.23917731332336	1.39563175729067	1.39815959022797	1.45238625402249	1.85425708745268	1.01982291598615	2.07876258006574	1.64668975025943	-0.0511845916808052	1.94266672888411	-1.0507350344673	-0.147526411816961	0.0223444823807637	-0.661814693625043	-0.273683089857583	-0.263733234784452	-1.05021812271791	-1.16894205022632	-0.447723760047427	0.312462753478354	0.22286013738384	-0.228357660903781	-0.0667342473775414	-0.0667342473775448	-0.302558013953964	0.326932936527134	1.97339844786888	1.72049176615674	0.634333222833078	0.386701088201685	0.523170828720971	0.281048161864971	1.31179307861945	1.14416377267007	-0.151219312620153	1.49202856125276	-0.405443120669268	1.36784135228771	1.18637865325692	1.10099002365805	-1.39565774459517	-0.77616857412601	-0.527613920991804	0.382640798258403	-1.88937518201484	-0.922852130642895	-2.7099440382098	-2.47108295991206	-0.612529685493286	-0.316926498793442	-0.603194868899231	-2.10757830811367	-1.9817752543149	0.0390075475834952	-1.11340801737122
0.226692284742778	-0.218670593847823	-0.282744728809471	-0.163342051074275	0.159489880288025	-0.599176557227903	-0.0318942418450394	-0.300995316982748	-0.92816095700153	-0.976780086076755	-1.39134030162187	-0.766146850933794	-0.766500534164499	-0.15260759440761	0.43022219615269	0.433567054112035	1.18231645927881	0.267870840712145	1.28413057767456	-0.765203544632162	0.977645041569814	1.57422414953598	1.2339295787726	0.821640913554226	0.773431025978847	-0.042064560357894	1.30563911857383	1.65130377104976	0.569962663245672	1.11764189653136	-0.0568150998596126	-0.0468438078703913	0.200172720439993	-0.662825067562319	0.192365786613426	-0.399967354992085	-0.106354637306124	1.27284104490343	0.731645655248633	0.915610166288654	-0.0654690778166318	-0.349235886562666	1.41910934477572	0.242837012456844	0.421322423619218	-0.920697585781374	-0.466058234755636	-1.44505310119591	-0.35136111310642	-0.799512982816187	-0.854715084158772	-1.1976007722217	-1.2031686730806	-0.532630783878726	-0.206959134989925	-0.671000752828263	-0.984472976173905	-0.52988140056422	-0.529881400564227	-0.714127470940501	0.928867326657586	1.08340550866911	1.52270769516048	1.30739327899224	-0.137570217539761	1.05839827787423	-0.0109649896367451	1.31496384492801	1.91264998376146	-0.0133168120402211	1.04561439330544	1.39192024726051	0.366716953135609	2.33684581798875	1.0479096080608	-0.253008003866646	-0.12137185733078	0.907464765054735	0.157848366290324	2.56007186292462	2.43606311422336	2.6160092011969	2.46577833766878	-0.633255454843816	-1.78758597846326	-2.2502557672595	0.407390350925443	1.04486869740099	1.30198135965473	-0.298342537976975
-0.729102299559751	-0.824379677739491	-1.24217458703223	-0.359935640526732	-0.557150403264033	0.266103157527983	-0.156533101846084	-0.433221333990923	-0.0784329035768236	-0.00581104647134604	-0.190610342509177	-0.271758092602717	-0.399899643855257	-0.45073744041595	-0.536840839481186	-0.751868263762873	-0.519353663096632	1.11481028252693	-0.502959882802858	-0.769328407391479	0.0970771796654728	-0.386339774647544	0.617361419135123	0.00944153989761611	-0.684823481038273	-1.39418482584212	-0.166100371142528	-0.387012707653297	-1.2807508957976	-1.77425098488137	0.424914887511153	-1.86860802227016	0.216642816936397	-1.80609654924445	-1.11140497760488	-1.87226355294548	-0.750985443305061	0.488859632604852	-0.748847566283811	-1.73361053153239	0.50081725222671	-0.992314249859333	1.40525072230676	-0.833257943938197	0.646853361154318	2.02497639699905	2.68203966735337	1.54301577151948	1.59506617986197	1.8170779827943	2.00442013349204	2.0800007275241	1.90667450412494	2.27241063633002	2.48827029532174	2.82676624662201	2.82159710058373	2.55903361685375	2.55903361685376	2.21058369871757	0.92509254817593	1.02986605683347	1.90046596976431	2.57730442174164	2.04021260522899	1.89905916410932	0.962479015403186	0.680333102772785	1.34214928531057	1.32709077394504	1.87350758276617	0.972472415450498	1.27377657135337	1.51241127531459	2.64641489577181	1.36787977089397	-0.219148774988579	0.022863947545226	0.414938578959297	-0.243280315977665	0.490898350229037	0.107504154726335	-0.0688352666485435	0.0765062874006012	0.664618901635671	-0.0505659059184029	-1.28113685644599	-0.901134481971227	0.393198652967985	0.198839969497027
-0.643781793530588	-0.110692158096436	-0.814707105188463	-0.796779178012766	-0.764390077287859	-0.0398858845134958	-1.16000384515702	-1.37695756002432	-0.946268576155855	-0.64312611154265	0.246203432521389	0.413003214335933	0.528876270107119	0.286471140729416	-0.0589372229165225	-1.92625176215467	-2.3998108248442	-1.78066935590946	0.789631945892907	-1.67526010059181	0.973560335323456	0.22095154575309	-0.151160429443324	0.461711010868285	-0.931336452953617	-0.324524792036674	-0.219786134700322	0.102722088765004	-0.491726147518609	-2.08687185188469	0.647202481734568	0.444469994526893	0.680207355266306	-0.736120716264639	-0.830009598596624	-0.843775300647262	0.494311761017619	-0.0143418321434628	-0.676763553978572	-0.452110917495819	-1.24890757224549	-0.382982834216958	-0.313640884582332	0.438909303148641	-0.696513783575618	-0.633773578486443	-0.192387686145226	-0.26123339000586	0.272648737366416	-0.438918905519307	-0.645434122549409	-0.521086878823018	-0.439437854044671	-0.243974288834429	-0.225316149417418	-0.66550942892197	-0.331287030100516	-0.331311213501219	-0.331311213501222	-0.38143405090378	-0.878106954289159	0.536433112999401	0.705001738178516	-0.149559432587221	-0.0777161368309773	0.0244029999367292	0.266493144479513	-0.816297776399221	-0.154814243917881	0.124957302221373	-0.357459690761018	1.49271348006269	-0.585295135591318	0.663487692839007	-0.467260035058762	0.170974645645852	-0.13396858466149	0.209769535889335	-0.0575744291224596	-1.88940062926736	-0.731992308874787	-0.282429893300015	-0.960708371331817	-0.521491249620479	0.941582388499626	0.327786275507842	1.64546951773037	1.25239289097302	-0.747872128523964	-0.423742997037461
-0.64346656588921	-0.0872889436494018	-0.293010732972035	0.832084655868713	1.02159036560889	1.79157000751973	1.33268001792777	0.676849082412863	1.14671394633541	0.941216815300518	0.832598731394392	0.859492402612377	0.435279656308128	0.252560672160473	0.0285107303445558	0.91745493842866	0.695539006178121	1.27002984181287	1.79078831026039	-0.409144841092737	1.88435549535833	1.67208917040863	1.60167951771759	1.14607652406129	0.957732356387757	0.4663941172483	1.41123669555335	1.45924386446027	1.02256543777968	0.591047859248817	-0.126735781970266	0.830397866502439	-0.109631385108038	-0.915707780153772	-0.77380579191136	0.859579991864271	1.0421356547534	-0.483341760136447	-0.589062832980217	0.742466676091723	-0.858991532584	-0.0046427136976982	-1.45674748950626	0.581180704243696	-0.293618612513537	-0.288413504643134	-0.0773855841575242	-0.314446846195955	-0.406015078644194	-0.0153513555919819	-0.468091239094444	-0.210126463963809	0.131774047368111	0.191115190533288	-0.752415069624146	-0.695750390566026	-0.0149801319420901	-0.484878984083182	-0.484878984083178	-0.123271911408842	-0.0129350407972417	-1.32187865694562	-0.643912534736409	-1.27487156935027	-1.30861582619653	0.349029672949951	0.267863084607278	-0.434426581295092	-0.620825581018738	-0.51103633187438	-0.674414505101404	-0.232381120621303	-0.0580564012213226	-0.819807595918651	-0.582586596986683	-0.0299083758538574	-0.135250811709432	-0.261269766848158	-0.962354002071577	-0.546262064777701	0.523534360894357	-0.57291666419597	0.977980061086598	-0.285495003931733	0.629709137309262	0.309582017703719	-0.383118818176618	-0.457441542375438	-0.141509734721379	-1.30179424530219
0.876060519639191	0.552306721509637	0.257397512772189	0.962940700995091	0.511139932577256	0.446109312963806	0.494061414374844	0.283898951606495	0.0074898602421918	0.0506718452087319	0.0615289937946734	0.623769875594168	0.37213531722623	0.758893535398533	0.745135397625491	-1.36521218072793	-0.495535153254935	0.330467121321052	0.173957556689301	0.749738002811871	1.01954141880604	0.212931660817521	1.38306394298953	0.611012531365166	-1.88461964526204	-0.129022189451055	-1.24084437696919	-1.17820488088737	-1.80708745264852	-1.21464865462841	-0.885006927354493	-0.855610762701566	0.282085206084908	-0.912156684492851	0.0489295318419799	-1.48404420809461	-1.58336961458002	-0.837384726611647	-0.703930151202858	-1.42990177272021	0.206313955537382	-0.966293686720932	0.761327593917628	-0.239872098532773	0.0506142963176339	-0.066307522300534	0.332513418373967	-0.291162133776375	0.0770120867898111	-0.227601284442048	0.39555532522582	0.65255486583691	0.822995041128399	0.141165207128809	0.34766261309158	0.499520390547182	0.600990487265041	-0.0108703864805876	-0.0108703864805788	0.246573781573832	-1.28449327517906	-0.560257122844192	-0.0404236108202261	-0.343815588828001	-0.0612893706267271	-0.893161007186681	-0.609510967074521	-0.0231136460195908	0.260249806845931	-0.729298239312149	-1.21969966882834	0.148365553825612	-0.608955954066806	-0.00854037847744003	-1.28158392471441	1.59020709625381	1.2471738221071	0.791693080143837	-0.817267889342977	-0.691689484180716	-0.298539458864184	-0.0526816778297728	0.311077115375329	1.03377655604216	-0.296108034925459	0.1543951743563	0.734755359199456	0.843979457323524	-0.238627070523602	1.59045894719785
-1.87242624997712	-0.801531199270006	-0.447321691942463	-1.56303567897171	-1.3442548078406	-2.07738266688567	-1.29583742985942	-1.27310764217793	-1.79346871091803	-1.28670104582791	-1.49004627284831	-1.21167674829621	-1.06521512839923	-1.80174130957692	-1.8831741997771	0.431928331685177	1.36885604981928	0.479602393050981	-0.0762763340912125	2.00363173768291	0.243370055196453	-0.0867668955053415	0.566014486420434	0.00230063946686532	0.491514496839733	1.50963861241666	0.53658219848344	0.750270251899114	0.761487095506916	0.734711662521148	0.883941875858474	-0.930338519118474	0.513991034149105	-1.75437064472739	-0.751719708653904	-0.784739653862117	1.52936800836565	-1.20603774050495	-1.32676780449981	-0.976435696180246	0.586066794220033	0.113759512278577	0.564285297780636	0.0700556328712602	1.72942063637957	-0.760230694308294	-0.915672495354635	-0.61817544412584	-0.792599521812385	-0.738397173665576	-0.659294187164533	-0.950679916326725	-0.702264183764736	-0.513293282020419	-1.26964551057722	-0.797492114941395	-1.09823103452522	-0.806140820111387	-0.806140820111392	-0.746795648055646	1.68201912734856	2.00458828647394	1.31046965384351	-0.47594397044105	-0.71765730043298	0.311248391010568	-0.695758910795278	1.37931016519901	1.68449796128347	-0.0259969482315583	-0.280845201459689	0.159101582931974	-0.0267292921884002	1.16071999722833	0.247611095015759	-0.34779533134598	0.525315996534559	0.281012873986095	1.35761348802992	-0.108767212957984	-1.31809464375491	-0.723188586928419	-0.41178248805943	0.614549092353811	0.314691403813146	0.444447736902193	-0.85181734266896	0.584788966374568	1.89047314032302	0.102053924542146
0.405027643890203	1.12456564366881	1.08765230050139	0.351294813385835	0.645883318028013	0.37628973279603	1.01409248755074	0.989921073820465	0.375127521010514	0.115644047428044	0.0624249413982539	0.734919723879904	0.738988438036558	0.164588667992315	0.681705262466044	1.1852122515307	0.769334496701798	1.13146295642976	0.629461907304181	1.03655494377608	0.653230760578335	0.33687915921648	0.943635738118987	0.84649041147048	1.06439256747311	0.32943799957139	1.18136449494191	1.19988118039261	1.16897933824843	1.50302054532247	0.924208314019931	0.596865986618313	0.551928350175073	-0.249088171144826	1.29299620950731	0.0944590361292713	0.225824729382299	0.71214871170471	0.441628159014909	0.574585068518673	0.657908622975923	0.726422619014143	1.23144994716316	0.460021558686531	0.848132633572306	0.197431866954172	0.264810727150935	0.868342817606636	0.261369210521922	0.478364812412641	0.458157249155797	-0.0710598465559953	-0.474061670829023	-0.452230084189061	0.863749332798632	0.957198651841459	0.256899877424597	0.855607147366869	0.855607147366867	-0.0212812334394061	1.24942325055818	1.31913533860876	0.509986109433172	0.498082019024624	1.60221360695288	1.05485519581895	-0.113430755757802	0.899524018736723	1.89586933337074	1.61029002699017	1.89667962924797	1.98655660339848	0.455641793115528	1.77288385504935	0.937623839844591	0.663044132680724	-1.31600273225856	-0.722454039126496	0.546206728656434	0.0609587403601028	0.322780263352197	0.0396082725938012	-0.614423429482799	2.26419493049191	1.27115408270821	1.56216211479534	0.949187822326786	-0.149016331365338	-0.665826166554326	0.237648374902265
-1.81998310138725	-1.52165797624598	-1.39874598078468	-1.92715647827151	-1.44527124170779	-1.01669803147412	-1.57785573810827	-1.19726585831974	-0.812640561096436	-0.847920864004086	-0.642871460934649	-1.23019293774279	-1.49403892345665	-1.34240200857532	-1.84799385567593	0.0249073928342067	-0.714336237785528	-0.139052622176461	1.05081861627772	-0.806378735226771	0.603423669105673	1.30268138677254	0.589214906534181	1.30063313652677	-0.421658268084748	-1.1431066606976	0.225648008121305	-0.992072910419558	-0.728506582214178	-0.54301830956062	1.47160684367936	-0.247025238579379	0.0626640171435279	-0.320380819757484	-0.657354396477809	0.582089627836621	1.69178042980905	0.78711560882856	1.71878516884589	1.92669993597711	-0.415268996115782	1.40826647122741	0.708058747192332	0.710587731583159	1.18852512901952	-0.901447006723953	0.087418284206082	0.309767257898788	0.168124352282487	-0.261595919939084	0.376275350842847	-0.326855870866012	-1.08193981279489	-0.686182952940597	0.0854458471080806	-0.0168486957744885	-0.568912728431163	-0.156239992707673	-0.156239992707676	-0.399061275900705	-1.45353250835303	-0.79978326192029	-0.670620341132084	-0.74855016671677	-1.6597123166624	-0.780541119842831	-0.477754608665768	-0.12253909273666	-0.311088444280298	-1.21257912934644	-0.404885864948673	-0.21355732701517	-1.58089048057638	-1.24903350088661	-2.97211066717819	0.705072067872065	1.38283009308191	0.597344138833217	-0.252438709649736	0.151692682627796	-1.35437211071132	-0.997327478757453	-1.36819383111595	0.104184605042791	-1.59165621077842	-1.29221245245898	-0.32673261857897	0.631221891264465	0.572040756262701	0.855945148567222
-1.36837435301058	-1.61784463128042	-1.08918240474991	0.649660952154826	0.393667932114794	-0.193858540073877	-1.07598828262114	-1.20312858673943	-0.464508361286196	0.121604219524919	-0.553572297681315	-1.45516085505643	-1.23518945959733	-1.51188466454961	-1.16034480173924	-1.70352586040357	-1.80638386222842	-0.358042477192287	-1.52510021425382	-0.876542050778277	-1.01353694049639	-0.736303067675046	-0.757367739551944	-0.0128505741057727	-2.39454745768456	-1.96792296354263	-1.42461031921653	-2.23461586716774	-1.87589987307316	-2.12813441902021	-0.390981936484326	1.13813844976899	0.5482743693752	0.0631216068448161	0.176775001869242	-0.830850314506665	-1.27418292160065	0.706426663866871	-1.05277920153351	-1.25595433138134	-0.892360935417208	-0.886727251168806	-0.565241284928525	-0.100247101862125	-0.680315482924516	0.00729737372859033	0.388328233884918	-0.617539086032584	-0.706825105214693	0.302009277695439	-0.216565081513889	0.240837878468728	-0.256380118859541	0.571883429858995	-0.678979891622311	-0.0493478032204738	0.237807700612132	-0.043034112425176	-0.0430341124251743	-0.295606657754634	0.299057713653714	-0.454176494464125	0.547432864728027	-0.155151963489979	0.0137900477992746	0.201507180806405	0.787833452682944	0.273237084638088	0.0845735151531564	0.177581607865333	-0.397616061422009	-0.0077498689702861	1.39019037363	-0.28225986192574	-0.0205747273195103	-1.0502655717245	0.142514311681326	0.408712097617525	0.0269343587041928	-0.873430099880363	-0.172124639190145	-0.169871578606293	-0.0511282492270572	0.529414881876526	-1.52508316783341	-1.14492189367329	0.9900869296667	1.08792777187434	0.0134990184936788	-0.143940138036786
-1.60205482607394	-2.00630637658249	-2.16695629989938	-2.07862082542757	-1.93574286073133	-2.06974957294949	-2.54273352190066	-2.81509514055631	-3.25096853368651	-2.9481044508366	-2.87247525529658	-2.66421491550582	-2.07229822175991	-1.86157010589841	-1.84280230872181	0.26117095033279	-0.445171148230994	0.271242163401568	-1.10431945273163	1.33715604168141	-0.617537302916841	-0.944806021591395	0.176535894158975	0.341335796645107	0.599421311922746	0.318143460435345	-0.10517881137366	0.1927205304833	0.647273425292691	0.090624193014098	-0.433861022608443	-1.31128194164673	-1.16250423425353	0.43394911995051	-0.630805893116241	-0.527013959563638	0.175764940044171	-1.2473344540392	0.829710818792321	0.0209808657007121	-0.180292753431743	-0.0138139785585412	-0.764935946859453	0.24195796525324	-0.366964377986532	-0.0717431275980473	-0.262468700684512	0.598479086586404	-0.0397308800738076	0.354388216342815	0.0500040343287894	-0.0333444515397822	-0.0969627500789906	0.0874647029478536	-0.631228984500411	-0.146522027739736	0.0971193718180222	-0.110833920096434	-0.110833920096432	-0.0113612316833101	-0.710195416569645	0.516928444647003	-0.491947950632757	0.0543690639840434	1.2325842366645	-1.02449623530233	-1.48618612236566	0.283592027297771	0.17681859640657	-0.681241201151355	0.224011641072402	0.959005128246578	0.216947522859059	-0.373618602295814	-0.743338131765385	1.45586318040037	1.27185855209979	0.422128591836855	0.109580016646853	-0.225649643821309	-0.37851595621555	-0.0804386057696539	0.269389864797503	0.7793090933291	0.466230280329853	1.40552431052408	0.28789158548107	-0.384789843828551	-0.490353641592561	1.79637624425718
0.460340600914702	-0.0780298725714289	0.262907719069716	0.481701336498932	0.0925362264359501	0.281349289301083	-0.578790212102853	-0.137078320143726	0.00194681803188899	-0.180740483144032	0.907492476624056	0.381931082936349	0.365850953210293	0.426712477901954	-0.0242606692385774	0.517594910148448	0.406299318067478	-0.259948479945874	0.282058010922128	1.48738373723263	0.913989357898369	-0.0486416063198483	-0.273385694876702	0.503820017422986	0.664037553720436	1.23194387241797	1.34622987996893	1.48985953064196	1.65823092210279	0.276306429665225	0.300403814922167	1.6432334335903	0.427486250777612	0.934314649383565	0.210283633633901	-0.411695343045717	0.458489453252055	-0.675766470575797	-0.652235149156831	-0.959392084602728	-0.050555961832961	-0.263069295416713	0.270035431475302	-0.151249098183165	-0.728128162009063	-1.20321475963187	-0.415518233606755	-1.51038185063184	-0.990234861243454	-1.06840141727922	-1.27021804657578	-0.688471116462282	-0.939997177961805	-0.254138381887147	-0.81510196623452	-1.47086692909579	-1.07023815181823	-0.905738638052884	-0.905738638052884	-1.13250983597854	-0.10606211698235	-0.697633288166274	0.0713123623978846	-0.00665255228297852	-0.133512679586978	0.932689560837548	0.352801277183258	0.467977761504913	-1.70470950168603	-0.447282434068659	0.397213431686605	-1.75092235341319	0.24104386090254	0.542194015700165	0.773101575133372	-0.28470659409879	0.307589262162505	0.359207055760287	-0.175502271929964	0.762020151930217	2.09709946864485	1.14890956587724	0.662219901056487	0.564777257315669	-0.773874678191718	-0.445714853551126	0.8605531418296	0.723941042176583	0.249403278780194	0.144407651729178
-1.23100095977701	-0.955163724884054	-0.962343988841222	-1.33982946840816	-0.125193872189888	-0.287931914474079	-0.380680267065092	-0.37888456719997	-1.16160876462342	-0.796912896274105	-0.799432662548516	-0.276067358185791	-0.0492604995258061	-0.356879867851271	-0.482197472301718	-0.651492516762576	-0.910137464690447	-0.630509363795885	-0.536194374365809	-0.85189361097987	-0.205983569344631	-0.596640091683484	-0.87301217104449	-0.695182056957869	-0.518168453738306	0.100089479870866	-1.15067686256447	-0.219408691784647	-0.798275631294698	-0.652999707302189	0.249573075951477	-2.49946059749488	-1.86951579400392	-1.39640524669305	-1.80485110658267	0.273849741702698	-0.854026983511936	-0.139093880687699	0.703637122908582	0.447357054772878	-0.833874247662581	-0.938047302402196	-0.618568286425385	-1.98317098508857	-0.947902545307235	1.84317457786939	1.29056539752344	0.580073677582767	1.07063003525007	2.08512688805305	1.28255251987929	1.33525405676655	1.01528173103677	1.75628241549538	0.847689291418758	1.19340301820714	1.01426536886095	1.37588848158065	1.37588848158064	1.08085702929967	-1.28943294153291	0.64030880239865	0.535412975602564	1.19244060520807	-0.479860650761545	-1.39847871824915	0.980067246907623	-0.623688956567946	1.0667955400667	-0.209956837708562	0.257514351441461	-0.389154094028478	0.355697769832761	0.442782450051414	0.198062510737477	0.35989609024009	1.48796740053683	1.08938138415615	0.500899287055231	0.746625943695133	-0.81319712892157	-0.00405954459942433	-0.75743664588806	0.171593586999409	0.837710362368204	0.638737250423727	-0.962508971045721	-0.327054356442615	0.41662131470613	-0.520876280777857
0.501094492784225	-0.809340116209501	-1.09319807350514	-0.536873924849131	-0.0845466627237698	0.782048579793546	0.570736247029616	0.707459614220247	1.08409899947957	0.805351230187372	1.15267133469113	0.584125198564863	0.802138004707434	1.36596365125641	0.949246544155758	-0.315936471999975	-0.129758022468773	0.105971595912462	0.852468304502057	-1.01731585675815	0.755130398984908	0.61027622298174	0.638233467478583	0.566238701766776	-0.341128101206099	-0.453059385715451	0.985996901149903	1.59021804685475	0.657242347663333	0.485391125472886	0.602846030727637	1.7724865821916	1.20815845671619	0.512415779215816	1.03713534589356	0.179475474104027	-0.232022415466388	1.21409947556994	-0.76907856369537	-0.824109422800629	1.18182906789527	-0.169607190536687	0.64490253501939	0.321505738618367	-0.108391683714609	-0.145287368142744	-0.0883481597150655	0.714269949774437	-0.282810994382885	0.205360428458757	0.35866206439512	-0.436271526056879	-0.260312112179368	0.0388250719061731	-0.193174254954544	0.346349722415301	0.0510348224131452	-0.172878186534617	-0.172878186534616	-0.0156844329138798	-1.36904130036979	-0.475591936455812	-0.0258991623769563	-0.530051648480429	-1.33896515213561	1.1049333586118	-1.57962325835941	-1.39829551013739	-0.942692438562426	-1.78317556084168	-0.507432720353693	0.081163914368244	-2.6934081744945	-0.797459164210411	-1.06996951741357	1.30289009023712	0.496125153746499	0.544419553348437	0.327403182548417	0.823452199424577	0.538545692704811	0.413007776642243	-0.28337443013343	1.02249855523272	1.95574057074333	1.99857671151397	-0.505763371090533	-0.684517550946274	-0.0316477908806042	0.104833637697716
0.578155042526278	0.564673387166536	1.43709005018361	0.790055516489438	1.31431158853882	1.21001506869117	1.64007839831405	1.30508089620605	1.11673413807285	1.55058366914429	1.65131133713939	1.32833585472403	1.265226363843	0.585106960044603	0.606231619397641	-0.625680188574873	0.355163342049189	1.15474423475267	-0.213595802150542	0.0761474299544501	-0.419921621747354	-0.352375226947993	0.663967591787705	0.00801593100440074	-0.947143424962247	-0.85483000799901	0.0734682344058519	0.757727949162753	-1.03076714403519	0.453451515814191	1.82285711853732	-0.690520034313417	-0.198635659693366	-0.0619091902597396	-0.761453703131434	0.713384060190693	0.753265186643062	1.72610371187351	2.57048001836494	2.19198011478397	0.0229364112007263	1.75309446121022	1.16132598733635	0.268621204932742	1.5674801759403	-0.570933285122022	-0.551910246138461	-0.606215684202041	-1.2013933773068	-0.715278863281827	-0.678588340391891	-0.361859653456788	-0.865210310084487	-0.572222955003082	-0.779054611559302	-0.949896400642866	-0.959473093003111	-0.961008063944199	-0.961008063944198	-1.10665035901428	0.571627087764265	0.840943984677621	-0.0162763329875415	0.144957976132945	0.808555750580133	0.308359093729056	-0.305027291390577	0.857418230251749	-1.10774452614633	0.545268540457434	1.50101692121729	-0.305967023224959	0.0648411280160859	-0.283516695196479	-0.349958687015602	0.301594145928244	0.361250756197703	0.447745053683969	-0.100943043860875	-0.684212194478835	-0.431311819202312	-1.21987217747105	-0.34632750180995	0.741580090152601	-0.459354393851873	-0.184848245035247	0.724898741539307	0.410352677670827	0.0674004929381453	-0.0387626733720009
1.58878459435247	1.78428625273633	1.97171729234306	1.21836988172739	1.07035738014407	1.23275779640892	1.30230097020772	1.02838679457301	1.51303626211913	1.70979968025148	2.178771453741	2.17152820352073	1.95709950147864	1.70869644932667	1.6986668902344	0.0041984475692093	0.651833164436694	1.13872728617765	1.36869106959968	0.264134774303723	0.223758872696393	1.10220478642638	1.04119400660261	0.23765316481275	0.188819949348031	1.06221793723281	1.09317748039248	1.03689808503595	0.924744933525915	0.296123634022403	1.02619501548249	-1.15886915000129	-0.608402733583934	0.84390476050606	0.0318704577371561	1.59947566690844	0.836867540586404	-1.59177832422101	1.10352629512045	1.1284458016266	-0.840907092719067	1.61443673850532	-1.97922670726707	0.0103310252633508	-0.312480735827177	-0.44943118540399	-0.966192879683664	-1.48549669727292	-0.736852231710257	-0.561827951903132	-0.563541588584664	-0.481543814405269	-0.756758117004288	-1.38784779574504	-0.691178413039765	-0.270741998713028	-0.69494897290903	-0.825138454093556	-0.825138454093561	-0.504603818942058	0.224713685875122	1.6254540307123	0.709916692578751	1.11903091341078	-0.452981441210595	-0.936589861320651	-0.0634461441167586	1.41252861602218	0.246856037792523	-0.141702738423385	1.33761324186454	0.366340564262059	0.168456722551952	-0.0238836675792111	-1.24673455260169	1.44882583111885	1.73523378308935	2.48321888303987	0.988958186039472	0.876984962226568	0.0245677256529824	0.214511445785506	0.150744148019559	1.02007950110497	0.913039357834182	0.423669133718702	0.25963746177747	1.80841111362205	2.12275723951007	-0.0961610560391183
-0.37228239630702	0.98187810689998	0.330726610071911	-0.154713370187964	-0.703042869479023	-0.414511222184742	0.0896275448913101	0.151172323528222	0.639708235588753	0.717901498017683	0.75606986070967	1.06940027244655	0.648867280448131	0.233573690519999	0.0242884957590915	-0.00594063398062773	0.282421626929445	-0.458188854441112	-0.55217484500954	-0.446311800704656	-0.754378515465623	0.0734357408531645	-0.419351749726103	-0.220000231114544	0.387578680520388	-0.189755448195499	0.222969876478107	0.0450370506129537	0.392405364740182	0.0344966815982185	0.374143306242236	-1.09900904917623	-1.52727696183955	-0.851263270873856	-1.9793077035741	-0.376742939435343	-0.176546920684633	-0.921881941423109	-0.0589497183497178	-0.631644866792551	0.0192875045954361	-0.0577003143038225	-1.36897492453482	-0.928659847313825	0.0182777584827519	-0.441823466829431	-0.261741395396111	0.521639999898181	0.180162786198335	-0.395365569221542	-0.0740794768295836	-0.889180801396944	-0.33767816043482	-0.125497098794409	-0.0344605469958203	0.0903372258432306	-0.129592285133491	-0.258839584128164	-0.258839584128166	-0.049335938853292	1.39798453029675	0.826169909176637	0.160304658247416	0.400751308505829	-1.78681696869505	0.0456771971838305	0.820044883532533	1.86671212887241	0.524689557714491	-0.413253373898842	-0.123068861431036	-0.364185133565886	-0.0803064740898229	0.323363447515271	-0.821253995444439	0.318290591878538	1.29928942494443	1.50659624302123	1.48070044982102	1.18783402128417	-0.814812702431728	0.166025014560931	-0.247036789836858	-0.449911009713356	-0.959925350547476	-1.06566658353804	0.651054740038959	1.40554179124509	1.55171986411017	0.294025662951398
0.613827125438623	-1.17421968259054	-0.665412699763846	0.109268213624232	0.393651015131209	0.943914143628133	0.695815104501938	0.28198129517371	0.135585039860356	-0.0411317623945772	-0.635681327022271	-0.838954892826294	-0.831011034055724	0.000108653191309013	0.100569127074888	-1.11816656684816	0.232870463721278	-0.491729797152114	-1.58705750591875	0.575510967626835	0.0629776660096189	-0.5074875996246	-0.704662449248187	-0.685629697829077	-1.70932579575715	0.665175718079721	-1.10440822086694	-0.117766755236722	0.100670548179166	-1.40719762005178	-1.28714933249534	-0.31303700723176	-1.36885139933718	0.637302548178233	-0.442980757069463	0.234795852345425	-1.35963747977791	-1.76418047224898	-0.92004868310957	-1.40025834435277	1.01383755712451	-1.09073671426514	-0.346016726894603	-1.64182383252611	-1.68229417479942	0.792036656937207	0.42523193944341	0.296441422723406	0.742341778401075	0.555659561865949	0.52122790737065	0.857648137995111	0.945307622876095	0.247761558702735	0.479986389184806	0.231110155576941	0.362079027734476	0.564641447796262	0.564641447796258	0.865528745178098	1.08597583808666	1.07352024463313	-0.737193506909121	-0.318638996494518	-0.100665923899048	-1.31172838641845	-0.288823505073881	1.85224638335576	0.484494218329455	0.480762467759791	0.870120696747739	-1.05616781099484	0.218128322608527	0.0226541099762479	-0.529538879444593	-0.527166456306402	0.10131168805535	-0.0752272748266004	-1.06534541414173	-0.264995951976516	1.07253255494279	1.55418780704697	1.35751878677525	0.114548809517167	-0.733032305867974	-0.905193227648179	-0.351306723571294	-0.596097862326286	-1.24209702670208	-0.994071965216124
-0.216612931677107	0.737514417723655	0.752628346197861	0.227326461728053	0.124972100515239	-0.14561258729126	-0.325518434599763	-0.0389374292182713	0.567282439212224	0.992917641049222	1.62251766591543	0.568221117684258	0.10590910902994	-0.12952866157765	-0.149086394140119	0.995953631021491	0.831773903854672	0.476053667789228	0.462823931496492	-0.6746946122806	0.0207426117236373	0.0790868593149772	0.00399423582929678	-0.46339097730613	0.916968886456728	-0.399970808454519	0.312285963612578	-0.0204008594324652	-0.352939868948328	0.899624971317422	0.24846167371265	-0.821006895616038	-0.989600202075025	-0.282148769961056	0.199741255911153	0.0646144888107723	0.609147235553619	0.919287247348457	0.338768779844413	0.257492031227551	0.770614656733362	-0.777744651023642	0.37155575723758	-0.843748878464638	-0.447846900095803	1.04054259328624	1.28926310585319	1.14475255192213	1.03193591407787	1.40092566119157	1.56033849437399	1.2627667502775	1.35722533071331	0.897713730133837	1.17343268788886	1.41239691844922	1.02085897934027	1.49845488088714	1.49845488088714	1.30299368299427	0.273552234944822	0.983948008885061	-0.682693825953643	0.170786064735579	-1.06354109335161	-1.37139264118449	-0.172824081474233	0.533643032423417	0.31478546665332	-0.398685313903779	0.152852540418877	-0.162100891102305	-0.727627109796512	0.411852536840317	-0.323448511552514	0.412100488853962	1.89741243531514	0.777463514382443	0.457631040905392	-1.39923967816952	-1.30375170274164	-2.07664902195349	-1.01545676279266	-0.113276006146916	0.0804837483246303	0.228217412543089	0.489630221090848	1.64246238572157	1.60610056100857	0.882409048180079
0.408045822414504	0.516732784257929	0.158839522449955	0.075768348034571	-0.0883523402831477	-0.573835923713673	0.317214031724379	0.184495959319885	-0.202458803614218	-0.755165474004199	-1.14187624584988	-0.664873588518516	-0.176132517487242	0.00586603959743301	0.0982929162920745	0.112494218180933	0.100030760863673	0.0537366971334889	-0.086658677253782	1.11759766349312	0.100999909074092	0.211965669996993	0.788767488295039	0.645081817481681	-0.255994495697405	-0.121840531588933	-0.510055574597347	-1.60268938334632	-1.01537908291274	-0.386309730578178	2.78829628839792	-0.951729266919261	0.539427472753675	-0.368497332311325	-0.000315208569651948	2.09874366140193	1.59747219723216	0.634957717919414	2.23581286613806	2.65102060181315	1.51876228816174	2.16270918649702	0.747737023118821	0.855804367172178	1.16019275065228	-0.340981795619447	-1.00039334647795	-1.30540216147334	-0.257749486767502	-0.609723333128693	-0.999798521884388	-0.919757033943718	-0.686768520929376	-0.994638331712863	0.123238220919346	-0.597418911913859	-0.605092322111961	-0.702613183959787	-0.702613183959785	-0.708973042706138	-0.808745419885875	0.72874507374193	0.228425178727838	0.965072458399822	0.618526706135159	0.516222863834755	-0.134205794755671	-1.08783734303986	-0.284037063409125	0.114817943355007	1.15878104402224	1.40529676953018	-1.0167091233017	0.0164870093656898	0.105421640125978	-2.4618656906614	-1.50133728851769	-1.3211767352005	-1.38477087291201	1.00170020866514	0.516098379973454	1.15836425634335	1.70501425634824	-2.30298042003182	2.11547509263683	1.34653510630171	-0.215871365950574	-0.0345714232347846	-0.411403074858266	-0.66621308484905
0.875148024095504	1.60159253052074	0.545265564561677	0.468166432130738	0.246611575471809	-0.0727098880321767	0.517768809332733	0.789011799223056	0.475677885751954	0.203306590562631	-0.0163883902248293	1.21023464621636	1.32283153552787	1.46730409517128	1.37378855991142	-0.131232368708342	0.90383697108595	0.191808607955227	0.35383779132116	-0.188195212793	-0.201103522022548	0.242607372250946	-0.119048809710633	-0.741170185270844	-0.441263517532033	0.212788462634878	-0.217376362438186	0.137235624179329	-0.106392979695886	0.617900065232937	-0.00741170894377432	1.87465126440441	1.38897981588236	1.45523985826568	0.827117330378461	-0.527832823455181	-0.604750783840394	-0.516540291066741	0.14168557859976	-0.814617422584744	0.633096395842648	0.926701640415421	0.533978695472069	0.98266817079234	0.549684185621261	1.18573035666513	0.189011032440338	0.202324770269867	0.25691714017385	0.53942035524542	0.282258893473822	-0.0779175900147359	0.389821298697669	0.961713674762223	0.321157275741874	-0.0121251212162003	0.054686258990341	0.14893209969466	0.148932099694669	-0.0706376128741628	-0.528046568763299	0.464178201971576	-0.244985237516789	-0.167399447961051	0.89956219040783	-1.59467357449095	-0.398952644565324	0.398868945769518	0.372086623931266	0.202767757654154	-0.570265576234776	0.0446739147088556	0.445359544313077	0.407052512060287	-0.323575323384606	-0.408945946232892	-0.27990888961163	-0.90350770335018	-0.778523052762233	-0.172058126404098	-0.728906804918094	-1.68015394505721	-0.463382503683047	0.122033821063219	-1.89586595379191	-1.60152650997455	-0.842043242993977	-0.766238138386592	0.0185757306906186	-0.119865068569899
1.41457040867363	1.57319606236709	0.922361695528836	0.332282178643174	0.383269136784159	0.105226693229527	-0.212819143846827	0.0376533719830822	-0.189509370442909	0.340330835374436	1.36482799543719	2.13483986945934	2.46194275492863	2.26733057662506	2.02210295014416	0.740451795840836	0.686276549683026	-0.630455269478358	0.251586036897763	0.602874305751519	0.211821989535962	0.504618027083396	0.495178045833385	0.495594649527984	1.33298384004313	0.627936413701989	0.220034444954525	0.297657601511032	0.436451316976519	0.842779783231883	0.011643996468718	1.1507884508356	-0.570016032895866	-0.366308603334835	-0.403242936251045	-0.0485099919848778	1.2184700507571	-1.37799193333096	-1.28644634829493	-0.661608819540251	-0.323293177294057	0.16222579811327	-2.24975914103886	0.391581694292545	-0.424690883555925	0.026411828084984	-0.781754043740354	-1.0462160277976	-0.654865956591181	-0.357238868137819	-0.509850866133242	0.426771030275871	-0.201822663037813	-0.875457311578766	-1.21489207160074	-0.334585923193869	-0.440616639048374	-0.536940591678005	-0.53694059167801	-0.491945260880191	1.01883966495352	-0.916055777185105	-1.30884702599635	-1.01466365716008	-1.14860319970041	-1.21543526352817	1.35213550829757	1.41727927942136	-0.330778919832592	0.650181097812435	0.472054290068256	-1.34733537707808	1.19662583754737	-0.979302817360018	-1.09804069243297	-1.02152355859827	0.724143654408787	0.854511791353312	0.771751105176776	1.58661842907471	2.41131193892194	1.78583086879765	1.30870596855564	-1.34924880242965	-0.205234465227734	0.0505624234378481	1.53725586488118	1.79078143424625	1.49390021234956	0.49267485068712
-0.828987525380583	0.0440977955001484	-0.447743444270311	0.31125223632822	0.157010918374893	0.113819920186836	0.0310613161536242	0.0210159811413377	-0.219044627539641	-0.993772741507671	-1.23067888225352	-0.971111064384993	-1.02997162590461	-1.07431416021665	-0.778106855451852	-0.283689565032644	0.859721429553037	-0.276084272784449	-1.46072941126491	-0.174104950349973	-0.840304640391108	-0.38339654776492	0.0112582239964581	-0.393576290661777	-0.344619596471671	-0.152667387463051	0.254381659745992	1.03565495218096	0.715016936754175	-0.0859644012357021	0.737313587856818	0.207245280437478	0.137113980128279	0.142885521156925	0.495861917572224	0.200351605953861	0.024135845933545	-0.715649522918825	-0.556845829707992	-0.386494718206846	0.113461905937075	-0.108852173560864	-0.159962267449444	-0.186196717309258	-2.26720483810013	0.251407203928362	0.513624634669558	0.0251173070989308	0.17562716542367	0.476405480800567	-0.0545647578143722	0.0373363658637718	0.0167092211803143	0.574858787814353	0.333372962067666	0.00784630243524632	0.0474736123266327	0.626756053247567	0.626756053247562	0.145124464039548	-1.04864694278697	-0.800225332803345	-0.934777365161867	-0.945441201704711	1.24143671273292	-0.459015633083811	-0.821428567239759	-1.35923172983288	-1.20629414321754	0.0922134626420829	-0.413442068404958	-0.288446613771252	-0.385479506034754	-0.64074302922972	0.378267366566383	-0.984547565633404	-0.419010037878399	-0.96525186341961	-0.478473236292782	0.0258942276146432	0.348931360406289	0.446950815254596	0.372335194436835	-0.0268103172238332	-0.734116633187253	-0.663328041457198	-0.93056962156983	0.0175355978234406	0.306950822467402	-0.38116783833559
0.49509488101587	0.931515551848029	0.608655007174544	1.07263413499213	0.861191693258811	1.82554508840487	1.45638587537793	1.22281116152757	1.44126968336276	0.587190481622867	0.362916266165976	0.0698257864995483	-0.381486304694649	-0.16720612573048	0.125259252027897	-1.77363082655741	-0.761265495929647	-2.29699956312981	-1.70687679026889	-1.60131098001097	-2.16258300397163	-1.57854592252746	-0.544195185667757	-1.56228596087002	-1.17541575405583	-1.88450392929175	-2.08839589348174	-1.6062715159675	-1.86309011127619	-0.992227023549431	-0.646302424565636	-0.269330102704891	-0.118938057497346	-0.576433917163391	-0.0358573258102419	-0.0170838262780174	-0.0701052658976846	-0.475906918635658	-0.343944904930353	0.00875407528813014	-1.80987765075264	0.483464992403541	-1.49351448890635	0.152149559309617	-2.04945503112658	1.90371255177061	1.33146641396855	1.16862543656003	1.96540406572647	1.98230646000665	1.80297923643506	1.4484045869649	1.97679655567073	1.73906025939208	2.05785800580449	1.8812194746579	1.78968375375149	1.87851395559809	1.87851395559809	1.79835919307288	-1.81934568045974	-2.95679202051902	-1.20732033650459	-2.3448456489839	-2.17367443731283	-1.43830129946899	-1.17385009519491	-0.978944875377714	-2.03249647499528	-2.74673675051288	-3.24300451444996	-2.60220268701128	-0.423447211083913	-2.54982562236791	-2.10107312238503	2.33975926985621	0.0475034819427469	0.433348540809809	-0.593285487758787	1.04493837500494	0.851955645682506	2.8584897781662	1.78478970584836	1.16173583281502	1.15537264265204	1.39481280506755	2.90901696312448	1.72434083380755	-1.39105593159167	2.23100531292145
0.66284258926332	0.270440077911589	0.383060103973961	0.579896051408574	0.16003909330391	0.548956516572206	-0.398025735614792	-0.0713666521023287	0.126767880351788	-0.0204227277109441	0.325561178155453	-0.0642227998268455	-0.131369229639764	-0.0205457556002364	0.209705198375234	0.836099728948534	0.0879094572984903	0.904169009585845	0.933202089283581	-1.23538044391534	0.26491434826064	1.07022681887356	1.00465423499759	0.461588142118607	1.07412563043961	0.00040325275520547	1.4004268573535	0.223562573421878	1.1046271556753	-0.0725710064057953	0.936629745662523	1.21166212817495	1.75738530904178	-1.36047328475092	0.683563491767656	-0.868672201582806	0.471266453726021	1.54298781870215	0.26937867386946	1.2047842125193	-1.12375290771802	0.308231088641647	0.574828003983472	2.22842569157671	0.163700505683481	0.0860154767866294	0.361242633456804	0.266534373588871	0.236064689264211	0.0681468746214962	0.510850388571058	-0.273419424343639	0.36894602254641	0.709590765781216	0.525011945059723	0.12367048374504	0.100717212185376	0.0153649343489828	0.0153649343489928	0.15124620396194	0.264431753397184	0.194855743839922	0.766005658180023	1.7787224412151	0.00215067239160025	1.31251718625139	1.17281597747006	0.13001955355962	0.0721207691994676	0.705853324541397	0.869096176169035	-0.0909420738081692	-0.696399351017457	1.31031922599165	1.40123025906343	-1.75680008166068	-0.977106718772991	-0.748599174530988	0.207481645918229	-0.417481715014886	-1.02402641264247	-1.44334032036791	0.407790417193994	-0.593846165044559	-0.0743727930350374	-0.529633389157148	-0.134719119472335	0.0408539066878238	0.86802782628616	-1.1876836047791
-0.350363307107566	0.889795134358689	0.977733972395657	1.2126057692829	1.11503927484436	0.355482531868547	0.476797632300021	0.351059494852475	0.932053870106266	1.52813217721651	0.806601212617173	0.172885089919054	-0.35040584716143	-0.522887775080333	-0.223944853729774	-0.272064671116726	-0.526845589972462	-1.5042149037636	0.488652322816961	-1.61279618271724	-0.851568650240042	-0.343016740008906	-1.12802053902743	-1.1984846131006	0.222774622530331	-0.360768862370646	-0.480256990761316	-0.686371506589958	-0.561469136546317	0.0553051717572012	-0.240008948565646	-1.1503585989824	-1.49748539191072	-0.869946895188075	-1.43043969328304	-1.4605320500112	0.36333623946309	-1.88527491336558	0.531319854746819	-0.625492742366851	-0.207956102759839	0.152440171608565	0.269501690273215	-0.907694660248744	0.95132728096753	2.2057837908352	1.72012764847493	1.62256492036013	2.16615137466014	2.23149079116272	1.56369969839456	1.7128191632755	1.84977451817826	1.56574107347684	1.81798955080326	1.36734664040444	1.83180879175662	1.98210563179515	1.98210563179516	1.88395045065692	0.88940286837454	0.443417722317613	0.664668663194036	-0.00789100371334265	0.525835336419439	1.28974555622104	0.779786511965747	0.104734210806826	0.414407639387112	0.609683212016857	0.0852505682751257	1.32117821453154	0.934317220186941	0.711826626850513	0.941087216152885	-0.242209361083612	-0.0918095772459612	-0.312756977183797	-0.711982093507297	-0.152328033729464	0.0876105169991574	0.521857007104798	0.30512960915901	-0.724876799177164	-0.921453089009451	-1.03040698945904	-1.25633562991941	-0.936497768589217	-0.726559955923817	0.151921991554567
-0.984527141470187	-0.43498157173517	-0.556888333077314	-0.258191091512776	-0.470778452831462	0.169517605877789	-0.0666500425170309	-0.0232702755428679	0.513009420413595	-0.095953866053027	0.0409401982090217	-0.358003409194778	-0.496815294385248	-0.751396314685008	-0.725071043376878	0.857765833465328	0.0120726863623498	0.0545762537310417	-0.091839206271266	-0.856722011278226	-0.0566492529439725	0.37246750138459	-0.28488843752486	0.183873947161033	0.635550111092023	-0.25227905777192	0.258514221570289	0.372077982381866	1.04357006272127	0.912243954668456	-1.04315799584506	0.344466877144644	0.385346265515169	-0.868106267761058	-0.222836882135962	-0.516273296320683	-1.26490956036037	-0.210713171151616	-2.44221131449719	-1.88119623598099	0.0976536529617215	-2.025738516462	-0.725908002794005	-0.411716385202113	-0.982481649110308	0.292401401711095	0.378858401493319	0.706681557162136	0.356661470121654	0.629022904269924	0.616678572743198	-0.103678138815629	0.527832274197872	0.552633241915294	1.00278123829482	0.363662793272987	0.267127927327993	0.542494156005585	0.542494156005588	0.703424986093698	-1.18858961681087	-1.2723742449631	-0.796250029775891	-0.742296187333497	-0.111700107530175	-0.0270501266675654	-0.816636192306389	-0.692119039831214	-1.96062665026485	-1.03981761600475	-0.979643856346591	-0.506818321234567	-1.19122564433851	-1.41356938237116	-1.0629613157208	0.559895878378465	-0.426209623840114	-0.989440422749751	-1.18763286842487	-0.293661966585961	-0.0571148849862073	-0.515466309411455	-1.0667678836759	0.272490046938347	-0.16188738247807	0.151924415937123	0.135239345636229	-1.12611925542058	-1.98732818295952	0.682615978090451
-0.350164328428157	0.150550880626824	-0.408009610281466	0.678257656431149	-0.996849134039364	-1.66928186342002	-2.0615183069823	-2.13558420290807	-2.1584725496062	-2.45830694805418	-1.76680231992085	-1.35790025676813	-1.72488009458802	-1.05010049878938	-1.09828742819088	1.18236386827219	1.3720864180291	2.57946759835104	2.08493366119679	2.07424516868567	2.29949262030786	2.09446923403881	1.89316911719702	1.82763390536127	0.644169137378797	1.49351696043774	1.74749265425285	0.53033332890288	0.576413128125071	0.396356201152895	-1.58907265445354	0.267013776610292	0.0170731898206922	1.7041715741746	-0.653729398676896	-0.295282665522306	-0.601576974559569	-1.68555961698038	-1.34978554752798	-1.58413639390313	0.134700838540738	-1.45034365240768	0.265013878054554	-0.912941377003647	-0.414974476895245	-1.50662738044011	-2.18590666956742	-1.79247557864123	-1.43291449052002	-1.73656160813347	-2.18991393483441	-1.40872786992423	-1.81556148812018	-2.12217568286917	-2.38386751690545	-2.31785990867182	-1.65336049811676	-2.37099406194464	-2.37099406194464	-1.96554123420481	1.28873776450788	1.14211688862269	1.70881968801954	0.174225615237748	0.677026644907429	1.89993793144404	-1.24721113867464	2.40811519965324	0.210368701437305	0.0678179698059069	0.922269787195542	-0.632356425422831	-0.308755685137234	2.28052048364199	1.13430957001138	1.23459481187577	1.02504949300278	1.74578974932981	0.132173817452574	1.06279425656923	1.20885688527167	0.307746039454285	0.0482804267382067	0.773771913905051	1.62295312911545	1.23828351352783	0.174288106192313	-0.243219680658817	-0.0124160985938439	-0.313864970056802
0.217050894660248	-0.486165314863355	0.0705939329194036	0.332988954884483	-0.508499361243368	-0.523733286293392	-0.601519162054225	-0.689852341645354	-0.169204892106631	-0.119343134390068	-0.180286038517682	-1.06275842405359	-0.874637094550811	-0.877986892087189	-0.759211576127449	1.21268463994475	1.31914913366747	1.55778768988053	0.836069695403917	1.16724001417176	1.4499627135918	1.26290734778446	0.699033763746184	0.727766376187359	0.422659395138408	1.58132103057317	1.01046457679454	1.10098105148478	1.66210087238484	0.991935677881592	-1.74211187548022	-1.95073919363787	-1.60346082168252	0.144379383133011	-0.612930219885036	-0.0870782958147477	-2.07570905728619	-0.281501861717003	0.379689880962737	-0.333946359190421	0.709972070407216	-1.53492447768419	-0.120041451439436	-1.5227672983666	-0.598921695697411	-1.15279174891304	-0.632720181123915	-0.833835131404558	-1.09058951617706	-0.849540541498925	-0.697401171327039	-1.08187166478821	-0.755732787278246	-1.01176516969615	-0.915142766258471	-0.303542828451279	-0.767798131375574	-0.38425811143023	-0.384258111430238	-0.253373538803894	1.00751657371496	1.13097709335238	0.729572851893324	1.37593549224546	-0.140956855487237	0.844255067399819	2.11040292737436	1.07410626939763	1.24602766736561	1.12063284422485	1.57894326419206	0.73292194193993	0.889883119989106	1.10109256666729	0.298707644528188	0.0480005500200951	0.758918446336851	-0.300378535118508	-0.645580160028396	0.305276870349815	-0.270121887765458	0.712846871433143	1.37859150697909	-0.255667057688482	-0.112278738114822	0.165223301841232	-0.466768366425133	-0.215800084310495	-0.230087000423043	0.50441466699875
1.14016180267128	1.0216334671915	0.910529078542174	1.23225825654831	0.660543377901417	1.15896943484713	0.85443762592905	0.952810383584357	1.87932753888925	1.59346290004973	2.03051242134599	1.29059657120818	1.32263148139322	1.27231461418369	1.08079966587846	0.562648935944883	0.696540577962479	-0.476597997228786	-0.702400176585355	0.14018244012007	-1.40874442449198	-0.414588780068873	-0.974980111346067	-0.459817625892865	0.888736079608294	-0.845823010621153	0.179545239904783	-0.410183014297525	-0.0204030886458766	0.604451424960033	-1.96170243081504	1.24477094998444	-0.0190727608938549	0.516413560122902	0.225692452355647	-1.076717217935	-0.805748696809515	-0.351686320828232	-1.37706002611042	-1.22127928321882	-0.534676442328885	-1.42529105888296	-0.276142825753982	0.0659427171400436	-0.828418137948997	0.637890211566152	0.84506218939788	0.941248056559554	1.00707626885388	0.491913661864054	0.815139798138805	0.846441590209843	1.11537610331031	0.869580568632636	0.657254886428212	0.802295904920203	0.835583976073921	0.878238193552117	0.878238193552117	0.825880728956126	0.861193209147608	0.594533596545798	1.41237497881291	0.481633764729411	-0.317566418867051	0.83112099406984	1.41849600125701	0.752634007693507	1.06368536012249	1.01534838555804	0.668754160898968	-0.897105350957554	0.657001522222583	1.60559390716964	1.50807651466353	-0.199623437251644	-0.756171375505509	-0.733799737283551	-0.221332397974961	-0.882359169324057	-1.08611185624666	-0.688334658376361	0.0705782081300922	-0.593671275860916	1.19631885983396	1.03329508572808	-0.892489843256884	-0.821787635350082	-0.375587164546254	-0.223271034670939
0.0216567616270038	-0.385162809439654	0.449192357772113	1.12032569197901	0.78086620902832	0.50929130932256	0.260372107109002	0.0624886955170487	0.275634386200601	0.095697389196742	0.267206951691784	-0.648147995283039	-0.967794637575779	-0.612997340230643	-0.984289958589357	-0.234043147332877	-0.331325245116166	-0.549574860078362	0.586166282156193	0.0857089630341585	-0.0355015381020231	0.403071771493828	-0.735728634936545	-0.387015133742204	-0.0778038051163599	0.71238040933918	-0.543760571798571	-1.39677491661656	-0.323129779301916	-0.614411486488339	-1.45245947497611	-0.74868939753561	-2.11654957638219	-0.0487603474365551	-1.70724325002209	-0.801510988162399	-0.700710190102821	-1.04599489160889	-1.31651226324095	-1.65067899681467	-0.447601454281121	-1.61872574363463	-0.720455795476501	-2.26014235250295	-1.69627157349357	-0.214611078140669	-0.747040338298156	-0.863452521869074	-1.13078239107292	-1.17928700066044	-0.597673343054666	0.175235099825872	-0.244390756240195	-0.703463804244167	-0.681421437678803	0.105127917921739	-0.209651362673812	-0.452446164304614	-0.452446164304605	-1.12478519636302	-0.0358268419416135	1.00545346059905	0.550504413565578	0.677102643143076	0.67697966663365	0.788544992121275	-0.0254236621100732	-0.20712777009673	0.402640155671059	-0.138659854048134	0.370171275242971	0.799642130353546	-0.0297289760046611	0.68487134824957	0.807124541419594	0.279700169242844	-0.381688019074626	-0.9524905040443	0.440445721992355	0.179328744475755	0.677826032633602	-0.555865472759346	0.782762975198755	0.28870826405249	-0.0699020823681148	0.0313977663352207	0.345813794525539	-0.279952896394724	0.751866761603845	0.262513707638601
