0.0342099419155944	-0.614758787996461	-0.307909646708771	-0.871240339759638	-0.0981553834260571	-0.779872111354032	0.0891548224789704	-0.638264224962073	-0.2264478331668	-0.439000942238257	0.748884297739545	-0.190181415250724	0.930274319960244	0.191902357430599	-0.14538767408963	-1.21540071431743	-2.39433622721447	-2.3788357796141	-2.89827124894791	-0.446401694877	-0.413242702984346	-0.307286282552535	-1.05839696606621	-0.554076852995794	-1.07680286412951	-1.80244457222124	0.0464267573834421	-0.33488543771284	-0.354835751216605	-0.782966464364689	0.310956589627571	0.723496148818675	0.91942130123716	0.0417234826946582	0.713229471654352	2.10682918345397	1.44261922164629	0.425427459370671	1.26965825783452	0.276837835359423	0.201589861831488	-0.579978635046791	0.238287540042705	0.14273028791082	-1.39236711454913	-1.69587768627625	1.68328547426375	1.41248635855903	0.526362975342235	-0.00485252510694289	0.251543302552095	-1.26246335859924	1.78515294856195	-0.1328175942245	-0.694139200927765	-1.18732359477022	0.229300936575139	-1.34671976995584	-1.88267098265867	-0.788964506535262	1.95594809670927	-1.00520766894351	-0.842394112862972	2.30660435859238	-0.0975622408753979	0.737223033942878	-0.781014057258457	0.408188298122912	0.771052738431491	-2.24445349668896	-0.0011126684852986	-0.474792210998084	-0.389652536195867	0.998912253210522	-0.547165845226578	-0.621788319902696	-0.655960896477975	-0.946754502596088	0.587726228829045	0.651971415557198	1.25261963117559	1.70558907992662	0.569718119791683	-0.510446369355187	1.13933113323199	0.910109336729031	-0.269155385077127	1.24280749717342	-1.38198697798011	-1.87175960845827
2.15342080637417	0.841673550131117	-0.312239564864129	0.516225321842609	-0.310571447539163	0.739867310148403	0.739920232417883	0.759008055141475	0.622527558980113	-1.20989105339026	-1.63392158190237	-1.79188977517795	-1.77701050577305	-0.707679899741581	0.904800607794815	1.57151573001939	1.87060238996675	0.866824987426404	1.12077431077102	1.49925058111141	0.216492945877412	0.234661898085595	-0.277274780509311	-0.286497886713841	-1.18262658428825	-0.995583370561211	-0.597567231574095	1.73234744250575	-1.09600842499728	-0.600638078127501	0.464695875017828	0.0356086507254508	0.867199450580955	0.444605610086794	0.734705868139165	1.94709343236839	1.39385150812516	1.4491313419026	1.25830231096977	-0.0758616900371324	-0.280771662765994	1.18863586063374	1.12167226398171	1.48211039307608	0.622328927905853	-0.655747851733503	-0.681877516312475	-0.544429996245079	0.134798201076451	-0.23017811342953	1.04332413442733	0.361128198263422	0.678208835494904	-1.67523849303748	-0.934773938977613	-0.645134635236011	-0.591520569901776	0.840303849974327	-0.292011541954063	-0.172068253075118	-0.256440949049604	-0.201765711574567	-0.382732514449511	-0.859062334095439	0.392984135990935	1.66176513200424	1.22893234423217	0.597046678296472	0.787462700083679	0.0457646552444893	-0.160615096091293	0.226864724332119	0.51687032728116	-0.736947127576879	-0.745391428442421	-0.489370559105655	-1.10949838010564	-1.39854973017091	-2.14219127550796	-1.4770648565067	-0.864641842783641	-1.25730381247028	-0.128072075015929	-0.613680150905794	1.30766527411379	1.16254964237075	0.722452391206323	-0.810175854809191	-1.15955741985276	-1.59994732190832
-1.9155326382607	0.0126290506385682	2.83807052423454	1.50006991590286	2.49590672259096	2.43107484769611	-0.093066238501069	0.222713823320007	-0.0488199331757297	-0.493549290437448	0.148985173273906	0.884010385434381	1.3777043645453	1.74194008497878	1.32281216159033	0.516804740753732	-0.285670796333641	0.43448476325732	-0.0278325651472906	-0.00899366530358335	1.19380541233421	0.00764242117130388	1.10377133412217	0.907786484619041	0.412667228508723	-0.439320847204174	-0.150276248037745	-0.710602486296734	1.28825040841214	0.721894430925124	1.05052634564196	-1.66315780735525	-1.51811160746837	-0.63492045681621	0.0116289424992784	-0.151024903306834	0.442461575273797	1.36066525271201	1.16659494901957	-0.0835095172901611	-0.284014349214379	0.136985097143376	1.10164944915525	0.563137451105092	0.47062220201686	-1.6756981523398	0.614555696115488	0.103289396935722	-1.24740993196515	-0.572808323225298	-1.54491615893275	-0.254040318018871	-0.26665320859372	-1.67550887418362	-0.531425992838107	-0.996213541781282	-0.937298492682674	-1.83195967530528	0.0138068094479871	-1.0721143105313	0.207611307473399	-0.508094624028641	-0.207841181299884	-0.976113422768027	0.163878608917576	-0.43901721375582	-2.44531756230187	-1.57323147591969	-1.48543994149537	-0.269431505811498	0.890992044219319	-0.173847962499645	-2.36480419408571	-0.472383255885587	-1.4385090118707	1.25136615061806	0.703254869721432	-1.13963811084843	-0.520837720807212	-0.767602944459873	-1.48611822555959	-0.262532590527294	-1.44600373039987	-1.76817285435077	0.317018706229578	-0.291463107899915	-2.26345453474477	-1.41424115604248	-0.471855306051638	-0.607461140550356
-0.578522980248924	-0.106032974001631	-0.309133721968908	1.07129308617635	-0.0959378947635933	-0.508440537077363	0.0502017926735431	-1.30768108754	2.07432519279904	0.419463777332932	-0.428310241986483	-0.492468785774849	-1.35382961168023	-1.05986342722489	-0.521198822913446	-0.247050594904561	-0.0906818866276124	-0.409167475616951	-0.21367789638965	-0.604252934990003	-1.21799770990344	-1.41221965833523	0.0645041193579308	0.488837497160475	1.95824923601516	0.827893474563952	0.414990306640384	-1.10766015378147	0.511253862135081	-0.44453045039899	-0.618138199842215	-2.01181297111845	-1.31694433086402	0.0478331887478728	2.30383918989241	-1.12720362838916	-2.94832266564324	-2.29223200037475	-1.9359896544753	-2.33296086286771	-1.87490981149093	-0.199088939557801	-0.0784369371724064	0.28167826598641	0.488927100332907	-0.067152800991932	-0.89683940665814	-0.478502453103085	0.139740149513713	1.53411375859268	1.14059152539817	-0.307954405657059	1.21703601158462	-0.639459380902629	-0.265894162611557	-0.674360245835418	-0.173731498473535	-0.350745273359776	1.15153580906263	-0.796572352288994	0.474468921053621	0.453154111928759	0.425656878360352	0.0958978044592947	0.224739535865555	0.708333544543733	0.914582872575474	-0.265397628463966	1.54775793614608	1.33616705222879	-0.627640616239245	-1.00187735958065	-1.53896251649021	-1.13505938617984	-0.292709953314596	-0.527675162291807	-0.304497497410387	0.218307054416748	1.5354516877472	1.79277275544521	1.23285207161326	-0.318449366338521	-1.54073538041902	-0.375942486645289	-0.35303729406146	0.0607667317822162	1.32936752921728	1.04482183453009	0.797691373235272	0.736867525017351
0.0257525645335948	-0.579326288210471	-0.234853810479835	-0.329172598570225	0.189860085526978	-0.717600368004409	-0.410842757243647	-0.726540638050066	-0.971859865646423	-1.53645004038316	-1.05983560374061	-0.241838820606304	0.496239951231023	-0.315778086027324	-1.77608538587413	-0.727314054580007	0.0578796985430664	-0.587702137373227	0.343077065610249	0.0479854254219841	0.777551749661063	1.1521043193509	1.19603770296337	-0.322405668943946	0.241172776601448	0.0205812304830034	0.0330327077937567	-0.448376354252452	-1.23957888432695	0.862533554242258	-1.38771335563552	1.45776689065281	2.61800138883955	2.17938897693678	0.24131796007671	1.34773493205551	-0.145162952106195	0.209308387000948	-0.141587533051561	-0.515571963428778	-0.458364299087173	-0.73742161109032	-0.664342991836682	-0.0990457882576697	-1.11428723895588	0.3054357154036	-0.479771614868956	-0.395841801824124	-0.435209305696871	2.31067108122728	0.665398222264818	0.738650473887186	0.853112604192807	-1.18906804897431	-0.823984420345423	-0.40235395057408	0.488824141950709	0.876360724730551	1.08425250313267	0.20569768756654	0.0415986770543128	-0.174173599701685	-0.133946562865826	-1.41838895514255	-1.57933491484072	-0.485281823246597	0.217408242090945	0.785289541765918	0.572593671198348	1.16234794528369	-1.06380014320272	-0.205210516937467	1.01556405199918	-0.0656457792376275	0.149710043514099	1.89683875712075	2.43258563145326	1.61984732990854	1.34332046326813	0.788535625295061	-0.116184901205201	0.762239279109493	0.139200787578895	0.36762420732906	2.29535208655171	2.20180344000138	0.313051669256834	-0.404021834396076	0.330810217373441	0.0377781520268614
-0.77765539628883	-0.868652184471731	0.256130842550165	-0.269017122228614	0.0733144774107382	-0.350641276534806	-1.35922618966989	-0.469088157014576	-1.34823961428201	-2.10000470076642	0.709812246298921	0.209178999882385	0.260834983680238	0.288100820757306	0.718737799566105	0.673018304915615	0.406142535329344	0.406142825666909	-0.226014864377902	0.188583698210664	-0.774633192359155	-1.27587242063651	-1.65037667883443	-1.83643903890954	-1.54307228345876	-1.02322104168534	-0.503597883723525	2.17934993576739	-1.20160421133457	-0.519851403485414	-0.00568197473117974	0.319902467347369	-0.345000175990304	-0.912305951203675	-1.30982865890715	0.0710989871310313	0.387145881910339	-0.374124025029407	0.61967656922731	0.371491015310822	0.00129564108200875	-0.034541646148186	-0.438169816372551	-0.602114267412669	-0.853276830678389	-0.299736614954192	0.839252928459237	0.51543403042313	1.58560427325669	-2.52365624181388	1.06859106074638	-0.350415503192953	0.923685070790329	-0.0665007217506892	-0.1456088958374	-1.22950625592337	-0.686551042922121	-0.480669811181669	-0.263568137952373	0.782466770139618	1.25533131475888	-2.70124312112546	-1.71337003869238	-0.456305991147071	-0.278885425048525	0.677255378640913	1.14318057374176	1.34558254607911	1.14933967026099	-0.635380336791622	0.822002586256562	0.453736854789678	0.0512133475646617	2.20748638870312	0.840145764214727	0.125762437472858	0.551122494994441	-0.512132351126545	-0.994623427970763	-2.91054920579161	0.448016441932451	-0.809588349664916	0.585013561002992	-0.308323077895678	1.29316052295001	-0.36688421117643	-0.772533546286961	0.828890316865391	0.620859553478596	-0.742300849045085
-2.27432222320555	0.717546971422854	-0.669854719233048	-0.973783516596044	0.0872382121970987	-0.491596851556402	0.864992127293227	-0.268973880133823	-0.685276355954671	0.706672747241049	0.846021144517847	0.732387360262058	0.529216210509469	0.930045042725475	-0.209345286413725	0.504469404525119	0.337324994920627	0.506809096097706	-0.354453503352055	-0.960100034200786	-2.10507953965571	-1.99545695300042	-1.63151966071856	-0.250650937444211	0.648057500836765	-0.342577515821736	-0.681522254887582	0.266868299605052	-0.86641999720763	-0.684680704932257	-0.470280102304036	-1.05866617056251	-0.931845929599168	-1.76192913604697	-0.508377326338576	-2.29910127277744	-1.49690464830204	-1.91317022437298	-1.20675386767147	-0.786834424116774	-0.296571434229707	-0.502342649025353	-0.106192878367004	-0.375396884968148	-0.33022216517957	-1.7977110344692	-1.46909337735085	0.234433051902298	-0.086123327248194	0.698005948507125	-0.536435815848306	-2.99413283721343	-1.01439779986008	0.0126952859653379	-0.242656224472941	-2.1731233304637	0.129126009804025	0.563263242310072	-0.923556906700719	-0.271453276896517	0.78868390229208	0.558752347982122	0.448348367928305	0.366801211549687	-0.476138620422475	-0.269716340025916	-0.927160526377303	-0.176961484107153	-0.956714127160437	-1.29788985757349	1.75162983977217	-0.470298874691489	-1.36654236447924	-0.817216691693888	0.327612217111685	1.60428453891217	1.69865404644529	-0.366390889963178	1.23096014460061	1.14696602141973	1.71301375557055	0.406946404276812	-1.46048634592423	-1.13849217038983	1.04745809070101	1.13693206349702	-4.06722253385037	1.80077760114926	-0.588034377547066	-0.11836304654834
0.0634238913000215	-0.779746583278922	0.712789163454948	1.36156023381508	0.446554385442368	-0.749767211297633	-1.12867399784143	-0.610141913443587	0.353413172489706	0.0514865401619953	0.77528620286144	0.0604788520895109	-0.139268804631134	-1.24056158896728	-1.80087133668293	-1.76938293892938	0.1712275506901	-0.57266307684685	0.370546063398581	0.487469184673145	-0.659240348933584	0.554874753951857	0.525476193423859	0.562974617334135	-0.214675860623176	-0.284568538761024	-1.01915958104545	-1.37183126852876	-0.21217374186559	-0.736571773396327	0.447912793294451	-0.280090048459037	-0.631149653069659	-0.91519116498468	0.543595381458294	-0.560861945677802	-0.106763229152705	-0.785997719822515	0.770290423794859	0.743355105194731	-0.636619605155685	1.70648882300133	2.35040389325957	2.67277204517115	2.39394827499807	1.43157787790611	-1.90542822099402	-1.6649493283221	-1.15777261137456	-1.54081036228511	1.91481814424213	0.767084269748115	0.517744941709997	0.665246569836092	0.609288381546643	0.825640510563304	-0.606409322472689	-0.592199655875006	-0.745772636821382	0.263573679260374	-1.63747625247318	-0.900024119382614	-2.0622818942972	-2.37657283413319	-0.120702286916512	1.07772509227967	-0.459827858689129	1.27679948161959	1.77804104266135	-0.972521923127407	-0.418765103266606	-0.311157164213335	-0.380011134845306	1.28974154804454	0.573850593283696	-0.536672905048737	-0.616948083588666	0.245327588702366	-0.848146715692849	0.119541031327664	-1.40345500397081	0.228577036000809	0.519012328771362	0.163943683568758	-1.77729684159206	-0.709980719578908	-1.60635827725043	-1.19424973768874	-0.930821879438625	1.20357630981166
-0.94661522801784	-0.294777623720309	-0.864133208736976	-0.451169698533533	-0.798911364708236	-0.817056156828164	-1.22344836921938	-0.869319156426038	-0.703973070460154	-0.623152127300256	-1.31952317434955	-1.23458116148689	-0.753370379055248	-0.0945301320663678	-1.42795166378381	-0.62448822186175	-1.40539966656638	-1.53075884496086	-1.19460058195717	-1.34643306713443	-0.0182300283208719	-1.45318893033485	-0.391043141171678	-1.03495907249813	-0.59487940723203	-1.33035719973751	-0.443414995243646	-2.60549071224709	-0.420984488465602	-1.45839478418468	-1.6682078583528	-0.949810008615798	-0.380665858898472	-0.54975831786668	-0.592313227345579	-0.115067051122372	0.189668363049309	-0.775849671177872	-0.984795682662441	-0.185533565648486	-1.30490139812828	0.0746104537722696	0.550864001879503	0.586384088851337	-0.447080542379771	-0.299259879822124	0.0024072748373341	0.216491868067397	0.480121440129401	0.833723362694028	-0.614518132218056	-0.98443967306225	0.29398236344075	-1.00333021687802	0.596428708107697	-0.519319816149552	0.651129485211449	-0.14227875382514	-1.1640339045667	-1.00348459770277	0.854544279812495	1.45621044313238	1.31250182665632	0.710457509817415	-1.01809755732454	0.389279184608615	-2.21064423303423	-1.24142461930231	-0.79405721443942	-1.70126635403341	2.68552367357948	1.5604676993813	-0.865691461506598	-2.23822898303898	-0.872014884497171	-0.958971115996238	-0.0776421714221583	-1.89586222635364	0.159450735307234	-0.186108066889496	-0.671581926672393	1.03257517725572	-0.371635373844444	1.17596818800163	-0.562418602254495	-0.1478736596342	-0.749118619708874	-0.867596242745546	1.07461516157603	0.464003794743381
-0.0483852119052133	0.98290849290149	1.83340562421927	1.17973642663253	1.50033638032731	0.535340559266358	0.943817105876012	0.16576630371127	1.96320699868154	0.360622788357195	0.640919554012882	0.680557231381075	0.052735577176359	0.526386267375862	2.40462309024095	0.625529775978889	-1.10836932862801	1.02249118891727	-0.783779879157654	0.480974536255878	0.504115796987849	0.465599472498757	0.531606765875806	0.86543205110187	0.351286642316793	1.52651495267203	0.553763299497368	0.980854100355664	0.778414141524416	1.20004748944237	-0.0969774796870998	0.0403339593926428	0.880114958080598	-0.139072413660654	0.522993699048104	-0.329244465565123	-0.639603037355309	-0.100706823605615	0.181388614394843	1.46674442061519	0.335478324917829	0.727747745308031	0.0869961653499964	0.620154476638262	-0.0862040931061859	-0.00189839821456738	-0.702277033644634	-0.813625298033297	0.210154285550449	0.512073132180549	0.141840164836989	0.338425760459474	0.288291650632613	-1.72165413375341	-1.37729399731544	0.205003538102486	2.00572301084932	0.459685675760355	0.678668015965676	1.88672883153691	-0.460078272236781	-0.178549420990032	-0.207689125691943	-0.726604364619756	1.18427650214482	-0.383015298567609	0.750369504156732	0.291159566423044	0.61747145380811	0.540772056610065	0.0461643797758732	0.602332978790357	-0.13591258396882	2.91530474745844	-1.56505353646654	-0.0288670711207491	-0.148818633581278	0.947129338922837	1.11875200848601	1.06262141154719	-1.28073476550596	0.985041671185756	1.84705430971911	0.502991600411698	-1.51439929944749	-1.49537255371525	1.11775424953518	-1.20270569683635	-1.01427305549944	-1.03512714223496
0.949140764488848	0.000495396181546648	-1.45950058686217	-1.71154422584101	-0.474036766442399	-2.92801831437098	-1.16281139205287	-1.12987857530055	-1.78413956498127	-1.71727084736726	-2.02346817456505	-1.81668269551834	-0.916638755599285	-2.97799629669193	-1.67982422649973	0.0366799962300216	-0.0960582135813956	-0.774416954373615	0.488498367797628	0.281523552957965	0.379898546229024	0.604968761970663	0.022014039517507	-0.781718347751619	-0.691111420878706	-0.0260865644488886	-0.431647948437968	-0.994203717791287	-0.540111744510031	-1.37381866312738	-1.49000038099977	-0.0309437022179014	1.66158310178392	0.227533178765361	-0.989004315314959	-1.26647509876555	-1.13216937776182	-1.9200515664789	-1.31050642565138	0.161295640675666	0.808420212192265	-1.15152905880055	-1.02026159763226	-0.449429636176404	-0.182324336774234	-1.60529975066731	0.341080114822018	0.59980880205855	-0.737517946101398	0.286736821041567	-0.327456968439217	-1.54995459497786	-0.268060992455716	0.261222681586678	-0.477349093379232	-0.592182608800602	1.84014280417104	1.33334730322062	0.948786703429733	0.604286478372345	-0.8661708011401	0.575559290676197	0.0957464481785987	0.159393561646347	-0.176158750100235	-0.0715479539909746	0.451972148205573	-0.902057244171246	-0.361078276008737	0.487189415233764	0.0538694541541999	-0.80013171955145	-1.23487266804834	-1.94586384200903	0.355337540924485	-0.441110063100435	-0.491260858078583	-1.19514655581809	-0.153931365950316	0.477291622124273	-1.00228225086365	1.29267344121909	-0.101911034521043	-0.344424416992981	0.422245509151991	0.882579536489023	-0.671583395144963	-1.10040378902873	-0.82001693259773	-0.0872966971999191
-1.22339399634669	-0.647442793031837	0.363480824267232	0.567820925732372	0.894781483851875	0.165612457027912	0.541944195058484	0.750782880988852	0.44075492808548	0.874059125831329	0.580145471562878	-0.00273646598109032	-0.243488031190113	-0.0269762089975125	-0.408581124834476	-0.413408900402241	1.6704914720974	1.12791636712349	0.477733430223981	0.402238585747582	-0.167691501582365	-1.41374830547731	-1.73886147568124	-0.288572020349486	-1.32846550115754	-1.37843906141536	-1.42585254219065	-0.991208853598406	-0.0117018146501408	-1.08653159849424	-0.50974785186163	-0.900305673923414	0.0225764343608989	-1.58116622522293	1.3988689491914	0.684182137740003	-0.545304141856793	-0.197244217118258	0.983943544961601	-0.19073151466031	-0.522922661676048	0.740810343873423	0.228462505554892	0.254958906745737	0.232708976306479	-0.6882547040139	0.527218667312394	0.654097263887144	-1.32600024164031	0.353939394838948	-1.16459760971827	-1.51704590146861	0.157422311344279	-1.00927714319893	-0.43153773557142	0.0981846461460519	-0.539095737955027	-0.621693169276708	-0.635743542172254	-0.649886024133462	-0.394351704497151	1.15533786566484	1.28884572340261	-0.189994872269736	0.672662672304506	0.707193218854184	-1.72172466821529	-0.663943257971154	-1.06064834382605	-1.08817143032082	-0.259472849848808	-0.288772784144138	0.724827628019314	-0.76782361806235	-1.16110321575195	-0.409434117588811	0.200056456838855	0.23197999061355	-0.158046204522981	-0.383567473190413	-0.0911199288599579	-0.435767798399149	-0.303632892776794	-0.298880231621715	-1.07820485434356	-0.640096832073723	0.135970422941329	-0.483294333408257	-1.00738764633438	-0.10119638926691
-0.259662327769935	-0.825751788772844	-0.37497864763645	0.14469190446644	-1.03802685481243	1.09319808433238	0.222916410449989	-0.626440143883275	1.06315782877581	-0.234696672987887	-1.49351714347571	-1.09583379498182	-0.1981897666396	-0.236646130290514	-1.2016214585684	-0.704831394486677	0.366722854492811	-0.194390974131257	0.477770538313848	0.249096889138524	-0.830493342871756	0.55231426359727	0.540337155141347	-0.434593177210101	0.252401107754163	0.349694911022515	0.530369796229589	0.366493293321549	-1.28705861270392	-0.609938183198599	-0.326640519347534	0.730880751975283	-0.464273921861952	0.382304994351276	1.27482231941629	1.51240629331955	0.656681642643152	0.480441146355044	0.335241728686302	0.262702947921342	-0.995863851315765	-0.00874975476366343	0.352313746700395	-0.374085622970981	0.588343003866175	-0.012709521023374	0.613650258183795	1.48432840424598	0.0398867002763629	0.332674412964606	0.951823440795622	-1.13314756197891	-0.254526834742932	1.44373393585925	1.72082890783759	0.865546232073659	-1.58497955420714	-1.92295673386176	-1.03483068434879	0.155020762305729	1.73380321079663	0.582865001484148	0.824498698570001	0.792368759865533	-0.478554739383178	-0.638133873374832	0.412345166804618	-0.189340453144526	0.389086061776433	-1.00309754766309	-0.153178764047802	-0.583035311793513	-1.09737287152137	-0.118250334322643	0.603212523707767	-0.753165925979475	-0.124617019173585	-0.182613608236553	0.461042049162275	-0.636037874764049	-0.709735232280052	-2.04296397391907	0.326122689204658	0.615313578278049	0.639096263593882	-0.0755075769025252	-0.417639888456455	-0.382941610452685	0.0623350275879631	0.500501467468196
1.16739718247382	2.16521710306368	1.45412809560812	0.146511760807497	0.744668504314527	1.18455012102313	0.132830146333366	-0.425696680799544	-0.181181968982928	-1.07992609987239	-1.21849155002746	-0.561855338937373	0.261810299381882	0.372382062987854	-0.126974887094385	-0.394020999994289	-2.47906820520077	-1.51302451990188	-0.581270737188007	0.718670932560346	0.35932178290148	1.14791440364431	1.3690235613466	1.06598439252816	1.94602494105352	1.97346836576823	1.49903737556574	-0.533525417455745	1.10789098686935	-0.3530977398783	0.435377918019109	0.124908212327551	0.373255824737881	2.19886289860954	2.03593405871504	1.75047572806585	-0.102230983351654	1.97194838265197	0.75782774877228	0.762510428981013	1.15667764619266	-1.14177309764795	-0.475146237777948	-0.0400925003430431	0.29813827737509	0.206513341420243	0.0155864931412376	-0.501763834083029	-0.709856290029977	-0.63217484767503	-0.0187328471892082	-0.354820654151165	-0.820167565767661	0.617130593521351	-0.366230509477293	-0.872567644941833	-1.07350668675388	-0.928440654833269	1.52646855146701	0.95578887408806	-1.13299441530403	-1.50479982972195	-1.32274419664668	-2.06268724816309	-1.18182136898017	-1.63143865319559	-0.447135227329829	-0.487243392284632	-0.0626889253096481	1.56123397939498	0.0982093130414118	-0.106717421669333	-0.375851970746432	-0.461173233407146	1.08373159355194	-0.902771761018579	-0.588290793331848	0.23256972283902	0.592406326548389	0.184133363987436	-1.41637053197709	-0.640426808664007	0.100394126208495	-0.25357215012925	0.214347192505141	-0.0739764053324253	0.77053937236845	-1.56473963991396	-1.26885881772115	-0.547922672916388
-1.22592760006402	1.02297045479605	1.02430827416721	0.714768136372443	1.59509168493319	0.881040059358529	2.4971243977097	1.55093991888708	-0.657195477474642	0.154318687173113	0.730708675970279	0.280462644453318	-1.06541109438014	1.02844702696308	1.82396432309509	1.13782961344089	0.666609816648898	2.15396952343043	1.28886772293505	-0.216539399516897	-0.246741089555076	-0.612193872687177	-0.206170278939219	-0.553542394385775	0.155127358708504	0.546841054991899	0.218332092982655	1.28528292333902	-0.798725387894348	1.00164608421763	0.681042881256777	0.123909351376335	-0.202293977612857	-0.40549350987259	-1.03279976809894	-1.71317656254366	0.394975298430439	-0.367405658062299	0.697409384031128	-0.862024723207373	-0.638786162759715	-0.255078001577622	-1.25821367774558	0.0897374151871166	-0.398132257596689	-0.756471988747378	0.948443032379314	0.445508859795462	0.608443671222393	0.242954427255338	-1.79484134172638	-0.309697738575567	-0.0911143572714602	0.273709755086972	0.228599524410679	0.0657419830105312	0.195850542986354	-1.81577859392276	0.901013520718647	-0.559952368190778	0.594928901020634	-1.06903905395482	-1.38691479103076	1.11393550335895	-1.33232817788341	-1.18971899039551	-2.25759435057878	-1.78449460713443	-1.67148399336276	1.27213082847526	-1.87474878935598	-1.99671093008729	0.0916095763661698	-0.883825445515851	-0.0589109928247632	0.298328292222396	0.0560395796512002	-0.122891075655402	0.448975686162326	0.917052744410319	-0.330449006019846	0.771264596396106	-1.52550293196124	-1.57841147649899	1.62690197346476	1.68131323651374	-1.73259464591731	-0.35821754968781	-0.198946458571319	-0.748329875104142
-1.27219268102909	0.711621389229474	-0.132272955833469	-0.440862744642131	-0.484148458798801	0.0997916425765488	0.411930071607258	0.0198070778948263	-0.372403892669111	0.703057114101805	1.06344489420955	0.561581558553962	-0.0371477759221268	-0.121922678157516	0.814391498372186	-0.0508422630995503	0.436024440120903	0.300219717766594	-0.660191862340159	-1.31869228512121	0.0731419143674121	0.669405135618465	1.03468811583435	2.03793441010749	0.825478031021877	0.167024781822302	-0.0396406502181429	0.105342500092668	-0.913334085709962	-0.753890937074178	0.39511467570787	-1.32481355622834	-1.00967154805446	-0.399641473728985	-0.540337018029788	-0.859692014988345	-0.0503719780306545	0.14742819716661	0.13758905308201	-0.201696496844567	-1.15688628831189	-0.427920884021691	0.453706933097285	0.283864092568769	0.101767082842963	0.568768514997661	1.37829208952944	-0.22898827527631	0.423978065774437	0.914758467648979	1.13771752807792	1.52888768253774	0.490253163007486	-1.61678697545748	-1.30870383694148	0.41898551728279	-0.458670123185294	-0.495489068689856	2.10470646226716	1.77479665525936	-0.0700459845704282	0.67175944163856	1.04932279254626	0.0417373914047811	0.811456114338395	0.296975325690586	0.934420095796376	1.03541323924617	1.67954096831917	1.29111502398091	0.785401125980843	1.49554143590828	1.68900620941099	1.32837696400355	-0.93931751464608	1.30996906099115	0.946205319517509	0.969563597572312	-0.0107309902442682	0.319373670508603	-1.15570259299973	0.189777760977084	1.84043827268482	2.26886247224426	0.52171187261899	0.637952581337421	2.3051405410599	-1.83855868690456	0.451712344253845	-0.314178182619169
0.65785458639407	-0.699312931894871	-0.223484963191638	-0.0808822521864579	-0.491851762609485	0.0438518326811085	0.233582741623338	0.345270739664448	1.8575006456717	1.17695012536438	0.66183461039375	0.663303625339364	0.514215258204958	-0.676467156907009	-1.48839169886865	-0.0631011048312314	1.72298884159219	1.02539475514487	1.83542992164903	2.57334280241665	0.756118482679242	0.928117604682844	0.142647196691414	-1.27405545751578	-1.66787988970454	-1.44748712434493	-1.58972533035637	-0.939853726548456	-1.48923784787331	-1.57142783091817	-1.68591581145656	0.648859979327221	1.21559392017008	1.46579463675347	2.36338421521466	1.8958698124657	1.95403042767696	1.93050993956998	3.06754602369302	1.36369159503012	1.72677763788665	0.281483595510434	-0.374975966874711	-0.422463408236245	-0.236405656614874	0.290541812685376	-0.345334820251809	-1.19745684556354	-1.55183704041382	-0.203954365746835	-0.187661843349891	0.345374767052496	0.461462451381474	-0.248781394051687	-1.04569454311806	0.0665525201758574	0.211745309502832	-0.718603503797656	0.689886017388912	0.964983166035573	-0.407484295898577	-0.220758820772887	-0.995792012674738	-0.317448092049009	-0.14455088085984	0.315148068741757	-0.77661285279991	-0.7743906426609	-0.418304422780768	1.04760958960336	-0.364428365601872	0.209716779962539	-0.155134802914899	-1.03845419856565	-0.785108318283489	0.73888230019313	0.656973841865721	0.387926783823825	0.299329471559071	0.669513693507667	-0.888892777777378	-0.925493517551573	1.27079332797034	-0.385942395646409	0.0836646343329094	0.474418120363988	0.294529298283642	-0.580471578263306	-0.340394534813104	-0.618750760084213
-0.830279722718498	-1.28845817149716	-2.06864625682626	-1.27193580108958	-1.77018534715142	-0.22816403202344	0.516143665231917	-0.0250049062866135	-0.362684895785932	0.347061068326382	0.0117884914305834	-1.35016088768096	-0.539584404762916	-1.82652285442547	-1.98709884573675	-2.30808810450582	0.795651311186854	-0.212926471762456	0.943652378753476	0.275941614447608	-0.62385453904647	-0.682306675582943	-0.844632628962808	-1.62276758614623	-0.494728885274262	-2.42646787133827	-1.32051777516327	-0.887936832171255	0.640920936523626	-1.68860597910734	-0.66496094495671	-1.49947149929074	-0.77551152809227	-0.933934990973053	0.222606211686424	-0.118903106684155	1.60899494956397	-0.0242188542937294	2.10078949110325	1.2296666058003	1.95735104963741	0.313587117518688	0.493540895942469	-0.70153907945653	-1.31341392226248	0.41553257367959	-0.351092886664809	-0.235770153323783	-1.17012728723826	0.362659193331727	-1.3787300979062	-0.140187539031924	-0.947251197650762	0.702062709003091	-0.472650813070985	-1.30870616065003	-1.41195366898977	-1.29973715301734	0.345855707731828	-0.272943095447371	-1.07145849542641	-0.842224707320279	-0.716589121923356	-0.338190424703405	0.470185817243208	-0.696856492067967	-1.35752287061849	-1.85561543855791	-1.29358347495152	-0.242546386186534	0.763074072143145	0.677971335492828	-0.819737186389374	-1.46374355814792	1.62508085196636	-0.678345864018697	0.148412226634848	0.300036618929106	1.73946764607035	0.959566242438071	0.204164052332285	-0.834866203016989	0.339460242987482	-0.277879636837259	-0.361433460997028	-0.440279852507018	0.701336233179641	0.186161596657738	0.824123403130206	1.32617443947052
0.137123032673294	1.16832068717388	2.31306003265386	1.16925474867508	2.33368534601476	2.48242695719037	1.28338911074779	0.786593324796929	0.823243180839045	0.73397460088743	0.856544046734431	0.142442011669633	0.272231942007804	0.447706042689341	0.122047434692318	-0.393355179073771	0.53641504547626	0.933059849404366	0.188611992284868	0.346710244209977	-0.272909421403971	-0.514366158462233	-0.116257029668956	-0.595043026942736	1.16820065370197	1.75490277472532	1.0167157833173	0.517179561113106	-0.601827660748017	0.642545090965775	-0.44129276007983	0.814955071551605	1.22360165640353	0.599657041068032	0.379175387394623	0.87730672981971	0.140427144997589	-0.452175958051047	0.0889457306791368	0.528028253817568	-0.421011121868143	-0.491148156789545	-0.277686874883667	0.5397028191233	-0.434951726755564	1.25361097705797	-1.06855289594812	0.0664292426296832	-0.180158276297438	0.442445674747321	-1.22246623315272	1.68650949996896	1.08137317398404	-1.09672386719191	-2.33850453657181	-0.885602602490498	-0.850235250396696	0.325728951444951	-0.05092920199874	-0.134133838756698	-0.339523234147251	-0.953921284380394	-1.01707722374806	-1.51773442579592	2.35571187757624	1.32740312364833	-0.625699606678274	-0.819131687396235	-0.541850467405383	-0.466348983301636	-0.217981880118059	0.588649393174875	0.465880305710014	-1.45632560309083	-0.37367074158302	-0.898895197684569	0.310020468330285	0.264216616377341	1.2075232623734	-0.176748771203406	0.529680221401306	-0.74232898000888	0.640976662681519	0.686534528339996	-0.0567221025268544	-0.447642714438753	0.0127720224062657	1.01359268310615	-0.158605650972489	0.902625519441135
2.04833520071596	1.28686925653458	0.002708524788778	0.334521456410686	-0.46752884548285	0.917433089942937	-1.06638336853213	0.981472190516497	-0.452611148004014	-1.10291891318283	-1.4824659044409	-0.792570890885244	-1.05406391665147	0.0329696457833919	0.0637714800002138	0.272791737292447	-0.310879202089767	-0.787949707439764	0.148581184781842	-0.622111830627663	0.476984647100842	-0.62328130003464	-0.532810041074782	0.23541731649706	1.23975638282623	1.08816793894391	0.950417564812002	0.972003962025861	1.13054198748156	-0.759553581637205	0.032694611034655	-0.311710383762696	0.413449340950242	0.555132328091137	-0.687018319470625	1.27566592108118	0.861379431953358	1.48653004699512	-0.0531219839832238	-0.727134650241988	0.592631270582833	0.337834121131139	-0.375336407685624	0.781115699209276	0.491665179740368	0.540040358708041	0.460716048603892	-0.242356440306829	-1.65099183743688	-2.09536321285257	0.361183838173601	0.531939503008715	-0.39710955300182	0.998665532320918	0.729771123110821	1.14598962477933	0.196598043733733	-2.01319621411185	1.09320521389604	0.19529831513073	-0.78583313953869	-2.38218844259473	-2.22878541886404	-1.22772506823837	-0.574224759495771	-0.0535598666313289	-1.18593291421571	-0.0906003668503376	0.0640833137253941	1.10916771345909	1.42592616849861	1.77917030028148	0.248792688095803	0.636838401735347	0.397291267862892	-0.00204674593120027	0.803698823735334	1.20064160285226	2.06289057392996	-0.170492715258665	-1.94016717488874	-1.36972857505021	0.507593492154398	0.655467785230004	-1.5240782515721	-2.81727830001601	0.488633606506826	-0.896167368073514	-0.239017194691864	0.197051730314065
-1.29899024841361	-1.44397838604302	0.00587561392529032	-0.0320129158741812	-0.219809044376428	-0.118098952507377	-1.46484084623618	-0.520628756951953	-0.234593119938505	-1.48799052995029	-0.333608258231023	-0.303727025693888	-0.044182363074552	-0.132214268158553	-1.04544895246657	-1.5240387725333	1.78826638725916	0.455666008211465	0.916926962271281	0.259467316055961	0.0537494699131735	-0.97407919270367	0.233020035249701	-0.0193981402493894	1.10803882037946	-0.00777785367904445	0.693103962068186	-0.0546088527621635	0.63695865132647	1.18335165247021	0.284814369833718	-0.490125433183354	-1.05647188446609	0.457562586070693	0.440723056802092	0.908254370702171	-0.00819064492038423	0.544756722632851	0.999120420775662	-0.251894898539498	-0.364156352631129	0.88040379475953	1.00035648431048	0.207454623813307	0.481002534024579	-1.26212562723457	1.23702270075375	0.23836407297287	0.584298278102616	-0.871191332982977	-1.67339819222696	-0.723139107553933	-0.240297726633267	0.439952385867434	2.71674604873761	3.48990804536216	0.137788962945268	-0.39505234010398	1.13448919714595	1.77133175705411	0.379895108641631	0.517942628350114	0.278318875198428	-0.493521383860274	-0.456513153069282	-1.69143236384868	-0.183817081445656	-1.34221898295433	-1.34863436448677	0.47628492296222	-0.0449164663340856	0.0291761056859719	0.518650201378214	-0.395213853559078	-1.47300290682373	0.0959394336906591	-0.459754923775898	0.833156015645481	-1.21781790201451	-1.12883644270438	-1.47467911480853	-0.741145471193351	1.10382574568664	0.3832918638137	0.34697916641056	-0.104469147386245	0.598276464078986	-0.948717735797642	-0.748567636411468	-1.9652443894184
1.04427564713124	0.36008413617214	-2.10195619174768	-1.83933511367065	-0.543650752608882	-0.868021893129483	2.74082927615171	1.45193215692803	-0.126490982201745	-0.440618047725898	0.212742510917517	0.236091323346641	0.896578361794471	-0.0383617368972414	-0.512663956126761	1.11562985278243	0.084765058847191	-0.904883573747058	-0.683836074149636	0.802524566406925	-1.19225244464115	0.439890021986463	-1.21462545981232	1.16210305745346	0.51468955785312	-0.174788595141214	-1.07318811055043	-0.475555439170775	0.510968585732615	-1.32857702695744	0.317661304556569	-0.353836538172388	0.63821662562145	-1.50917402666124	-1.69964810638814	-0.480800876853823	1.36748397490822	0.114649911642901	-0.197771023635108	-0.225716480205809	0.267644937531382	-0.50019184303949	1.3610314090661	-0.527995939016798	0.527578888969974	0.905325555571636	0.340832246996031	1.19149434248121	0.444977164799257	-2.65360312568576	-1.05156249934588	0.735806204258888	0.97052658839185	0.14920864090828	-0.260361316965624	-0.165202310486517	-0.874253382931928	-0.433303721460122	-0.130116538653754	0.423857927073589	0.0207982964414557	-0.485603391226638	-0.122931930898061	0.28543394952082	0.761081034694063	-0.219463774343482	-1.29774901656322	-1.62411919449809	-0.377873519140145	-1.02635665974669	0.103977047854831	0.0570558032617111	-1.17363943600455	-1.04786049736739	-0.0436630434347599	0.57033947695215	0.611553383807785	-0.546423358599879	-1.37184829075486	-2.54853796973918	-0.132509245804916	-0.905370185409344	0.308573128416476	-0.146330276708153	-3.20304967574787	-3.79209270972167	-0.233410540961082	0.489514730640323	0.911684282165295	1.30244180311318
0.790184119339699	0.697964407609779	0.378490939796549	0.0392577925889265	-0.197099994612221	0.0643059191228533	-0.597409807188736	-0.468861608264359	0.322992458479422	0.451359237040401	-0.0107396011942171	-0.255822358036501	-0.681583850449488	-0.815893811066784	1.38688600035578	1.39569246941324	0.0814046632116742	0.3012020679484	0.13006652551127	1.07911293433882	0.930342351652579	0.780891735191974	1.08365072584526	1.20434058116808	0.897669759112258	1.07691610794009	1.00897089396639	2.55739043477793	0.58218434754828	0.165092510745395	2.10855507588892	-0.406865557467634	-0.581127436211811	-0.731767456221116	-0.10164378049827	-0.7815982894022	-0.92074263151433	-0.66549492017885	-0.548111426481811	-0.590736813223314	0.747218070240817	0.129721736494154	-0.769348906216916	-0.464548338128926	0.640121748447327	1.03996128960036	-1.02138963968199	-0.57363019538395	1.25461464923275	-0.955410567700218	0.626907315724281	0.771614864527791	-2.08144135632779	0.230064057797868	0.76182251426089	0.781443388168428	0.488784653110561	1.73510343673336	-1.2605661806921	-2.42824624684941	0.183394457428159	-0.198638880663403	-0.244200424212272	-1.23505682328522	-1.20857462685816	-1.83108015418392	1.21273514661488	0.513029585273747	-0.0520699901343127	0.022971244792733	1.3220993218313	1.25058146367952	-0.332826369635785	-1.18819734692678	0.631025241879054	-0.821489309518695	-0.0831443604679415	0.231715462421039	-0.514672379519238	-0.823160759015511	-1.21642786586211	0.330655591279436	-1.54632017595332	1.76316115885484	-0.832284409772191	-0.447643042498958	0.594548490323505	-1.57912977768868	1.62805071726992	1.23738152171251
1.91483566931759	0.525478832506319	0.77019587016338	1.11824220155967	0.903282019459466	2.67997094576374	1.12807728520108	1.86118647320799	0.161354920724799	0.473626146450201	0.497904510664089	0.327015145649598	-0.197078555403129	1.43402703898063	-1.87100240154388	-1.45806525743675	-0.372503755614609	-0.698358248634062	0.22929376868228	-1.27346385514342	-0.346682888679306	0.420090735944938	-0.397165500524531	-0.64010499293874	-0.729805812363996	-1.22907942637549	-1.41284837525041	-2.0884716142795	-0.490679791297834	-2.05272677167526	-1.58042452669962	-0.724811676404169	0.326756674242716	-0.729159367677011	-0.55117526432186	-0.227456587053673	-0.218377189840885	-0.271734601388835	-0.199874750044862	-1.10213329081705	0.411883059940846	0.488994088415466	0.342407377686811	1.00414590692664	0.486052303226978	-0.942660662643425	-0.806912763596958	-0.281213013317232	-0.908929308436483	-1.30226223568903	0.371932922591692	0.157339195821959	-0.269092082412819	0.58752392258364	1.27272740006905	0.847050944842208	-1.08035696298844	-0.945827671539612	0.978615354192478	0.479512020047961	0.252803497622511	-0.309218217000129	-0.870328175937938	0.465447510772773	0.442712423902272	0.248902627371379	-0.64654235956937	0.911881029726144	0.455746490952763	1.06669280655574	0.764256298309033	0.394080284046699	0.216117377024325	-0.131646520321619	-0.0550730581415762	0.933555422007447	-0.0887432352675218	-1.19549199248552	-2.35510305594109	-1.48717415503645	-0.458541894426945	-1.30308367863154	-0.159477915927745	0.314806848492331	0.141065969433076	0.20178186618089	-0.612178548861972	-0.00900227244003707	-0.252267904179544	-0.488814536056079
-1.66516711919369	-1.50473686139502	-0.705255693388217	-1.80182735619449	-0.444980555215864	0.178620742555376	-0.258979106313747	1.4458174155146	1.96896800459274	0.242710245116054	0.0199077699205338	0.473512294548334	-0.452541040475508	0.205897709667838	0.863151612928994	1.73524812604267	1.00138837346212	0.464271771587053	0.0514893023377278	0.207114441177885	-1.7851130972749	-0.782521900822153	-1.81073627469229	-0.867470687095479	-0.533640407334171	-0.834550053034405	-1.13017515093379	1.83289481674207	0.982858976658003	0.303071232251758	1.74082178264469	0.145625462096337	-1.05515308410057	-1.25946308043537	0.0753976742309666	0.397805377205365	0.276599023736274	0.425505394570383	0.60699625827702	-0.220881681384985	1.97155618159415	-0.914446331931951	-2.13087415255046	-2.42586496745352	-1.18766418758732	-1.47254426461357	1.23148012787837	1.54685128795844	1.35495171317924	-1.35164968076448	0.775421057381126	-1.70725651413617	0.0553299328328994	-2.20825179207804	-2.30832214623605	-3.26554590837198	0.122788060272929	-1.0009289869554	-0.883034901699165	-0.515929829256894	0.402525936540045	-1.99493032857916	0.147020589709792	-0.176866881228215	-0.649902373121477	-0.00675294703368728	-1.08231104791457	-0.46455212694189	0.897394800748692	-0.790461200096154	-0.409813979222388	-1.68995565789196	-2.67217685168782	-0.909129397064409	-0.800436829772031	0.651923306119952	0.223838333052487	-0.647463226528812	-0.650775137319926	-1.43491918140265	-0.363259371034153	1.53872129111575	-1.613545549053	-1.57844337975096	-0.910981059662782	-1.86459124975159	-0.459916299993108	-1.66364950406957	0.0552116735431407	-0.0425326582524082
-0.388326748899273	-0.977325989869714	0.930327468841834	1.33525150052778	0.922988704843876	1.7367363055253	1.51112584234328	0.613394397418539	-0.764824967129626	-0.571389143278351	-0.151975821586486	-0.33306005442203	-0.286892578329882	0.773996216816944	-0.022335849058724	-0.625127699407945	-0.222899325556391	0.121396466933425	-0.61636320066243	-0.831814019415952	-1.58273917037991	0.264872225572483	-0.503975032086427	0.487401199222243	1.57382241662402	0.102324064036455	-0.315689073118893	-0.299609173026845	1.95615470540258	-1.46939377795062	0.893501406714792	-1.44669377106598	-1.20381811857493	-1.78393082235882	-0.327428202224035	-0.647720718480642	0.275468643409048	0.430892219996048	0.88375849503128	0.586412350675036	2.24602997002806	0.571066276278866	-0.577187202820066	-0.411268179384952	-0.346766356187917	1.04144396033607	0.587462301876604	0.136341399456331	-0.14926009149623	0.734077554699997	0.733486185507222	-0.356244802486819	1.08017691973222	-0.43895756475662	-0.895229609375019	-0.449249995230081	0.320138472361324	0.816702897943647	0.678267015923948	0.435100183182116	-0.201985384334722	0.298315807397084	0.584482604523795	-0.171858527788021	0.542372020130428	1.28067369345119	1.11024686317137	0.490836011756158	0.910539229309238	2.23812722281507	-0.615856693568126	-0.296811731828486	-0.300152601159289	0.174897810146164	-0.59580990654597	-1.09591328318393	-1.54395374819786	-0.676559729804355	0.242000195208008	0.739776848850151	-0.170853320681374	-0.440886475576819	-0.0137427459953117	0.447780421560784	0.4422290211577	0.284169320418318	0.68536460617413	-0.380463247279267	0.961204031709144	1.40989743708096
-1.03310092212216	0.036693895162388	0.874555577735939	0.581251379530515	1.09145542379552	0.216607532534701	0.0949443784967663	0.0267002156552748	-1.04035531341303	-0.524197180105023	-0.0770431531902527	0.0459085812762029	0.642410850864025	-0.314965072171823	0.948322135593546	-0.71631463238716	-1.44601956251698	-0.958494353966762	-1.5001584746094	-1.44959978107252	-1.25612074025173	0.239734184277176	-1.08694577431069	1.3724310058489	-1.29512000812102	-1.1653509920281	-2.04197986183615	0.459541804526436	-0.119297085735889	-0.981576037075037	-0.228784007206593	-1.98105369105992	-0.750219255856714	-2.63838549859507	-1.44123746578897	-1.61477232796947	0.390611449152763	-0.389042717572809	-0.34508665338288	1.36004078320581	0.266393395278152	0.0818338374634929	1.50662701424457	1.17502148669512	-0.790772788190932	1.12529102139284	0.302577798769501	0.457722186716724	-0.583345570549297	-2.77153663895185	0.472838562257379	1.16452969496377	0.684849957456096	1.233573399944	0.700482680656948	0.825598971012427	1.53556194007365	0.402834977330273	1.95090284077215	0.551342352866982	0.188400763745735	-1.85397700781365	-0.198841259304307	0.309260579989082	0.78121898518834	1.64191590182615	-1.55068504681769	0.184545211111742	0.624524680750633	1.46333889750127	0.831304308981856	1.57698289449221	1.39149550594672	-0.675132090126649	0.632371607238854	-1.12989819053804	-1.16168356288984	0.35363816612133	-1.50990273830199	-3.08699799979386	-0.688305139591942	1.25674543666489	1.01473752686078	0.0222142827003325	0.407390034911382	-1.40877832492962	1.07202645541252	-0.81569558149632	1.38735812051152	0.941533883038685
-0.665491541958211	-0.406300859489497	0.373616762604197	0.846470343433229	-0.0953618260770744	0.0930737228251544	-1.73202676315736	-0.964826276316459	-1.33621067508495	0.147239178999991	0.583359057343159	0.444519186200246	1.27779566846818	1.16374545800222	1.44008949514688	-0.254458281876447	-0.931893161809153	0.0951665039719865	-0.813701519393993	-0.686504951853162	-1.91682302447791	-0.903351686722244	-0.455499603398007	-0.500070216649272	-0.283024257283604	0.393321707699472	-0.815862135278066	1.46879844138076	-0.221603420399853	1.12765172953626	1.71827456104989	-1.62883911095961	-2.51653478791153	-2.31113912767538	-0.821084780920163	0.113272270163961	0.0656696046226776	-0.827787729472309	-0.417538377993219	0.717743824375421	-1.42211129377108	0.360475062119356	-0.384793026643369	-0.090603769162556	-0.646229330622189	-1.47387161324546	0.481341674364758	1.62087068619081	0.985572484238451	0.973788523044669	1.19968617476353	-1.23215747440676	0.866671997740191	-2.28089953291121	-0.614678469348951	-1.52830242417924	0.0540194478109238	0.0685836307991163	1.32341732820179	1.02273097799937	0.932287990132161	2.79651455035945	2.78896814557543	1.33870969120768	0.435735696740606	1.60558225907411	0.749103122182021	1.52205020645163	1.33159700921206	1.20263875242565	0.742319623468886	-0.758016956942242	-0.663662299854746	0.888417690750383	-1.76063245031621	0.213864744414708	0.0887480335520592	-0.471073770134254	-0.149518427246768	0.670241900935317	0.110174125974206	1.85732964294147	-0.461257906911352	0.871172625769592	0.0479706629265339	0.77839879694345	-1.16846182271062	-0.491388466751301	0.64089984464801	0.463161838148066
1.01377306485469	1.85407909301405	0.337754643678118	0.821185917707588	0.192503851099057	-0.706918508654689	0.324010804733765	-0.602023704805127	1.00079201001419	0.51729957153606	0.112932181736832	0.383129110501738	0.350917305974858	-0.194951028596646	0.00213428895186291	0.2827756987353	0.908726617900561	1.65618919747131	1.52241261553493	1.09036193591373	0.700282239880366	0.199417396222743	0.670971235017798	0.132835386663942	0.804569852670962	1.7058952703314	0.0133480716420104	0.829295002244647	-0.339545140293013	-0.45528804475302	-1.97683358218107	-1.16505416783056	0.561352459595408	0.638445604565896	1.18265685780468	-0.460414292965963	-0.695685896789096	0.180808682005879	0.0218387566874178	0.0283537732872044	0.312527819738165	-0.129228270113116	0.316582290405866	1.07241920643371	0.903333913825897	1.05120985024954	0.17792077643817	1.13119612340515	1.40200701198273	-0.134986942978669	1.90716427745399	2.04381519597586	0.889308506594361	0.80477962907997	1.01650155557473	1.82751109986967	-0.303457710113536	0.553454792532432	-1.63393236916678	-1.94097155545361	1.35118251962153	-0.273205603152296	0.452984779533628	1.47910796133599	0.872552722530069	1.60209855117316	0.472524753314222	2.58016589122417	1.98286160508463	-0.0298021756845744	-0.893416057525116	0.54621512028708	2.11171067850465	0.381206510919519	1.30343113687311	-0.0563698893397775	0.435887110539368	0.65536582245155	-0.335626056407762	-0.845227990849145	2.84065763070602	-0.0594499932702647	-1.64901965205921	0.859231190298357	-0.000264332003866056	-0.0490349786933192	1.17275315595877	2.41363129077161	1.51032903425231	0.512849096147806
-0.74929850080308	-1.2549660978405	0.764874265535321	1.01418647050427	1.17443031124512	0.15783634470876	-0.271107528769388	1.44189007712767	0.350726156777414	-0.4851082499416	0.297859982352518	0.378193954227888	0.185164586260823	0.728457761060955	0.522214124848799	0.709131577818527	0.751070563541422	0.209992325988941	0.0317287086264098	-0.510541664624614	0.775393352451007	-0.118161193124592	0.559761964448934	0.0066965010610928	0.257186853621963	-0.811590714355739	-0.965768596835565	0.0273049969472077	0.729947139374222	-0.454275638144726	0.600264249168644	-1.35297703088543	0.344567568327635	0.0916718591631856	0.103694991734684	1.00392077630969	-0.296509610647969	0.793827484926095	0.378403765742674	-0.420770192972123	0.393204277294141	-0.380192507720701	-0.138829648334038	0.142724779219239	0.110048821153923	0.724819501733341	0.340773822348494	0.297460079736979	0.936385944036173	-0.121517288001214	1.19790349680767	1.03694155429043	-0.160180039438812	1.30818610977772	0.606669119291171	0.998998487021881	-1.25290213189524	-0.975735364659361	0.798690410867567	1.81852035634966	0.419453481893692	1.54461324462354	1.67119240729793	1.20060991202517	0.364213425635211	0.00711691131678226	0.801814026997071	0.789512413581356	1.08270485330044	0.79563414366545	-0.443011595631565	0.565823359578092	1.63584257114746	1.00563895267561	1.42012179403818	-0.493778759996246	0.782020798334516	1.08549535449588	0.390871010361494	-0.188816657268241	1.88640750214755	-0.555705256313664	1.85747514159544	2.04113891114553	-1.1764739458314	-0.470708742709766	1.62672375843838	1.47316232357981	-0.0758100196105795	-0.876268094416072
1.76727768262287	-0.193774797052758	-0.6609224971576	0.345704305450644	-1.13530176958168	0.0282556313246847	-0.276625281935658	-0.870826753005093	-0.033825241389903	-0.680568622142326	-0.588577927389181	-0.896747855251807	-1.34093123431118	-0.467461997091623	0.871377760305525	-0.703798238819752	-0.23243755372871	0.166556503963081	-1.53561776246857	-0.81884456444856	-1.77800533335958	0.50302004277279	0.527563301968203	0.859404636534899	-0.149814256886862	1.11493753210753	-0.417568163166921	0.238284045181182	-0.478293045244268	1.79903608340748	1.13389040569599	0.368895541198521	0.0678674810619693	-1.25244814901405	-0.725931384075285	-0.421142252733472	0.221469016391397	-1.25690443372261	-0.706417290546766	-0.781475697764472	-0.427690436157632	0.532075873991033	-0.0184487239135369	0.259862764074555	1.78704231502032	-0.846144997268248	-0.967689507143226	-0.141796222393227	1.00686712571265	-0.63672328166056	-0.480756865734226	-1.76132300936272	-0.540059424126363	-0.572809673271314	0.369638910651021	-0.494199764746266	0.416885519277221	0.212738534079175	0.104255263320615	1.7334227590225	0.245176087282987	-0.639870235188023	-0.963100374465558	-1.58924822101408	-0.419923126191132	-0.114906422389445	-0.514105966639984	-1.08906904599728	-0.369923625721389	1.04469120597334	0.306813694616956	-0.495729598485197	-1.02737952393539	-1.29365828766256	-0.25251368872097	0.109936279642539	-0.20874874898118	-1.27270598017783	-0.972919085257812	-0.901022593499258	-2.0793716713733	-0.242408902002716	-0.0396619156003362	0.480215542486224	-0.0675467603949259	-0.256409462803864	-0.758880952410147	-1.78769605560431	-0.744872063866279	-0.389832698592977
0.186293804831097	1.363075432935	-1.1268198472601	-1.18569528537936	-0.802318730633813	0.0675779163049384	1.00438829933195	0.745744629354473	0.739184547069879	0.66060586143993	-1.01786402960583	-0.669402687844875	-1.18797920171785	-0.543002818834103	-0.138690691400052	0.821249451395734	0.422670261604464	0.279965204326314	0.226129211542386	0.549962881776728	1.03987514854905	-0.203740514302188	-0.631722287700586	1.12925337654118	-0.111145698889574	0.237303221889038	1.37707777068534	-0.0260351578630087	-0.269658154224941	-0.757562342879924	-0.482542263363253	0.572120977189457	0.00503514407064188	-0.0914325028888049	0.622347135326704	-0.0410076905077865	-0.40460899428123	0.214040677844205	-0.122189048964552	0.353284574057586	-0.00397799739602301	0.853708607791236	0.632975446474073	-0.377861113415551	0.433490186282158	1.87778805271981	-0.774598631431012	0.196795671346465	0.448182286624643	0.774979122521557	-1.69533498082876	-1.23894458215649	1.63166695286275	-0.291009268511792	-0.264162234608541	0.160691159672389	-0.479500050226179	-0.307332916187697	-0.138714163167636	0.220964873993346	-0.256614150792079	-0.21584395820315	-0.976803054919429	-0.737522305270245	0.31743014811848	-0.239391494268652	-0.827890987598665	-2.15640950190493	-0.878057018748924	-0.343966080653178	-0.226725446580056	-0.224528616804017	0.338851700875539	-1.1620996643035	-0.701579528966294	-0.542831646585516	0.198545541664707	-0.00251306746131486	0.870536815427841	0.783466926411215	-0.189199341499145	0.0507537602820739	0.709799661543983	0.398901137258176	-0.462847613808257	0.118163513785395	-0.0191290396877093	0.0633013293140489	1.04507103706996	2.13373621959253
-0.773391348074695	-0.12531855410834	-1.21190579168918	-1.60434402102942	-1.82471041579414	-0.888931171269784	-2.11508758105717	-1.14587490438293	-0.256865356441023	-1.16286317182761	-0.843728187703302	-1.34514485426549	-1.10993207431401	-0.878734337484296	0.879439717025129	-1.52579584128216	-0.777440792822666	0.370742459653126	-0.240586800755229	0.125994991497325	0.352094468069529	0.173532221345459	1.29692253413013	0.0194445780227742	0.322563000212703	0.863171392154186	-0.201072581012052	-0.156484498857338	0.664393975922267	2.00371324865981	0.802479961203607	-0.970943842079063	-1.03854570944322	0.238941159703063	1.35273440816188	0.0863472730946724	0.388317230768708	0.103878963192429	0.878371216214615	0.111852877625016	-0.181775796289984	-0.519376476406862	-0.212072945150433	-0.508551335269305	-0.316531789414674	1.02953897051052	-0.209392513916248	-0.232109282198737	-1.2592681802903	0.413479157649246	0.0113574822109637	1.07421656219511	1.52627207847546	0.111556599316982	0.517284513135012	0.113676119903008	-0.95067130039472	-0.336192291166789	-0.0344926826038062	-0.875910588904479	-1.35585656213517	1.38606966974819	0.654675431866457	0.697712959014017	0.10324245436112	0.791523001708493	-1.00310521991277	-0.346944516890303	0.348612312853358	-0.755518985153032	1.08642193609835	1.30080164113838	0.267423571060853	-0.746418158886944	0.209419930441769	0.316150569016696	-0.29276763096163	0.547355182480429	-0.559720365018564	1.03841560010098	1.02042173953721	-0.482043956472328	0.270792006071268	0.536170452945726	-0.869919756870443	0.330640204458707	0.350845280722594	0.872355222421722	-1.07921251466851	0.714686246430229
-0.0889069421150653	1.21876833736741	0.474068707355069	-0.451491669795297	0.22140108554112	0.815706791196897	-0.473613736284199	-0.297757961072311	1.0521667001907	-0.445962558625367	-1.43875068306639	-1.12448559516853	-0.473647608029033	-0.157266815807279	0.33359880587183	0.589122379552056	-1.77805140645073	-0.450851190805341	-1.31086363814588	1.67934809753236	-1.26390902576584	-1.10109575177376	-0.830854980013266	-0.461654985040584	0.810775330097692	1.39931331346198	0.124851650751958	0.506882183069193	0.204140649019547	1.23389223539039	0.508034925192928	0.478988662367362	-0.0560558836736106	-0.18982088208256	2.10522564568609	0.3808345737455	0.740005602577223	0.895398608930818	0.757649744252481	0.25050364196251	-0.411919128801476	-0.725623983138779	-0.730955009586232	-0.779287753405443	-0.256379251673367	-0.0969645895222945	0.0292837589221061	-0.284906703626962	0.275665323589279	0.246047054146393	0.179281257316499	-0.102875680701078	0.966200185739588	-1.17854368877977	0.244445478756007	0.519349684577784	1.07890279179918	-0.236587044249301	-0.121955389654214	0.218334634857863	0.944035500404472	-0.0367173819975708	0.343063242016805	0.1276027080011	1.621907448434	1.97603188372673	-1.90619205409496	-1.21022989724199	0.571928204176951	-1.15536206342238	0.461909273895679	-0.0940088010560681	-1.44921541649438	-1.54986143245368	-1.62938367823941	-1.70198188571295	-1.27789501967155	-0.864731609038285	-0.093071032254145	-0.69459979070719	0.302541982621835	0.548616087761363	-0.254175115667846	-0.396428721414967	0.450558351687172	-0.0732073245911456	0.0156521421723379	0.397805983903509	0.872901682879755	-0.273949679162725
0.758945548298427	-0.0778961314696284	0.838480164566362	0.494424876537734	0.872820646164046	-0.810448118818548	-1.24936261751629	-0.833691250182883	-0.99779090232029	-1.19318522464767	0.128710278846235	-0.334474220110393	-0.542649911071258	-1.14076355747761	-0.427534691550217	0.514708139547441	1.0575352616287	0.0407968993202837	1.01612106750024	0.418746215343314	-0.470255430145801	0.653075291512208	0.895259924811351	-0.415153911549103	0.592246246754841	0.886338198628609	-0.0180998447118301	0.964393435597409	-0.558830943195825	-0.35211799246621	0.909753346001248	-0.817066398165387	-0.710716276626595	-0.139463673005622	-0.829711008091693	-0.950622553997694	-0.239955801245931	-1.06882565545142	-0.644516937694245	0.549302645040876	0.108487933492603	-0.388428937268216	-1.41071645565953	0.0196191397276055	-0.535346332758329	-1.1815187035577	1.4821861579003	0.726375056222307	0.945515349044508	-0.674929866023141	0.722639019717826	-1.25061574985784	0.453064210188199	1.65646228891991	1.7808393759616	-0.2575759310062	1.1129189960471	0.0153153734898632	0.58047462375541	0.637664215869223	-0.27751117929762	-0.210648793760028	-0.708499592618902	0.326967597942254	0.544629930645457	0.946979209049077	-1.52431427386027	-0.31212053786092	0.784425910094012	0.0415714209214259	-0.406529163554292	-1.22473386644353	-0.945579641311668	0.01793252773875	1.56775494828901	-0.226481513354321	-1.22380570746126	-1.72857501319935	-1.25302143283872	0.403318601669466	0.339119212351512	1.61130259006792	-0.733668538926333	-1.55587332431212	-0.100412407905504	0.611913102583467	-1.08942269017701	0.187141687086032	-0.0454480345417509	-0.393202830115278
0.449343650750449	-0.172652502224375	-0.00401633695438263	-0.437163793697029	0.402647005453133	-1.29886613495994	0.0184490037429567	-0.487786286242259	0.379031041561149	-0.473887771234173	-0.748605590679894	-0.642436435265741	-1.23499596489444	-1.6763403939411	-0.854910490890463	-0.771336420881125	-1.24821827219201	-1.22365666856141	-1.32372441446117	-1.88749255029136	-1.68428478861831	0.201428704625554	0.265336273266638	-0.112287115494485	0.0870860770524846	0.416391680330923	-0.794506295162954	-1.89207814325973	0.182636456853737	0.362306378703258	-0.804805098438626	-0.305992889473428	0.669444592161929	0.208717719885566	-0.38787450998289	-1.91174865179188	-1.41941361875636	-1.25388268026039	-1.14187910312308	0.0657885464605772	0.164312479847976	-0.0152740819145684	-0.165912196959295	0.422383677352547	0.596872428109427	-1.48361728239804	-1.8908584371965	-1.4542532603105	-0.152104236006444	1.91338954642198	0.553348322853456	0.134405292231355	-0.0879903066772079	0.298635500656418	0.733432407672799	0.909100909894278	0.771202692572702	0.91639653550758	-1.17414036121566	0.145444760577742	-0.956136168825999	1.3741591469432	1.09674879926346	0.544805281182505	0.814504028356341	0.484736359757979	0.610283697038357	0.343137771856514	0.99484758464029	-2.3527781153243	1.02212319303407	1.16699909219456	0.308001524725455	-0.691617570299063	0.313942103015135	0.755968602797764	0.76546061089533	1.17470757171008	1.80781238133819	2.44583681844747	-0.250145773619574	0.546722010209891	1.88739603483033	0.68786107973541	-1.42443868743109	-0.490304291040757	-0.615577254409672	-0.667905836801305	-2.90008090038408	-2.4762041519451
1.90943994982253	0.540087943303468	-0.783920153576531	-0.594693728823891	-1.0379110467265	-0.219265209575247	-1.47890315443722	-0.0553564506994375	-0.0945113483206693	0.138832507129756	-0.349505026030518	0.0567558635601447	0.00868597970986212	0.348107799169646	0.343257231654052	1.06323611102953	0.154682945273166	0.284556685625749	1.02922592936047	1.01832186082785	-0.721855556238066	-0.169612577362063	-0.29041207214488	-0.549756090603092	-0.632018157882819	0.313729985343974	-0.944778123083129	-0.227773245467459	0.535479267304125	0.608808856662072	0.585388750006497	0.382882714844528	0.488351453263521	0.986849998150348	1.41384953069278	0.644591249922942	0.817966712662149	1.31810504185231	1.46844166779569	-0.571999056997978	-0.521001748798502	0.507917081916272	-0.214171381342734	0.137349025380458	1.36479672110555	-1.72566655421997	-0.0653801584428651	0.315820602162711	2.65628889944242	-0.867764542179577	-0.611006170039799	-0.241167514953333	-1.29871100370907	-0.691510604787277	-1.0575965509851	-1.90945785557985	0.857087997306467	0.199647422681111	1.17294182734573	-0.267152811260029	-0.273284637390579	0.145745521447422	0.0520644404374906	-0.309225092132125	-0.494911740289543	-0.886553304719439	-1.14912882031338	-1.25127506474796	-0.712064316843099	1.52870116964358	2.73048737531159	1.33072712832282	-0.00082083074533354	-1.17227941707966	-0.837925829349026	0.451586137737692	0.0823539336582175	-2.21191216536451	-1.18822267030682	-0.126120060198202	0.493560712411538	1.17229208671544	-1.15435910880329	-0.570065723407775	-0.13739415664995	0.681978207668732	-2.68948049735535	-0.15632395741246	-1.136788820328	-1.66419275617225
-0.739428320485252	1.41558788166503	-0.207407787645683	-0.787006776783624	-0.299627199546737	-1.10653845872904	-1.80801780814439	-1.40366318459473	-0.970956942865856	0.131963029735067	0.564477435797877	1.23433100797007	1.43709318710661	-0.041657141585198	1.03002072495412	0.128014882751041	-0.937429867299806	-0.346839384063191	-0.301495750008991	-1.08170322317712	0.406914585059319	-0.588643198569865	0.0602836659178445	1.20452540276501	1.55474726528852	0.571612633595901	0.41856417195844	0.148171401374394	1.70281705777404	-0.818968494312252	1.72924877848069	-1.13283869660775	0.536357995454709	-0.0436910278997366	0.851080247118815	0.329507628331751	-2.83582442507813	-0.528485497360805	-0.997629050984086	-0.044841616110561	0.132490755289403	0.412931129738312	0.456795772212708	0.634696153559747	1.24320558648858	0.245380303188419	0.444750402388065	-0.10373306553295	0.158525747292955	1.10017335345299	-1.49480165349017	0.037391010294032	-0.628868316914161	0.033816864549533	-0.133600368994558	0.673868006810035	-0.522923419246927	0.258382383106677	0.475370548820463	0.480625031029869	0.471714388431572	0.755784276753882	-0.711064587838516	-0.916405886091911	1.36000971318454	-0.622558542066611	0.874864200738869	-1.07689145480177	-0.839867859352737	-0.26673685432345	-0.150684973760336	0.57941765961646	0.782996838486071	0.17596786996922	-0.809629340154908	-1.41325390768707	-1.15143410908666	0.35658115035126	0.627472177749643	1.52059518380644	0.795802586693965	-1.83989934249278	1.48806308222519	-0.301780591575195	1.02085583820594	1.79462313385427	1.24808898654665	1.54077821788224	0.884983990910216	-0.107856264227711
-0.564635269829395	0.700893065997534	-0.146159213207671	0.0177549438855033	-0.81725429258706	-0.486774897354948	-0.2821204106837	-0.966175592085028	1.65983067716105	2.04355813247937	-1.25897926129413	-0.837512233708105	-0.261662088770338	-0.440112868248377	0.245162218290678	-0.0786892481943031	-0.0685577712235888	-0.428192027593378	0.316848302612336	0.552630674858317	1.2464618393582	0.151332810971565	-0.222057647953077	0.734138695560141	-1.44582287013325	-0.717633831298402	-0.411861160198789	-0.739177110640043	-0.377874889104084	-1.01800710570067	-0.76884231536739	-0.531068895122264	-1.31239185381975	-0.202263863929546	1.27540589024561	-0.128318670843087	-0.708936913830144	-0.107755653261329	-0.868819127898415	0.564002005217989	-1.03928581818792	0.187372304312652	1.25366082057264	0.876847668341063	0.828013304987442	1.39600043791488	0.569846120337631	0.145591953013157	0.555676582535162	-0.98385332988754	-1.18245963662013	1.38423262395531	2.08172947690314	0.467302867335292	-1.64152223634265	-0.752431855610357	0.809219300498832	0.0961894760313313	-0.716931604546138	-0.0141183069661005	1.80039417132977	-1.11757339248019	-1.11042235080727	-0.661451781356564	0.243657185466255	0.782409972467716	-1.04261199489613	-1.56752953389739	-0.390223900506351	-1.14415789989048	-0.622382686667315	0.126575153661649	0.780905523040851	-1.62960844691341	1.14417189628289	0.343513326159443	1.62188171513587	1.91745580194923	0.801997665577825	-1.07122673121949	-1.04841650170015	-0.995043838977965	1.57518040647817	1.21620013338485	1.95812003976726	1.06234596497087	1.66183679183287	-0.585416934101784	0.254065809077393	-0.437059755846297
0.0378515957198138	-0.44907300338925	0.820889363226553	0.913663812027529	0.920465532124882	-1.18223270178952	-0.0776747948859077	-0.792259765707586	2.04539382638845	0.675256096359393	0.755041940218258	0.666288773935152	-0.416955644222088	-2.17382374740311	-0.723188505760303	-1.31317025049163	-1.70616665825029	-1.35185009212273	-0.740029923191248	-1.04859182286926	0.453191555880846	0.993035120655234	1.09208440390144	0.417954246874293	0.00318327536760908	0.855881743335503	0.900580902601708	0.0575483466869994	-1.1880590605116	0.544381681873083	-0.00923663072631446	0.699181697608786	0.434016799040013	0.381927459955357	0.748227674165719	-1.23196107329858	-2.28197665144568	-1.97024262236613	-0.9463496302501	0.425068222464889	-1.26596745503701	0.583232469065331	0.00465217035869669	0.660769393320774	-0.231529576793905	-1.36912283343546	-0.145310422498019	0.623859109253295	1.01899710232608	0.399180993587726	-0.159513678896414	-0.218922319206036	-0.32824636286916	0.589839391647097	0.979792316612348	0.460816326247971	-1.89543950283186	-0.719604151347788	1.17255580073848	-0.426234812818637	0.932775190331844	0.629045369045081	0.864355546259972	0.53111590023749	-0.268040468900133	-0.270841025423413	0.155883131714114	0.0871554692994053	0.101513211148221	0.938341489649115	0.0843849863502321	-0.270673650083406	-1.33345966067777	-0.675931468261849	-0.0242458758688663	0.825031092133455	1.04464113075408	-0.409413694775815	0.126933804822302	0.122343034244836	0.194198652564715	-1.39542574577437	-0.507069626138233	-1.6457067249571	-0.49036045890539	-0.094885744779115	-0.363673202985782	-0.337048216446798	0.0782261301362532	-1.16479386227318
1.87382886887531	2.97079853685382	-0.801873764106167	-0.908329068690551	-1.24877511764009	-0.429832206490173	-0.0153062728508783	-0.52553876786626	-0.971003893647356	0.182643499132518	-0.508472237361716	-1.01175586836181	-1.32584672585721	0.0400763044959868	0.231159624101913	-1.01376592141742	0.210977094064847	0.70504168698835	1.77499274327603	-0.227373722001091	0.681764169904204	-0.199081361922315	-0.916655065323857	0.70109276541786	-0.294622924488351	-0.129306553710006	-0.0119644570499277	-0.970394328437365	1.2973579278884	0.209932864254097	-0.772630089435727	0.665195979499119	0.636057292776621	1.27454742680236	0.466879786000928	-1.31664606858646	-0.542413106470649	-0.532180685708675	0.838269639601611	0.901154674591319	1.00141950766278	2.024581649741	1.24370156321759	1.66178701026653	0.868598792496403	-0.718651570903428	-0.504725907078471	-1.2880540442332	-0.618024271416499	1.01269850961197	0.610376552815731	-0.392002065035134	-0.654166425674029	-0.89291180740962	-0.430849534000157	-0.264265009622597	-1.24996214248093	-0.88500746341405	-1.95514198436349	-2.03842273588992	-1.62805954347622	-0.51525337323385	-1.88763924112582	-1.372978167452	0.351906554591189	-0.544305987255662	0.939148567569229	0.955625866382075	0.778269129299691	-1.01881211400942	-0.175837796263026	-0.414067315120991	-1.24413079371234	0.461328748710601	-0.53276146605167	0.860086543629631	1.42472360948449	0.406113057704808	0.976205535064261	0.654282160178546	-0.34067524769407	-1.98853857736515	-1.75679749456457	-0.158145393264819	1.36142021550958	1.5029259423261	0.183043439604744	0.718214391466332	-1.14854150821018	-0.796107764024083
-0.472883574750533	0.41054143767561	0.864873855393679	0.737092482658914	0.808040436991768	0.528730289806595	0.32795559422487	0.536479708601658	1.16091811463604	2.21394552410179	1.57305409508003	0.722326997848333	1.0232653199221	0.211364808988938	-0.359176423962755	-0.738714518377401	0.0293374601567144	-0.0857583634629203	0.477924354484798	0.318996612193545	1.46279574683199	0.466015710663609	0.830302148486887	0.893341516028917	0.479475726653813	-0.586600804402169	1.33123100828445	0.157702574262062	0.212004309629212	-0.273456350834566	-0.644668295296846	0.296628115092292	0.622836892411636	0.49583010107837	0.82562379698285	-0.0488895372474678	0.329836315283293	0.402327858471062	0.355193247746533	0.694050178847745	-0.047693057452607	0.587676523131446	0.827458274531666	0.947383115495114	-0.526001808320518	-1.01770875920773	1.87570435463589	0.381614985041203	-1.09593950795652	1.53931587093927	1.01613614846794	0.72231179168536	-1.15080463454279	-1.13474272717297	-1.81444521586079	-0.301579753991962	-0.817821198063126	-1.97203161749478	-0.285498958765575	0.546326686712841	0.241693229788419	1.58864004528321	0.284786070728268	0.185021705806759	-1.32613349913068	-1.18593591425749	-1.40572420770206	0.0793065035260294	0.79688727270831	-0.242331262563377	0.136464602374631	0.78033702071701	2.45565181049417	0.619081735212792	-0.53135151035359	-0.399931883243877	-0.383863321884477	0.782264588000304	1.0539823856598	2.57026788999818	0.282638283220695	-0.414938472175562	1.37048859207646	1.94895886265859	-0.159738058658002	1.31796672834921	1.38441975832108	0.291025155620644	-0.761172861166101	-1.59629795060641
2.06783561587864	1.56382384440961	-0.0821614840309405	0.391105961026122	-0.216320791059753	-0.475273678402095	0.530412362740716	-0.337709598486238	0.049361218793855	0.461949490109858	0.85503613023687	0.500089241587264	0.328533676102452	-0.563987536615189	-0.912854786129493	-0.90260752948185	-1.02770220123516	-0.352012504387989	-0.376736636728189	1.00613410038344	-1.27912314829808	-0.649080213928956	-1.0262244702178	-0.465705139327578	-0.278255350372732	-0.13217562175624	0.028549550828902	-1.45281029256	1.11111959340113	0.236847300214106	-0.671556419836159	1.01010359650334	1.50990079195997	0.743103331145894	0.856965341688618	0.303694640530937	0.415011717379589	0.0534420512093098	1.37762000725763	0.609120426527854	0.966621703040332	0.577804403705897	1.55071851238507	1.71521759439053	1.52861001295483	0.70370159846258	0.684553635001477	-2.03167349131266	-0.325972379664713	-0.067545581049208	0.215333137347425	0.0540865347132598	0.695479444348536	-1.54476195772976	-2.38246093436331	-2.00253899764286	1.15018509667662	0.127416931668063	1.38186326251035	0.523653477154002	-0.702053186004254	-0.504944907979347	-0.115514811303441	0.0878380055242978	0.755600109505481	0.726017872448346	-0.143757778890743	-0.260213865966039	0.647945922259028	1.26775979023437	-0.847293591207837	-1.2356198257294	-0.879838869597546	0.588315397382827	-0.684011154200794	1.52108430796755	0.930714695289284	-0.460435955453921	-0.240003529258666	-0.475540170081483	-0.0938254092594809	0.441844359937239	-0.455629832634206	-1.42860579946165	-0.074505979215411	-0.620210837095942	-1.05482065184265	0.0236844863776079	-0.0144052626097592	-0.105830987285303
0.759813159288947	1.11937443039403	0.855875096755768	0.502200434032822	1.03848494827502	1.47538332920902	0.459117356255498	1.97250786567171	-0.8425310412663	-0.0406167090789547	-0.204038391205487	-0.621745719519705	0.0218266782853175	-0.0506839516214614	0.0717892612021197	0.292104366197442	0.484943629293527	1.60706114316102	0.810168582743857	1.91421250017432	0.749838182609495	-0.488463088909489	0.0733117153764927	-1.94282203458042	-1.32048757151927	0.404766152580938	-0.951481365535269	0.247557491145594	-3.57539639117278	0.879474103820907	-1.316033610272	0.456961483361066	0.138693065311914	0.367210468206413	-0.49588317117911	0.937014465550951	2.19860200777506	1.89997170500592	2.49473869358016	0.044733935543564	-1.83170356575716	0.735215809487673	0.512445086539026	0.826121691396007	0.785251814658075	1.20745985244901	1.04039457017074	0.11268137829605	1.50472255690164	0.292899363973308	-0.111636414265165	2.18237969021751	0.152086919644683	0.0731638215281973	0.572569990016416	0.485154824138728	0.615926232346539	0.692123716464642	0.4007385479176	-0.0321513056953185	0.795856086733518	1.1502718898831	2.53484844015935	1.93149732163897	-0.998384914371151	-0.289524012263315	0.901131355966742	0.101263546054055	-0.389789011623936	1.25243148224787	-0.211038315898787	0.197168473331868	0.256145807843171	0.607875184744006	0.217790298060129	-0.0191142792294217	-1.12550595683391	-1.36691126618425	-0.952394959547449	-0.374835380714495	0.722960517084489	1.22775166280992	-0.19684848227454	0.387169425775548	0.189359860545727	-0.293102025943978	0.44765545751663	-0.151999899998822	1.21278847327969	0.310406669835972
1.90112443981256	0.500748074422565	2.12728474686098	1.56455708347509	2.59335316468279	1.85250128561905	2.65659729586664	1.81790171166957	-0.0933189812342407	-0.122020915790452	0.241536921186712	0.520898903630309	0.575592342279631	1.89423593525991	-1.34354047346948	1.43904758625108	-0.966139131093939	-1.0279576213401	-0.726911231498619	0.231546290878445	0.0765645362569957	2.25545852850655	0.621441604492124	0.635400150272924	-0.708049005941594	0.165134654114069	0.192776570432353	-0.892102223883847	-1.92692811861627	-1.22598177433685	-0.261488343081753	1.85388538859346	0.111119800384181	-0.329141837839449	-0.57067143106283	-0.436896878829079	0.258070303761792	0.709503258639281	1.16363151460308	-0.361836416216719	0.471599564609069	1.45848702901675	0.301832506510706	0.811786958675592	1.87447821722164	-0.365567674321593	1.53532617094791	0.828331205812472	1.19872761952023	0.482514739789032	1.45141633055432	-0.387076532926221	-0.170028334771292	0.324286613329202	-0.184447134762141	-0.765808854221999	-0.371850592666262	1.77241302483039	0.317075340472635	-0.148054858128195	0.535879520585728	-0.344983963620626	0.394940758721095	-0.30282332653101	-0.00104317390757044	0.211240005555298	1.11447205692085	1.47496854523953	1.31792273610467	0.171883235919038	-0.31076111582945	-0.818684180709169	1.54341515041758	-0.817981452792164	0.0206202302289884	0.340960911577456	0.722849841329775	-1.00437349852314	0.889633899879386	-0.149196705610333	1.23250877031355	-0.266253266068163	-0.439385939050993	0.222795415281601	2.0588637215939	1.13569434862101	-2.07279609153958	1.21203302291537	1.10582112733613	0.224161586058497
-0.681279503879675	-0.592934751466596	-0.0148981967430308	0.049180975809481	0.0606552423040042	-0.763600192744191	-0.991253003412014	-0.761287983867947	0.0973377798335724	-0.504769939696002	1.04919264522162	0.786931101898907	0.139774035157915	-1.60439283581092	-0.401776692704338	-0.859659832243329	-0.508918106588802	-0.461042272362797	0.190909564028119	0.724226003625838	-1.38351493115063	0.251442894692522	-0.234750351450366	0.775238505411208	0.363456665710152	-0.193732969376513	-1.55592139821935	0.387356376062471	1.24969521054077	-0.122278420942291	0.624603570668023	-1.57400351543957	-0.517245622450699	-1.16764071054344	0.875067936449506	-1.45464979385912	-1.09738589407196	-1.12992296360484	-1.1783632986584	-0.671622128967319	0.335998055798167	-2.28768546214855	-2.22462003580185	-1.87549157473152	-1.91931261827367	-1.33324826171628	0.108719186019001	-0.213706475985723	-0.311489207056087	0.726402663663392	-0.25901176473523	-0.907580083231006	-0.0928519918785813	0.376703766158748	0.259460450147594	0.129171105255454	0.35353474508161	-0.695971899320501	0.247961013489338	0.0922205223106824	-0.312305269226453	0.686877285011192	1.23444629382556	-0.107716977517576	-0.818135901636397	-0.558580675370239	-0.111866900137885	-0.573528657074505	-0.844198597587311	0.040051713486076	-0.0414715648437998	-0.752760072295335	0.0193619770715348	0.834106189591184	-0.647042155677848	-1.15235844423587	-0.596092711331627	0.155244108399069	1.37288004475945	0.319108071888955	-0.98046180092462	-0.527800893792734	-1.02240142778808	-0.568836116111074	0.968548227921643	0.109098272996294	-1.34904451071724	-0.900980413612671	-0.473213221641377	-0.431829248346031
-1.46212438099424	-2.25439923910006	0.744033066532213	0.443087750951367	0.367106731942634	0.827655168435185	0.391528429171527	-0.198437193482261	-1.08139823034241	0.190786525385369	-0.475922224354473	-0.223688315566887	0.185244666318167	-1.06617278492439	-0.0481937122464175	-2.13739463727179	-0.50168701416393	-0.755319947887033	-0.867767008481587	-1.24665111029605	0.596511132237968	-0.358464913184823	-0.266165327648387	-1.2200694813942	-1.00994756226319	-1.036089511162	-0.00442060612699227	-1.04385580055243	-0.115208958862886	-0.4235031979158	-0.254199885393618	-0.954545928487558	-1.35318127378832	-0.9284682201651	-1.74067181253887	0.238784650262665	0.182386976612959	0.318517915834654	-1.7929321408181	-0.454105136620232	-0.428350944450633	-2.4399590515106	-1.93478365310402	-2.03468981523773	-2.67526996163453	1.22443017841226	-1.13546247935399	-1.22398251726834	-0.526761993282864	0.122632568562443	-0.358900773352433	-0.89022914221461	0.703133896038583	-0.252531198381531	0.523573559958698	-0.221920676153134	-1.56513138480729	-1.95213227395993	0.294924300723466	-0.194454638631239	-0.516514480400989	-0.0354627355311456	0.349420997386706	0.982767538018949	0.931930005884694	0.992276295597023	-1.0523099169782	-0.660963363548333	-0.0711704224016922	0.138424782847318	-1.17238569651156	-1.2575188904044	0.150649231345546	1.02953400493958	-0.212206349201839	-0.668826237927459	-0.556929125049454	-1.0361761334642	-0.558212995441744	-0.991085861239176	2.01260556611932	-0.759990367591381	-0.371281352769681	0.75347246486644	-0.446600584500639	-0.807187444848924	1.04863969361024	2.24525761145139	-0.195768908742793	1.39534981639689
-0.135750333641572	0.652126289986366	-1.45181908689217	-1.07748264216526	-1.0402743407855	-1.65083797394531	-0.924983369916951	-0.113855249087583	2.29322151877095	0.0376747465754539	-0.465430036065003	-1.36477424087255	-2.32687384771484	-1.42515292636306	-0.584020540411032	-0.333654963500734	-0.510239301222096	0.143939965100124	0.965102855697263	1.09133167794198	0.941164014826136	0.762130520370657	1.42289852545389	-0.343213615434759	0.640494789413843	0.526908978418315	0.287988302458689	-0.0495591269932302	-0.252421739159915	-0.150105205894879	-0.223091441872999	-0.440111811595633	0.385718515740744	0.557203904230667	1.77430036498553	0.583099562554724	-0.424408830222268	-2.29485006014056	-1.01530552245336	-1.32423904558686	-0.621457903310099	-1.63171168287218	-1.80342690973829	-0.785035309337552	-1.11088918222499	0.95283429781863	-1.31883323404084	-0.804217684490408	-0.160454953891994	-0.794017788352161	1.01552751973305	-0.688513937825053	-0.421137396773507	1.76086651232796	0.477064558944885	-0.108065112381915	1.39256881067676	1.18700056030838	-1.11066867413598	-0.464749803322427	0.575688392666849	-0.331691667112842	-0.197321744706424	0.746749274404057	-1.7349012198909	-0.106788298808092	2.00272591818409	1.16418358473152	0.233034953833911	-1.03455912344186	-1.29478350722206	-1.05446549957575	0.713420567034823	1.1458419430636	1.79078215586885	0.871138322298167	1.21933768236586	0.397743550498304	-0.191062158302548	-1.10014453668251	0.212284329917893	-0.141386498557142	-0.102926345755708	0.175228977504624	0.663353042806323	0.127754243056115	0.711126421695893	0.526626673913531	0.0728662022297356	0.791342188121476
-0.227110254895478	-2.30819521479202	0.0756723203862059	-0.496718711633563	-0.0870467047649595	-0.914045003551115	-2.1581346925072	-0.55737453079786	-0.926825883474919	-2.07285762780166	-0.933422481072412	-0.227907129352547	-0.296523977788034	-0.357087733969255	1.42775934067358	0.747951760598585	-0.562983040979789	-1.37640107492649	-0.84724020479384	-1.27946293050741	0.920804710223294	0.577679150160075	0.388356495571188	0.0793968135569008	-0.659631189354669	-0.898800090722301	0.536449240514049	0.872342515902805	0.808734545871434	0.217915954449506	1.63112882375902	0.802375808602962	1.38380488929941	0.230797751597313	-1.07844498733618	0.187067192959278	-0.959738692236173	-0.118698479518293	-1.46874805477331	0.0612067066532118	-0.305996747963677	0.300649640757087	-0.983896241057906	-0.133908628767439	-1.89881152190365	-0.433269576954716	-0.186067265810419	0.934830983508134	-0.27895353091729	2.04954153775757	2.01720810845156	1.38900136322047	1.34451545174663	0.161086757032852	0.645146622434131	1.3469503288386	2.71135071549808	2.98938663571935	0.064009608053727	0.336907076710735	-0.09035232866512	0.159324302336017	1.22373096137504	0.598872022976456	1.48929666053844	1.95719358508019	2.60501794291092	2.93243745027399	2.48562520684542	0.240908028303205	-0.527032573994289	0.426471969708934	0.0584454404018373	1.61255533773715	-0.699467411171758	0.506496972072874	1.55378137011205	1.0878187886764	1.77910885310668	0.708994304431811	0.867233959184877	2.80177608464449	0.979079572813829	0.583383382691776	-0.0526165122895728	-0.074615253851712	0.982294796259818	-0.128548614005067	0.270087434166494	-0.229272397874902
-0.677281113144064	0.777309587374538	0.525461283588897	1.09297814870866	0.444273692777543	1.66825395232884	-0.184669303568723	0.516796633903029	0.632904332977536	0.788037027463399	-0.356758878424714	-0.217031349729165	-0.817511977392489	0.0298815199671685	-0.826187983611347	-0.785466162942804	-0.440503680143827	-0.298687851675727	0.61540726092669	-0.728143776124612	-0.893898029228302	0.0384326739702558	1.16087038504794	1.48983271211134	1.61662150257141	1.96778682815137	0.547606547339784	-0.460000546046031	0.562841526476876	0.374195852320341	0.361159990252559	-0.958070629270811	-1.00511807214245	0.265221028337513	1.83184813267789	0.0918962353077073	-0.855061928533199	-0.0236033574006488	0.0286814340239273	-0.121589429051688	-0.660895796487081	0.211942254946156	0.346419985987383	0.963882378960002	1.8179105601642	-1.6302523081014	0.216553664574927	0.644146948232848	-0.562537734792572	-0.103280980041944	-0.68946185121523	-0.437500660343038	-1.22815509449709	-0.767403491024646	-1.44789722154301	-2.03399464157153	0.554762364971883	0.220649117138723	0.921075554488619	-0.138271437929392	0.793488030565259	1.07983543360906	-0.290362481061754	-0.883697328182646	-1.22881638124862	-1.34427292826791	-0.65635342967876	-1.18770557046283	-1.1405286296976	0.519577395612102	1.45512849463368	0.828423400881866	-1.20792653454034	-0.350684839269507	-0.232784166251558	0.934919878599931	-0.0347518903863011	-1.06033460246097	-0.106210139569249	1.60288568314952	1.11549632508183	-0.658949229388473	-0.51642583663756	-1.79750639840017	-1.43506234944052	-0.297612720787991	0.043255850709184	1.78163893161352	-1.27457043979482	-1.19140599764364
-0.330751471687481	0.0722490277004553	0.751053192859717	0.341983732302712	1.35284516444841	1.26516162688642	0.984644151077569	1.79907620817607	-0.366667015874189	1.63582881587003	1.0812992347223	1.04108619622282	-0.330955062722002	-0.412552269074573	-0.225528447568095	-0.409318277152944	-1.79988768061269	-1.15029106921724	-1.98203015241377	-2.052704004099	-0.980241377038672	-0.220801050273286	0.677182696854563	1.32718996359515	2.32355541434607	1.42662260868857	1.4294470002519	-0.753034561150056	0.796831508399801	1.54436555697106	1.71562853816881	0.541766953504401	0.431509561213089	-0.455318942565032	-0.795473477328492	-1.78518382500154	-1.72072406278358	-0.859413503111708	-2.35740970398048	-3.57858009630192	-0.887475667301269	-2.86310273289081	-2.99841322865478	-1.40399430521798	-0.378822022044321	0.379884168317359	0.665382208145797	0.506780536669857	0.167514855123834	-1.78619922573461	1.32739934934516	0.0953204754624605	0.566367973021876	0.182101788682358	-0.534552309639785	-1.05193683990518	0.569752707616224	1.10458377457352	0.61714925839285	0.924302640170123	0.27081723524608	-1.26161829353307	-0.984590841473503	0.0356417923850018	0.695060765611797	1.20511727532999	1.51166449313896	1.25325285012299	1.26807826007442	0.517730687629159	1.23799134038011	1.35856594345862	-1.24639643441891	0.598763949646701	0.873180187926064	-0.295348915176885	0.739571340211467	1.48024348511367	1.25326954607726	-0.239960514178616	0.0710127053714587	0.183108613768421	1.01417097255828	0.48486079296121	-0.554198973722809	-1.05770465826007	0.667809528339524	0.315919434286617	1.17945936077226	0.748789444559579
0.166441003889346	0.998939339597655	1.17369528474923	0.871153854552717	0.425890493770154	0.0883123106598118	-0.957376190824765	-0.402696955341336	0.469626092180487	0.248332615222065	0.894076198786821	0.509082342930477	0.299527014677733	-0.763067129146143	-1.44897182585213	-1.18413038148203	-0.0455141354279565	-0.666931401938685	0.10426989738842	-0.187357108157094	0.448258272826053	1.27994939270087	1.26315802759066	1.97341119005191	1.70849915734722	0.732795142910132	0.288697331834557	-0.330962730788606	-0.124351429314029	-1.15082721980876	0.872718240971072	0.552560787371882	0.752797746832475	0.527101364311059	0.477388460507348	0.641875217127318	-0.332922054772223	-0.28726291299484	0.353695295327954	-0.820726769270505	0.0951304967052705	-1.45038430928715	-0.824028933751356	0.0246842321166896	0.677431477837946	-2.09478462519725	0.0407603454138957	0.471619884197958	0.236957038733545	-0.323894615310158	0.0750112503004568	1.43161702535191	-0.266594473980525	0.701257446835102	-0.0235281369294331	0.142412427218634	0.274586858567221	1.27262935380157	0.540949367192072	0.961962950576496	-0.204908857713131	-1.10051829215954	-2.2007923824799	-1.10318687175715	-1.46184020668708	-0.640976254412497	0.248811507837445	0.645855559059528	-0.562368921525577	0.256963196484622	0.32196288005032	0.500057686814937	-0.376588628291955	0.129753755715958	0.845215464349961	-0.0750513038095165	0.159062016908787	1.34286721451138	0.611182895295605	0.700633172490953	0.129300628867616	-0.609973321817642	0.582084752553303	-0.600335127019501	0.72921250491354	0.918885451790856	0.413370674879054	0.964538455403351	-0.0565477372471749	-1.97600981402091
-0.118156957939219	-1.13090655910902	-1.0123411121388	0.0799024989856586	-0.737708248984702	-1.08070072555064	0.45431439386471	-1.12883107651165	-2.06194216147703	-1.70607104515774	-0.681388296434176	-0.130976920058021	0.705645222527152	1.95317416483971	-1.05935931585326	-0.128061954822642	0.446890458400857	0.271439825411576	-0.35268573862625	-1.08981514666754	-0.544128044519045	-0.112057003430116	0.0316751032078606	-0.101406065451593	1.21309348334934	-0.358525020939194	-0.0525720372011778	-1.00677736415801	0.708822124606208	-1.42754874773733	-1.28628428581759	-1.25562146630934	0.139697972918703	-1.37077125781466	-1.07317791094575	-0.996422984968029	-0.0971683010119823	-0.0555999324236314	-0.243723141283129	0.0428860649240017	0.358295661647183	1.18854661791295	0.0775854370361872	0.409763500429208	-1.01466894452464	-0.156922761874057	-0.307234898718658	-0.70599277983681	0.522869046139753	0.0314344972035676	-1.36672878004402	0.607168245660125	-0.565303990044662	-1.04230839476438	-0.96143795212184	-0.549438999023075	-0.226505172924519	-0.279487274246187	-0.992139370481498	0.222158683284333	0.504048189479856	-0.981937177636626	-1.64344151258132	-1.29765690543987	-2.11200649056844	-1.42723280227492	-1.1887313744184	-0.516024301581331	-2.15554346166477	-1.00529707341156	-0.234730750854002	0.0917721783150802	0.665627322958118	0.736822097855265	0.467944815119402	0.603465968247768	0.557220217981407	1.10500797167623	1.36831567158627	1.59285552263036	-1.75865157767011	-0.122836897237404	1.1225316641168	1.05123010960115	-0.432350468264125	-0.118591464934421	0.61136833908012	-1.5468164647915	0.307637575199977	-0.888495908626239
1.26640098195575	0.581617891131905	1.1879275693074	1.68703183970508	0.393739413736336	0.121742721324706	-0.926052349773391	-0.896462185192157	-0.820962669173318	-0.914437517724229	-0.264426755879729	-0.188267134968367	-0.275765755307473	0.402315515391931	-0.00463948193294559	-1.19197720427344	-0.980176919087924	-0.479507238955399	0.298250439137238	-0.90539951344861	1.25705631480363	1.71611386592471	1.77578586882839	0.545245372386764	-0.522214630789284	0.26506117188618	1.17323386661696	-0.508406248326437	-0.910080458565046	0.337375096520368	-0.242504559064296	0.612891873178049	-0.374725408598672	1.24868177518736	0.276999654656768	0.28497662501269	-0.345924462836944	-0.0542495972757534	-0.363031029449876	-0.0574053332282188	-1.20341139188755	0.6161199125431	0.374068961954558	1.47308783484416	0.218475400484204	-0.155859690153337	0.529640210429645	0.741428713143151	-0.148338146307906	2.46935762272775	-0.397184043050328	-0.838793088769063	-0.77416824677706	0.291847419162268	-0.298403960013016	-1.56976575092064	-0.62558094077739	-0.361461700750639	-1.17802320285483	-0.660423036195743	-0.0667140417599373	2.39401987494484	0.67182147971819	-0.817519063267483	-1.56619094007555	-1.59878008168418	-0.180148071536858	0.58024800734508	-0.35888482791682	-1.87850663116616	0.274006950757581	-0.602429318166385	-2.13446496284816	1.93559536053091	0.221368557844951	-0.816173027114805	-0.611233122029815	-0.372852912176802	1.39935938917218	2.66373887340992	0.729648699937172	-1.45918248719539	-0.0742436229062231	-1.59643877691211	-0.179957179962581	1.15793976775625	-1.67528648124418	1.40710833067315	1.4407216617716	1.1790222796818
1.74277515060186	1.38394763745574	0.591273065510262	0.141768650743978	0.832780795434788	0.52286155104247	2.20129006561478	0.583544778743502	0.0779509413838903	0.216251918397876	-0.119650387905702	-0.751481414290684	-0.224190680360491	0.0211014808448382	2.01930757561377	1.00901231582314	-0.624440511820666	0.493419097705059	-0.420626942387305	0.106118104686369	1.14330933229128	2.1161064571019	1.04442485767785	1.40655951937422	0.776481832912021	1.05775463485263	0.997979099945299	0.524898758090719	2.01371200450122	-0.327711492993518	1.58468028614411	1.1001047029206	2.21775147926634	0.510868773871747	-0.810445280175448	0.559316158476111	0.458815621298913	-0.534230943566912	-0.0857755693883557	1.49888458721881	2.13698537895202	0.29942719985363	1.88476967588435	1.83759960920999	1.58515799749973	0.891032500600326	-1.06690856497206	-0.579759847034442	0.836901436684103	-0.108839808528227	-0.10451587089605	0.886025604442766	0.820905134068591	-1.17887024857714	-0.0246805243451626	1.22595199148055	-0.189738540707959	-0.279750996409737	-0.816968227371961	0.0161466161887302	0.452604212086774	-0.308277204829589	0.592921325961501	1.93305932253664	0.319519917151773	-0.412396214740796	0.543806672713839	-0.0140418059562366	0.391660283415297	-0.586256972816792	0.0921329196700064	0.988189762959179	1.11609807924801	0.119288171508751	-0.982118917581876	-0.22699045573137	-0.357212170390631	2.59365217856142	2.16381628459306	1.63461837650173	1.24316844107682	-0.534789622905321	0.735240501717751	1.45683396343887	0.933680553266151	0.0864256698301277	0.90670581465892	1.1351048426571	0.197458242786955	0.303118603329216
-2.08944258575581	-1.27608974246568	1.66301318195343	0.99801337602269	1.10059957883042	2.32327797552246	-0.553575922651107	0.557199988270726	0.0307574180527821	1.3859599382695	0.79202246641034	0.266036188965689	0.891250684022794	0.132766037185555	-0.887535796759053	-1.89599359140238	-0.241373178395638	-0.784649446213226	-0.66160693067242	-0.464761177391957	0.335808774143542	-0.801627973334625	-1.01229283430264	-0.222017656983128	-0.433216691911143	-1.34934807164949	-0.433474708898993	0.00308652137888432	0.14843691322974	-1.36199440120889	-0.559188837030362	-0.944915658895947	-1.40466219936072	-1.34345977107746	-0.474103729250066	0.30961074181177	1.49052075103894	1.38186079113469	0.672708361889404	1.26261087324319	-0.458560991640109	0.135918365422205	1.57135946859078	0.0993605746250388	-0.885501051543787	0.613267867534207	0.839171140366622	-0.799718632275497	-1.14942859135935	-1.58864996577667	1.51842197907188	-0.561870258706224	0.651694376531579	-0.87321156533239	0.0319079412909063	-0.552034568694347	0.0921079519367688	-0.258523025011099	0.312811781297756	0.63285469631285	-1.04661060642313	-1.90451585528401	-2.27412393227461	0.334956383757118	0.997460031899921	1.65705932918729	-0.0843436793727721	1.11231555886848	1.61695537733958	0.0577953607363407	1.89106925382614	1.27220111787867	-0.848552846126817	0.392684508982938	-0.502206662570375	0.445329153015225	1.18323934853278	0.58263766555175	0.165458353299749	-0.394148008235585	1.19116721203269	-0.0151524013961796	0.579141193214591	0.754139612183961	-1.68673499703943	-1.25089122485196	-0.335627012997473	1.42031033987354	1.03363583419952	0.889895579481071
-0.219679160862585	0.777990246547788	-0.628898687814731	0.344629748641489	-0.0874616354092554	0.999405947455119	1.5103487616138	1.01278988989134	1.24554897887592	1.59032067625882	0.0501434643701654	-0.80950793835094	-1.08110143005434	-1.13350290756841	-0.366787252724213	-0.447235249508675	0.777899136540561	0.657159840302436	1.32896077259272	0.825071885761094	0.717284786363248	-0.552958344155663	-0.470722225473961	-0.314514026814243	-0.614976126212359	-1.06879402649716	-0.934487423805722	-0.945208950305752	-0.175592586296097	-1.85841492490945	-1.00480072163104	-1.45570264262005	0.17505019326599	-0.927309629782092	0.577555237475599	0.0267096296331202	0.906723702254738	-0.636537764589746	0.349182632443022	-0.024802591119064	-0.134636054945766	-0.0850684862696563	0.273395958727392	-0.251517058332996	-0.0763233006062093	0.153715412583093	-0.182021465755918	0.811905410412392	0.0162525120540087	-0.789785695587929	0.351839197210865	-0.060954861198064	-0.107195184848058	-0.458498490480707	0.78470954771609	0.726943895284682	-0.186067309679968	-0.621729060477508	-1.3321471871619	0.395968001719419	0.382490531397254	0.289171988260814	0.176627847560107	1.9677395471223	0.807313987355797	0.938372775185183	0.645203209668042	1.22260286944481	0.267565884588729	-2.05532915317543	0.350158817902781	0.51732383451584	0.491646039931661	1.1122225773646	-1.06547891287899	-0.784097520696696	-1.20637842268769	-0.775640748953534	-0.876825745343035	-0.499467648958295	0.273773460537842	-0.851081291619675	1.44095305376316	0.270557801409975	-0.0628489644486792	-0.183378007061711	-0.992156675354279	0.565026131279716	0.0927633107920003	0.594588873375201
-0.960723880912563	-0.653771049803193	0.00606556482568527	0.232335450211853	0.541050636640187	0.0457693934329022	1.34641431951397	-0.284744402214417	-0.0594440222670552	0.846703313183272	0.777897796075642	1.1314498207735	1.30543464751738	1.56859593807576	0.920614054580141	1.58602228947942	1.50754776555989	1.76571712303182	0.719780219424956	1.05883298737525	-0.200044550503378	-1.80629809920193	-2.24731491086011	-2.40750570087768	-1.62512513475766	-2.08272155995455	-1.98783744655275	8.75721564051463e-05	-0.976667794035137	-0.378634409788015	-0.45546191834298	-0.433799919744446	-0.637357677440223	-1.30547721688057	0.0558569279857005	-0.607497142026782	-0.178501472071781	-0.0960366620416667	-1.16758606640477	-1.40194923315554	-0.615339965846179	-1.16298675527058	-2.16517176419861	-1.87182965241077	-2.52191241685367	1.37874983385159	1.94527653477445	1.08498843674243	2.04928489710109	0.60372087972927	0.336435488516738	0.0902419915045126	-0.436767834644251	-0.143636464955758	-0.296944367070434	-0.662794931255827	1.02958554309713	0.644092860953408	-0.439855681449045	-0.478200937568017	-0.955601080536584	-0.132392570854969	-0.711281449079991	0.0873470989457726	-0.813817067404566	-0.513150208966218	0.572494474810164	-0.25088445898997	-0.0421136740160283	-0.809185235390796	-1.87408704296476	-1.80430257503867	-0.928088052624347	-0.367728890743658	0.194349072976551	-0.80132816143662	-1.19558457297341	-1.33773161768304	-0.230582580162799	0.855907440979718	0.476031011330255	0.418784858198704	0.249270814453148	-1.01290238598031	0.185150183931234	0.754450351171292	-0.609547481529478	0.532331856560918	1.38742983963812	1.4612733413484
-0.654309969471981	-1.54546747902089	-0.944041101906412	-0.606545865750875	-1.71635464294099	-0.810915452921612	-0.443155509640122	-2.52592136751926	-1.48529053626584	-0.383099392817902	-0.951083578148928	-0.608992060789793	0.817472835425733	-0.214870496055624	-0.496394460463358	-1.51550278745314	-0.510874908145652	-0.712593778715571	-0.49079647524512	0.501886442934012	-0.228860060620281	0.717372108418812	-0.229594394283377	-0.575599784359048	-1.29860209973467	-1.18292865679782	-1.14577506591519	-0.123215087916587	-0.755188907041172	-0.177642862906679	0.637432821894692	0.170454950906387	-1.61496845304101	-0.633456097519796	0.411034377538788	0.296064300390268	0.436001958796091	0.187248825883186	-0.0957918420744977	1.05112238071161	0.746717632954326	-0.125179236941898	-0.0854162045495744	-0.880054700537205	-1.01866616736514	0.83785795375558	0.973904177294864	2.01244475795966	0.317424760861692	1.33391258010982	-0.799937976235576	-0.21334554641838	-1.44750225135219	-1.13775364987954	1.26917880821081	1.52194649611937	1.47802906224756	1.37606981551465	-0.0570553185149239	0.161056540913531	0.385256447234633	-0.856894163293823	-1.02735254117666	-0.303611755520703	0.11342484424893	-0.986986035957958	-0.222659657741083	-0.774795864431375	-0.967840767258025	0.702092929624239	0.486092709020559	0.589603626629079	-0.117968485865956	-1.63951851135939	-1.230271109041	0.540444937490639	0.510993690208185	1.48205366248564	0.833015894487341	1.11234270005767	0.671879132157144	0.955681682285098	-0.0262269647277559	1.10484771840728	-0.141102867619265	0.201141471346694	-0.993906652163097	0.56030595372064	0.502712748371479	1.37921437302371
0.898116340581192	1.70718715881219	0.774872820235439	1.8264130068394	0.921964388253094	0.733236899835778	0.787766626751791	0.0249448490144188	0.721246539007044	-0.281092732332277	-0.877025177845732	-0.755619805213796	-1.60556795344225	-1.23007099301682	0.979759740469617	-0.307294769962165	-2.14331702681564	-0.18114755647848	-0.694208275273312	-0.485353174772849	-0.394051586642287	-0.118880937426129	-0.429483076160589	0.905593665293894	0.512986042579059	1.26866689782961	0.625623634366194	1.17666758706862	0.209141474219662	0.782885132762787	0.0759625644066321	0.291744505875436	0.802563311114043	-0.295502633513833	0.704566771691018	-0.904901310008429	-1.02251144732318	-1.02367602286845	0.182646215767942	-0.0587607428656673	-0.00257934555977586	1.48145009715895	0.590392796389421	1.23539700818315	0.828289620769184	-2.22000444340423	-0.164649999319554	-0.385620054969446	-1.06477056479	-0.343030926196972	-1.97811527711386	-1.87482266061858	0.998267049944542	3.25054818580247	2.54444212371721	0.225463064559668	1.55850129166696	0.900716804008293	0.431872770407021	-1.7883333046871	-0.141126418376548	-1.6246604877211	-1.77680953022466	-1.76611848320547	-1.03299170448373	-0.318181221537467	-0.841459606428027	-1.67148226781119	-1.74443015107583	0.0146214942633655	1.29692165158128	-0.323821171694314	-1.03973804874984	-2.00894693591982	1.66794613152866	2.43560103134562	0.886799493367484	-0.680993384453829	-0.959435711811538	-0.316385493136746	-0.547376112977774	0.883220925595211	-2.84001204575179	-2.78574450893179	-0.101337989152405	-0.518581569763857	-2.1943349959163	-0.0809890664025702	-1.1562513543897	-0.934927175969951
0.425743711316717	-0.567319724494826	0.492304401432356	-0.251882281587391	1.07225136740649	-0.203938481825222	0.000525946072307889	0.728379260262213	-0.822703460334342	-2.19377981957185	-1.35694144022248	-1.75486286210069	-1.56901126020917	-2.08040869685948	-0.232976303861663	-1.03389139935131	0.433436465243104	0.472358741181616	1.04844691692277	0.334826734571348	1.11330349935524	2.21716313705197	1.59837784815606	0.991824072481421	-0.339448442341094	0.302405131326352	-0.349750363020538	-0.590796170467789	-2.1234267478065	0.502450593439794	-0.110006240070574	0.529945996878918	-0.418666714535639	1.26317901225407	0.124385545325003	-0.377139208629086	0.571106888588482	0.849449030361623	0.517055059485674	-1.02820947585059	-1.43489364217032	-0.258461946127559	0.0833400557053514	-0.575710444883597	0.415825109340686	0.311457060163038	0.115622582810709	-0.414917306180689	-0.00480307715425276	-0.300088512976257	0.921438711828304	1.03667752160888	-0.842753131483524	-0.404524783510098	-0.691454648036409	-0.326499899546736	-0.150224521009822	-0.221652138491211	1.16569826064476	0.997087900622849	-2.01922401493377	0.0488241475202731	0.866602636550189	0.308099647783234	-2.11698907384095	-0.903720247684896	0.737546932753829	1.29527504731126	-0.0155595078534082	0.835401178033539	-0.453893106096903	-0.617366866980947	-0.684065796360443	1.38425901789803	-0.313645596495328	-0.628430681742432	-0.420949554026526	-0.791216731927636	-0.578507660613445	-1.06646696922112	0.868346883666573	0.0397961201067015	0.874973634383292	1.38053274123859	0.928471272947559	0.419797949097855	0.76929644967301	0.483068526515563	-0.587667470680342	0.386106707701631
-1.04363674164028	-0.595396117374948	-1.58769871668261	-1.7712147237558	-1.27062792596135	-2.23064876161983	-1.53834137565441	-1.5864705530811	-0.376062911173357	-1.98094767247897	-0.985346793973669	-0.13162624877708	0.217590048650507	-0.103204717907767	0.845195303489318	1.22293804629564	-0.608887753482431	-0.367070368306311	0.247059737598442	0.201628748941556	0.311020734517934	-0.365448713889184	0.268441675070094	-1.28284000483854	-0.161393580507912	-1.05418489942297	0.578330079872973	0.450968319040298	0.909181598035425	0.290529107144652	2.66587294234991	0.208270109826036	-0.0217223813625355	-0.869233982823918	-0.638724237847753	-0.543819670659993	0.172956182812268	-0.972321306658831	-0.574511651254521	1.54363493026668	0.378760131363673	-0.0741243782997351	-0.671187128111911	-1.18812400535236	-1.39103621722901	0.465014067687609	0.91950472810637	0.530552143293671	0.302583502134092	-0.1606806354621	-0.087668606591883	-0.0939788958149143	0.195716243869814	-0.215193971173991	0.51069253678277	0.984896227406943	-0.0391503455694351	-0.577025443022824	0.852424943997497	0.423647822363098	-0.400551749640287	-0.475037156742911	-1.43508802125435	-1.01269824352445	-0.117912675287871	0.915146037669789	-0.195954860085791	0.337821409402289	-0.49257654816483	0.600195663166396	-1.54871131633345	-0.802451526846598	0.556137954889034	1.06509215829971	0.527181550650439	-0.603688586160518	-0.857619083463381	-1.08502059008511	-0.784801948835565	-0.0352340841072554	-0.566250308859975	-0.515688914367937	0.990798769407838	-0.450558225987878	-0.541697370547785	-0.0383353657019847	-0.331508253493068	-0.0655956070386865	0.140447806845701	0.0323872490058464
-0.353863556955814	-0.814936274950286	1.6768346223633	1.00578029248495	1.64070242232401	2.32971452672771	0.384075174191772	2.22736418013752	-0.0512491634566037	1.44277528673659	1.64415966006162	1.68966180126953	0.8991446774804	1.38465722138388	-0.562662147599593	-0.496915234279744	-0.603372287888085	-0.667781756298462	0.0808686196242895	-0.486513014792756	1.17328757910978	0.669551637157767	0.589937019597369	0.225495030196926	0.541716506971494	-0.212307084718529	-0.894629373737609	-1.03205444668768	1.05021727368477	-0.577714378936516	0.259023780774651	-0.647191002750548	0.408833688070295	0.813432918732706	0.791384702370627	0.561128031159813	0.564358656944711	2.24156655146129	2.75406530261565	1.32933680888953	1.93705532539671	1.8784758321797	-0.329441002513105	-0.244853875898052	-0.372221161926435	-0.655406082043911	-0.574978138044471	-0.217286761362285	-0.0665080546720671	-0.581864838601813	2.11401434602356	-0.538284792462635	0.107613318594429	0.678298845572509	0.727105387456482	0.0428129573572159	-0.223270811063155	-0.608679122641855	-0.222043093829029	0.656681576999635	0.846827202788598	0.383419396410981	-0.200917293591662	-0.887085086735541	-0.604630947106058	0.7631103234222	0.65921157656244	1.02142353454961	1.81178761189204	-0.280730415685567	1.39614222272056	0.557495821572633	-0.737329759241828	0.398549333647007	0.577323040560692	0.187947365391285	0.115315934305413	-0.882759684700564	-1.41923448597173	-1.58389684721185	-1.06884391853309	-0.602740670254163	-0.452499042153009	0.29105574920583	-1.04343640003119	-1.08353800216862	0.818863466699762	-0.362741171955642	-0.129170347242252	-0.508385175809488
1.187795112889	0.885012552759855	1.18916318733762	1.18323431433634	1.02038970101583	1.50132753692178	-0.225585664620728	1.84979579479348	1.45830979213088	1.44947501317751	2.69077401308603	2.84395229323613	1.89218531184755	2.21882507210227	-0.904701918564343	-0.532511536930249	0.901486330720609	-0.39072135383288	0.0288685153436309	0.817138240479645	-0.172839074365429	0.147838187599664	0.105780424305389	1.9859456255642	0.299344789127431	0.337991407389401	0.133096683710554	-0.306574758644566	1.40045666511037	1.76575401619457	1.17130091653359	0.561663256966261	0.900978099305172	-0.231897038876147	0.533890215956167	1.01098278865652	0.687553167489571	1.42559736809299	1.00572831036787	0.489908808200182	-0.638854420617161	0.348387741241949	1.48929277539191	1.86208575861461	1.53970538122795	-0.446458760463438	-0.346946637962916	1.40343170681296	0.808811723747919	-0.0380090688558836	-1.04935677207231	-0.812401802156622	-0.143979860329791	0.0426508777770335	0.838020634316923	-0.300179134493717	-0.492890291296592	0.953945622209742	0.676273809643198	-0.0939400784845472	0.700174361703554	-2.02955438260699	-1.27598769896382	-0.700490609250147	0.411774759072362	0.0779323134932774	0.840867178575543	-0.673181845922347	-1.01740739365948	0.661163884987735	1.32871676873055	1.013739511927	-0.572526183620703	-0.724497683742879	0.63712437497	-1.13608455205918	-0.451163905260294	-1.07794399781501	0.307305215063722	-0.902615915077359	0.256275461457213	-0.854393069781829	-0.54670974976141	-0.36274072891233	1.43714276514997	0.496104732645142	-0.0781528998560703	0.147940584800065	-0.157232841343498	0.102670091710919
-0.485197617516686	-0.767259405772876	0.823923170000985	0.902154064855953	0.331770071249731	-0.876652645401936	-0.528747421266595	-1.06251083720625	-1.04363445532912	-0.753858334001209	-0.29991382089187	0.183710981817526	0.188921358506516	-0.0692980492919485	-1.58936963167203	-0.92079042298682	-0.590530257415332	-1.71382453821445	-1.83399325658416	-1.91148070048546	-0.573800648391774	-0.192856464298501	-0.298681779974876	0.77741265154281	0.390178926046079	0.956842741446619	1.11144188029739	-0.420250374610532	-0.964035267531537	-0.405603903221337	-1.94225544020925	0.226082038179772	-1.39684490118553	-0.197036888974544	-2.3687571989819	-1.36393689491077	0.790603463421292	0.363498706320241	-0.242954698344079	1.73683830302612	-0.436419154964407	1.94497641045619	2.37916296538158	1.98061896570388	0.923351945221911	-0.730515151082342	-0.131086760417578	0.865279332026642	1.16976049264836	-0.0837078325505488	2.42548415953179	-0.986600530703778	0.579416128676507	-0.832938838057868	-0.0129849817188019	-1.00819905100894	-0.963091236332065	-0.0821697339068981	-0.717418461372381	-1.05975276855594	0.792513146067938	0.154882489681386	0.939782205464084	0.0272141501646881	0.119204166879978	0.559289094919244	1.05597527026685	2.15712514186288	2.58434695252788	-0.643944716533224	-0.923219095412808	-1.3502387511801	-1.46815490402908	1.79346712877299	-0.823587904387042	0.145317445223382	1.12134187302527	-0.419968600511384	0.361237426066802	-0.660795547008505	0.878097522275971	0.42094579060601	-1.22828565220394	-1.36588600428619	-0.663441717396839	-0.655511418240279	-0.780855091762296	0.233527708818716	-0.526179878511793	-0.640277381025184
-0.775929516096328	-0.343817576101104	-0.959777957370188	-0.611980314320615	-0.601035081255575	-1.21747736895496	1.07832468298375	-0.730155044493772	0.482712950393777	0.701026738682965	0.959072388853992	1.48968002357968	0.733811976590007	0.824414840986291	0.511174009901317	1.85791895527028	2.32434338107246	3.0497356406116	2.78109543116776	0.490215455961305	-0.676549376377239	-0.839711436732507	-0.88121736822861	-2.27856144173017	-0.901345620700356	-0.818850016778664	0.145017752705772	1.51411377815369	-1.49490697542621	1.07437627554919	-0.555694608427633	1.16271451132608	-0.737553444162552	0.798733085803431	0.909055786312069	-1.06602923315894	-0.521924274620217	-0.550959108141471	0.661499420693623	0.109134005563786	-0.603799538840235	1.46812670930071	0.110873702114591	-0.734172808027897	-1.4076625197657	2.46274407361567	2.32536475744074	2.44783650753082	1.5686120246065	-0.458433728003028	0.101224118119876	1.18054388474236	-0.5977615842398	0.493335057902208	0.348932487671548	0.760063411554627	-0.042383447720521	1.32930167069456	-0.249490908010378	-1.6152445282888	1.94656397375882	0.86940766178715	0.634267158128915	1.21249130771328	-0.641915213600661	-0.764920572812239	1.67887088924472	1.11424005064048	-0.151121383549757	0.689796148287025	-0.435335852157102	0.670549559313406	0.801958770857591	0.318362751008672	1.12749175000659	1.23532235378731	0.318246195252462	1.24084878103848	-0.347217041019	0.73074792316205	0.117157993420144	-0.359537975125809	-0.642010812883879	0.308572902414208	-1.39664316593624	-0.796652190814989	0.650471139571038	0.00519372900709655	1.27667883449015	1.92564437128313
-0.49373253131667	-0.390093685188942	1.75400967009044	1.93190782931886	1.24250378813138	1.0677096068493	0.103488385581609	-1.26873636626435	-1.30137136206139	-1.81441125301112	-1.06120295458331	-0.594885476497774	-0.151042227683816	0.815657433955429	0.854591649222913	0.896239707027086	0.895867301732225	0.759269274270458	0.579411526428404	0.140694491160529	0.0898038734107855	-0.441100439387871	-0.829442439805151	0.934145134090455	0.739688398170473	0.932849906900987	0.122237719666263	0.851217604830184	2.08928059895134	-1.15205944823625	-0.55613582616902	-1.24938735216617	-0.65511394875781	-0.67250040228388	-0.0980778690495453	-0.65951881370501	-0.631045535047844	0.316001129150771	-0.655195929107602	-0.210707301702614	0.093434075363657	-0.626012054947728	-0.877797252887264	-0.686568903152365	-0.417633742820863	-0.86186858457659	0.438226487801403	-0.612685495567048	-0.782534819805297	1.85443937287538	-0.296212376494224	-1.40746443553742	0.62444851353584	0.300812901724372	0.759802567257591	-0.145892706007856	0.66078008797077	-0.478949610943592	-0.0572215257292136	0.118214209361247	-1.01214022237879	0.656923083366494	1.07557331252202	-0.198837468451427	0.200607214775327	0.955605507096712	-0.0644919714313373	-1.02427162043522	-0.461677849602683	-0.1148275749404	0.0584443131635091	-1.06061956705948	0.0551223067576018	-0.493719309579374	0.212923106363591	0.500750604592211	1.5027586990734	-0.757970560872417	0.585679433375189	-0.320193219691777	-0.742063415039956	0.207739053812268	-0.599011700548957	0.949539873771712	2.2183092082482	2.02076171347503	-1.67819739685334	-1.34442663635643	0.480724373247306	0.360389499694872
1.21063789468621	0.0432881317723966	1.34124463448157	1.20621051271767	0.827059438806528	1.52022519727284	1.10629621627228	-0.0442040666505594	1.09984245478463	0.946142787525493	-0.493627802225987	0.193032356097538	0.935090155197126	0.115394024368274	1.68272647014321	0.141873634516419	-0.955860359562064	-0.485255800918648	-1.27785997816344	-0.721970733407968	-0.0192591123661282	0.504651839003127	0.18904149221978	0.0962227270597746	-0.0769243881302582	-0.239550256531649	-0.014979984847673	-0.340134504006602	0.330165997053646	1.80288660125964	1.28693225130644	1.69909754731456	0.440722834148567	1.18464070661783	-0.112142888126024	-0.0479451528397313	0.464923372717546	1.34397354822469	-1.20755539290053	-0.679415979841679	0.484802778937294	-1.04810086237014	0.764298350368798	0.312675914650516	0.266021753896666	-0.946750073866167	-0.268745925717382	-0.364594704905608	-1.38769943235815	0.420180778895777	-0.0381512412390037	-0.7133512138274	0.60245500216384	-1.71954195736548	-1.13296923534053	-1.55043596389725	-0.788760903749211	-0.692121193337041	1.28059781082952	1.63671339213254	-0.654431014807392	1.41981376142746	0.736818033629631	0.287591800620969	0.42043464765428	0.298610550849187	-0.168485509769139	0.468496827030017	0.196980003983572	0.442230913328873	-0.545921145679948	-1.85291421871706	-2.10062842348828	0.687903395879716	-2.14435283476186	1.18817737940547	1.33560298406912	-0.116402889226268	-0.279404149735685	0.23896227891874	-0.574326629454732	0.295521220772219	-0.3300707679882	-1.19170156777608	0.213440881995205	1.02850980993284	-1.34162769026264	-0.704011473573856	-0.596798282829037	0.0280490606582359
0.803524750303935	-0.173699217559488	-0.82952093038867	-0.0490912651940458	-1.05030733092079	-1.51338317782282	-2.12642430230376	-1.07457046196329	-1.12591834403964	-0.6500103926655	-0.883880134226453	-0.75027093681861	-0.576620167576468	-1.26771132424897	-0.485489743470011	-0.649734805202726	-1.16084026226025	-1.64342717022971	-1.63607745634827	-1.15527341647293	-1.02903068801253	-1.22522059092273	-0.817670917905481	-0.433203097935913	0.444257026501335	0.459835942523052	0.785626148237803	0.824908915038303	-0.190569270965165	0.0600005221883752	0.0993263161077956	-0.130132823605671	-0.0747895700230265	-1.09070028896302	-1.62398487428416	-1.61646296030456	-0.100355906217134	-0.61943321596393	-0.486255843422277	1.84621722967558	0.703519721900203	1.97983635163561	0.422109637877469	0.72043218590217	-0.00702822963261609	1.55803692523579	-0.485509620235286	-0.388388164711307	-1.83003903731548	-1.48258233670664	1.4992546507234	0.916724836649371	0.868649908226666	0.564268950063616	0.2044962236958	0.743238300381685	1.8669957520603	1.2708678319196	0.855274197026528	1.48743449128395	-0.605628179183746	-0.0726591155868802	-1.04622224655328	0.835780526525935	-0.308675369642247	0.547172768778777	1.61861466202299	0.931733510366246	1.47318895275628	0.603863080973572	-1.00633519855513	0.254349762246875	1.93773529191775	0.843657090645185	1.02710930544423	1.23364418017848	1.91794421217124	1.10481435050581	-0.612276586544715	-1.39973096151588	-1.3488118299036	0.279251865765978	1.54264520437448	1.3689272151264	-0.300026619803594	-0.201799829677313	2.45134403186949	-0.524443367216421	0.606827331535019	1.00657390482348
0.458781645098179	-0.185373336776367	1.22763615098785	0.0873303476014107	1.96581296801349	1.28021808613066	2.2420074217001	1.88413494636113	-0.451480329206905	-0.19625883947766	-0.202202309466271	0.122366724082064	0.486857278345104	0.653470820630864	0.350660746058354	1.0853298421674	-1.00501163872345	-0.739432886833584	-0.894681950904798	-0.54345063403591	0.569537380311201	0.696659823110469	-0.366217343848178	-0.543672234939308	-2.45067081497375	-1.62600165916459	-2.71790532806545	-1.39426408710858	-0.339119806353693	-1.70334186489667	-1.25986181513805	-0.690221529458343	1.89877992750074	-0.429644254359077	-0.487732221878206	-0.206997573612366	0.288910959075616	1.50953592492815	0.544677241893269	1.2637132835601	1.07252607366459	0.490962225373375	0.388251557539776	0.542453090579622	0.134199531860513	-0.704307877433958	-1.79301453426034	0.0883948858339465	-0.0331163235079677	1.2187675145589	-0.55778205266986	-3.02098480270339	-0.551120144140106	-1.52960193851573	-1.63240136825629	-2.18972447448502	0.893938216733114	1.09924165549838	-0.637626215230269	-1.3101336182718	0.66122045906161	0.300919054748461	-0.286083873226521	-1.17020339710326	0.685658466360437	-0.575147837903386	0.826555785810102	-0.0463453333632601	-0.295351615855652	-1.26461387230494	-0.954817997936893	-2.04908422693256	-0.918786922260128	0.475363468233176	-1.09185562409322	-0.16168794038117	0.65546177079444	-0.499082383778091	1.10977387287806	0.735384785520187	-0.892969833721195	-0.173719634805571	-1.30974622100009	-0.987814708120629	-1.03741733167277	-0.537878526227101	-0.404774566961913	-0.714459236986827	-0.223246593901899	0.756442129213416
1.93415457824586	0.340922253212531	-0.556108740202325	0.403515538289893	-0.354547670288159	-0.625540299237321	0.70514693754386	-0.150827105995756	0.452151750879286	-0.860558360828617	-1.41280269777599	-1.07106516990635	-0.984057561263656	0.184743905281486	-0.744608074437162	-0.979654048726504	-0.863252201091255	-0.688177436410858	0.208815162968514	-0.443092159827317	0.9417526859271	1.81568318829955	2.34963720250052	0.498966385858171	2.29599609786679	2.15162663982179	1.19503964931945	-1.09125103098579	-0.0108760039323	1.45560018974319	-0.323842162476474	1.47706704144461	1.6583017943123	3.16534316878384	0.617518102116542	0.605925763050058	-1.33516688181489	-0.935751315351488	-0.673955534334095	-1.47987879599815	0.253145789064991	0.602837757260176	0.757282044592011	1.89128419780029	2.06068231793561	0.0346884341536268	0.953258038829406	1.27173565234903	1.05115904410998	0.833517233164501	0.37782184469098	-0.913226328531992	-0.429535560099754	0.00867385073187731	0.479589243923997	0.829748672283818	-1.06574970225913	-0.695257271673438	-2.48544189949788	-2.19499058243938	-0.111688452465654	1.18457963183486	0.202175965935396	0.891434738332165	-0.517042119698771	-0.836282193742555	1.42819767592524	0.00784827952348936	0.212089012932141	-2.76154684094941	0.254001732519066	0.119699023748132	1.40187767451309	0.161472896371839	-0.624932104260219	-1.12756605011091	-1.67479954657227	-1.34011896020443	-0.538135644178825	0.783777761899999	-0.607032164748218	-1.68708942081096	-0.645403635494471	-0.0105358633969916	-0.0882803933104636	0.564088366102075	0.294962995910393	-0.227860313212223	1.71585394193764	0.497558640818874
1.10728640270969	2.91122935123034	0.862477341428885	0.870997945273832	0.75438839367688	0.197613267651653	-1.12722566785285	0.337726796239292	0.866856369179801	0.0672645058459901	-0.430121563327626	-0.726862202345239	-1.19151166634003	0.254171357099565	-0.280398110410516	0.408910603635273	-0.269611082057517	-0.5327895445836	-0.0125616549465958	0.243535119119842	-1.37026804399637	-0.0987408167045755	-0.176927847572615	1.13957910039986	0.599721403315975	-0.287991305469853	-0.953395782021689	-0.197298195607159	-0.433445528151433	-1.40184287842718	2.1664224929765	-0.68039344367705	-0.349435893176164	-1.65596229066881	0.911292297983282	-0.406841571116916	-0.261564112785445	-0.716727402019085	0.0140477012717546	-0.148276686579175	-0.135562832495028	1.44161404707971	1.59769944145256	2.81268082064474	3.08911806739734	0.0957641816447202	0.310235035547292	-0.13534150238273	-0.335208868862058	-0.513104775021126	0.450947007280887	-1.44256094598517	0.224897408197077	-0.318927849179717	0.302209958030737	-1.29599076905177	0.159743577499756	1.40134029010552	-0.536951782413956	0.0229777438547337	0.159657917472367	1.43145417883449	0.191645125749984	-1.72289350147361	0.593234659730927	1.10414409089815	0.987085642047546	1.09662595008494	0.258594307122744	-0.353699677260667	-1.40877896657908	-1.90896360313255	-1.90191813003792	0.249076020979584	-0.0979143787019846	-0.754105799171348	-1.15029687684816	-1.79807140005136	-2.22790861620156	-1.29892035170505	-1.23017717968358	-1.9434406248847	-1.02728470708639	-1.90440412436332	-0.41615344113988	0.112636694094011	-0.59018116875773	-0.464236280516748	1.06163731438715	0.936714401938503
-2.30315344031709	0.0385833622470031	-0.49741686090445	-1.98467360448992	-0.561511235361497	-0.649079876718344	-0.747297443749841	0.0706306182267292	-0.950668458055616	-0.485393825140873	0.0194789852682652	-0.214305683014531	0.349610264290551	-0.230565595313661	0.629704890713797	0.35457298888843	-0.362329017607588	0.153372618315217	0.109799987621457	-0.610765291668559	-2.32168002311248	-1.28396044190096	-0.547413837512869	-0.975784592475976	-0.189953599740205	-0.829546608887725	-0.446597033379385	-0.126675633464967	-0.0485692974359214	0.23219917064833	0.447942509866757	-0.945641793231081	-1.75006314696125	0.288003885668604	0.764398992749583	0.131630125352229	1.21665486444772	1.62097688158691	1.41126162533485	-0.356897809349349	-1.01520148935609	-1.93103650299784	-0.704629623885729	-1.1831655712771	-1.41144227494016	-0.427864332381865	-1.71664756319127	-0.745015301280087	-1.22679789654823	0.978958548764125	1.40707654268517	-0.504887313244807	0.22319561639668	-0.664853040698088	-0.563427514253831	-0.93907904107717	0.448995622568151	-0.326534898951891	-0.993154452884482	-1.2286321801318	-2.07152349760887	-0.0666578105228561	-0.485071490053926	-1.58346548843732	-0.365165067088499	0.191452895077288	-0.183373963010962	0.324386372335358	0.717747731896728	-1.05096227176318	2.44710143491583	1.83170312620136	-0.873098509499385	0.703974052534579	0.303560727430353	0.104143640180435	-0.0786296116851707	-0.34717524228845	0.453686966953991	0.577273938577834	-1.90151940763766	0.0782240340715541	-0.929276038361561	0.136013171384372	-0.810848746581724	-0.738432248494035	0.404972185748268	-1.62533390674797	-1.41285794732556	-0.108211468494257
0.519974867413796	-0.28584024333378	0.664523079175367	1.5113982273226	-0.173047223716756	0.0663146695010773	-1.28928297093525	-1.48363635784225	-1.92633561982941	0.296997876949287	1.74312072237823	2.68675316263403	2.60730523209634	1.48950332348459	1.47495596659857	-0.0309945977199273	1.42045943304583	1.06696747507158	1.04831551558107	-0.28484575678622	0.255229829843219	-0.389277821342842	-0.316087343059354	1.06203546840234	0.184837385551223	0.693184009320136	0.354655739390492	0.989781227073767	1.59693268112117	1.52398610350714	2.18640081595149	-0.732920063415875	-1.99734677925886	-1.12200408743629	-1.00381179070059	-1.66188095579858	-0.737567213529077	0.527129607795569	0.0652672157049399	0.593449659041858	0.213549374288995	0.905931276651474	0.467184157037459	0.153516776631455	0.479455307121745	0.0381229903819006	0.414780241347989	0.712611253824827	0.5049590635339	-0.75760458883354	-1.12640861374396	1.68852305396152	-0.11178883129776	1.20359746711953	2.30422838068942	1.54342718434694	-0.524933928592037	-0.793196895835114	1.23331131817337	1.84337152320135	1.12211801444899	0.143705443791216	0.0447630248433016	-0.0891363772733719	-0.53731184192333	-0.513832223007052	-1.23492718071581	-0.875677812162324	-1.11617070021847	0.914532276397558	-0.408540958134045	-0.118946254423698	-0.17418092724615	-0.247736884268076	1.1801089166904	0.0221362365369946	0.965163697204474	-0.209502743120384	-0.629141578951163	-1.50824587727353	-0.81966781272718	0.334532970760624	1.59994232564167	2.21483777250809	-0.543747089541988	-0.445210821970697	-0.323436700797078	-0.819993152533864	-0.117600308915107	-0.318114656478392
-0.281865008170535	0.327418643998846	-1.41157752346063	-1.97444091957013	-1.54830639014794	-0.595266840787122	-0.709680527839653	0.848606119723221	1.00870815049745	-0.0857576318887313	-0.316722379877574	-0.410761261225829	-0.913216148860437	1.00032629258995	0.801294129990824	1.10776930016055	-1.30340020888194	-0.426329247390347	-1.0497744330913	-0.251669179738235	0.38193206803201	0.127972230833043	1.00236431924122	-1.16030213605332	-0.789402655283921	-0.0253563317300619	0.0784090184860278	0.487961555018614	-1.23551602092524	0.975143203192747	-0.963090448463759	-0.0853008326779627	0.102384567102134	1.47481874406938	0.681395284098576	1.52476917941171	1.55297795679912	1.11319679511458	1.13629997090257	-1.00113774221555	-0.390566040463927	-1.81630505992056	-2.22166475788131	-1.5950288715652	-1.59589623227003	-2.32312496500122	-2.27900750127055	-2.1973502483864	-0.806034950017233	-0.120679901059174	-1.80403453013019	-0.862869721465115	-1.1905786371132	1.28258430083849	-0.930296854501764	-1.24694316686822	-0.202271759708983	-0.335009011603206	-0.435847354469851	0.285251708105255	-2.44131927761259	0.0317638877520431	-0.346665335410423	-1.25151352769884	-1.15291891745094	-1.95599925833876	-1.24960411412195	-2.19206115348375	-1.59194191077705	-2.08135066184783	1.89745635811433	1.07691419655457	-0.277525640790985	-1.75827153312645	0.620299014945479	0.0927033306756924	-0.0676336530403305	-0.256798196292304	-0.655570911953234	0.101969364541781	-2.04674173347678	-0.249321065057264	1.7746062335534	-1.33376013276853	0.936953652121034	1.4378349917676	-1.53403041100612	-2.49993483433961	-2.66220090649715	-2.13081947552642
0.013933825861356	0.213705533098893	-1.33810186547421	-1.67184897400885	-0.987614734263128	-0.900265436847592	-1.11283991814322	0.249167360822882	0.701609786375354	1.1382292541284	0.474310680748728	1.0441793191174	1.33981352986286	0.143467247266672	0.206090796454306	1.3298200030756	0.206558305645591	0.0488636245097658	0.0882192740504663	0.424962089699507	0.288823421716464	-0.491842929809273	0.00551362259964811	-0.371520470023051	-0.191121055137403	0.350352197877818	1.90307776158517	1.47592669188346	-0.558479685614918	1.61505849257748	0.786390194259286	1.4296021807068	-0.237758363567234	0.384245680004455	-0.0408585403254253	0.445197677424806	0.101885091820965	0.16530657875919	-0.203267361824676	-0.141487160814422	-0.798348621583824	0.456605945729518	1.6279487405515	0.464839549711824	0.819112278374758	0.295940074506904	-0.322224902086593	0.723272552296773	0.75731345932222	-0.151036819450803	-0.814011541418359	0.221967297839134	-0.658273859476378	0.672813010946185	0.23186571426883	-1.02316780098733	0.842810884714393	2.07722531856763	1.61382098424632	0.433110937830456	0.433944057391117	1.16900640472312	2.50556440562203	-0.290497658590685	-0.786247094215716	-0.0325558158006483	0.313617412837261	0.151475728991826	-1.3216377611378	1.95818757291382	2.53514071835598	1.78874221335669	-1.08423067386267	-0.130954143691965	1.16970911678413	0.213622474009929	0.377876049100266	-0.280721008195303	-0.740703484306872	-1.47757992413422	-0.763796704682766	2.10639782588232	-1.07564557799313	-0.464816812511397	-1.25580460832235	-1.62118641530114	-1.72632518183179	-1.66272573107912	0.900778161010805	1.08890900164677
0.437642300873513	0.492061798206149	0.487396084865087	0.803644162915859	0.550856821258443	0.974765148388522	0.865556687571923	0.571885584154786	0.15753114355735	-1.43797007413195	-0.848771607236362	0.0411954942579336	-1.34627655949731	1.5916755414605	2.59763410316905	1.95684694706832	1.49900005244406	2.23410135956677	1.26789168998949	-0.0750553693002066	-0.427730367328446	-0.60393060887383	-0.999078055330002	0.000762104341087365	-0.952293748669618	0.21898205673836	-0.645015873948937	1.50168060980686	0.660334787998278	2.23498896161456	0.997051075926552	0.640953457438109	-0.221205651067024	0.487236020663473	0.61800597620152	-0.557177994795347	-1.65875152540783	-0.027205720049913	0.0600433884996897	-0.647685860297259	1.08310875308537	1.36115048687419	-0.212136505443511	0.670999152781351	1.12922975566723	0.498989316701512	-1.07465761561919	-0.833539225407605	-1.1001488034636	1.46396516091686	0.287351348541257	0.479739709085368	-2.99828508382398	0.177967342199849	0.539834546657962	0.23722144794029	1.28693004263671	0.453481861714769	-0.43628592534724	0.243892695816719	-0.848363656048948	0.326956761529939	-0.0956474259780541	0.585464221650713	-0.476276597722071	-1.83165430371813	0.856023578413317	0.0192184697697649	-0.330084825363285	-1.01919432389767	0.293527551896517	0.425356364853268	0.116893895606073	0.948569306459231	-0.136961816329414	0.0851928411901302	0.169039777728735	1.49280765778499	1.88405510670247	2.40495080688	0.22621952525767	0.941751785224883	1.233226106616	0.758358514869315	0.287328790603502	0.834091958688659	-0.564508316177082	0.119374117627825	-0.607703977581065	0.367125674644086
-0.390210117199883	0.10461702040672	-0.890303177886354	-1.2545274949564	-1.22813798771644	-0.113537407450769	-1.14333214541333	-0.0691593424081261	0.422668213280198	1.03259813733768	0.114229577450178	-0.215925707601378	-1.02671088819247	-0.399971325217156	0.163408603540502	-1.14736171979002	0.33341888270718	0.970523004148845	0.761507035754739	-1.57701118022472	-1.10798135919555	-0.57285374194081	-0.522531572584312	-0.538769331745201	0.569660331901785	0.074326814599984	-0.581833987243324	-0.395600328520242	1.09303350940232	-0.148288137179641	0.316301578030501	-1.21636334290266	-1.23706222966493	-0.647824778555547	1.01010198652097	-1.46464308507515	-0.219241888515656	-0.00925810878721388	1.0628288104465	-1.02163627401379	1.34226148823262	-0.210005704127822	-1.51134823903009	-1.41206257294858	-0.548433535295394	0.127446547870383	0.712282594614184	2.0503556142669	1.23879961061668	-0.721171641291534	1.24452289937719	-0.821895256839148	0.80922005415341	0.389775196921489	-0.50994445806562	-0.309869672729341	0.162674008699079	-0.123073111144536	-0.606931870336037	-0.525015757696323	1.78596548218543	-0.738976928457736	-0.593391881781694	0.00655036011727188	1.05995967160014	0.808811450233754	0.107180873051984	0.117141146139295	1.66424928983617	0.779924468745535	-0.601001911069645	-0.500032628981331	0.300303740820457	-0.376018190288758	-0.14014259991712	-0.751617965328709	-0.791407932581451	-0.351417522330689	-0.185367412020155	0.344233921580925	0.750234381836514	1.13869222321514	-1.12729720061307	-0.801214818890664	-1.13481801499077	-0.598792382627698	0.559163613115704	0.261013894921527	2.00832276005106	0.880957619095653
0.0602087848082644	-0.861750322598572	-0.079928955745654	0.858732487324597	0.123237846357955	0.717107688556322	1.30868156973399	-0.294083659501036	0.0857994237762499	0.62105620615367	-0.280505190722911	0.339350640603462	0.0634914339434347	1.47298867419413	0.729560746447038	1.76735224475584	-0.029520594229636	-0.24395623575573	-0.685366692111914	-1.48592641772421	-0.956783693810437	-0.366945384182606	-0.145227577186285	-0.134718877027984	-0.407410444315022	-0.838234051515696	-0.514593921851243	-0.335086038774474	-0.181044414042654	-0.291405396705974	0.50669971813972	-0.456324150314187	-0.751349023254852	-0.787295454714635	0.0461742029986195	-1.88406890728492	-1.10035270759829	-0.621111830229531	-0.520372551261725	0.00860738625848782	0.103021271582576	2.16565785970915	1.07381561673727	0.429208195321892	0.878952817256679	1.00407486434734	-0.256791153968895	-0.567877291901411	-0.420191420938772	1.20071974895634	-0.524323687313555	0.909653558083922	0.0799294565273828	1.5501675965837	0.0657172509612823	-0.220186706417506	-0.577781866082223	-1.09044209621408	-0.64000120245421	-0.180438228857275	-0.906872755103474	0.255748819272968	0.691045415232469	0.13638775398189	0.705904604070613	0.353024645637131	-0.601447488864427	0.561473346272502	-0.0223689605589132	0.670838243761934	-1.38355027891617	-0.688639443308726	1.21487394600289	1.03837176105978	1.36563182958867	1.02498211885766	0.378363660168872	0.74290489913236	-0.165252862084498	0.431967154937368	-1.60252795903343	0.644843517421007	-0.755746121647132	-0.428687645312032	0.796322576286859	0.833197814271133	0.826339148491367	-2.3704642835784	0.484733019034495	0.469524449261992
-0.112144635568146	-1.08699508830284	-0.978953448822978	-0.547934926673622	-1.15763356523062	-0.456924859943355	-0.126543639959574	-0.0469333358847844	-0.680369222937633	1.41557572728503	1.21913361156169	0.830722949119673	0.587978787847271	-0.69514344477369	-1.4639109225221	-1.59641115278415	-0.517405269239045	-1.65243578763322	-0.13720810966639	-1.33155845834779	-0.795273704238703	-0.0287552392174005	0.40072620706205	-0.230018353086139	-0.215141416916728	-1.4981772190193	-1.95525995038153	-3.19242858650394	1.18014998053743	-0.127822910613281	-1.62824179741009	-1.06433799182111	0.249201564305005	1.31766739160813	-0.585215630021533	-1.3409472936675	0.0237524010481823	0.180619037998149	-0.36999300902519	0.662336443011962	0.776630343163463	0.371703618660253	0.548907357008103	-0.509694824029959	-0.696156082670227	-0.00154646075265405	-1.44332672836589	-0.656959534375224	-0.975585583576601	-0.73867541261794	0.420633642652063	0.359226955036463	-0.0195071763955665	0.177941537311695	-0.135685743856162	-0.934923141044923	0.0423257021676212	1.43731569658548	0.120504491200481	0.353031152246679	-2.7379475264648	-0.397217484997155	0.143620343241987	-0.121175322435855	1.8933210835922	0.362382415512707	1.28379560672669	1.08184467388696	0.913987877933217	-0.790665799974694	-1.20724115452449	-0.976071385193236	-0.587154578279021	0.108193321952274	0.730258885097743	1.98017486623016	1.9689200574383	1.14666936399788	0.0932471333568154	-0.314697188092664	0.373780424409706	1.05739506198023	1.33415396889544	-0.615154025079218	0.0627364485872412	-0.0616780705076774	0.198716397089999	-0.0584629762197983	-0.787011649499821	0.265343883704865
1.16515937411569	-0.0492711750881395	-1.1610052835426	-0.280538517020217	-0.0110790454419074	-1.29057726119536	0.32419884339802	0.636347888030751	-0.824614231310789	-1.86456952921908	-2.30881685246291	-1.46542197955846	-1.424423399861	-0.668932856449653	0.18504242102073	1.14834364764323	3.05729647189599	2.79709980743746	3.53652149230162	1.53533208414813	1.48902782599688	-0.389971373083174	-0.771484265969449	-0.823420765134236	-1.28595880664551	-0.640576170116722	0.229493777779398	1.25574135721043	-0.211068530092497	1.52180119761635	-0.0183177302110675	1.40121161852376	1.42732677901978	1.10388387687009	0.785280234093407	0.64781212879773	-0.984874505433421	-0.156939906266049	0.00098835761840318	-0.355120162225726	0.247915493063579	0.88873074552568	0.0517536610023192	0.52606191610816	-0.331039591185192	0.950093561048563	-0.578777659246154	-1.70699891911061	0.702899135141707	0.0403717300325788	1.18402613664813	1.02660563314462	0.499373122719019	0.255714426466102	-0.477829096428944	0.305028687119245	1.30412450193434	1.89881724678832	2.12331758979062	1.51497672673102	-0.593413286963311	0.789574715182507	1.06773192912731	0.268408226693888	0.285073643558395	0.646775919935398	2.14814772351566	0.886869419519712	1.11083377926323	0.966407939490604	1.06508324831135	1.82372263526677	2.42144650661173	0.0295678984891527	0.503296390038486	0.833735137374517	0.0509915630435301	0.570329039118027	-1.13052410981325	-0.616199127567548	-0.431923202807974	0.917552345144286	2.13330127266484	1.56476801668628	-1.05890136597926	-0.993067424271471	0.963380826813712	-0.656285049264022	-0.258517693329111	-0.805568188090701
-0.804512962912289	-0.216012973135779	2.09444081421425	1.88202128065843	1.75706872263091	1.47537466550233	-0.616353781650098	-0.0394513054396763	-1.55721517898506	-1.36382429033907	-0.684536896026501	-0.164573061769194	0.0436533598827868	-0.052369149611907	0.578381142587607	0.356960526397147	1.46748613764193	0.477173525844409	0.772607417378912	-0.0577093043480548	0.731440322160647	-0.668451103716821	0.23878088550819	0.611819450852226	-0.45439896045027	0.0750685981699073	1.03589335993065	1.32034956406834	1.32312622963713	1.98996923547221	-0.302847570840873	0.0813731562202391	0.962886804253285	0.415268621013613	-1.98719758337871	0.0802655796169619	0.349801097833746	0.596935233640206	-0.388728282803755	1.51393716650715	-0.272943128110933	-0.507506980438121	0.224088178769279	0.755610420017741	-0.969850328967307	0.829307898559303	-0.589262045042485	-0.213659546763343	0.747975425527845	0.224038847935807	-0.731551648649745	-0.50553662891915	-0.864835653941395	0.58706992657298	-0.204775752620398	-0.516438494836491	0.873634122321673	0.256078484542506	-1.3477701333049	-0.8887605161016	-0.731943810723457	-1.17843425883872	-0.45549456545891	0.779483175780445	-0.232043729488474	-1.19533021550921	-1.13484978967225	-0.310883314002884	-0.571368849201994	-0.874271061676847	0.918198329085964	0.575634558527148	-0.735692618241846	-0.153472172597633	0.51065457872437	2.40219026115718	1.41142152192257	-0.271515980817342	0.0043914636908408	-0.17158087380947	-0.608528329204905	1.5269028867048	-0.653372659653498	-0.986250500700836	0.66866914253521	-0.166220913442744	-0.813575192501233	-0.73954502267696	0.741700383785155	1.12809628100474
-0.294154102905483	0.0597666516055717	0.599189345867157	0.447673355984432	0.851225094626533	1.50602988306565	0.56107478665989	1.9659655935596	0.0642968310276343	0.148200831184018	1.25855869228992	1.30087183790081	0.775546912692815	1.10991496238302	1.2350896991192	1.42164382314738	-0.388231788307789	0.385920782846627	-0.757807072590766	-0.446504775983918	-1.15737679839031	-0.264432328429638	-0.249485130197325	0.086942941586896	0.0763289684417825	0.417932522479924	-0.945996157602809	1.03315173362806	0.160934561306929	-0.480426272931838	-0.331224564941926	-1.54697586294891	-0.396305761868195	-0.276626255974637	-0.624897106432433	0.652159313809813	1.03605388631309	1.81404079985948	1.36790340797062	-0.336572715766905	0.289601393135473	-0.440654086237937	0.321039488576593	-0.425391784647126	0.667282685706549	0.759764133973806	-1.64883961120941	-1.12653139745747	0.407287234866531	-0.763017130538425	0.0948441332919684	1.47054903384391	-0.98293172052083	3.38861422345126	3.19236163373887	1.55848630009976	0.242154330762906	0.588134695106126	1.27604837162698	1.25915279979604	-0.710712724960631	-1.19902167497676	-1.61272347086319	-0.578633276386429	0.590296444951275	-0.29104131500767	-0.53070715635082	-0.545708438859467	0.187357711250142	1.98346070575816	-0.772114565661681	-0.582661908793689	1.77281332391647	-1.12994233774379	2.39616887339006	-0.788532728280011	-1.24686242354619	-0.656061148126377	-0.737751046865649	-0.371250945905983	-0.434551275849858	0.132271272020238	0.34340850829208	1.53682828584222	1.19523763396582	0.853517675818351	0.820115430337217	0.0821214854277174	-0.313087523959314	0.0238187473809274
0.836457702212047	-0.0628465487538398	0.690766213610557	0.798457524756817	0.637011082987468	-0.430552364959249	0.078452077485342	-1.18362370129299	-0.931936949131513	-2.33908946537065	-0.892405587431428	-1.15702243022433	-0.725988144919019	-0.480443012786121	-0.682940269780886	-1.29795890380111	0.152179883475312	0.0373431383333924	0.146397309151483	-0.494982531429081	1.81312182367531	0.838977100615015	0.784362408568033	-0.278910024806968	-0.941208265300891	-0.874334443918947	-0.0174439233653121	-1.68857018375275	0.753618277192109	-0.0331695896800784	-1.67950410587349	0.492132430017449	1.90058187215855	1.0576070432968	-1.04113641115022	0.512735071398855	-0.129002879271581	-0.934687956713119	0.243807338977873	0.987061017900885	1.24416701326622	0.884741297022757	0.980730416912174	1.41752524118711	0.318969438222588	0.665443603989618	-0.0762387948227705	-2.09756321033355	-1.17332091778743	-1.17829351087964	1.41653616907796	-0.751743068509263	1.43256609970905	-0.444986685143912	0.156821962787012	0.525993020250969	-0.458154517128492	-1.10459711509161	2.30882183182929	1.27621828820038	-1.41848521137043	-2.12329303958075	-1.00537582747135	-0.519382789655591	2.4165750346386	1.52031833007561	-0.557598242070836	0.652119496544214	2.10248344147014	2.5629824387357	-1.40241747084982	-0.95804521285401	1.32215928575286	0.606897907770564	-0.84638904225562	-1.3095379103259	-2.09989612232033	-2.43636748265615	-2.44371247794487	-1.63481120687486	1.3985555517515	1.29111096839222	0.719393693598661	-0.216395181788071	0.356496328541307	0.203970030715115	-0.638335849017501	0.377547176802989	-0.603783724381686	-0.0812942395597054
-0.430371268044475	0.47614450735908	-0.580520400486342	0.466863365077512	-0.844881950187059	-0.0796742415275434	-0.148782851606177	-0.0797907175634551	-0.596857783299756	-0.417049532559648	0.370224661024183	0.57313262470578	0.366494257087652	0.0439303436232013	-0.433144638474034	0.364015481592106	1.09706523620978	0.95002019367558	2.23445334904692	1.64679041328396	1.47227200681201	1.18926148153937	1.57995722593369	1.26705946852725	1.14955197951077	0.903349184443473	0.816638954547697	1.03497365235887	0.115362131228745	-0.277589067245807	0.438443841733664	-0.431473871094831	-0.554733985119906	-0.272056620121438	-0.13780487181505	-0.390978038351338	-0.655177929140338	-0.330064429708157	0.8970721670694	1.1744487820718	-0.259682749886067	1.95353744977517	0.583771363696775	0.515957810539211	0.761505455431938	0.221218415401829	-0.232493415140321	0.0183062078291629	0.942893842287439	-0.146981235892099	0.879827048258248	1.01047104408032	-0.756483985933408	1.16506935571871	1.41705725879577	1.19011904008756	1.03810084970865	1.26619696470731	-0.265984716829863	-0.429716166434005	-0.0675947737737855	0.150183735081258	0.901330634551769	0.0859426463936801	0.633334579342755	0.329971787422419	0.827343982253195	0.85381120938984	0.48201900392728	0.452859020783157	-0.632388033005944	-0.097739379834228	-0.534144563345073	-0.320537634173474	-0.0289027636627871	-0.845730418703665	0.178350728431488	1.42187391079851	1.29089599889204	0.19296841661604	-1.30483950350352	1.47922468716491	-0.262363586922989	0.140820673905752	1.49554081340266	1.00932857619014	0.683982070181589	-1.94880965914081	0.559545794291533	0.10405684036288
-0.572507925860166	-1.50328894010641	-1.5391075474953	-1.77225251857601	-1.13260161868632	-1.78836574888521	0.575989463630484	-0.161342257805419	-0.742806430383685	0.0353713689511746	1.58867760083456	1.20600115793602	1.18130364537547	0.805944648636356	1.45471758666485	0.246023179345021	-0.812332198498671	-0.510151867597139	-1.63791478718013	-1.48068279977906	-1.54474087227424	-0.420876303449287	-0.834334737479013	-0.629954190905011	-1.37288606259682	-0.794091002474561	-0.478810995517486	-0.00381636503007026	0.168197700448648	1.05790804858176	0.363365185395537	-0.693944956952911	-2.17160760538457	-1.31902992900589	-1.71546415500288	-0.958648988948746	-0.328525661960429	-0.825185095995193	-0.636420526069062	-0.568651505475151	0.0509429894196419	0.217989582497344	-0.195550878283921	-1.24275241272317	-0.595091646614665	-0.443028466106761	2.28754958557108	2.27395964902822	2.35302969280104	-0.210330763684887	-0.0810132615692969	-0.123404170179377	1.34616555314837	-0.25588340215252	0.120554624463131	-0.679865006920079	0.886260071443014	1.19811230260406	-0.608267909550879	-0.316700721239868	2.35488346892785	-0.165526554400017	-0.184135699196062	-0.880169678565957	0.324403933971144	1.61380879214784	-0.162906467310861	-0.0451093336049137	-0.04553897403681	-1.30222636926011	-0.393537390757296	-1.13615016242698	-0.43648015120469	-0.433597549838927	-0.0966292702085599	-2.6828273089791	-2.72958887713308	-0.817189328669388	-0.838016742050281	-0.0971382318459919	-0.231001120103373	0.66735283633684	-1.01049361065688	-0.7211737504601	0.394581972462243	0.636894922107922	-0.75110843696941	-0.542800884406159	0.288913877233249	-0.556176830392557
0.739697938250991	-1.28661551666901	1.02219357216367	1.51603164119648	0.520244244306195	0.200337439871212	1.3998977991269	-1.3604420910364	-0.152097557414578	0.55674188344183	-0.000920421934242466	-0.263755599021118	-0.0149892620804696	0.71230077513364	-0.188383341431712	-0.816291517718146	0.343064151178841	0.0478857169846431	0.745632403582194	-1.74796634766229	2.05305262087864	3.35396584479224	2.86101362607181	0.60657009085205	-0.353429089397751	-1.16535244598666	-0.582294330641434	-2.54319922831155	0.350200191928761	-1.70504847287303	-0.861937400487136	-0.216176104945868	0.326461683359634	1.58866369078441	-0.471190618404567	-0.542157680387398	0.0448728510746372	-0.420390175431741	0.150522638079174	0.951286019393082	2.48150528793745	1.04832859496787	0.0846140764264042	-0.248095000840126	0.255654116050009	-1.30108515973539	-0.869396855313778	-1.0492281898117	0.208332244416661	-0.745525298311264	2.07269231730948	-0.323641229561428	0.89334333541887	0.11307018172642	-0.084653196532374	-0.519653873995557	1.21143914507882	0.708223769159304	1.9630415848834	1.16104533957845	1.19450930793186	-1.16240741836881	-0.560213564762132	0.024657314622041	0.895161043984209	0.707507958512056	1.63987480424022	1.18801403046582	2.51918170325727	1.40150922539371	0.880926487800568	0.487376588444633	-0.83556617787323	1.26787450402291	0.326723629678038	-1.00314904262578	-0.565792179701135	-0.725509522884876	-0.950698442670393	-1.81824340015174	-0.605587130049067	0.537012185551616	0.299018615353977	-1.12349825760528	0.349283351076918	-0.294404024835185	-0.470336892709383	-0.75649999085803	-1.35151922010299	-2.0818578816279
1.37943967704633	0.928876287536288	-0.432681553844855	-0.117264069126498	0.295137512867047	-1.30706995905696	0.676482103226922	0.655491969588386	1.32264187948473	0.7387232912245	-0.0261083173110217	-0.988037869253319	-1.48622723623456	-1.4261062931189	-1.01877614389093	1.30226296072031	-0.324248479718929	-0.849501574581104	0.134191922561497	1.41346836181473	-2.15100113172683	-0.338995155551479	-0.580499447935066	-1.09013817386438	-0.448625698804001	-0.157034030673617	-1.31858068217975	-0.0284671948937995	-0.794143782765434	-1.29722509880486	-0.52197089789496	-1.1622704434617	-0.410015117061044	-0.801435830989479	0.628802140972634	-1.39154300590717	-0.331483051764316	-1.19956047110922	-0.198366903798944	-0.233291931804913	-0.578005424423279	0.37088678953548	0.144447523182535	0.801448428233113	0.922632246753965	-0.227619707224743	0.357932479469201	1.87192767267311	-0.326919424514245	-1.14965661120091	-1.02139916759332	0.356811123560653	-0.799767396688509	2.37882710131595	1.28658229476034	0.50595356225213	0.406788748978134	0.854620575902658	-0.377028813123999	-0.4407509442167	1.47363972377085	-0.603791976258608	-0.0622614876328478	-0.225629795475559	-0.0109849010838284	-1.12345559160298	0.0426075988560611	0.106910938466977	-0.993202450117346	0.630720819000452	1.28496063630808	0.911858446554855	-0.484862233788086	0.126698737567882	2.21998668312713	0.456971236849404	-0.923192184848849	-0.30273829841781	-2.05451913329754	-1.72533970021202	-0.255680260030595	0.574655881838636	-1.16695989252542	0.46061793421766	0.0355942735601004	-0.843725930844344	0.320685919720447	0.000903999847004796	-0.288022209555377	0.464516355255172
0.206594861843353	-0.139018106492123	0.636781570857058	0.516843863333454	0.69724055403768	0.437210366703224	1.2456551815375	1.16304949814195	2.50131976965521	1.96539818605508	0.28671853990464	0.684633964007708	0.261520336444046	0.832688966796589	0.250935472572281	0.50637383041552	-0.444667196683701	-0.126123242463629	-0.152560166816939	0.299532527911925	0.811526738695893	1.40160573184383	1.37983643812242	1.07475275503442	0.824843142790872	0.614287708617106	-0.0595259083498516	-0.314369954676959	0.996896025510405	-0.0932666098153294	0.412508926639557	-0.559885640244668	0.276907279192528	0.276790298334998	1.87953385064814	0.0960423236289976	-0.352750737847001	1.44716159739504	0.605696567577745	1.81818934561086	1.48149124339534	1.57853098154142	0.272723493546896	0.787281538244437	0.250726340386224	-0.703506362416657	0.537149769621289	-1.65934805828806	-0.914824032040945	-0.184585769282448	0.511893454142458	0.431324603670059	0.0456756855485766	-0.923376068579399	-0.484215130338785	0.201079061834864	1.12626508040839	0.975984009023706	-1.8793087067027	-1.41716648526494	-1.49510514181445	0.511632862245648	0.15527554564659	0.0981681909244085	-1.50261423761402	-0.29152739021322	1.00602481535374	0.611351310082789	-0.240295378368147	-1.5172883918113	-1.45802099131377	-1.70470225672348	0.0800680554500753	0.487194670262386	-1.13592023672554	-0.508188243593567	0.18047414951722	0.210923014558324	1.3419156313371	0.183303714654601	0.0856851186590122	-0.577016361245899	-1.01120851225645	0.240052037422822	0.531239491024907	-0.148260681648614	-0.918115758899578	1.1057672017363	-1.70130985910257	-1.40450297576804
0.993609842197782	0.778162324453423	-1.3232562301829	-1.41301307988539	-0.833422289542613	-1.57743562044412	1.39187256867883	-1.34630008086371	-0.547908902101824	0.36073467113078	-1.26599597283553	-1.10504659492965	-0.141458577001566	-1.59979857462481	0.571781255412179	1.24491473179991	-0.848909748388719	-0.813727436274541	-1.00081567318552	0.205643574435602	-0.671318004638156	0.640625113863028	0.449617200830616	0.419751608632415	0.819968396133256	0.92864662386548	0.434042122460331	0.629437685021374	-0.285760279047952	0.524285016818756	0.0471698743130967	0.30394752187575	0.804016643523343	1.40990402999978	0.610219167740003	-0.533518154703901	-1.5237521850187	-0.627615716504211	-1.94677127841059	-0.510480689502724	0.368677810835028	-1.51127182442536	-1.10729796775671	-1.5193799791285	-0.750859163572219	0.863777608601338	-0.761073717937215	1.69570860371745	0.112786708741892	1.13481246132344	2.57089531287551	0.380756826027039	0.857792476924342	-0.00851485069991034	0.767801289550746	1.17995739983157	0.124666856503814	0.0179693733010201	-0.765912876912624	0.454657979133728	-0.399605410672015	-0.124542921640045	0.293296959611758	0.219756058944759	2.48946214852558	2.35917566033401	0.272175025692197	2.47710913272468	2.76789196257308	-0.156418739046461	-1.4548579263939	-1.22261777654197	0.965237404239291	0.719142925598673	-0.678687872734275	1.70337387945724	0.217539236684547	-0.587233555256667	-1.63149695489355	-1.17184076897006	-1.0745421325956	0.927916189927217	-0.488672036855284	0.543470414656577	2.06462398548789	1.12157499105362	0.881641869455839	-0.971887819246277	-0.0818647038341568	1.51385184449645
-0.658502610083824	-0.36431939236881	0.172311592769131	0.0985299761918786	0.338343517003925	0.922986179036437	-0.70433358211007	0.687718588586792	-0.340693209043178	-0.771054491539964	-1.07722029908165	-1.37499598243143	-1.57798369964998	-1.44176051543055	-0.706487029035266	-1.29924873914451	-1.47829599649727	-1.44664551189059	-1.49365940695376	-1.8956093490498	-0.36607031709261	-1.6232060348679	-0.788262982569964	-0.989684227831925	0.370399921167831	0.206145602713771	1.76105450015372	-0.340349314564584	-0.622433835747679	-0.29516879676737	-0.66075743336139	0.963769724090031	1.05342449682156	0.864217917727456	-0.236963678322174	1.42129363564512	-0.341082565402057	-0.201143407467978	-0.373684186347423	-0.601727313611817	-1.64930927232098	-0.290536275116061	-0.0391227151089321	-0.0883728545910567	-0.017942619409136	0.900238569746731	-1.90637377366515	-0.980880067806809	0.345826971763119	-0.796238116931774	1.99016058601378	1.08505020458027	1.14565768517199	0.174747168314782	0.0499009085692783	1.37649217359456	-0.293418881400664	-2.10541806064762	-1.85284461600609	-1.54311966640256	-0.515035630515796	-0.253096397671321	-0.984508351989014	-0.0587039209280452	-1.19916707943095	0.251070272464789	1.05010039722524	0.850981104921832	1.95464074323437	-0.67928218385363	-0.0922165734852494	0.672981258241434	0.829096767840719	1.5161844368103	-0.321233518627385	1.16932751287726	0.41551333128367	0.60565934811547	-0.840139952151065	-0.857268496113299	-1.65259669324661	-1.73674361180392	-0.618977612475444	1.54663622556911	-0.778269677419816	-1.20815744734025	1.16308947922396	-0.524763685533963	-1.78886099636929	-0.237571885915366
-0.503243206068831	0.235958623916769	-0.282933686430597	-0.297743975702129	-1.40502336048911	-0.394743358490307	-1.49287435766825	-1.71651463523199	-0.651928405525356	-0.4783996227174	0.465109520077787	0.630417579296671	1.10273554214015	1.87902970436363	-0.32189811622677	-0.333524992337425	0.40032989446021	1.28976286213154	1.69225685303272	1.79380992898475	-0.686346165280818	0.206222891321484	-0.999819124926155	-1.03931792060785	-0.734438225146593	-0.777789494142912	-1.62729049598529	0.155084757433474	0.51471629483776	-1.85106773554941	-0.698941691473166	-0.631650600411861	-1.43303098436974	-0.806541799492014	0.643617479128812	0.523011334814761	0.55463168945228	-0.397371988953834	1.01696100673142	1.97802453005281	1.75851495868848	0.319452805152871	-0.436141091192272	-0.889692603740802	-0.819949534078723	0.263628616743581	-1.38419844999581	0.164960229187846	1.32524811714486	1.38588681974909	-0.042439443158334	-0.796347652881569	0.607868451021751	1.23560993445991	-0.497606071859684	-1.17330782864896	-0.914986510214385	-1.43957934845333	-0.532371095621832	-1.44632322960164	-1.73156791364925	0.440225694004319	-0.199930197174356	-0.558947356740543	-1.03473011953164	0.0191806944939216	-0.21723544643868	-0.71849808354928	0.0327947605850275	0.245148144505631	-0.88052674032904	-1.0826704782589	-0.853988654237619	-0.346421142789593	1.53392245342972	-2.12106921293571	-1.43797812732506	-0.392620425230734	-0.126648833985608	0.264091361139127	-0.172165567501452	-0.976143436242485	-1.92904547258882	-0.319254137389183	1.13182553159118	1.68752768334905	0.997628185169042	-0.213298714116808	0.288617825452308	1.32762071813874
-0.839319886747663	0.246288373919256	-0.683977733223119	-0.195696432414224	-0.364522376871927	0.797608391605767	1.10819840204631	0.95217073129931	-0.512544497486882	0.529698640035615	-1.64800848611856	-1.52237405564932	-1.08429440421402	0.509263061109993	1.84365187686101	0.361807062084808	-1.58521263469071	0.0506428283780207	-1.29530033088116	-1.67594771834017	0.457505445062667	-0.326200001480413	-0.283875139063965	0.731572484211038	-0.524307862634628	0.277826549640508	0.214438006910607	0.99934652068525	0.211192428267215	0.574207880998928	0.425847909825164	0.166398707693836	0.581013186114031	-0.367725702037415	0.341811289759213	0.226770599075157	-0.564456778937981	0.589195528763842	-0.765380405921686	-1.01159982280352	-0.88074648088876	-1.02509161486277	-0.438463980462749	-0.700408731792936	0.225335434806315	-0.0967559777742357	-1.22847502681163	-1.50350722047559	-1.26418160064397	1.6524595490586	-1.30899486500663	0.799502506165472	-0.177471452546465	1.95435125666886	1.27255736080217	0.254366949499946	1.06958612500723	1.00611815447195	0.868150888120601	0.915768235294137	-1.17906731213276	1.62348479270797	1.01879421807382	0.0204692672112818	-0.969695309152589	-1.28235199447799	-0.802343202152019	-1.73963038654694	-1.05571612814178	0.497283793257517	-0.18340755870109	-0.735364762598621	-0.242359627362037	-1.06899626824638	2.59001076818439	-0.514458125522048	-0.806198859266749	-1.86895007716933	-1.48739922489636	-0.643694595680287	1.13436987279462	1.00653465488841	0.808484905935597	1.383430888798	-0.24469755472629	0.299959191008586	-0.499090930562472	1.44997003638173	-1.19714810484304	-0.470652140958833
-0.169700810338617	0.211142671801558	0.881962816068167	0.536331612980971	0.898232212799889	-0.0741246055098158	-1.16896516095744	-0.956540299637844	-1.39045375599923	-0.478877770846216	-0.375134213785043	-1.1893851855367	-0.406993819991131	-0.729828277065146	0.240271819342496	-0.518196768531054	-0.956635008183399	-0.944591856277274	-1.56194751958405	-0.549596040736043	-0.821511943484775	-0.902998328330251	-0.644173783779562	1.21098831719768	1.04167235094567	1.74666715895115	0.911302498891065	1.11972110780161	1.68869939058729	1.53701239436665	1.37635392577503	0.670049421144736	0.697635999430559	-0.648467749829442	-0.407172035197875	-0.446240292249907	0.516895205710918	-0.513323455442829	-0.444152341043696	0.287201638514619	-0.875258418268336	-0.768793947334295	0.26860157830432	0.625753203659657	0.606855304256033	1.95471973860948	0.400013646926876	0.90979572248709	1.42624860789719	0.881808052998343	-0.0201455452038755	0.655336880404646	1.35616519739356	1.63888159807859	0.291854832048968	1.27689446519874	-0.637532841505046	-0.647621643061062	-1.24746782175473	-1.35268866964768	-0.443152141070464	0.288388910132217	0.464799404547113	-0.284426039341095	-0.148228226215529	0.841483954200974	-0.975145265843	0.245750684549199	-0.156932076166642	-1.46834698639171	0.680010011850828	1.52656250561281	0.919681606966125	-0.0200888688508643	0.951543669816433	0.648630566966784	1.12814724837882	1.93042664549567	0.573436010111017	-0.0853292911061881	-0.248419922960079	-0.463790250724744	0.105872794996146	0.466349484107928	1.03665897828931	0.778844804536253	1.19289247816216	-0.332857466163755	1.7777268003064	1.72498806797141
-0.532968103777816	-0.0947630717359812	0.0936394019877824	0.172250605160691	0.186955231260733	-1.10110072721454	-0.590472712063657	-0.169221035753423	0.971362340351599	0.0842852956969898	1.61619389894168	1.75953352814029	1.3492633453654	0.882742172512575	1.8440266621941	1.18844224110243	0.36343045345518	0.714233954660774	1.0430297818545	1.21550091176751	1.25373124034043	0.894598733443524	0.856370807819637	0.958227571065824	-0.294480296744052	-0.745962695706616	-0.81557860514496	0.25741924080026	1.33962229954141	0.98320065452686	1.52769041904812	-0.891155580912552	-0.617452160884645	-0.20637949145561	0.844678240608049	-0.436872832143609	0.0395444042882753	-0.0116419706314679	1.37100580699991	0.04917456578538	0.444678586447431	1.00984921943412	0.367079500128054	0.451965548163728	0.14066444636895	0.809246112181435	-0.530823909666864	0.817949202422381	-0.0119565066175972	-1.41586823391965	-1.48834858543487	0.734921835329467	-1.29318197449267	1.23100392743913	1.85549244277111	1.43650468003123	0.943230452501365	1.6825121255294	-1.55263856501053	-1.55382274807785	-1.24391745337641	0.697392041092809	0.326913396171125	2.31476327906436	-2.88987074539207	-1.34623414092183	0.417217871204405	-0.678441999456858	-2.46320047408764	-1.2003448044809	0.262311516877882	0.29128994094425	0.0384174026638753	-2.31620072010237	1.11684427948732	0.6952929908575	-0.205365250679578	-1.52765518240733	-1.84128041869689	-0.548143550103278	0.0638524118402047	0.710331280644728	-0.576247607116615	0.920679126209088	-1.05369035670686	-0.331792788048978	-0.353812262322857	-0.0891467472699698	-0.0640232292282782	1.25581573995719
-0.786443486518624	0.439303074275324	1.45094369108898	1.39352573200383	0.872834457037633	0.711831237064142	0.672896027041741	-0.826832306797978	0.95282192295081	0.833228250995252	1.56305439363387	1.73398838727608	1.70033691874136	1.77367029264897	1.63598879193575	0.291930507713816	0.640304381317044	1.13176508263373	-1.1277727941087	0.668860797476519	-0.218535784487295	-1.61686227799628	-1.5758697528338	0.731930660583621	-0.625300755094224	0.776707335923825	1.25098947763403	0.883873864003474	-0.892068213059244	2.02103644605856	-1.28998114806025	1.58292537257168	0.242906993285617	0.267575390387187	0.266795226983674	1.44104710381658	-0.82023354795397	-0.630447919693207	-1.05402721264903	-0.683577171800676	-1.84925444184594	-0.775058364150734	-0.275958587142262	-0.0757511046969027	-0.807208134541314	0.506207778365359	-0.37660095066143	-0.203594840548903	-0.643995638409712	1.61554828675773	-2.42594242187208	-0.391914516036427	0.0129532660085267	-1.682250760239	-1.32836948231837	0.0098984374587829	-0.24947167701461	0.162364342767842	-1.0415649797334	-2.16241804471496	-0.421158167274737	1.82148327398811	1.50158690579256	-0.011925831194516	1.78314418531785	-0.10123030529407	-0.628771125294414	-2.47337131168451	-1.66394211987411	-0.230808164767804	0.592695134224155	0.801122256614261	-0.435716703117399	-0.812028421889225	-1.15899934269513	0.973512070667637	1.20460117697789	1.18715476275492	0.280105964488628	1.0615162743255	1.30974463613073	-0.0666077957706984	-1.41264823667573	0.000506086148411528	0.545923406184344	1.61628496638636	0.335738823644015	0.711002941243922	-0.51374895253881	0.459167800942985
-2.28564675815416	0.158906275934735	-0.658171804449875	-0.612170377599386	-0.134117761383233	-1.00097710826495	0.124414522232706	0.322599020149262	0.800593523416981	0.182537124266271	-0.379269545492869	-0.397989835207674	-0.831468531500622	-0.179833544326898	0.0578463170654886	0.658829825371389	0.693338225103278	0.737577487883102	1.1137589807574	-0.396484015199912	0.109470063903532	-0.299401427263233	0.396547666262375	0.65899687996523	-0.726317380573566	-0.949642522731502	-0.881043091644422	0.000434485919150136	-0.104739174314374	-0.650852627718264	-1.06703485295293	-1.25675441515032	0.536155437345846	-0.823441878877225	0.0851857880097049	-0.912568331458088	-0.280024092512561	-0.735240607066425	-1.16733511745816	-0.279730029389107	-1.58487178196853	-1.17423249148941	-0.109307357950915	-0.700323471410941	-0.444122696634548	-0.875509227529593	-0.00555327793479319	-0.657758863462726	-0.819324804666719	-0.952318596513257	-1.87885510032894	0.80564600327653	1.14137605938574	-1.78148562620474	-0.794313230915763	0.842193726958722	-0.213731199194271	0.300216063083151	0.578190482865218	0.385443639151906	-1.25329621945156	-0.890221054781315	-0.812179192575482	-0.373402282035886	0.0965231268210761	-0.643857167545003	-1.02216297976136	-1.13983244399321	-1.1070244443042	0.685734938622014	1.39357699682145	2.0440067025579	0.318714746703957	-1.11653640695033	-1.52865585535386	-0.0987791763862103	0.725824578095361	0.842236544516596	0.8699106189547	-0.0328116435437084	0.543546560974416	-0.0965291104770036	0.295687700066401	0.01699320690865	-1.41240772466812	-1.36958464319021	0.448460130224099	0.633523134139536	-0.218468177194382	-0.973999651108331
-0.964465881405169	-1.21314531598018	1.42163257702898	0.638244185083342	0.673143059321637	1.08212250350314	0.853697451205187	-0.784524628744905	1.36362819541239	1.52002966209372	-0.153725210680511	-0.334504507592901	0.359689294575293	-1.36013557345675	-0.36645004841882	-1.07333512324053	0.515917496491894	0.257831941565127	-0.152247607209262	0.359628477822356	-0.027013061462689	-1.03716101500784	-1.51186787387823	-1.27055987421743	-0.448408795530468	-0.638206183564863	0.377687626711113	-0.250231421551966	-0.101408385223979	-0.206125281494983	-0.872718682238182	1.21592823170748	-0.310077708152434	0.808741585395103	1.49381857844467	0.942300422610733	0.101180371980968	1.25984963471489	1.70403923927582	0.941444045402579	0.513847023992124	0.907410595192162	0.142019155040953	-0.596224677905191	-1.28837193623169	0.591742896783544	0.0993320938190302	1.22495794955385	0.676754642501865	-0.0807959791628528	-1.06849107353498	1.46179487096668	-0.528793731692327	-0.0225481663736165	0.531442591181832	2.27239978351303	-0.795322361586778	-0.131803164588592	0.963850071720972	0.139357385859136	0.288167856621326	-0.633314853744474	0.398363598416917	0.483843859964232	0.448796598574003	-0.733098894632559	0.519505846046327	-0.357865682367707	-0.980197362472176	0.958487188964719	1.25268541383282	2.1126463812195	0.524273402101429	1.03455550259712	-1.52748846142647	0.212577663014055	-0.629277139874985	1.08839706657914	0.565780661058145	0.209885596035593	0.998071748433266	-0.974957714752776	1.28205997999801	0.365757142561359	0.233629849241185	-0.925227693435407	1.1442254032862	1.12374923439946	-0.187104586502577	-0.154195406794384
-0.871207683555473	0.93856190303148	-0.925079208519224	-0.272772478133165	-0.400173356731179	-0.433621250931203	0.671645550926026	-0.000214182861297862	-1.0767907261366	0.420881677243205	0.570878146158979	1.46600827143211	1.93366117045515	1.72644552810982	1.63550304008137	2.2566099893069	0.0390626203771944	0.615369806445117	-0.25836221094172	-0.12741026854959	0.527189971797559	-0.503988999237648	-0.177339236465681	1.02394435622213	-0.0356055897149812	0.361520940232898	0.25587824116334	1.06737363030432	0.383658133781336	0.184996713861252	0.926697008440398	-0.389296402379218	0.855927655226894	-0.928064174549248	-0.573412352939395	0.0511864451599817	0.329950422039955	0.579168296860479	0.916648453038352	0.495247162257326	-0.859893486705278	0.378651299857294	0.938725938964377	0.799585542116412	0.704415438743785	-1.27629099775273	2.07387016380599	0.883888223364237	1.26646937546341	0.130046006450679	1.06295194594417	-1.03571760354688	0.244980689464777	-1.11806299101061	-0.0487965754374914	-0.026418513491865	-0.158867951719529	0.886824849676447	-1.28607461942045	-2.12407071092833	0.819462556509844	0.554544638744694	0.910672217355181	0.583722210044401	-0.716513436641068	0.174271043455896	0.648112700110302	1.5304499694005	0.64496083516953	-0.857842301202851	0.930780083279146	0.112413416289272	0.186382962590282	1.42412807192283	-2.0273638326091	-0.403266240977838	-1.09327027239144	-1.16501674204541	-0.663832191234911	-0.0634088564059515	1.2642946202924	0.95644410184008	-2.14077881816092	-0.594262395254772	0.351369359143581	0.199494905021642	-0.565281016452482	1.15154599444986	-0.530515345291257	-1.46178657182829
0.340594179736664	-0.187938938769821	2.007402324189	0.980384915608403	1.532254285159	2.05335644835116	0.424980931800725	0.570536829927751	-1.07976455162378	0.102813531756386	0.640188959661474	0.712118730626198	1.04929265204929	0.754446492366743	0.242639353729525	-0.859098491353313	-0.310326445831116	0.346977078583017	-0.0865477598564686	-1.4176275861697	-0.693799065269858	-0.435099708740069	-0.89094281457247	-1.65173314863965	-0.689626749572381	0.0172674350037014	0.60458635723191	-0.132551843476224	-1.29637742148596	0.967378467375713	-0.588292691809801	2.09729763011153	0.158122588391615	1.52394958438606	-0.492223238423552	0.558905528759725	0.720865062575942	1.23598181814449	0.812131045115591	-0.673002234799191	-0.340296496248929	-1.04841720660492	-1.05238038170315	-0.292862149720391	-1.05857764222105	0.0827237776545815	2.08054990541121	1.30215679796909	0.671856076621973	-0.0977724016286964	-0.27762133010587	-0.791852194912082	-1.0011472280621	0.533016565652959	0.00971559151429217	0.20591176383271	1.05629301756836	-0.0971840118933387	-0.67165634417721	0.43862354127454	1.16381037084243	1.73197798668662	0.717183653624919	1.40418995983747	-0.453890407580925	-1.18389442414689	-0.5787313796743	0.178178557741724	-0.303213981870974	-0.437797047363789	-0.495628835221503	-0.204930229496953	-0.00527967106775255	-0.00669681163824488	1.5042024341092	-0.312630520536206	0.470073542509865	1.35648108980532	0.312206679313206	0.406496230334911	-1.18344088675528	0.847032400619374	-0.0462136214235998	-0.0958399957359648	-0.400806193399907	0.435528992946823	0.965813177271792	-0.949697076929085	1.88296573436801	0.0664879879932188
-1.34883353809418	-2.32673654897146	-0.425266086432329	0.0206074359647884	-0.396988660704306	-1.29187777187892	-1.12021275389181	-1.52621772203652	-1.53753029597244	-1.45950824902114	-0.583299675579203	-0.402768186387243	0.0394538092273392	-0.970015509761296	-1.59929865435107	0.48462217165116	0.57962330804775	-0.844049424502265	0.502911832849125	-0.407202489372278	1.03996898590313	0.393147809691147	0.979304707610297	-1.54097953601352	0.528071696823764	-0.593877596654177	-0.241210120699308	0.0304019197990041	-0.626243044184561	-1.62385648038968	0.137486474763611	-0.0367741913234902	-0.457266654020853	0.260994016357604	-2.39260775664378	-1.01786188945543	-0.298569149219983	-1.53667386475132	-1.39139463977464	0.545015843740516	0.150024546453224	-0.0987808110083115	0.121057093685106	-1.15359408443346	-0.0271567841809217	-0.0993908204926554	-1.4149422978978	-3.15019433541523	-1.83716878964788	-0.0213536623892988	-0.283807074808525	0.768734104436182	2.14264641396422	0.967171609228177	-0.0105946799761567	0.112172030993938	-0.857842744246781	-0.324460213077653	0.216271849835299	-1.38969445755473	-2.30090257581984	0.111909108727312	-0.899645521236097	-0.816584571051568	-0.609293194951645	0.655195220891954	-0.96379946527519	0.220056318923934	-0.0240548788293518	-0.319948061384466	-0.934235213470235	0.191224059298589	1.26265777309723	0.353113717012951	1.43152530108309	-0.726023401927033	-0.19226934458493	2.10622912090706	1.25488890696252	1.37721715395393	-0.925698212592497	-1.23476664144512	0.201221542299185	-0.924685258477862	0.934509786163208	1.30244429933012	0.373228813702577	-0.452136427131433	-3.32019501731666	-2.42184573108015
-0.476149222325877	1.38115268847651	-0.107403637761443	-0.397713098898047	-0.988004439555511	0.254012397132463	-1.00638407360759	-0.673424988871669	0.222563851408071	-1.00471936528367	-0.897800667768486	-0.986087970272383	-0.552861719707578	0.774094842635726	-0.57000770872685	-0.188567768271414	-1.47287217741332	-0.175066313512603	-0.272919759939666	0.989601993381139	0.364858561663151	0.749986809081852	0.842357021903689	0.494087048635174	1.14786247670386	0.204210007195667	0.832949430433483	-0.355982738680182	0.78071288810766	-1.38460437867272	1.00141790195783	0.328061015865014	-0.771208782789777	-0.275208494299353	1.12121380847627	1.66808976716041	2.48857750462705	1.11601286359464	1.56065024178342	-0.906284894393067	0.655614492951058	-1.53279950160827	-0.501797528298428	-0.947406871702105	1.04940772847078	-0.986424546618101	0.422421295496347	0.112119302176512	-0.00199037883471591	0.392896161923777	-0.0185184370411195	0.166204321577494	0.99880668430601	-0.0853947414409809	-1.43006259725962	-2.14323674262946	-0.580363945105991	0.767035228023045	1.79832223683985	1.38227200477255	1.47726548619878	-0.52886631514057	-1.12414672992799	-1.28122823303572	-0.802626389810735	-0.0643092719665129	0.765659595782214	0.0448261354323804	-0.0109931813216225	1.2728541112546	1.13449492222742	0.277527797132506	-1.24740700456597	-0.477168760467159	0.883564459158832	0.892034833548246	0.772399529006667	-0.11665085305798	-0.675817787559655	-0.599095686443454	0.633551163589285	-1.41514450886003	0.887823274615383	-0.146765804132489	-0.0335298048615637	0.0816851498960307	-0.860668482166695	1.19540683025332	-0.298378960570889	-1.00681925973326
0.063060829479684	-1.76973022137124	0.641459327600283	1.11161974104873	-0.0122205287579612	1.24459097703932	1.01960145613388	0.445523496002221	0.724554363567962	1.45288706860765	-0.553197192471518	-0.435657891090982	-1.57898056005312	-1.38088348677412	-0.0588984344446905	-1.58483338277577	-0.286343157632223	-0.964367249814597	-0.981631942352094	-1.80356437191859	0.132654109084958	0.824491267798067	-0.190789528762827	0.71337204781953	-0.0648162867549631	0.314019641198893	0.0809616414750872	-0.243363713307176	0.18527093916434	-0.215231788705076	0.0595342558888685	0.974697632189215	0.00945842529776693	-0.0169977603637451	-0.802322466671027	-0.484285526072744	0.213337644829523	0.428559343204813	-1.46502360377306	-0.458868207572176	0.00740409850625156	0.350593395826054	-0.286511919079695	0.51103518967217	-0.111743625316665	-0.973313779181357	2.12541958141798	1.69872525934978	1.4174441087377	0.897526920656048	0.188988095777166	-0.37838155986985	-0.193498398878059	-0.496246019706714	-0.396201336114193	-0.899460781988455	1.22482279710832	1.17512623713295	1.14616377484271	1.03317803086381	0.859418089256354	0.764426890814499	0.246431311413817	-0.836567103510758	0.66739223356079	0.634565767659961	0.998078279102703	-0.26993927980658	0.0407505441783134	0.885472383543821	0.26936571541283	0.295722859248827	1.2597617996239	1.13172385107444	0.437211535771241	-0.130756626425763	-0.675431556739803	-1.42030277911109	-0.145783365386895	0.997635181222445	-0.942168627254854	1.0668368164901	-0.0754791774669644	0.362036376063522	-0.0257699567000406	0.589386769305841	0.99984597597507	-1.07911510587046	1.66500086374663	0.020749508267706
-0.778277625152284	0.936943007571649	-1.04960005198926	-0.687631422576211	-1.24508325067864	-1.06365100924942	-1.47363997972199	-1.02842375593632	-0.373155625582268	0.129707611811935	-0.269228029395958	0.153664625827515	0.323035087341541	0.299173171808516	0.127072093615962	0.0565071345812979	0.175897025146968	0.344072761461229	0.557570296636099	0.188937728276052	2.14805101162393	0.60870825312347	1.70549718036057	1.67215912394585	0.78982060101868	0.847237612715195	2.03400722395455	1.16905633156449	0.0105374797634698	1.02948296123925	0.547899987548949	-0.0512500137534789	-0.374467511782245	0.188895963856251	0.388115712325891	-0.104142042781072	-0.152663418604888	0.295034708212712	0.48227703359878	0.444721895621118	-1.19820115069036	1.65836003497757	1.89391785575313	2.09966127239712	1.33056187328435	0.232107642847855	0.94613021060889	-0.0937777422061172	-0.497311864554836	-1.55758844049351	1.40465554531041	2.44745726977439	1.57935534142485	-1.20722774608921	-0.368522983480078	2.0579416571838	0.570438310298178	0.294656140591781	-0.419144243332169	-0.174427828608981	0.473780176466142	-0.577293492555713	-0.385809488373138	-0.724738154023552	1.16317512252696	1.92136376515252	0.0178027422769297	1.12953547902637	1.58002287020325	-0.657647313267567	-1.29344796503974	0.575733576189749	-0.0669456529393457	0.441685006698919	-0.770385047048713	0.30526714706311	-0.0803728492347009	2.25539097191437	-0.431581740259613	-0.53365841959085	-0.413183353914698	0.850865551015792	1.16127889109899	-0.123979000118352	-0.57548893178275	-0.909308221416691	1.98846986290815	-0.267837875396	-0.637501565962629	-1.72306174342858
0.125850351235516	0.187447128226893	0.0606611004875027	0.830626813783804	-0.0206169030331253	0.877265630337802	0.902793127071916	0.229532250953368	-0.463224004861324	0.0246895651578229	-1.40000600444706	-1.58409292396409	-2.37857718856963	-1.03201935649557	0.0892608177981293	-0.634319501364126	0.774916292842723	1.04064199482307	1.21861107762725	-0.494048623837656	0.844472727588806	-0.0707742348382759	-0.682181767688249	-0.802294273844874	-0.6471292965485	-0.858936208172603	-0.912853075488561	0.0664940701739841	-0.512120158603352	-1.06837895779155	-0.985707914257173	-0.190550169410059	-0.0606430517053569	1.1133549235707	0.98910697812637	0.00932391793058521	-0.770024881843822	-0.0511528323321595	-0.422574533150482	-1.32981344350559	0.373777755056006	0.194238209270527	-0.0269660394226166	0.593668490170227	0.0149718730590751	-0.0857714605341097	-0.0867030783468536	-0.179047269232061	-1.02086435879838	0.424645044053067	-1.327960772265	-1.65838182386499	-0.510321127433037	-0.144990814442092	0.177568289314126	-0.604063672602332	-1.94280003791696	-0.699869797600841	0.561594815576317	-0.108345027263753	-0.851471945841548	2.25819950776367	1.13444940150631	-0.774627722967876	-0.605474133161895	-0.6744676272671	-0.322094362682076	-0.426808887500439	-1.17352554623014	0.501718281310354	-1.06553340006454	-1.64269860742887	-0.0516338543526901	0.607482468158427	0.0708298646116079	0.768751996219109	0.759919455872438	0.613981582812975	-0.253374718284391	0.156892079477669	-0.930702662016735	-2.28738760516444	-1.02009534558922	-0.348712622869685	1.53502102463533	1.84714771914563	0.19678341846838	-0.272256490437094	0.401932204687502	1.01491658109369
0.325347278102117	0.144933803164426	0.60318209216633	0.306313758436887	0.938734599579207	0.0255141456871938	0.734430087130007	0.0879283343274133	1.12861010008382	-0.405719085242792	-1.71927282858646	-1.65605670008956	-1.35986828015026	-0.778533959663214	0.94443340326006	1.16889265394405	1.28786932084914	1.32850154619053	0.57272707521707	1.47850971252682	0.019011319294239	-0.401246373427808	-0.600673069201275	-0.242349066829361	-0.304756961171373	0.558590503184989	0.469846321803884	1.06224759351701	-0.00487280400004369	1.57507115925962	0.0196441953132752	1.76631052602665	1.72684695825265	1.37120466611315	1.16243514915437	1.91432921908525	1.2131828184397	0.58467556010675	-0.412379923490918	-0.85422453069717	-0.426933647547017	-1.84971175454107	-1.40389144090865	-1.11049440415663	-0.661023714522754	-1.397250685008	-1.35107797051692	0.0797648418308028	-0.514841029018197	1.12704133149654	-0.250403614148106	-3.05424503311864	-1.0887714653145	0.210892186740152	0.216024276329348	-0.486004168814561	1.97533168802079	1.24971376555782	1.69716902789056	0.489885351323082	0.0916069059007488	-1.27278231145113	0.112026899132912	0.892483483960601	-0.808869325140817	-1.22101344916326	1.97361523514347	0.526492373848448	-0.644013717562665	1.78417927181463	-1.21734572291819	-2.07917255401613	-0.381737463792396	1.54046617740435	-0.401517519656162	0.220449483462308	0.188512766923304	-0.1035124741489	1.14425038286776	0.379007812772042	0.214789023470888	1.92294347630601	-1.13895731955799	-2.10877440097636	1.90044373673921	0.859851833137362	-1.41917985216777	-0.495899641674426	0.295162867638314	0.080581871865357
-0.236635964816968	-0.581019300939447	0.181353418151378	0.2154119189826	0.072132607847172	-0.598425853887318	-1.21805065082556	-1.64931662618616	-1.51328543135853	-2.77538360112314	-2.17271084914605	-2.12272496829415	-0.809813079862687	-0.432978549249045	0.0860791686102896	-0.953276114997251	-0.434899652639962	-1.17246932839546	-0.487700383509701	-1.20814218489929	0.678022022795904	-0.0390826278008688	-0.296870673792658	0.314502821944283	0.450455010123018	0.206311798262303	2.1041918096073	1.27785834484056	0.248407564805436	0.952900622317748	0.429694406882434	1.96301673767474	0.400681919293592	1.83958552081735	-0.123144339552062	1.4567391193118	0.360822344451891	0.151364955769305	0.535944415907465	1.21746626315275	1.10393104617664	0.829391852942914	0.0724045999153359	0.0841847920940351	-0.823562215963634	-1.30602909483738	1.4035021342913	1.59022330099609	1.36185929166926	0.645189002523049	-0.374530851200484	0.541320480761273	1.4227248286774	-0.202190824610426	0.242682308530487	0.0232198384991492	-1.28492113045919	-0.551573058318339	2.42890328687299	2.07038112534559	0.0432215548495397	1.65199532522812	2.04870127554971	0.197710799072259	2.02644904034079	1.46014545918441	-0.969480299516059	-0.366832672262797	0.500412500609391	2.38526214937814	1.11945614777986	1.21506210302064	-1.04255609046021	-0.353029060672357	0.622303228497927	1.49033919473894	0.792530681348907	0.515223203800197	-0.724704174263289	0.142826629333273	0.659878001658216	0.00854595294287217	0.874195141203733	-1.1235438419181	1.4750674615101	1.71995078707322	-1.19179633933219	-0.0691106781676204	0.461568537765461	-0.824817784687506
-1.46054051878689	0.230672119886709	-3.56493217632341	-3.24029838685833	-3.90322281572865	-3.05577750690957	-1.87768342409612	-1.8916141483986	0.696490550282069	-0.126745681684815	-0.0361603099366096	0.14087257608795	-0.0689183085567309	0.496350575217827	-0.374295324063852	0.273636133132845	1.74824867103079	1.45498012736456	0.6461020212391	0.992751844041536	-1.36268079198782	-2.03087600841984	-1.64157154703218	-1.10193351093756	-0.253579012626511	0.733182528660859	0.359479924171164	0.500711660652471	-1.00522298377969	0.718146989087461	-1.0236848771455	0.410129711669287	-1.15956766023521	-0.124889187899736	1.01040343764852	0.690906990557852	-1.55040183144509	-2.00566742104687	-0.30794838946192	-0.580327840634231	-1.36337935866745	-1.37777788835404	-1.483608000001	-2.0673469641596	-0.754871708394117	0.734302325152843	-1.28338636537117	0.822240679934095	0.709273358167892	-1.7178643626711	-0.905857644138103	-0.0836276322737939	1.84938409280148	-1.01832608821749	0.353419186147457	0.57477651062873	-0.62596613328479	-0.758193763123652	0.802801058292707	1.77009853696268	1.07819903355497	-1.25039430257307	-1.00597859351925	0.603674165616238	1.17487970379772	1.64511454751724	-0.734967241710568	0.0716150928451145	-0.489899456844843	-0.597954742906858	-1.15449940453948	-1.22865798030838	0.758993905160788	0.468652947350382	-1.33127048319958	-0.270167481779951	-0.306589636481727	-1.21161060098443	-0.519201684994283	-0.473843970604427	0.415548188981006	-0.391515466110008	1.37371484852857	0.00446845331944225	-0.621608784208519	-0.558924837088751	-1.90394055784975	0.170046746307063	1.1151371713484	1.63162165541543
2.04242238360493	0.00605694248379656	0.389652900849063	0.936954204044613	0.0351555698762582	0.851866536716088	1.18874102234173	-0.936180082412398	1.08874296042915	1.10929733291774	-0.254581461037711	-0.0998064455122272	0.117231177802851	-1.28822748045693	-1.12797559957514	0.109578614438543	-0.174252634658387	-1.16354076405146	0.420511830588697	1.08803187674727	2.64489994516185	2.91771000397797	2.75687230533199	1.47054002437597	0.357285090064681	0.481834094553531	1.55607150699411	-0.820765167267407	-0.785907511639723	-0.134160343029981	0.373175877440846	1.91245864580634	0.779028464403845	2.47876322413279	1.33699348476291	0.868052438766141	0.22474305268507	0.741716868959355	0.230056621723504	-0.767408680699017	0.168119307090349	0.832809125974975	0.812637051294244	0.0766900316141666	1.88767144181073	-1.03834218189359	0.80767306088356	0.590092076963419	1.0200274319121	0.800061060879139	-0.282785800154635	-0.0603020491585376	-1.49139850225038	-0.57809490898673	1.12068868516574	0.315743830280076	-0.616745277106121	-0.836252449657893	-0.903913179665528	-0.722562827399592	1.59260977985104	2.09021646110025	3.14764099984189	3.91273340410984	-0.893791607022035	-1.44609621754251	0.118860412907918	-1.35940684311896	-0.409399875115346	-0.796486604343887	-2.57166089326179	-3.08268946113143	-0.808150560354934	-2.05940478674078	-0.718064389283319	1.53387785275648	1.20726836901843	0.333491231456656	0.20371647014155	0.357573924190354	2.53838763699488	0.631495492354601	-1.01330362545103	-0.402726950733173	1.34724258589802	1.23965695648562	-1.65037185132866	1.70442986625381	-0.627333720703913	-0.675081856896695
-0.515087471793137	0.490627847451677	-0.665437018144747	-0.747360248494217	-0.396733320580174	-0.450837365017306	-0.211765200670081	-0.419470191580594	-1.6272787669879	-1.18558810300804	-1.57131432892834	-0.986983395803767	0.271139156797715	0.731534678564876	-0.00342968869549473	0.607979073802149	0.196468575485862	0.319327314464665	0.095163105182912	0.39146153375633	0.139015590843454	-0.268748452893538	0.545742894841039	0.830940332698256	1.06606839607498	0.504130951573302	1.80786748739129	0.769590973170741	-0.224057827330152	0.974365681005259	1.08639461897401	0.193074795392266	-0.532192286312044	-0.3568433025511	0.150611421368614	-0.241881974129271	-0.238107896154465	0.214402717652961	0.81814719878117	0.729446070014079	0.0886995655756559	0.481520696191524	0.0710304311380855	0.139595572219212	-0.270100823985857	-2.22554326604637	-0.0160334444082207	0.404750999426368	0.74862347079951	0.48668649901841	-0.859582485677404	-1.83891014063918	0.494696438932497	0.249988525067475	1.40762573160587	0.31237461288793	-1.17910834713405	-0.958289511006376	0.284403611189201	-1.30644594059388	0.769975587389372	1.04848278885941	0.468879356397595	-1.05032543532515	0.211565448842028	0.200956568750164	-2.10343966726176	-0.900524222609296	-0.626144406253255	0.698313759250331	0.761050150863667	-0.391625822559773	-0.714976503969899	-0.576687743763023	0.438868180593678	-0.402174323923774	0.441138095827881	-0.545533440038795	-0.0963631196623476	-0.0718587623740129	0.250659225890665	-0.775149286075382	-2.45981851761058	-0.285714773379951	0.537053250435468	1.22349398621893	-0.873656663326559	0.16821536670591	0.507552283890015	-0.812105126781627
-0.757287584298809	0.109163654955138	0.248669383276331	0.85606039092287	0.469200668614342	-0.176234856101853	-0.0121058404766921	-1.00906260662679	-0.197494843455731	-0.452046134714077	0.693000349052529	0.363233829126554	0.242495129693875	0.644866561193812	0.0334334620804599	-0.080395549017367	-0.954216834084281	-0.237071675010194	-0.353312292815857	-0.62677953894645	-0.732983328291867	-0.808160101926434	-0.393727568850228	-0.633240094113126	-0.919890115982752	-0.880479556021642	0.43920688817423	0.202295087411354	-0.339957998741705	0.348738849031291	-0.734368568940161	0.0884167769119921	-0.177151289329116	-0.246628754789884	-0.176283325421836	-0.283500897299325	0.138608280162452	-1.57077940592164	0.0306849154887026	0.789098352349564	-0.0715574140946166	0.358857142337472	0.453786243620105	0.3126712847436	-0.870429038202179	1.92526350988634	-2.19403199158021	-0.161298883985758	-1.22150420676584	0.215679255215344	-1.28440258834051	0.0983633551749476	-1.6085841889343	-1.61924408295913	-2.0771374253519	-1.12446291677977	0.00821940261331686	-0.906956896975392	-0.533618432346986	-1.79080896994797	-0.862214910600142	-0.44728660630772	0.554250298224531	2.16285473063046	-0.142050346285244	-1.98879779353466	-0.045900245656617	-1.07512166690503	-1.33173574034361	0.664461302329284	0.988421581653699	1.58335091117903	1.92784235462104	0.0727080713132151	-1.525080686284	0.229722442726228	-0.774728381438016	-0.397763714221312	-1.28027434104866	-0.917480598387791	0.22279244296574	1.36352111481909	-1.73014592805557	-1.20392117567192	0.674832811515208	0.0497339549297911	0.127656752242758	-0.29447989166836	1.08864312359744	2.08539681711612
0.422289831585288	0.999451943744068	-0.29656627156725	-0.804982349253878	0.262956567723204	0.226322066006712	0.508802311078728	1.3409775292638	0.304789879007865	1.30069031028513	1.75000176449944	1.43621580613154	1.10686516595869	1.66337130137259	1.64838791455895	1.88806814160441	0.167177974158052	1.25969965790542	0.210314664829175	0.154053318793425	-1.23326757873489	-0.754175162726007	-0.500074254370171	-1.2787441945187	0.367686111826611	1.1395719366736	0.0264884864655055	1.17048778268189	-0.851563005382144	0.671466911033319	0.35857980917545	0.147999699543501	-0.00628472140167733	0.156399312787914	-0.588846267411689	-0.0283942985770408	0.436203169104624	-0.372015388428725	-0.890397278698444	-1.48719791981559	-1.253072730461	-1.74328639245996	-0.759426030491789	-0.668640376715417	0.0659558895880299	-0.315148378950911	-1.39816807618052	-1.71761567776132	-0.669746476300551	-0.0147854318824556	0.0301334864851427	1.02788292311761	-0.0846182369624573	-1.8561522712449	-1.58196117365235	-0.615429296898953	1.52835734292345	-0.328208888923635	-0.708373220790475	-0.454151922366702	-1.19414274357296	0.752653723929713	1.05448237821209	1.01611536131015	0.956065841823455	0.0656250856950097	-1.08670103817707	0.280813303959903	0.0700767395724812	-0.498908433432458	0.889304596188482	1.38724391357915	1.09797522469423	2.21460384518223	-0.802796325823731	-1.08819535179555	-0.00270213352534037	0.768522159341423	1.18679558840601	-0.231344885486051	-0.761031984916204	1.94070522109555	0.440208583397383	0.939152554428967	-0.717998297533837	-1.19692200014294	0.606362535248739	-0.54474703797684	-1.23701194331396	-1.27869882929553
-0.427767013528743	-0.852686746916402	0.468879830800385	0.685635613674453	0.377314650379516	-0.17447386681334	0.405033934924792	-0.391335980639643	-1.10182757226937	0.86892719882816	0.323868058166894	-0.634202086447529	0.286091661803192	-1.94782994342423	-0.226530425011945	-0.804391456766396	0.997484482559095	0.82470727677849	0.889558270528483	0.839975679535693	-0.681624894892445	-1.01492547442336	-1.91344268877963	-1.26734538012841	-1.0177189723259	-1.03456790285538	-1.27112747560125	-0.73835876709794	0.991196487986193	-0.827192062044646	-0.360374951370367	0.225912827709586	-0.480138174929602	-1.07887264863812	-1.13494492981237	-0.681438727740212	0.747377328715023	-0.584693461682618	-0.806106627504765	2.96706553362894	0.725344984580394	1.07162390820839	1.64064062544861	0.665498718811097	-0.6489515956528	0.848740660447911	-1.34824819155768	-1.53287623386153	-0.183020482610525	-0.588909253225926	0.645649211703113	1.71610118217001	1.30976930418103	-1.46401083280632	-1.56884580603904	0.166383999139004	-0.0256823471361737	0.290308269090062	0.13775224596454	-0.156802345716636	-0.964804239142122	-0.41289435342092	-0.69785216069266	-1.93210489904244	0.120691018687785	0.56797300723561	0.497778806401708	1.10071425807021	1.19514915174733	-0.151510884855197	-0.537078248110279	0.588620417427613	0.440843178757709	1.39725904425975	-0.874654949976356	0.961092426133186	1.02582191106117	0.61674314099294	-0.170221803522097	-0.968590926655326	-1.25719752537193	-1.62825061842538	0.933591401261651	-0.593854106698966	-0.319714666005132	-0.863083755476048	0.45522326288383	-0.515310647043919	0.197388794201988	-0.11084317505355
0.808930416873898	-1.31385611995216	0.0609855135188293	0.255456113265948	0.147005594593789	0.392852348680325	0.945888634850238	0.449761544663732	1.14462964866183	0.239012983190456	0.785220402280113	0.868630273770214	0.692497501609283	0.689983181383881	0.840322381107367	0.652613444431483	0.782630140199009	0.271882616703156	-0.977504148636469	0.79698805506544	-0.249039889602059	0.48691470693597	-0.465648031555043	0.00650201195394191	-0.598386952468454	-0.241031490398913	-0.277570537198483	0.588989786527662	0.476195323854383	1.17296875019635	1.60990458394837	1.04932064004064	0.704017961936814	-1.01211873549993	-0.214865856112308	0.73446329863424	1.84708345117456	0.775285130119578	0.597249495762539	-0.35772622192992	0.187752113025204	-0.862400725673527	-0.604424644067416	-1.03956169388091	-0.585792310551976	-0.12394317184643	0.0300042817239962	-0.931733813040891	-2.4257095782607	0.172529721220864	1.32922115919102	0.749831090296004	-0.723220579035284	0.033417684631268	1.02773644931687	1.85940222732819	0.950844701986191	0.353939639772464	-0.831891141068272	-0.581738020450571	0.497011336955828	-0.360837015081179	1.06752312077049	1.91087883822187	0.208700399193295	-0.280766727696951	1.41553490561378	0.785308650229899	0.946217447611673	-0.560302774488327	0.386438402101312	0.49073413511475	-0.511298875000844	1.40227290826851	-0.994964891519886	-1.22615679249266	-1.12283806389558	-1.69698870541173	0.028121302737164	-0.67413784134167	1.94112525783631	1.48097380330351	-0.308940563106164	0.902482556704788	0.319734759122302	-0.518312525384971	0.132188821719731	1.42435838314457	-0.67126187246597	-0.427502938159023
0.166747844448464	-0.131543939493107	-1.68829466968169	-1.93092968900994	-1.59418602628463	-0.0461630294332089	-0.699914458234879	0.441467244090126	0.70499495035865	0.531683602925835	1.14256759519962	0.646609158372272	1.06770596744415	0.491459405454926	-1.6268066498928	-0.949188564724908	-1.3139549839172	-2.17613508374013	-2.07918332501497	0.847918818107921	0.436553812900539	0.557953488703253	0.60072525136781	1.0335589064701	0.262877109087624	0.123284605432414	0.277507169514648	-0.653113049253499	-1.17038309885215	0.510112602827267	-0.206222219983644	1.44929871813765	1.16210168008207	0.272675711697216	0.21081250837061	1.41325008277032	0.470013137571993	0.0810109042937375	0.486450822513179	-0.23246407854386	0.11511136532294	-0.11610417279161	-0.503518560199353	-1.33081035701899	0.387112864680675	-1.13348468324267	-0.145798258250651	0.167480879633	0.241025712592491	0.366733926464677	-0.377430867979053	0.53157523913602	-1.03297245602493	-0.288643331226983	-0.317199854629093	0.00100583475815038	-0.405202297824315	-0.0289177854133811	0.38380486444056	-0.583736646474298	-0.47043666633316	-2.18095706439735	-1.57671601097282	-0.372659791902412	-1.12533605485132	-1.27866833115792	-0.715374447761651	-0.312496875910329	-0.639818357745175	0.510692798605143	-0.519843616863336	-0.366024368929383	0.380315362484207	-0.00141704347700172	-1.22571438694748	-1.30076384163739	-1.16214756584701	-0.851097785685937	-0.556468936034099	-0.880119317702686	2.22033197360207	1.04385954900431	-0.192668641883973	-0.607959196757086	1.86685094513395	1.22438753001148	0.436963592816171	2.11150134762062	-0.174578810694166	-0.770998804985198
-0.649264591778413	-1.01716255411578	1.42544333080867	1.14668423231314	1.76443085602089	1.09447085037681	-0.310073526684009	0.0813365179441238	0.542979911594205	-1.77562201252143	-2.38765954332854	-1.55555456561486	-0.678622738469523	-0.63160351479112	-0.377675991559974	0.0875566588956506	-0.900249719766165	-1.19554662627812	-0.674902337704545	-0.102440036481194	0.929482753767656	0.635413152854279	0.867944403176805	0.609938900132357	-0.677460604866732	-1.24644647438875	-1.18282903569907	-0.506019496554068	0.381852141918078	-0.212350139230146	-0.0613250804392556	-0.976243707204809	0.559007672039972	-0.765213333256335	0.145441563113327	0.45113913988387	0.97863869101914	0.69197676051007	-0.966675751134367	0.806252734542233	-0.255000242837938	0.131573198954542	1.1703101289108	0.275411062728501	-0.398148227466335	0.855259944456729	1.08558379199079	-0.407630560163213	-1.00057849259713	-0.533937877244151	0.188487316417773	0.181440886737645	-0.948655982030234	-0.12515470868581	0.0966204714715503	0.295695878811917	-1.69070065039827	-1.96659497441176	0.288710493669602	-0.383070005106667	-0.36731625361304	-1.16240455413383	-1.25359321700307	-0.536540984006762	-0.691379901313791	-0.303457542957729	-0.596344018299236	0.478137432776194	0.0172086344512488	0.257422429830922	0.174083665975014	0.334593603752229	0.504589851692574	-0.103905063210279	-0.447425171273534	1.6946421727238	1.42220823932146	0.419565857477536	0.966902796060636	0.322901528431134	-1.01580424827929	-2.48788002636185	-0.267134884715115	0.225266643543377	0.493700808329475	-0.229464468254747	-0.082438464332536	-0.417624716983884	0.570350120722788	0.599227947282912
0.463089096518322	0.766093678349083	-0.972332677545385	0.589562202759124	-1.03388544807628	-0.309082806753537	0.156571170508154	-0.0977249402347017	-1.4302042223717	0.665751486681905	-0.333341794756392	0.546672289411029	0.644493442161916	2.07056248274493	1.17189824707387	1.52930667073229	-0.0141414770264072	0.697718240758406	-0.19421245234711	-0.408926675113305	0.207477984217724	-1.15665871444419	0.14764333616059	0.184133240929055	0.83827331995192	0.837711917739953	0.982472463057054	-0.439558401094623	0.79633535702542	0.369010380440735	-0.399064500111629	-1.27805778394729	-0.73384892206783	-0.214407513628795	-0.0357510543987145	-0.458480951226943	-0.398667485203082	0.838713274609542	-0.0909086415057126	-1.14962238947863	-0.982070647630698	1.09258845507284	0.496942321449231	0.77056177043504	1.17687100364819	0.61966012153715	-0.150234079101606	0.344577115284244	0.6336858999112	0.875983773282668	-2.07431582016019	0.603485763241813	1.99121042923635	0.0602858490581281	-0.471466390301351	-0.0157314465364968	1.88722268895412	1.46900160160027	0.314160342325397	0.486955786959549	-0.625143579142802	0.96515132153993	0.353547244230957	0.995295997386521	1.4938068993047	0.716517339900481	1.10955024784512	-2.05408774955519	-0.924387356692203	-0.154491891460394	-0.949457935707035	-0.241732542673807	1.13006323400453	-1.027533235027	0.0712195915398914	-0.932646257333643	-2.26868810054167	-1.10342190807066	-1.25268868068972	0.380826960780226	-0.0260981131879655	0.810698873657625	1.58872927010538	-0.468544850227681	-0.259978307103002	0.0230787075711709	1.07695641449025	0.410284813198164	-0.16844223107914	-0.0300786924931149
1.45656037679748	1.16257716644234	-1.21489468529314	-1.64611996025477	-1.90713577494329	-0.945628638090346	-1.56889203314421	-0.540067662152035	0.812571941731824	-0.463012889065499	0.798499578030226	1.32085578007939	0.902746702398984	-0.00774772891446373	0.920102248977589	0.0347754926050155	-1.70489996215709	-0.233885627731027	-0.529255505318848	0.963532851889456	-0.43600423908004	-1.14172636501892	-1.11239222498411	-0.630444953732119	0.117466350254296	0.964856059574634	1.22120597654163	0.126435015834308	1.92262555958121	1.18108976621429	0.31254638398398	0.777059319511907	-0.202637830851505	0.754815984357519	0.747462616787079	1.2237697520211	0.00465670534916515	0.53773280008297	0.530774927895181	0.743943199797449	1.36900939955918	-0.143158256469006	-0.473018548030284	-1.38445945052097	-0.246885184218739	0.294821032290769	-1.80033180635047	-0.282329683889709	0.199481724114323	1.29833482105384	1.4702657571909	-0.480082233133238	-0.0456232156763105	-0.160651352488022	-0.414929430535275	-1.24265987532868	0.460735162624535	2.05621536685128	0.794004321183781	0.85772620376505	0.413338913847526	1.36803669274298	0.997662277798617	-1.26281039423622	-0.361976814691876	2.05669177032878e-05	0.434289749841203	1.13616894414236	1.52176797302278	1.14178207640991	0.477489713703926	0.360379988840391	0.0292413318536386	-1.36949416704942	1.10306339612541	-1.24056076634162	-1.24396174098537	-0.954870054121957	0.132086217789289	0.238963520097769	-0.450976595726574	0.0276426481923845	-0.189507961347232	-0.173106504320016	0.132546668884088	0.0253969069825664	0.439121573725672	0.0420215610318938	-0.148177078748655	-0.198754001898384
-0.165769967502582	-0.743579577856109	0.122114069000773	0.860764078671441	0.0506137676556623	0.157335463107477	0.444954597718471	-0.338606221640122	-0.260151626029311	0.456760118956744	0.188185025256803	-0.120532582780358	0.167346980994264	0.351293492908766	0.413723999613768	0.189450427062955	-0.932463130564276	-1.28560440415464	-1.51130592443587	-0.876086357430581	-1.04966838815908	-1.38646594449618	-1.84246372526639	-1.19379456790225	-0.311138203229554	-0.802475907113021	-0.26280085556383	0.377039035176954	0.490309544543406	-0.775081630481735	0.383879059341272	0.0507177972714582	-0.269518143468572	-0.851740060093835	-1.00188864620186	0.488698819796268	0.672199234057442	-0.521727883490724	-0.442306576618604	-0.088700379007452	0.572366230838661	-0.445096869223719	-1.20691914152499	-0.373817343326719	-1.32674279157576	-1.28199525714295	0.642679357305081	0.255009073023764	1.78055252973544	0.0481688097717678	0.109112779783429	-1.18161479821817	0.210068128687383	-1.25821459534098	-0.702881490526683	0.248266470732906	-0.856977111419612	-0.781428972669555	1.74032401776797	2.20397866808746	-0.280617652559171	-0.254269004478827	-0.647734022313964	-0.528799866793741	1.47244912542813	0.144965642465404	0.140324183302517	0.444245509305121	0.415708219608663	1.60807381491111	-0.04424791738436	0.329478833662169	1.27941334343879	0.665293818806699	-1.54035987114144	0.0546904080738711	-0.765768510667035	-0.212464890511573	-0.307608980099077	0.386291816669333	0.101140650995787	-0.837489719143181	0.648759079579541	-1.08312930151312	0.0921278541436582	0.0116238107285828	1.07960502319249	0.585014433578439	-0.906527254454196	-2.06590181997254
1.37340270111245	-0.32333130407247	-0.330749137101741	0.541391906086167	-0.932650842611058	-0.851812869120546	-0.223823161228733	-2.05017499994381	-2.42374534087505	-1.7932278626837	-1.45959495078338	-1.00965229074043	-0.819094982927281	-0.256187001194816	-1.17064974248153	0.69220323024901	0.208136941422189	-0.8471706367995	-1.10727201839106	-0.881620283878074	-0.450679188992258	0.780781755810858	0.497752210068215	0.472693902402381	1.24577502949953	1.442156676952	1.7706863694581	1.57944353236605	-1.06552196738125	-1.19357271287347	0.045715906369956	0.0778692806933598	-1.48387259143734	-0.53687253283026	-1.9173194858069	-1.33470817416365	-1.45152452809762	-1.15445874987516	-1.14226178605058	0.282960000645426	0.349175404149468	1.59286935311689	0.522625904533292	1.17172012608573	0.973342604944776	0.982432727308659	-0.0720838138283896	1.04071338991496	1.17079010731831	-2.62905390587518	0.630826373167044	0.383489610310634	0.46040139443857	0.414257022637687	-1.03421033873711	-0.893689943457043	0.28339212730963	-0.418160080279371	-2.51304214364596	-1.91936474102507	1.05615008213362	-1.80789464980906	-1.86448130464428	1.34254541936013	0.837484201663211	0.52156346354921	0.103807312543516	0.614053305128843	1.08621085458677	-1.44504152852303	0.00719849315434477	0.243397239651571	0.873102869267299	0.453224613365176	0.739272986728511	0.633742796649398	-0.551763289757405	0.104329617718589	-0.650442968760664	0.0434715843235588	1.13727702241619	-0.159785753230806	-0.740906412786612	-0.662846814737511	-1.54206186848321	-1.64789273168237	-0.77824854496927	1.5607338894078	0.513143705175769	0.500732363052242
0.0316713255556251	-0.152929879712791	-1.88337020471076	-0.888062710582486	-1.79736308882298	-0.727624675911323	-0.119925685030922	-0.831324810672286	-0.0526290759825546	-0.722968415769918	-0.746499966854918	-0.946825359296851	-0.547354321452811	-0.134558869973368	-0.899476712291208	-1.53636661520828	-0.140863188756843	-0.17052623053812	0.0705270988295603	0.320408779338873	2.01724481520468	1.31843417976384	0.711488652999197	1.24789277790987	0.690052280447931	0.165208175951698	0.174878919870977	-1.11345755039249	1.36124121046265	-0.633859341136237	0.247306955136394	0.666042143247749	1.04324220815045	-0.224118459082295	-0.0635960298901166	1.15205028330784	1.41422382447355	-0.652055513995436	0.688710821729671	0.295738273185451	1.78186217575669	0.57225359299058	0.601773617997156	-0.912808789810908	1.343384235329	0.13383037546875	0.0149117833401	1.0065551089053	-1.19189895441358	0.335390449792642	0.441024568747135	0.141695793172805	1.6079528682813	0.714141309568702	1.48929797143697	1.72802557471428	0.859230879183792	1.05979472801546	-0.208301671687418	-0.0732177309232465	0.219648510017573	0.582305709842097	1.06459312732695	0.82158588320635	1.51411374655695	1.84347960498527	0.0909815523633778	0.000650274512868831	0.799186446968379	0.0905627905604068	1.04431496844389	0.991295040252178	0.548925715319615	-0.802845201582186	-0.573656925849564	1.52304618254213	0.239449486480565	-0.630993429356614	-0.874991186617584	-0.443737514968146	1.59250201881277	0.354630214987841	0.0886369146433065	0.543989901239633	0.955549373654123	0.289549876293124	0.22124512237635	1.81747818022181	0.198761072620297	0.955482387921097
1.42529179559321	-0.057077308380219	-1.38553216037548	-0.800708232727675	-1.38590046609132	-2.15037223225725	-0.661475017105295	-0.869609839484339	-0.246386229213765	0.236850971489094	0.435388023583747	1.11086247590643	1.48504210224678	0.401712509995062	-1.56399970024295	0.920639671277719	-0.557585450696748	-1.04622300060581	-0.228330605146257	-0.0456383376012496	0.183827302899209	0.0844300268132151	0.300287110614383	-1.49093236181616	0.00562081464067243	0.440250631293721	0.333743338181765	-1.08144794387023	-1.22096970265864	-0.652325050934313	-1.61888753752227	1.08278207558659	0.0510607856474166	1.83559587197511	-0.764889933606424	-0.0799994913542871	-0.154145811915832	0.433622834954302	-0.740781675456238	1.71535994264123	-0.109717696944293	1.58731558808867	1.864123450007	0.86480200242791	0.895522000556572	-1.12036936305436	2.20852288757699	1.55623610921657	1.22620974466022	0.103785742184631	-0.46461366347098	-1.82536769276785	-1.4958598465578	-1.42783963587381	-0.26373078651518	-0.543983947979275	-1.00983051023075	-0.489165232525813	1.25819170411602	0.774539753547868	1.09826586144185	0.759684456587419	0.941252189557056	-0.632257866992052	-0.734173710783902	-0.94791556509444	0.649854911378708	-0.724687532218837	-0.986732856783054	1.1495435000541	-0.315181147676406	-1.32278062695213	-1.25857479465779	0.800375733635702	-1.05790284931604	1.38422601058922	1.8594179782567	-0.712581663449923	0.68309821683514	0.182721418437064	0.701451019695946	-1.21407028834197	-0.728521809537283	-0.21132416639842	-0.848489494645305	-0.58029121476228	-0.287690112437628	0.465214793320138	1.26140429172236	0.0839090705600821
0.0274156116549231	0.74661539644671	0.536678749880965	0.191420521906216	1.05212124432556	0.604382471328101	0.135114307586811	2.59908872506474	0.657455044147149	1.3508614939878	0.689002986448431	0.583258001502548	0.215138929223691	0.615496011209946	-0.378005250455583	1.41411638383453	0.105190942034775	0.101286577634761	0.288490328957286	1.48236230812772	-0.208847330002304	-0.697263362315386	-0.112913728237561	-0.569574788247518	0.697349523950346	1.17657569660278	0.96016488127822	1.45462623090976	-0.92037685069017	1.11481669034322	0.782117972441186	1.40873882989039	0.072494457800193	1.98461493090909	1.63140913868863	2.52373409050211	0.198678932508059	1.89669319950007	0.768407780935495	0.429134899612458	-0.0346553034117943	0.0380855853585423	0.393913709259004	0.806966863932108	1.00921116746145	0.0297989007476923	-1.50043341735272	-0.511815112857114	-0.263677554589607	0.404189732243477	-0.733218820974568	-0.0498020043415065	0.486984374605392	-0.985351225599631	-2.10210094485393	-0.779018148952331	-0.459512809874557	-1.20987128927017	-1.2222802031921	-0.538324981302446	1.28610847568353	1.73701989744283	1.3087172996748	-0.428376495740252	-0.200044568465875	0.253479077812405	-1.83535354884479	-1.5572858088994	-0.875957754393177	-0.988883364439608	-0.680001902603674	-0.34221356276853	1.75402884467362	-2.31005334102722	0.138340413708372	-0.363641373577014	-0.215786368439687	-0.108547804315646	0.261515303159408	0.802634724646236	-1.44687640440759	-0.251827473188843	0.0823892689204274	0.231814468385533	-2.06220191387611	-1.1562407253623	-0.139926085437739	-1.69968527760056	-0.63016567445915	-0.688430912950564
-0.0487929327986696	0.337533179158461	-0.419419401010182	-0.155151775263051	-0.316962322601641	0.521612398997317	0.197677376408088	1.83067162654915	-0.0598975329379682	0.157789231026472	-0.28331427130349	-0.248303779411221	-0.650532368476089	0.0947403906219158	-0.00446724199676305	0.0936368067941539	-0.275022011778246	-0.892578879169333	-1.37168980326603	-0.843592390546789	-0.108103626717551	-1.80684566359777	-2.05786979505438	-0.248122569736427	-1.39083966577673	-1.62706454890253	0.291473842579594	-0.429807574741889	-0.917078892769416	-0.460603294546264	-0.178332478788445	1.20513642687154	0.414701161834649	-0.321013460510195	-1.10907029621177	0.972402894585115	1.2016288637125	1.34153480784482	0.528654971170991	-0.773205917988733	-1.21863948437254	-0.0276910866120984	1.15951060843355	0.924119390323308	0.319433260913311	-0.80300074825872	-0.0366191782737672	-0.78262178336756	-0.615424393570893	-0.985718338188415	0.151183977233917	0.538903132128843	-0.701057441708337	-0.816466916471378	-0.789690961979509	-0.512804877204694	0.170870799746065	0.780577156471702	-1.09150857262406	-0.64226786798513	-0.925317887188144	-0.51249568867865	-0.659783122544559	0.493706077819682	-0.790618046472494	-0.777683708252991	1.98736184386997	0.169326795897646	-0.0618532864832616	-0.81502824821497	1.6012712869708	1.64107618940673	1.53363130001538	-0.37595266963559	-0.931297109493921	2.0148732240939	1.68236504229802	1.54754663744188	0.737188473609922	0.943977310662339	0.390768768585694	-0.413862406065071	-0.255396208540578	0.982135312833226	-2.13980716328083	-1.6525520866014	-0.382024589031876	0.37184243833784	0.00797677591066893	-0.11500900930292
0.441090796833977	0.64057622583918	-0.0780846326884971	0.623680234736885	0.770907690073965	0.974079897160382	1.41796005940653	1.6025971477809	0.222114373676999	0.378722009161539	0.86464386038744	0.755980684311007	0.570264844588162	0.704699567266221	0.148721898222091	0.785915283982247	1.08646141572554	0.895736978190539	0.309017509569539	0.68243508745416	-1.19022528259449	-0.879596878969087	-1.24119307945091	0.073347391706807	-0.0171134492561145	-0.170776879770506	-0.919465618569275	0.720663829328923	-0.120402638800535	-0.0610417316419714	0.477650760799089	-0.229208525323937	0.580763009716709	-0.707576933081496	0.569386419851725	0.715401889664962	0.340320049554037	0.534058449154905	0.26226149204	0.13662074820337	0.776302808419417	-0.185384643898156	0.463907489752015	0.0066532839905438	0.51238446300731	-0.503356173686997	-0.205110505941358	-0.756347856992899	0.477962850379918	-0.100837487140642	0.0444280160204055	-0.172816755531059	-1.827175971264	-0.780070665897538	-0.0645098587519593	-0.233282604033814	-1.79795458925427	-1.44352788239632	-0.0110265632575185	0.825758352056943	-0.708320366123615	-0.452712494622408	-1.25675659384671	-0.505459417092806	-0.477770793269323	-0.709559033054556	0.191093020627641	0.11691010433969	-0.718008835465286	-0.470342302365659	-0.477500176508985	-0.534923284900525	-0.322934510213497	0.621470327381506	-0.761580094948321	0.567230645197671	1.77433162634295	0.989345235833347	1.07286650691918	0.264870728728526	0.455586012134557	-1.26046246407602	0.885536737452247	1.10822161559143	-1.18257131862084	-0.615978857949379	0.228888498252763	0.926832996773535	-0.287513364939193	-0.530288975392994
0.646996414437679	1.4523615770678	-0.216798362261321	0.0230787795324861	-0.26760817932482	0.836088581028071	0.59731547547539	0.2668755525645	-0.454786597417242	0.171313983816884	0.528696705315947	-0.177627094209573	-0.781670007923128	0.536591504072485	0.770654283159433	0.293608420256165	-0.364463439397795	0.581553736733296	0.0689950304437981	-0.775815520255131	-1.63710874094176	-0.966658177108013	-0.0407797523807297	-0.178769134151713	2.6242747615843	2.33233099294232	1.14451737719571	1.07345897910503	1.97755068728345	0.0455427379380476	-0.515098423168809	-2.57673660794049	-1.44174203301928	-0.891847723992987	-1.11030533235793	-1.17322941541416	-0.803857476230982	-1.42234281910492	0.22311322430665	0.426331609175512	1.35973746046735	1.30572970636592	-0.886152725218237	-0.235369278524154	-0.527842030185285	0.146346586428869	0.849287104542058	0.86839882355203	0.42749051394078	-0.839318134731151	-0.210826026413958	0.384786739634095	0.911832577572794	0.096664905027346	1.05961191664331	1.05718090265812	1.77432525086009	1.69103097953052	-0.27539143859523	-1.09630647546186	-0.236441704399531	0.232726692032041	0.406678488708453	1.05570130849592	1.61704565708543	1.86081760790098	1.25144246526882	-0.23179536594623	-0.195921610058439	-1.07912837911003	-0.252700085904617	0.295527890221142	-0.450294064113845	-0.344315014824295	0.645690585164309	-0.0626456778305795	0.312391699832896	1.38589091040178	-0.629966944427692	-0.942732315994417	0.167010609024212	1.23510232349997	0.159943332337962	-1.23716040314551	-1.53925015709383	-1.28616350826083	0.426668954297785	-0.0298562825558535	1.72969308138028	0.770656525340767
-1.62802183494208	-0.546485572434719	0.748544194295518	0.752763264319117	0.710657361919804	-0.109445985105522	0.140494981012454	-0.336023416740356	-1.55526007224245	0.280761457152333	0.359475439224313	-0.208853910995392	-0.280945535599332	-0.297164945569848	0.158905561576102	-0.475732196434861	3.00412384975002	2.08338443617715	2.40724668022954	-0.0604045041814605	0.386372535195636	-1.03790454104295	-1.35478570104871	-0.533406094419791	-0.548515808666664	-0.838185944803141	-0.613271277766024	1.79472936444288	0.275813230447415	0.981054625312136	0.0246683012413851	0.531861769694957	-0.111016807141083	0.249321568143717	-0.987439011605296	-1.19068603974306	-0.695677025607193	-0.520850664760342	0.310536869895763	1.22156374703073	0.475680843609186	0.914630459119464	0.856256537844254	0.866447909153026	-0.814364213373462	0.0342559840328064	-0.670315259342874	-1.319975353746	-1.26159130984848	-0.77626478577432	-0.490958573028419	-0.505093669987145	-1.1548794940555	2.06919105634534	1.95579067213875	0.00583163976943623	1.54760118569408	1.07997038317109	1.32836746001126	1.22542143063137	-0.621327596093409	0.0836262347820146	0.276529247904313	0.163378417996905	-1.39517738007141	-0.824812438317445	0.64996142171121	0.55584126925146	-1.49819631751791	0.662668208166658	0.341861263747225	-0.0349254846338966	-1.08442655153602	1.08809204908577	2.04589289344326	-0.128947976863296	-0.0626846278587135	-1.32107312235615	-0.685002518804935	-1.43995325513505	-1.05825114907551	0.575220892663855	0.0191719454578264	-1.31934639434467	-1.09323533986238	-1.64513648268992	-0.443220578381605	-0.661992433348535	-0.464377119571006	-0.0276228286174258
1.32249237167508	0.857303912073384	-0.648096351919765	-0.861125153479256	-0.677466290444391	0.0255760184633884	0.0593667943511397	-0.149173241837953	-0.331988457297865	-1.81926135256139	-1.54529931821408	-2.71574703800512	-1.44805664226218	-1.71297199323673	-0.406715444153402	-1.70863983107411	0.570704963841241	-0.198506927244019	0.951742605667922	1.69330576168549	1.35805790687282	1.47802679755316	1.9847411414197	2.2070379854216	1.71736382588132	1.65622100276398	1.72062459861612	-0.283910140947471	1.14149232901024	0.968935381927145	0.749544079479699	0.511982545904021	1.27300371313233	1.23140357718329	1.02301180227709	1.65371181881218	0.391676871061925	-0.0374706306441438	0.158743503032656	0.31514371998562	-0.54292466523105	-0.664046022911103	0.19522695193111	0.400183129359482	0.49804606445839	0.594598533798552	0.756584384392744	1.02966692450725	0.354360215536595	-0.43515280851046	1.97498116625745	-1.26722193881639	-0.0779098753597709	-0.83070541173561	-1.25369293110046	-1.41875544130794	1.82682213969587	1.41043480825483	0.373037229603836	1.48131930373645	1.80479549355169	-0.817522072143432	-0.571254067627296	-0.678570555517044	1.08390876823457	1.44843280075586	1.89993567947515	1.76759487231227	1.72553494469287	0.0157263998326196	-0.175707713881568	-0.399606340865068	-1.30129409767252	1.21726699801799	-1.26800384247325	-1.238035556084	-0.720434539803152	-0.451697490870121	-0.0667562306580081	-0.940627289713807	-0.734280812495112	0.894876782251496	1.43242397429712	-0.624647899557605	1.53116451456071	0.745054302426854	-0.703345019432052	-0.528517622239779	0.947549744496271	1.01815405914413
-1.47658842538051	-0.598495383353575	-0.461660743006361	-0.822834068883537	-0.451163045476685	0.224292234715503	0.802242512553083	-0.546266139703931	-0.243150799774613	0.0046808481804863	-2.05533625472941	-1.20505461237629	-0.339711685969128	-1.36825325178757	-0.217721328172063	0.776565411655446	0.384237892785029	0.96048472519686	0.519103075874424	1.197398837242	1.03654748553446	0.0326511564667717	0.0749568674306648	-0.848737695404266	-1.11294821344563	0.0432270827086655	-0.786338489737581	0.733727639680717	-1.76259441222715	-0.0233641237109623	-1.89704326180361	-0.238620261241117	-0.113348555083244	-0.87989277676506	-0.144724898249217	-1.08024778516504	0.527804604953212	0.657017543494091	-0.164324592702886	1.12112444404617	-0.180110985142354	0.502701052845266	-0.430128557497685	-1.57927556575098	-1.36296334305332	-1.21187004342659	0.479524240117973	0.0103103657111973	0.762177493946078	0.429522800276315	1.12678899002091	-0.154029590234554	-0.545160299346836	0.197137158136814	1.37720319667687	1.1583879263861	0.570857953918701	0.534666726201463	0.39019679181502	-0.226585258942939	0.296272213986107	-0.309826977151441	-0.117256475597379	0.394212663167877	0.758840238672045	0.622740342582042	0.65753054742795	1.22791811157441	0.820073243332843	1.22918820969777	-1.15246093888827	-0.902830813076528	0.0927691439455896	1.03609724948309	-0.392528376563796	0.177700480699685	1.1136552441331	1.1847741383129	0.880904354927512	0.217326550540162	1.51887384571237	0.961047493962833	0.005244137527684	-0.116009306481139	2.05168650461346	2.00327691945088	-0.240887229798898	1.22694030447883	0.511436406086688	-1.29363030792503
0.631756133980277	0.242564689268608	1.41133269451021	1.26790648601658	1.02136006018921	-0.588857355989993	0.280666775536262	-0.505256410701002	1.19283842589109	0.80985644015128	1.25232016106978	0.947682052854393	-0.269895642319885	0.402488110293934	2.11592845307419	0.54799813853975	0.645179968802383	1.1137181650367	0.652643309169711	-0.760262254494632	1.55223911128381	1.52106670763714	1.13907486872866	0.822336410547279	-0.541845729561901	0.128277337291903	-0.631431069497396	0.758311378320124	0.0685847400170803	0.656059818143417	1.06413124464636	0.287533930093458	0.706440830690205	0.286971708711741	-0.240615752048345	-2.11701951063788	-1.34721085082168	-1.16551143253743	-0.0485864668209841	-0.00572748161550828	0.470436171477475	0.97775063905055	-0.0686218344574069	1.58953673730876	0.629101206300834	1.61446440842284	1.06699884843161	0.707970752519929	0.473639745643045	-0.622362253876488	-1.5159784511048	3.16796868094673	-1.83018697690148	-0.135404277552592	0.718757767168161	1.04128590589589	0.250616652786857	-0.225623190672178	0.340848959354284	0.278630381268915	0.0749499229323188	-0.771867886588989	-0.651210588579977	-0.22314474244123	-1.5005626035546	-2.20312789955485	-0.0995509220292273	-1.59471412881539	-1.9734011382115	-0.680430908483348	-0.342256919132327	0.543950382964669	1.36558241211141	0.328950290433176	0.281186439665675	-0.276512001107063	-0.230026235307537	-0.291612732628009	-0.434000382290583	-0.407296855405217	-0.0102303635895213	0.551207963501497	1.85211010855362	2.60576450805555	0.818827914174427	0.74018667764116	0.551574866804644	-0.207366165023961	0.6150775367126	1.164479011369
-0.569877983392169	0.820094608080991	-0.20514705981556	-0.237278357252928	-0.486482051521648	-0.0436119252368805	-0.310435668988157	0.27435036011082	0.486941811268093	-0.0423134415051958	-0.819621440104044	-1.39665845100373	-2.32383810159297	-1.13966143959412	1.19025768547981	0.724481434452753	0.399468259526275	0.996440071494718	0.788470978632256	0.682711465444871	-1.1476809625327	-1.04726855830259	-0.51237268461848	-0.487692271477906	0.00374898958517687	-0.202354789250669	-0.339354098736364	1.61682157969378	1.15023651853528	0.0389469163324274	1.14947390307804	-1.94184991948642	-2.2502488835419	-1.60970246479239	-0.293748434266668	-1.36157684688898	-0.62516517032589	-0.877376651241725	-0.35505782174619	0.42454347797263	0.377034861189029	1.00984093097149	1.22243826021234	1.22887056577502	0.71498763836647	-1.99324843281331	-0.660812805561338	-0.467853406683342	-0.777344131830297	0.303962685813515	-1.07775524475989	-2.51972555453856	-0.758268243275207	-1.003711800147	0.651618266346978	-0.16907902248875	-0.889403723683479	-0.988839847827067	-0.572188662140937	-0.100875060673088	0.445108267387116	0.397233534094838	0.814131236475835	0.602814399202373	-0.59745278215706	-1.14594768122047	-1.20707080554405	-2.04318521375048	-1.05702892323363	-1.11056784348408	-0.562473316483961	-1.09444805631371	0.0679581418482434	-2.48763079592102	-1.31529622693449	0.0958312391941833	-0.813743387206502	-1.33664149733869	-1.6560583187687	-0.694017279224199	1.14988940643752	-1.01988049502695	0.431992348873719	-2.01237399789118	0.782662458375876	0.816668721542695	-0.744824876900744	0.706106239622487	-1.2242685837346	-1.72142260059106
0.227080737596729	-1.92824916618443	-0.108714857216432	-0.3632132349747	0.509994111421772	-0.136386904941815	0.296278725027866	1.52141852446103	0.413633880666731	1.40792644829366	1.56001363932818	1.03555490762623	0.618903533254959	0.196062624528376	-0.147634551129785	-0.731688756467213	0.548498893360341	-0.400184991679788	0.376166536937529	0.533816013837323	1.7004797233076	0.923258911868168	0.728950981925424	0.58582029708651	-1.0923577876568	-1.1126645161467	0.416415929949232	-0.587690691706099	1.25792564792549	0.509073103134052	0.412638226738584	-0.925288680020645	-0.557463613161424	-1.17209862845299	-0.223359134344322	-0.982636141538531	-0.466651125653919	0.00584254307179251	-0.220645064061205	0.297448471651771	0.445132353756954	0.797116167987065	-0.408939418131733	-0.000928752294098471	-0.981903954097269	0.576327149628879	-2.0743603080237	-0.25050817914472	-0.407267174200292	1.84804143559481	-0.610737293179913	-0.615738331657776	0.168669543937544	-0.24457620694012	-0.167616947389679	0.168674498733996	-0.675606534962371	1.43019600666504	-0.995510761115274	-1.3277073507594	-0.382218437873361	0.96793824322623	-0.106610368665106	-0.70709213952502	-1.0972618544332	-1.1947918491625	1.61555293702674	0.0951599155733908	-0.733128772903834	-1.74108854294592	-1.11398414753751	-0.726032670714961	0.208533563358603	0.492800950737556	-0.59399854981021	1.14740132247925	0.640645365949102	-0.029486658159171	-0.15832426259824	1.54960743520601	1.24785801573009	-0.376331354617405	0.285408820527108	-1.04906432339491	0.418844600071108	1.76991865520234	0.606055422205239	1.1369158548521	-0.677921436664069	0.43325754235461
-1.2026588810671	-2.69113273859677	-0.0590421942497711	-0.638889868468875	-0.449323441663278	0.567579417956132	0.105143392082301	-0.731218258781413	-0.84285327983149	-0.335843776760688	-0.0215591517802	0.532793440212006	1.41967997745593	0.653248982659657	-1.54411452419012	-1.71258669236898	0.152043816689386	-0.8618182017392	-0.384265547495554	-0.600682583825301	0.03629129062054	-0.111235662585664	-0.705281254106198	-1.7747729297672	-1.45112029587275	-2.21919182471665	-1.17301382923944	-1.38324406042709	-0.357047294124272	-0.512826257820127	-1.5200346774519	0.367245979891562	-0.016846231353219	-0.123502163668582	-1.47559798104	0.175299566843528	0.83276966492875	0.133346370014395	0.0454037524583818	1.11899525790771	1.05792355975787	-0.00495477923961263	-0.0370168286737287	-0.489855299082973	-2.05694480555229	0.496938757239247	0.84061115053461	-0.0961589729679873	-0.200603157830138	-1.86706808146547	0.221838485991516	0.297058152616301	-1.33085246536055	0.881580679064134	0.975488068542985	0.0835919878242852	-0.748232301325356	-0.194677958551981	0.142154985689566	-0.0153755590063903	1.21672643827332	-0.498460381945211	-0.705043882079811	-1.43044227107739	-0.48856795644105	-1.95695033546962	0.0745757359967026	0.655194696199484	0.133390239223242	0.586484829735084	0.36450655238642	0.0705889080551412	-0.659472612995795	1.1658252689772	0.488445189763563	2.05358337279692	1.50804575602776	1.15640400181351	0.161818246965565	-0.0133883328575239	-0.834000534097561	-0.903506569710519	-0.123775228439283	0.0115297808006847	-1.679993921707	-1.82537247780045	-0.679889645978225	-0.345799261853743	0.384743236864417	0.0885219100767706
0.0459098097366084	-0.393293973440139	-0.233420276576073	-0.567396676908991	0.0617896524194088	-0.116983475951241	0.974355621991185	0.126675845231618	-1.56455772044949	0.225038775604712	0.722644545307848	0.57695852201355	1.23034131662759	0.930701851490595	0.100474412101346	-0.160725582722976	0.924196467639415	1.49765643995612	0.226608770342671	0.212083746419572	0.433110904096429	1.02276928625685	1.30620028725877	-0.3150703600279	0.862209928789053	1.38975737053997	-0.346397677401813	-0.2139116424603	-1.43294612965697	-0.0168161200354358	-0.938709293278414	-1.28316301267549	-0.822193830672546	-0.597695929553853	-1.33066968964282	-1.46892871156416	-1.35373487914826	-0.78311730519747	-1.05450405122295	-0.561191972299361	0.054247490632927	-1.19799426449529	-1.10905073793643	-1.33773161422628	-0.401290407116094	-0.067963107603744	2.04224094229584	2.80613657119866	2.18784123326036	0.51156133359433	-0.961382855551565	-0.170931144505063	1.35310440146155	0.221127362749199	-0.154161373130381	-0.146973037361744	-0.283470160173584	-0.462836105510564	-0.308123653777198	-0.853220117586034	3.12118515655909	0.129957677650983	0.412967741752796	-0.766259236648918	0.173309489061436	0.63034965057641	-0.681242623965524	-1.80064834131613	-0.665456253240245	-0.55164889164503	1.20096631782887	0.701478750047416	-1.02201544439276	-0.410593051249781	-0.111804427335351	0.892653615956666	-0.282191575835099	-0.873871464530933	-1.37814566695353	-0.748829706540579	-0.353705993665312	-0.351152122199567	-0.803437379262756	-1.24546506463923	-0.41457221391788	-0.680306430918629	-0.849358025266321	-0.35884787570342	1.64945491585495	0.575340367545646
-0.727661760812634	0.174368239324733	-0.36051668427365	-1.18361091863793	0.166580164043676	-0.476236280332892	-0.654593221520193	0.15802316720509	1.64642571040581	0.389233044552952	0.72626293145742	0.517383890948479	0.282421467211749	0.508111279222689	-0.911825587337436	-0.159888579093975	-0.285000451647655	-0.498078614742825	0.3372947718321	0.932469896155984	1.5886861631327	1.3449312104684	2.49272416296862	0.988032659758791	3.18762728877348	2.21058391110876	2.66072711375824	0.429682803064454	1.78128084388905	1.55651882895432	1.94180801017677	0.623675211469068	0.978142744453463	1.09225982667854	1.25703916530706	1.17169199422813	0.328227885644981	-0.422914729910124	0.0758206130429811	-0.358755426814293	0.818601300565523	-2.19635397309066	-3.008401135057	-2.31242135413644	-1.52093502476308	0.864127195932637	-0.909289877705407	-0.73324662772976	0.392237794483249	-0.932830636593755	0.869387143841448	0.76906154505986	0.622769268666139	0.684217955074477	-0.522165750288636	-0.310753030937027	1.37452325281445	2.15347198651154	0.932106670646745	1.63109433103863	-0.320918260518515	0.0301746211498197	0.968666113976114	0.567216996969892	1.41884110729858	1.19546158351296	1.34628389794693	0.627883836540401	1.08835248556129	1.35166489514275	0.596752257142364	1.02989698827688	-0.192409770651507	-0.891925357425557	0.541000582001816	0.0712277653019027	-0.178521061950461	-0.387059650854056	-0.939058413089928	-1.17446497140694	-0.543040138441915	1.48398614296189	1.08309307283136	-0.368721970009013	-0.452656251499039	-0.837172871335832	-0.421730660158664	-1.14026015910044	-0.610495260741067	-0.036883520977796
-0.969520327807056	0.689563622510382	-2.29105688743186	-2.88332557580847	-1.78998816322713	-0.558439413630645	-0.224646852922089	1.33855399996046	1.18854479417502	0.489498400138938	0.02870101869289	0.524176404675396	-0.100537679567659	0.811736792285751	-0.758747079081375	0.83269926449567	-0.0340759901430757	-0.461909651407744	0.827230894105466	0.619502851439382	0.26089433324932	0.320030961704333	0.371816007197261	0.744250446510055	1.02212047854961	0.231239213679726	2.01487405268055	1.34593130889891	-0.369340441520707	-0.335099451318489	0.722165972187053	0.908138149798062	0.0200114315841106	-0.28660744519832	-0.0993392695505636	-0.0995773031093585	-0.00730024517537258	-0.501867692885521	-1.24874098537738	0.344357373466624	-0.381161611580281	-0.982637422632664	-0.815521811784489	-1.19738336910282	-1.27856203745807	1.20847718508291	-0.690357128816214	-0.762581699308146	-0.998447358853372	-0.205269566568006	-0.442714767141764	0.371516374883124	0.145492042546385	-0.106097173823608	-0.0296496876481483	1.04918855834345	1.6005894260278	0.933784988234398	-0.631518434485088	-0.803877865844982	0.0982598036883745	-2.19954536673371	-1.58663526631086	-0.243281987132569	0.16466822433169	0.0908782054554213	0.453023767704369	-0.343445618631931	-0.292495874650325	-0.291052195205438	0.348587610395029	0.962918047491081	1.47539682775487	-0.78592547303661	-0.404062228777419	-0.317101780966965	1.57642454661341	1.06087626100674	1.79805165178496	-0.266455923885927	-0.217692996276665	1.32256783369874	0.0923927363098413	2.06531987917827	-0.571671215960355	-0.844599851120108	-0.133574902389733	-0.630011113657555	-1.22446155785816	-0.0252799288307052
-0.159184134619659	0.140979482659209	-0.390144027348661	0.444331113966219	-0.536313228180078	-1.19525413116573	-0.654892107981553	-1.11374174518012	-0.262918016666806	-0.594247733767718	-1.06502144491269	-1.13701549707568	-0.752000972660496	-1.40169279713954	-1.37008783418986	-2.3762868697716	-0.561822676040535	0.00431879950210069	0.610865510243444	-0.119654916516092	1.17746530523344	0.38117896825099	0.49508341428877	-0.306687128551945	-0.846330194981546	-1.39113259024307	-0.26102413115777	-2.44108738601487	-0.692553579119551	-1.03172321496372	-1.68631080170142	-0.608429995446102	-0.466873683272244	-0.0554182175997993	0.558892587811645	-0.353891314138155	-0.097278799067972	-0.802675611564373	0.656302437036403	-0.939003970195139	0.370777562292667	-0.25545563602775	0.109449124038916	0.5252752425708	0.0265688440453891	-0.909340996722362	-1.45244899699158	-2.15088652957975	-1.41552261668067	1.21387284975698	-0.0926773648435964	-0.735238285676248	-0.881537385572605	0.25041355427199	0.323639871849513	0.461152542514172	-0.402414427163075	-0.488723162722315	-1.16353702657685	-0.530244194944431	-0.837108457311625	-0.0703735778577818	0.276642460040169	0.946997486760643	-0.942900077858076	-0.481167810929192	0.276426529575708	0.664062400638147	-0.67151134345738	-1.33162372234827	-0.181923729018229	-0.316349701148894	-0.128729251328499	1.02239225991078	0.807825261809177	-0.475234017218213	0.426016557155134	0.61499770242147	2.72546511830444	0.76245136252651	0.133740364642345	-1.13129376455221	0.0662728480438284	0.625975599010532	1.66745732231821	0.212327052488677	-0.890572933495434	1.01477064490152	-1.35888109250674	-1.05610391163137
-0.358911697090776	-0.473899325302521	1.7515709226297	1.96312783201281	2.20842277451717	1.1692417257143	0.799897175965192	-0.148838410210255	0.598485977610566	-0.65983270554783	0.266634099672042	0.538940040576191	0.429703535299423	0.529718511297691	-0.132480753128208	0.634273783819317	0.359668225516263	0.327965232608226	-0.2016279206814	0.268061988647262	-0.291392561519361	-1.42160689256087	-0.953448872013227	-0.927484567079136	-0.404746328520521	0.260025837153857	1.182057398868	1.03909027689927	-0.934893795332837	1.32090390620172	-0.9809246775672	0.869914509367028	0.14110327274588	0.19825055205796	0.516934113543794	0.714003457443235	-1.62920573173764	-1.00300898287996	-0.594623214641394	-1.27525365637468	-1.87652262955119	0.733491324598989	0.564456860364568	1.03236364678006	-0.165128409267403	-0.929787151604477	-0.00411342892021363	-0.576619138162873	-0.373832150003218	-1.22840642697777	-1.77715924182932	-0.899951304576638	-0.32911910823568	-0.904844678002687	-1.18015545523118	-0.96360272085499	-0.422773426800677	-0.598048387226844	2.01922561976758	2.20888455171556	-0.359722948672275	-1.67665556877769	-0.226394004805992	0.142393601299772	-0.324766320381779	-0.723310390114794	-0.599570321424255	-1.91217995850754	-1.52861354587746	2.66362483204419	-0.996860343016142	-1.48528472412099	-0.247743562959776	-1.21399126272074	-0.588383639779137	0.74657583048853	-0.0306877060947498	-1.10356328268445	-1.59509937115364	-1.70189020436636	1.02090310311984	0.772809985816754	-0.0712970302915633	-0.0331537712820757	0.270059881214088	-0.470486819126784	-0.319557559491185	0.233569304378334	0.0595496603295529	-0.104604384114754
0.310072859195433	-0.929123475663087	-0.88276525620123	0.250990602168676	-0.794771810412809	-1.01625414594552	-0.203962034279728	-1.88740165585515	-2.10398351743136	-0.90109969067515	0.08539299682472	0.283190505050915	1.71976212302674	0.713385255104864	0.119414943036173	0.358433623075063	0.616929980261136	-0.410013122770438	-0.516191121149399	0.485473435975213	0.82914852015567	1.35717866495842	1.22017988989687	1.30571006419945	0.363175201931729	0.900970159995699	-0.851225735914705	0.0525433735504864	0.324120795588145	-0.126634339528694	0.0936376121582985	-1.48742427794573	-0.704099813169661	-1.62890406491196	-3.04502351742775	-1.82141427522898	0.904533098859053	-1.31473591322025	-0.703228076523319	1.33219875224026	0.738813092278292	0.51341904715221	1.60401763563668	-0.210316357183173	1.54210920955775	0.931586155012148	0.854558789866467	-0.237843603640427	0.695106251354693	0.466789569281155	-0.858505068785209	-0.108350818357378	-0.312769855345072	-0.191315965082062	-1.26202551509819	-1.80916277616983	-1.35007745440695	-1.54033838390791	0.480580954114953	0.447525292792876	1.31963006677108	0.99957624907249	0.186050222184172	-0.257605798544294	-1.51201363306061	-0.635138328398911	-0.584685587448419	-0.213123126803104	-1.07346346687461	0.565687763729673	-0.871214456963041	-1.01216815808889	-0.629795085502617	0.520272648488392	-0.054765376731473	-2.21944948751471	-2.20161730670361	-0.339118928813007	0.836229998346192	1.42072548519167	-1.69963932954074	-1.19741057491232	-0.667495461885675	-1.28585028916125	0.0152822126228438	0.261666995625855	-0.13646301593415	-1.22826087026482	0.41181829934355	-0.00612787418895993
-2.03914025471551	-1.57672843625906	-0.531528964921672	-0.679236762275261	0.0415682466456848	-0.874109596455701	-0.344485683959971	-0.25912738211921	1.74634693009616	0.863270312207696	0.553839371195467	-0.43700415080636	-0.244484682231192	-0.962687550506991	1.23681145238823	-0.655646110133766	0.905884088322316	0.952679890649494	0.552602824888575	-0.154559002322642	-0.311759526092318	-1.0231613185101	-1.12616144415518	-0.024862142526809	-1.01014257307682	-1.22179067327849	-0.323309817893092	0.893778206400489	0.248429873493942	0.794897171721382	0.355794604425925	-0.668060607911664	-0.916236799161784	-1.16404947320491	1.34121870962795	-0.10736111096724	0.805340143704433	-0.447111023412864	0.118774405303913	-1.32163045008522	-1.79285559178965	-1.75074291260927	-1.44601587267157	-1.70134705647003	-2.78893165539989	1.43101499200863	-1.71481689338015	-0.380978034942355	-0.0464464743310938	1.30854747099575	0.151215358973953	0.2046409903203	-0.503989251597737	0.736360773088582	-0.769730914217755	-0.343794940998436	-0.334623863748314	-0.188669292068635	-1.21000338296547	-1.22830369365802	-0.860831821697171	2.21966262088461	2.03308699091033	1.06961299544305	0.160843955492016	-1.15082332920297	0.203239234270698	-0.258639868319598	0.380224613323575	-1.10313643249694	-0.940027245270152	-0.824534172799762	-0.852438450621574	0.669137691752199	1.48945130240259	-0.22213019751575	-0.342046405021376	-0.50998287431156	-0.594710948518423	0.608236664009339	0.598498326876311	0.51458333825942	-0.604196977794084	0.0776153902911048	0.750511364670228	1.71167213445243	1.16105868909706	-0.117828926711902	-0.779670691871756	0.85243117363734
-0.218134417394322	-0.0365920575766387	0.0289146024516792	0.422940779642851	0.362642394597677	0.425314712318176	-0.259373043096442	0.0482317994889911	-2.63644216393684	0.140499125432689	1.64844530253317	1.81417253430774	3.00728099304806	1.09275570843413	-2.54260380433774	-1.10277973646496	-0.704809930774402	-1.09894277065178	-0.411190997268956	-0.994252557752125	-1.02941949948195	-0.357231707496409	-0.0800819240719788	-0.747804884118923	-0.063383082004935	-0.559194711339333	-0.128988110809228	-0.829842013019611	-1.74646151168005	-1.85391579053311	-2.3428308192311	-1.63108986583198	-0.96031479572727	-1.05788678120249	-1.334553271719	-0.801754592495874	0.674302023487082	1.03989354901726	1.75711603831475	1.60025973390431	-0.46486768261916	1.49725112086166	1.8361626360184	1.26006572346478	-0.107767690759414	0.0186900580899144	0.335863509833522	-1.15116442452499	-0.700484437094264	1.94382420414835	0.14564224298555	0.62294925381608	0.499266063475107	1.59083675065885	0.0577230782952259	-0.0405412718354198	-1.23569688731974	-0.201456802181801	0.32603280515084	0.697598366447396	-0.830423348080548	1.00770891169551	0.120929144158963	-1.18940678778607	-0.719593446602362	0.115599074283856	0.682280926122671	0.35973053405016	-0.100571677758772	0.55320286459136	0.730072516117609	0.462897180294158	-0.241724228189697	0.0201388219501955	0.777138628534568	-0.91150961530989	-0.940366832110345	-1.12798392320952	-0.476687901849909	0.480249884000646	0.66040891104031	-1.73637338718526	0.123401271327715	0.794946513289672	-0.0660262696096233	0.740010540905801	-0.011100057961388	0.907798735695306	-0.36115421607964	-0.106100577552241
-0.721333831013221	-1.82370322187818	-0.136304537236667	-0.743670517228074	-0.777203244100547	0.635081594807137	-2.41860461492652	0.44235184664487	0.776334490442209	0.363678565499268	0.0125917316015527	0.374731083610817	0.705963458788933	0.362551271398527	-1.13943041160567	-1.75341208169195	-0.978621676054134	-1.9073499644188	-1.75940383746529	-0.474596572737766	-0.46802356467403	-1.84463474922635	-2.09633973711515	-2.6129794637575	-3.1029020750853	-2.93296333587808	-3.72923122492981	-2.70342462223372	-1.52708281727458	-0.819780796613148	-1.3463964413347	0.0305797609957836	0.439764952156217	-0.244514127372444	-0.232845258228845	1.85314969845205	1.33055413373602	1.2603627937419	0.663306053671437	0.623925088167899	-0.745390169224929	-0.145038374016792	0.391804704572895	-0.0412873789319891	-0.558845135070016	1.45861009898762	0.670894795377039	-0.147018341838382	-1.26208959997775	0.658250889896432	-0.105762111321928	1.41096023330559	-0.758107924830734	1.05325873218129	0.234221418956146	0.414799973295138	0.501106015392431	-0.128440442080689	-1.15777972683078	-1.28434319422653	0.082558602410083	-0.416959963179843	-0.876457693319028	0.480322567822061	1.58202542434854	0.409386773919885	-1.07977055771001	-0.2130564194658	-0.0900403274120979	-0.987377898045131	1.08890534212332	2.04322739421785	1.49679439443366	-0.323175788886835	0.941768201060183	0.716193436949939	0.398628886050002	0.422662002837554	0.0815644083070344	0.0216584403010388	-0.269457147232032	0.211743273479926	0.0335904698346841	0.508403842330848	0.308928021064437	0.0153525443402775	1.81321884024713	0.422394664317804	0.601438427821389	0.735333144243538
0.730256891115285	-0.67086749225729	-0.683640326123639	-0.694555761298262	0.0508395959405718	-0.55888758437369	1.95971567056086	1.71907072943829	0.0217549836244755	1.06825531439792	1.74229289179976	1.486535575871	0.6904124684894	0.267381710147392	0.46390598394042	0.881422709833332	0.818593320127559	0.812537572893828	1.08335655345034	0.401117542148498	0.750778130307812	1.87651334946207	1.0092275832752	0.914885354901039	0.525708702261777	0.809081617450859	0.521211514491499	0.357616233925423	1.21999685262871	0.444320561173871	0.561444551625212	1.73020912088673	2.51775524823258	1.81176497116725	-0.223479684516066	0.245075974186282	-0.633711752550703	-0.138912478786801	0.585036472248739	0.272477605399635	2.34385335617675	-0.676412883137558	-0.841393757980369	-1.06850122968306	0.287966536462617	0.125802509799329	-1.93327970773019	-2.13738231477647	-1.36312967902893	0.27795368317171	-2.69363963471178	0.0787851149419901	0.211914787773358	-2.22412540975059	-1.04367959644021	-1.10109416500024	0.467126869104803	0.578716146129749	0.00027253972639529	0.537646400625692	-3.16107068614686	-0.18042290330248	0.24491710269758	-0.719532328372609	0.0117083833698334	-0.758644325371425	-0.504740112425344	-2.54083946133008	-2.41553598637753	-0.307897344457832	-1.1684780713709	-1.6779442827385	-1.25727311196864	-1.90076010463936	-2.75811194864155	0.127333231674277	0.508897816634313	0.713572164124442	0.378236133360651	-0.0581293413445213	0.454990297576562	0.7621947670221	-0.502509965856523	-0.284247151405175	-0.0579785395202226	-0.112063478755641	-0.547566915674246	0.108802888397292	-0.809658939622146	0.865329307092697
0.622002050402241	-0.594355733640667	-0.881413047572311	0.0167246879137483	-1.32224727823854	0.393866453885249	-0.0418416292444981	1.03195721449468	-0.875614050460317	0.826187155377262	0.896796591033969	1.17392503833779	0.855428011185035	1.76191168912279	0.896694255471112	0.165465833862199	-0.0469605403271535	-0.366306200444494	-0.890457134757982	-1.44826613308426	0.0913150439368624	0.0939287317752716	0.209833237716706	0.430797325750509	0.388040912909417	-0.340660191514784	1.23613155059695	0.263612981303093	0.357222242383497	1.08710223102166	1.03282821334363	0.903109064121211	-0.376153013341961	1.32028997502777	-1.34842985588546	1.43799060323753	2.64563048393549	2.930932083631	1.86728428237849	-1.43134013237731	-1.03406285644415	-0.219249533021033	0.430669010670761	-0.203366054221311	0.169999854773916	-0.257649922359712	-1.22919326964218	-0.451310020101482	-0.525794842957447	-1.10977249574563	0.0857625179042214	-0.385238353436669	0.0368145192078735	-1.26538255988525	-1.96042184534444	-0.772447641753874	-0.874391349055374	-0.227652529297693	1.58269372958163	1.97266341771076	-0.390226116032107	-0.55276700331838	-0.743885506615735	-0.580403196209005	0.754416621808527	0.0457685777968663	-0.679427399504677	-0.00202238954450954	0.358412060075044	1.08374128900649	-0.779266150494113	0.00848419840767533	-0.106700847860367	-1.45853366428322	-1.0190535140095	0.477145417871151	0.78629016517722	1.61355039604049	0.16555967543684	0.233446278773917	-0.242013622474354	0.151933614445917	1.24443973786174	-2.24713359684884	1.07682769398399	1.35909594346442	-0.186863079137359	-0.525032778980977	-1.50262773146423	-0.993465620125113
0.391725524170882	-0.294789791519551	-1.40724252823485	-1.42965977204814	-1.32488511027973	0.198716000353244	0.602854571215477	0.835950106776103	-0.521407645198069	0.680533599003712	-0.0986023994052175	0.825891917054105	0.24910609448015	0.268897545607327	-0.422105016782152	-0.367559916659172	0.93175501552721	0.508871070535111	1.22085697446524	-1.13578465108395	1.93171450001763	1.95766286550972	2.22583746177872	0.650286645134319	0.739625176009809	0.366745750820608	-0.342076527511753	-1.34244845735206	-0.0280586825815932	-0.333553062042668	-0.869285103619435	-1.07064468008641	0.149205206573831	0.677622194072039	-1.84524611212332	-1.13310783566054	0.890359965897468	1.19594410579091	-0.20518279589114	-1.34478813742063	0.543440650777169	-0.438565934923103	-0.277037561205393	-0.193516864775244	0.312855624773852	-1.35066434560319	-0.643887516138047	0.888571457138083	0.383874388828475	0.122970187907178	0.886547309495149	0.960185617112274	2.40233443736369	0.560682995129277	1.60144026302429	2.28614893373021	0.267173128776024	-0.991438462081024	0.757793244920431	0.420344362298449	0.275468529821824	-0.439258873273106	0.686910002778603	0.60706224303618	-0.0366344268043722	2.38593559620737	-1.32393295400222	0.117329422375266	1.17816084546018	0.697655554241032	-0.207582975943608	0.0473047058793314	0.240779662346331	-0.0397726540523913	-1.06243199583093	-0.465735788507723	-1.09871751421411	0.0035770191341282	0.6191955843002	1.21074363769162	0.315150356533679	1.86211880261462	0.543491396207773	-0.964234274911187	0.110467884689162	0.00879087798169385	-1.06289989490977	-0.773361939961541	-1.06877811145248	-1.39488034723508
0.56803733701896	-0.89836825873657	0.733952646539106	1.29119058724835	1.24800561479456	-0.226892869959185	1.64306259620264	-0.526188236366813	1.77588912435385	-0.0188526748772553	-0.642825804765949	-0.743399721548649	-0.565700204750417	0.0953957668562475	1.60988670645369	0.0371922502925547	-1.23570635203821	-0.753162379867451	-1.79245111238878	-1.44894224143784	-0.541152512407303	0.427025160261765	0.871408006022684	0.0999393250830591	1.19745078470502	0.284337121588542	-0.487768968723427	-1.65819338291156	1.02005685336927	1.09377008255042	0.832031465331208	-0.559598886359309	0.682518719632676	0.343033644002967	0.263696723571416	0.253231615559181	0.359183170506422	-0.749493124487515	-0.1884196198191	-0.642483086610598	0.406425486024926	0.999628130575266	-0.478598320686061	0.187399954422582	-0.173030295554317	0.333359991082111	0.0648964441348016	1.30165063735254	-2.09606324978565	-0.308123338270495	0.0828610728400431	-0.285748685544837	-0.161082803299232	0.256903303127866	-1.15004782491595	-0.979318122248523	-0.713971443433226	-0.646070600959966	-1.822089476197	0.082974016918675	0.537623929551255	-0.287241502061488	-1.21743317946808	-1.55496542409478	0.406352562806741	-0.00667514025328278	-0.14103789307543	-0.104228471690947	0.203082248674922	-1.53055947688958	0.600595673496413	0.434056503384942	-0.992763707540214	1.06262157641814	-0.780755294243274	1.02152208745975	0.64643079382757	0.220887281455023	0.10341898175885	0.587523774147203	-0.839937762508088	-1.28403478758673	-0.0628492887345586	-1.40781821873611	-0.809711842341844	-0.41234064509277	-0.867140039394255	-0.247483694167097	1.62920428732461	2.37552508940399
-0.751638419321055	0.616976439053611	-0.167445915700164	-1.22420704072274	-0.355315217790457	-0.148324760496528	-0.351525665688692	1.21456926899486	1.88631078098619	1.21171840660606	1.39322022883918	1.33520836490747	0.24313918358386	0.611423973745778	0.501455033610301	-0.396633627298407	0.124769840032408	0.516433639822365	0.133668731776147	0.259343582664828	0.687544342572687	0.380484509126197	0.614774604823712	1.09003842708855	0.661419898557534	-0.507466349005308	0.960372384351981	-0.743750009576896	2.01498771396878	-0.492095781727291	0.937169294736293	-0.279172723391794	0.955695025793524	-0.292176902590819	0.8502122824307	0.986325067298327	0.497637628687747	0.542342494961301	1.17224855009531	1.91325040401206	2.28013611786418	0.547822728550648	0.0521934033233634	0.366561344847111	-0.284012657430643	1.06935214652454	-0.502546902163237	-1.13611570848318	-0.624020040260623	0.456662421505437	0.398050371443746	1.59380623378091	-1.20276595700737	0.903191950284491	1.6947095069072	1.20459908873786	-1.29794816362302	-0.470188516627997	0.406663656964433	0.242535991112228	-1.47809781045391	-1.15177437807634	-0.721962851845348	-0.701618319927989	-0.639654028902332	-0.867267760577828	0.214712577345266	0.564000957796042	-0.133019720892057	0.626978376602623	-2.52652832921574	-1.68398575828211	1.36494333564511	0.0322132132784482	0.452242452709495	-1.27062433012925	-0.97989986148785	0.459639628558511	1.41469227529995	0.275755239011417	-0.435250763375177	-1.64025329030614	0.595489118649773	0.897937762300111	0.668176032234837	-0.504604902094722	0.875322084978561	0.104304742302205	0.420242492653979	0.493726889742645
-0.294921747926954	0.251360723432632	-0.442572016509032	-1.32697289023894	-0.445267919390606	-0.451206868467471	0.222641574007253	-0.0529049242950901	0.0717353562796487	0.296855835745161	-0.20176503592722	0.716703403124986	0.629274571401899	0.675865723777839	2.0810227944155	1.00637523904826	-0.453481037582397	0.236726022837093	-0.639196350615409	-0.969340086458442	-0.607326020340284	-0.194832328122664	0.561431676143054	-0.0282058623062174	0.33739339525724	1.05297365231922	-0.548807809958359	-0.362276898971846	0.0957425665714906	0.875207809749376	0.448506249054612	-1.56744388943898	-1.22289837187227	-0.346113769169077	-1.17757180232722	-0.679837858860898	-1.26397773479157	-0.0565828575491723	-3.06394236962067	0.22946275080492	-0.505871775647971	-1.34560989669746	-1.34755534636609	-1.35030998164546	-1.17882434680932	-0.570892087183631	0.54716073492245	-0.493837369142484	-0.314975110171814	0.553400780427003	-0.206739512249513	-0.695281781187428	1.55429351312888	-0.180447742610243	-0.83699125311204	-1.37121923683722	-2.36494115249128	-1.86490019193579	-0.183410973411063	-0.270541826238994	-0.467714199192918	0.913901215450139	1.15359171517329	-0.182946314067288	1.80266447161348	0.479102489772403	-2.62917372456898	-0.506417146447495	1.00418213594095	0.188247165142701	-1.36357944322412	-1.9153593953301	-1.56121957808484	0.43281189370769	0.0182575824629365	-1.03827377411309	-0.271920551374568	0.101881584288123	1.62627024468982	0.992487300723469	0.160412149876327	-1.13065211914516	-0.581845071502032	-0.890097597468284	-0.585396476786931	-0.597891119992892	-0.564008791933651	0.0584745102829285	1.75951014399569	0.787159347507007
-0.504256445229732	-0.357128299245977	-0.639279954591326	-0.757638326628586	-1.13558562678811	-0.728148148011163	-1.35646051345006	-0.8096928581413	-0.431808090712252	0.806793171792873	1.37807928656618	1.60330625709806	2.17479865211709	1.28044402264824	0.781891700862685	1.16940891999465	0.676174666033617	1.05065412384256	0.417924183117225	0.851347687834277	-0.517200502770491	-0.107772685623516	0.0513231993539792	-0.407392738062606	0.797745215685558	0.367785679324814	0.132023376752772	0.686953137847598	0.274101329343463	-0.0682873144534015	0.789669427752465	-0.247876886161363	-1.34664323960175	-0.788979758176193	-0.832326662322868	-0.741211724362222	1.23155579047736	0.235592014058903	1.53720747830328	1.01712773577429	1.58920553609988	1.03668486837789	0.159475083648924	-1.37280100679163	0.133732315106981	-1.63321515086236	0.0447373773128871	-0.356438525642104	-0.849145326424468	0.491453225193656	-0.0256159917797058	0.34643239528795	-0.845390792717195	0.682628761614397	0.79315992819985	-0.62477940333187	0.318432760509664	0.0886967418683022	-0.325007400982636	0.230616615278277	-0.104405268350974	1.53822861448406	1.2575391887352	1.76348761176989	-0.447708951947431	-0.847524024204974	0.68326363687847	-0.30024784223177	-0.573522493461061	0.390768785415423	-1.05661782316775	-1.53616105353802	-0.085240421664645	0.504900829647328	1.69419049744139	0.467725045616406	-0.67735002466016	-0.82594502133126	-1.29628013390245	0.26597830909396	0.390886966733897	0.341766061706886	-1.49013814636118	-0.207458878934305	-1.37914570501775	-0.616716148977367	-0.342985574740951	0.219205347341885	-0.953555726561057	-0.834271236770637
-0.796657686413501	-2.63050601538311	1.67715688505922	0.724937576748468	1.65746432170324	0.095515038175816	-0.551752502619165	-0.964540823987361	-0.38416646116686	-2.31388370953888	-1.26902594038981	-1.76016124315454	-2.77115941215017	-2.01028629463769	-1.51329418594138	-1.67519518980444	-1.2932154721513	-2.82835381306042	-2.2483029975081	-2.85857036941758	0.118961346965089	0.145237752810982	-0.279519426229664	-0.379730083912155	-0.194253132322173	-1.28579182797876	0.344467555675946	-1.43121168347895	0.13837833037655	-1.95577293111436	-1.53961206569094	0.0325755717442251	0.771479940089379	0.238800971588964	-1.05109092078746	-1.76562738055006	-2.52655047630444	-2.61533807636109	-2.13643035265786	-1.89615505708037	0.974695734532438	-0.465349049247634	-1.97675778771417	-0.953430090154672	-1.42966482940523	-0.994061759896076	0.0776559724658842	-0.0537891176268083	-0.490491687009037	0.327134012485588	0.980272733496224	-1.62209962433349	-1.23809110541438	-0.306473691721598	0.181740544522157	0.0971355531984458	-1.23343927146371	-1.1894219438146	-0.968779025497492	-0.374066505332085	0.456451268048312	1.77208345880121	1.35661930936523	0.702316482621656	-0.365089522953985	-1.06320460918518	0.56013402610066	0.898717436223699	0.500877782416249	-0.420519109394451	0.334688489286029	-0.995135384681364	-2.07472308209374	1.2128240770308	-0.74454228431449	0.689504012652797	0.246055405203259	-0.722754875516878	-0.154662784359945	0.55694908181872	0.729136061038483	-0.433282181678299	-1.28460142392951	-0.476786081063174	0.509594230804512	0.840652974540603	-1.83990292585784	0.918586979014329	-0.0499438816220365	-0.144899981150393
-0.697478323475999	0.957456017043197	-0.238378499421465	-0.216783390206499	0.231422023723344	-0.466228982525772	-0.696587731418924	-0.169520861497347	-1.51186793359225	0.181171829797434	2.37263206568884	2.35555317259818	2.50088256319241	1.78034963158727	0.529646762612255	1.16511754518939	0.815230495830795	0.804026466686993	0.502723753608632	0.74024642852211	-0.0111782120096595	-1.49469710386212	-0.67660836713562	-0.304145251955558	-0.973739904028937	0.386700754103634	-0.495956114451022	0.0321201427188801	-1.69117981115546	-0.0156236569117206	-1.70902915334972	-1.73310679142086	-1.12406756535716	-0.624536476463146	-1.18406373285736	0.0673244908331628	0.270396706537354	0.0282717844024425	0.631408799599113	-0.472590317681891	-3.22176232580115	0.0607548799307354	0.854720198320841	0.450211136204059	0.139521788356169	0.903240053732412	-0.533158399797405	0.994616159966386	-0.0692111972704724	0.0279089543953184	-0.384922979942567	-0.434808597229837	-0.299763634791932	-0.422728086668306	-0.166404917192585	-0.149323273537828	-2.46631806359287	-1.351399306836	0.362453593941834	0.729724850076423	-0.510158179498926	1.09483470907822	1.12333431677116	1.50546475035421	-0.862576070264203	-0.319603132667827	-0.56224128487821	0.297216335082333	-0.837685541209184	-0.462183046667236	0.148042024252849	-0.186436660596395	0.45225063633834	-1.69218391332158	-1.12093582900625	-0.619440232036201	-0.108090360424351	0.050465659619861	-0.866442217813161	-0.323282096597374	0.921407131614275	-0.422393136221052	1.47712836887971	0.705233844044127	-0.385365446784439	0.611426453232675	-0.465170652114105	0.0851475184607647	1.76286908252597	2.40300701277334
0.0335390292939546	0.488824833583506	-0.111103557100677	0.59325736420374	0.542842890188601	0.146538963951073	0.4665239336886	0.653907611165704	1.10185844167812	0.353105383950252	-0.590779726167206	-0.373510056398067	-0.664831050770018	-0.256629206619123	0.369296558276537	1.76950108663492	1.12143995654602	1.28706901539895	0.0929071055665616	0.767094895533403	-1.42767657854624	-1.97622061330361	-2.09959845476003	-0.9841609649857	-0.813773629023095	-0.472463153772138	-0.575903442710547	0.205976071923717	-0.596851698501649	0.335808926128444	0.28759922669356	0.635880490280482	-0.225646882158309	-1.84411860116199	-0.110518212206358	-1.39780941614381	-0.448810013268913	-1.00535074386217	-1.02065267624626	0.192232911902542	-0.0911593864683968	0.358803071372945	0.103410766633188	-0.630475526931792	0.962967005100895	0.066040947492192	0.297612449685568	-0.280407800887297	1.56481326028433	-0.185335129790109	0.271567253388766	0.512936131994288	-1.25536897385921	0.507576566890523	-0.430703171304082	-0.373715263645168	-1.82572813080165	-1.09546762214233	-0.258134154302549	-0.248462894341011	0.507570729671556	-0.458064957785005	-1.52720642581135	-1.56823908992591	-0.360508443415514	-1.06733552979643	0.636153428715764	0.100285886193868	-0.464125250230168	0.236004940872214	2.51251060843723	2.18742190895186	-0.0246801574003689	0.734143199243758	0.519275868611301	1.29483116190925	-0.0854686031186955	0.139395234484413	-0.309687342378152	1.2074196557855	0.314259500648401	-2.70894208954179	-0.65212793128992	0.21393516877107	0.210741358564408	0.599421855475508	-0.378590427601677	1.03585591283236	-0.607285473070007	-0.764044537124227
2.416677445014	2.1229583258525	1.65612472970129	1.19819477770899	0.803525830560066	1.91587483908404	0.14588174459637	0.218173567288934	-0.0153951384205954	0.260004254813462	0.181572233704927	0.0758019746305097	0.292841245168773	0.723854802252249	1.49553087123799	1.16904572016464	1.90989767780094	1.30367018143693	1.37098990168679	1.61156855660677	2.40234565949895	2.22461036999496	1.87315960214975	2.71166177812484	1.0397837439139	1.85007842045013	1.64425165217225	2.23111337028363	0.384922449706924	0.807464827575935	2.20889166708172	1.57974267871403	1.48849549340509	0.629759360000696	-0.762739395130289	0.979191033250266	1.83829818152849	1.02983469460556	-0.380910004900839	-0.0836428229087363	0.0717198821697499	-0.882901734935529	0.605215471414423	0.925473932055975	1.59010503030814	0.766104185548893	0.79309807540276	0.542958269951906	-0.72260059353178	1.51249876786556	-0.199830261619579	0.826226140726206	1.11109504614774	-0.0613292527700862	0.812928733857311	-0.137084676278734	-0.541331208533124	-0.391267223284766	-0.34967115855743	0.44306260369352	-0.187678288261647	0.898527062562282	-0.0455438537550065	1.21392451445227	0.18352287602828	0.261797238000645	-0.348772671578504	-0.534276396004734	0.0361984374550055	-0.261269542874555	0.733280528668725	0.20682956686739	-0.88487689117109	-0.791199604996202	0.167989692940421	-1.68752933618198	-2.37598891206238	-3.13134882432963	-1.5206356756655	0.465060991079116	1.19983939542945	0.0557353575941894	-0.259894664440643	0.575639926347721	0.869764712643657	1.84871895474864	-0.261176466286119	1.25565537936515	1.94084979760338	1.90449651815056
1.69462377824059	0.775102482744961	0.322588657806555	0.817450680237336	-0.000658197535112803	0.583390448789996	-0.0385002156663544	0.511488376963334	-0.9502322412059	0.209588026369867	-0.340325427364862	-0.315718436205121	-0.7017755126242	0.0377845046763421	0.0604498972327176	0.285385589907181	0.641648678273807	0.366741466841459	0.406088589511342	0.239804678694114	1.57882970440036	1.88026164547774	1.72929522485566	2.59999875370206	2.09930381443897	1.7555013531913	1.06926682560632	-0.12429965783781	1.815882206028	-0.225589671201712	0.921660244486241	-0.0261723558469809	0.745789236756525	0.379931294136536	-0.750204499115759	-0.284185800125852	0.29635872710057	0.397038733483052	0.374428680532096	-0.270263055739544	0.833579473803029	1.58655238311446	1.43590503545442	1.88933821632662	2.48921174394204	-1.03319551039241	-1.45575880079066	-0.817252436837925	-0.486048193884013	0.75433632026262	-0.62411023982654	-1.46312817529055	-0.677535985330856	-0.20313750525557	0.511062284704024	-0.0809937878412355	0.186692339735299	-0.181392525225892	-0.420689298841162	-0.959663595015604	0.693475396843676	0.957113381942743	0.239022018385635	0.621027547377187	0.48010248610263	-0.279917803927991	-1.23619046278059	0.00920970658045134	-0.547243715011185	-0.59963798544716	-1.34878277071486	-1.69972696321397	-1.92477013366915	0.328026129511702	0.209151040793833	0.603723051968388	2.03161099663103	1.56729494835522	1.47364950171359	0.677063202443786	0.311490395215094	0.158167515033401	-0.638667042956456	0.128142089066621	0.825377233867553	1.33468760100062	0.250751237850337	0.516518073156928	-0.753546693469913	-0.544855444334443
-1.44648282754	-2.03106512197809	-0.897550354470974	-0.262644312794424	-1.33735028621007	-0.481127464760554	-1.81275500239178	-0.844923635073518	-0.0229716151459348	1.06818869294081	1.11447478734188	0.559000063957337	-0.133448030981749	-0.528457745070159	-1.18763812181162	-0.358662019924983	0.757123207386317	-0.296478915025375	-0.374351467819575	-0.0296287744639778	-0.363414101911768	-1.61781618043426	-0.660796956718012	-2.18824317629086	-1.71985894027519	-1.14273734056095	-0.434793353567625	0.269915612703014	-1.02024376988915	-0.533157357247115	-1.25856474316532	-0.895568720936378	-1.1238570586038	-1.16660719455802	-0.731427070077394	-0.251631914986746	0.261643522901244	-1.09222203195231	-1.28817699618694	-0.850115013972637	-1.42251729167027	-1.6375263327056	-1.71154266534597	-1.44421639099047	-1.2786880860641	-0.16401599657861	0.95202176259586	-0.224798906611134	-0.561965704631254	0.34475569999957	-1.20582803603092	0.957163369799596	-0.149177911546929	-1.01186830382462	-1.86694874479155	-0.341714543117446	-0.0116213111784292	-0.332620187928781	-0.222972943190199	0.28324034235245	-1.55537561925886	0.635554267531847	2.27536999070132	0.987884170885731	0.356598609842112	-0.713337370785921	0.258558001392831	-1.05233369456254	-0.994939865523472	-0.505249650345244	-0.136311161997235	0.443818524149268	1.56216878369507	-0.0842130146301844	-0.745847620799608	-1.93450176186567	-1.71461919065724	0.132129555999424	-0.655432143754653	-1.48209156488044	1.71013108859761	0.0799017710189026	1.19353481804004	0.376834163813003	-0.290608404383777	-1.15787941728466	0.581097043881836	1.10347915578086	-0.574932200485536	-0.653684886280663
1.23957469351419	0.267257852242037	-1.46273825979316	-0.492766775314046	-2.2124332512169	-0.844454331562664	-0.0778025922066404	-2.02420260196435	-0.654560878008336	-0.764197088342193	-2.4633265574091	-2.27702115876128	-0.875860929914143	-2.01189154977252	-0.510657597097387	-0.117537743065058	1.94748167791859	0.427071088191081	0.639332613253283	1.98077190688018	-1.62553543877412	-1.55655154896256	-1.90946132337309	-0.407605568063379	0.561512153455257	0.160716380526322	0.562933630791707	0.583930292352932	0.884239407557393	0.410039414251188	0.380122540347908	0.358678475544258	-1.26128213618355	-0.326611645882047	0.18867034408574	0.439681127584901	1.17342081712016	0.488566436308118	0.190480447970063	0.586831093170853	0.561728999200194	0.0315186689672195	-0.142678370697938	-0.772403259027177	-0.162375111996571	0.188910829015757	0.0254985486417828	-1.42319435019683	-0.994759266010842	-0.233798349107729	-2.06290623375781	-0.403433659187142	-1.20815047189089	-0.0847324519704075	1.21106916506414	1.44327180648997	-0.123021847878831	0.539027536931065	-0.0338824879802536	0.191395364463117	-0.789980809884119	-0.384342905396711	-0.117811457791911	0.594396998791147	-0.30882008718741	-1.83526022644691	-0.211844374885789	-0.479982819384323	-2.00181120336079	-0.179476916614419	-1.27596708423607	-0.663516906762927	0.0348066237312738	-0.23647484486736	-0.590607435358698	0.369373168917853	0.458203567289045	1.52963003414737	1.05455150031629	0.562321719410675	0.0770139560270886	0.236136664875125	0.415477132669026	-0.748886891010062	-1.15636102823207	-1.36375142149756	0.0159484432384272	0.157113336247074	-1.16819759312277	-1.00926232743119
-0.770659816954382	0.131040758645336	0.893456032887639	1.57975270408346	0.892019850688873	0.144501836262752	-0.551114441380729	-1.11379715814232	-0.661071623429232	-1.91388787548699	-1.07113538119675	-1.21703303783772	-0.899303252436854	-0.801388359110418	0.36520801977111	-0.192171094731743	2.4381254879398	2.82156398700933	2.45671181836192	1.15869036863258	0.331451564665623	0.595429042727915	1.44848278011852	0.539984386339036	0.525996297369429	0.908872204694058	-0.243355013856757	0.892520612054485	-1.36539261918827	0.120240021560413	0.0496000352812542	-1.27590025763796	-0.971051159078507	-0.533140214557472	0.690961229307716	-0.426231483569265	-0.351845828495328	-0.767746367822633	0.0999088871621677	0.247553362503792	-1.12008729713591	0.397819992436764	0.348260528539071	0.143603303221625	1.04801225515028	0.345960383319402	-0.775046939729082	-1.11331211810809	-1.6610438710027	-0.0317021403734929	0.0633239347127898	-0.637360606118265	-1.36728039493673	0.507956451753116	0.393604766182917	-1.12349612986085	0.700030622368488	1.02606506188652	-1.71011824287873	-1.82669614858417	0.0323368016012757	-1.56880571856437	-0.630114652609253	-0.327700702607176	-2.56499655718681	-1.98220813838203	-0.221080628471713	0.278875250237883	-0.327675154262238	-1.85794649613239	-0.210312597889303	-1.55501967382751	-0.63961192061392	-0.505318476736354	0.484032345665284	-0.930224954332401	-0.650123993088915	-0.475618457996306	0.859255895823421	0.642786121861975	0.361094730210953	1.57009015662431	-1.94173005027953	0.525409788063104	-0.54991234961092	-0.581391652644067	-1.25567736471384	-0.552822643342034	-0.867378692619116	0.713408720139512
-0.317438440557961	-0.488206497034096	-0.818444188898183	-0.323908866764948	0.0481847848481661	-1.05824482783724	0.0883117810988498	0.179446861926209	0.433890551925813	0.316302643351823	0.763587408619361	0.687790304165802	0.770031588336565	-0.731775605523183	-1.12726479346982	1.24754527270559	0.0044065700716091	-0.311601097546996	-0.0685308716611844	-0.0697199561745906	-1.89902218600649	-0.469940309924205	-0.188539013493706	-1.17022309134659	0.567543463066558	0.152670542176536	-0.948268793520477	0.449108881932193	-1.36085064482471	-0.721604071027707	-0.391293997870653	-0.336915600000427	-0.522490410263568	0.329138985888002	-0.105106985206652	0.0844911855576171	0.315010453685163	-0.268581659791605	-0.316151895371736	-1.14942365866111	-0.441087213397532	-1.10305717306303	0.132147749842985	-0.69388632092324	0.65102559380698	1.95667257882518	1.47657629214091	2.09867664755661	-0.106376998101821	-0.38345723674229	-0.914212524635544	1.62202942976495	-0.314945292734206	-0.792830688712183	0.478662969813543	2.6393526876548	0.803887937368568	-0.283937786661918	0.561456859145785	1.7085343048588	0.839936646719191	-0.80725874346999	-1.31853314877003	0.161433594987172	-0.761459495824159	-0.227004915503	-0.560167677394691	-1.54982672312738	-1.51941093112637	0.683311113230566	-0.892405913261868	0.408667410808684	0.79849382644593	-0.754856951457144	-1.45330302173325	-1.24938873115935	-1.09017515686323	0.3491443953129	0.48823410826655	0.633666729949048	1.66623789310708	0.0739684967978574	1.87071740341783	1.87703128641319	-0.125477243041501	-0.0113346456080134	2.19702483960418	2.25118866474772	2.10412747072467	2.1285909083884
0.51115118493395	-0.162642616581903	0.108081118160002	-0.408125656739086	0.847424838537906	0.26933939803978	0.972763242188008	1.83352675463006	0.322877257882553	0.353304506297148	-0.314098695565858	-0.777936055996413	-0.715135291771579	-1.35528101490069	0.0887528436535759	-0.0243253584127951	-1.03289063036514	-1.16072447340156	-0.450607614794995	0.224689245311306	-0.0147853049831671	1.29248254182395	0.983163016005602	1.12007336830173	-0.622349802919887	-0.986562784226992	-1.68873233031052	-0.863434392840228	0.436288472419394	-0.110355049787266	1.22615822540724	-0.692130600569362	0.830893066674479	-0.122662947340011	0.799031801869401	0.311433104900889	-0.777966495141864	0.215086004441063	0.361514530906868	0.443028101250462	1.0597461074967	0.884584345732548	1.08419687273926	1.58471204873787	1.12735645476171	-0.864637453411766	-0.926586079578728	-0.942873999417018	-1.10684499362623	-0.873589785723373	0.228878537417806	-1.44264172126048	0.354053509042798	1.39591641763545	0.883921466338863	0.484975659739572	-0.556317611512087	-0.0404174470646483	0.357364037233034	0.185999969749387	-2.17284720042107	-0.265021178674928	-2.43079773838507	-1.34068664020657	1.0072329834379	1.15011291813069	-0.555018381859733	0.477369217496828	0.391109823506938	0.890989850726769	0.198897087508422	0.0690890053511894	0.975048797151459	-0.282415796064728	1.51998185572396	-1.45080545522616	-0.99091228786037	-0.0836544032249413	-0.744986089046768	-0.382229177152771	-0.0424439398302738	-1.10504645061552	-0.533791339623226	-0.0729506274184461	-1.00337222732645	-0.279930788684638	0.375071244292698	1.63966515127195	-1.49503625135443	-0.780090242365923
0.0362931706177341	-1.38535609833965	-0.893082725008075	-0.616530637787532	-1.30157305827575	-1.30329259486085	-0.548448966918221	-1.08816049026606	-0.346353663421653	-0.023292918705498	0.334588420698399	-0.103179397016095	-0.352555371067748	-0.307826598686646	-1.13754702960638	-0.910452866495827	-0.994456563004016	-1.57005066697951	-0.921832963801202	-1.66365622307743	-0.667318079355273	0.555646554743594	0.000380946188006937	-1.02943327663611	-0.237606305549716	-0.558842848179915	-1.44114072666815	-1.75849368760708	-0.343084936912087	-1.97631302839742	-0.23940886210266	0.0237325239726679	-0.363324481940993	0.667451691590384	-0.175539137654865	-0.360271618447489	-0.896739620850915	-0.687895110116509	-0.880272198819799	-0.310679135534412	0.155305370090902	-0.9386536391537	-1.45819473687272	-1.5019832087045	-0.346687833197593	1.49920607409753	0.562816089571997	-1.18387336825261	0.751477462428158	1.05767333288786	-0.102078394418996	0.225189141396036	1.8975907962011	1.01707846970534	0.556888580086459	0.743002687063155	0.0806070872930737	-0.6171195205767	0.571225458493203	0.522459890327185	-0.362641416992269	-0.853112852089619	-0.221490687452422	0.0903661392368409	1.31533508507263	1.33515738432826	-0.202887367840251	0.00445384422148206	0.216368204981888	0.31270761442248	0.730165036727819	1.60823436672273	2.05013213543065	-0.343053336705216	0.854761482558021	-1.38181267085721	-2.02565858336348	0.261779999853476	0.920785512279623	1.2450051175365	-0.334069539518959	0.339706522178057	1.5448342435272	0.925826602824227	1.64808442013598	0.911363074749186	2.61303369974608	-0.560537441331394	0.298800850918284	-0.145142262993849
0.284550432304328	1.1624534765083	-0.0792442725020276	-0.700030376482136	0.0280603081931694	-0.626786260531627	0.699405528173192	-0.149358737789681	-0.878487639774106	-1.30649958527512	-1.078124114848	-1.05293256872265	-1.08472271671597	-0.606012376063159	-0.584883219079519	0.59838137801435	0.301615041468706	0.500579370212326	-0.0111415366901179	1.20363341067014	0.688348138609901	0.574086998404352	0.0949384187374446	0.425070715376752	-0.0843549576019345	0.454785490101372	0.206464588069581	0.404703820616385	-2.45033066505643	-0.573558489428804	-0.667729632909272	0.783879588172513	-0.364823590735339	-0.951103680268901	-1.71400767025503	-1.51324370506045	-0.823416104752216	-1.24956153475159	-1.52651118536368	-1.62811908983727	-1.34113934031769	-0.56967434844061	-0.177087992048875	-0.452651712260257	0.500474457209848	-0.501203508565818	1.12565380338528	1.777971004727	1.98521789418272	-0.818385397072723	0.687646412756157	0.409730173971208	-2.18365871379449	-1.69571501368305	-0.450030835841249	0.276613997198298	2.32007846280754	0.624109266035334	-2.0114800797545	-0.164357216808203	3.33854327029805	-0.689287641346552	-0.592273282943449	0.7119594565018	-0.563675481459647	0.115410076467943	0.0172939268372004	-0.334537939049084	-0.184833146222168	-2.14612957723989	-0.863064562500075	-0.83310389384017	0.96512078673281	-0.435163444439569	-2.13624808392211	-2.46469163084893	-2.28269277663514	-1.56399567972314	-0.49034677804139	-0.782444111579933	0.515767278400883	0.744950071291619	0.587308036033556	1.46054715509376	-0.656864852454586	-1.05839497553422	1.01903371223129	0.934842002675739	2.00069910700636	-0.182261839275144
0.39215082752663	-0.122935075983883	0.444769334784466	-0.695258871074278	0.215504372668282	0.175538518554274	-0.514471000888202	0.193919006686529	-0.831305003184804	-2.27526567229416	-1.26929733891924	-1.38584134174655	-1.32982790459826	0.0820116999458498	1.32292397273149	-0.282020505964638	-0.175770443487614	-0.0730747966312132	-1.74734998907493	-0.713240680430996	-0.823110549568628	-0.723660617111488	-0.694888266324233	0.219990625376883	0.808560296006243	0.749699741346318	0.483598492427929	-0.540454992454229	0.147360050858339	1.58574337782461	1.59952666074842	1.11699028097599	-0.279333687247469	-0.0435128065157847	-0.924114256757561	0.453846791204024	0.490130677699344	0.408503292384431	-0.951532849337652	-2.70109851732511	-1.07935865579501	-1.82213214253559	-1.49925188800118	-0.953950853692134	0.0143621461282962	1.55716627947542	-0.763674993564745	-0.525870828817493	-1.75170754727985	-0.651066513777481	-0.0447237436885395	0.903361815619751	0.320460565933494	0.905380073425374	0.169918453007953	0.892642212736532	1.86641996135375	1.28262596220562	-0.835883437951581	0.175882469139571	-0.353957662032095	-0.918974747459418	-0.527044155842217	-0.491677011566745	-1.17512282625928	-0.501402264192172	1.0562054871188	-0.00601793771166434	0.0103219659183253	-1.21811659836074	0.00427749889252957	1.06363680591214	1.88279601703552	0.985625352724587	1.14463413209038	0.169446940472227	0.91906873815635	2.55939689509779	0.131860871298844	-1.25568960530128	-1.86653627731831	0.910208548087629	1.56128030441065	1.5787078387032	1.41699101900434	0.565307840856272	0.563992369851307	-1.85788495320164	-0.45652391970985	0.902726777093995
-1.26272265371493	0.0585964223304534	-0.53287988677841	-1.04828421582192	-1.46851362048226	-0.0467823079669214	-2.08162611310861	-0.617509722419849	-0.382853315100638	0.846539436850157	0.452550487877539	0.273416836423697	0.366510451616705	1.1056821491275	0.370503117338272	-1.06905719490551	-0.194164304961021	0.0326171312066966	-0.507212298873459	-1.18881421204812	-1.88764709294947	-1.38544731546488	-1.20249691925371	-0.620291835673632	-0.384134502147148	-0.506315228757494	-0.463512259368671	0.10450927585001	-0.52170708049623	-0.587039877287777	-0.944201791240512	-1.28947970054061	-2.06262824991491	-1.40003130067305	-1.1318654934953	-0.862661305517247	0.538720323076775	-0.274929846232592	-1.80258949442673	0.0579681124932775	-1.56715242193175	-1.21365579703056	-0.101091125666786	-0.437396642138043	-1.38779803710889	-0.244820585134843	-1.11915171128527	0.221539853313946	0.284707437429518	-1.21856789542677	-0.304759713935671	0.540113428997008	0.076935596701202	0.807968026511351	0.0893740868599448	0.309240423677118	0.915164315334581	0.478649480878085	-0.558041278257727	-0.833203813121725	1.11856569312247	-0.458633463740601	-0.543007466621794	1.10502881619447	0.712470879613352	1.90953471717866	-0.65271101751286	-0.440099635150929	-0.536144780503812	-0.0796290510127429	-0.558761167547659	-0.00274086824119417	0.419017865885192	-0.637495380321617	0.36185342497426	0.366083003902968	0.615286693954581	1.18686350173363	1.11602580372841	0.522666901295241	-0.81083280914523	0.0431837645645796	0.402165684497449	-0.437399962657732	-0.521079975046113	-0.767238916129541	0.334491673484792	-0.507255242977152	0.381745545020523	-0.124983783036792
0.712349774538289	1.0879150961321	-0.609501976987037	-0.332704836553987	-1.04007146698253	0.764996870517238	0.0902237025981025	1.79370701153972	0.595944968031573	0.978163351981196	-0.259215066833926	-0.306505078307516	-0.941780473281618	0.230829898949982	0.932560585040155	0.357415193674661	0.710530434623271	1.35375689729508	1.37216957618113	0.00140343617975922	0.46119337562191	0.18892947915591	0.84918983671023	-0.404450132635439	-1.27368786783346	-0.140277597507542	-1.17024525058727	0.205271375322713	-0.839845551429805	1.08410159542325	-2.76446052632163	-1.35858668927199	-0.311512751107749	0.373971893716782	-1.02677967286307	-1.53215591514618	2.2798924639339	1.72081239229235	0.453127996451463	-0.167553385976999	-0.056674099906981	-0.336230883195778	-0.363676390093143	-0.967019708061233	-0.396760768448125	0.536260410567688	2.58643592362444	0.915475551202867	1.4449298530679	-0.402569036231224	-0.666684340871993	0.44810640261584	1.52912990401668	-0.279364648979188	-0.633047934589052	0.0517683071675111	1.00619369646856	1.47709802612396	0.38544438227441	0.550045443350484	1.27917637932158	-0.77771599924592	0.934198781966584	0.996947719248267	0.15587247849389	0.80341101633511	1.13879435761212	-0.121827070587797	-0.439166313850103	-0.185439192617412	-0.126455235080106	0.391728534964872	0.0644455433145961	-0.1060996804293	-0.21278516959965	-1.37799233430446	-0.967450258433508	0.330789179854176	0.405656194262295	-0.047389788475525	1.55346685489482	2.43464088899226	1.18885923775119	-0.116536054878687	-0.439062499702793	-0.661659339386468	0.888057764110222	0.161837495448665	0.95171560320897	-0.541456755491141
0.892876559050915	0.816955015865139	0.387909336598649	0.340476661614152	-0.158999555381469	1.43844397547786	-0.587405811933385	0.402072698917565	1.00814306223992	0.49494015484527	-0.710991947101322	-0.450428339852552	-0.0539970272988676	0.156175012749566	-1.19547992755577	0.380951961697194	-1.22404484280242	-1.80616071042478	-0.985776546391801	1.23791272383448	0.202852899579031	0.254008125325608	0.271101803345812	0.824488002328859	-0.0145517373573617	0.611157035499423	0.574015778422067	-0.0918411533795848	-0.467203603670874	-1.97296998110131	-0.36398392911521	-0.795824853645952	-0.95965374920719	-0.994345114645102	0.855173668946403	1.2628926249647	2.36075393016649	2.2114099539826	1.33372121853541	1.11812758108452	-0.585224038243268	1.53810334695832	1.44520979093854	0.88491248614297	1.89919715343685	-0.548438989167156	-0.0633358708393437	-0.350976727805145	1.06567790997566	0.413323924406016	-0.781858314489836	-0.511767395308005	2.5696178581805	0.555040672417677	0.34010239320437	-0.219816245660423	0.929992253801154	1.95189156500224	-0.0977623475358213	0.249127980973487	0.314636895779857	0.536448245255206	-0.0605427897713861	0.193040755042431	2.4459343387894	1.5242113390027	1.30402629187984	0.0969047874821217	0.581662859857326	0.523345096112019	0.117296481132019	0.203075195487495	0.0881898470933351	-0.245942605365019	1.16164172588223	1.49392300819298	0.809711889839911	-0.476065640146125	-1.00742980100368	-0.126561178489314	-1.01089499645778	0.462281464290061	-0.268731762548487	0.391677018970679	1.27143539093107	1.57521399071561	1.23460786664527	-0.948072852898324	-0.0635281549122572	-0.783934350878036
1.78550571394872	0.511327808019492	0.406825294684976	-0.4568906689857	1.24488650982637	0.125791358158489	1.47085613957351	1.96751207619459	0.553878944738011	0.551773265144286	1.08914043038276	1.44783843301638	0.690235594364943	0.302844076697083	0.494477826242222	1.87146335397211	1.26499806484787	1.2524728530951	1.23758398411908	1.52899724465287	0.0215486272971602	2.10480225482443	1.34954116139454	1.11549536651837	0.49731404379819	1.29118248725832	-1.30530303283235	-0.353682912615489	-1.24253805774288	1.04607845913778	0.816816017418058	0.896634790228169	0.765083127881752	1.63890762529097	0.389626566639913	-0.206731125522553	0.674520665825929	1.67816626186876	1.19696473390623	-1.66451709661151	0.194055278124128	-0.156095391955668	-0.174952401632601	-0.193336094149578	1.98121024177916	1.23717850559998	0.180914892375957	-1.42920244210116	-1.59477748634476	0.37010634487077	0.547318894298983	-0.298555226352256	-1.58589268208681	1.05829673763248	0.702094662556182	0.535143661071141	-1.99670203432819	-0.811300836207976	-0.494267575377826	-1.19112965933468	0.0417974056544556	1.62781375061536	1.84950894833521	-1.16479747316467	-1.25106846662835	-1.06368461899771	0.474931206147825	0.478092488845581	-0.120016195740602	0.348782143317776	0.0349643499116108	-0.365638697184972	0.750224725030342	0.448495018553377	0.266197339038884	-0.297135272223687	0.620120013512704	0.0654636976322131	0.578976032739874	0.011867261802398	-1.20467090799182	-0.699655490016058	-1.21517920380887	1.37909601471075	-0.417422194791732	-0.114913756082199	-0.2703397037367	-1.74329933439293	0.869046013776419	1.27273221812524
0.545029441784981	0.940170135187388	-1.61062684324677	-0.602673677244054	-1.08365777826864	-1.47954440081345	0.909392425703219	-0.427297354409114	-0.0652135869457496	-0.0321991386700634	-0.281284800626732	-0.649413156647163	-0.535039827793395	0.158009111179607	-0.339547991692572	0.801916924918717	-1.77814299403504	-0.780127354917424	-0.406917115588219	0.239512815393731	-1.52754101754276	-1.27097292546847	-1.43190926008973	-1.82752134910533	-0.99939127457478	-0.799605623588969	-0.0528257996900085	-0.700932165189968	-1.1928379896663	0.193804885090438	-0.576140083341783	1.41759688496462	-0.160391835967598	1.01792313271776	1.14861136114353	-0.30931561924587	-0.0938623290242531	-0.531149935538842	0.367870714599334	0.236246929936678	-1.35968488038469	0.383783795492583	0.0197873267357917	-0.252276634375774	-0.56597769446415	0.287473670993317	-0.924216493003364	-1.5289109333391	-2.24113069464851	-0.075979536269948	-0.50379869630956	-0.104878655292293	1.16162620439891	0.799636882907771	0.174996687945727	0.431178131923934	-0.881227347333013	-0.0396165612356836	1.30873487795873	1.4305940100108	-0.898261120731137	0.054986451941677	-0.194988090461473	0.0984997087133832	2.13267961822461	1.52394866727324	0.170031119358721	0.0454489153765	-0.105100614924198	-0.282814096242309	0.91241599639563	1.378411466277	-0.0291531104513731	-0.224345627102778	1.64526481141654	-0.409801094591388	-0.393202580850118	0.263650259984243	-0.435677066273276	0.239876733623789	1.5049433355137	-0.392291997909056	2.23235449237569	0.742179988367426	-0.385280795816361	0.30273583282195	0.80103303795984	1.29128694658208	-1.57682908379322	-0.429719438827378
0.0495505433635032	-0.0237398805760656	0.803670790361355	0.913250048886842	0.967372234090512	1.1887359143074	0.432950843804656	0.697882014241809	0.316714851149269	1.17138532280782	0.885451686898976	0.919825864075657	0.475572454698734	0.0901922002850111	-1.14267719747703	0.652930248709658	-0.283316400360715	-0.39603925860667	0.405516899176345	-0.152174246698391	-0.0622284179274717	-0.71649358464081	-0.218567461229656	-1.38952013906103	0.0919642188750038	-0.682749381671416	0.123870474408683	-0.565424630966612	0.982177063787111	-0.716348661827208	0.178570110487958	0.0510830510833868	0.51732799174188	0.00968907430151093	-0.000674101515407319	-0.301726068453429	0.0768837842813527	0.289243944954837	0.425650105470855	0.506303649208566	0.117079985171369	0.190166631764911	0.203647287683876	0.403931123013899	-0.118810343829091	0.20514967665173	0.921129675930534	-0.0379564524927244	1.28392373540382	-0.855823382854077	1.82614703028903	0.155071309468205	-1.40117481004929	-0.0985794347789274	0.175531144094246	0.426913673902482	0.601797171201428	-0.250471868990897	-0.195804393946233	-0.137367708590254	0.11952419928926	0.391257662331064	-0.0077051076208574	0.181191908720178	-1.35979862648436	-1.95282931133679	0.552645184089482	0.914969631592115	1.52649699989265	0.169889496647503	0.800982259347274	0.504632412315009	0.753832530085142	0.7862639138275	-0.943356239021229	0.86541013203297	0.746802833645691	0.581492774695842	0.45511069340442	0.165871629973066	0.595375895712276	0.278394079220265	-0.210055790990263	1.21407391998888	-1.20518800911622	-1.31380685526668	-0.104575654050842	1.37519928898824	0.347303043433791	0.289978381484006
0.924301384131382	1.11651197372756	1.54619525974775	1.34813315383355	0.37653537427402	1.48036441909345	-0.277908945937368	-1.23142609561904	-0.242027930923213	0.599369555285104	0.506456703260534	0.836892440907417	1.11021609160092	0.838362857456985	0.858981229557077	-1.82102580934306	-0.781959386078515	-0.271410127978595	-0.687764368151019	-1.29545340627038	1.21937099730823	1.73796141590287	0.744995953819133	2.30638149886237	0.936345072334602	0.75853491038304	0.215133686003155	0.160749672388736	1.20533054624312	-0.628399950991548	0.691778411618172	0.250424061115076	1.20689049162529	-0.589745272283153	-0.989437955918369	-0.683269129447495	0.745923506117193	0.249823666855942	0.282813578216402	0.50768911857018	1.89992110646843	0.348885053778172	0.50979784523941	1.19528674618505	1.00225869053099	0.749322437242344	0.311687053518193	-1.03606580215641	-1.07658848372767	-0.764730672403793	1.13454313095909	-0.482142706635804	-2.3126394360609	-0.73706938842021	1.54797019469173	1.64887365679283	0.901900143853071	0.117337614821246	1.32701624690808	2.06462576910265	-0.404783888745435	-0.921627257561341	-0.430854128331139	1.00075646151354	-0.98621578554004	-0.0891829505799069	-0.0568203448854915	1.73322869294618	0.142263201352111	0.947090720584098	0.892638298607511	0.759265579745096	-0.319593465798651	1.40086428011984	-0.974026211136142	-0.043751092043702	-0.326307292147963	-0.212421807502087	0.273561475000456	-0.238544470227191	-0.668226027987025	0.19524195522008	1.75785598210267	1.33074754988194	0.313091715296161	-0.520000699362517	-0.190760964012775	-0.501283127112423	-0.142290902403142	-0.00331908797311984
0.878461144128417	0.183730468102348	0.198589418255198	0.178756687635848	0.384996012520433	-0.17961240124197	0.594182191712586	-0.36209834425694	-0.479650841967032	-2.03441674044061	-0.248007622916394	-0.914558413805576	-1.23426845961445	-0.299751963610032	0.154910018310954	-0.504848661666658	-0.210669894168072	0.317278090468548	-0.366382930253514	0.137774542385848	0.876335418280836	1.03524981678497	0.719497573826306	1.17243093757685	0.984189046419688	1.22112234230445	1.3814078102066	0.845542701403223	1.50678217800837	1.92194038203654	0.59288028602354	2.07042725630498	1.76105223846313	1.13285061974487	-0.572913340685498	-0.0290767143926737	-1.35826176949282	-1.49365746763058	-1.68721739453611	-1.91613562385046	-0.0431810078183288	-1.81157205847909	-0.323661099361756	-0.0628618328110982	0.506723035918676	1.40996825420858	1.10668797212591	1.46960537240845	1.75610227805285	-0.145839110596455	1.28935776478199	0.280922552906854	0.628943904083761	0.436042828603111	-1.45476863695692	-0.581265328843871	-1.42240317342807	0.00914263460980537	-1.41161703177674	-1.36722271366114	0.953937872691793	-0.28232262335302	0.2170086827269	-0.195072673851956	1.85295147709448	1.62125125148339	0.215959817978247	1.71181907474794	1.46822768648251	-1.3023482527135	-0.777404613752506	0.0425523460050786	1.78433349518439	2.04031797488567	0.487534446890378	-0.552408589787417	-0.449396098318247	0.348254532445857	0.238342672901055	0.640046310471773	0.727092281001666	-0.207000047267823	-0.324837642069573	-0.194246709809435	-1.07974231232115	-0.51987404246727	0.531953862824207	-0.150134687767419	1.32309423145896	0.859011446165774
-0.42113529518878	0.746517369252675	0.842823390312133	-0.767457646227322	1.24695576378407	0.851140551044727	1.40646795628873	1.65451151451218	1.19138306715195	0.145668632510408	-0.87940659823135	-0.959867788290172	-0.581883826656064	-0.704824498941548	0.396075682410604	1.0969454069854	-1.82746886205664	-1.40721743883068	-2.05755556445302	0.832084296779947	-1.58617806922611	-0.990256453603109	-0.620897062815599	-0.0604271449502438	1.47449390233862	0.86060670078616	1.2194248783292	1.14931151461775	0.896209582376069	0.0127316741770571	1.63998182538641	-0.0104593834015027	0.275239571736505	-0.547267160638139	0.886364766345425	1.66476089049869	-0.547282374087466	0.609141887437734	-0.14507728241633	2.08833979320487	1.46013138958682	0.302695134434065	-0.256103779576991	0.137501062456301	-0.869658288596502	-0.0644118900272114	0.0548621918831913	-0.103977355268928	0.477341700055562	-2.89308547439858	0.271109340972125	-0.197261696971634	-0.775721732756447	-1.07994473648449	-0.674413862340565	0.462772546337618	-0.056305894225877	0.312425381784779	0.103065147927361	0.51408621435609	0.00373074253712313	-1.67189563730253	-1.37217849177264	-0.998061048251646	-0.365605676204816	-0.658557494345898	0.0532264101867207	0.011570917725698	-0.00215127362253475	-0.591242381782539	-0.56573107544482	-0.32245188138949	-0.700433115878121	0.0448644614787522	-1.91265653333555	0.97025869383031	0.327121666272969	-0.728255084012665	-1.51756980700494	-1.28654349507632	-0.156415624558072	-0.0882077199080888	1.12529288593559	-1.86253654831749	-2.5253105513316	-2.38218423882096	-0.914434168415762	-0.355920068854915	1.1493312590421	-0.0330046261087664
-0.0878292308067549	-0.867281042823671	-0.825992037048624	-0.609753631415743	-0.744975349537725	-1.28115258529909	-0.482036096120005	0.175541262781626	1.65925738905351	0.916719833643116	-0.150195797721833	0.0536411750481169	-0.0726674918054516	-0.316637887153429	0.411112695532441	-0.15203861358968	0.842099002118881	1.01579129206192	0.641194580748735	0.662999730147812	-0.693544990480353	0.39158692959001	-0.166644002487654	0.486512240915474	-0.163233435701446	0.0577516939739756	-0.541020916084701	0.837676204010571	0.162157836578766	1.80571678459959	0.697453827746331	1.55498912934046	0.80519085744262	0.735725724042669	1.81169006623085	0.678971020922852	-1.44759882295546	-0.312191203671786	-0.30349720127808	0.284715249186279	0.131704116732122	1.44203655511428	1.1345872696625	1.2183024170328	0.994818391353057	-0.862943617869411	0.0732193751157783	0.234859064422071	-0.252636519919767	-1.34791025746368	0.509229155343906	1.0304375974913	-0.573702140996056	1.60731948927152	0.275220541278393	0.674454803479222	-0.776751295610849	0.111647291749791	0.0751194363518369	0.408272029223109	-0.281457032055801	-1.15156214919924	0.408609572264692	1.14183548238479	0.723444097755492	-0.109238985801773	0.144955888200481	0.723736169442562	0.447365549118016	1.04361458910776	0.305436180334267	0.881145437679769	0.72987165519011	-0.368281726267099	1.0103511399955	0.93596480984823	-0.329331838148523	0.925707110286736	-0.448584762432718	-0.329044453924782	0.612924152323489	0.268164975431713	0.295827615186147	0.34162440147229	-0.958400203349146	-1.75125029301476	0.897139842452717	-0.0871526021309	-0.88592066668066	-1.03250079476336
-1.68338899977099	-1.18046123537717	-0.910226458711092	-0.838200895765164	-0.785926468186151	-0.676032175413016	-0.557060548372171	0.482209124289612	1.36745954924436	1.00579133155357	0.578655771639477	0.533135754208375	-0.430072004235662	-0.306853373004808	0.460543744833169	1.16556769173617	-0.241481848100444	0.310165769654563	0.380657757965653	0.472307331885885	-0.593721844688123	-0.146134690275351	0.0140619601431632	-1.49584815698473	-1.43594466475111	-1.01689815836284	-1.85719952128272	0.282144814806935	-1.03053298654103	-0.798481494266588	0.37190782557899	-1.2372403232127	-1.4652157175369	-0.973175047962841	1.30133385582504	-0.370196051203238	-0.714076535218485	-0.576546157230557	-0.629380107192167	-0.996645593709318	-0.786135248962294	-1.2747103773403	-1.64958882308599	-1.84308136070032	-1.00524089307696	-1.39464425350377	0.266759443296013	-0.250947738036678	-0.225936707889635	0.101620547248737	0.132820523240493	-0.000601190299175476	-0.973100428339243	1.2552673076953	1.83220833279044	2.01806271841461	0.990097854524583	-0.446594301162919	-1.23170793881212	-1.27968679151594	-0.164540468351585	-0.0424542987635683	-0.256615937726899	1.97695978595383	-1.87825333427454	-1.87170092332213	1.26544144764789	0.0473118908546374	-0.485913757267732	-0.249914496601003	1.02477695329391	0.954419465282822	-0.558929635153657	0.801462416708139	-0.0481140834206608	1.20919607175581	0.805340672416891	0.268188867764279	0.0165611401632003	0.733473374120041	1.14321232898861	0.629058467676505	-1.29587359729354	0.121286621280715	0.853630298504189	1.25733627715136	0.225102126597135	0.963255719033736	-0.234363074782009	-1.11722309423363
0.134961565673058	1.56731572936288	0.151162474511344	-0.100013492303424	-0.0378492495920955	1.67638729035862	1.02942297218618	1.46945994738709	-1.67111097734055	-1.04649097272806	-2.29574589383734	-2.48870486787258	-1.8850231183552	-0.680483316595342	0.151842401161676	0.428671028376678	1.3952057651904	1.58077357059225	1.40569151230584	1.34320639812739	-0.37162084365491	-0.709436975760205	-0.685355100586531	0.71975975904937	2.30856431344995	1.53404461512435	1.3661155632709	0.995766550002383	0.489398073922945	-0.17154499065578	0.848240365519497	0.464004167141584	-1.27706858218769	0.406182116804622	-0.578399391550838	0.889980546298873	1.09435341481363	1.60336099055046	0.468263457149776	-0.48492173875577	-0.46673941736898	0.621780075294217	1.88375851137829	0.53168357819477	1.63708223223305	0.502765336906665	1.18612438861324	0.907157466370482	0.773826177987923	1.80535725665824	0.808296082621653	-0.0284403132007518	-0.902490359382275	0.786751103078627	0.620800648847019	-0.350939839336969	0.639317695283651	1.58840077129062	-0.693745997634028	-0.780607612093687	-0.0217168552505972	0.632638419275853	0.589730991588842	-0.557426996592091	-1.45854637038177	-0.631772354454167	1.65605634924464	1.7373619046549	0.580106377302075	-0.451137441962337	0.958922384348648	0.289056535313564	-1.09645901641922	0.540440623329894	1.52795244568591	0.736918795733859	-0.33231453148339	-1.14682036209325	-0.892753665174554	-0.382990133278226	-1.52165400612831	-0.081722651646002	-1.28356718285315	0.227622817917904	1.79592303543108	1.17438748477181	-0.00684121910743185	-1.23369264379397	1.6144721805272	1.66592138067189
0.348572358197402	0.380638821709274	-0.616622514072532	-0.143089463472482	-0.664983142091975	-1.11994939457167	0.948431797059543	-1.11993809948488	-0.840409253867743	-1.1407746613728	-0.403922727354936	-0.185977161414511	-1.30648775833131	-0.0945154683119429	0.77815862418002	-0.110166278038823	-0.672606316337006	0.370368420744662	-0.0942784042343562	-0.724676020135496	0.991574942628592	1.70294280678016	1.42938151900024	0.957126371059463	1.17378002102571	1.23304046506048	0.960155829483383	0.542531661130532	0.123063218033191	-0.182173700161692	0.345580841977042	-0.0473281703364511	0.749302369277193	0.472810685437255	0.399976190431907	-1.16113436946841	-2.03527351691933	-1.5671618782265	-0.361982917778288	-0.488365703502768	1.73124885794794	-0.00048348349039455	-2.66862880641221	-0.394523523192991	-1.01598985142607	-1.06652480601176	1.09721769913267	1.34077485412079	0.991188002645018	-0.788953829493968	-0.38364070347553	-0.254216802467751	0.457802806980291	0.115775032186279	0.124020339945239	0.174689535344314	-0.250804422925566	-1.168693953702	0.782945046555276	-0.84622215427637	1.25988676762581	0.259294653852898	0.410109093301509	1.5210193473572	0.297589372594902	0.390141441462796	-1.79093218819308	-0.953115729893137	0.173471112970733	1.1537749548041	0.234420840106184	0.324428576700026	-0.62930335577818	-1.55161114893446	-0.393899196002858	-0.365465647649522	-0.574840792121559	0.347020086235084	-0.505050012525598	-0.438032540734135	0.99528592668641	0.243269040869885	-0.805231382057641	-1.81663105183285	-0.379255689812968	-0.506539402249776	-0.68689171362208	1.13479553523876	-0.417885576583141	-1.28233203952807
-1.22193717533922	-0.398353961891018	0.30306592392224	-0.689804246050651	0.436627282779749	-0.769847068600767	-1.2544883731265	-0.222047039253318	1.50046650305358	0.840263537207003	2.39132145713049	1.73853396304246	0.819193480611809	0.636390514145738	-0.306061467067619	-0.65895174104598	0.322900874870904	-0.777877013816019	-1.54384023978591	-0.785169807511373	-1.2498928460863	-1.64709219621349	-1.26661233192165	0.385089137830805	1.46180406353955	1.17080042381756	-0.0150882509844841	-0.596168848276623	1.41052961154454	-0.197254141384049	-0.483109813100992	-1.61350724904547	-1.19440502973171	-0.91225342104318	-0.617587348963969	-0.598644118116788	-1.52123530370139	-1.80271396373203	-0.896681599177752	-1.23414359694635	-0.120082923482799	-0.874240119222723	0.0442155415974914	0.0819952518503616	0.903065979156162	0.434047678009116	-0.699697793930971	0.0881123472134765	0.303922801345075	-0.521509386362164	1.5469493581477	0.934891295721397	0.585891064080353	-0.878268802224175	-1.32321294083231	-0.792278837147976	1.38482695921574	0.68160675030194	1.47599809915933	0.551036044611173	-0.527097808999898	-0.249903329701942	0.744110480264031	1.79834047593893	1.33087390885002	1.70144349065337	0.77108673945915	2.02379389158281	1.53825396209563	1.45648866432249	-2.32049220061425	-2.23401171940352	-0.503600873296749	1.4192367331725	-0.807212278210115	-1.69931658744451	-1.41488741287667	-0.836112453675928	-0.190939156684081	-1.27649176700505	0.648362835317146	1.5966944098965	-0.403149514887103	-1.29005467972437	1.7931996871426	0.469798144941817	-1.23297510263792	0.742211236202264	1.3343329153177	1.31728313887043
1.04379489012255	-0.237416109689355	-1.9208697937293	-1.8775636020352	-1.17526241568682	-0.958645021002834	1.95484511294957	1.37836598055254	0.517220929389163	1.04102078692927	1.49033698618714	1.69617108429543	0.0945607153933072	1.92919952653146	-0.119901374269849	2.23728827494663	0.332187727894423	-0.56347637032711	-0.805616023312623	-1.09427748169372	1.60113867702323	1.07550981428592	-0.227690812415459	-0.0131186542366571	-1.75472077580434	-2.14936048438433	-0.845849006480092	-1.31679850963173	-0.487841970167975	-2.25439094531781	-0.476278528469794	0.871335505896689	1.79074010052306	-0.075544821316349	-1.43270701442852	-0.424006328761334	-2.11702626140459	-1.17871013520157	-2.14764056673926	-2.74688627597199	0.0961640449134234	-1.52642487832694	-2.13725248829418	-1.55520111889792	-0.48625869788045	0.878017019852418	0.679606566499467	1.39512536603452	0.0666822525994486	0.939875478643075	-0.18287147269363	0.554350318316133	-0.623633740258049	-0.393363082535723	-0.851177483758521	-0.178125606763934	0.915953960440294	0.919562974845653	0.598891606628493	-0.0513967736365668	0.255133233438633	0.0352562964020352	0.130847660527433	-0.743757127374152	-0.343748494623748	0.0416649612978306	0.77336265721978	-0.0422676209156631	-0.719076784562592	0.43384681434651	-2.49330344588175	-1.31474072548522	1.23626993424744	-0.966143594927218	0.182335454432331	-1.08646879113609	-1.912643612585	-0.793765849661471	-0.63464471296843	0.185664940548147	-2.17566390496319	0.555785456950762	0.112403201790326	-1.87215745089965	-0.57001869546729	-0.608788246334776	0.48850156788089	-2.38876490897672	-0.146111964245075	0.279659167175824
-0.366824111743119	-1.04061364213113	0.0101779883278464	-0.308642242055304	-0.000570505348456378	-0.301157417600334	0.648696015582093	-0.097354386238466	-0.919352558818234	-0.0767006654555296	-1.49589900978115	-1.54932254885774	-1.04784418443748	-1.36210488700687	0.228605944998911	-0.894308426528622	-0.90196649763466	-0.757617527684795	-0.671901520888394	-1.5131577607581	1.19898661710078	0.683316822503905	0.300421459884479	-0.735029433846413	-0.406574942099826	-0.82921174745785	-0.254735034321058	-1.0107063555967	-0.12385558679047	-0.481139139177505	-0.300250663211527	0.131983964213088	-0.325185318951019	0.376807680502968	-1.42549334526912	-0.641937699493451	-0.634584502386222	-0.571704022321519	-1.53075734605367	0.636921190798227	1.5858414415816	0.130917253112199	-1.17754110236953	-0.764082564408443	-1.47155126656283	-0.738744724198743	0.0512737486589946	-0.00431574259040968	-1.87342575912731	-0.550754128469713	0.112242888764176	0.720757258862206	-1.61662620305934	0.19736114122625	0.144439832313979	-0.0898963681360576	0.334017385206964	0.040322518416593	-0.98235147410073	-1.35032956565049	0.0410670389578447	-0.946804615354674	-0.330713556839238	0.0122528157074931	-1.40785210892887	-1.29858802822605	-0.671960996838427	0.158253388449583	-0.391256979692274	0.378863507955854	0.158930274092564	0.55800498465741	0.449591016842983	0.0677239254567621	0.852337862926972	-1.94728717067187	-1.0883905620635	1.02566664873571	1.05073856141543	-0.0440741587150718	1.53821084243162	0.168359019088798	-1.27513016993905	0.912619103070612	0.562347154005068	-0.113858057871975	1.42081433931231	1.61397657206998	-1.88898873084641	-1.23218235522779
1.93275212788534	-0.287313143695988	0.501160421403553	1.38374617655605	0.995195194146809	0.488618622647248	1.1068507783524	0.176037013215798	-0.706333866969222	0.314608097341087	-0.166851034689638	-0.212719909278291	0.465689104680997	-0.641397878363506	-1.52007076787956	-0.152337902712955	0.735679852459399	0.271951720230295	0.291605289919363	0.886872152883337	0.318055861658724	-0.26443402719183	-0.340991395941483	-1.51955376738427	0.0892356071038144	0.318576534506587	0.320669670018064	-0.680060332380724	-1.75438440825425	0.515412855735142	-0.885127812043993	2.45686065158513	1.82831672133465	2.34146380407428	1.07016099147859	1.62440121000171	0.598740263718889	1.37958532396405	0.865194453765832	0.00515703658280515	0.201081925768765	1.56143666283762	0.687841949707076	0.582527122846843	1.01347629544084	0.0326194074745322	0.0021284060940394	-0.935021946846778	-1.23446821392974	-0.458545597770949	-0.887110978397102	0.636663507029368	-0.470560804819858	-1.33774381772345	-0.0334553380387322	1.61913813586531	-0.0485955673072303	-0.227357416156187	0.896954565668386	-0.215065781084969	-1.66721288271963	0.533243370026672	2.11646526147139	1.32085545260854	-0.519443248209273	-0.235062551438334	-0.766901403981378	-0.758809100244193	-1.16067036719266	0.312216345051819	0.119565097400941	0.590964631960698	0.582808623229017	-0.439683132390354	-1.2996622214395	1.37960526588429	0.569338155708059	0.0626647025602766	-1.40130307224697	-1.53478565132868	1.44372953126077	0.171633430546468	0.515100610729283	0.936942410228846	0.108156335427813	-0.573404880778482	1.26592751930569	0.620968559920047	-1.81017526539236	-0.791084690138664
0.135960337308459	-0.675170799790314	0.844265337570845	0.778074862812381	0.816347438761472	0.48731120735272	0.950785827065686	0.913336715324961	0.419851875054348	0.493883125714382	0.791452497617539	0.581297852245645	-0.325616385365727	0.00998073578572647	-0.557388680144391	-1.27161331338132	-0.58783677705028	-0.943338428954218	-0.587047572641105	-1.39242720682978	-1.65036018091619	-0.418525168051044	-1.51500549605726	-1.28073742550665	-1.65860210708771	-2.2097407116293	-2.45559666771133	-1.7316012165552	0.450763324342788	0.427082246758842	-0.734190021563307	0.979314484002635	1.01995511120081	0.310074835478064	-1.40621130948149	-0.926073791138435	0.40614798656641	-0.196018587011618	-0.93309209161084	-0.2408098458724	1.10601594023602	-1.13126322088074	-0.650897756060142	0.0113622393063474	-1.07348007682123	-1.61763796104502	-0.624418165547899	-1.09945954304391	-1.14231897233932	1.05936180441655	-1.5341283254098	-1.11888111274916	-1.02065697005955	-0.737763177706495	-0.305166084183294	-0.763528724911788	-0.601466475420443	-1.1000591243912	0.135721379775662	1.04861857932388	0.499807139288607	0.782997781913491	0.339609840279735	-0.505270668387724	0.587553429824868	-0.605018087592167	-1.83964904712196	-1.59912922191944	-1.67218120647268	0.0655763261632267	1.99677367842387	1.00927642374852	-0.33763064190245	-0.802306905336265	-0.39004715165645	-0.680141449070657	0.47675953809632	-0.0354937350201247	0.419447547860594	0.273476484079837	-1.56166403535855	-0.23772058828605	-0.0964917768574171	1.45945542756338	1.49099009205874	2.12127003099568	0.461742159492792	-2.06927697925178	-0.763727330877683	-1.32354686101398
-0.893015552176454	-2.85563073989782	-2.54806741455478	-2.57797445947567	-2.99067515452424	-0.918836725205471	-0.830833450637168	0.296530667054144	0.558968559920624	0.571590237396365	-0.250376395396244	-0.741936770311349	-1.1844080698799	-0.656895413013102	-0.801881073083699	-1.68956912250688	0.183864312888272	-0.942185102862054	-0.529998485839526	-1.32491832903696	0.419778292782975	-0.169197403159603	-0.595753401137473	-0.618913103645401	0.0117619495198249	-0.756823979090518	0.743296746117672	-0.372469771681932	0.620326639134424	-0.47771743471889	-0.352107235851811	0.778376505990928	-1.0916817946848	0.122594175123664	-0.911897460303349	-0.367509686239259	-0.843072638504691	-0.897057966042412	-1.48490274013432	-1.53940085243463	0.843051164188502	-1.20421809038794	-2.04947188973972	-3.42666771784358	-1.58467912205945	0.579139648436026	-0.234997016540085	-1.47470188051734	-0.956920388561887	-1.20051843788167	-0.722020360948024	1.29657411856459	1.40659650476002	-0.810197455055194	-1.62846006961012	-0.934615654979514	-0.553737170905383	0.569180848432158	-0.254863922854941	0.286994843184114	-0.184297081365059	0.230142391992061	-0.105521246798153	-0.425639643981943	1.57955384158507	1.05536356357844	0.315880330068659	-0.0358292460741593	0.331083790331661	-0.536002014107247	1.01736195402496	1.13501159461573	-0.525922625962583	-0.0733152298290403	-0.688045913923014	-0.583990244003375	-0.739811105744055	0.0690013449645659	-0.942311861117406	-0.932814831218161	-1.32768205138042	-1.01529026416074	0.283194429822001	1.08989205453585	-0.104338913876441	-0.303842509247997	2.36155326796382	-0.888620623133881	-0.945637082457906	-0.444943045514047
0.125657492609626	-0.0542679126775562	1.35784078132362	1.2307509494981	1.51012619673829	0.419790078806577	0.517101435733467	0.111809556908233	1.50520565962948	0.0961065714559198	-1.25419064208731	-1.19319518210822	-1.47874211834483	-1.75681065845105	-1.83349073215958	-0.525348817414072	0.206029005055033	-1.14934338422982	-0.350176686386672	-0.277326662669653	0.026301306892693	-0.54050389048877	-0.514024776572499	-0.220791838653094	0.180089910652889	-0.516934551548876	1.15003225003652	-0.761285064457776	0.346487715141884	-0.997983752155542	-1.1316094487324	0.382306408212293	0.757078237474468	0.279135777985568	0.761824814148782	0.208726795884978	-2.28742060830485	-1.41800826585743	-2.32998413153246	-1.01102645842173	-0.184404236002423	-1.17999643791259	-0.522475592499728	1.23416181891886	-0.447349690604963	-0.115661083807493	0.233530694529403	-0.316508806700411	0.508541342868319	0.0814785235827411	-0.504002282739612	0.03041801344137	0.741504326416987	-1.68798936612846	-0.685084380502131	-0.0173654791480071	-0.717613175799132	0.846695563854185	-0.853479922537086	-0.625469217446005	0.950904181095774	-0.0844191528530012	0.146359872785535	-0.504762379560252	0.050762850959148	-0.241397285146238	0.00794369984559045	0.0774950944800237	0.0308642486581276	0.131428450861536	0.189336128886105	0.291190587076973	0.748988105419775	-1.12697597801665	-0.829318888140523	-0.26488496665308	-0.999628536769911	-1.24657101893753	-1.25713550324535	-0.63195358427931	1.14760327903063	-0.111850214277102	-1.00339415603869	0.100225148836402	-0.159612445327191	-0.228672359581579	0.355453914968986	1.1144159266518	-0.181797150453548	-0.782114203943452
-0.676065557512836	-0.541235200733588	-0.11992691268327	-0.228459974997376	-0.477290865939947	0.225148974320644	-1.30467195108996	0.179664544735969	-1.88322109518336	-0.308610760258328	-0.312127150111529	-0.409937923793777	0.16614124242457	0.739569198449426	-0.127210214341846	-1.03142790586409	-0.722980516219833	-0.857173187351952	-0.496173031039619	-1.74318073895657	-0.0264348236697667	-1.18252982320861	-1.27139353839546	-1.54814303463269	-1.3651919071502	-1.93512077715813	-1.46012706056364	-1.26068717815779	0.342322559661486	-1.48290646752854	-0.305043894422673	-0.0490593456287487	1.40259375739169	-0.984729661002263	-2.34231603888435	-0.412701037478561	0.254687767840345	-0.339499745101911	-0.229610320561892	2.9849717536747	0.594850604380021	0.740764710715829	-0.186294423062545	-0.306456301982074	-1.52061508598402	0.683102123608917	0.0320371604759018	0.545254146751902	1.18066586702955	-0.301126320134131	0.461871223756699	0.6181481137449	0.206586948470307	0.572651578030351	0.233031948031215	-0.352771682429941	-0.0810045029627815	-0.458959598726404	1.08375372107141	0.836039507717629	0.105524132684663	0.909303380656586	0.328732436913767	0.342395031599626	-0.0177715638904844	0.210117485432264	-0.0265731643046176	0.750995657797992	0.266434489935902	1.25340240162151	0.780700169149154	0.537278071278578	-1.20056063468494	0.259457493601528	0.804721537878706	-1.51927649012062	-0.294876629433649	0.115226331983346	1.26700191396203	1.07591981434391	0.112539396119167	0.717088676000359	-0.00619701947907577	0.0582912943213334	-1.66407833542587	-0.72096639992675	-0.762846576368432	0.0577783102924148	0.700017273122155	0.798582888306845
-0.245892682062033	-0.273946384239377	-0.29791956906031	-0.0477310896749951	-0.277077134394503	0.339295172685277	0.184361875356591	0.0562760057059073	0.814204065357304	1.4530838713249	0.952937602701658	0.799225621177694	1.50540204956464	-0.0424848941462375	-0.589071616065223	-0.452537605771394	-0.418966309868245	-0.771381952231307	-0.470809782544059	-0.838694688320757	-0.991109830894588	0.777746310592231	0.69124573704916	0.616518479804712	-0.131108827235146	-0.251649598747899	-0.295169548462086	0.472414194024286	-1.21585541828742	-0.320301594280863	0.0514789181324305	-0.462437430999236	-1.01263977615973	-0.232580536740035	0.342920721838749	0.418783773742934	0.0988672969705711	0.168962343663135	-0.302850662000277	-0.260262337379007	-1.2699001781697	-0.496777425892166	1.77399411085889	0.049382104964488	0.7727347405652	0.825749764373885	-0.392893240685482	-0.389540532585873	1.11994647425009	-2.01424821416026	-0.395170674794681	0.995934152890615	-0.418629085276791	1.32493466587838	0.604368590653533	0.524349387044535	-1.53920649618839	-0.68389416615032	-1.33818486190806	-1.14589878784127	-1.82982437235223	-0.196853754653715	0.713833741594511	0.370715379049461	-1.25902884295861	-0.486498193585052	-0.332495106296488	0.366512363385129	-1.06977900287129	-0.716184579656855	-0.539034263688931	0.00115047772228821	-0.119804343527618	0.025637630031371	1.78483408545971	-0.667761038417477	-0.818775524968803	-0.0354041032212171	-1.54407352429933	-2.07468315928938	-0.449042909370411	-0.316452518329318	-0.286276505330943	0.766451256444286	-1.07732691035357	-1.68266028185483	1.35427928923227	-0.706906145312112	-0.744043591913688	-0.00983419487911099
-0.796641625924945	-1.03436575934476	1.10777336808457	0.0726374399752279	0.31051792474839	0.659871533436998	-1.54687567560274	-0.651885611944778	0.389251657804893	0.336013860776949	-0.472776298960645	-0.245511340994162	-0.18516572697815	-2.12507189478452	0.0189587627692814	-1.48166154239524	-0.835419123884615	-0.479204483006007	-0.341698510371903	-0.252756810206047	-0.197261670607821	1.37612833242841	1.23476112283409	0.487525864210392	-0.958074715002727	0.606854670687644	-0.791881200364018	1.1552614928204	-2.37439341746494	1.17796711625337	0.695073146859738	0.260398163192014	-1.26834411801945	-0.0504988524771322	1.104545901916	-0.26984499251699	-1.14624944191619	0.203460442710179	-0.712297125842267	-1.74844226307122	-1.97311674587765	-1.36531507529818	-0.865699227095775	-0.655480104852671	0.336726507581723	-1.48904071359143	1.20400250985574	0.643766494820026	0.475754318203667	0.254891453198394	-0.108111436592587	0.0311643401140109	-0.38486405708248	1.51701587609871	2.37774064077011	1.26125392078631	-1.22310210828122	-0.55319503438191	1.85068422969375	1.79077418606058	0.381149907582504	-0.432803210074327	-0.0795894437740749	-1.42484719710282	-0.0581044940396991	0.330535530208483	-1.06069398484893	0.110782717043016	-0.171248034296984	0.327622139151808	0.517282326107523	-0.144322727971994	0.0668776484246845	0.271561068128053	1.02036731191239	0.883399372140242	0.442249688438665	-0.416492967412832	0.481302123159503	0.214176728669882	0.648867891170198	-1.22293186609121	1.2069772225847	0.776675097546041	-0.833422250619969	-1.27345126946055	-0.0621106250854446	0.886104335896907	-0.798005524181385	-1.44147267700753
0.251750298266903	-1.45455552333308	-0.323918650496612	-1.43329798718232	0.636956379976296	0.800356222336444	-0.231497231060326	3.45946176984782	0.228037251614605	-0.237884949375362	0.23563373840331	-0.136918822269476	-1.05238722749011	-0.592620048361985	-1.95650076743685	0.671727896089629	1.5960800288155	-0.222540406483046	1.56228635194108	0.69222037587511	-0.2174625768646	-0.399943278476404	-0.64928678975217	-1.63716000038639	-1.02669492300399	-1.0244704009687	-1.13178071742222	-0.0439418554139351	-0.645794919766326	-0.648211126457251	-0.250663732091899	0.602440754593402	0.972011836742244	0.715652812313159	-0.137361282617404	0.916057732700081	0.359543751891611	1.19831241646597	0.0434632177939726	-0.418746235776947	-0.60609643163936	-0.771076015589598	-0.896769376465432	-0.658298274113016	-0.769475353483165	1.02402183618983	0.729322092667429	-0.602417343262914	-1.24899984034723	-0.12067711664045	0.199478634918686	0.153612498922515	1.60243663749442	1.63354525803137	1.349465875086	1.18684035892872	-0.158770071363533	-0.0802466616870243	-0.0918993907697197	0.366585529588623	-0.350848129558838	0.655154332789402	0.699372105588969	-1.40579384620767	1.55075206560999	1.73214368337598	-0.130345081361357	0.477356000315585	0.859920193520556	0.0583710697600082	-1.15599359345889	-0.578097345109119	1.2708857201415	0.498916976486841	1.27457422670612	0.542760761390442	-0.288504173026094	0.626018304562838	-0.349285999791053	0.608284048068496	-0.940633286998201	-0.0803868178200641	0.687388636862319	0.0556357005627579	-1.1305191235713	-0.713088250865763	-0.317424257596641	-1.32288265118261	-0.946303240052305	0.0429699948392499
0.537361516423903	-0.0929411106353735	0.421825710780527	0.988586379171702	0.199527719589355	-0.351029481908407	0.517713707531661	-0.926721519847902	-0.540641652332762	1.37072563478912	0.676057450433793	-0.104571755005902	-0.286201265905244	-1.47828085075328	1.32407379486005	0.70187565318537	2.18172101008857	2.42585539867326	1.54239076884759	0.394211568397626	-1.83457986524794	-1.05422190053006	-0.570880729111706	-0.717652689493877	0.584168287427523	0.903171872001887	-0.606292821461573	1.12764348759828	1.17323601438832	1.04483119138466	-0.514807222165029	-0.83493013927975	0.35912407086984	0.648179349748347	0.45373956143161	-1.23793827991412	-1.30357557808033	-0.975475340200507	-0.0144179722029582	0.416007458405696	0.884053665349476	0.935382335403657	0.0945628965051294	0.557012460835389	-0.119746764967022	-0.446586069344549	-0.259834341670809	0.161347966151167	-0.825040226225758	0.190048130635286	0.697265745339062	-0.85883173153672	-0.115325134168059	-0.108525455251194	-1.26425704415438	-1.34812221515088	-0.123350748761564	-0.414846423451967	-1.61664749811391	-0.862429117505257	-0.555728662871919	-0.333526384675909	-0.566948474221495	1.39275610676437	-0.0398105746952482	0.143993071068647	0.978642859569752	0.885428613308993	0.443627494809182	-0.369285173668536	-0.913838440430427	-1.35173631120373	-1.7894047656475	0.164156378173815	-0.130331236480247	-0.748612697477367	-0.432651761251174	-0.340220128335351	0.231252705559829	0.670550037437668	0.719879909847715	0.148571148548385	-1.63008320816274	-1.30756575983889	0.752884229680537	1.26854514123224	-0.906512271584653	0.403358784864284	-0.399956992068359	0.364990145862318
0.242300057333699	0.90413679712927	-1.29220121602976	-1.69287921353098	-1.17468302937093	-0.870200183342735	-0.763100782365012	-0.0693943322371524	0.74092007611558	-0.329416205217076	0.794145770463999	0.657762252007939	0.822804772759532	0.829398295176935	1.22074576378048	1.30912659488523	-0.0570465214492476	0.773613934296146	0.132526154443732	1.61373781381055	-0.0771936423800057	-0.230646144082972	-0.426314593529276	0.00296181627709631	1.11711485760998	1.85507929477438	0.693000917802392	1.75202272574066	-0.0751423821101624	0.540350336640545	0.618158081715335	1.29872615099514	1.38497250571946	1.29569178544551	0.884871165604401	1.91275116193132	0.995327203339813	0.0612385697149046	1.20188969464524	0.383968568934487	0.0761777002995608	-1.05218030286845	-0.266752223989545	-1.30103272059116	-0.1190089581333	-0.453874720755747	0.304576187293892	-0.0716864635669848	-0.647544598017227	1.56422777866387	0.0846293057404546	-0.790942142686037	-1.35897977058431	-0.819552146634265	-0.49073846495949	0.197403387605345	-1.43445164693053	-1.68418545348182	-0.0716642073144347	1.17994968724748	-0.103182023291492	1.43173388582329	-0.271738266353055	-0.933321867278516	-0.5038470840266	-0.234545574714665	-1.55515102062725	-0.847692756186396	-0.45213969133201	-0.9612390608933	-0.03426132565151	-0.0188460747674192	0.728251561187088	-0.289472135704867	-1.25799632478449	-0.391508318463783	0.0856882680183574	0.76542853687187	1.2947727160733	2.38228099684799	-0.662459088845825	-1.27744107662268	1.64745045050095	1.14929424319116	0.031099417574838	1.48681657789017	0.78193421567528	-0.34388203214286	-1.06845244803623	-0.705474843295876
-0.782809297783799	1.03910533574669	0.867824863847525	-0.611386270282407	0.502087434357596	2.26662740018876	0.559148720365435	1.74239754406105	0.501908273101903	3.15009813877828	2.39446370126874	2.00429670314444	2.12487903388367	-0.06526287835288	-0.737729968017784	0.598978642191124	2.35811289481742	1.39130735275315	2.40998610903003	2.11621143424642	1.36125545572521	-1.22925416744436	-1.0087953500505	-0.547412079056837	-1.15977505733883	-0.805706482892233	0.560883663596501	-0.0427555201104772	-0.694579288398249	-1.05678668015157	-1.58867940455167	0.0436085536849115	-0.590521338147882	0.0921463365620222	-0.155320144387349	0.79479447781326	0.74896847397879	1.78323328639504	0.839019551872803	0.275943280983343	-1.8337590877429	-0.524432370220594	0.474565006657054	-1.04714918735982	-0.448047867496193	-0.130133754465959	1.25800587116424	1.16159550504141	0.604019606783099	2.6052410076427	-0.0243689464004568	0.551589757699042	-0.81185516669677	0.429263497412443	0.261253991698735	0.463826419526351	-1.20379295408278	0.187505488083499	-1.40986438670161	-0.971185576511564	1.54713257913527	1.16231120015396	-0.162024848842004	-1.69807024203147	1.05123758693974	-0.319121519795269	0.270587010710958	1.25718418800708	0.0325441735934408	-0.951303371727296	0.835558164580813	0.660755834425732	-0.505250494008651	1.29067107800385	-0.525405394560349	-0.410150127565315	0.243367186464276	-0.604766347888837	1.26343715184507	1.7572191925562	-0.672024329387513	-1.25024081900076	-1.11097153453241	0.3974300238736	-0.247143775845648	0.817037544339512	0.0505059520677427	-0.332976434690348	-0.462100686086683	-0.456635607090417
-0.985433170108254	-1.13474520444896	1.2427253402117	1.55916456602083	1.21708794326066	0.242266093913108	-0.523434052108506	-0.711952829543251	0.411779851638641	0.899088385679238	0.454882315136902	0.503801539915188	0.727869517952705	-0.729421321825616	-2.28419777869649	-1.40641443077932	-1.09750039762147	-1.75153472812379	-0.596953922287055	-0.856225769394886	-0.175414925363854	-0.126896971516562	-0.0399188841241008	-0.993759962201718	-0.655168600360887	-1.39686964033785	-0.39857479678788	-0.536982586733916	-1.35382535168104	-1.20925327991235	-1.15331125177237	0.0637289292390456	-0.425186773786466	0.157221042938346	0.305872096461414	-0.132607821301195	-1.14215874840789	-0.423983476151111	-0.963776958783251	0.941181043591639	0.158625020978832	0.511899658305252	-0.106412770518305	0.148296150904463	-0.502171727405923	0.236130730715607	-0.0362033774678113	-0.690141574257271	-0.865186277833265	0.416590486640316	0.490873147483278	0.53722915155889	0.322326780876771	0.438430372322644	-0.326048493190529	-0.412472367796075	-0.641611665676011	-0.552195273141248	-0.335992739162459	0.278114747429646	-0.437580736774085	0.778959486546228	-0.46393382331334	0.977645051879244	-0.0605229925546174	0.420026947746273	-0.0244078809481437	0.232599741025133	0.549298988453029	-0.746736619832395	0.664854121206573	0.639238409990967	0.259277274807242	0.217089381411473	0.485492844207672	-1.06346665217098	-1.03828636104522	-0.288134841028506	0.721739357234309	2.37249194402821	0.667060376755475	-0.509351412029974	0.156569268660034	-0.747186011614045	-1.42740563639709	0.27114565965253	-0.813377072296691	0.570169202118961	-0.569941932397593	-0.274293676426163
0.384893069261819	0.305424333335047	-0.380070922915909	-0.0608357728682939	-0.461767432071566	-0.822270500471617	-0.305355937688021	0.368254717736548	0.922563245577756	0.0222435201477036	1.29846874219996	1.74919200216935	0.790933653816906	1.56389916978583	0.0505896930187527	-0.700934401175908	-1.03215856541044	-0.247400976467274	0.414500222507321	-0.351036984169888	2.03365393690548	1.22561992891598	1.6823766509035	0.101735732695811	-0.180311403983913	-0.381750088218311	0.878760010530317	-1.37069861771776	0.486777865421945	1.21005312176284	-0.42871818930164	2.22404526675551	3.17071456438001	3.09929212267945	0.746197093809307	1.85155199876329	-0.229128785685594	0.375849419718878	0.290306234108758	0.928677196312713	0.303681432799144	0.113410098893479	-0.0737149268788348	0.575003665812702	-0.575865510671746	0.791241290768823	0.0471982596582417	-0.952189342041647	-1.11745006197896	0.780667560627262	0.585925082372739	1.43338003270112	-0.950276701202927	0.743971409135687	-0.0245723303373221	-0.324144450935442	-0.359700800514648	-0.889433058036925	-0.111132430262316	-1.30811590784009	1.36288201460709	0.43909966278961	0.329602760804195	0.717427632816287	-0.851985923387403	0.113655383253162	-0.166208443407733	-0.0482180355722266	-0.0570141146106783	-0.51838230450873	0.702859784764879	0.660696506504772	-0.465978350604663	-0.949981430422801	1.26232649105499	1.29422909893651	1.50756232549365	0.704796210991355	0.517850395678622	0.121199413992457	0.462393622398162	-0.163197119730352	-0.929503342623211	1.03396248856042	-1.10113196909813	-0.953064461194748	-0.0674154788356807	0.650627128082178	-0.105679569218681	0.315189483172477
1.29762641821661	2.52802475508499	0.736693599425697	0.0273673664322613	0.676172024896634	-0.117383872501077	2.02965067796079	-0.196883881358727	-1.92935302432056	-1.66131584601379	0.1139337384277	-0.310878853502331	0.254310191179941	0.536973054292815	1.58896423395494	1.59394830531448	-1.13553056559062	0.768504604365311	-0.443577265956015	0.521330034203116	-0.137030173895574	-0.0388204255383813	-0.925603079705049	-0.961053069971166	0.815684279816419	0.164320124711587	0.635060825938532	2.28586862093256	0.103516274754454	-0.0079930215584619	2.28582151982097	1.71435339769714	0.647285035887645	0.198956671269584	-1.0029107733114	-0.199102481478563	0.552300241054243	0.310954517569837	1.53692168580491	-0.995948939036926	1.3787113264235	-0.758146753195271	0.0246035548409074	0.584615843656445	0.217501830569331	1.04677626448175	-1.83139144559199	-1.3039439640501	-0.591445773148944	-0.905545605001813	-0.202916534671835	-0.603724447319483	-0.227234983142618	-0.869826604561811	-0.205540440279867	0.424852904601986	0.790336022954957	0.74292697657792	-0.341102027312091	-0.844306290357253	-0.312226402578271	-0.364673150689234	-0.184054892167456	-0.0863438162793041	-0.0262656609272016	-0.126608932653372	0.697058206293668	0.5903681751097	0.022127139301972	-1.14922255921082	-0.192453960210966	0.132170487277987	-0.182144966103433	0.252160869779033	-0.639992459336117	-1.53804668394257	-2.11487911683433	-0.352240874572177	-1.09357289614391	-0.376449291426668	-0.287175428855091	-0.101518152830774	-0.273395990055835	-1.75692480840102	0.354707311755526	0.257761659319651	-0.66192115922907	-0.476241251772514	0.25801902692199	0.845863104687489
0.188419702214274	0.25776269566654	0.381349170808304	-0.530710280778235	0.56630025011449	0.681653069302526	-1.33838566894156	0.191693414837808	0.525572542612081	-0.285903253656064	-0.123001148084671	0.157540637006091	1.12030800821332	-1.06505956306731	-1.82985747930279	-0.603335345575594	-0.312748535177534	-0.705753278342221	0.768749349187832	2.71122363554806	0.428951186273495	0.0536161883914227	-0.630297850033904	-0.373040212020944	-2.06737817730642	-1.28131204690401	-1.46467224290858	-0.442885980326661	-0.913219675242602	-1.30329303391468	-1.25541407478913	-0.984091436407617	-0.50081020335572	-1.26365182566355	1.54914109987046	0.401516698431923	0.364722045026262	1.08390165711606	-0.133774716157219	-0.388763875604313	-1.54549648372498	-1.2542064207997	0.644949621242788	-0.500590021285219	0.193744961699983	2.11720467429838	-2.0003767355825	-0.310858448129635	-0.0136263548819039	0.322486103091846	0.474763108802045	0.806937603686545	0.275684011762893	-0.0647183258767002	0.427431938516893	1.0688756272981	1.3309389990205	0.727553650602255	0.733320986260076	-1.53472789332605	0.73379879553522	0.778541173592223	0.574802333209043	0.76546131208571	-0.0665926276592577	-0.0982940647749863	1.40617499278024	0.347280225485177	0.420450922691394	0.624745760736665	-0.674898907590613	0.255093842907987	1.44556028183072	0.453185434332782	-0.323583373456454	1.97846105357715	1.78353384714686	2.35318329805285	0.980337067904307	1.23509069914207	-0.366950586269568	1.04348262842606	-0.501723651075792	1.0600193816522	-0.160732735315565	0.222272064992399	1.81339538702826	-0.520863657907644	-0.351188774142425	1.26033787489007
1.80404078331612	0.808768626243521	-0.662931566196166	-0.136674822925648	-0.435613277487964	-0.565229632145626	0.461471495332696	0.259324063405242	0.306319785339418	1.50683917531204	0.891078926257795	1.49173843916148	1.62377525825776	1.06689942410624	-0.550177274581823	0.549821313559187	1.53338828091169	1.52677002205671	1.62372539364573	0.37852688730096	-0.248869518665467	0.131057662992269	-0.12510389966198	-0.442870366134422	-0.647880683230847	-0.552058918274752	-0.123763536761864	-0.93738266088351	0.760568865794462	0.789854071923678	-0.7816513675334	1.2168588559951	1.67084697455375	0.976224497755513	0.473455273416321	-0.228447978477033	0.635525770870329	0.871377694997227	0.576216252157867	0.365895681678072	1.48617707083017	0.188111918911374	1.01857008568537	0.487973396632419	1.09377291393157	-0.560709846860496	0.305038368604015	-0.695850896746305	1.94455330826724	-0.398635675598322	-2.40358721092433	-1.83971149109721	0.0639442943765782	-1.33959408695453	-1.67614789175406	-1.42890957374171	0.164236728138334	1.40013099909277	-0.891412882740887	-0.727374082284079	-0.00918915535660906	-0.32618213374884	0.791763892155542	-0.126006037588745	0.0630194227744078	-0.518604300008982	-0.695236976396418	-2.12812507240212	-2.15652699278263	-0.544239972744985	0.966674431880652	0.451617590613589	0.649402565126025	-2.56336224916959	-1.04187369442931	-0.521363442660745	-0.350876575112904	0.191704196075124	0.728033927811638	-0.891895409953863	-0.682010332536064	-0.503628777481341	-0.594981927373616	-0.608786297649487	0.410409123313648	-1.19658339182662	-0.689069244539357	-0.38557254363849	-0.0265279607917207	-1.03170452721656
-2.40876855797915	1.08189610256638	-0.551685793449886	-1.12964075160287	-0.455405874251843	-1.30108454345338	-1.87933028414914	-0.00193243301005481	-0.35113414866095	0.255485832720013	0.0206720670835568	0.601676729292527	0.761154650310533	0.81935533381767	0.652087370025977	-0.061729742100142	-0.779355022787328	0.75945327352461	0.938731772155744	-0.0304711274298782	0.911497549051824	-0.590358785223543	1.32765618892937	0.0688424255327822	-0.5006068613263	0.160844373647911	0.482753251345913	-0.488197642299916	-0.178782238362134	1.76215182939716	-0.520439193444103	-1.08522725367465	-1.19823058741823	1.41989896256924	1.3180199030445	1.82306379957174	0.751738555316381	1.35943916286369	1.16373210153433	-0.330545260649842	-1.49369900154371	-1.02758232900387	0.58196379400454	0.798303110871249	0.0672265426692973	1.31330740443612	0.361787846294459	0.638747868824008	1.26925424720431	-0.761388038928477	-0.0174051740625246	-0.490127397587949	-0.110752340199987	0.649206372084322	-0.39741266614762	0.108983391321051	-1.77641529641403	-1.90783672698846	0.154883217132679	-0.932333284374993	0.379056602309784	0.317797269432816	0.175603509404397	-0.0462363220006466	-0.139272316490613	-0.781099376682354	-2.19800034013443	-0.317042203452746	0.273452017921375	0.185135653882012	-1.26075517269051	-0.933524992611031	-0.841740989980106	-0.346905627991568	0.617432590755956	-0.416290192499822	-0.279234965195447	-0.984059229201004	-1.74582189612954	-2.19625619144323	-0.497753095272714	-0.951483941927093	-0.728002362280909	-1.13070419167496	-0.205024752968328	-0.536892370068719	0.47073089903859	-0.0231081248832096	1.62380930584287	1.42326991278148
-0.465673717950917	0.973755813288215	0.513793296735417	-0.262461246259332	0.0746090661265857	0.438519517762758	-0.397042195516563	0.240793190407724	0.142988792715397	-0.515953261362745	0.122646698272526	0.0232215409840739	0.906346243413739	1.10063185361964	0.403753088323694	-0.236082343359039	-0.553873520695325	0.376508986988125	-0.397711607938023	0.785681007143732	0.746033831608628	0.184982843956541	0.256160642844425	0.437739958341621	-0.709226520795854	0.00883981913558928	1.19806000778029	0.558658077914701	-0.500930433572136	-0.0893384050955849	-0.150994631162687	-0.272478344917707	-1.20059986353572	-1.37702896471279	0.186913115332583	1.38510760589652	2.54129206768596	1.90586902205229	1.29896630992677	0.922646898502091	-0.601067275660057	-0.992582046089049	-0.476803312652883	-0.615371551221662	-1.04536632745011	-1.25576112032242	0.909926653883244	0.991967659443613	1.61225815105272	-0.495551959139559	-0.857255234146435	-1.22805079634139	2.55822283806645	1.36464113836553	1.25240977267252	0.639297246824326	1.87788330698097	0.891334139895297	1.13556388915037	1.08615108586604	1.44131900539917	-0.511569403811439	-0.134066408549389	0.380052177264348	0.918377414103627	1.066341890156	0.00127889973835643	-0.760969241379577	0.529025746652854	1.44283144869891	-0.511075359713758	-0.67585722956558	-0.129473397522033	-0.453596424243387	1.11244626214352	-0.424087220476799	0.331746425709836	0.636494262226781	0.872181742220499	-0.364209285220329	-1.27546349327469	1.17741384981864	0.511320495767069	0.0180814602713195	0.610239868100977	-0.0748722615406478	-0.269447964071541	-1.226387307071	1.39566288892283	-0.391997087232422
-0.617180044794006	0.993942439798576	-1.07686083842032	-1.58367820002582	-0.371655345329756	-2.00455576122008	-0.910731538876184	0.110812845473422	1.3568804801831	-0.824263348796597	1.13942616169207	1.00689345531805	0.681521902953269	0.889994479589151	0.261960474691778	1.02023328004177	0.480839778347134	0.450963230304024	0.161133555273055	1.82754239017373	0.0266983443929445	-0.950221335273846	-0.0994955068493202	0.265458007907443	1.33945505271948	0.872009935377834	1.52267499105765	0.194606205909611	0.896139883823908	1.07996464299341	2.01325014801755	0.844470176919073	0.657647902742445	0.164853415947499	1.22727838126396	1.65359596354753	-0.100986317468564	-0.992964158745936	1.35758637732496	1.1671569030844	0.956075041236295	0.363549367937098	0.269073169466876	0.00443038880243005	0.552036834892276	-1.55840265545004	0.191533266018617	0.398637876873543	-0.0111801573848749	-0.429736642498971	-1.32539374794736	1.06409798170438	-1.01478766929242	1.3006043521487	0.87734469697916	0.880088837030857	-0.468016319002897	-0.419775153914623	-0.086477502216682	-0.0925676124002878	-0.438271668696206	0.347288924494386	0.805356357719143	-0.262553664345626	0.498992761424327	-0.555431703860356	-0.600258846488857	-1.19355231826928	-1.03328922215224	0.105518535868654	0.421213468895463	0.571354058834554	1.39148944514119	-0.546869264801428	0.599026164665983	1.67408211492554	2.29286665398156	1.93921382678603	0.455170973910896	0.180957330013463	0.782041303598358	0.643203267091155	-0.440247378795695	0.600695442499841	-0.692363611995184	-0.0359848917521827	-0.218304456207729	-0.169468655878888	-0.493161135627271	-1.0084000719757
2.30536389396569	0.340452669888737	0.287564498347414	1.71677725467202	-0.420234606174549	-0.563406715133947	-0.833468637688019	-2.01597912274537	0.386448770774081	-1.06599365231532	-0.55958280576425	-0.423201419936134	-0.480814237904242	-1.65957795921122	0.57853306263112	0.285016621618798	-1.29677825531304	-1.20563376675436	-0.365257878054759	0.809655430091805	0.743546927839406	0.499566989435375	-0.191737359562794	-0.656971167626716	-2.30672997968734	-0.643545992834124	-0.351756598838517	0.0264561800006782	-0.73158868143971	-0.162422915178376	-0.861192391565586	1.28514092510157	1.0234542609753	1.65212648653533	0.0965944703554385	1.78859381919907	-0.840927569093744	-1.6669934020568	-1.89212460550668	0.187868568919842	-0.704767677282712	-0.435408404732289	0.0379293053932072	0.751361064679527	-0.206187234239557	-0.33157166083338	-0.595285028515917	0.268607280963323	-0.0552867619188256	1.3756201233399	0.154513660038376	-0.569846267046916	0.0116634973112817	1.21101288855175	0.409955908091462	-0.680024107335498	-0.0740196789168038	1.19365086578804	-0.594145926788685	0.559700083039222	-0.339384296989431	-1.03142023997952	-1.02964212596697	-3.10529492339591	-0.996075582755139	0.0668894676647389	0.32204292094104	0.336125453871398	-0.207492465253244	0.055880448752288	-1.73952441589176	-1.78031451326357	-0.876444947867914	0.0811921408832061	1.6757043776296	0.68211065025128	1.2958812560482	1.40740741776746	2.63635305605934	1.77724228415241	-0.839886151121665	-0.630435336179897	-0.347928595959554	-1.57639623319861	-0.484632682002127	-0.630645620223796	-1.10738697176578	-0.761747678673323	0.155455064094681	0.143753252002461
-0.280212284292784	-1.0956037175109	1.50318263859586	1.73487358178427	1.87795600966699	1.07143919454079	0.140657524253307	0.24990159015179	0.829528406110465	-0.394640368558168	0.637868835132986	0.313516906547827	-0.557548354246743	-0.343485410362434	-0.387915801259833	-0.890885061054307	-0.198377670493489	-0.389308076459239	-0.574786249193372	-0.847226881012298	-0.862829910033381	-0.2950261147085	-0.376651762134847	0.377446516018022	-0.594059450993238	-0.511905532884232	-0.452966788005346	-0.708043761724104	-0.872450033751806	-0.454925397891744	-0.589654336375929	-1.07437834889812	-0.975333930248483	-1.20143591267631	0.653550996280495	-0.356829109919273	-1.43194991185766	-1.26240863403267	-0.467526214731706	-2.27394609367142	-2.40342011679917	0.821583690741725	0.357646423312833	0.952073203556457	0.588566671064904	1.71655505600687	0.421678057397208	1.05440341876297	0.803801877751605	0.466940404742779	0.90755843316271	0.427985320913161	-0.407931451148469	0.0431150692696908	-1.08245320356998	-1.22935539276655	-0.986766029710401	-1.12686820220502	0.119070759827698	0.61268118949393	0.908322211587928	0.285722657561681	-0.18636148931234	0.0675885480380097	-0.7768930667907	-0.967595155359103	1.34389638501788	1.27319732280984	0.472092342100533	-0.298301242459966	1.38181684601587	1.06359771032585	-0.138887138847081	2.07828919141346	0.629954759414819	2.34119980962208	2.11857877675796	0.397616612024981	-0.119285704122643	0.360168466127827	0.984734521165308	-0.851742954387793	0.318459068510241	0.318608748556945	0.750206464217534	1.27771599684471	-0.679367393947415	0.964270396194119	2.41354874488274	2.34937737750385
-0.39404046544376	0.509939087377136	-0.0640353264573831	0.259953808392991	0.0996945822732688	-0.163270418299584	-0.468156699945275	-0.765744493354115	-0.160218092110975	-0.854144062358402	1.08273595365137	1.66549143298621	2.09396154288166	2.17795909493451	-0.102350802323584	0.304739923465024	-0.141020265029467	-0.208522309328398	-0.87508946539889	0.212830846211879	0.31325470742218	-0.457580951932561	-0.408771244039045	1.81136981459438	0.396904134746636	0.218311205205265	1.53482582959118	-0.820054634278684	2.2425986528317	-0.241262416382056	-0.547216554190673	-0.909474946693458	-0.249306108870459	-1.10026117831005	0.182745142675327	1.26660509432279	1.29371182044398	0.576620458384764	1.22605153455732	-0.817924078358037	-0.789033315082819	-1.11362857350526	0.913887553890066	1.07938698502004	0.502513189349183	0.781374358203222	1.05455095321667	-0.0329652272068534	-0.292866862783665	0.133521575822951	0.0578812779755764	0.47190181748269	0.0235905958356819	0.286443968915755	-1.0968552538	-0.842602606699888	-1.88252155175923	-2.91685322737859	-1.00689970728664	-0.744323959543528	-0.427206683956824	-1.07706211243653	-1.70549397659051	0.610213935933845	1.03615885116377	0.81114858224279	-1.49404844464172	-0.847944877551532	0.0733123809613181	0.156820937878084	-1.28486807285914	-0.668489843648086	0.686282465728163	0.142046674512732	0.930923574076878	-0.655283527474935	-0.298691217182194	-0.554465329315278	0.752438305336772	0.551825293691192	2.02784708550681	-1.68943375687506	-0.369591998195054	-0.234653508048616	-2.07152020602595	-1.7611317940853	0.42026415720582	2.83632552287445	0.647690823085604	0.555278589026621
