-0.944810392423943	-0.769931980527317	-2.075277673197	-2.075277673197	-2.11691726536684	-2.11691726536684	-0.524551753584151	-0.165549687639304	-2.26151234714839	0.212424160518486	-0.860341107322957	-0.16615005495636	-0.105254877353324	-0.817232794977368	0.896559480972093	0.381744212454187	0.0901763915243283	0.40653010030216	0.297071308264736	-0.647112646449002	0.347907849414101	0.567614955584135	-0.986607627412278	-0.986607627412278	-0.986607627412278	-0.986607627412278	-0.986607627412278	-0.986607627412278	-0.986607627412278	-0.986607627412278	-0.986607627412278	-0.986607627412278	-0.986607627412278	0.586961613836451	0.586961613836451	0.586961613836451	0.586961613836451	0.586961613836451	0.586961613836451	0.586961613836451	0.586961613836451	0.586961613836451	0.586961613836451	0.586961613836451	-0.961873266653335	-0.961873266653335	-0.961873266653335	-0.961873266653335	-0.961873266653335	-0.961873266653335	-0.961873266653335	-0.961873266653335	-0.961873266653335	-0.961873266653335	-0.961873266653335	1.35834849965742	0.0108782692374218	1.28220466826288	1.47338184225126	1.60480458032645	0.809394049392808	0.88595308884845	0.464129287466851	-0.289234602007085	1.25677928984729	1.18055603788985	1.36047901464987	1.3817272893313	1.12427811634192	1.40556732531689	1.2452643712359	1.2452643712359	0.59078541814113	1.23190136202266	0.762953135611769	1.16985387398396	1.27717265754773	0.308812681747558	0.308812681747558	0.308812681747558	0.308812681747558	0.308812681747558	0.308812681747558	0.308812681747558	0.308812681747558	0.308812681747558	0.308812681747558	0.308812681747558	0.308812681747558	0.308812681747558
-0.584000578066024	-0.181676114960534	-0.509873128942196	-0.509873128942196	-0.0997872981611787	-0.0997872981611786	-1.89297845847882	-0.800805357224969	-0.924719587574959	-1.1904013998972	-0.806902326505607	1.01885451355138	1.58576044808988	1.57621914390139	-0.0151014511663153	0.209623267324778	-0.145452078196355	0.760563610872954	0.647912909608791	1.55279015040823	0.983067528192464	0.630597322613243	-0.418419510418078	-0.418419510418078	-0.418419510418078	-0.418419510418078	-0.418419510418078	-0.418419510418078	-0.418419510418078	-0.418419510418078	-0.418419510418078	-0.418419510418078	-0.418419510418078	1.37006190347466	1.37006190347466	1.37006190347466	1.37006190347466	1.37006190347466	1.37006190347466	1.37006190347466	1.37006190347466	1.37006190347466	1.37006190347466	1.37006190347466	0.348905788291256	0.348905788291256	0.348905788291256	0.348905788291256	0.348905788291256	0.348905788291256	0.348905788291256	0.348905788291256	0.348905788291256	0.348905788291256	0.348905788291256	1.3407320056087	0.592067574373339	-0.654456598576014	1.49207774747069	0.0529388312434576	0.625148163153281	0.375841474292556	-0.883765827744968	-0.102034597353233	0.564991043912825	-0.675445453390816	1.15886112228526	1.45572778757468	1.38126516766634	1.04800455384204	1.36732738905034	1.36732738905034	-1.04455849698313	0.878672947362	0.458319553112189	0.867978867030978	1.34074362763324	1.11309537648427	1.11309537648427	1.11309537648427	1.11309537648427	1.11309537648427	1.11309537648427	1.11309537648427	1.11309537648427	1.11309537648427	1.11309537648427	1.11309537648427	1.11309537648427	1.11309537648427
-3.14686671975337	-2.39264301480875	-2.13434085357873	-2.13434085357873	-0.858731144136104	-0.858731144136104	-1.35258118498537	-0.836085380922936	-2.14279605172693	-2.22450405411876	-2.93859779539837	0.981722585888004	1.36749620767181	1.50885920056086	0.498114215111912	-0.271891729684852	-0.510532724807309	-0.925007310793429	0.0305179096957485	-0.155858964188644	-0.35399847031291	0.19496029206002	-1.42388894683172	-1.42388894683172	-1.42388894683172	-1.42388894683172	-1.42388894683172	-1.42388894683172	-1.42388894683172	-1.42388894683172	-1.42388894683172	-1.42388894683172	-1.42388894683172	-0.639338917497517	-0.639338917497517	-0.639338917497517	-0.639338917497517	-0.639338917497517	-0.639338917497517	-0.639338917497517	-0.639338917497517	-0.639338917497517	-0.639338917497517	-0.639338917497517	0.872708387790717	0.872708387790717	0.872708387790717	0.872708387790717	0.872708387790717	0.872708387790717	0.872708387790717	0.872708387790717	0.872708387790717	0.872708387790717	0.872708387790717	1.97755441630299	-0.34354768325827	-1.00247415323616	1.89112851693887	-0.309894321921881	0.0803436991788813	1.45808910048746	-1.8776653677359	-0.726021440452974	-0.0258767455248737	-0.601655227728224	-0.242730745161752	-0.154203075142488	0.241136448595675	-0.235308125363226	-0.505193038184331	-0.505193038184332	-0.192301056715772	-0.185394367783824	0.0713607991197496	0.367131044373869	-0.219854249883079	0.537837395768459	0.537837395768459	0.537837395768459	0.537837395768459	0.537837395768459	0.537837395768459	0.537837395768459	0.537837395768459	0.537837395768459	0.537837395768459	0.537837395768459	0.537837395768459	0.537837395768459
0.355228210186001	0.599843764123856	1.28825546875235	1.28825546875235	0.726147055701589	0.726147055701589	0.692325155973157	-0.111029611490943	0.443235019489059	0.223624602190805	0.3183041791687	0.014866966501616	0.557242692408063	0.662599151565659	-0.0582474209771898	0.211885151972565	-0.153707665538884	-1.19570416198855	-0.726514361024227	-0.546331284529707	-0.58740526625395	-0.363174657920627	-0.333708484316218	-0.333708484316218	-0.333708484316218	-0.333708484316218	-0.333708484316218	-0.333708484316218	-0.333708484316218	-0.333708484316218	-0.333708484316218	-0.333708484316218	-0.333708484316218	-1.24122289039958	-1.24122289039958	-1.24122289039958	-1.24122289039958	-1.24122289039958	-1.24122289039958	-1.24122289039958	-1.24122289039958	-1.24122289039958	-1.24122289039958	-1.24122289039958	0.704798236394385	0.704798236394385	0.704798236394385	0.704798236394385	0.704798236394385	0.704798236394385	0.704798236394385	0.704798236394385	0.704798236394385	0.704798236394385	0.704798236394385	-2.06151785929145	-0.102678693751367	-0.573990255643286	-0.987287393499388	0.443249867912515	-0.64106834452079	-1.19838631422444	-0.915016092148931	0.171149605159836	-0.48796541838031	-1.30615606949338	-0.34522835886963	-0.579326236400746	0.137463668569519	-0.246466986849416	-0.182505595983691	-0.182505595983691	0.0711230411194529	-0.0885008635912724	0.3558112822118	-0.648902153108493	-0.510125232716022	-1.25676314535948	-1.25676314535948	-1.25676314535948	-1.25676314535948	-1.25676314535948	-1.25676314535948	-1.25676314535948	-1.25676314535948	-1.25676314535948	-1.25676314535948	-1.25676314535948	-1.25676314535948	-1.25676314535948
0.900287709906526	0.866358101412752	1.06775138776014	1.06775138776014	1.44914878503401	1.44914878503401	0.974785345989267	0.926645163528997	0.695576435233002	1.30859348212296	0.0927834891423271	0.315931782937244	1.0022530850143	-0.130238566597304	0.303721565058345	-0.0784381442752891	-1.63444418302109	0.365344225992749	2.10520742544466	2.62762657586263	2.18839831187906	1.65477467352096	-0.54430530037509	-0.54430530037509	-0.54430530037509	-0.54430530037509	-0.54430530037509	-0.54430530037509	-0.54430530037509	-0.54430530037509	-0.54430530037509	-0.54430530037509	-0.54430530037509	-0.332737554773656	-0.332737554773656	-0.332737554773656	-0.332737554773656	-0.332737554773656	-0.332737554773656	-0.332737554773656	-0.332737554773656	-0.332737554773656	-0.332737554773656	-0.332737554773656	-0.737434022293239	-0.737434022293239	-0.737434022293239	-0.737434022293239	-0.737434022293239	-0.737434022293239	-0.737434022293239	-0.737434022293239	-0.737434022293239	-0.737434022293239	-0.737434022293239	1.30276033037011	1.12289025689336	0.255777761587768	1.3394432831695	1.44872145234172	0.840499772784118	1.24936297828004	-0.547761509147962	0.495778496039093	0.906604369073688	-0.0184744823700793	1.86725368899411	1.80651104420879	1.57847488469228	1.46864428236785	1.34647105232341	1.34647105232341	1.75456690197573	1.89791579197978	2.313950985804	1.57333189748047	1.79462985111255	-1.72235714009869	-1.72235714009869	-1.72235714009869	-1.72235714009869	-1.72235714009869	-1.72235714009869	-1.72235714009869	-1.72235714009869	-1.72235714009869	-1.72235714009869	-1.72235714009869	-1.72235714009869	-1.72235714009869
-1.94763632684176	-1.46284602985078	0.527498834901601	0.527498834901601	-0.761386233406601	-0.761386233406602	0.0895678384730116	-1.01274540805251	-0.331840322812652	-1.36639438647054	-0.533441941806362	2.26907825306266	2.39478319589976	1.53867988555058	0.195507325665519	1.12453196594401	1.79116889264009	1.6447223770609	1.39936915902957	1.54889769609638	0.0871070608761048	-0.332806698697154	1.10536776297761	1.10536776297761	1.10536776297761	1.10536776297761	1.10536776297761	1.10536776297761	1.10536776297761	1.10536776297761	1.10536776297761	1.10536776297761	1.10536776297761	-1.2296857076183	-1.2296857076183	-1.2296857076183	-1.2296857076183	-1.2296857076183	-1.2296857076183	-1.2296857076183	-1.2296857076183	-1.2296857076183	-1.2296857076183	-1.2296857076183	-0.291324576896209	-0.291324576896209	-0.291324576896209	-0.291324576896209	-0.291324576896209	-0.291324576896209	-0.291324576896209	-0.291324576896209	-0.291324576896209	-0.291324576896209	-0.291324576896209	-1.29100279173376	-1.05240176584706	-0.624467880768792	-1.4834858268408	0.0512811027311576	0.178102140291117	-1.26039355714417	0.0975424641790531	-0.669018273677226	-0.494654218610863	-0.287853157874746	0.407903260701073	0.318252583613817	-0.28750176044986	0.310350939086801	0.176421453476091	0.176421453476091	0.0151123543216302	0.885831726533831	0.949199024011621	-0.242571193933241	-0.420983655749565	1.05252650824914	1.05252650824914	1.05252650824914	1.05252650824914	1.05252650824914	1.05252650824914	1.05252650824914	1.05252650824914	1.05252650824914	1.05252650824914	1.05252650824914	1.05252650824914	1.05252650824914
-1.34488578448674	-0.182212272469019	-0.943823331933505	-0.943823331933505	-1.43483612268138	-1.43483612268138	-2.58083354901835	-3.02341403900452	-2.40653437756077	-2.67224687478258	-1.86202502704873	-1.93484623437889	-1.55346068040186	0.000609802533139138	-1.09224940338967	-1.08060134342393	0.0586652395227689	-0.38510309941202	-0.225215854286346	-1.46493527862364	-1.61162351067646	-1.41145107894131	1.52758093896057	1.52758093896057	1.52758093896057	1.52758093896057	1.52758093896057	1.52758093896057	1.52758093896057	1.52758093896057	1.52758093896057	1.52758093896057	1.52758093896057	-0.899319191749398	-0.899319191749398	-0.899319191749398	-0.899319191749398	-0.899319191749398	-0.899319191749398	-0.899319191749398	-0.899319191749398	-0.899319191749398	-0.899319191749398	-0.899319191749398	1.59742498019656	1.59742498019656	1.59742498019656	1.59742498019656	1.59742498019656	1.59742498019656	1.59742498019656	1.59742498019656	1.59742498019656	1.59742498019656	1.59742498019656	-1.27055223382537	-0.379306800426357	-0.536530318542174	-1.69902327545952	-0.356922509205257	0.188662442072922	-1.26013065450224	-0.678951995756779	-0.583085604026757	-0.752364234460686	-1.03614563893556	-1.89148743877185	-1.62559578179659	-1.37059785813541	-1.41654431300883	-1.59389541965149	-1.59389541965149	-1.45009887893926	-1.75501136881534	-1.96869246756834	-1.38276797161801	-1.98878938404867	1.29712205430898	1.29712205430898	1.29712205430898	1.29712205430898	1.29712205430898	1.29712205430898	1.29712205430898	1.29712205430898	1.29712205430898	1.29712205430898	1.29712205430898	1.29712205430898	1.29712205430898
0.812179680374475	0.296958794208859	1.33251717068218	1.33251717068218	0.995190598896688	0.995190598896688	1.08855296054622	1.19122314141367	1.7255880525732	0.576590340886784	1.46513492858113	0.188827822870089	0.433823268398707	0.915612104137065	-1.29827453183299	-0.327432410432688	0.534740666704968	1.0329320901067	-0.139486564575359	-0.507685412611323	-0.457618199792083	-1.50019878187276	0.0902611859762303	0.0902611859762303	0.0902611859762303	0.0902611859762303	0.0902611859762303	0.0902611859762303	0.0902611859762303	0.0902611859762303	0.0902611859762303	0.0902611859762304	0.0902611859762303	-1.27273864569221	-1.27273864569221	-1.27273864569221	-1.27273864569221	-1.27273864569221	-1.27273864569221	-1.27273864569221	-1.27273864569221	-1.27273864569221	-1.27273864569221	-1.27273864569221	0.731483628603784	0.731483628603784	0.731483628603784	0.731483628603784	0.731483628603784	0.731483628603784	0.731483628603784	0.731483628603784	0.731483628603784	0.731483628603784	0.731483628603784	-2.22127064070444	-1.529811500623	-2.77462491369114	-2.08669778906678	-0.915283672379898	-0.617077684409135	-1.71107622657023	-0.73475872802447	-1.31328185705569	-2.10734534638604	-1.90167701462254	-0.309545860392905	-0.403480726784547	-0.599360968482544	0.381142743533914	0.706507747019491	0.706507747019491	-0.0618547722761241	-0.0839469813750582	0.278858875592351	-1.15650528515724	-0.492676785723683	1.26600438417525	1.26600438417525	1.26600438417525	1.26600438417525	1.26600438417525	1.26600438417525	1.26600438417525	1.26600438417525	1.26600438417525	1.26600438417525	1.26600438417525	1.26600438417525	1.26600438417525
-0.987100251072962	0.0949772589777105	-0.748882063577149	-0.748882063577148	-1.02956898026399	-1.02956898026399	-1.06672754307751	-0.469115826902033	-1.506660723254	-0.253052503715979	-1.26080717757406	-0.234772408966176	-1.66075238710395	-0.714666188126538	-0.853099213100456	-0.898545279550307	-1.20284099328088	0.193883822674749	-0.889800408390703	-0.589206156171845	-1.57683129322035	-0.181114684775668	-0.36001960592633	-0.36001960592633	-0.36001960592633	-0.36001960592633	-0.36001960592633	-0.36001960592633	-0.36001960592633	-0.36001960592633	-0.36001960592633	-0.36001960592633	-0.36001960592633	-0.606610086341537	-0.606610086341537	-0.606610086341537	-0.606610086341537	-0.606610086341537	-0.606610086341537	-0.606610086341537	-0.606610086341537	-0.606610086341537	-0.606610086341537	-0.606610086341537	-0.284641700375994	-0.284641700375994	-0.284641700375994	-0.284641700375994	-0.284641700375994	-0.284641700375994	-0.284641700375994	-0.284641700375994	-0.284641700375994	-0.284641700375994	-0.284641700375994	0.0250166105003763	0.115728551616269	-0.537835514966072	0.889204094788646	-0.499674012981243	-1.35563321728225	0.196932877794611	-0.123969043422451	0.130637888075576	1.121305310959	-0.333219960899488	-0.634378585924229	-0.873237464682061	-0.699797653597252	-0.537723227151837	-0.612317214125218	-0.612317214125218	0.723373992728179	-1.1463573835701	-0.489084911112499	-0.415282942210422	-0.652187841640653	-2.7065030203907	-2.7065030203907	-2.7065030203907	-2.7065030203907	-2.7065030203907	-2.7065030203907	-2.7065030203907	-2.7065030203907	-2.7065030203907	-2.7065030203907	-2.7065030203907	-2.7065030203907	-2.7065030203907
-0.109206137739216	0.835010777769086	0.163335001336047	0.163335001336047	1.29985527309737	1.29985527309737	0.647353948150785	0.222235350826662	0.703751965079046	-0.449199231432162	-0.522813247604922	-0.898004605366615	-0.278846763626494	-0.428271257445948	0.155443874743464	0.889790029222881	0.337379758960981	0.244357736591613	-0.0630665210878214	-0.239132635685262	0.669633387707462	0.807171054696208	0.611290193761759	0.611290193761759	0.611290193761759	0.611290193761759	0.611290193761759	0.611290193761759	0.611290193761759	0.611290193761759	0.611290193761759	0.611290193761759	0.611290193761759	0.528674985744714	0.528674985744714	0.528674985744714	0.528674985744714	0.528674985744714	0.528674985744714	0.528674985744714	0.528674985744714	0.528674985744714	0.528674985744714	0.528674985744714	-0.428114487639595	-0.428114487639595	-0.428114487639595	-0.428114487639595	-0.428114487639595	-0.428114487639595	-0.428114487639595	-0.428114487639595	-0.428114487639595	-0.428114487639595	-0.428114487639595	-1.27540750306603	-0.370431626520023	-0.943358307962598	-0.926664227258278	-1.193791722005	-0.524957538337452	-0.987007594610824	-0.0392612228656678	-0.256951326515236	-1.14560157963442	-0.571957944792147	0.359690038593314	-0.174964544956216	0.252865365765054	-0.351556026003621	-0.167983169552693	-0.167983169552694	-0.739875131520003	-0.00802783830614463	-0.448777312758913	1.25685230899089	1.08595600216437	0.695369842769069	0.695369842769069	0.695369842769069	0.695369842769069	0.695369842769069	0.695369842769069	0.695369842769069	0.695369842769069	0.695369842769069	0.695369842769069	0.695369842769069	0.69536984276907	0.695369842769069
-0.788443809792017	-2.18550995988306	-1.13370392829174	-1.13370392829174	-1.32742968030441	-1.32742968030441	-0.976076295833858	0.290426171806684	-1.31035919625128	0.0674473742415355	-1.30607833257209	0.399512437919815	0.987625429625717	0.763873619264589	-0.433978269008585	0.359687031827261	0.295479928232443	-0.284765042213706	-0.385904300758278	-0.253420383966992	-0.218059363096433	-0.395079186076076	-0.068043806344741	-0.068043806344741	-0.068043806344741	-0.0680438063447411	-0.068043806344741	-0.0680438063447411	-0.0680438063447411	-0.0680438063447411	-0.068043806344741	-0.068043806344741	-0.068043806344741	0.721392828332841	0.721392828332841	0.721392828332841	0.721392828332841	0.721392828332841	0.721392828332841	0.721392828332841	0.721392828332841	0.721392828332841	0.721392828332841	0.721392828332841	0.0942626514755911	0.0942626514755911	0.0942626514755911	0.0942626514755911	0.0942626514755911	0.0942626514755911	0.0942626514755911	0.0942626514755911	0.0942626514755911	0.0942626514755911	0.0942626514755911	-0.241964999673213	-1.73565088420315	0.770841915612876	0.434548941755524	0.624457138950604	-0.269475903532163	-0.794133793206788	-0.786392345094737	-0.140528507758164	0.454623599518031	0.243217133655365	1.14869939403492	0.585347190837924	0.913341613908174	1.44696193178223	2.03650802439557	2.03650802439557	1.19703111837002	1.29662560247038	1.06726275175739	1.67557876923911	1.43691985188151	0.206609988906279	0.206609988906279	0.206609988906279	0.206609988906279	0.206609988906279	0.206609988906279	0.206609988906279	0.206609988906279	0.206609988906279	0.206609988906279	0.206609988906279	0.206609988906279	0.206609988906279
-0.416988352733463	0.786098536398731	-1.67407409530594	-1.67407409530594	-1.29680538505835	-1.29680538505835	0.548825008237003	0.0380262215813191	-1.19167357979887	0.772512653010522	0.0567508980491894	-0.331129452955524	-0.413928232873185	-0.466870329414662	-0.180866959234995	-1.76638808257436	-0.862579703074614	-0.463066180325462	0.21498597403869	-0.700977587255617	0.883347189471134	0.791584150511992	0.870790950046341	0.870790950046341	0.870790950046341	0.870790950046341	0.870790950046341	0.870790950046341	0.870790950046341	0.870790950046341	0.870790950046341	0.870790950046341	0.870790950046341	-0.829306112402624	-0.829306112402624	-0.829306112402624	-0.829306112402624	-0.829306112402624	-0.829306112402624	-0.829306112402624	-0.829306112402624	-0.829306112402624	-0.829306112402623	-0.829306112402624	0.113997327539911	0.113997327539911	0.113997327539911	0.113997327539911	0.113997327539911	0.113997327539911	0.113997327539911	0.113997327539911	0.113997327539911	0.113997327539911	0.113997327539911	1.13898744029517	0.607140724046246	0.0463005816905448	0.0626417336407698	0.961209963600197	1.68974972260682	0.617728770310225	0.312471400704351	0.536342801529378	0.733133521039503	0.740228404754501	-1.39229291797241	-1.56743479372376	-1.90851971436276	-0.934860421556078	-1.40568787363504	-1.40568787363504	-1.41173229971139	-2.08062726025141	-1.90530564342628	-1.72078904382686	-1.82839347595713	0.239127245748562	0.239127245748562	0.239127245748562	0.239127245748562	0.239127245748562	0.239127245748562	0.239127245748562	0.239127245748562	0.239127245748562	0.239127245748562	0.239127245748562	0.239127245748562	0.239127245748562
0.209255587717692	-0.20974095572997	0.4993403830746	0.4993403830746	0.290734382549004	0.290734382549004	-0.730382461645867	-0.190686803373429	0.103117105059758	-0.457930796892092	-0.508223877979129	0.59648140582681	1.35505868784556	-0.411216956194143	0.531043800012541	0.461145196214155	0.981114471385028	0.872739231232863	1.68514309063788	0.203973801943305	0.75833749803687	-0.564084743488045	0.248621136182042	0.248621136182042	0.248621136182042	0.248621136182042	0.248621136182042	0.248621136182042	0.248621136182042	0.248621136182042	0.248621136182042	0.248621136182042	0.248621136182042	-0.36128097393741	-0.36128097393741	-0.36128097393741	-0.36128097393741	-0.36128097393741	-0.36128097393741	-0.36128097393741	-0.36128097393741	-0.36128097393741	-0.36128097393741	-0.36128097393741	0.230047446465014	0.230047446465014	0.230047446465014	0.230047446465014	0.230047446465014	0.230047446465014	0.230047446465014	0.230047446465014	0.230047446465014	0.230047446465014	0.230047446465014	0.205622868207188	-1.15601813143899	0.285926907427967	0.538661484407539	-1.40071480487756	-1.64698667576109	0.684007421632931	-0.51547407070469	-1.66030813833137	-0.971474589845184	-0.0650985242192763	-0.0601275773792337	0.32241160434233	-0.0638966197960668	0.0548031419968165	0.61970287095764	0.619702870957639	0.124390149028935	-0.871057628883272	-0.886132583857275	0.671505696064464	0.566176119991323	-1.42865791679283	-1.42865791679283	-1.42865791679283	-1.42865791679283	-1.42865791679283	-1.42865791679283	-1.42865791679283	-1.42865791679283	-1.42865791679283	-1.42865791679283	-1.42865791679283	-1.42865791679283	-1.42865791679283
2.12722384621345	1.6703044782985	-0.677078816516449	-0.67707881651645	0.00405250358616973	0.00405250358617006	-0.123989735627085	0.220084716139978	-0.6656116364194	0.864374462948733	0.998374538829535	-0.293147435015228	0.197293815238068	-0.745199921641264	0.444075162525812	1.10475126807878	1.28081625544449	1.20773997709479	1.70162583954742	0.809588482977931	0.695818208738981	0.306174034136389	-0.828307406746419	-0.828307406746419	-0.828307406746419	-0.828307406746419	-0.828307406746419	-0.828307406746419	-0.828307406746419	-0.828307406746419	-0.828307406746419	-0.828307406746419	-0.828307406746419	-0.759292124555876	-0.759292124555876	-0.759292124555876	-0.759292124555876	-0.759292124555876	-0.759292124555876	-0.759292124555876	-0.759292124555876	-0.759292124555876	-0.759292124555876	-0.759292124555876	1.68986999481703	1.68986999481703	1.68986999481703	1.68986999481703	1.68986999481703	1.68986999481703	1.68986999481703	1.68986999481703	1.68986999481703	1.68986999481703	1.68986999481703	-0.666333574443143	0.294228025760095	-0.656044376408694	-0.261861042580812	0.744502399536419	0.305708388261106	0.0362189006244914	-0.640269325833136	-0.118963455768859	-0.72386051785654	-0.686976773113918	1.33623051284701	0.769964019162534	0.515837122136087	1.38892984932561	1.65539951565773	1.65539951565773	1.08544670550287	1.5609437736569	1.96967559613186	0.334523121423393	1.03974241433418	0.804783054210339	0.804783054210339	0.804783054210339	0.804783054210339	0.804783054210339	0.804783054210339	0.804783054210339	0.804783054210339	0.804783054210339	0.804783054210339	0.804783054210339	0.804783054210339	0.804783054210339
1.12259743942064	0.178459789868734	-0.814928356585743	-0.814928356585744	0.619404501349759	0.619404501349759	-0.886880269434185	-0.499655487287007	-0.4090435946284	-0.185635530263225	0.768305088721381	1.81983445784064	1.69065408135438	2.41563121920639	0.104300468061667	0.0520775435362704	-0.371647336203181	-0.698672986369144	-1.88333862467052	0.0425231171651038	-0.205519043315283	0.761484248284872	-0.838282189222843	-0.838282189222843	-0.838282189222843	-0.838282189222843	-0.838282189222843	-0.838282189222843	-0.838282189222843	-0.838282189222843	-0.838282189222843	-0.838282189222843	-0.838282189222843	-0.903755171321147	-0.903755171321147	-0.903755171321147	-0.903755171321147	-0.903755171321147	-0.903755171321147	-0.903755171321147	-0.903755171321147	-0.903755171321147	-0.903755171321147	-0.903755171321147	-0.0550601252385796	-0.0550601252385796	-0.0550601252385796	-0.0550601252385796	-0.0550601252385796	-0.0550601252385796	-0.0550601252385796	-0.0550601252385796	-0.0550601252385796	-0.0550601252385797	-0.0550601252385796	2.20526042574213	1.50447453829047	-0.631824297752449	0.323099070942663	0.105555582029277	1.52497706646032	1.41264044263823	0.60908299033568	0.070597626412442	0.306927092261672	0.0420828018924119	-2.08895679149787	-2.30058366938742	-2.68174008978914	-1.81139609920698	-2.25344487439207	-2.25344487439207	-1.500843588557	-1.94091307713936	-1.99878526362171	-1.12515100273584	-1.66080351151411	0.522065495313381	0.522065495313381	0.522065495313381	0.522065495313381	0.522065495313381	0.522065495313381	0.522065495313381	0.522065495313381	0.522065495313381	0.522065495313382	0.522065495313381	0.522065495313382	0.522065495313381
-0.716316495665641	0.594315622154049	0.79703764658139	0.79703764658139	1.07137328637273	1.07137328637273	0.795237090475205	0.187260564572594	0.0324780102772421	-0.683340055961523	-1.066995950414	-0.181498321920363	-0.677602835877508	-0.465114703880405	1.08457188430172	0.554506183135425	0.189050735269164	-1.37347394682166	-0.922085125882673	-0.787534267641305	0.143090360058985	0.52631869318257	0.660807736430843	0.660807736430843	0.660807736430843	0.660807736430843	0.660807736430843	0.660807736430843	0.660807736430843	0.660807736430843	0.660807736430843	0.660807736430843	0.660807736430843	-0.249042863792005	-0.249042863792005	-0.249042863792005	-0.249042863792005	-0.249042863792005	-0.249042863792005	-0.249042863792005	-0.249042863792005	-0.249042863792005	-0.249042863792005	-0.249042863792005	-0.725141251406623	-0.725141251406623	-0.725141251406623	-0.725141251406623	-0.725141251406623	-0.725141251406623	-0.725141251406623	-0.725141251406623	-0.725141251406623	-0.725141251406623	-0.725141251406623	0.0979615929090959	-0.221408904172979	0.0304990398271694	1.10587284700377	-1.12122705278787	-0.990316135238478	0.449011433419978	0.188433158890943	0.70984341681556	-0.365604019052171	0.806210866251444	-1.18391121414117	-1.36941333021087	-1.35810862656359	-0.737694216228805	-0.423690301064355	-0.423690301064355	-0.70977590357397	-0.91664187298428	-0.619322218268901	-0.410806791980519	-0.283568151730018	-0.164590281115113	-0.164590281115113	-0.164590281115113	-0.164590281115113	-0.164590281115113	-0.164590281115113	-0.164590281115113	-0.164590281115113	-0.164590281115113	-0.164590281115113	-0.164590281115113	-0.164590281115113	-0.164590281115113
1.5302556561042	2.9212760997428	2.01915719285568	2.01915719285568	1.97715406066869	1.97715406066869	1.13908937166084	0.364243065236808	1.25990884220981	0.852368440843359	1.37441546248792	0.180138209218664	1.23014386650289	0.172496305725021	0.988909474580914	0.533703787932278	1.85828199548724	0.566700050568015	1.19023280817085	0.693099263900774	2.02835740171008	-0.28885096132085	-0.512490792380574	-0.512490792380574	-0.512490792380574	-0.512490792380574	-0.512490792380574	-0.512490792380574	-0.512490792380574	-0.512490792380574	-0.512490792380574	-0.512490792380574	-0.512490792380574	-2.19483109612855	-2.19483109612855	-2.19483109612855	-2.19483109612855	-2.19483109612855	-2.19483109612855	-2.19483109612855	-2.19483109612855	-2.19483109612855	-2.19483109612855	-2.19483109612855	-0.806114661847658	-0.806114661847658	-0.806114661847658	-0.806114661847658	-0.806114661847658	-0.806114661847658	-0.806114661847658	-0.806114661847658	-0.806114661847658	-0.806114661847658	-0.806114661847658	-0.218676383970546	-0.494755902522677	-0.853025579727509	-0.865100744812969	-0.936574718527261	0.245091090338965	-0.222463013504814	0.122189329236291	-0.671101093815554	-0.52218204629173	0.184998233765457	-0.631758621468231	-0.590585838501959	-0.384617427088529	-1.24223485705119	-1.02185571405779	-1.02185571405779	-0.881924840622312	-0.628604061411019	-0.875767708346493	-1.15576464719563	-0.706978512640491	-0.890157602734388	-0.890157602734388	-0.890157602734388	-0.890157602734388	-0.890157602734388	-0.890157602734388	-0.890157602734388	-0.890157602734388	-0.890157602734388	-0.890157602734387	-0.890157602734388	-0.890157602734388	-0.890157602734388
-0.0114879988382786	-0.184314341488469	-1.39269494002414	-1.39269494002414	-1.54593474423176	-1.54593474423176	-0.954066100657091	-0.617590117229135	-1.7422011140603	-0.557193478478969	-1.21156088581878	0.161764600361155	-0.14352200764335	-0.47136197788556	1.19492812843577	1.35270985984498	1.67350248254826	0.553028554959469	0.313641875823571	-0.96031102611912	-0.430741353880207	0.033626855779555	-0.881355588830345	-0.881355588830345	-0.881355588830345	-0.881355588830345	-0.881355588830345	-0.881355588830345	-0.881355588830345	-0.881355588830345	-0.881355588830345	-0.881355588830345	-0.881355588830345	0.433127613812142	0.433127613812142	0.433127613812142	0.433127613812142	0.433127613812142	0.433127613812142	0.433127613812142	0.433127613812142	0.433127613812142	0.433127613812142	0.433127613812142	1.35109310673392	1.35109310673392	1.35109310673392	1.35109310673392	1.35109310673392	1.35109310673392	1.35109310673392	1.35109310673392	1.35109310673392	1.35109310673392	1.35109310673392	-2.18008952241443	-0.900328103399085	-0.437079112137782	-0.059628126206604	-2.1796119786516	-2.58011386729413	-0.872172523812345	-2.05585530570105	-0.954371003787361	-1.10036144995472	-1.24272948816606	0.198331207276958	0.241124065539893	-0.00156435502026932	0.0445953679677718	-0.116268764536067	-0.116268764536067	-0.216650891179544	0.703481372590218	0.682866546460362	0.361214538850405	0.440152778896123	0.0788924725418465	0.0788924725418465	0.0788924725418465	0.0788924725418465	0.0788924725418465	0.0788924725418465	0.0788924725418465	0.0788924725418465	0.0788924725418465	0.0788924725418465	0.0788924725418465	0.0788924725418465	0.0788924725418465
-1.60480749267892	-0.200699669879381	-1.65613914823286	-1.65613914823286	-0.13255349679074	-0.13255349679074	-0.341391604647439	-0.766946706466064	-1.26273678873455	-1.19458554465848	-1.14573734035648	-0.717128888090003	0.0488968059707324	-0.509377093723999	0.38652489427504	1.33859962524606	1.66975689073318	1.16963875492668	0.726798428809758	-1.34474708953138	-1.29261664562519	-1.00688808818913	-0.230790947671191	-0.230790947671191	-0.230790947671191	-0.230790947671191	-0.230790947671191	-0.230790947671191	-0.230790947671191	-0.230790947671191	-0.230790947671191	-0.230790947671191	-0.230790947671191	-0.865412906898982	-0.865412906898982	-0.865412906898982	-0.865412906898982	-0.865412906898982	-0.865412906898982	-0.865412906898982	-0.865412906898982	-0.865412906898982	-0.865412906898982	-0.865412906898982	0.583333106435912	0.583333106435912	0.583333106435912	0.583333106435912	0.583333106435912	0.583333106435912	0.583333106435912	0.583333106435912	0.583333106435912	0.583333106435912	0.583333106435912	-0.655951103572737	-0.80941646655335	0.678271227933636	0.815502026668615	-0.966389747575703	-1.46861872697487	-0.873068067357224	0.097767896383992	0.660537532154251	0.950956228619873	0.598736544021971	0.399764554958348	0.323089387210218	0.570876789226565	0.396695306652218	0.928960485180284	0.928960485180283	0.662575825874883	0.89002610812941	1.2890206002561	0.742810039020199	0.702628099976661	0.388959735970674	0.388959735970674	0.388959735970674	0.388959735970674	0.388959735970674	0.388959735970674	0.388959735970674	0.388959735970674	0.388959735970674	0.388959735970674	0.388959735970674	0.388959735970674	0.388959735970674
1.37505844183854	-0.232652290168618	0.81132326297171	0.81132326297171	0.332035565127616	0.332035565127616	-1.03270248679666	-0.0985663669604014	1.22531414682617	-0.609955484317748	1.04026456235216	-0.452190882489783	0.436513754690444	-0.495699405692797	1.65832044678195	0.452893722382484	-0.0888994310549359	-2.62226143873177	-1.22103310368361	-0.767613041412684	1.952215951817	0.406091491498349	-0.319656551893311	-0.319656551893311	-0.319656551893311	-0.319656551893311	-0.319656551893311	-0.319656551893311	-0.319656551893311	-0.319656551893311	-0.319656551893311	-0.319656551893311	-0.319656551893311	0.844985716796848	0.844985716796848	0.844985716796848	0.844985716796848	0.844985716796848	0.844985716796848	0.844985716796848	0.844985716796848	0.844985716796848	0.844985716796848	0.844985716796848	-2.2860141330845	-2.2860141330845	-2.2860141330845	-2.2860141330845	-2.2860141330845	-2.2860141330845	-2.2860141330845	-2.2860141330845	-2.2860141330845	-2.2860141330845	-2.2860141330845	1.24450675596133	-0.316380344948706	0.975764928175261	1.40595410918644	0.911300292636891	0.422332243842349	0.992653202005181	-0.686970854699496	-0.14041821692167	1.34065880757144	0.957662058428462	0.342899748700215	-0.278267499758742	-0.318801760275201	-0.261522297629986	-0.838530260690474	-0.838530260690474	0.425924588893273	0.489144268567451	0.289842461384936	0.929252688559468	0.327757424588894	0.377663682096246	0.377663682096246	0.377663682096246	0.377663682096246	0.377663682096246	0.377663682096246	0.377663682096246	0.377663682096246	0.377663682096246	0.377663682096247	0.377663682096246	0.377663682096247	0.377663682096246
2.24384865954586	1.11265428841094	1.79267718938638	1.79267718938638	2.06824677444379	2.0682467744438	1.96802791123092	2.38736078077261	1.86487716309987	2.15721251192207	1.04511621951263	0.808304601290584	0.219324404611823	-1.8393730491723	-0.239549391236742	0.372713771013488	-0.437759938385152	-0.237481286303665	-0.212598664581245	0.513110124627649	1.37765402739253	0.437751324765082	0.635334249170797	0.635334249170797	0.635334249170797	0.635334249170797	0.635334249170797	0.635334249170797	0.635334249170797	0.635334249170797	0.635334249170797	0.635334249170797	0.635334249170797	-0.169574154352447	-0.169574154352447	-0.169574154352447	-0.169574154352447	-0.169574154352447	-0.169574154352447	-0.169574154352447	-0.169574154352447	-0.169574154352447	-0.169574154352447	-0.169574154352447	1.53631996987842	1.53631996987842	1.53631996987842	1.53631996987842	1.53631996987842	1.53631996987842	1.53631996987842	1.53631996987842	1.53631996987842	1.53631996987842	1.53631996987842	1.2850134255726	1.13814778564723	0.470015448315722	0.723830125756855	1.70763290973506	0.680510064326615	1.98715287259081	0.00880259184465147	0.836336109294894	1.43917225184377	0.831410451706329	-0.458708618147417	-0.750077924879218	-0.245455588324869	-0.291461310611092	0.0591245986871996	0.0591245986871997	0.556027143482434	0.345857580093208	0.621129246113639	0.17603753759623	-0.183568392326488	0.0745038603742012	0.0745038603742012	0.0745038603742012	0.0745038603742012	0.0745038603742012	0.0745038603742012	0.0745038603742012	0.0745038603742012	0.0745038603742012	0.0745038603742013	0.0745038603742012	0.0745038603742012	0.0745038603742012
-1.29884029795427	-1.17931331774174	-0.929876599883449	-0.929876599883449	0.245978225279002	0.245978225279002	-0.505814251046859	-0.137703037681022	-0.224582162944028	-1.67139933044786	-0.941459095654195	-0.401172414903758	-1.16866856658081	0.4577163434026	-1.04905771199125	-0.740723864722483	0.849573981987248	0.195239225395195	-0.640778021703605	-0.663662421424651	-1.26309341733282	-1.16996026762388	-1.65026224527518	-1.65026224527518	-1.65026224527518	-1.65026224527518	-1.65026224527518	-1.65026224527518	-1.65026224527518	-1.65026224527518	-1.65026224527518	-1.65026224527518	-1.65026224527518	-0.419781275096094	-0.419781275096094	-0.419781275096094	-0.419781275096094	-0.419781275096094	-0.419781275096094	-0.419781275096094	-0.419781275096094	-0.419781275096094	-0.419781275096094	-0.419781275096094	-0.177512657442589	-0.177512657442589	-0.177512657442589	-0.177512657442589	-0.177512657442589	-0.177512657442589	-0.177512657442589	-0.177512657442589	-0.177512657442589	-0.177512657442589	-0.177512657442589	-0.429679470935387	0.585061720668779	2.05244591216394	-0.802710699333257	0.44837140463338	-0.0348118541196027	-0.617096861627043	2.532331684899	0.429186137067879	-0.0329074027953168	0.865006732591675	-1.05189574434638	-1.48844799569667	-1.95298109878004	-0.636759601784275	-0.923987698171526	-0.923987698171526	-0.355241220862832	-1.66162323789758	-1.4170225624846	-1.58601758097903	-1.80074490170936	0.93821248731644	0.93821248731644	0.93821248731644	0.93821248731644	0.93821248731644	0.93821248731644	0.93821248731644	0.93821248731644	0.93821248731644	0.93821248731644	0.93821248731644	0.938212487316441	0.93821248731644
0.76287819812993	0.489984960658737	0.550416202501289	0.550416202501289	-0.584258162049601	-0.584258162049601	-0.932293071440242	-0.659625691228908	0.260177192743577	-0.0631123080220858	0.0224627693362821	1.54055598121865	-0.528687136198496	-0.831496504079936	-1.32061157946372	-1.1938078451437	-0.825824591052871	0.61589315383133	-0.771528962189045	-0.102428469418404	-0.692562535442918	-1.00650997546956	0.15907318989937	0.15907318989937	0.15907318989937	0.15907318989937	0.15907318989937	0.15907318989937	0.15907318989937	0.15907318989937	0.15907318989937	0.15907318989937	0.15907318989937	1.28965036244495	1.28965036244495	1.28965036244495	1.28965036244495	1.28965036244495	1.28965036244495	1.28965036244495	1.28965036244495	1.28965036244495	1.28965036244495	1.28965036244495	-1.21806311733138	-1.21806311733138	-1.21806311733138	-1.21806311733138	-1.21806311733138	-1.21806311733138	-1.21806311733138	-1.21806311733138	-1.21806311733138	-1.21806311733138	-1.21806311733138	-0.789197213283715	-0.808320504618353	-0.524605645610363	-0.955841603137067	-0.191564658610196	0.0141730257850851	-0.230417876385942	0.270067015974308	-0.25223209960999	-0.89817803252269	0.374073259824849	0.0911406050473177	0.615498783797748	0.669191571965069	-0.233680505766002	-0.213959933224637	-0.213959933224637	-0.0673489234258956	0.162267416253361	0.241593888475877	-0.590811774586551	0.272374202807669	0.571123277303248	0.571123277303248	0.571123277303248	0.571123277303248	0.571123277303248	0.571123277303248	0.571123277303248	0.571123277303248	0.571123277303248	0.571123277303248	0.571123277303248	0.571123277303248	0.571123277303248
0.633483073523253	1.53043340918616	-0.0390866067376574	-0.0390866067376572	-0.989607909241863	-0.989607909241864	0.142689097402452	-0.861663818871873	0.0747440890970991	-0.431822887117885	0.40342933356684	-1.92632941260389	-0.319283133976581	-1.04049073708856	0.545832143385421	-0.418084227920453	-0.781064866829265	0.247214202517586	1.19730507617056	0.233657643178738	2.34606444851305	1.82846545075166	0.679554369386313	0.679554369386313	0.679554369386313	0.679554369386313	0.679554369386313	0.679554369386313	0.679554369386313	0.679554369386313	0.679554369386313	0.679554369386313	0.679554369386313	-0.294757495628199	-0.294757495628199	-0.294757495628199	-0.294757495628199	-0.294757495628199	-0.294757495628199	-0.294757495628199	-0.294757495628199	-0.294757495628199	-0.294757495628199	-0.294757495628199	-1.17847845474597	-1.17847845474597	-1.17847845474597	-1.17847845474597	-1.17847845474597	-1.17847845474597	-1.17847845474597	-1.17847845474597	-1.17847845474597	-1.17847845474597	-1.17847845474597	-0.570904583083455	0.142673479478178	1.21393629106908	-0.20708533932064	-0.945756140618001	-1.20997025140202	0.136196853349783	-0.417471417527555	-0.0225979898532597	0.695284776900254	0.417501077607808	-0.169696061815456	0.0776022985072173	1.21121905796705	-0.408098780956435	0.325430479142054	0.325430479142055	-0.712052481302675	0.616007890449447	0.330296392204208	0.0390367742073604	0.406916547996836	-1.34141338902491	-1.34141338902491	-1.34141338902491	-1.34141338902491	-1.34141338902491	-1.34141338902491	-1.34141338902491	-1.34141338902491	-1.34141338902491	-1.34141338902491	-1.34141338902491	-1.34141338902491	-1.34141338902491
0.709590930402731	0.846412036884313	0.237069218159136	0.237069218159136	1.15869583813243	1.15869583813243	2.17411642084392	1.53699700061171	0.623407359693692	1.33202040618597	0.948157075180181	-1.48000863740949	-1.7980659164445	-2.12587709653188	0.00659287256540032	0.601491937273113	-0.602426129890773	-0.435886937641919	-1.11179620855636	-1.92401332219788	-1.14974928335322	-0.00406245463936612	0.00554416087160947	0.00554416087160947	0.00554416087160947	0.00554416087160944	0.00554416087160947	0.00554416087160944	0.00554416087160944	0.00554416087160944	0.00554416087160947	0.0055441608716095	0.00554416087160947	1.36552807978705	1.36552807978705	1.36552807978705	1.36552807978705	1.36552807978705	1.36552807978705	1.36552807978705	1.36552807978705	1.36552807978705	1.36552807978705	1.36552807978705	-1.92691035215611	-1.92691035215611	-1.92691035215611	-1.92691035215611	-1.92691035215611	-1.92691035215611	-1.92691035215611	-1.92691035215611	-1.92691035215611	-1.92691035215611	-1.92691035215611	2.55452511950498	1.15151465407113	2.15175018547058	1.0903842789502	0.623235858384011	1.75948034860672	1.48652244749052	1.21475695523258	0.870515234035953	1.12070281779421	2.03664071727146	-1.58032145411819	-2.05174273546011	-2.00030143235061	-1.22100318037706	-1.42541186663539	-1.42541186663539	-1.81196833247925	-1.93729018405663	-2.01770735731275	-0.489699661557423	-0.851500747988359	-0.337619792163992	-0.337619792163992	-0.337619792163992	-0.337619792163992	-0.337619792163992	-0.337619792163992	-0.337619792163992	-0.337619792163992	-0.337619792163992	-0.337619792163992	-0.337619792163992	-0.337619792163992	-0.337619792163992
0.617041077580313	0.432639649279723	0.165626741364132	0.165626741364132	0.22816843289364	0.22816843289364	0.62254033899259	0.52407259246736	0.564800372896904	0.698442966617147	1.32772256059222	0.476188127835009	0.543627259098418	0.899091732938671	1.7284781468857	2.02509841980828	0.129949507360144	-1.53421148515874	-2.40349613937963	-1.17500687794472	0.199553456459659	2.06778918152556	1.93362605807862	1.93362605807862	1.93362605807862	1.93362605807862	1.93362605807862	1.93362605807862	1.93362605807862	1.93362605807862	1.93362605807862	1.93362605807862	1.93362605807862	0.110607487146557	0.110607487146557	0.110607487146557	0.110607487146557	0.110607487146557	0.110607487146557	0.110607487146557	0.110607487146557	0.110607487146557	0.110607487146557	0.110607487146557	-0.87957717862142	-0.87957717862142	-0.87957717862142	-0.87957717862142	-0.87957717862142	-0.87957717862142	-0.87957717862142	-0.87957717862142	-0.87957717862142	-0.87957717862142	-0.87957717862142	0.967296284889733	-0.589127346638162	0.11650079676446	-0.451940231256094	-0.16722266036995	1.19399906318162	0.510771577025099	-1.13716009422258	-0.504841431481021	0.282822789545771	0.601079125188286	-0.169126009548886	0.286145085821486	-0.0193473535243082	-0.197935363792796	-0.178131521139171	-0.178131521139171	-0.307925475309315	-0.172533735343058	-0.313552449945079	0.312123864362233	0.156027593765997	0.0486304977699107	0.0486304977699107	0.0486304977699107	0.0486304977699107	0.0486304977699107	0.0486304977699107	0.0486304977699107	0.0486304977699107	0.0486304977699107	0.0486304977699107	0.0486304977699107	0.0486304977699107	0.0486304977699107
0.582287502091615	-0.366334538845248	0.982782099190392	0.982782099190392	0.239306024851176	0.239306024851176	0.981725562748492	1.03471416879263	1.01204588544897	1.20185911909429	0.952878266327215	-0.0651300412405546	0.758644143772463	1.08926885299567	-0.995145616773826	0.195107916689352	1.00871682893763	2.36871157942286	1.12606316382252	0.613743323957835	-0.764123438216061	-1.48163997246768	0.32089199467474	0.32089199467474	0.32089199467474	0.32089199467474	0.32089199467474	0.32089199467474	0.32089199467474	0.32089199467474	0.32089199467474	0.32089199467474	0.32089199467474	0.499357734935785	0.499357734935785	0.499357734935785	0.499357734935785	0.499357734935785	0.499357734935785	0.499357734935785	0.499357734935785	0.499357734935785	0.499357734935785	0.499357734935785	1.69196714537124	1.69196714537124	1.69196714537124	1.69196714537124	1.69196714537124	1.69196714537124	1.69196714537124	1.69196714537124	1.69196714537124	1.69196714537124	1.69196714537124	-0.740681073452253	-1.87535937227324	-0.870528874305962	-0.673367204925758	-0.952724767886819	-0.805272124737175	-0.579017668592192	-1.43229715955433	-1.86020799277249	-0.961314887417675	-0.860821622178026	-0.932882653731634	-0.826486860407192	0.05657571418732	-1.36092286078108	-0.729558818318321	-0.729558818318321	0.407313677627072	-0.537869311760255	-0.70164215625209	0.278324288656659	-0.124928304801666	-0.350378697775177	-0.350378697775177	-0.350378697775177	-0.350378697775177	-0.350378697775177	-0.350378697775177	-0.350378697775177	-0.350378697775177	-0.350378697775177	-0.350378697775177	-0.350378697775177	-0.350378697775177	-0.350378697775177
0.785995093573604	2.0669252204248	1.74940595675414	1.74940595675414	2.1585642971281	2.1585642971281	2.12772998709344	1.99473277483363	1.79898560705283	1.25591830419745	0.889133214520654	-0.469450443196557	-0.350634949922349	-0.0107743719140057	0.12791669992222	1.27650390131747	1.33810719610694	2.16236208128203	0.358576643974341	-1.58414993353108	-1.43081801891196	-0.0127605711796358	1.03024728153529	1.03024728153529	1.03024728153529	1.03024728153529	1.03024728153529	1.03024728153529	1.03024728153529	1.03024728153529	1.03024728153529	1.03024728153529	1.03024728153529	0.371420368857842	0.371420368857842	0.371420368857842	0.371420368857842	0.371420368857842	0.371420368857842	0.371420368857842	0.371420368857842	0.371420368857842	0.371420368857842	0.371420368857842	0.946665745481154	0.946665745481154	0.946665745481154	0.946665745481154	0.946665745481154	0.946665745481154	0.946665745481154	0.946665745481154	0.946665745481154	0.946665745481154	0.946665745481154	-0.241822697142028	-0.192466652785162	-0.327307431400038	0.289728602747306	1.11560916519622	0.257953562257016	0.356640225678779	0.0766781107314009	-0.103922449311336	-0.254654364143872	0.192660351693106	-0.191812991470946	-0.0515220276541877	0.505728477346238	-0.399256700092952	-0.191321650751368	-0.191321650751368	0.895808589427295	0.118417533477408	0.257352856539808	-0.3514400328542	-0.502229248030531	-0.102840454976766	-0.102840454976766	-0.102840454976766	-0.102840454976766	-0.102840454976766	-0.102840454976766	-0.102840454976766	-0.102840454976766	-0.102840454976766	-0.102840454976766	-0.102840454976766	-0.102840454976766	-0.102840454976766
-0.341135257615668	-0.638110588850106	-0.499195142423128	-0.499195142423128	0.234072694187173	0.234072694187174	0.870370443545546	0.299325662141415	0.417338334314491	0.410954056854117	-0.112016769288975	0.58231280336417	-0.376839090970876	0.222790234798138	-1.15406450108671	0.132303435831271	1.19214834434341	0.843716440066815	-0.912908005036774	-1.07363913901013	-1.49275535474438	-1.13450560411402	-1.68868743954862	-1.68868743954862	-1.68868743954862	-1.68868743954862	-1.68868743954862	-1.68868743954862	-1.68868743954862	-1.68868743954862	-1.68868743954862	-1.68868743954862	-1.68868743954862	-0.679229106339008	-0.679229106339008	-0.679229106339008	-0.679229106339008	-0.679229106339008	-0.679229106339008	-0.679229106339008	-0.679229106339008	-0.679229106339008	-0.679229106339007	-0.679229106339008	-1.08666919159018	-1.08666919159018	-1.08666919159018	-1.08666919159018	-1.08666919159018	-1.08666919159018	-1.08666919159018	-1.08666919159018	-1.08666919159018	-1.08666919159018	-1.08666919159018	-1.64710529410677	-2.34566467699336	-1.76905136960516	-0.345125450638343	-1.93675237030592	-3.00760348626854	-1.62659963088929	-1.82609022638523	-3.34320641639201	-1.2864507898425	-3.05237404226367	0.125527010571612	0.313729047204494	-0.352939874663451	-0.153288267253533	-0.995161580551601	-0.9951615805516	0.70082716086495	-0.169912101868594	-0.444008947378304	-0.0837921987351606	-0.571825225263294	0.619168364425675	0.619168364425675	0.619168364425675	0.619168364425675	0.619168364425675	0.619168364425675	0.619168364425675	0.619168364425675	0.619168364425675	0.619168364425675	0.619168364425675	0.619168364425675	0.619168364425675
0.0637639938689246	1.91875700698565	0.590992452593442	0.590992452593442	1.06749601667847	1.06749601667847	1.4785801972086	1.12762987303825	0.799415869965786	1.13921759416529	0.569717820756612	-1.05999950862868	-0.13781660652438	0.391467181744854	0.951161837043693	0.67195658411793	0.897069472078201	0.773249385765435	0.339157828778055	0.0452200399699437	0.782782145957171	0.188258899995939	-0.0563769288480821	-0.0563769288480821	-0.0563769288480821	-0.0563769288480821	-0.0563769288480821	-0.0563769288480821	-0.0563769288480821	-0.0563769288480821	-0.0563769288480821	-0.0563769288480821	-0.0563769288480821	-0.666940640580813	-0.666940640580813	-0.666940640580813	-0.666940640580813	-0.666940640580813	-0.666940640580813	-0.666940640580813	-0.666940640580813	-0.666940640580813	-0.666940640580813	-0.666940640580813	0.795722416161314	0.795722416161314	0.795722416161314	0.795722416161314	0.795722416161314	0.795722416161314	0.795722416161314	0.795722416161314	0.795722416161314	0.795722416161314	0.795722416161314	-0.514437338510472	-1.00175186475123	-0.615017536744809	-0.501605751078901	0.215163571148293	-0.351088329786092	-0.400928930186848	-0.526406246907107	-0.541533195294673	-0.476470470889636	-0.677946125885386	-0.707143702798325	-0.724185105572609	-1.50992507509266	-0.772690938194359	-1.19026747003677	-1.19026747003677	-0.647148936416205	-0.701598348285057	-0.70702737262184	-0.815467272467581	-1.15882636863131	-1.10717549579699	-1.10717549579699	-1.10717549579699	-1.10717549579699	-1.10717549579699	-1.10717549579699	-1.10717549579699	-1.10717549579699	-1.10717549579699	-1.10717549579699	-1.10717549579699	-1.10717549579699	-1.10717549579699
1.9432982107058	2.43578594620276	0.714730991356444	0.714730991356445	2.86170909555198	2.86170909555198	0.537853165050669	2.09222569387556	2.25257901689671	0.829139837516137	1.56983281296916	-0.0632747391316078	0.173782831102254	-0.271003074921949	1.98574559917453	1.48657163205069	0.942021335926911	0.972425170051844	0.417188519167529	-0.264833451372719	1.04560551756987	1.56059684445652	2.59566795519083	2.59566795519083	2.59566795519083	2.59566795519083	2.59566795519083	2.59566795519083	2.59566795519083	2.59566795519083	2.59566795519083	2.59566795519083	2.59566795519083	-1.22410683277309	-1.22410683277309	-1.22410683277309	-1.22410683277309	-1.22410683277309	-1.22410683277309	-1.22410683277309	-1.22410683277309	-1.22410683277309	-1.22410683277309	-1.22410683277309	-0.14501639394455	-0.14501639394455	-0.14501639394455	-0.14501639394455	-0.14501639394455	-0.14501639394455	-0.14501639394455	-0.14501639394455	-0.14501639394455	-0.14501639394455	-0.14501639394455	1.7270514500358	3.17624609008447	1.33648737100905	-0.0568786482057663	1.42995222175015	2.32992916795858	1.75898076830419	1.29903985517023	2.54954088948623	2.15284437051517	1.83770348763119	0.754892638098122	0.663616734320547	1.68049319670906	1.09313209321763	1.40792227073063	1.40792227073063	1.07630291504858	0.695979434787188	0.941288323760225	1.13611946485146	1.20398460292465	-0.257276445805505	-0.257276445805505	-0.257276445805505	-0.257276445805505	-0.257276445805505	-0.257276445805505	-0.257276445805505	-0.257276445805505	-0.257276445805505	-0.257276445805505	-0.257276445805505	-0.257276445805505	-0.257276445805505
-0.905460138277034	-1.55861114791533	0.456354056293309	0.456354056293309	-0.195641973330604	-0.195641973330605	-0.39436365679814	-0.594501768385881	0.219974463969098	-1.72039906377431	-1.10685303221802	0.236997360060053	-0.747965558398387	-0.220032834973003	2.15215678708264	0.947503193729276	0.617449727464047	-0.693928660496052	-1.55703471928614	-2.12608601910955	-0.825740905793138	0.585521569806728	0.391885832285161	0.391885832285161	0.391885832285161	0.391885832285161	0.391885832285161	0.391885832285161	0.391885832285161	0.391885832285161	0.391885832285161	0.391885832285161	0.391885832285161	0.305751832924839	0.305751832924839	0.305751832924839	0.305751832924839	0.305751832924839	0.305751832924839	0.305751832924839	0.305751832924839	0.305751832924839	0.305751832924839	0.305751832924839	-1.26933916447755	-1.26933916447755	-1.26933916447755	-1.26933916447755	-1.26933916447755	-1.26933916447755	-1.26933916447755	-1.26933916447755	-1.26933916447755	-1.26933916447755	-1.26933916447755	-0.608416408486096	-0.542226101505097	0.107262234987679	-0.177559964358368	0.34806071532055	0.122366901995917	-0.182212976177754	-0.432433350684932	0.443760871094594	-0.53912453316592	0.314016895909183	-0.891945343693579	-0.47193686530995	-0.791879660803836	-1.04997263022876	-1.25350040570082	-1.25350040570082	-1.56833286985071	-1.12345752820064	-1.39783190667344	-1.01176420319051	-1.07132261424401	0.253623119068423	0.253623119068423	0.253623119068423	0.253623119068423	0.253623119068423	0.253623119068423	0.253623119068423	0.253623119068423	0.253623119068423	0.253623119068423	0.253623119068423	0.253623119068423	0.253623119068423
-0.665520218401318	-0.737299919947158	0.604237818112215	0.604237818112215	0.689106504060695	0.689106504060695	-0.759423780977705	-0.347956478130275	0.187374654960952	-1.5072246813554	-0.865144475604368	0.0232429575190038	0.6038890903332	0.340935013208681	-1.04953167222046	0.235979906598883	1.48040663715322	2.04736982966404	0.566676192106839	0.406515581097068	1.15445446013942	0.013208138259973	-0.810604821275551	-0.810604821275551	-0.810604821275551	-0.810604821275551	-0.810604821275551	-0.810604821275551	-0.810604821275551	-0.810604821275551	-0.810604821275551	-0.810604821275551	-0.810604821275551	1.32314807173149	1.32314807173149	1.32314807173149	1.32314807173149	1.32314807173149	1.32314807173149	1.32314807173149	1.32314807173149	1.32314807173149	1.32314807173149	1.32314807173149	-1.82822198697117	-1.82822198697117	-1.82822198697117	-1.82822198697117	-1.82822198697117	-1.82822198697117	-1.82822198697117	-1.82822198697117	-1.82822198697117	-1.82822198697117	-1.82822198697117	-0.509951547221476	-0.831481381680961	-0.0868314541833092	0.00723233000544936	1.22063841654115	-0.249110025560909	-0.285358369258244	-0.327005520482178	-0.768975345384661	-0.868869296802302	-0.85657020388257	0.443717231956799	0.532790162429505	1.10910350496259	0.0112864276741749	0.580561904310987	0.580561904310986	1.09158410984319	-0.119149565818961	-0.208283137456908	0.376476244921713	-0.00483064205963073	-0.160124503103805	-0.160124503103805	-0.160124503103805	-0.160124503103805	-0.160124503103805	-0.160124503103805	-0.160124503103805	-0.160124503103805	-0.160124503103805	-0.160124503103805	-0.160124503103805	-0.160124503103805	-0.160124503103805
0.59057535387984	0.774695932383248	1.24759919356544	1.24759919356544	0.591456557068908	0.591456557068907	-0.00265105382758596	-0.593117250467605	0.465674035205967	-0.466437661310692	0.0928658402354125	-0.0571137565407975	-0.102559821060184	-0.760861540122145	-1.20751492303981	-1.39653027536318	-0.106198014712255	0.750139604831442	1.03321726174639	0.109555263721462	0.514442503145934	-0.297852089824564	-0.962435218163538	-0.962435218163538	-0.962435218163538	-0.962435218163538	-0.962435218163538	-0.962435218163538	-0.962435218163538	-0.962435218163538	-0.962435218163538	-0.962435218163538	-0.962435218163538	1.2682290265068	1.2682290265068	1.2682290265068	1.2682290265068	1.2682290265068	1.2682290265068	1.2682290265068	1.2682290265068	1.2682290265068	1.2682290265068	1.2682290265068	-1.62536622776435	-1.62536622776435	-1.62536622776435	-1.62536622776435	-1.62536622776435	-1.62536622776435	-1.62536622776435	-1.62536622776435	-1.62536622776435	-1.62536622776435	-1.62536622776435	-0.787409256571862	-0.335183788016442	1.35447001401866	-0.375798512547767	-0.333587239456297	-0.707536607759961	-0.529652488813494	1.18080235634987	0.798550479175753	0.420176154328215	1.22069226553121	0.269111997343983	-0.0852012147316622	-0.877268726947761	0.852407595376503	-0.417888604373725	-0.417888604373726	-1.05949575694355	-0.845964870282851	-0.90851380015552	-0.674520076268598	-0.34611748197982	-0.615131252583461	-0.615131252583461	-0.615131252583461	-0.615131252583461	-0.615131252583461	-0.615131252583461	-0.615131252583461	-0.615131252583461	-0.615131252583461	-0.615131252583461	-0.615131252583461	-0.615131252583461	-0.615131252583461
-0.769989112288984	-0.984293820417719	0.434114696281784	0.434114696281784	-1.92969183083251	-1.92969183083251	-0.960890821368	-1.14372724290597	-1.17424481584298	-1.29066403560896	0.131389459467298	-1.04080049992341	-1.20950037869689	-2.37005896597634	2.20408352708178	0.641444894096868	-0.77798644977858	-0.663888076541516	0.361902366647287	0.298410496940947	1.85769163903777	1.83732624815375	0.0388747960314312	0.0388747960314312	0.0388747960314312	0.0388747960314312	0.0388747960314312	0.0388747960314312	0.0388747960314312	0.0388747960314312	0.0388747960314312	0.0388747960314312	0.0388747960314312	-0.194329290226522	-0.194329290226522	-0.194329290226522	-0.194329290226522	-0.194329290226522	-0.194329290226522	-0.194329290226522	-0.194329290226522	-0.194329290226522	-0.194329290226522	-0.194329290226522	1.53379922380057	1.53379922380057	1.53379922380057	1.53379922380057	1.53379922380057	1.53379922380057	1.53379922380057	1.53379922380057	1.53379922380057	1.53379922380057	1.53379922380057	0.759438057813608	-0.154994192199829	-0.0855338842029136	0.73456028949138	1.32891170210704	0.731136059950458	0.723313663433089	-0.5570453546753	0.378471656093468	0.686748082607934	0.364663302647311	0.294610100629682	0.091895626114624	0.209671741843156	0.599900738016079	0.570284773611618	0.570284773611618	0.262561286437738	0.19722501965036	0.0377508319443455	0.8046691664928	0.35733847027301	-0.919657714295855	-0.919657714295855	-0.919657714295855	-0.919657714295855	-0.919657714295855	-0.919657714295855	-0.919657714295855	-0.919657714295855	-0.919657714295855	-0.919657714295855	-0.919657714295855	-0.919657714295855	-0.919657714295855
-0.31406396418178	0.685727737703496	-1.00117787095707	-1.00117787095707	-1.33631382650168	-1.33631382650168	0.941745580625681	-0.707155083061467	-0.0162167942186175	0.42265204453859	0.332497808734515	-0.963937890541758	-1.26548618892779	-0.353245474675305	1.6171531972407	0.926874272609168	-0.458018370612896	-0.239733329325094	0.0346619087182727	-0.312044045312663	-0.823444084816716	1.03522817435701	1.52658381271545	1.52658381271545	1.52658381271545	1.52658381271545	1.52658381271545	1.52658381271545	1.52658381271545	1.52658381271545	1.52658381271545	1.52658381271545	1.52658381271545	0.471681328623718	0.471681328623718	0.471681328623718	0.471681328623718	0.471681328623718	0.471681328623718	0.471681328623718	0.471681328623718	0.471681328623718	0.471681328623718	0.471681328623718	0.185912279851485	0.185912279851485	0.185912279851485	0.185912279851485	0.185912279851485	0.185912279851485	0.185912279851485	0.185912279851485	0.185912279851485	0.185912279851485	0.185912279851485	1.02089206929415	0.62609461736294	1.13213488982639	0.864515305448944	0.39743312925795	-0.800682363157634	2.32701140300709	1.14879760740126	0.800885768904984	1.25103963185993	1.97285336739117	-1.1786250399088	-0.798328009479128	-1.2601283154307	-1.34122908430508	-1.40042169461711	-1.40042169461711	-0.486205590240874	-1.23655446514427	-0.801669558335527	-0.595129262075613	-0.927067787459218	0.32445358510022	0.32445358510022	0.32445358510022	0.32445358510022	0.32445358510022	0.32445358510022	0.32445358510022	0.32445358510022	0.32445358510022	0.32445358510022	0.32445358510022	0.32445358510022	0.32445358510022
-0.540192460997674	-0.432503275058581	-0.974921253054115	-0.974921253054115	-0.887205107628739	-0.887205107628739	0.033882612918834	-0.318021068550141	-1.38386046645912	0.0310125139529882	-1.91321201503488	-0.605324365701549	-1.11989461952551	-2.03777667935142	0.734060372273906	1.41826088698609	1.32144164531124	0.255715067662746	-0.0691368199962385	-0.778608661802231	0.113138320519992	0.268799268917549	0.217557164873471	0.217557164873471	0.217557164873471	0.217557164873471	0.217557164873471	0.217557164873471	0.217557164873471	0.217557164873471	0.217557164873471	0.217557164873471	0.217557164873471	0.401022013812863	0.401022013812863	0.401022013812863	0.401022013812863	0.401022013812863	0.401022013812863	0.401022013812863	0.401022013812863	0.401022013812863	0.401022013812863	0.401022013812863	0.349353230050579	0.349353230050579	0.349353230050579	0.349353230050579	0.349353230050579	0.349353230050579	0.349353230050579	0.349353230050579	0.349353230050579	0.349353230050579	0.349353230050579	-0.499270912751966	-0.408061412394203	1.67980686652686	0.922176297844087	0.370812013163093	-0.983017121789181	-0.453691935111321	-0.341171650867725	0.120702349965515	0.947360755099886	0.295779658565671	0.733113006072101	0.640159033859372	1.0425014025505	0.613093817243478	0.915380406664856	0.915380406664856	1.64421627906632	0.365621735614399	0.503663676676743	0.7550834436252	0.852460952604058	1.24624401472738	1.24624401472738	1.24624401472738	1.24624401472738	1.24624401472738	1.24624401472738	1.24624401472738	1.24624401472738	1.24624401472738	1.24624401472738	1.24624401472738	1.24624401472738	1.24624401472738
0.410672785481945	0.541679392912026	0.321320767490956	0.321320767490956	0.0414085735166796	0.0414085735166796	-1.30124359614874	-0.957475339078529	-0.572963257266161	-0.202937857383515	0.210826252003095	1.18369459084801	0.385063199120232	0.625589751257197	0.203331610774092	0.586845611766957	0.177733638756589	0.891644727279394	-0.509350783465713	-0.0745539729533238	-0.891270200236874	0.289828971231823	0.5467323656166	0.5467323656166	0.5467323656166	0.546732365616599	0.5467323656166	0.546732365616599	0.546732365616599	0.546732365616599	0.5467323656166	0.5467323656166	0.5467323656166	-0.0224124576667478	-0.0224124576667478	-0.0224124576667478	-0.0224124576667478	-0.0224124576667478	-0.0224124576667478	-0.0224124576667478	-0.0224124576667478	-0.0224124576667478	-0.0224124576667477	-0.0224124576667478	0.708663306872605	0.708663306872605	0.708663306872605	0.708663306872605	0.708663306872605	0.708663306872605	0.708663306872605	0.708663306872605	0.708663306872605	0.708663306872605	0.708663306872605	-0.760211877429592	-1.29024725963168	-0.939284387688947	0.164181713157237	-0.710077872074718	-1.10382899219139	-0.851999417040478	-0.357996455704235	-0.89007095841377	-0.531877219850552	-0.727006128315171	1.755605563594	1.31617759093635	0.635459192609871	1.28507126762719	0.999686084887166	0.999686084887165	1.6084007242431	1.0737955314563	1.13374325332204	1.69049881937643	1.72856611831225	0.853414816798226	0.853414816798226	0.853414816798226	0.853414816798226	0.853414816798226	0.853414816798226	0.853414816798226	0.853414816798226	0.853414816798226	0.853414816798226	0.853414816798226	0.853414816798226	0.853414816798226
0.969848904967093	0.578841591492447	1.2021908629397	1.2021908629397	0.84132649245534	0.841326492455341	0.0742747532976774	0.360089975825425	-0.38356707251827	0.743117967518002	-0.128086503360309	0.831301130800985	1.03980207433544	-0.166567067221638	-0.426098763515209	-0.688622883299492	-0.891867989569639	0.642096471161807	0.720110633956895	0.630552116046872	0.8200863682836	1.06197209655988	-0.0633952917223159	-0.0633952917223159	-0.0633952917223159	-0.0633952917223159	-0.0633952917223159	-0.0633952917223159	-0.0633952917223159	-0.0633952917223159	-0.0633952917223159	-0.0633952917223158	-0.0633952917223159	1.02383466773097	1.02383466773097	1.02383466773097	1.02383466773097	1.02383466773097	1.02383466773097	1.02383466773097	1.02383466773097	1.02383466773097	1.02383466773097	1.02383466773097	0.35668755052673	0.35668755052673	0.35668755052673	0.35668755052673	0.35668755052673	0.35668755052673	0.35668755052673	0.35668755052673	0.35668755052673	0.35668755052673	0.35668755052673	-0.0732221287807244	-0.711436707085891	0.347712736065042	1.48740712191498	0.616368369282816	-1.12386558397884	0.076816629713914	-0.0920391403788892	-1.12455770561826	-0.443624965091139	-0.544444537288103	-1.38299136397282	-0.956566428875471	-0.771425343918556	-1.4336228786813	-0.505481208649857	-0.505481208649857	-0.344622735782031	-0.678809036116533	-0.54339230437424	-1.16236632231869	-1.28145387247684	-0.533758322027936	-0.533758322027936	-0.533758322027936	-0.533758322027936	-0.533758322027936	-0.533758322027936	-0.533758322027936	-0.533758322027936	-0.533758322027936	-0.533758322027936	-0.533758322027936	-0.533758322027936	-0.533758322027936
-1.83082275084253	-2.29744866686202	-2.22464517203193	-2.22464517203193	-2.79918164697064	-2.79918164697064	-1.55701888295408	-1.17715420703758	-2.12094634936004	-0.58543692147904	-1.55628163020751	0.401046173943167	0.228342701701175	0.0648182128971236	-0.56395373881771	-0.649121071826478	1.08510335520802	-0.16146443197357	0.778629736185399	0.559284698214925	0.315436325085519	-0.754160276022705	0.0357931108090024	0.0357931108090024	0.0357931108090024	0.0357931108090024	0.0357931108090024	0.0357931108090024	0.0357931108090024	0.0357931108090024	0.0357931108090024	0.0357931108090024	0.0357931108090024	-0.960950189368521	-0.960950189368521	-0.960950189368521	-0.960950189368521	-0.960950189368521	-0.960950189368521	-0.960950189368521	-0.960950189368521	-0.960950189368521	-0.960950189368521	-0.960950189368521	1.09562773275899	1.09562773275899	1.09562773275899	1.09562773275899	1.09562773275899	1.09562773275899	1.09562773275899	1.09562773275899	1.09562773275899	1.09562773275899	1.09562773275899	0.355722289344635	-1.24026314946363	-0.0618810032726458	1.17325147398483	1.11057418345023	-0.831749251702574	-0.0182145936259004	-1.43167422218259	-1.4128850690629	0.715442648598338	-1.21605279739372	-0.299255663358844	-0.477474844720176	-0.416719614444368	-0.643477219825905	-0.317443232153082	-0.317443232153082	0.569452583346061	-0.334085846573194	-0.212326983582705	-0.315227042090089	-0.65095656107098	-1.66321872578897	-1.66321872578897	-1.66321872578897	-1.66321872578897	-1.66321872578897	-1.66321872578897	-1.66321872578897	-1.66321872578897	-1.66321872578897	-1.66321872578897	-1.66321872578897	-1.66321872578897	-1.66321872578897
0.123718336525651	0.445759659253154	0.594618821461495	0.594618821461496	1.07683619310559	1.07683619310559	0.033599380906558	0.812495504435735	0.430486069281473	0.128802008068869	-1.09058950020181	-0.547876584656876	0.436175679948663	0.536702322205819	-0.890417401864691	-1.14329640139283	-0.428938101775648	-0.0977753103871842	-0.783246660448774	-0.185684002070221	1.00684209177374	-0.673318417339984	-0.290125812898699	-0.290125812898699	-0.290125812898699	-0.290125812898699	-0.290125812898699	-0.290125812898699	-0.290125812898699	-0.290125812898699	-0.290125812898699	-0.290125812898699	-0.290125812898699	-0.429760596159296	-0.429760596159296	-0.429760596159296	-0.429760596159296	-0.429760596159296	-0.429760596159296	-0.429760596159296	-0.429760596159296	-0.429760596159296	-0.429760596159295	-0.429760596159296	0.344350369125739	0.344350369125739	0.344350369125739	0.344350369125739	0.344350369125739	0.344350369125739	0.344350369125739	0.344350369125739	0.344350369125739	0.344350369125739	0.344350369125739	-2.61770753924281	-2.32164218511914	1.00716501105815	-2.20077718516951	-2.99837662225238	-2.32708551321087	-2.68131042997783	0.436484378380156	-1.56153262963548	-1.86407834517524	-0.388740622907403	-0.516215165140862	-0.525138605455617	-0.429804544552992	0.217989852489075	0.0583375028387031	0.0583375028387023	-0.585527576605299	-0.905599717493109	-0.440110179630152	-0.685292019520489	-1.27731621459317	-0.123024748002037	-0.123024748002037	-0.123024748002037	-0.123024748002037	-0.123024748002037	-0.123024748002037	-0.123024748002037	-0.123024748002037	-0.123024748002037	-0.123024748002037	-0.123024748002037	-0.123024748002037	-0.123024748002037
0.329004584303905	-0.123026266130637	-1.17475626467695	-1.17475626467695	-0.486924269566814	-0.486924269566814	-0.922819554515619	0.203051287738858	-0.861519515196956	0.448519999501735	0.0589376973261513	0.567175889682908	-0.131488806754691	0.0849561921470235	0.398224178952302	0.431497218538878	0.206490309318018	-0.603581653488368	-0.648255109537708	0.957293162076698	1.01137259741521	0.704062085216064	0.201172900754797	0.201172900754797	0.201172900754797	0.201172900754797	0.201172900754797	0.201172900754797	0.201172900754797	0.201172900754797	0.201172900754797	0.201172900754797	0.201172900754797	-0.119302590148234	-0.119302590148234	-0.119302590148234	-0.119302590148234	-0.119302590148234	-0.119302590148234	-0.119302590148234	-0.119302590148234	-0.119302590148234	-0.119302590148234	-0.119302590148234	-2.313000785344	-2.313000785344	-2.313000785344	-2.313000785344	-2.313000785344	-2.313000785344	-2.313000785344	-2.313000785344	-2.313000785344	-2.313000785344	-2.313000785344	-1.68967458492162	-2.0463762671097	-1.15765636725301	0.529019051368536	-0.413408378486789	-2.31334244219542	-0.882051935304013	-1.02310177387649	-1.21640047859123	-1.14841785326565	-1.25913210629482	0.26715116758172	0.442261290618401	-0.352768141256317	-0.114003073114858	-0.610314980056851	-0.610314980056851	0.343008380062454	-0.389350540091471	-0.0580306699870522	0.171781873553754	-0.0573473130944777	-0.581465778561184	-0.581465778561184	-0.581465778561184	-0.581465778561184	-0.581465778561184	-0.581465778561184	-0.581465778561184	-0.581465778561184	-0.581465778561184	-0.581465778561184	-0.581465778561184	-0.581465778561184	-0.581465778561184
1.16308631887061	0.132618619242894	1.12394352214086	1.12394352214086	0.558251899438334	0.558251899438334	0.913060075231717	1.22464051618055	0.477136278914502	1.24689509490334	0.915947353443959	-1.06185952343318	-1.53945986685469	-2.00302194021442	-1.15356148845617	-1.34728409166057	-1.29390035092315	-1.19229129335868	-0.912847960972952	-2.2113445860762	-1.45729034142981	-1.34307182670961	1.38285837530242	1.38285837530242	1.38285837530242	1.38285837530242	1.38285837530242	1.38285837530242	1.38285837530242	1.38285837530242	1.38285837530242	1.38285837530242	1.38285837530242	-0.242348437501218	-0.242348437501218	-0.242348437501218	-0.242348437501218	-0.242348437501218	-0.242348437501218	-0.242348437501218	-0.242348437501218	-0.242348437501218	-0.242348437501218	-0.242348437501218	0.377246412360569	0.377246412360569	0.377246412360569	0.377246412360569	0.377246412360569	0.377246412360569	0.377246412360569	0.377246412360569	0.377246412360569	0.377246412360569	0.377246412360569	-0.0774852645203276	0.770679799772922	2.00023499487165	-0.379982027648475	-0.60885871380957	0.0195999996766917	0.148516535985078	1.39051684509011	0.412255653402672	0.585818928892381	1.60990674490925	1.87253575296597	1.92662386173504	1.69598432118655	2.19897979362834	1.43171837797268	1.43171837797268	0.67897059491129	1.03816468053981	1.15642400829802	0.562262220341306	1.00103221735578	-0.309091619475047	-0.309091619475047	-0.309091619475047	-0.309091619475047	-0.309091619475047	-0.309091619475047	-0.309091619475047	-0.309091619475047	-0.309091619475047	-0.309091619475047	-0.309091619475047	-0.309091619475047	-0.309091619475047
-0.0284127444175278	0.828150779763357	-0.507089717664124	-0.507089717664124	-0.0533940181331082	-0.0533940181331081	-0.263328608654968	-0.676603076923003	-0.299242167710671	-0.147456361687481	-0.419190900820078	-1.24595081220301	-0.350656259643977	-1.26098325215097	0.0235620158270292	0.0445269108826193	-0.052492696867095	0.388581596119229	1.49413192417531	0.522463507885327	0.917862131271463	0.368507287221617	-1.92038292622851	-1.92038292622851	-1.92038292622851	-1.92038292622851	-1.92038292622851	-1.92038292622851	-1.92038292622851	-1.92038292622851	-1.92038292622851	-1.92038292622851	-1.92038292622851	-0.496190679228539	-0.496190679228539	-0.496190679228539	-0.496190679228539	-0.496190679228539	-0.496190679228539	-0.496190679228539	-0.496190679228539	-0.496190679228539	-0.496190679228539	-0.496190679228539	1.30347081990941	1.30347081990941	1.30347081990941	1.30347081990941	1.30347081990941	1.30347081990941	1.30347081990941	1.30347081990941	1.30347081990941	1.30347081990941	1.30347081990941	0.196380268979183	-0.537080049077437	-0.954971901764251	-0.433635460911165	-0.290839317149014	0.271902787730295	-1.00013788497328	-0.161372020967235	-1.52438399370775	-0.928945898381142	-1.65549134875134	-0.530066109878835	-0.696830939602574	-0.408448675002872	-0.376008610639858	-0.666924269095177	-0.666924269095177	-0.934615737258593	-1.07801302847542	-1.52905968011079	-0.802725619741683	-0.414391973423364	-0.0756114763978398	-0.0756114763978398	-0.0756114763978398	-0.0756114763978398	-0.0756114763978398	-0.0756114763978398	-0.0756114763978398	-0.0756114763978398	-0.0756114763978398	-0.0756114763978398	-0.0756114763978398	-0.0756114763978399	-0.0756114763978398
-0.877673090082376	-1.29287316340976	-1.54187509520506	-1.54187509520506	-0.240807549944488	-0.240807549944487	-0.237194138545442	-0.354348392198097	-0.406574151461088	-0.0102394969717984	-1.09105289919409	0.879532289415412	1.35974926387465	0.368791962793299	0.156887351671946	0.00821373391582054	-0.524421087451072	0.367767761489358	1.25845094348788	1.87119309088272	1.29335799104474	1.00336951173285	1.41667756242954	1.41667756242954	1.41667756242954	1.41667756242954	1.41667756242954	1.41667756242954	1.41667756242954	1.41667756242954	1.41667756242954	1.41667756242954	1.41667756242954	-0.640194828924594	-0.640194828924594	-0.640194828924594	-0.640194828924594	-0.640194828924594	-0.640194828924594	-0.640194828924594	-0.640194828924594	-0.640194828924594	-0.640194828924594	-0.640194828924594	-0.150830128054984	-0.150830128054984	-0.150830128054984	-0.150830128054984	-0.150830128054984	-0.150830128054984	-0.150830128054984	-0.150830128054984	-0.150830128054984	-0.150830128054984	-0.150830128054984	-1.54405489183497	-1.25065141977143	-1.63782133678442	-1.98240516946896	-0.395203286931248	-0.334019743915935	-1.62620128098878	-1.01767382243707	-1.70687767802456	-1.23833755010931	-2.13850116889032	0.215771490263205	0.173201829993912	0.304214344797086	0.203825745700225	-0.00171639326385758	-0.00171639326385761	0.510371209926754	-0.225919614035474	-0.100995399699837	0.0663721209119453	-0.0334049667280772	0.387446919875287	0.387446919875287	0.387446919875287	0.387446919875287	0.387446919875287	0.387446919875287	0.387446919875287	0.387446919875287	0.387446919875287	0.387446919875287	0.387446919875287	0.387446919875287	0.387446919875287
0.769258835543777	0.338905203887791	0.0733611877049784	0.0733611877049788	-0.38231653722093	-0.38231653722093	0.288431852868337	0.686964500525595	-0.702060509007015	0.196144998520506	-0.0405656664522052	-0.2355975267587	-0.923173173746556	-0.359024140833665	0.00441403436644571	-0.790652149715236	-0.437975240611067	-1.14982933074722	-0.793760500227812	-0.79172420754189	-0.291435217996023	0.178867043740965	-0.20248695588584	-0.20248695588584	-0.20248695588584	-0.20248695588584	-0.20248695588584	-0.20248695588584	-0.20248695588584	-0.20248695588584	-0.20248695588584	-0.20248695588584	-0.20248695588584	-0.428532769148792	-0.428532769148792	-0.428532769148792	-0.428532769148792	-0.428532769148792	-0.428532769148792	-0.428532769148792	-0.428532769148792	-0.428532769148792	-0.428532769148791	-0.428532769148792	0.678358174410596	0.678358174410596	0.678358174410596	0.678358174410596	0.678358174410596	0.678358174410596	0.678358174410596	0.678358174410596	0.678358174410596	0.678358174410595	0.678358174410596	0.726836328814073	0.470487513719152	-0.405144927326156	0.61951165810269	-0.706756937446279	0.420489804837159	0.224904849610798	0.117474350789269	0.608424430858326	-0.665927419968109	0.00773057478732506	-0.249518801956331	0.088755983100275	0.0337215399725228	-0.241548672418397	-0.465153306924429	-0.465153306924429	0.197679329924171	-0.82200613430464	-0.954381120309998	-0.0653234137299754	-0.512951196685988	0.0392756227927656	0.0392756227927656	0.0392756227927656	0.0392756227927656	0.0392756227927656	0.0392756227927656	0.0392756227927656	0.0392756227927656	0.0392756227927656	0.0392756227927656	0.0392756227927656	0.0392756227927656	0.0392756227927656
-1.00667553384451	0.182203156506825	-0.0524871098836543	-0.0524871098836539	-0.102091336490377	-0.102091336490377	0.439484815062509	0.531082936524824	-0.796645973498866	0.296029754840451	-1.19736691642865	-0.236813686961316	-1.30135736710266	-1.40597182769714	1.39584273115788	0.837308190157751	0.315949650076554	-0.103413090308335	-0.360284940486646	-0.445667747176044	0.192714168772038	1.37327101577198	0.543079334491205	0.543079334491205	0.543079334491205	0.543079334491205	0.543079334491205	0.543079334491205	0.543079334491205	0.543079334491205	0.543079334491205	0.543079334491205	0.543079334491205	0.770674579704283	0.770674579704283	0.770674579704283	0.770674579704283	0.770674579704283	0.770674579704283	0.770674579704283	0.770674579704283	0.770674579704283	0.770674579704283	0.770674579704283	0.38959354574021	0.38959354574021	0.38959354574021	0.38959354574021	0.38959354574021	0.38959354574021	0.38959354574021	0.38959354574021	0.38959354574021	0.38959354574021	0.38959354574021	0.552104621587814	0.453483234582782	1.60491870438337	1.05896804096988	2.54673332450143	0.540548595091015	0.574876782290674	0.21868808652553	1.28733537727132	1.4606448659955	0.702825501270997	-1.10984464633052	-1.41419926172142	-0.883689735534444	-1.3089963674413	-1.00432217905948	-1.00432217905948	-0.0399162448131564	-0.352512707140929	-0.75259693231341	0.0142937649105628	-0.632542313122573	0.449336704239705	0.449336704239705	0.449336704239705	0.449336704239705	0.449336704239705	0.449336704239705	0.449336704239705	0.449336704239705	0.449336704239705	0.449336704239705	0.449336704239705	0.449336704239705	0.449336704239705
1.92367362857136	1.32395609409834	0.90581286459857	0.905812864598571	1.7367083645628	1.7367083645628	1.38875723060702	2.73384182156771	1.23538231956713	2.00879544112355	1.04823826487132	-0.197183718994863	0.0837059768923372	0.565950195694002	-0.319501869877644	-0.665347075049709	-1.08816760105551	-0.510305611807322	-0.546962341211289	-0.114469286984915	-0.111260915929123	-0.0245645485466324	0.984563591488486	0.984563591488486	0.984563591488486	0.984563591488485	0.984563591488486	0.984563591488485	0.984563591488485	0.984563591488485	0.984563591488486	0.984563591488485	0.984563591488486	1.02518951035472	1.02518951035472	1.02518951035472	1.02518951035472	1.02518951035472	1.02518951035472	1.02518951035472	1.02518951035472	1.02518951035472	1.02518951035472	1.02518951035472	-0.763563408381331	-0.763563408381331	-0.763563408381331	-0.763563408381331	-0.763563408381331	-0.763563408381331	-0.763563408381331	-0.763563408381331	-0.763563408381331	-0.76356340838133	-0.763563408381331	0.128071744690983	1.61064598913793	1.7788723202923	0.0720606500678067	-0.0406493278426146	0.411114000747351	-0.0155179065012514	0.348437392007227	0.33425948649736	0.420516325325913	0.167763056721996	-1.16604976485636	-1.2971741790255	-1.92327217889969	-0.666374088608325	-0.436861865498214	-0.436861865498214	-1.65110627266008	-1.03704515935293	-1.79472802282825	-1.09052968399642	-1.3472263617842	0.839494714186904	0.839494714186904	0.839494714186904	0.839494714186904	0.839494714186904	0.839494714186904	0.839494714186904	0.839494714186904	0.839494714186904	0.839494714186904	0.839494714186904	0.839494714186904	0.839494714186904
0.438901005748794	-0.592293783688329	1.24504880439603	1.24504880439603	1.67593698050169	1.67593698050169	0.942186531391652	1.51671938783599	1.84930094904802	0.323305361623298	1.90933651965497	-1.98199429619041	-1.78291212506006	-2.43868403130544	0.822331635216076	0.725049005453494	-0.0822476040515816	-0.39697677486219	0.303991643356221	-1.1972624141496	0.13770656644212	0.446140460767997	0.0342942770324636	0.0342942770324636	0.0342942770324636	0.0342942770324636	0.0342942770324636	0.0342942770324636	0.0342942770324636	0.0342942770324636	0.0342942770324636	0.0342942770324637	0.0342942770324636	0.267008937151437	0.267008937151437	0.267008937151437	0.267008937151437	0.267008937151437	0.267008937151437	0.267008937151437	0.267008937151437	0.267008937151437	0.267008937151437	0.267008937151437	0.220577720573542	0.220577720573542	0.220577720573542	0.220577720573542	0.220577720573542	0.220577720573542	0.220577720573542	0.220577720573542	0.220577720573542	0.220577720573541	0.220577720573542	-1.38342789394359	-1.60283506631437	-1.35863309192275	-2.19963650399353	-1.47088383597168	-1.21887901559509	-0.597150277600208	-1.44150778011773	-1.3377444188402	-0.399203809825329	-0.931790149415618	0.118077887099563	-0.284890851670612	0.185671617627249	0.123729054580496	0.264830121812699	0.264830121812699	0.333514696787004	0.327153747893507	0.586609824304391	-0.608216729018488	-0.35636761847771	-1.31800729889034	-1.31800729889034	-1.31800729889034	-1.31800729889034	-1.31800729889034	-1.31800729889034	-1.31800729889034	-1.31800729889034	-1.31800729889034	-1.31800729889034	-1.31800729889034	-1.31800729889034	-1.31800729889034
0.806431017594732	0.668302201200257	-0.227072485774482	-0.227072485774482	-0.151377869692806	-0.151377869692806	0.354860374413835	-0.0879601223298469	-0.140696417969314	0.612378791631401	-0.0167742789214978	0.510006799661569	1.11138630166475	0.0436017359741124	-0.0572517022033262	0.0766473146292472	1.45840050357953	1.25126873086276	1.72047172997155	0.901831691433766	1.0086930180838	-0.722641542782236	0.931858300001708	0.931858300001708	0.931858300001708	0.931858300001708	0.931858300001708	0.931858300001708	0.931858300001708	0.931858300001708	0.931858300001708	0.931858300001708	0.931858300001708	1.33545784473164	1.33545784473164	1.33545784473164	1.33545784473164	1.33545784473164	1.33545784473164	1.33545784473164	1.33545784473164	1.33545784473164	1.33545784473164	1.33545784473164	-1.5632694793198	-1.5632694793198	-1.5632694793198	-1.5632694793198	-1.5632694793198	-1.5632694793198	-1.5632694793198	-1.5632694793198	-1.5632694793198	-1.5632694793198	-1.5632694793198	-0.154411169326867	0.686912824362352	-0.783580121567734	0.151129698376271	-1.41601620811316	-1.03673651876968	0.126401260332565	-0.553904588500894	-1.265455306097	-0.866397439036604	-1.5164877559901	0.670076456215393	1.38169964995305	0.502627065802073	0.910956151970937	0.531787290425633	0.531787290425632	0.256848447877082	-0.149524813238557	-0.348205750724678	0.545265132159126	0.398141327902762	1.4788552604144	1.4788552604144	1.4788552604144	1.4788552604144	1.4788552604144	1.4788552604144	1.4788552604144	1.4788552604144	1.4788552604144	1.4788552604144	1.4788552604144	1.4788552604144	1.4788552604144
-0.984913892058688	-0.805573461248244	-1.04285123045509	-1.04285123045509	0.142150195405302	0.142150195405302	0.0746869185736764	1.03085875420835	-0.95161616581916	-0.433437004195594	-0.887855485899003	0.331936738099169	0.0243804776069567	0.41865497035767	1.06280854161839	-0.704780742622267	-1.40064166401427	-0.255335101881894	0.378400639877132	1.59200544814777	1.22730470927202	1.775926907706	-1.06973012388089	-1.06973012388089	-1.06973012388089	-1.06973012388089	-1.06973012388089	-1.06973012388089	-1.06973012388089	-1.06973012388089	-1.06973012388089	-1.06973012388089	-1.06973012388089	1.67199498117792	1.67199498117792	1.67199498117792	1.67199498117792	1.67199498117792	1.67199498117792	1.67199498117792	1.67199498117792	1.67199498117792	1.67199498117792	1.67199498117792	0.471290999278541	0.471290999278541	0.471290999278541	0.471290999278541	0.471290999278541	0.471290999278541	0.471290999278541	0.471290999278541	0.471290999278541	0.471290999278541	0.471290999278541	0.32356439432697	-0.77726217060653	0.0327636184928534	0.0984930983852711	0.0536160138101997	0.150281970089332	-0.0547229504004451	-0.544252400780183	-0.768970345179394	0.292143349308204	0.0561946688304755	-0.651947292196073	-1.00084560978393	-0.806165587773718	0.000362090806387685	0.230210568945528	0.230210568945529	0.865630522816893	-0.656056577590349	-0.175369784646637	-0.756820849802781	-0.86081942312561	-0.272799805791987	-0.272799805791987	-0.272799805791987	-0.272799805791987	-0.272799805791987	-0.272799805791987	-0.272799805791987	-0.272799805791987	-0.272799805791987	-0.272799805791987	-0.272799805791987	-0.272799805791987	-0.272799805791987
0.547571019695812	1.0854884750232	-1.14182389797512	-1.14182389797512	-1.58116286934641	-1.58116286934641	0.0805750867457938	-0.964428083800814	-0.423751191201712	0.486171071224618	0.420118931713396	-0.517807702026086	-0.619883688939311	0.939141636164914	1.09259743492813	-0.716714630277201	-0.724005800109807	-1.78284527489323	-1.11629254633908	-0.75952606324557	-0.113459607388866	0.429159379299402	-1.60980475622637	-1.60980475622637	-1.60980475622637	-1.60980475622637	-1.60980475622637	-1.60980475622637	-1.60980475622637	-1.60980475622637	-1.60980475622637	-1.60980475622637	-1.60980475622637	2.00133491405826	2.00133491405826	2.00133491405826	2.00133491405826	2.00133491405826	2.00133491405826	2.00133491405826	2.00133491405826	2.00133491405826	2.00133491405826	2.00133491405826	0.954411064171455	0.954411064171455	0.954411064171455	0.954411064171455	0.954411064171455	0.954411064171455	0.954411064171455	0.954411064171455	0.954411064171455	0.954411064171455	0.954411064171455	-1.03984620947102	-0.637885393334937	-0.357988505609762	-0.0839212176975289	-0.597887025438202	-1.06359872339991	0.131176671348594	-1.01109669088519	0.10162904414827	-0.58793658308838	0.0434733870923017	-1.27659273500965	-1.14145843936899	-0.793020493218316	-1.13553866301966	-1.18060766712836	-1.18060766712836	-1.44485423071453	-1.05698161478583	-0.364114895594123	-1.831964663425	-1.21739504683059	0.945455780070888	0.945455780070888	0.945455780070888	0.945455780070888	0.945455780070888	0.945455780070888	0.945455780070888	0.945455780070888	0.945455780070888	0.945455780070888	0.945455780070888	0.945455780070888	0.945455780070888
-0.113593232379074	0.133517130445385	0.173527233260741	0.17352723326074	-0.604997166097405	-0.604997166097405	-1.67945540252225	-1.45016659430967	-0.990776761430966	-0.661956260938156	-0.638664688041664	0.172050279804306	0.446865134229386	-0.291737799587969	-0.246297973130724	-1.16488170546307	-1.33930953667808	-0.501929085604711	0.865999845016042	0.56999579825037	0.171064658918375	0.240373770952893	0.476705581625243	0.476705581625243	0.476705581625243	0.476705581625243	0.476705581625243	0.476705581625243	0.476705581625243	0.476705581625243	0.476705581625243	0.476705581625243	0.476705581625243	-1.55379805100906	-1.55379805100906	-1.55379805100906	-1.55379805100906	-1.55379805100906	-1.55379805100906	-1.55379805100906	-1.55379805100906	-1.55379805100906	-1.55379805100906	-1.55379805100906	0.298931112547336	0.298931112547336	0.298931112547336	0.298931112547336	0.298931112547336	0.298931112547336	0.298931112547336	0.298931112547336	0.298931112547336	0.298931112547336	0.298931112547336	1.33568791609603	-1.02134687724121	-0.772547214624827	0.893307402106179	0.879046495060316	1.08591012790392	-0.747231528832189	-0.593823030490987	-0.14144235003367	0.994321724602684	-0.637849677203497	-1.13518676195381	-1.39741952278266	-1.2610268189137	-1.13600260783377	-0.937581130883689	-0.93758113088369	-0.433671293699966	-0.658605412673728	-0.231282963510389	-0.371724821717776	-0.430772504229854	-0.737654557653444	-0.737654557653444	-0.737654557653444	-0.737654557653444	-0.737654557653444	-0.737654557653444	-0.737654557653444	-0.737654557653444	-0.737654557653444	-0.737654557653444	-0.737654557653444	-0.737654557653445	-0.737654557653444
0.359919549263425	0.626203567452225	0.891569154531035	0.891569154531035	0.648082352040901	0.648082352040901	0.509009235181136	0.476289808972271	1.04792765723768	0.586157184583122	0.331344922660733	-0.954905144750798	-1.34310666948807	-1.62075325718213	-1.4604087700157	-1.61989273449091	-1.04047765154197	-0.961037795510209	-1.18685989781984	-0.625072332158538	0.198825345753064	-0.980067248126768	0.139864105146396	0.139864105146396	0.139864105146396	0.139864105146396	0.139864105146396	0.139864105146396	0.139864105146396	0.139864105146396	0.139864105146396	0.139864105146396	0.139864105146396	-0.323299324106955	-0.323299324106955	-0.323299324106955	-0.323299324106955	-0.323299324106955	-0.323299324106955	-0.323299324106955	-0.323299324106955	-0.323299324106955	-0.323299324106955	-0.323299324106955	-1.24409568229328	-1.24409568229328	-1.24409568229328	-1.24409568229328	-1.24409568229328	-1.24409568229328	-1.24409568229328	-1.24409568229328	-1.24409568229328	-1.24409568229328	-1.24409568229328	-1.33148292430006	-1.49037529678445	-0.437752487544648	-0.137905531291433	-1.50015557999446	-2.36851180443319	-0.531328472620775	-2.10776564256955	-1.98538437020406	0.476950464749824	-1.10594517881993	-1.04263700811114	-0.983708700341945	-0.440905860715966	-1.36135625697515	-0.318104497899129	-0.31810449789913	-0.361892773457834	-0.635802340465944	-0.141475836313787	-0.801943210169766	-0.436034409256087	-0.577909408131947	-0.577909408131947	-0.577909408131947	-0.577909408131947	-0.577909408131947	-0.577909408131947	-0.577909408131947	-0.577909408131947	-0.577909408131947	-0.577909408131947	-0.577909408131947	-0.577909408131947	-0.577909408131947
1.20585065607865	0.582272690998453	0.941697263713139	0.941697263713139	0.544664702262662	0.544664702262662	0.574802437544402	0.501097308778068	0.801359279607822	1.55071219786089	0.0814460927242849	1.0665802153954	-0.728738810671323	-0.558883555255419	0.0290315229199666	0.0545844943827657	-1.14400886330758	-1.34585515400331	-1.95451015320062	-0.0546684629013367	-0.893937167912028	-0.0437311374326666	-0.414051636893259	-0.414051636893259	-0.414051636893259	-0.414051636893259	-0.414051636893259	-0.414051636893259	-0.414051636893259	-0.414051636893259	-0.414051636893259	-0.414051636893259	-0.414051636893259	-1.55341301826113	-1.55341301826113	-1.55341301826113	-1.55341301826113	-1.55341301826113	-1.55341301826113	-1.55341301826113	-1.55341301826113	-1.55341301826113	-1.55341301826113	-1.55341301826113	-0.680765279844887	-0.680765279844887	-0.680765279844887	-0.680765279844887	-0.680765279844887	-0.680765279844887	-0.680765279844887	-0.680765279844887	-0.680765279844887	-0.680765279844887	-0.680765279844887	-0.421086789727475	-0.175841653840931	-0.586821757087011	-0.207789056513192	-0.73243203161451	-0.481390429344682	-0.920512269070169	0.838852916672175	-0.924606634096776	-0.59814982232532	-0.741509965926993	0.527738174175256	0.00137069464155712	-0.659684092995976	0.362632027832953	0.227652327288793	0.227652327288794	0.665570671710623	1.29001280200427	0.872240322342323	0.465679111040434	0.266400930387189	-0.308410094165674	-0.308410094165674	-0.308410094165674	-0.308410094165674	-0.308410094165674	-0.308410094165674	-0.308410094165674	-0.308410094165674	-0.308410094165674	-0.308410094165674	-0.308410094165674	-0.308410094165674	-0.308410094165674
-1.0082718817405	-0.421751957054732	0.104142977644435	0.104142977644435	-1.18153618459852	-1.18153618459852	-0.379167204097512	-1.41327163376358	-0.207001193552847	-1.15418320777416	-0.23256106796318	1.39243849837157	0.19279414126452	1.14182295775303	1.31742257629615	-1.15185853382867	-2.45610892623681	-1.37252024361048	-0.985480139803924	-0.139963516244467	-0.22085840383999	1.86686546923932	-1.03014150642242	-1.03014150642242	-1.03014150642242	-1.03014150642242	-1.03014150642242	-1.03014150642242	-1.03014150642242	-1.03014150642242	-1.03014150642242	-1.03014150642242	-1.03014150642242	0.131261996805383	0.131261996805383	0.131261996805383	0.131261996805383	0.131261996805383	0.131261996805383	0.131261996805383	0.131261996805383	0.131261996805383	0.131261996805383	0.131261996805383	0.347231310564381	0.347231310564381	0.347231310564381	0.347231310564381	0.347231310564381	0.347231310564381	0.347231310564381	0.347231310564381	0.347231310564381	0.347231310564381	0.347231310564381	0.141431947759931	-0.691203466782824	-0.231869179622629	0.127992669728215	-0.771686934644791	0.0723788636955938	0.0225414413636569	0.168364961169225	-0.229253079002009	-0.697748871928127	0.641073628960266	-1.00716151558896	-0.721630293720073	-0.40949891895917	-0.909375721442632	-0.492051848091175	-0.492051848091176	-2.16724039320253	-0.963055291914838	-1.20377983981735	-2.08419510569005	-1.41898740565414	-0.544626501262293	-0.544626501262293	-0.544626501262293	-0.544626501262293	-0.544626501262293	-0.544626501262293	-0.544626501262293	-0.544626501262293	-0.544626501262293	-0.544626501262293	-0.544626501262293	-0.544626501262293	-0.544626501262293
0.545792455315294	1.45019529693227	0.694716261318039	0.69471626131804	0.257158225565617	0.257158225565617	1.24910113168532	0.737654977261487	1.22177795154369	0.746373241043066	0.8577058906103	-0.0865095551996431	-0.223364558486811	-0.502410618047393	0.66253188882597	0.534589221751765	1.27613064477166	1.37045984144587	0.582478732184488	-0.488298679914515	0.723754911092002	0.897046599066644	1.10525247943715	1.10525247943715	1.10525247943715	1.10525247943715	1.10525247943715	1.10525247943715	1.10525247943715	1.10525247943715	1.10525247943715	1.10525247943715	1.10525247943715	-1.95675901203459	-1.95675901203459	-1.95675901203459	-1.95675901203459	-1.95675901203459	-1.95675901203459	-1.95675901203459	-1.95675901203459	-1.95675901203459	-1.95675901203459	-1.95675901203459	0.249264930821604	0.249264930821604	0.249264930821604	0.249264930821604	0.249264930821604	0.249264930821604	0.249264930821604	0.249264930821604	0.249264930821604	0.249264930821604	0.249264930821604	0.122094690996037	-0.721360645208316	-0.457379630873156	-0.348900287094291	0.160909394691879	-0.703509077419084	0.350895592951749	0.269361352294948	-0.189560156639273	0.079491506522848	-0.13562214145821	1.63354596574869	1.79297654511359	1.4280257918292	1.51913422027579	0.665254166555016	0.665254166555016	0.673218688881736	0.847950866936834	0.479725206599022	0.488618228469928	0.5311832949378	2.71721637933442	2.71721637933442	2.71721637933442	2.71721637933442	2.71721637933442	2.71721637933442	2.71721637933442	2.71721637933442	2.71721637933442	2.71721637933442	2.71721637933442	2.71721637933442	2.71721637933442
-0.656771481018328	-0.668645854562102	-1.39170504426136	-1.39170504426136	-0.813301028186388	-0.813301028186388	-0.945616950325217	0.509249711086611	-0.379337192367349	-1.17480938000396	-0.252998528449088	1.61186132592849	0.739048348823971	1.54554342534433	-1.14033328403061	-1.02235593212878	-0.383940660386178	0.170160283159678	-1.22259634593239	-0.498651156994299	-0.843716664317734	0.129526324682212	-0.651396069292442	-0.651396069292442	-0.651396069292442	-0.651396069292442	-0.651396069292442	-0.651396069292442	-0.651396069292442	-0.651396069292442	-0.651396069292442	-0.651396069292442	-0.651396069292442	0.41371283625074	0.41371283625074	0.41371283625074	0.41371283625074	0.41371283625074	0.41371283625074	0.41371283625074	0.41371283625074	0.41371283625074	0.41371283625074	0.41371283625074	-0.1422583358448	-0.1422583358448	-0.1422583358448	-0.1422583358448	-0.1422583358448	-0.1422583358448	-0.1422583358448	-0.1422583358448	-0.1422583358448	-0.1422583358448	-0.1422583358448	-2.61531163504743	-2.00541344029277	-1.1983281032191	-2.17534965806746	-1.55067507733916	-1.44925481852239	-2.40470790514154	0.0561777087438231	-1.49763199773824	-2.32189227869236	-1.51470242530801	-0.557622828628554	0.0209650142018066	0.295989570382358	-0.423617568921682	-0.0158965433035375	-0.0158965433035376	-0.607457960613988	-0.407674979989945	-0.400783251295316	-0.841079502038956	-0.624451997964168	0.972539444819616	0.972539444819616	0.972539444819616	0.972539444819616	0.972539444819616	0.972539444819616	0.972539444819616	0.972539444819616	0.972539444819616	0.972539444819617	0.972539444819616	0.972539444819616	0.972539444819616
-2.30638026558153	-1.80874548139219	-1.39206910780769	-1.39206910780769	-0.910492882821242	-0.910492882821242	-0.501213950678343	0.00173146540793395	-1.20827014498681	-1.39110110975841	-2.05888718699238	-0.350104109944772	0.473450535803302	-1.20450399852135	1.1503930032612	0.963752628916404	1.54480890640952	1.09804245238325	1.74150025137632	0.142468920863108	1.96636185977681	0.77698866634477	0.133847368603597	0.133847368603597	0.133847368603597	0.133847368603597	0.133847368603597	0.133847368603597	0.133847368603597	0.133847368603597	0.133847368603597	0.133847368603597	0.133847368603597	-0.530830886639941	-0.530830886639941	-0.530830886639941	-0.530830886639941	-0.530830886639941	-0.530830886639941	-0.530830886639941	-0.530830886639941	-0.530830886639941	-0.530830886639941	-0.530830886639941	1.14575357788387	1.14575357788387	1.14575357788387	1.14575357788387	1.14575357788387	1.14575357788387	1.14575357788387	1.14575357788387	1.14575357788387	1.14575357788387	1.14575357788387	-1.00593417965496	-1.00260869139416	-1.2459309592383	-0.655526326516124	-0.210179230539928	-0.505375972310313	-1.19510707596217	0.340159595554308	-0.179205198964686	-0.598385633919257	-0.766887726312369	0.833891680761949	0.743773370155395	1.2021708397062	0.858390515976756	0.825691591548827	0.825691591548827	0.263136474269941	1.39260376480233	1.635658503286	1.33564914030224	1.4730177344987	-0.188658043081504	-0.188658043081504	-0.188658043081504	-0.188658043081504	-0.188658043081504	-0.188658043081504	-0.188658043081504	-0.188658043081504	-0.188658043081504	-0.188658043081504	-0.188658043081504	-0.188658043081504	-0.188658043081504
1.2397223820691	0.241263996368445	1.67250507945208	1.67250507945208	1.55371015580473	1.55371015580473	0.451856653172844	0.577541849899082	1.49423265145493	1.04407236871774	1.48935782777954	1.87601669878636	0.822772767141293	0.0913777231330342	-1.41154682449168	-1.81257948736678	-1.65826191358184	-0.86970557244332	-0.63621281890316	0.25510753272143	0.587636016923532	0.431571543114729	0.723018958579648	0.723018958579648	0.723018958579648	0.723018958579648	0.723018958579648	0.723018958579648	0.723018958579648	0.723018958579648	0.723018958579648	0.723018958579648	0.723018958579648	1.26663484677828	1.26663484677828	1.26663484677828	1.26663484677828	1.26663484677828	1.26663484677828	1.26663484677828	1.26663484677828	1.26663484677828	1.26663484677828	1.26663484677828	0.366013673255938	0.366013673255938	0.366013673255938	0.366013673255938	0.366013673255938	0.366013673255938	0.366013673255938	0.366013673255938	0.366013673255938	0.366013673255938	0.366013673255938	0.847968382554316	0.653285395155743	1.88692712292526	1.24608034116394	1.3492790294609	0.621116711297034	0.349744591312814	1.3319799837819	1.03277971559069	0.445303777926385	1.0927616621653	2.34115614348372	2.4196025883564	1.78512999444477	2.97880080884794	2.59444085036748	2.59444085036748	1.53629505094143	1.93524912351328	1.40861294346873	1.8775328753619	1.9469177803025	2.43487569382269	2.43487569382269	2.43487569382269	2.43487569382269	2.43487569382269	2.43487569382269	2.43487569382269	2.43487569382269	2.43487569382269	2.43487569382269	2.43487569382269	2.43487569382269	2.43487569382269
-0.0480289245305193	0.863632072989228	-0.415550107539849	-0.415550107539849	0.83950664892862	0.839506648928621	0.596361940450579	0.0974398562659498	0.0321760199473127	0.553066011793946	-0.462572591908522	-0.412430171447837	-0.547461997349039	-0.0633145726630977	-1.52848050657652	-1.49119970216307	0.498491282301111	0.37826702624633	0.660039851571498	0.485461376980122	-0.181867856100453	-1.17652811257976	-0.0834490575612713	-0.0834490575612713	-0.0834490575612713	-0.0834490575612713	-0.0834490575612713	-0.0834490575612713	-0.0834490575612713	-0.0834490575612713	-0.0834490575612713	-0.0834490575612712	-0.0834490575612713	-1.26815160872918	-1.26815160872918	-1.26815160872918	-1.26815160872918	-1.26815160872918	-1.26815160872918	-1.26815160872918	-1.26815160872918	-1.26815160872918	-1.26815160872918	-1.26815160872918	-0.897521598017145	-0.897521598017145	-0.897521598017145	-0.897521598017145	-0.897521598017145	-0.897521598017145	-0.897521598017145	-0.897521598017145	-0.897521598017145	-0.897521598017145	-0.897521598017145	-0.178226207958374	0.534213672273892	0.637698848250197	0.69674860102388	1.21930183290604	-0.710962133275191	0.589505514975712	-0.187899082118771	0.37502572304415	0.791556309927771	-0.195434626516008	-0.380663167890221	0.0387667815703865	0.857763286282749	-0.422388688077355	-0.572012542878836	-0.572012542878836	-0.764107812936611	-0.664110101482785	-0.585899423026961	-0.169262501039437	0.0445485265943144	0.61596524074661	0.61596524074661	0.61596524074661	0.61596524074661	0.61596524074661	0.61596524074661	0.61596524074661	0.61596524074661	0.61596524074661	0.61596524074661	0.61596524074661	0.61596524074661	0.61596524074661
-0.667492186293364	-2.56051495955212	0.219962489084611	0.219962489084611	-0.38810143120206	-0.38810143120206	-0.233254085033687	0.175169376932758	-0.107933702444217	-0.842624248293075	-0.0624309425117094	-1.16711035868694	-1.4950837670861	-1.80783721527533	-1.86713726644824	-1.66521380376278	-1.506146242806	-1.06259096218869	-0.396606561710745	-1.66386812936062	-1.68596052877829	-1.19682217302514	1.71790733054095	1.71790733054095	1.71790733054095	1.71790733054095	1.71790733054095	1.71790733054095	1.71790733054095	1.71790733054095	1.71790733054095	1.71790733054095	1.71790733054095	-1.35286149382092	-1.35286149382092	-1.35286149382092	-1.35286149382092	-1.35286149382092	-1.35286149382092	-1.35286149382092	-1.35286149382092	-1.35286149382092	-1.35286149382092	-1.35286149382092	0.99406683272935	0.99406683272935	0.99406683272935	0.99406683272935	0.99406683272935	0.99406683272935	0.99406683272935	0.99406683272935	0.99406683272935	0.99406683272935	0.99406683272935	0.514047394863563	-0.121393511072571	0.0244683506560312	0.150748108930739	0.216119122556892	0.470196228284225	-0.948666664387149	0.542801102520052	-0.510290588838352	1.0541859135005	-0.411408316211846	-0.450402494729696	0.0383984113517069	-0.295252181308891	-0.208686130251485	-0.578848351331589	-0.578848351331589	-0.552152076155135	-0.656575164480817	-0.809239370566455	-0.347215184692684	-0.702869507153196	-1.41564643427344	-1.41564643427344	-1.41564643427344	-1.41564643427344	-1.41564643427344	-1.41564643427344	-1.41564643427344	-1.41564643427344	-1.41564643427344	-1.41564643427344	-1.41564643427344	-1.41564643427344	-1.41564643427344
0.393587802681904	1.36278767124975	0.818737669814265	0.818737669814265	1.48692812766226	1.48692812766226	0.810317266330421	0.705029513667237	1.49586863461879	0.104227236316237	0.646605165184881	-0.372720259686393	-0.513184825574881	-0.611894534999291	0.712185478319886	-0.847836967787429	-0.0365884648869701	-0.244352283712128	1.57799562773767	0.200469683614102	-0.368061550374334	-0.788194262435561	-0.354916397847082	-0.354916397847082	-0.354916397847082	-0.354916397847082	-0.354916397847082	-0.354916397847082	-0.354916397847082	-0.354916397847082	-0.354916397847082	-0.354916397847082	-0.354916397847082	0.783223625603715	0.783223625603715	0.783223625603715	0.783223625603715	0.783223625603715	0.783223625603715	0.783223625603715	0.783223625603715	0.783223625603715	0.783223625603715	0.783223625603715	-0.996754797894229	-0.996754797894229	-0.996754797894229	-0.996754797894229	-0.996754797894229	-0.996754797894229	-0.996754797894229	-0.996754797894229	-0.996754797894229	-0.996754797894229	-0.996754797894229	-0.593576020415175	0.636423041325592	-1.38439893265607	-1.84162154886581	-1.87379444472942	0.476901642177759	-1.30101473621463	1.64591363444766	-0.432948542705473	-1.57644290915634	-0.77705934340466	-1.12458883465394	-0.531039578428944	-0.0713351984319099	-0.813786042944385	-0.497824501192414	-0.497824501192414	-1.21777234559381	-0.763937551889345	-0.849662900122457	-0.957597525899021	-0.859090827254616	-0.358065450420744	-0.358065450420744	-0.358065450420744	-0.358065450420744	-0.358065450420744	-0.358065450420744	-0.358065450420744	-0.358065450420744	-0.358065450420744	-0.358065450420744	-0.358065450420744	-0.358065450420744	-0.358065450420744
0.486819043043795	-0.887300797044257	-1.1803261254261	-1.1803261254261	-0.592383895454647	-0.592383895454647	-1.46202717775064	-0.631280858468757	-0.389390739698685	-1.2450559370834	0.0832817248199015	-1.55278001676512	-0.898603222897091	-0.68289953932928	-0.816660535555664	-1.62319216496005	-0.523125691029105	-0.846338580426328	0.844860209899534	-0.210477191201119	0.407523457899427	-0.554341721804881	1.60643889737214	1.60643889737214	1.60643889737214	1.60643889737214	1.60643889737214	1.60643889737214	1.60643889737214	1.60643889737214	1.60643889737214	1.60643889737214	1.60643889737214	0.150211807889997	0.150211807889997	0.150211807889997	0.150211807889997	0.150211807889997	0.150211807889997	0.150211807889997	0.150211807889997	0.150211807889997	0.150211807889997	0.150211807889997	0.491201998769974	0.491201998769974	0.491201998769974	0.491201998769974	0.491201998769974	0.491201998769974	0.491201998769974	0.491201998769974	0.491201998769974	0.491201998769974	0.491201998769974	-0.575701349263366	-0.908344276206556	-0.0932025702974906	0.550196065049774	0.365856629180453	-0.458176007357949	-1.0760283824566	1.23580226391718	0.0683326040958567	-0.568402183108731	0.035800717518194	1.07210287873689	1.03731075614814	1.42422574527148	1.65467789690318	2.10141455070135	2.10141455070135	1.31360155355183	1.2140930295188	1.05021262328468	1.70086806173727	1.78665503071262	2.45074742547186	2.45074742547186	2.45074742547186	2.45074742547186	2.45074742547186	2.45074742547186	2.45074742547186	2.45074742547186	2.45074742547186	2.45074742547186	2.45074742547186	2.45074742547186	2.45074742547186
-0.467568523870742	0.0401954342682468	-1.04538205300366	-1.04538205300366	-0.276133094394083	-0.276133094394083	-0.900844534136249	-1.06264782824398	-0.674346808464057	-1.15870178496003	-0.471341265804341	0.0169299867215065	-0.536036079941384	-0.879997604312745	-1.49811028822153	-0.423705512548377	0.652006404871726	1.42827366417152	1.6637250049476	0.638076641270542	-0.916027808949231	-0.592688692948706	0.788353882171855	0.788353882171855	0.788353882171855	0.788353882171855	0.788353882171855	0.788353882171855	0.788353882171855	0.788353882171855	0.788353882171855	0.788353882171855	0.788353882171855	0.701087258320463	0.701087258320463	0.701087258320463	0.701087258320463	0.701087258320463	0.701087258320463	0.701087258320463	0.701087258320463	0.701087258320463	0.701087258320463	0.701087258320463	1.27302953482734	1.27302953482734	1.27302953482734	1.27302953482734	1.27302953482734	1.27302953482734	1.27302953482734	1.27302953482734	1.27302953482734	1.27302953482734	1.27302953482734	-0.0474616119462515	0.317253646784432	1.09682499472798	0.0598739119505522	0.869610386456493	-0.116379951034945	-0.034586705600792	0.734423512528323	0.234472012998377	1.33533618386242	0.530485685327727	-0.103440124210649	-0.0410068580643211	0.525738619745109	-0.351410158851196	-0.349890966742749	-0.349890966742749	1.43966861733302	0.0496442017667807	0.177269600889406	-0.597259764249875	-1.00068884916956	0.232861871758834	0.232861871758834	0.232861871758834	0.232861871758834	0.232861871758834	0.232861871758834	0.232861871758834	0.232861871758834	0.232861871758834	0.232861871758834	0.232861871758834	0.232861871758834	0.232861871758834
-0.118529981330993	0.149493245172182	-0.412012602334915	-0.412012602334915	0.209479144493946	0.209479144493946	-0.215537761811122	-0.154146621236102	-0.326345952616066	-0.300352835606128	0.154601614377769	-0.218395294752896	0.0622152470025017	-0.251968998761669	-2.13254024640898	-0.754776270992084	-0.0947190527794707	1.16963766791863	0.948311194998298	0.240441554338992	-1.11919010668057	-1.3414458748246	1.2101087918471	1.2101087918471	1.2101087918471	1.2101087918471	1.2101087918471	1.2101087918471	1.2101087918471	1.2101087918471	1.2101087918471	1.2101087918471	1.2101087918471	-2.09648026714327	-2.09648026714327	-2.09648026714327	-2.09648026714327	-2.09648026714327	-2.09648026714327	-2.09648026714327	-2.09648026714327	-2.09648026714327	-2.09648026714327	-2.09648026714327	-1.18067623719287	-1.18067623719287	-1.18067623719287	-1.18067623719287	-1.18067623719287	-1.18067623719287	-1.18067623719287	-1.18067623719287	-1.18067623719287	-1.18067623719287	-1.18067623719287	1.04229331704076	-0.606887028197271	-1.12357767268819	1.0366752295015	-0.127832489806005	0.0532542351372672	0.448601055876807	-1.55054798973848	-0.357184176931946	0.378819828185735	-0.672986266524086	-1.04349740297758	-1.13125976967005	-1.36408831329109	-0.993064875294248	-0.975180970779396	-0.975180970779395	-1.0965188213792	-0.674433685599974	-0.990757235506863	-1.43503134989878	-1.65349784638939	-0.289076657786177	-0.289076657786177	-0.289076657786177	-0.289076657786177	-0.289076657786177	-0.289076657786177	-0.289076657786177	-0.289076657786177	-0.289076657786177	-0.289076657786177	-0.289076657786177	-0.289076657786177	-0.289076657786177
1.10843829821706	0.41438044871299	1.57780602862738	1.57780602862738	0.559772460292299	0.559772460292299	1.32034630761456	1.51110707848568	1.1921732165839	0.994871977049523	2.36601385961176	0.0616419856000907	0.773731488606076	0.456687123144331	-1.00362740437944	-0.561227994240539	-1.85052951746355	-0.261246681106065	0.104977437428582	1.41030101277397	0.261879166410099	-0.480322459907893	0.40182037684204	0.40182037684204	0.40182037684204	0.40182037684204	0.40182037684204	0.40182037684204	0.40182037684204	0.40182037684204	0.40182037684204	0.40182037684204	0.40182037684204	-1.18099211350745	-1.18099211350745	-1.18099211350745	-1.18099211350745	-1.18099211350745	-1.18099211350745	-1.18099211350745	-1.18099211350745	-1.18099211350745	-1.18099211350745	-1.18099211350745	0.121144628306565	0.121144628306565	0.121144628306565	0.121144628306565	0.121144628306565	0.121144628306565	0.121144628306565	0.121144628306565	0.121144628306565	0.121144628306565	0.121144628306565	-0.369479276691269	-0.877661344782688	0.736281716157022	-0.241718184139952	0.183102555339069	-0.0987384568154901	-0.685612392289156	-1.42209162800229	-1.59093422118878	0.134153694271221	-0.794886884841075	0.408203398516847	0.669919475711293	0.423530489797607	0.432230123727605	0.0925044045558774	0.0925044045558783	-0.140790524288703	0.768358944213822	0.344568506832806	-0.904877302461662	-0.597182923992137	-1.99212239500328	-1.99212239500328	-1.99212239500328	-1.99212239500328	-1.99212239500328	-1.99212239500328	-1.99212239500328	-1.99212239500328	-1.99212239500328	-1.99212239500328	-1.99212239500328	-1.99212239500328	-1.99212239500328
-0.0541172335801471	-0.559938639919427	-1.09915550414086	-1.09915550414086	-1.09158725913562	-1.09158725913562	-0.228636606161775	-0.619423870242342	-0.969556273179761	0.631225547980054	-1.10195933349711	-0.247600917805605	0.190820738563875	0.212694291316183	0.334328648880742	-0.273356716846475	-0.387369678826453	-1.53498957132198	-0.900829172617717	-0.580547567764302	-0.0460784562253078	-0.885262791172076	0.368917697790601	0.368917697790601	0.368917697790601	0.368917697790601	0.368917697790601	0.368917697790601	0.368917697790601	0.368917697790601	0.368917697790601	0.368917697790601	0.368917697790601	0.817287146847697	0.817287146847697	0.817287146847697	0.817287146847697	0.817287146847697	0.817287146847697	0.817287146847697	0.817287146847697	0.817287146847697	0.817287146847697	0.817287146847697	-0.408084014554614	-0.408084014554614	-0.408084014554614	-0.408084014554614	-0.408084014554614	-0.408084014554614	-0.408084014554614	-0.408084014554614	-0.408084014554614	-0.408084014554614	-0.408084014554614	-0.425999689988608	-0.641238605465334	0.396863986374861	0.738187315259086	0.615772853579993	-0.0774597465464187	-0.424209271425628	0.345794489202935	-0.119264673942238	-1.09962227240609	0.102529882768281	-0.353464992820479	-0.222937362134717	-0.142370211676641	-0.783627268822523	-0.482103645594384	-0.482103645594384	-0.602268696370846	-0.0221082387772357	0.273294129984162	-0.988596842037585	-0.240610506060762	0.704972488222846	0.704972488222846	0.704972488222846	0.704972488222846	0.704972488222846	0.704972488222846	0.704972488222846	0.704972488222846	0.704972488222846	0.704972488222846	0.704972488222846	0.704972488222846	0.704972488222846
1.19366930749272	0.794793293036916	1.38742025265711	1.38742025265711	0.471412657596642	0.471412657596641	0.16492617292661	0.153310849379497	0.603015441314379	-0.799624723491157	-0.0819520194613732	-0.535941768784161	0.100239220426637	0.527992786740647	-0.359524245943031	0.19198516433127	-0.228177211683618	0.434356055649804	-0.842121051761252	-1.46369447098154	-0.824135401741163	0.281419388853432	-1.04308439251641	-1.04308439251641	-1.04308439251641	-1.04308439251641	-1.04308439251641	-1.04308439251641	-1.04308439251641	-1.04308439251641	-1.04308439251641	-1.04308439251641	-1.04308439251641	-0.581946757577061	-0.581946757577061	-0.581946757577061	-0.581946757577061	-0.581946757577061	-0.581946757577061	-0.581946757577061	-0.581946757577061	-0.581946757577061	-0.581946757577061	-0.581946757577061	-0.806192839422345	-0.806192839422345	-0.806192839422345	-0.806192839422345	-0.806192839422345	-0.806192839422345	-0.806192839422345	-0.806192839422345	-0.806192839422345	-0.806192839422345	-0.806192839422345	1.471964438332	0.414293619983213	0.753593050016023	1.57424252760062	1.36596440299421	0.66750342581623	0.875803713082182	-1.16621642580319	0.299145328404689	1.99912348009479	0.125809551545055	0.506873048414368	0.113510135719659	0.255391264776816	0.616969989446081	0.331050093700346	0.331050093700347	1.14263306595188	0.776763827220839	0.793828885947415	1.38652424512405	1.30337487108244	-1.27309800855277	-1.27309800855277	-1.27309800855277	-1.27309800855277	-1.27309800855277	-1.27309800855277	-1.27309800855277	-1.27309800855277	-1.27309800855277	-1.27309800855277	-1.27309800855277	-1.27309800855277	-1.27309800855277
-0.532590126991579	0.60655013571358	-0.0756132368172799	-0.0756132368172797	0.753806928707515	0.753806928707515	0.34476971437023	0.0984506025119054	0.969533865815344	-0.516812360751579	0.334966208160772	0.758143241476635	-0.38927863139451	-0.230361939272186	-0.969781032776113	-1.19709644385111	-1.06028009710068	-0.789097624596648	-0.205626350968069	-0.0191105518693024	-1.27029559075577	-1.08483014907391	-0.0653485772806944	-0.0653485772806944	-0.0653485772806944	-0.0653485772806945	-0.0653485772806944	-0.0653485772806945	-0.0653485772806945	-0.0653485772806945	-0.0653485772806944	-0.0653485772806944	-0.0653485772806944	0.191755752273239	0.191755752273239	0.191755752273239	0.191755752273239	0.191755752273239	0.191755752273239	0.191755752273239	0.191755752273239	0.191755752273239	0.191755752273239	0.191755752273239	-1.90299020560306	-1.90299020560306	-1.90299020560306	-1.90299020560306	-1.90299020560306	-1.90299020560306	-1.90299020560306	-1.90299020560306	-1.90299020560306	-1.90299020560306	-1.90299020560306	0.280782859335782	1.25310840761875	-0.195462107186059	-1.37742523845621	-0.469560812789818	0.603855502565344	0.940997482694626	1.11037156955938	0.770579896507141	0.400449850500863	0.98468286819378	0.693937781589454	0.200093418573851	1.01707638371002	0.573751462702618	0.710320291560348	0.710320291560348	0.341589324136104	0.74889553159337	1.03492660542953	0.257845128371478	0.738021209278709	-0.874233517379745	-0.874233517379745	-0.874233517379745	-0.874233517379745	-0.874233517379745	-0.874233517379745	-0.874233517379745	-0.874233517379745	-0.874233517379745	-0.874233517379745	-0.874233517379745	-0.874233517379745	-0.874233517379745
-0.0246271938018502	-0.394646472520628	-0.411550245085319	-0.411550245085319	-0.327953622948622	-0.327953622948622	-1.15250076761606	-0.868730379495609	0.28433677099927	-1.75485740118712	-0.275528739814249	-0.518265309766126	0.36850459616345	-0.276533866080254	0.746475359701929	0.371472535214001	0.347187787622235	-0.260099245430026	0.0860763047017072	-1.08673733389271	0.842092836181579	0.76340706311215	1.2829757462591	1.2829757462591	1.2829757462591	1.2829757462591	1.2829757462591	1.2829757462591	1.2829757462591	1.2829757462591	1.2829757462591	1.2829757462591	1.2829757462591	0.0357893170664587	0.0357893170664587	0.0357893170664587	0.0357893170664587	0.0357893170664587	0.0357893170664587	0.0357893170664587	0.0357893170664587	0.0357893170664587	0.0357893170664587	0.0357893170664587	0.0232428801419736	0.0232428801419736	0.0232428801419736	0.0232428801419736	0.0232428801419736	0.0232428801419736	0.0232428801419736	0.0232428801419736	0.0232428801419736	0.0232428801419735	0.0232428801419736	-0.756490962163375	-0.0605172382485376	-0.216045028497314	0.564510348078716	0.353322736669505	-1.45624200482294	-0.652082327260226	-0.159032706826058	-0.613095052340957	-0.000329357384781409	-1.56113706242303	0.502652243275569	0.845980813738437	0.432515541476547	0.763438769600738	-0.0325976501937668	-0.0325976501937667	-1.35996053729155	-0.333976842132487	-0.977229131572524	-0.272761886645258	0.194722424821242	-0.227756122540438	-0.227756122540438	-0.227756122540438	-0.227756122540438	-0.227756122540438	-0.227756122540438	-0.227756122540438	-0.227756122540438	-0.227756122540438	-0.227756122540438	-0.227756122540438	-0.227756122540438	-0.227756122540438
1.10367963209868	0.802278190460602	0.715303423934602	0.715303423934602	0.862041549707755	0.862041549707755	0.639024367370189	0.654799464195244	1.07193836829906	0.323138901368819	0.887429837691189	-0.201080953654302	0.694651234811477	-0.635286118356125	-1.47755346852752	-0.998310822010115	0.564372072099965	-0.5588399637133	0.974745618255431	-0.612333868088612	-1.13864862797616	-3.92138846483114	-1.49223996315412	-1.49223996315412	-1.49223996315412	-1.49223996315412	-1.49223996315412	-1.49223996315412	-1.49223996315412	-1.49223996315412	-1.49223996315412	-1.49223996315412	-1.49223996315412	-0.748745529166599	-0.748745529166599	-0.748745529166599	-0.748745529166599	-0.748745529166599	-0.748745529166599	-0.748745529166599	-0.748745529166599	-0.748745529166599	-0.748745529166599	-0.748745529166599	-0.594935469744939	-0.594935469744939	-0.594935469744939	-0.594935469744939	-0.594935469744939	-0.594935469744939	-0.594935469744939	-0.594935469744939	-0.594935469744939	-0.59493546974494	-0.594935469744939	-1.37311880754407	-0.623748844252432	-0.740276162574284	-1.11967031127324	0.343469707650093	-0.263595198145218	-1.42101883016935	0.339686538956292	-0.688145123987869	-0.683166621949212	-1.13001439706675	-0.554459857296195	-0.71703899477778	-0.369540030910705	0.187106761170552	1.49806171314009	1.49806171314009	0.631614052035665	0.120676814508396	0.835416764289047	0.118223466256911	0.445622353848629	0.458218519128241	0.458218519128241	0.458218519128241	0.458218519128241	0.458218519128241	0.458218519128241	0.458218519128241	0.458218519128241	0.458218519128241	0.458218519128241	0.458218519128241	0.458218519128241	0.458218519128241
0.0971191221295387	-0.116654159065002	-0.368026395328749	-0.368026395328748	-0.192246900979359	-0.192246900979359	-0.954488277811872	-0.408020205539306	-0.0879927303233124	-0.0186613149806914	0.0838581374838335	-0.529055844219541	-1.2474204128093	-0.714946108619452	-0.754449150565492	0.0079387511010311	-0.507356158537001	-0.142516089124862	-1.10940494468089	0.251404314067749	-0.405722995806296	-0.166095288601293	-0.779476546789625	-0.779476546789625	-0.779476546789625	-0.779476546789624	-0.779476546789625	-0.779476546789624	-0.779476546789624	-0.779476546789624	-0.779476546789625	-0.779476546789624	-0.779476546789625	0.080952989002173	0.080952989002173	0.080952989002173	0.080952989002173	0.080952989002173	0.080952989002173	0.080952989002173	0.080952989002173	0.080952989002173	0.080952989002173	0.080952989002173	0.121446178432551	0.121446178432551	0.121446178432551	0.121446178432551	0.121446178432551	0.121446178432551	0.121446178432551	0.121446178432551	0.121446178432551	0.121446178432551	0.121446178432551	0.713268680395129	0.477909626354295	1.81864195501996	1.5015185874191	1.74509307319738	0.950789132082616	0.0497085391133674	-0.281599391911088	1.25065234539882	1.95843522275609	0.981172375049779	1.9905388884677	1.38678415922664	1.27097352835116	1.86401398956334	1.01313293159616	1.01313293159616	1.57842421273324	2.29690341563209	1.76726242132098	2.14458455773983	1.90022854027052	-0.792312752715151	-0.792312752715151	-0.792312752715151	-0.792312752715151	-0.792312752715151	-0.792312752715151	-0.792312752715151	-0.792312752715151	-0.792312752715151	-0.792312752715151	-0.792312752715151	-0.792312752715151	-0.792312752715151
-1.03842653943064	-0.976288559125143	0.0711673432489213	0.0711673432489213	-0.620250764808418	-0.620250764808419	-0.651974548359886	-0.986719771806807	-0.488285861266855	-0.841087000068755	-0.826621800144724	0.0718861045189961	0.780316275851414	-0.0321762213513475	-0.915853296649428	0.00342896266978081	-0.310897414866632	0.126428256262593	1.00888995412073	1.37346382395638	-0.1074725721826	-0.873991896479764	0.755661769451714	0.755661769451714	0.755661769451714	0.755661769451714	0.755661769451714	0.755661769451714	0.755661769451714	0.755661769451714	0.755661769451714	0.755661769451714	0.755661769451714	-1.46214786856018	-1.46214786856018	-1.46214786856018	-1.46214786856018	-1.46214786856018	-1.46214786856018	-1.46214786856018	-1.46214786856018	-1.46214786856018	-1.46214786856018	-1.46214786856018	0.966381258422022	0.966381258422022	0.966381258422022	0.966381258422022	0.966381258422022	0.966381258422022	0.966381258422022	0.966381258422022	0.966381258422022	0.966381258422022	0.966381258422022	0.795024130259217	1.50550604060678	-0.279453875308279	-0.261985777575805	0.112411335076009	1.5176485639054	1.38911843272973	-0.279712387120656	1.33667471869485	-0.478535764495452	0.769577694462511	0.199262166309948	-0.0344538487391576	0.0816151964304009	-0.194587000230242	0.143069596694746	0.143069596694746	0.515542806004988	0.323224789250003	0.720515374258484	0.342344006906488	0.739465649669324	-0.770702788449556	-0.770702788449556	-0.770702788449556	-0.770702788449556	-0.770702788449556	-0.770702788449556	-0.770702788449556	-0.770702788449556	-0.770702788449556	-0.770702788449556	-0.770702788449556	-0.770702788449556	-0.770702788449556
0.24562649479088	0.507521355966034	-0.423743588038621	-0.423743588038621	-0.580840315865414	-0.580840315865415	-1.3117059906229	-0.709353400518894	0.200565205978334	-0.709806781964269	0.338864877479307	0.371974306998606	-0.804622598609087	0.511244905747443	0.855520106369289	1.08987018010019	1.04921539718381	0.100080950431706	-1.108933937054	0.379288608050398	-0.055732636446824	1.11816486100679	0.282693071777197	0.282693071777197	0.282693071777197	0.282693071777197	0.282693071777197	0.282693071777197	0.282693071777197	0.282693071777197	0.282693071777197	0.282693071777198	0.282693071777197	-0.41299104161126	-0.41299104161126	-0.41299104161126	-0.41299104161126	-0.41299104161126	-0.41299104161126	-0.41299104161126	-0.41299104161126	-0.41299104161126	-0.41299104161126	-0.41299104161126	-0.0047712285986046	-0.0047712285986046	-0.0047712285986046	-0.0047712285986046	-0.0047712285986046	-0.0047712285986046	-0.0047712285986046	-0.0047712285986046	-0.0047712285986046	-0.0047712285986046	-0.0047712285986046	0.949677429123721	1.63386271349298	1.59425353295971	1.12997896384567	0.832453795097941	0.017116036186962	1.93952167446108	0.917995200991343	1.36702867217007	1.2308865790376	1.66969308636823	-0.576374324881653	-0.63339571528213	-1.10048423051967	-0.822908387524585	-0.4772924160491	-0.477292416049102	0.0745408750544728	-1.23456921933475	-0.584148230208003	-0.204553434490165	-0.569271281333425	1.16441184383079	1.16441184383079	1.16441184383079	1.16441184383079	1.16441184383079	1.16441184383079	1.16441184383079	1.16441184383079	1.16441184383079	1.16441184383079	1.16441184383079	1.16441184383079	1.16441184383079
0.638700503758291	0.773199075042901	0.812202419631813	0.812202419631813	0.624771467930382	0.624771467930382	2.13270561939778	1.21991541751666	1.40755260994206	0.753408213510036	0.634457219523449	1.05934587162895	0.980536676533302	0.924458174033422	0.0993761386381515	-0.131174472866431	0.254149359036671	1.03344129152215	1.41775878063229	1.01694749551589	-0.387579819249232	-0.369477530517889	-0.192358335473848	-0.192358335473848	-0.192358335473848	-0.192358335473848	-0.192358335473848	-0.192358335473848	-0.192358335473848	-0.192358335473848	-0.192358335473848	-0.192358335473847	-0.192358335473848	0.950134148020315	0.950134148020315	0.950134148020315	0.950134148020315	0.950134148020315	0.950134148020315	0.950134148020315	0.950134148020315	0.950134148020315	0.950134148020315	0.950134148020315	0.00502148661236647	0.00502148661236647	0.00502148661236647	0.00502148661236647	0.00502148661236647	0.00502148661236647	0.00502148661236647	0.00502148661236647	0.00502148661236647	0.0050214866123664	0.00502148661236647	0.643515357340618	0.452705712513866	-0.319314247383898	0.345281824216743	1.78199833773483	0.755027586909101	0.592802499039321	0.252212845192152	-0.0189817897743339	-0.281561367666529	-0.623225582945304	0.970469205612785	0.662308602961576	1.2867059049537	0.665162650272944	1.03752552242834	1.03752552242834	1.08296473674023	1.05006988135106	0.790604735469694	1.21942941667072	0.943917379348412	1.05265419858181	1.05265419858181	1.05265419858181	1.05265419858181	1.05265419858181	1.05265419858181	1.05265419858181	1.05265419858181	1.05265419858181	1.05265419858181	1.05265419858181	1.05265419858181	1.05265419858181
-0.440348458263219	0.0776903314534232	-1.1460077259494	-1.1460077259494	-1.22287909471703	-1.22287909471703	-0.430358386933978	-1.61711146004687	-0.910220375789716	-0.364307647724793	-0.796091683158567	1.45998975739673	1.14930473765778	0.744584424589001	-0.690196120303079	-0.951842302484014	-0.948532030321557	-0.825153754956108	-1.02355614485148	0.198560592391152	-0.201277358507327	-0.938559657253727	-1.51067475267972	-1.51067475267972	-1.51067475267972	-1.51067475267972	-1.51067475267972	-1.51067475267972	-1.51067475267972	-1.51067475267972	-1.51067475267972	-1.51067475267972	-1.51067475267972	0.189355437687241	0.189355437687241	0.189355437687241	0.189355437687241	0.189355437687241	0.189355437687241	0.189355437687241	0.189355437687241	0.189355437687241	0.18935543768724	0.189355437687241	0.934564611030637	0.934564611030637	0.934564611030637	0.934564611030637	0.934564611030637	0.934564611030637	0.934564611030637	0.934564611030637	0.934564611030637	0.934564611030636	0.934564611030637	-0.15586390913391	0.78592145894584	-0.267109186440252	0.563865973444671	0.396638344620022	-1.03935727119756	0.378512779277844	0.185587081096524	-0.423810962119388	0.385564981087403	-0.971140863422108	-1.47890254506842	-1.03770895383582	-0.916019453670926	-1.3282972981039	-1.54074955609725	-1.54074955609725	-0.983183920026178	-1.49713299134985	-1.26856993366972	-1.44281837756403	-1.29879633386419	0.736161406998364	0.736161406998364	0.736161406998364	0.736161406998364	0.736161406998364	0.736161406998364	0.736161406998364	0.736161406998364	0.736161406998364	0.736161406998364	0.736161406998364	0.736161406998364	0.736161406998364
0.235791988194621	1.22979471856067	1.10573868554201	1.10573868554201	0.445757900042537	0.445757900042536	0.849940324829165	-0.545462672907974	0.622519861711996	0.201257973334447	1.26615596938399	0.406366504176044	-0.231902146267633	-0.115389399194276	-0.922530606537282	-0.898917755905159	-0.663245882922724	-0.334804517066143	-0.120180226393833	0.425836976717996	-0.540752073524796	-0.664282251293496	1.17972157005988	1.17972157005988	1.17972157005988	1.17972157005988	1.17972157005988	1.17972157005988	1.17972157005988	1.17972157005988	1.17972157005988	1.17972157005988	1.17972157005988	-1.00982860318849	-1.00982860318849	-1.00982860318849	-1.00982860318849	-1.00982860318849	-1.00982860318849	-1.00982860318849	-1.00982860318849	-1.00982860318849	-1.00982860318849	-1.00982860318849	-0.74044897038729	-0.74044897038729	-0.74044897038729	-0.74044897038729	-0.74044897038729	-0.74044897038729	-0.74044897038729	-0.74044897038729	-0.74044897038729	-0.74044897038729	-0.74044897038729	0.913855384922934	0.682087065526174	1.77997601136621	0.985634579457909	0.542365261336929	0.608864631066078	0.206724826277051	0.981599139636758	0.50770264480292	1.02118604394618	1.13806387123153	0.299490311311856	0.0258173139220202	0.279258017337433	0.81292004959435	0.476307772243683	0.476307772243683	-0.84841393374127	-0.193191519139989	-0.306810566036559	0.031863714118359	0.300500654353511	-1.01556498713345	-1.01556498713345	-1.01556498713345	-1.01556498713345	-1.01556498713345	-1.01556498713345	-1.01556498713345	-1.01556498713345	-1.01556498713345	-1.01556498713345	-1.01556498713345	-1.01556498713345	-1.01556498713345
1.40289395151183	0.173910416254678	0.276541195663792	0.276541195663792	-0.681711203826436	-0.681711203826436	0.0229948258644671	0.0733485628049478	-0.589702355273122	0.929574662320699	0.0881377939627332	-0.32905514400855	-0.756499446888333	0.498618894895476	0.671060517754164	0.312506246729185	0.0646756441910628	-0.535710695375471	-1.59204929565375	-1.39938960716351	-0.964628084834695	0.210581669166552	1.57653554930991	1.57653554930991	1.57653554930991	1.57653554930991	1.57653554930991	1.57653554930991	1.57653554930991	1.57653554930991	1.57653554930991	1.57653554930991	1.57653554930991	1.81763372600255	1.81763372600255	1.81763372600255	1.81763372600255	1.81763372600255	1.81763372600255	1.81763372600255	1.81763372600255	1.81763372600255	1.81763372600254	1.81763372600255	0.73773850475253	0.73773850475253	0.73773850475253	0.73773850475253	0.73773850475253	0.73773850475253	0.73773850475253	0.73773850475253	0.73773850475253	0.73773850475253	0.73773850475253	0.593431551590558	0.102275426218053	0.149805648868878	0.715544609843832	-0.0813223674811921	-0.856383510969835	0.838031309126814	-0.931519154231903	-0.949887049583326	0.00846226137456851	-0.843922923115197	0.110732817810934	0.406587472895777	0.296217263340452	-0.488016247983438	-0.386658706985025	-0.386658706985025	0.192465929157925	-0.359674015969035	-0.544090686902291	0.85371496466759	0.883018136785242	0.857131616684859	0.857131616684859	0.857131616684859	0.857131616684859	0.857131616684859	0.857131616684859	0.857131616684859	0.857131616684859	0.857131616684859	0.857131616684859	0.857131616684859	0.857131616684859	0.857131616684859
-0.954293081732389	-1.01142592981977	0.969360507069492	0.969360507069492	0.151843641614848	0.151843641614848	-1.06080215044969	-1.38456783117232	0.0639677052040663	-1.68642904037913	-0.666879718085757	-2.49355488579881	-1.7779501405423	-1.34495674844202	-0.873791447027226	0.85705415590813	0.616485241547888	1.19574926380017	0.157806101963838	-1.04118465245515	-1.0203378733815	-0.314969493972839	1.38724174927555	1.38724174927555	1.38724174927555	1.38724174927555	1.38724174927555	1.38724174927555	1.38724174927555	1.38724174927555	1.38724174927555	1.38724174927555	1.38724174927555	0.143238428522522	0.143238428522522	0.143238428522522	0.143238428522522	0.143238428522522	0.143238428522522	0.143238428522522	0.143238428522522	0.143238428522522	0.143238428522522	0.143238428522522	-1.26063456895898	-1.26063456895898	-1.26063456895898	-1.26063456895898	-1.26063456895898	-1.26063456895898	-1.26063456895898	-1.26063456895898	-1.26063456895898	-1.26063456895898	-1.26063456895898	-0.747215710603503	0.225870692397399	-1.79118766752013	-0.539810821837857	-0.641057260714692	-0.430467299846673	-0.107161128145037	-1.37425336104705	0.0168901194618512	-0.906849883394487	-1.52080451682244	0.185899646623917	0.0820348586388789	-0.404018802366089	0.378846192628381	-0.0128031990220815	-0.0128031990220811	-0.364838079781231	0.51318315565689	0.137881329332962	0.0691923934065218	-0.400922411925551	0.994319562106133	0.994319562106133	0.994319562106133	0.994319562106133	0.994319562106133	0.994319562106133	0.994319562106133	0.994319562106133	0.994319562106133	0.994319562106133	0.994319562106133	0.994319562106134	0.994319562106133
0.677110874553561	0.831973129979191	1.53501550380621	1.53501550380621	0.545991696216074	0.545991696216074	0.191096617847229	-0.0132794813315005	0.189021057926483	0.910513518706622	0.0811006969992919	-0.771182184382729	-1.39829122968891	-1.87090640004623	-0.705412512159579	-1.13870755446803	0.0399827892502323	-0.949827473095495	-0.0758353472468973	-0.908332307556168	-0.0842191715688674	-1.11933550178317	-0.731540669214652	-0.731540669214652	-0.731540669214652	-0.731540669214652	-0.731540669214652	-0.731540669214652	-0.731540669214652	-0.731540669214652	-0.731540669214652	-0.731540669214652	-0.731540669214652	0.382966419521684	0.382966419521684	0.382966419521684	0.382966419521684	0.382966419521684	0.382966419521684	0.382966419521684	0.382966419521684	0.382966419521684	0.382966419521684	0.382966419521684	0.701935591186131	0.701935591186131	0.701935591186131	0.701935591186131	0.701935591186131	0.701935591186131	0.701935591186131	0.701935591186131	0.701935591186131	0.701935591186132	0.701935591186131	0.0915438181134419	0.524386572484022	1.44469168577255	1.0360685388029	0.0227088584160474	-0.516534137421022	-0.108746475563624	1.8037335662759	1.19512945355376	0.735990347777962	1.30164760709153	0.32321524495159	0.495548803547245	0.0051730525233605	-0.00678787326364198	-0.0320576115501626	-0.0320576115501626	0.434167336400145	0.513850671271371	0.867038742130979	-0.491427182567397	-0.520275845198089	0.153518495423535	0.153518495423535	0.153518495423535	0.153518495423535	0.153518495423535	0.153518495423535	0.153518495423535	0.153518495423535	0.153518495423535	0.153518495423535	0.153518495423535	0.153518495423535	0.153518495423535
-0.345650334891532	-0.846123051397154	-0.566207066750746	-0.566207066750746	-0.750080172431923	-0.750080172431923	-0.967292374245497	-0.607730837187556	-0.0512494386505529	-1.29089365285903	-0.0712521723677101	-0.318403909710913	-1.24331414888945	-1.64725749598231	-0.771563078111323	-1.26423617567124	-1.00439915099016	0.23784226696392	0.266219301579516	-0.132726006663497	0.376287592328956	0.722148039788305	0.132144954249728	0.132144954249728	0.132144954249728	0.132144954249728	0.132144954249728	0.132144954249728	0.132144954249728	0.132144954249728	0.132144954249728	0.132144954249729	0.132144954249728	-1.20713087832785	-1.20713087832785	-1.20713087832785	-1.20713087832785	-1.20713087832785	-1.20713087832785	-1.20713087832785	-1.20713087832785	-1.20713087832785	-1.20713087832785	-1.20713087832785	0.737136784390658	0.737136784390658	0.737136784390658	0.737136784390658	0.737136784390658	0.737136784390658	0.737136784390658	0.737136784390658	0.737136784390658	0.737136784390658	0.737136784390658	1.24318640852543	0.431800723436132	0.154060420873368	0.564328941178097	1.91643551435727	1.1408057534039	0.252303372149321	0.48037963484964	0.275653824916346	1.07226262701074	-0.276589204633315	1.21399358583286	1.04822060528732	1.02785305038402	1.75549836542968	2.15598114528647	2.15598114528647	0.983531334669464	1.59193860024752	1.2470423562778	0.609775367138976	0.645171786161495	-0.510261550656576	-0.510261550656576	-0.510261550656576	-0.510261550656576	-0.510261550656576	-0.510261550656576	-0.510261550656576	-0.510261550656576	-0.510261550656576	-0.510261550656576	-0.510261550656576	-0.510261550656576	-0.510261550656576
-1.3267912664323	-1.86177249269836	0.651646718414992	0.651646718414992	0.725854881895711	0.725854881895712	-0.278451910554745	1.05188724680819	-0.603383214574196	-0.756047827595108	-1.0964352921891	-1.5424983337539	-0.907517840159663	-0.972110264801921	0.978947548705012	-0.384000771734457	-1.84258991158358	-1.50524010694853	0.194320758932143	0.185413447064731	1.29093138791656	1.83353311185156	1.89032942237506	1.89032942237506	1.89032942237506	1.89032942237506	1.89032942237506	1.89032942237506	1.89032942237506	1.89032942237506	1.89032942237506	1.89032942237506	1.89032942237506	-1.66459609536494	-1.66459609536494	-1.66459609536494	-1.66459609536494	-1.66459609536494	-1.66459609536494	-1.66459609536494	-1.66459609536494	-1.66459609536494	-1.66459609536494	-1.66459609536494	0.701168335486338	0.701168335486338	0.701168335486338	0.701168335486338	0.701168335486338	0.701168335486338	0.701168335486338	0.701168335486338	0.701168335486338	0.701168335486338	0.701168335486338	0.26694891235973	0.384861157223097	1.70487165830411	0.257059804998362	0.98218527722589	2.29417625961092	-0.264738947047501	1.90724233826668	2.66541614705757	-0.64406217496938	2.79873275255135	-1.5674206001685	-1.3061299115001	-0.646459423533826	-2.05087568079508	-2.35566653485954	-2.35566653485954	-0.582308624067078	-1.15197728813452	-1.17991809093115	-1.15718092838927	-2.13366606241588	-1.6796986614735	-1.6796986614735	-1.6796986614735	-1.6796986614735	-1.6796986614735	-1.6796986614735	-1.6796986614735	-1.6796986614735	-1.6796986614735	-1.6796986614735	-1.6796986614735	-1.6796986614735	-1.6796986614735
-1.63676275486698	-1.29143772313981	-1.63282258865623	-1.63282258865623	-0.540466766218202	-0.540466766218202	0.389697592313692	-0.47869144582256	0.0542004135783467	-1.25014721370208	-0.774212917196838	0.11638834839116	-0.0897543376222684	-0.331768637606557	0.755293518392102	1.93289970916569	1.97029810194087	1.7405393623373	0.86458914843734	1.21454554852304	0.960856718377058	0.88453768188315	-0.176079608371433	-0.176079608371433	-0.176079608371433	-0.176079608371433	-0.176079608371433	-0.176079608371433	-0.176079608371433	-0.176079608371433	-0.176079608371433	-0.176079608371433	-0.176079608371433	0.00926994457108169	0.00926994457108169	0.00926994457108169	0.00926994457108169	0.00926994457108169	0.00926994457108169	0.00926994457108169	0.00926994457108169	0.00926994457108169	0.00926994457108169	0.00926994457108169	-0.759340609813567	-0.759340609813567	-0.759340609813567	-0.759340609813567	-0.759340609813567	-0.759340609813567	-0.759340609813567	-0.759340609813567	-0.759340609813567	-0.759340609813567	-0.759340609813567	0.582773598488332	0.846452777009943	-0.0227005239645314	-0.566913987298546	-0.764388455425657	-0.338890884424474	0.620542155217554	0.28692998293593	-0.892436805221118	-0.0649669703710653	-0.682688781008608	-2.1230216509879	-1.95322673432619	-2.93526341764668	-1.95377095911082	-2.31736957506255	-2.31736957506255	-2.84372132329011	-2.04158999597433	-1.85887381130696	-3.38130324548795	-2.73315158899337	-1.02233017721297	-1.02233017721297	-1.02233017721297	-1.02233017721297	-1.02233017721297	-1.02233017721297	-1.02233017721297	-1.02233017721297	-1.02233017721297	-1.02233017721297	-1.02233017721297	-1.02233017721297	-1.02233017721297
-1.71886690855845	-0.724537697249489	-0.615447681120401	-0.615447681120401	-0.874129767803793	-0.874129767803792	-0.775469602134671	-0.222502298488458	-2.12027608398809	-0.0452994631306338	-1.61308300203007	0.570748113107964	0.376923402827215	0.898553609950236	-1.10561343363024	-0.834338353181809	-0.653971639267555	-0.632587829678983	-0.844228470781685	-0.355747084986913	-1.1665096481294	-1.23127214394742	-1.35112984707865	-1.35112984707865	-1.35112984707865	-1.35112984707865	-1.35112984707865	-1.35112984707865	-1.35112984707865	-1.35112984707865	-1.35112984707865	-1.35112984707865	-1.35112984707865	-1.65638348474918	-1.65638348474918	-1.65638348474918	-1.65638348474918	-1.65638348474918	-1.65638348474918	-1.65638348474918	-1.65638348474918	-1.65638348474918	-1.65638348474918	-1.65638348474918	1.75924688578366	1.75924688578366	1.75924688578366	1.75924688578366	1.75924688578366	1.75924688578366	1.75924688578366	1.75924688578366	1.75924688578366	1.75924688578366	1.75924688578366	0.13084020902249	-0.0645440934289523	-1.46678641843133	1.04637589898141	0.588777081735226	-0.910253716369379	1.49209601465921	-2.85934500352816	-1.59160973273796	-0.170545643529035	-1.7160324712304	0.889868200929691	0.771648927083899	0.443552448665089	1.44615198278615	0.771640188380739	0.77164018838074	1.09062314895843	0.36778973567561	0.440791463696692	0.816146198506294	0.868597998039687	-1.47316121071994	-1.47316121071994	-1.47316121071994	-1.47316121071994	-1.47316121071994	-1.47316121071994	-1.47316121071994	-1.47316121071994	-1.47316121071994	-1.47316121071994	-1.47316121071994	-1.47316121071994	-1.47316121071994
0.392308840855087	0.770495422729581	0.150857918695672	0.150857918695672	0.957623964409179	0.957623964409179	0.721712574451516	0.755570301018232	0.871293987214685	0.182662293821326	-0.237878329315018	1.47862678377818	0.90087983710864	1.25883265133776	-1.21093936608339	-0.298657696660145	0.194378226475468	-0.279971186134704	-0.163442353931476	0.230077070564378	-1.91955200995809	-2.39714059185539	-0.06125120953177	-0.06125120953177	-0.06125120953177	-0.0612512095317701	-0.06125120953177	-0.0612512095317701	-0.0612512095317701	-0.0612512095317701	-0.06125120953177	-0.06125120953177	-0.06125120953177	1.79752067016535	1.79752067016535	1.79752067016535	1.79752067016535	1.79752067016535	1.79752067016535	1.79752067016535	1.79752067016535	1.79752067016535	1.79752067016535	1.79752067016535	-0.883353172302919	-0.883353172302919	-0.883353172302919	-0.883353172302919	-0.883353172302919	-0.883353172302919	-0.883353172302919	-0.883353172302919	-0.883353172302919	-0.883353172302919	-0.883353172302919	2.08286723046049	1.70677284913651	-0.996055493533629	0.446656068284798	0.681919710743207	2.22745919392119	1.72199066912545	-0.00852250840643994	1.19396726374347	0.691742563407068	0.627168607292983	-0.496940239921059	-0.274823963401376	0.243456528214901	0.00352296719709685	0.315968645035365	0.315968645035365	-0.863497771511034	-0.295037028642329	-0.670583005488537	-1.52666370153173	-1.35720104318009	-2.11074895549489	-2.11074895549489	-2.11074895549489	-2.11074895549489	-2.11074895549489	-2.11074895549489	-2.11074895549489	-2.11074895549489	-2.11074895549489	-2.11074895549489	-2.11074895549489	-2.11074895549489	-2.11074895549489
0.310943115793945	-0.686854570870418	0.201495037601182	0.201495037601182	-0.126750190121577	-0.126750190121578	-0.970836844089318	-0.114598588864244	0.0827248026817136	-0.129803471416377	0.272869657887737	0.851746508304725	-0.613861917342893	-0.412797345547885	0.0123712124550701	0.396708341343568	0.636302830600464	1.32281399829789	1.03961440330839	1.30721293908439	-0.381690258482558	0.354728605202361	-1.10306154660284	-1.10306154660284	-1.10306154660284	-1.10306154660284	-1.10306154660284	-1.10306154660284	-1.10306154660284	-1.10306154660284	-1.10306154660284	-1.10306154660284	-1.10306154660284	-0.576219979949881	-0.576219979949881	-0.576219979949881	-0.576219979949881	-0.576219979949881	-0.576219979949881	-0.576219979949881	-0.576219979949881	-0.576219979949881	-0.576219979949881	-0.576219979949881	-0.63260585532488	-0.63260585532488	-0.63260585532488	-0.63260585532488	-0.63260585532488	-0.63260585532488	-0.63260585532488	-0.63260585532488	-0.63260585532488	-0.63260585532488	-0.63260585532488	-0.634290719550703	-0.260935882298539	-0.84169749892796	-1.41093364354905	-0.87800806988412	0.751092625823803	-1.11231631605107	0.187515454535461	-0.953954465714937	-1.72551473276492	-0.776455114382059	-0.251868515301778	-0.195579531573158	-0.0963666879833394	-0.345901258783749	-0.38426199243969	-0.38426199243969	0.555462626053381	-0.423437444763962	0.0453919513271857	-0.876895803090292	-0.676881418726763	-0.103468257902571	-0.103468257902571	-0.103468257902571	-0.103468257902571	-0.103468257902571	-0.103468257902571	-0.103468257902571	-0.103468257902571	-0.103468257902571	-0.103468257902571	-0.103468257902571	-0.103468257902571	-0.103468257902571
1.36607085897239	0.149580235854784	1.03189135004674	1.03189135004674	-0.325714450578506	-0.325714450578507	-0.54070849378416	-0.0652520769407633	0.596333866253354	0.660387883291704	1.22827086712254	-0.408604967135595	-0.81992714545224	-0.113367349201223	0.304275304285647	-1.26840321989825	-0.105770842902062	-0.707177902968289	-0.113725733627103	-0.192511183647377	0.896695829511899	0.235259233173638	-1.16606720729293	-1.16606720729293	-1.16606720729293	-1.16606720729293	-1.16606720729293	-1.16606720729293	-1.16606720729293	-1.16606720729293	-1.16606720729293	-1.16606720729293	-1.16606720729293	1.21391061525994	1.21391061525994	1.21391061525994	1.21391061525994	1.21391061525994	1.21391061525994	1.21391061525994	1.21391061525994	1.21391061525994	1.21391061525994	1.21391061525994	-0.0920108045540798	-0.0920108045540798	-0.0920108045540798	-0.0920108045540798	-0.0920108045540798	-0.0920108045540798	-0.0920108045540798	-0.0920108045540798	-0.0920108045540798	-0.0920108045540799	-0.0920108045540798	0.230400719892941	-1.4154128491307	0.0692765565494633	0.112095461302191	-0.0462338065471946	-0.661241801796927	-0.955034910603411	-0.465111667047369	-1.18580168824287	0.907017227557063	-0.799764203109238	-0.595190088507216	-0.306428235096123	-0.813382279966793	-0.874621910752516	-0.711945175596159	-0.711945175596159	0.0648078468754564	-0.803571790607515	-0.54147310399948	-0.296153975622051	-0.219441791268068	-0.460142841399311	-0.460142841399311	-0.460142841399311	-0.460142841399311	-0.460142841399311	-0.460142841399311	-0.460142841399311	-0.460142841399311	-0.460142841399311	-0.460142841399311	-0.460142841399311	-0.460142841399311	-0.460142841399311
0.234510565210412	0.253581347315897	-1.24746705906774	-1.24746705906774	-1.54632609999495	-1.54632609999495	-2.09252891359212	-1.7424396672643	-1.06319661647004	-0.561368035833925	0.569246245668138	1.20057928200336	0.714215457483778	-0.153120615930632	1.17190654514028	0.263681481941224	-1.01990080124822	-1.73331439885294	-1.93453767245892	-1.16241679380525	1.01658145007072	2.00431514981162	-1.9535682670191	-1.9535682670191	-1.9535682670191	-1.9535682670191	-1.9535682670191	-1.9535682670191	-1.9535682670191	-1.9535682670191	-1.9535682670191	-1.9535682670191	-1.9535682670191	2.10137972033218	2.10137972033218	2.10137972033218	2.10137972033218	2.10137972033218	2.10137972033218	2.10137972033218	2.10137972033218	2.10137972033218	2.10137972033218	2.10137972033218	0.312084974037281	0.312084974037281	0.312084974037281	0.312084974037281	0.312084974037281	0.312084974037281	0.312084974037281	0.312084974037281	0.312084974037281	0.312084974037281	0.312084974037281	-0.91521480597435	-1.31220031710705	-1.23799657061373	-1.06066045901143	-0.970184464929587	-0.557226803644125	-0.44441597571278	-0.0356824299228046	-0.892345834618963	-1.10130193563998	-0.106858390870049	-0.0966473987478807	-0.439699813175447	-0.218601180405645	-0.168732305146762	-0.125274959256019	-0.125274959256019	0.239746135062322	0.264909721273099	0.710487404766519	0.186024399189547	0.270903028801747	-0.892025594426596	-0.892025594426596	-0.892025594426596	-0.892025594426596	-0.892025594426596	-0.892025594426596	-0.892025594426596	-0.892025594426596	-0.892025594426596	-0.892025594426596	-0.892025594426596	-0.892025594426596	-0.892025594426596
0.721566819303558	-0.184393259417749	-0.315268005095953	-0.315268005095953	-0.472093004247139	-0.472093004247139	-1.50852349184423	-0.888120938004922	0.172008901124889	-0.329260357498092	0.711187734726406	0.933716975053388	1.37106826885315	0.593981285897173	-0.274558507006766	0.648454903470354	-0.947243619314408	-0.0220649338467477	-0.416231891391339	0.345785874540282	-0.198276673640201	-0.293545872393373	-0.768885909321749	-0.768885909321749	-0.768885909321749	-0.768885909321749	-0.768885909321749	-0.768885909321749	-0.768885909321749	-0.768885909321749	-0.768885909321749	-0.768885909321749	-0.768885909321749	1.07917173001354	1.07917173001354	1.07917173001354	1.07917173001354	1.07917173001354	1.07917173001354	1.07917173001354	1.07917173001354	1.07917173001354	1.07917173001354	1.07917173001354	-0.0546877780495326	-0.0546877780495326	-0.0546877780495326	-0.0546877780495326	-0.0546877780495326	-0.0546877780495326	-0.0546877780495326	-0.0546877780495326	-0.0546877780495326	-0.0546877780495326	-0.0546877780495326	0.365005366580027	-0.348783608634335	0.0536421043744523	1.23267502105795	-1.18386424251177	-0.939821275184654	0.982723908395312	0.532008283312276	0.712480994330788	-0.918663285981314	1.29188412165528	-1.55703367606106	-1.79510522229914	-0.165254225482311	-1.65316790735357	0.318891891654361	0.318891891654361	-0.202949315665108	-0.639802385592834	-0.258005810900692	-0.593674399869398	-0.36327655523176	-0.125468516980269	-0.125468516980269	-0.125468516980269	-0.125468516980269	-0.125468516980269	-0.125468516980269	-0.125468516980269	-0.125468516980269	-0.125468516980269	-0.125468516980269	-0.125468516980269	-0.125468516980269	-0.125468516980269
2.00663544600888	2.13476635668355	0.458759192008325	0.458759192008324	-0.191761716146316	-0.191761716146316	0.782026695149659	0.175219092687925	1.2056447950374	2.19738696584939	2.65686494731681	0.618747340314873	0.638965604553575	1.11607196032538	0.30255796060408	0.73483270549039	1.21080350499294	0.531629681578642	0.00113495048833227	1.22692757350555	1.38395656076023	1.51295997575441	2.58757502420621	2.58757502420621	2.58757502420621	2.58757502420621	2.58757502420621	2.58757502420621	2.58757502420621	2.58757502420621	2.58757502420621	2.58757502420621	2.58757502420621	-0.459056390412049	-0.459056390412049	-0.459056390412049	-0.459056390412049	-0.459056390412049	-0.459056390412049	-0.459056390412049	-0.459056390412049	-0.459056390412049	-0.459056390412049	-0.459056390412049	0.130825261916165	0.130825261916165	0.130825261916165	0.130825261916165	0.130825261916165	0.130825261916165	0.130825261916165	0.130825261916165	0.130825261916165	0.130825261916165	0.130825261916165	-0.357869715905985	0.157750432697844	-2.57078942658001	-1.36671824605551	-0.203192650236702	1.01594162976689	-0.693163366280091	-0.359368525077605	-0.24517467642217	-1.21877859128537	-1.55514782601089	0.246748362955738	-0.0152783867466578	-0.0632091072779576	0.299430563321992	-0.176312533092354	-0.176312533092353	0.370999878987804	0.177423109082287	-0.0429947663808976	0.359860575302598	0.527776488414379	0.663893773697407	0.663893773697407	0.663893773697407	0.663893773697407	0.663893773697407	0.663893773697407	0.663893773697407	0.663893773697407	0.663893773697407	0.663893773697407	0.663893773697407	0.663893773697407	0.663893773697407
-0.135939522605822	-0.199992351309781	0.913319226686894	0.913319226686894	0.4560367162246	0.4560367162246	0.295215890038628	0.847716168145714	0.311339398264981	0.771684532610738	-0.216555909573928	-1.18456784749089	-0.530030412706882	-0.598758459760943	0.627735169239379	-0.525607121126181	0.0206100074562639	-0.89406877204591	0.957675409787854	0.586121620784542	0.925810014174345	0.0342651523369093	0.988493955896122	0.988493955896122	0.988493955896122	0.988493955896122	0.988493955896122	0.988493955896122	0.988493955896122	0.988493955896122	0.988493955896122	0.988493955896122	0.988493955896122	0.454047970302596	0.454047970302596	0.454047970302596	0.454047970302596	0.454047970302596	0.454047970302596	0.454047970302596	0.454047970302596	0.454047970302596	0.454047970302596	0.454047970302596	-0.964537624075936	-0.964537624075936	-0.964537624075936	-0.964537624075936	-0.964537624075936	-0.964537624075936	-0.964537624075936	-0.964537624075936	-0.964537624075936	-0.964537624075936	-0.964537624075936	-0.680124068865683	-1.2791650242097	-1.10180481574753	-0.0301525492698616	-0.757275736915342	-1.0641897940925	-0.971382803783268	-0.740311789372301	-1.28801203258213	-0.679606266286072	-1.33513025080348	0.844250911253597	0.818283878009646	0.704409639951379	1.0188729326417	0.975795463511395	0.975795463511395	-0.373244842250121	0.984374585396316	0.806565009672525	1.61901669050944	1.63611720566092	-0.108895659603901	-0.108895659603901	-0.108895659603901	-0.108895659603901	-0.108895659603901	-0.108895659603901	-0.108895659603901	-0.108895659603901	-0.108895659603901	-0.108895659603901	-0.108895659603901	-0.108895659603901	-0.108895659603901
-0.655288916743527	-0.205767727690611	-1.34434886332523	-1.34434886332523	-1.53404197517341	-1.53404197517341	-1.18876538776124	-1.16084038701523	-1.89429137384619	-1.13854200577893	-0.420655775632657	0.97219226003231	1.07833580045739	0.2252821945607	1.78090036388462	0.403064830323894	7.231151649814e-05	-1.35235421249294	-0.571154388529313	0.179172966508037	2.05842674487205	1.53366928203953	-1.16789279400036	-1.16789279400036	-1.16789279400036	-1.16789279400036	-1.16789279400036	-1.16789279400036	-1.16789279400036	-1.16789279400036	-1.16789279400036	-1.16789279400036	-1.16789279400036	0.613784794027371	0.613784794027371	0.613784794027371	0.613784794027371	0.613784794027371	0.613784794027371	0.613784794027371	0.613784794027371	0.613784794027371	0.613784794027372	0.613784794027371	0.625814057477617	0.625814057477617	0.625814057477617	0.625814057477617	0.625814057477617	0.625814057477617	0.625814057477617	0.625814057477617	0.625814057477617	0.625814057477617	0.625814057477617	0.197065078576555	0.426806102045337	1.22619391067404	-0.0928029784776104	-0.224508930993564	0.670708783693359	-0.135345234475196	0.568550989424	0.627786573032442	0.128762035389876	1.0380459456714	-0.731659141288488	-0.568365156007644	-0.182610643208552	-0.651567707075403	-0.299593675275845	-0.299593675275845	-0.84639884434868	0.0309793844831751	0.158087214975592	0.312787306414562	0.189960418840624	-0.17550964069692	-0.17550964069692	-0.17550964069692	-0.17550964069692	-0.17550964069692	-0.17550964069692	-0.17550964069692	-0.17550964069692	-0.17550964069692	-0.17550964069692	-0.17550964069692	-0.17550964069692	-0.17550964069692
0.0275600655541983	0.0464653881298415	0.495724863711005	0.495724863711005	1.04653053086315	1.04653053086315	1.01215416017386	0.70890562687307	0.386747333371216	1.08508205183565	0.0593287484350484	-1.3721626610002	-1.32519648549228	-0.52202498400707	0.485313883955312	2.40690971892722	1.28399579183106	1.50860108081182	-0.747183561897344	-0.378747547589561	-0.516375555841736	0.605933641752451	-0.474480286167358	-0.474480286167358	-0.474480286167358	-0.474480286167358	-0.474480286167358	-0.474480286167358	-0.474480286167358	-0.474480286167358	-0.474480286167358	-0.474480286167358	-0.474480286167358	-1.00794223892644	-1.00794223892644	-1.00794223892644	-1.00794223892644	-1.00794223892644	-1.00794223892644	-1.00794223892644	-1.00794223892644	-1.00794223892644	-1.00794223892644	-1.00794223892644	0.211430915778714	0.211430915778714	0.211430915778714	0.211430915778714	0.211430915778714	0.211430915778714	0.211430915778714	0.211430915778714	0.211430915778714	0.211430915778714	0.211430915778714	0.306026653250592	1.04387953768001	0.317529144994464	-0.0695746127639836	-0.121343051601452	-0.131657919207366	1.565850528248	0.301188216137973	0.757672807841834	0.0540363250990628	0.974618993966145	0.486972906029394	0.591520069799256	0.882706062968234	0.652079725093631	1.23699737510823	1.23699737510823	-0.458697550912948	0.288641456435374	0.343824440428742	0.114447095473348	0.999825397093206	-1.42582996534161	-1.42582996534161	-1.42582996534161	-1.42582996534161	-1.42582996534161	-1.42582996534161	-1.42582996534161	-1.42582996534161	-1.42582996534161	-1.42582996534161	-1.42582996534161	-1.42582996534161	-1.42582996534161
0.0157524649132618	0.808751681134543	0.32282454074642	0.32282454074642	1.36739703473806	1.36739703473806	0.668258393093515	1.32931466465825	0.275788493398314	0.512225883474969	0.0312648652793887	-0.449157911772175	-0.043582973105357	0.425642918724753	-1.074876416979	-1.94115222945285	-0.640337484071349	-0.614148498051061	-0.400506738030002	-0.943734989656762	0.18522919018556	-0.963955531571347	-0.366974937271852	-0.366974937271852	-0.366974937271852	-0.366974937271852	-0.366974937271852	-0.366974937271852	-0.366974937271852	-0.366974937271852	-0.366974937271852	-0.366974937271852	-0.366974937271852	0.929421788615579	0.929421788615579	0.929421788615579	0.929421788615579	0.929421788615579	0.929421788615579	0.929421788615579	0.929421788615579	0.929421788615579	0.929421788615579	0.929421788615579	0.131554388662334	0.131554388662334	0.131554388662334	0.131554388662334	0.131554388662334	0.131554388662334	0.131554388662334	0.131554388662334	0.131554388662334	0.131554388662334	0.131554388662334	1.56208979356147	1.70490752829675	0.16517474463806	-0.267088067840648	0.782702311852026	1.90296242528626	1.60043508401143	0.761910277553708	1.1973146220937	0.0355708544276685	0.934105237349461	-0.787550302672806	-0.732154087117554	-1.10733052066131	-0.775070893170094	-0.553777463027773	-0.553777463027774	0.448876066800739	-1.69152297709295	-0.731123768842657	-0.793231735543398	-0.735604876595657	2.03961272660517	2.03961272660517	2.03961272660517	2.03961272660517	2.03961272660517	2.03961272660517	2.03961272660517	2.03961272660517	2.03961272660517	2.03961272660517	2.03961272660517	2.03961272660517	2.03961272660517
-2.15790690916608	-0.846402778797286	-1.95694586423679	-1.95694586423679	-2.90550383027223	-2.90550383027223	-1.46033326232522	-2.89221215154087	-2.48655479259065	-1.50627118760001	-1.11515060432088	-0.371739295150664	0.624325439706837	1.29798018245012	0.576378738401483	0.497826790006574	0.504906976303663	0.131307218523393	0.539217924102737	0.586406610748661	0.381333181114473	0.284232654011505	0.112786391624555	0.112786391624555	0.112786391624555	0.112786391624555	0.112786391624555	0.112786391624555	0.112786391624555	0.112786391624555	0.112786391624555	0.112786391624555	0.112786391624555	-0.349592551967931	-0.349592551967931	-0.349592551967931	-0.349592551967931	-0.349592551967931	-0.349592551967931	-0.349592551967931	-0.349592551967931	-0.349592551967931	-0.349592551967931	-0.349592551967931	-0.140432999615675	-0.140432999615675	-0.140432999615675	-0.140432999615675	-0.140432999615675	-0.140432999615675	-0.140432999615675	-0.140432999615675	-0.140432999615675	-0.140432999615675	-0.140432999615675	1.16042490141657	1.22353461634054	0.92011309977043	2.2640592572067	1.64100678391798	-0.601790537695684	1.4088011350816	1.21889704163503	1.03964289820559	1.75271432710579	0.621852767198063	1.2905264551482	1.39695616289227	1.85006384769346	1.18847211330413	1.40287350140615	1.40287350140615	1.78393042327991	0.836313218836113	1.14393144002947	1.36100109489857	0.758592466328902	-0.171615852082432	-0.171615852082432	-0.171615852082432	-0.171615852082432	-0.171615852082432	-0.171615852082432	-0.171615852082432	-0.171615852082432	-0.171615852082432	-0.171615852082432	-0.171615852082432	-0.171615852082432	-0.171615852082432
-0.144115971108159	-0.691550411484192	-1.3061008775569	-1.3061008775569	-0.50728196925563	-0.507281969255631	-2.17126650558299	-1.46110308702131	-0.704203758586555	-2.00811177737819	1.04984422624909	-0.561353632687553	-0.84364700288291	-0.440455762419191	0.840244423718976	-0.192833681087624	-0.986403580381343	-1.14716548508557	-0.479162686422228	-0.236193067034025	-0.245566964812225	0.433504050878684	1.07733755854086	1.07733755854086	1.07733755854086	1.07733755854086	1.07733755854086	1.07733755854086	1.07733755854086	1.07733755854086	1.07733755854086	1.07733755854086	1.07733755854086	-1.88099863194064	-1.88099863194064	-1.88099863194064	-1.88099863194064	-1.88099863194064	-1.88099863194064	-1.88099863194064	-1.88099863194064	-1.88099863194064	-1.88099863194064	-1.88099863194064	-0.216541172234761	-0.216541172234761	-0.216541172234761	-0.216541172234761	-0.216541172234761	-0.216541172234761	-0.216541172234761	-0.216541172234761	-0.216541172234761	-0.216541172234761	-0.216541172234761	0.46662117294809	2.15125970137938	0.963981115840551	0.687287260619175	-1.34307476087102	0.0644082967982032	-0.100528412263863	2.57685658179515	2.45012418343938	0.302868243418675	1.34943894480641	-0.628106368687078	-0.366947124614744	0.460585898252028	-0.812567960592187	-0.566148284166932	-0.566148284166932	-0.920024980435234	-0.0675748942132481	-0.782830168176187	-0.891671767634403	-0.78658555926556	-0.958863803812321	-0.958863803812321	-0.958863803812321	-0.958863803812321	-0.958863803812321	-0.958863803812321	-0.958863803812321	-0.958863803812321	-0.958863803812321	-0.958863803812321	-0.958863803812321	-0.958863803812321	-0.958863803812321
0.953527751857041	0.285556172539219	0.980717744895985	0.980717744895985	0.118140376357601	0.118140376357601	0.778087755249689	-0.306177438126533	1.12280960632178	0.689040712706217	1.31859933836774	1.22612052997458	2.15646421970497	1.1007767231542	0.577337665435874	0.0648000384546615	-0.460828059759537	-0.814531368861327	0.635335504595376	2.18754416360251	2.55387780664783	0.578757105214506	0.0879391766234638	0.0879391766234638	0.0879391766234638	0.0879391766234639	0.0879391766234638	0.0879391766234639	0.0879391766234639	0.0879391766234639	0.0879391766234638	0.0879391766234639	0.0879391766234638	1.14612692785027	1.14612692785027	1.14612692785027	1.14612692785027	1.14612692785027	1.14612692785027	1.14612692785027	1.14612692785027	1.14612692785027	1.14612692785027	1.14612692785027	0.0690317184742457	0.0690317184742457	0.0690317184742457	0.0690317184742457	0.0690317184742457	0.0690317184742457	0.0690317184742457	0.0690317184742457	0.0690317184742457	0.0690317184742457	0.0690317184742457	0.785248788371201	0.135198040058324	0.625040846113009	-0.0137433043122628	0.25040015486376	0.892679726501137	0.010519270814587	1.64249928217162	0.697013611068103	0.453184726488048	1.27910273999359	-0.642005015128577	-0.726360398548029	-0.770171362316134	-1.16174350682916	-1.56797671872386	-1.56797671872386	-1.0304245549022	-0.633177217869619	-1.11892795357619	0.349891692986364	0.190152439325599	1.19785797342924	1.19785797342924	1.19785797342924	1.19785797342924	1.19785797342924	1.19785797342924	1.19785797342924	1.19785797342924	1.19785797342924	1.19785797342924	1.19785797342924	1.19785797342924	1.19785797342924
0.0397094882146742	0.521566313161435	0.687569805745678	0.687569805745678	2.10130869407142	2.10130869407142	0.308500585616469	1.42824329473084	1.07646413770737	-0.64429247149356	0.0805649836146257	-0.481435164447056	-0.315114796027905	0.930472218918224	1.47974254159742	0.0646308542109176	-0.776539188746218	-1.04844736434223	-1.11479062171833	0.147589006358936	0.950121694858571	1.01322826904615	-1.87053184508347	-1.87053184508347	-1.87053184508347	-1.87053184508347	-1.87053184508347	-1.87053184508347	-1.87053184508347	-1.87053184508347	-1.87053184508347	-1.87053184508347	-1.87053184508347	0.0150904767800711	0.0150904767800711	0.0150904767800711	0.0150904767800711	0.0150904767800711	0.0150904767800711	0.0150904767800711	0.0150904767800711	0.0150904767800711	0.0150904767800711	0.0150904767800711	0.968096588563759	0.968096588563759	0.968096588563759	0.968096588563759	0.968096588563759	0.968096588563759	0.968096588563759	0.968096588563759	0.968096588563759	0.968096588563759	0.968096588563759	-0.141940262049889	-0.41630727698826	-1.08287494461582	-0.135440616360799	1.15846562031901	-0.358683118013059	1.37327409778298	-1.53089005783473	0.149170487765423	0.0872573212425683	-0.314194941045477	0.0599609506674202	0.313907538018229	0.0272990570576415	-0.185824961466571	-0.243272195220157	-0.243272195220157	-0.687619369828855	0.641472166201587	0.649525919119591	0.155408744169725	0.58569953493515	0.919026980833488	0.919026980833488	0.919026980833488	0.919026980833488	0.919026980833488	0.919026980833488	0.919026980833488	0.919026980833488	0.919026980833488	0.919026980833489	0.919026980833488	0.919026980833489	0.919026980833488
1.1540863438129	0.810781103231001	-1.05085376587025	-1.05085376587025	0.762704398828073	0.762704398828074	1.13076692071198	0.830378088890389	1.16550722223568	1.34663808313018	0.699172631268551	1.48911108199881	0.521390646820218	0.773541069541094	1.54552655589438	1.00706402249276	1.14963217931381	-0.277174350581364	-0.600661260035423	1.18300276586717	1.3869567094775	2.14673325725463	0.632242336590766	0.632242336590766	0.632242336590766	0.632242336590766	0.632242336590766	0.632242336590766	0.632242336590766	0.632242336590766	0.632242336590766	0.632242336590766	0.632242336590766	-1.19730923970464	-1.19730923970464	-1.19730923970464	-1.19730923970464	-1.19730923970464	-1.19730923970464	-1.19730923970464	-1.19730923970464	-1.19730923970464	-1.19730923970464	-1.19730923970464	2.16173644564525	2.16173644564525	2.16173644564525	2.16173644564525	2.16173644564525	2.16173644564525	2.16173644564525	2.16173644564525	2.16173644564525	2.16173644564525	2.16173644564525	1.50067192593001	1.18470019669893	0.547240097395959	0.0645644338256101	0.290157873826948	1.02725820529113	0.80978715509375	1.47756222557251	1.1579464953865	1.02819861153806	1.00855986184914	-0.86489254180869	-1.65222747957152	-2.3579397654023	-0.617486714884179	-0.829938758041719	-0.829938758041719	-0.751488831482735	-0.386046772482959	0.246699912241343	-1.04029078229052	-1.00528949288588	0.833162670090984	0.833162670090984	0.833162670090984	0.833162670090984	0.833162670090984	0.833162670090984	0.833162670090984	0.833162670090984	0.833162670090984	0.833162670090984	0.833162670090984	0.833162670090984	0.833162670090984
-1.52606257483885	-0.916342516052457	0.566093108014884	0.566093108014885	-0.00659781711944626	-0.00659781711944667	-0.884911255954486	-0.440646157770628	-0.702171157528763	-1.92713873109752	-1.58145768350292	-2.13621033595726	-1.12075862943103	-0.903874885987706	0.888812430648168	-0.956818467349121	-1.42181529419293	-0.870737166260002	-0.28771581002066	-1.807429934262	0.802785553120803	1.09225082482101	0.308293699623146	0.308293699623146	0.308293699623146	0.308293699623146	0.308293699623146	0.308293699623146	0.308293699623146	0.308293699623146	0.308293699623146	0.308293699623146	0.308293699623146	0.152033346955392	0.152033346955392	0.152033346955392	0.152033346955392	0.152033346955392	0.152033346955392	0.152033346955392	0.152033346955392	0.152033346955392	0.152033346955392	0.152033346955392	-0.652548335575243	-0.652548335575243	-0.652548335575243	-0.652548335575243	-0.652548335575243	-0.652548335575243	-0.652548335575243	-0.652548335575243	-0.652548335575243	-0.652548335575243	-0.652548335575243	-0.834355840086043	1.02584790291002	-0.264344041113448	-0.687102337806339	0.170351837551104	-0.197796410713976	0.524678500164506	-0.833861980393933	0.603830937206469	-0.332224413273721	-0.497597175887527	0.775171592283931	0.173501446965183	-0.494813193855323	0.410545411832761	0.00137374421911061	0.00137374421911032	0.285007235573465	0.319654112550609	0.12945024160263	1.44552050502798	0.874610614040427	-1.85891613756609	-1.85891613756609	-1.85891613756609	-1.85891613756609	-1.85891613756609	-1.85891613756609	-1.85891613756609	-1.85891613756609	-1.85891613756609	-1.85891613756609	-1.85891613756609	-1.8589161375661	-1.85891613756609
0.0570763929692484	-0.481708403146275	0.83534969591395	0.83534969591395	0.0855341494696376	0.0855341494696377	1.61983718829363	0.98506292371426	-0.0850110072300331	1.42687329126845	0.639450181574819	1.27723411432335	1.04087844253125	0.908562392490131	-0.154912837571321	-0.211184103938641	-0.366962281349332	-0.843121750570891	0.0245033736779079	0.581097943806812	-0.991884118189716	-1.27062797373906	-0.445536545443446	-0.445536545443446	-0.445536545443446	-0.445536545443447	-0.445536545443446	-0.445536545443447	-0.445536545443447	-0.445536545443447	-0.445536545443446	-0.445536545443446	-0.445536545443446	0.999012775479796	0.999012775479796	0.999012775479796	0.999012775479796	0.999012775479796	0.999012775479796	0.999012775479796	0.999012775479796	0.999012775479796	0.999012775479796	0.999012775479796	1.28410390428568	1.28410390428568	1.28410390428568	1.28410390428568	1.28410390428568	1.28410390428568	1.28410390428568	1.28410390428568	1.28410390428568	1.28410390428568	1.28410390428568	0.147979370536804	0.136301301137245	1.84299158621937	0.246339987535608	0.273677223930558	1.08746979550064	-0.692875053950675	0.607490502320706	0.558782411161008	0.684328253104779	1.356978114937	-0.147986403354532	-0.491321367049651	-0.38921426256859	-0.178727928905622	-0.219263118556621	-0.219263118556622	-0.200374520017417	-0.164449636841982	-0.11428372228473	0.00731424696299931	-0.247522170064759	-0.0790068538155041	-0.0790068538155041	-0.0790068538155041	-0.0790068538155041	-0.0790068538155041	-0.0790068538155041	-0.0790068538155041	-0.0790068538155041	-0.0790068538155041	-0.0790068538155041	-0.0790068538155041	-0.0790068538155041	-0.0790068538155041
-0.280730080904893	-1.78586685789167	0.173965138003081	0.173965138003081	-0.244691003005645	-0.244691003005645	-0.154262898573335	0.265307830491068	0.238176847540698	0.149174539167683	-0.133125651175818	-1.85445407217122	-1.85253090471497	-0.831698265689733	0.250416197988428	0.39229437969207	1.00787125586102	3.3462432617938	2.17299198015901	0.570954573198445	0.102111534301919	0.657515374410326	0.0533233690384005	0.0533233690384005	0.0533233690384005	0.0533233690384005	0.0533233690384005	0.0533233690384005	0.0533233690384005	0.0533233690384005	0.0533233690384005	0.0533233690384005	0.0533233690384005	0.0526821286253741	0.0526821286253741	0.0526821286253741	0.0526821286253741	0.0526821286253741	0.0526821286253741	0.0526821286253741	0.0526821286253741	0.0526821286253741	0.0526821286253741	0.0526821286253741	-1.30516416971126	-1.30516416971126	-1.30516416971126	-1.30516416971126	-1.30516416971126	-1.30516416971126	-1.30516416971126	-1.30516416971126	-1.30516416971126	-1.30516416971126	-1.30516416971126	0.441226337709401	0.0241101937789366	0.967158895494685	-0.521009669364191	0.512101504792223	0.694122875313156	0.147426293810541	-0.297605913376084	-0.308407391089999	0.580387240589663	0.247597094792814	2.11692713624666	1.53791657905915	1.00018054030258	1.809773167127	0.454558733508691	0.454558733508691	1.74988330123468	1.19367400722595	1.07273179408191	0.812937434596655	0.605111934918976	0.0385078055005087	0.0385078055005087	0.0385078055005087	0.0385078055005087	0.0385078055005087	0.0385078055005087	0.0385078055005087	0.0385078055005087	0.0385078055005087	0.0385078055005087	0.0385078055005087	0.0385078055005086	0.0385078055005087
0.312605979713155	1.09109316235845	0.833188777390491	0.833188777390491	1.53594743116049	1.53594743116049	0.300779680119248	0.201359935257194	1.1373644273878	-0.00960402908565599	0.284529047009782	0.180845192362971	-0.439354193896226	0.647985219508345	1.80715338568788	1.95693983962629	0.879303217311628	0.309905139340481	-2.347689043995	-1.6362908687786	-0.748976740593686	1.09451101717652	-0.216051177617784	-0.216051177617784	-0.216051177617784	-0.216051177617784	-0.216051177617784	-0.216051177617784	-0.216051177617784	-0.216051177617784	-0.216051177617784	-0.216051177617784	-0.216051177617784	0.835130596462975	0.835130596462975	0.835130596462975	0.835130596462975	0.835130596462975	0.835130596462975	0.835130596462975	0.835130596462975	0.835130596462975	0.835130596462975	0.835130596462975	0.32916111505716	0.32916111505716	0.32916111505716	0.32916111505716	0.32916111505716	0.32916111505716	0.32916111505716	0.32916111505716	0.32916111505716	0.32916111505716	0.32916111505716	2.10916651738801	0.669704622690966	-0.769258261679416	0.604797173056074	0.879785123749353	1.16775093577463	0.618579381016572	-0.529466449792513	-0.645170885189662	1.79261034004805	-0.986134739568582	0.457492145586245	0.267565047258536	1.08153342361859	0.578320352223034	1.06027141051619	1.06027141051619	0.308277065453492	1.15881704096087	0.525284463916639	1.1378203622881	1.349729549377	-1.47277806313043	-1.47277806313043	-1.47277806313043	-1.47277806313043	-1.47277806313043	-1.47277806313043	-1.47277806313043	-1.47277806313043	-1.47277806313043	-1.47277806313043	-1.47277806313043	-1.47277806313043	-1.47277806313043
0.783131290750251	0.76671540017634	-0.773791241894582	-0.773791241894582	-1.136646765311	-1.136646765311	-0.336838029964456	-0.64121936845472	-0.695857867690967	0.825992470252552	1.35382538348675	0.937239953843882	1.99677247065888	0.984817145340117	-1.44782484613144	-2.50932416437899	-2.09196088943899	-1.71669508779724	0.244954053339642	-0.153563898804716	-0.490611383374282	-2.17867244337052	0.0152140546576627	0.0152140546576627	0.0152140546576627	0.0152140546576627	0.0152140546576627	0.0152140546576627	0.0152140546576627	0.0152140546576627	0.0152140546576627	0.0152140546576627	0.0152140546576627	1.38606332383835	1.38606332383835	1.38606332383835	1.38606332383835	1.38606332383835	1.38606332383835	1.38606332383835	1.38606332383835	1.38606332383835	1.38606332383835	1.38606332383835	-2.21979615341748	-2.21979615341748	-2.21979615341748	-2.21979615341748	-2.21979615341748	-2.21979615341748	-2.21979615341748	-2.21979615341748	-2.21979615341748	-2.21979615341748	-2.21979615341748	-0.194841082993717	-0.553294770584425	1.24271675384296	0.743010704037162	-0.849023137677714	-0.916252692390106	-1.27056517092251	0.396865121669323	-0.949678909936501	0.391558943919708	-0.208903409021822	-1.83988059339722	-2.15945350635174	-2.06975932294317	-1.59422681085759	-1.73533387852925	-1.73533387852925	-1.7414312490626	-2.00811719928756	-2.33613266038383	-1.32549960239572	-1.39755869311863	0.744335654887678	0.744335654887678	0.744335654887678	0.744335654887678	0.744335654887678	0.744335654887678	0.744335654887678	0.744335654887678	0.744335654887678	0.744335654887679	0.744335654887678	0.744335654887679	0.744335654887678
0.0900366472330955	0.408352216029574	-0.827900122679249	-0.827900122679249	-0.245736386878397	-0.245736386878396	-0.220791603294754	0.173561471581591	-0.38162109089574	-0.162184423601849	0.0336336915286307	0.324761866616674	1.17643523026909	1.06469135986629	-0.438267339337996	-0.0111099170440264	-0.25384749672806	0.43099268236535	0.580629359134012	0.491514744945169	0.00118785130440745	-0.661486787060109	0.860879404802805	0.860879404802805	0.860879404802805	0.860879404802805	0.860879404802805	0.860879404802805	0.860879404802805	0.860879404802805	0.860879404802805	0.860879404802805	0.860879404802805	-0.0868102850090413	-0.0868102850090413	-0.0868102850090413	-0.0868102850090413	-0.0868102850090413	-0.0868102850090413	-0.0868102850090413	-0.0868102850090413	-0.0868102850090413	-0.0868102850090413	-0.0868102850090413	1.04806229870009	1.04806229870009	1.04806229870009	1.04806229870009	1.04806229870009	1.04806229870009	1.04806229870009	1.04806229870009	1.04806229870009	1.04806229870009	1.04806229870009	-0.40253304208896	0.352020734080078	1.79556080464262	0.278495449995323	-0.118143842807723	-0.0126120038982906	0.192287704634077	0.795794118890199	0.564048372334329	0.0355007279714658	1.62497096080104	1.48045171479557	1.59860149157066	1.3273309774488	1.43484810582659	0.749734983576874	0.749734983576874	0.152221488680718	0.189191391906928	-0.223787330840294	1.31636479266982	0.777648890537098	0.0723519861067142	0.0723519861067142	0.0723519861067142	0.0723519861067142	0.0723519861067142	0.0723519861067142	0.0723519861067142	0.0723519861067142	0.0723519861067142	0.0723519861067143	0.0723519861067142	0.0723519861067142	0.0723519861067142
1.11079485058141	0.345894700979907	1.42291788099017	1.42291788099017	0.995121029347516	0.995121029347515	-0.897455189625463	-0.316658997854624	1.10780044926073	-0.10029558220487	1.3633850740308	0.117663051687098	0.168732924798263	-0.463341664752425	-1.69299266893583	-1.35988657566353	-0.820755154478852	-0.385253272100796	-0.433651887188945	-1.56084118065767	-1.09423235001272	-1.85051016331431	-2.57628275745837	-2.57628275745837	-2.57628275745837	-2.57628275745837	-2.57628275745837	-2.57628275745837	-2.57628275745837	-2.57628275745837	-2.57628275745837	-2.57628275745837	-2.57628275745837	-0.551326203911401	-0.551326203911401	-0.551326203911401	-0.551326203911401	-0.551326203911401	-0.551326203911401	-0.551326203911401	-0.551326203911401	-0.551326203911401	-0.551326203911401	-0.551326203911401	-1.2204528649022	-1.2204528649022	-1.2204528649022	-1.2204528649022	-1.2204528649022	-1.2204528649022	-1.2204528649022	-1.2204528649022	-1.2204528649022	-1.2204528649022	-1.2204528649022	-1.89841879800574	-0.226615186555806	0.212863751055846	-3.76948502004535	-1.21261894831955	1.13785677033881	-2.32051572600285	0.971003374727098	-0.74056263331491	-2.07844654219977	-0.484912333753629	-0.4224454343001	-0.377296535186567	-0.50935713762691	-0.0251203772747496	-0.404880706771538	-0.404880706771538	-0.78476706274042	-0.314334236522168	-0.394210417531877	-0.73941525429802	-0.104398077590816	0.28590184618645	0.28590184618645	0.28590184618645	0.28590184618645	0.28590184618645	0.28590184618645	0.28590184618645	0.28590184618645	0.28590184618645	0.28590184618645	0.28590184618645	0.28590184618645	0.28590184618645
-0.87681730626767	0.0683955107303603	-2.61041013008035	-2.61041013008035	-1.86334784597967	-1.86334784597967	-0.0791921148365833	-0.587778048012991	-1.06515979706468	-0.0695116541030527	-0.217304612926136	0.205031699866941	-0.189958272298324	-0.38531139185926	-1.52802978437048	0.401224040876542	0.0997163251511597	1.22594140940809	1.27122038810774	1.4903386755943	-1.22440566265774	-0.943436434213853	-0.340750021787431	-0.340750021787431	-0.340750021787431	-0.340750021787431	-0.340750021787431	-0.340750021787431	-0.340750021787431	-0.340750021787431	-0.340750021787431	-0.340750021787431	-0.340750021787431	0.640154185532581	0.640154185532581	0.640154185532581	0.640154185532581	0.640154185532581	0.640154185532581	0.640154185532581	0.640154185532581	0.640154185532581	0.640154185532581	0.640154185532581	-0.886817088203079	-0.886817088203079	-0.886817088203079	-0.886817088203079	-0.886817088203079	-0.886817088203079	-0.886817088203079	-0.886817088203079	-0.886817088203079	-0.886817088203079	-0.886817088203079	1.16328689868991	1.93819285739786	-0.350490567871602	0.668163835451384	2.43688628634767	1.82008580964825	1.50229478672346	-0.347461338472135	1.66673150893681	1.01120951325577	0.0765239057333052	0.00496311310493564	-0.997886787061747	-0.613236162559416	0.661652134125538	0.941235651121385	0.941235651121386	0.844602730323302	0.709543751163401	0.700728413831395	-0.0574877242353136	0.230066028463127	-0.842937547660312	-0.842937547660312	-0.842937547660312	-0.842937547660312	-0.842937547660312	-0.842937547660312	-0.842937547660312	-0.842937547660312	-0.842937547660312	-0.842937547660312	-0.842937547660312	-0.842937547660312	-0.842937547660312
-1.19404293286166	-2.32767802648663	0.183078551769749	0.183078551769749	-1.52247887683992	-1.52247887683992	-1.48036473109048	-1.39316933906408	-1.39430168385526	-0.0825427842652482	-0.930348656872811	0.278627224291803	-0.276549907687889	-1.02502214278887	1.96333530862257	-0.0271071374810377	0.334488302460996	-1.01048855476365	-0.206514660505025	-1.07068297917657	0.868573481243678	0.942147498097894	-1.74108017698667	-1.74108017698667	-1.74108017698667	-1.74108017698667	-1.74108017698667	-1.74108017698667	-1.74108017698667	-1.74108017698667	-1.74108017698667	-1.74108017698667	-1.74108017698667	0.497732799191324	0.497732799191324	0.497732799191324	0.497732799191324	0.497732799191324	0.497732799191324	0.497732799191324	0.497732799191324	0.497732799191324	0.497732799191323	0.497732799191324	-0.302352350593019	-0.302352350593019	-0.302352350593019	-0.302352350593019	-0.302352350593019	-0.302352350593019	-0.302352350593019	-0.302352350593019	-0.302352350593019	-0.302352350593019	-0.302352350593019	0.56045047432851	1.86698614282164	0.292539230519909	1.72410347455618	0.343769629487427	0.142483920046452	1.35169444363667	1.44641490882948	1.58289304467314	-0.524453760158566	1.0651661561248	-0.0420033901339946	0.516355383137	0.971373884144195	-0.370158166406001	-0.139379549878928	-0.139379549878928	-0.31432836121296	-0.139973226392834	0.0423322884936284	0.0237054170513078	-0.0166277564595671	2.02711387276567	2.02711387276567	2.02711387276567	2.02711387276567	2.02711387276567	2.02711387276567	2.02711387276567	2.02711387276567	2.02711387276567	2.02711387276567	2.02711387276567	2.02711387276567	2.02711387276567
-0.976659887876329	-0.313264559927059	-1.11418813543523	-1.11418813543523	0.0103983111194551	0.0103983111194553	-0.526943024587793	-0.239989261659355	-0.873879140822178	-1.12254107347356	-1.16983454182041	-1.3440109203862	-0.817061668223945	-0.198309733695062	0.037629121829599	0.343161131067513	0.872570813145824	1.04317175503227	-0.033866973554152	-0.945107361930143	-0.191800830921842	-0.0216991816128785	1.35610473870702	1.35610473870702	1.35610473870702	1.35610473870702	1.35610473870702	1.35610473870702	1.35610473870702	1.35610473870702	1.35610473870702	1.35610473870702	1.35610473870702	0.578303707002655	0.578303707002655	0.578303707002655	0.578303707002655	0.578303707002655	0.578303707002655	0.578303707002655	0.578303707002655	0.578303707002655	0.578303707002655	0.578303707002655	-1.37362092945009	-1.37362092945009	-1.37362092945009	-1.37362092945009	-1.37362092945009	-1.37362092945009	-1.37362092945009	-1.37362092945009	-1.37362092945009	-1.37362092945009	-1.37362092945009	0.695602241115279	-0.146040371400141	-2.78153786811543	0.276222983838808	-0.0865883094950172	-0.500828701220185	1.01335368983628	-1.06494688695286	-1.59407477197052	-1.11656544424754	-2.12304162778994	-1.06005339501363	-0.497908380102464	0.0113757083363623	-0.692418823956426	-0.402678881052419	-0.40267888105242	-1.53484793921825	-0.990724079779591	-1.31212758674049	-0.41357402255602	-1.068676150389	-0.174460907025628	-0.174460907025628	-0.174460907025628	-0.174460907025628	-0.174460907025628	-0.174460907025628	-0.174460907025628	-0.174460907025628	-0.174460907025628	-0.174460907025628	-0.174460907025628	-0.174460907025628	-0.174460907025628
0.6677086420712	0.574729031478849	-0.74349015787747	-0.74349015787747	0.002293505952349	0.00229350595234941	0.475441257049279	-0.330363903805054	-0.145967364999835	1.2274461966611	1.04009033880972	0.558809434213862	0.00975637482133871	0.783078919524344	-0.202234075028613	-0.513151506801804	-0.949831482065727	-1.45981237953082	-1.39553400314047	0.554427363329725	-0.129573169194522	-0.374417402618547	-0.314328373053554	-0.314328373053554	-0.314328373053554	-0.314328373053554	-0.314328373053554	-0.314328373053554	-0.314328373053554	-0.314328373053554	-0.314328373053554	-0.314328373053554	-0.314328373053554	-0.592409360625117	-0.592409360625117	-0.592409360625117	-0.592409360625117	-0.592409360625117	-0.592409360625117	-0.592409360625117	-0.592409360625117	-0.592409360625117	-0.592409360625117	-0.592409360625117	1.35665230312492	1.35665230312492	1.35665230312492	1.35665230312492	1.35665230312492	1.35665230312492	1.35665230312492	1.35665230312492	1.35665230312492	1.35665230312492	1.35665230312492	-2.5692584307095	0.522876768293174	-0.210826767356937	-2.24994317286757	-1.00684656342748	0.136943949877073	-2.29807578578644	0.889410044270749	0.695780285536811	-1.35384214049949	-0.497264478873584	0.610067526629792	0.551034683172623	0.917593008364963	0.371145485435966	0.712493061061121	0.712493061061122	0.648043882176198	1.22467809714058	1.17975148961613	0.890880395251223	1.28494326489256	0.421622935805933	0.421622935805933	0.421622935805933	0.421622935805933	0.421622935805933	0.421622935805933	0.421622935805933	0.421622935805933	0.421622935805933	0.421622935805933	0.421622935805933	0.421622935805933	0.421622935805933
1.01982077574763	1.94180197808584	1.1041541398174	1.1041541398174	0.919363768827245	0.919363768827244	0.798183582648132	-0.128626562221879	0.520050468508572	0.0274696652236623	0.312272321978488	-1.37549927001821	-0.840393831902686	-1.99217702829734	-0.844387873381174	-0.498317287205944	-0.944545750072653	-0.156518566026053	0.605301251269921	-0.340961136943274	-0.401326549129935	-0.810986543486935	-0.80366694381044	-0.80366694381044	-0.80366694381044	-0.80366694381044	-0.80366694381044	-0.80366694381044	-0.80366694381044	-0.80366694381044	-0.80366694381044	-0.80366694381044	-0.80366694381044	0.846023079109594	0.846023079109594	0.846023079109594	0.846023079109594	0.846023079109594	0.846023079109594	0.846023079109594	0.846023079109594	0.846023079109594	0.846023079109594	0.846023079109594	-0.954664718810481	-0.954664718810481	-0.954664718810481	-0.954664718810481	-0.954664718810481	-0.954664718810481	-0.954664718810481	-0.954664718810481	-0.954664718810481	-0.954664718810481	-0.954664718810481	0.920388006367627	0.81194668184583	1.23733090564384	0.827007614536823	0.065713820214512	-0.694270751743483	0.581275521308415	0.986468059945646	0.607201319268521	1.63760254957143	0.566862687220965	-1.03433025770568	-1.08880214003744	-0.401946808880376	-1.60179596262728	-1.41291141101954	-1.41291141101954	-0.278833804079885	-0.841431248787479	-0.271698535202708	-0.545712671752429	-0.877041320752604	1.22909258348132	1.22909258348132	1.22909258348132	1.22909258348132	1.22909258348132	1.22909258348132	1.22909258348132	1.22909258348132	1.22909258348132	1.22909258348132	1.22909258348132	1.22909258348132	1.22909258348132
0.433308178211376	0.907930125877916	1.44145913615458	1.44145913615458	1.06864049249561	1.06864049249561	1.96410391536214	0.445585040463603	1.566250462761	1.31936707059462	0.799553530743527	-0.519105553022036	-1.40241750212807	-0.586338437405549	0.883677460721659	0.84377912923366	0.437572272335139	0.429218994304888	-1.16689063890246	-1.48323526880033	-0.593858431284575	1.18507492479305	0.952114597572785	0.952114597572785	0.952114597572785	0.952114597572785	0.952114597572785	0.952114597572785	0.952114597572785	0.952114597572785	0.952114597572785	0.952114597572785	0.952114597572785	0.736356890214849	0.736356890214849	0.736356890214849	0.736356890214849	0.736356890214849	0.736356890214849	0.736356890214849	0.736356890214849	0.736356890214849	0.736356890214849	0.736356890214849	0.419992885250501	0.419992885250501	0.419992885250501	0.419992885250501	0.419992885250501	0.419992885250501	0.419992885250501	0.419992885250501	0.419992885250501	0.419992885250501	0.419992885250501	0.553608288773465	0.93176999650086	0.434465148768921	0.636001112414977	1.12796665171666	1.77568440839278	-0.639678978599866	1.01232519995767	1.94154804413074	0.0967032324391184	0.530068234320998	0.477207945328559	0.257812574816198	0.0305534727386562	0.405541328627844	0.311123152526566	0.311123152526566	-0.137543596204261	0.23926558934208	0.512604980962267	-0.491038411230985	0.34186004093456	0.364317383931654	0.364317383931654	0.364317383931654	0.364317383931654	0.364317383931654	0.364317383931654	0.364317383931654	0.364317383931654	0.364317383931654	0.364317383931654	0.364317383931654	0.364317383931654	0.364317383931654
-1.39564490526174	0.316458751995337	-1.52177615140436	-1.52177615140436	-1.78337412695081	-1.78337412695081	-2.65816131227239	-3.41549713388176	-1.98613510439734	-2.86369994200776	-0.811952585678075	0.489244678470781	0.361755169649455	-0.193999829701443	1.54176344000681	2.19708874374165	1.74024769588199	0.765585776219379	0.0930984209133885	-0.119886743814883	-0.0941415182800466	0.548273039998293	0.159977801677688	0.159977801677688	0.159977801677688	0.159977801677688	0.159977801677688	0.159977801677688	0.159977801677688	0.159977801677688	0.159977801677688	0.159977801677688	0.159977801677688	0.924122359502277	0.924122359502277	0.924122359502277	0.924122359502277	0.924122359502277	0.924122359502277	0.924122359502277	0.924122359502277	0.924122359502277	0.924122359502277	0.924122359502277	-0.105221525034625	-0.105221525034625	-0.105221525034625	-0.105221525034625	-0.105221525034625	-0.105221525034625	-0.105221525034625	-0.105221525034625	-0.105221525034625	-0.105221525034625	-0.105221525034625	0.105503982446172	0.640125310478244	1.31804951233312	0.630964251791159	1.0560478002298	0.212466848879193	0.899477474257365	1.44940681263353	1.6854658864803	0.0962470763193333	1.78782664155884	-0.104363492962874	-0.297999485570258	-0.586324389264003	-0.0452805131182233	0.675740327539455	0.675740327539454	-0.901371937165625	0.10763761887545	-0.351487877589651	0.396937865102935	0.335168136309508	1.10632157743537	1.10632157743537	1.10632157743537	1.10632157743537	1.10632157743537	1.10632157743537	1.10632157743537	1.10632157743537	1.10632157743537	1.10632157743537	1.10632157743537	1.10632157743537	1.10632157743537
0.766573421840985	2.11913355238332	1.08644452894811	1.08644452894811	1.63988566885767	1.63988566885767	0.332488890399135	-0.0695740817079993	1.16220601904398	-0.587548690781609	0.255049731500791	-0.286469517131411	-0.651985149520936	-1.53062058795992	1.52704190798976	0.431958954205855	0.1094016262048	1.03035877226843	1.74544959235518	-0.118875923578107	-0.140198355431525	0.482590184622941	-0.685135573819325	-0.685135573819325	-0.685135573819325	-0.685135573819325	-0.685135573819325	-0.685135573819325	-0.685135573819325	-0.685135573819325	-0.685135573819325	-0.685135573819325	-0.685135573819325	1.87495182390716	1.87495182390716	1.87495182390716	1.87495182390716	1.87495182390716	1.87495182390716	1.87495182390716	1.87495182390716	1.87495182390716	1.87495182390716	1.87495182390716	0.555983121605776	0.555983121605776	0.555983121605776	0.555983121605776	0.555983121605776	0.555983121605776	0.555983121605776	0.555983121605776	0.555983121605776	0.555983121605776	0.555983121605776	-0.858853707383381	-0.417134341907089	-1.35601157891772	-1.05945265344913	-1.71722863407352	-1.08532907330476	-1.19386226695832	0.746703353537777	-0.984632655705057	-0.592796538462903	-1.07779720129646	0.341397831395111	0.686074031116995	0.783901015581828	0.0252336254410541	-0.349622558398821	-0.349622558398821	0.889635462322256	-0.28662029357567	0.335355062565394	0.544062080816934	0.486257371166879	0.648370761610341	0.648370761610341	0.648370761610341	0.648370761610341	0.648370761610341	0.648370761610341	0.648370761610341	0.648370761610341	0.648370761610341	0.648370761610342	0.648370761610341	0.648370761610342	0.648370761610341
0.750884295698922	1.09485154577452	0.81066272038772	0.81066272038772	1.10452085745771	1.10452085745771	1.05669043445475	0.729922185253864	1.04162249483185	0.887331975658794	0.939885315483083	-0.0424814356328709	-0.852427518811178	-1.10358415910866	-0.547514569000906	-0.60402517055377	-0.0256112602368914	0.558825001522926	0.6213015558779	-0.995750905184735	-1.35890847284057	-0.335999185561688	0.196311715258387	0.196311715258387	0.196311715258387	0.196311715258387	0.196311715258387	0.196311715258387	0.196311715258387	0.196311715258387	0.196311715258387	0.196311715258387	0.196311715258387	1.78786447058046	1.78786447058046	1.78786447058046	1.78786447058046	1.78786447058046	1.78786447058046	1.78786447058046	1.78786447058046	1.78786447058046	1.78786447058046	1.78786447058046	0.677713473891355	0.677713473891355	0.677713473891355	0.677713473891355	0.677713473891355	0.677713473891355	0.677713473891355	0.677713473891355	0.677713473891355	0.677713473891355	0.677713473891355	1.87650055309016	0.622257017811467	0.178236894651279	0.196246554921989	0.733669666576895	1.45523689516642	1.2186242124929	-0.526138236188966	-0.559458727667796	0.649358330442804	0.00926184335980003	-0.512726370136852	-0.301542941620884	-0.074627445749025	-0.882575916639732	-1.29258131361172	-1.29258131361172	-0.163710863717916	-0.165167694834436	-0.185803952691171	-0.255871107970766	-0.451456629941325	-0.307153701088338	-0.307153701088338	-0.307153701088338	-0.307153701088338	-0.307153701088338	-0.307153701088338	-0.307153701088338	-0.307153701088338	-0.307153701088338	-0.307153701088338	-0.307153701088338	-0.307153701088338	-0.307153701088338
0.124475525065249	-0.155106540050476	0.62517461618328	0.62517461618328	-0.579053998530542	-0.579053998530543	-1.09043848239099	-1.43050807935101	0.0924889796427203	-0.531263789946574	1.19641851790903	-1.05433780743708	-1.62183102768486	-0.560909287783995	-0.822884297457141	-0.196454410908692	-0.117562000394571	-0.290684985955095	-1.33051473674608	-1.13445301733857	-0.563253248460687	0.446737872145995	1.94559911520375	1.94559911520375	1.94559911520375	1.94559911520375	1.94559911520375	1.94559911520375	1.94559911520375	1.94559911520375	1.94559911520375	1.94559911520375	1.94559911520375	-0.395520951900515	-0.395520951900515	-0.395520951900515	-0.395520951900515	-0.395520951900515	-0.395520951900515	-0.395520951900515	-0.395520951900515	-0.395520951900515	-0.395520951900515	-0.395520951900515	-3.46538885180725	-3.46538885180725	-3.46538885180725	-3.46538885180725	-3.46538885180725	-3.46538885180725	-3.46538885180725	-3.46538885180725	-3.46538885180725	-3.46538885180725	-3.46538885180725	-0.168387561861446	-0.372869425294963	-0.276443481802585	0.0595175618961676	-1.7659383124211	-1.68605989230653	0.31537701517047	-0.386179228043337	-0.860089313545321	-0.401343488153662	-0.440781512095302	-0.758381350493169	-0.609532697457368	-1.01505391590585	-0.761333203908422	-0.390714051980261	-0.390714051980261	-0.33153444675451	-0.492073681912354	-0.248241550183706	-1.47782108279248	-1.27442551828668	0.437274451016482	0.437274451016482	0.437274451016482	0.437274451016482	0.437274451016482	0.437274451016482	0.437274451016482	0.437274451016482	0.437274451016482	0.437274451016482	0.437274451016482	0.437274451016482	0.437274451016482
0.637227530986097	-0.954308568181811	0.0310662134303784	0.0310662134303784	0.160000381139519	0.160000381139518	-0.938359465182972	-0.441680797772041	1.08848578383552	-0.778122869348678	2.04075068028168	0.136549148411361	0.158754856198227	2.65793803561332	0.93315623428257	0.783959513099998	-1.08316847996904	-1.1147027084745	-2.38340446853861	-0.878252519588784	-1.3949582923671	1.44349171419149	1.47641020505204	1.47641020505204	1.47641020505204	1.47641020505204	1.47641020505204	1.47641020505204	1.47641020505204	1.47641020505204	1.47641020505204	1.47641020505204	1.47641020505204	-0.40585808040301	-0.40585808040301	-0.40585808040301	-0.40585808040301	-0.40585808040301	-0.40585808040301	-0.40585808040301	-0.40585808040301	-0.40585808040301	-0.40585808040301	-0.40585808040301	0.917054165583279	0.917054165583279	0.917054165583279	0.917054165583279	0.917054165583279	0.917054165583279	0.917054165583279	0.917054165583279	0.917054165583279	0.917054165583279	0.917054165583279	-1.16680056023442	-0.898728514559406	-0.811885785523591	-1.00065975958381	-1.54206669277989	-0.85946790072894	-0.592448823187422	-0.279113388339748	-0.850113782810392	-1.16261203646268	-0.261006296830923	-0.320004956522027	-0.422113667697876	0.404517718080793	-0.884720112466084	-0.26313172325072	-0.263131723250721	0.65182655791598	0.325366630913278	0.447999226210507	0.838425672733479	0.424105244577638	-1.32015160125487	-1.32015160125487	-1.32015160125487	-1.32015160125487	-1.32015160125487	-1.32015160125487	-1.32015160125487	-1.32015160125487	-1.32015160125487	-1.32015160125486	-1.32015160125487	-1.32015160125487	-1.32015160125487
-0.120175530480472	-0.136003043861495	-1.06729346972425	-1.06729346972425	-0.876435319152618	-0.876435319152617	0.597600850132898	0.132174614926948	-0.431816238390141	0.667160809693817	-1.06319566326974	0.396049957173442	1.12029909013188	0.184139242752614	-0.398757187048377	1.35914862752332	1.58659903980391	2.50199964382848	1.79836540888676	0.811370507147146	0.449422803366442	0.63688109688913	-0.885024981401144	-0.885024981401144	-0.885024981401144	-0.885024981401144	-0.885024981401144	-0.885024981401144	-0.885024981401144	-0.885024981401144	-0.885024981401144	-0.885024981401144	-0.885024981401144	1.10847977332218	1.10847977332218	1.10847977332218	1.10847977332218	1.10847977332218	1.10847977332218	1.10847977332218	1.10847977332218	1.10847977332218	1.10847977332218	1.10847977332218	0.312659364835062	0.312659364835062	0.312659364835062	0.312659364835062	0.312659364835062	0.312659364835062	0.312659364835062	0.312659364835062	0.312659364835062	0.312659364835062	0.312659364835062	-0.335326540760911	0.35335056689009	0.331418621829837	-0.479998382503772	-0.911057393613402	0.186550761519323	-0.840595847680116	0.372293728048376	0.12627013921489	0.0955943908737311	0.0931801637094446	-0.172992365948473	0.0366488470696092	0.530100146399161	-0.521684451734325	-1.00269392045942	-1.00269392045942	-0.141215660293295	-0.111613740683735	-0.270821138341439	-0.115025379440555	-0.344759778304835	-0.353097262614116	-0.353097262614116	-0.353097262614116	-0.353097262614116	-0.353097262614116	-0.353097262614116	-0.353097262614116	-0.353097262614116	-0.353097262614116	-0.353097262614116	-0.353097262614116	-0.353097262614116	-0.353097262614116
0.0738296233605518	-0.209596066736951	0.137373166455036	0.137373166455036	0.56719283757366	0.567192837573661	0.536438142667543	1.47489757753887	0.455130720772046	1.31674046009097	0.101641724348571	0.414978532516565	0.376091539225379	-0.531317512545095	-1.06507403634112	-0.147469260399188	-1.13718526653137	-0.413892113314545	-0.645120894107011	-0.400029503812489	-1.02590410057772	-1.21400787217691	-0.52374414220775	-0.52374414220775	-0.52374414220775	-0.52374414220775	-0.52374414220775	-0.52374414220775	-0.52374414220775	-0.52374414220775	-0.52374414220775	-0.52374414220775	-0.52374414220775	0.407699985569847	0.407699985569847	0.407699985569847	0.407699985569847	0.407699985569847	0.407699985569847	0.407699985569847	0.407699985569847	0.407699985569847	0.407699985569847	0.407699985569847	-0.042959535705956	-0.042959535705956	-0.042959535705956	-0.042959535705956	-0.042959535705956	-0.042959535705956	-0.042959535705956	-0.042959535705956	-0.042959535705956	-0.0429595357059561	-0.042959535705956	0.160823346864873	0.324844597071743	-0.858046026082233	-0.0650425319628598	0.778221760301336	1.08195204599775	0.995940826185169	-1.8863346200377	-0.195819650757122	-1.14986885195259	-0.583415902415547	0.025216823124805	0.374835629368456	-0.256695690301669	0.26302890920945	-0.357577113804048	-0.357577113804048	-0.0772846984208815	-0.0140741398216281	-0.0603109253436099	0.0761608065643336	-0.00553128669070811	-0.503910836003986	-0.503910836003986	-0.503910836003986	-0.503910836003986	-0.503910836003986	-0.503910836003986	-0.503910836003986	-0.503910836003986	-0.503910836003986	-0.503910836003986	-0.503910836003986	-0.503910836003986	-0.503910836003986
1.07587922176426	-0.527308135167768	1.19637389763717	1.19637389763717	1.22260402962697	1.22260402962697	0.590361498430541	0.643136055046633	0.936396262330458	1.05373764645484	0.717640484019365	-0.74615474741815	0.65276778913872	-0.446343758834582	0.811744369853616	-0.135293294975626	-0.307629101784595	-1.16774391407339	0.852031441268499	-0.461273349106588	0.676843040091922	0.237819300058147	0.7024021681983	0.7024021681983	0.7024021681983	0.7024021681983	0.7024021681983	0.7024021681983	0.7024021681983	0.7024021681983	0.7024021681983	0.7024021681983	0.7024021681983	-1.11390248647488	-1.11390248647488	-1.11390248647488	-1.11390248647488	-1.11390248647488	-1.11390248647488	-1.11390248647488	-1.11390248647488	-1.11390248647488	-1.11390248647488	-1.11390248647488	-0.365983990760947	-0.365983990760947	-0.365983990760947	-0.365983990760947	-0.365983990760947	-0.365983990760947	-0.365983990760947	-0.365983990760947	-0.365983990760947	-0.365983990760947	-0.365983990760947	-1.78193593359822	-0.886212842214135	-1.89790266014353	-1.61326111168565	-0.750604527264602	-0.190634578869082	-1.63336588969765	-0.340093311885272	-0.312420428280249	-2.29482090693022	-1.5604872509625	-0.723504861054021	-0.353287823806457	-0.224497722803217	-0.791028279482928	-0.711963133102601	-0.711963133102601	-0.896958039618621	-0.69241433760709	-1.24768944544382	-0.00594866075708452	-0.182645954604208	-0.623499856931961	-0.623499856931961	-0.623499856931961	-0.623499856931961	-0.623499856931961	-0.623499856931961	-0.623499856931961	-0.623499856931961	-0.623499856931961	-0.623499856931962	-0.623499856931961	-0.623499856931962	-0.623499856931961
1.06071234680995	-0.64167521616749	0.122062337924684	0.122062337924684	0.319830046983376	0.319830046983376	-0.771955491777045	0.171262298639921	0.0808401002007235	0.0240132180694919	0.918880834170301	-0.640608289822244	-1.46403013255364	-0.608566927404576	0.30630271994508	0.0535737738013715	0.185804253322877	0.726934968733241	-0.423086522155045	-0.971271736104581	-1.08750490887274	-0.4901035246147	-0.747877004763251	-0.747877004763251	-0.747877004763251	-0.747877004763251	-0.747877004763251	-0.747877004763251	-0.747877004763251	-0.747877004763251	-0.747877004763251	-0.747877004763251	-0.747877004763251	1.04146930030787	1.04146930030787	1.04146930030787	1.04146930030787	1.04146930030787	1.04146930030787	1.04146930030787	1.04146930030787	1.04146930030787	1.04146930030787	1.04146930030787	0.306082142136428	0.306082142136428	0.306082142136428	0.306082142136428	0.306082142136428	0.306082142136428	0.306082142136428	0.306082142136428	0.306082142136428	0.306082142136428	0.306082142136428	0.738248984389851	-0.343936195270463	0.541900137244452	0.883234139864404	-1.62159383012163	-0.931406994296811	1.17022009974447	1.01695979465798	0.419399056627392	0.256497842457307	2.10276969598503	-0.924857585370657	-0.463898233180593	-0.00967752050837175	-1.06393737951986	-0.461215690284473	-0.461215690284473	-0.470277873403281	-0.469940863236228	-0.704297079611564	-0.0205895249001658	0.462722095725384	0.677991010858102	0.677991010858102	0.677991010858102	0.677991010858102	0.677991010858102	0.677991010858102	0.677991010858102	0.677991010858102	0.677991010858102	0.677991010858102	0.677991010858102	0.677991010858103	0.677991010858102
-1.06428806578132	-1.15397917976038	-1.15296725057731	-1.15296725057731	-1.73417926744995	-1.73417926744995	-0.248988566249307	-1.07826365011907	-1.39973436511618	-0.814244796615044	-1.40219369084373	-0.739988893535274	-0.403846317792687	-0.928140613035155	-1.10117069979857	-0.249559899038514	0.593795980378766	0.919500172020246	1.8029342236962	1.94382094629069	1.11285198956219	-0.259644460334459	0.991352896960114	0.991352896960114	0.991352896960114	0.991352896960114	0.991352896960114	0.991352896960114	0.991352896960114	0.991352896960114	0.991352896960114	0.991352896960115	0.991352896960114	-0.164805938706496	-0.164805938706496	-0.164805938706496	-0.164805938706496	-0.164805938706496	-0.164805938706496	-0.164805938706496	-0.164805938706496	-0.164805938706496	-0.164805938706496	-0.164805938706496	-0.361846487717076	-0.361846487717076	-0.361846487717076	-0.361846487717076	-0.361846487717076	-0.361846487717076	-0.361846487717076	-0.361846487717076	-0.361846487717076	-0.361846487717076	-0.361846487717076	0.776448670212216	1.19049980934315	-0.151413568510726	-0.291560395055864	0.94934825285487	1.62302713010744	0.282380691457314	-0.349661214834613	0.405898185563349	0.77086219648424	-0.255112434061877	0.864620898517306	0.75977999860223	1.16292074922563	0.686371500766084	0.623241535237525	0.623241535237525	-0.0814421164662719	0.683963032336012	0.390437055336244	1.28763557731219	1.23544868761971	0.791016015333554	0.791016015333554	0.791016015333554	0.791016015333554	0.791016015333554	0.791016015333554	0.791016015333554	0.791016015333554	0.791016015333554	0.791016015333555	0.791016015333554	0.791016015333555	0.791016015333554
-0.817365182525986	-0.0573098551755304	-0.866235355558048	-0.866235355558048	-0.865796951083444	-0.865796951083444	-0.289623122626664	-0.906979746547569	-0.838442651348294	-0.133218392199984	-0.862420795363741	0.672229659293598	0.702840643724161	0.507800444290006	0.055520262976201	0.843132414519488	1.26070055399998	0.696992579088687	0.137885065870936	-1.01341133052377	-2.03556401391473	-1.53764910665572	0.55045136638061	0.55045136638061	0.55045136638061	0.55045136638061	0.55045136638061	0.55045136638061	0.55045136638061	0.55045136638061	0.55045136638061	0.55045136638061	0.55045136638061	-2.53653592863365	-2.53653592863365	-2.53653592863365	-2.53653592863365	-2.53653592863365	-2.53653592863365	-2.53653592863365	-2.53653592863365	-2.53653592863365	-2.53653592863365	-2.53653592863365	1.46334571858423	1.46334571858423	1.46334571858423	1.46334571858423	1.46334571858423	1.46334571858423	1.46334571858423	1.46334571858423	1.46334571858423	1.46334571858423	1.46334571858423	-0.154043317574377	-0.726206673338733	0.0759003872318059	-0.288698182512131	-0.281254232653884	0.417340464477452	-1.08679263523521	-1.51785436117542	-0.764383732991868	0.412208227031693	-0.75827516888723	-1.27281884427871	-1.58540306194914	-0.808828286534763	-1.05702042920475	-0.480834545726171	-0.480834545726171	-0.398707911727068	-0.871050239616183	-0.499189297316615	-0.23665959149669	-0.122016239622243	1.41024098477295	1.41024098477295	1.41024098477295	1.41024098477295	1.41024098477295	1.41024098477295	1.41024098477295	1.41024098477295	1.41024098477295	1.41024098477295	1.41024098477295	1.41024098477295	1.41024098477295
-1.05418870326558	0.875368522343332	0.0953435399787253	0.0953435399787257	0.436216654520318	0.436216654520318	-0.287713344035942	0.00731370932328925	-0.419943226954203	-0.866315982768085	-1.21390448075956	-0.427047713779954	-1.13785263880099	-0.513170500414377	0.0593879557754832	-0.0172169213218531	1.10619600510292	0.642485183755099	-0.251332940487046	-0.919707085456472	-0.199139172944516	0.145709978444111	1.45497554734259	1.45497554734259	1.45497554734259	1.45497554734259	1.45497554734259	1.45497554734259	1.45497554734259	1.45497554734259	1.45497554734259	1.45497554734258	1.45497554734259	-0.0107101262246824	-0.0107101262246824	-0.0107101262246824	-0.0107101262246824	-0.0107101262246824	-0.0107101262246824	-0.0107101262246824	-0.0107101262246824	-0.0107101262246824	-0.0107101262246824	-0.0107101262246824	-0.647898171222282	-0.647898171222282	-0.647898171222282	-0.647898171222282	-0.647898171222282	-0.647898171222282	-0.647898171222282	-0.647898171222282	-0.647898171222282	-0.647898171222282	-0.647898171222282	0.637544562378562	2.26747993712342	1.56354881498084	-0.750621699708949	0.251942995358127	0.738523679349308	0.574901509216691	2.41349696553115	2.52887882954228	1.6807951615244	1.65667158427892	1.7996352171515	1.56714929636749	1.87890276056846	1.84812879379445	1.70699280210163	1.70699280210164	1.58962660835297	2.14173899705191	1.69823513907624	1.74034596847219	1.74298220047218	-0.658074197401567	-0.658074197401567	-0.658074197401567	-0.658074197401567	-0.658074197401567	-0.658074197401567	-0.658074197401567	-0.658074197401567	-0.658074197401567	-0.658074197401567	-0.658074197401567	-0.658074197401567	-0.658074197401567
-1.89172831334083	-2.0481899828898	-1.4969041758964	-1.4969041758964	-0.0488527837593045	-0.0488527837593046	-1.26942061089666	-0.66104866050001	-1.16954815951641	-2.05824783815148	-1.34548613121581	1.76091314606782	1.84812648588571	1.58190967453348	1.31619794177826	1.06685094360885	-0.541783206262313	-0.502819611193386	0.676599747507286	2.68526441799462	1.0040314944033	1.64335064478741	-1.46463825788531	-1.46463825788531	-1.46463825788531	-1.46463825788531	-1.46463825788531	-1.46463825788531	-1.46463825788531	-1.46463825788531	-1.46463825788531	-1.46463825788531	-1.46463825788531	-0.314829101422433	-0.314829101422433	-0.314829101422433	-0.314829101422433	-0.314829101422433	-0.314829101422433	-0.314829101422433	-0.314829101422433	-0.314829101422433	-0.314829101422433	-0.314829101422433	0.00238861513679273	0.00238861513679273	0.00238861513679273	0.00238861513679273	0.00238861513679273	0.00238861513679273	0.00238861513679273	0.00238861513679273	0.00238861513679273	0.00238861513679266	0.00238861513679273	1.05356674275233	-0.350986196479897	-0.636064655745837	1.36916674569783	-0.441637321009785	0.411761923640631	-0.298668451729501	0.964547635552199	0.298425532801427	-0.57344143021167	0.245802025500743	-0.493691053284265	-0.572153746411157	-0.359171721164988	-0.779988705872791	0.144477507532157	0.144477507532157	0.279204745080595	0.0108243865270054	-0.0772959055962825	0.408233540966641	0.652078923384864	-0.0847541190111229	-0.0847541190111229	-0.0847541190111229	-0.0847541190111229	-0.0847541190111229	-0.0847541190111229	-0.0847541190111229	-0.0847541190111229	-0.0847541190111229	-0.0847541190111228	-0.0847541190111229	-0.0847541190111228	-0.0847541190111229
0.350223403503106	0.0438131193569949	1.17055608156109	1.17055608156109	1.25647962497005	1.25647962497005	1.43044642572043	1.80946092043211	1.74384259092299	0.868485466086131	0.720073717969474	-0.108372262217876	0.61849971596275	1.14029311107926	1.00194336156649	0.349941118348633	0.63999678350064	0.232093806103297	0.81678602186222	0.308560110600234	-0.130165046397428	-0.729826541891764	0.175808418886528	0.175808418886528	0.175808418886528	0.175808418886528	0.175808418886528	0.175808418886528	0.175808418886528	0.175808418886528	0.175808418886528	0.175808418886528	0.175808418886528	-1.16611023896184	-1.16611023896184	-1.16611023896184	-1.16611023896184	-1.16611023896184	-1.16611023896184	-1.16611023896184	-1.16611023896184	-1.16611023896184	-1.16611023896184	-1.16611023896184	-0.522389828955981	-0.522389828955981	-0.522389828955981	-0.522389828955981	-0.522389828955981	-0.522389828955981	-0.522389828955981	-0.522389828955981	-0.522389828955981	-0.522389828955981	-0.522389828955981	-0.951906314084368	-0.264589952406057	0.00427800355672476	-1.23723815032315	-0.302123507194224	0.113023953374181	-1.20044730849318	1.38422770788186	0.202957885233106	-0.535242925561548	0.216064282859627	0.133564796351435	-0.0536991892323515	-0.0149447501597224	0.302810272792193	0.794589554968728	0.794589554968728	0.615009135880921	-0.126352913021254	-0.216363935199723	-0.437215895919368	-0.727607810800484	0.70141483832725	0.70141483832725	0.70141483832725	0.70141483832725	0.70141483832725	0.70141483832725	0.70141483832725	0.70141483832725	0.70141483832725	0.70141483832725	0.70141483832725	0.70141483832725	0.70141483832725
-0.411332728941662	-0.731813254335047	1.23446742039287	1.23446742039287	0.453311085863578	0.453311085863578	0.727532668874268	1.08485403988369	0.989280352478076	1.04059772359265	0.208032012883677	-0.532451770133988	-0.0775094997086707	0.401752046372232	0.0994617872748624	0.0545520840655234	-0.245952887313001	-0.825516477135577	-0.809561986466682	0.200731371235142	0.659092462125329	0.348695717332877	-0.559903313084197	-0.559903313084197	-0.559903313084197	-0.559903313084197	-0.559903313084197	-0.559903313084197	-0.559903313084197	-0.559903313084197	-0.559903313084197	-0.559903313084197	-0.559903313084197	-0.416810297775702	-0.416810297775702	-0.416810297775702	-0.416810297775702	-0.416810297775702	-0.416810297775702	-0.416810297775702	-0.416810297775702	-0.416810297775702	-0.416810297775702	-0.416810297775702	-0.736910165472302	-0.736910165472302	-0.736910165472302	-0.736910165472302	-0.736910165472302	-0.736910165472302	-0.736910165472302	-0.736910165472302	-0.736910165472302	-0.736910165472302	-0.736910165472302	-1.33680817855603	-0.844425186783452	-0.0954756501358703	0.278548249169263	0.564168701090447	-0.818167922778497	-1.14024927133255	0.274655117648773	0.113960389711428	-0.50349672254244	-0.418346455437742	2.23289027710548	2.15029848955175	1.86993740625365	1.74924095323296	1.62189965807214	1.62189965807214	2.05400501846553	1.44471652576889	1.25835183467957	2.5736736353576	2.28878779082144	0.908988276230086	0.908988276230086	0.908988276230086	0.908988276230086	0.908988276230086	0.908988276230086	0.908988276230086	0.908988276230086	0.908988276230086	0.908988276230086	0.908988276230086	0.908988276230086	0.908988276230086
-1.39761211608107	-0.594241045524462	0.151208280379691	0.15120828037969	-0.832201399151847	-0.832201399151847	-0.191954946814368	-1.04229428830273	-0.550225976196905	-0.612636739168966	-0.931023216768441	1.27630913420453	1.94660219253284	2.94307536155307	0.357745827229123	-0.181080136565001	-0.994416039192822	0.0968980156939264	-0.164282445802911	0.970677674328837	-0.0249990686750459	1.27282282157316	1.09279237441744	1.09279237441744	1.09279237441744	1.09279237441744	1.09279237441744	1.09279237441744	1.09279237441744	1.09279237441744	1.09279237441744	1.09279237441744	1.09279237441744	0.41857185149117	0.41857185149117	0.41857185149117	0.41857185149117	0.41857185149117	0.41857185149117	0.41857185149117	0.41857185149117	0.41857185149117	0.41857185149117	0.41857185149117	0.61602917125891	0.61602917125891	0.61602917125891	0.61602917125891	0.61602917125891	0.61602917125891	0.61602917125891	0.61602917125891	0.61602917125891	0.61602917125891	0.61602917125891	-0.03607714383071	-0.442097979776413	-0.211163101208099	0.488014637917143	1.08720888125838	0.661685515793711	-0.208593526140262	-0.711971878346545	0.174204112981006	-0.580074838281961	-0.322250187850151	0.0320045381695671	0.373306637540139	-0.402112833545566	-0.392910450049068	-0.704082743717876	-0.704082743717876	-0.494999336702193	-0.50198684649542	-0.180726401031767	-0.248680807417898	-0.253999112228468	-1.38115762715355	-1.38115762715355	-1.38115762715355	-1.38115762715355	-1.38115762715355	-1.38115762715355	-1.38115762715355	-1.38115762715355	-1.38115762715355	-1.38115762715355	-1.38115762715355	-1.38115762715355	-1.38115762715355
2.0057515131541	1.21878584296451	0.655135722335477	0.655135722335477	1.15860288144296	1.15860288144296	1.7276157390548	1.295599881862	2.02442376279227	1.6783607027759	2.03455122827491	-0.19158987967947	-1.0260912876364	-0.480850243912738	1.50295018036424	2.82432018884877	2.82294513262176	2.11570682700462	0.352926729114177	-0.257952148109909	-0.217764006522682	0.838141325191842	0.734066888953601	0.734066888953601	0.734066888953601	0.734066888953601	0.734066888953601	0.734066888953601	0.734066888953601	0.734066888953601	0.734066888953601	0.734066888953601	0.734066888953601	-1.05239803710424	-1.05239803710424	-1.05239803710424	-1.05239803710424	-1.05239803710424	-1.05239803710424	-1.05239803710424	-1.05239803710424	-1.05239803710424	-1.05239803710424	-1.05239803710424	1.43852718123366	1.43852718123366	1.43852718123366	1.43852718123366	1.43852718123366	1.43852718123366	1.43852718123366	1.43852718123366	1.43852718123366	1.43852718123366	1.43852718123366	0.502504924648756	-1.87288417220122	-1.12343096546527	0.946926499120005	0.210707873261995	-1.05055197894986	0.0833270861541998	-0.218138741746501	-1.44907435733447	0.786797275800438	-0.331708279398157	0.0812055978694985	0.371986919832126	0.107101712092237	0.177617898735542	0.535473422984621	0.535473422984621	-1.01782125993683	0.40766967698881	0.321484172712185	-1.30841624175399	-0.866942332283357	1.41401777198562	1.41401777198562	1.41401777198562	1.41401777198562	1.41401777198562	1.41401777198562	1.41401777198562	1.41401777198562	1.41401777198562	1.41401777198562	1.41401777198562	1.41401777198562	1.41401777198562
0.136575793087717	-1.17612458397263	-0.630396549203925	-0.630396549203925	0.00149893881031003	0.00149893881030995	-1.12959176423493	-0.376559077435245	0.208205613032505	-0.538291683409714	0.150652935088455	-0.372098221130052	-0.592962279944639	-0.863145420353274	-0.388081522888462	-0.969610290625035	-0.796075761004111	-1.63397565895411	-1.2598192274143	-0.281013898212393	1.10964073875585	0.599022593511204	-1.19986270588141	-1.19986270588141	-1.19986270588141	-1.19986270588141	-1.19986270588141	-1.19986270588141	-1.19986270588141	-1.19986270588141	-1.19986270588141	-1.19986270588141	-1.19986270588141	0.543153041256455	0.543153041256455	0.543153041256455	0.543153041256455	0.543153041256455	0.543153041256455	0.543153041256455	0.543153041256455	0.543153041256455	0.543153041256456	0.543153041256455	0.165260126387936	0.165260126387936	0.165260126387936	0.165260126387936	0.165260126387936	0.165260126387936	0.165260126387936	0.165260126387936	0.165260126387936	0.165260126387936	0.165260126387936	0.629003891575792	0.978102418620232	-0.0300360556429475	0.221756811547309	0.988521954863249	1.03016403394597	0.644799477901308	0.36707426379418	1.50570013768331	0.0601595471162001	0.332231286896702	-0.763804089207492	-0.23391358531043	-0.517503289577426	-0.704312886984813	-1.10454265151574	-1.10454265151575	-0.753674369263597	-0.901062043610819	-0.523925347561711	-0.97727414532774	-0.967470007344662	0.3817240312304	0.3817240312304	0.3817240312304	0.3817240312304	0.3817240312304	0.3817240312304	0.3817240312304	0.3817240312304	0.3817240312304	0.3817240312304	0.3817240312304	0.3817240312304	0.3817240312304
-1.01994288676965	-0.597124958642927	0.0307238644281762	0.0307238644281761	0.0843173430316611	0.084317343031661	-0.46554911522215	-0.807255415964273	-0.342795147313185	-0.741010171626392	-0.799244538549794	0.38920753853441	0.751598665942002	0.594763369716055	-0.956521398224277	-1.14397914154403	-0.767383351249163	0.427628431614705	0.773737915501925	0.666968336810801	-0.43281762925593	-1.43329665703367	-0.764849644389014	-0.764849644389014	-0.764849644389014	-0.764849644389014	-0.764849644389014	-0.764849644389014	-0.764849644389014	-0.764849644389014	-0.764849644389014	-0.764849644389014	-0.764849644389014	-2.91929198463148	-2.91929198463148	-2.91929198463148	-2.91929198463148	-2.91929198463148	-2.91929198463148	-2.91929198463148	-2.91929198463148	-2.91929198463148	-2.91929198463148	-2.91929198463148	-0.696288672523437	-0.696288672523437	-0.696288672523437	-0.696288672523437	-0.696288672523437	-0.696288672523437	-0.696288672523437	-0.696288672523437	-0.696288672523437	-0.696288672523437	-0.696288672523437	-0.341343222701375	-0.294831550668947	-1.37371291508881	-1.40236473487271	-2.39703593640946	0.0441856833951509	-0.458510913030167	0.256801611474815	-1.05459562197312	-2.33460276719412	-0.478816508294783	0.26230951853826	0.98089861567664	0.19090153397924	0.029215948147765	-1.05882407761179	-1.05882407761179	-1.2872620413436	-0.0983374551644841	-0.0276775572909696	-1.04814090684558	-0.511234490055827	1.06957362730234	1.06957362730234	1.06957362730234	1.06957362730234	1.06957362730234	1.06957362730234	1.06957362730234	1.06957362730234	1.06957362730234	1.06957362730234	1.06957362730234	1.06957362730234	1.06957362730234
0.190308702697092	-1.40538054797026	-0.513851471592074	-0.513851471592074	-0.485806299108614	-0.485806299108614	-0.952845252038985	-0.756524541474983	0.335249084937746	-0.843218330259107	-0.236517926664751	-1.41215744971198	-1.60840460886965	-0.979827907075697	-1.52046877566947	-1.06021280194589	-1.4865422244991	-0.0594869163519716	-0.00535086700362786	0.960445657695929	0.163923843331978	-0.192002697101889	-0.984817463960786	-0.984817463960786	-0.984817463960786	-0.984817463960786	-0.984817463960786	-0.984817463960786	-0.984817463960786	-0.984817463960786	-0.984817463960786	-0.984817463960786	-0.984817463960786	-0.370519833987726	-0.370519833987726	-0.370519833987726	-0.370519833987726	-0.370519833987726	-0.370519833987726	-0.370519833987726	-0.370519833987726	-0.370519833987726	-0.370519833987725	-0.370519833987726	-0.501315360811928	-0.501315360811928	-0.501315360811928	-0.501315360811928	-0.501315360811928	-0.501315360811928	-0.501315360811928	-0.501315360811928	-0.501315360811928	-0.501315360811928	-0.501315360811928	0.197955464259464	1.72679069162967	1.31709478724537	-0.14082217772462	-0.0390898115951373	0.538097045733137	-0.105938724720157	1.75122503650594	1.19075352202417	0.461445691380075	0.676161113361025	-0.592983226803481	-0.053634552298459	0.401424051083929	-0.250507267294636	-0.715988698177756	-0.715988698177756	-0.337298661327967	-0.871833544684277	-0.684663472754191	-0.737524858448136	-0.773854626855517	0.887505953827885	0.887505953827885	0.887505953827885	0.887505953827885	0.887505953827885	0.887505953827885	0.887505953827885	0.887505953827885	0.887505953827885	0.887505953827885	0.887505953827885	0.887505953827885	0.887505953827885
0.952507568818121	-0.108840081680902	0.39134703342905	0.39134703342905	0.191037155579727	0.191037155579727	0.367417423186638	1.50044166037771	-0.248761186012188	1.16490820016237	-0.426808774907997	0.667796664673047	0.701782092144572	0.613638603191632	-0.0635307759918471	-1.23649443771583	-2.00261349987732	-0.564814381901197	0.182941285807016	1.92117898793938	1.75300651206173	0.705482079174789	-1.37568550991685	-1.37568550991685	-1.37568550991685	-1.37568550991685	-1.37568550991685	-1.37568550991685	-1.37568550991685	-1.37568550991685	-1.37568550991685	-1.37568550991685	-1.37568550991685	0.196336161494905	0.196336161494905	0.196336161494905	0.196336161494905	0.196336161494905	0.196336161494905	0.196336161494905	0.196336161494905	0.196336161494905	0.196336161494905	0.196336161494905	0.400019914613646	0.400019914613646	0.400019914613646	0.400019914613646	0.400019914613646	0.400019914613646	0.400019914613646	0.400019914613646	0.400019914613646	0.400019914613646	0.400019914613646	-1.29580375175608	-0.713009058596569	-0.711480935606391	-0.497602445175418	-0.515424022359783	-0.984100298976508	-0.513024970164511	-1.03764617815641	-0.0372161501069589	-0.500542517474255	-0.602402852380284	-0.637527554086399	-1.25759775540289	-1.19919826391328	-0.847021776792018	-0.752014855941999	-0.752014855941999	0.737752859480388	-0.228826524683942	-0.222205753053592	0.834188233977116	0.0904456770646203	0.338150451732446	0.338150451732446	0.338150451732446	0.338150451732446	0.338150451732446	0.338150451732446	0.338150451732446	0.338150451732446	0.338150451732446	0.338150451732447	0.338150451732446	0.338150451732447	0.338150451732446
0.21298630494733	-0.607890008784289	1.44151405767454	1.44151405767454	0.979690559273145	0.979690559273145	1.95376403594327	1.20007790161826	1.23157642093375	1.03843899718594	1.600646978404	1.2654177140977	0.740777862119543	0.71332356468512	-0.293378362522926	0.731284213545866	0.852678412486026	0.331288671103965	-0.871270392433299	-0.0552624477641222	-0.556359363221538	-0.14756738822243	-0.951642367045632	-0.951642367045632	-0.951642367045632	-0.951642367045632	-0.951642367045632	-0.951642367045632	-0.951642367045632	-0.951642367045632	-0.951642367045632	-0.951642367045632	-0.951642367045632	-0.180098078765864	-0.180098078765864	-0.180098078765864	-0.180098078765864	-0.180098078765864	-0.180098078765864	-0.180098078765864	-0.180098078765864	-0.180098078765864	-0.180098078765864	-0.180098078765864	1.07210252691327	1.07210252691327	1.07210252691327	1.07210252691327	1.07210252691327	1.07210252691327	1.07210252691327	1.07210252691327	1.07210252691327	1.07210252691327	1.07210252691327	-0.489085799578889	0.258579871625815	0.518849776352343	-0.4621368806675	0.137016382844599	-0.508202343699152	0.932905578604343	-0.426755899372526	-0.0431941525695431	-0.215944343566892	0.37793728037172	2.05666613838149	1.28250807583776	2.0517606785401	1.54876969752109	1.66311513626801	1.66311513626802	2.01722256314341	2.90827477148145	3.04706708159362	1.40303307607798	2.18633402416779	0.28096313196361	0.28096313196361	0.28096313196361	0.28096313196361	0.28096313196361	0.28096313196361	0.28096313196361	0.28096313196361	0.28096313196361	0.28096313196361	0.28096313196361	0.28096313196361	0.28096313196361
1.39459192899192	0.754255205729972	0.46750839326043	0.46750839326043	1.16089537109163	1.16089537109163	1.23181619339976	1.35741313979886	1.04470774786898	0.834160671030161	0.42263897116202	0.612426942178889	-0.396349300488172	0.293461338371848	0.0643833303982084	0.688233850644531	0.254110238426081	0.550457193203793	-0.928506052011094	-0.468908098486912	-1.35903314729358	-0.424842517090585	-2.46389747494106	-2.46389747494106	-2.46389747494106	-2.46389747494106	-2.46389747494106	-2.46389747494106	-2.46389747494106	-2.46389747494106	-2.46389747494106	-2.46389747494106	-2.46389747494106	-0.170954501027641	-0.170954501027641	-0.170954501027641	-0.170954501027641	-0.170954501027641	-0.170954501027641	-0.170954501027641	-0.170954501027641	-0.170954501027641	-0.170954501027641	-0.170954501027641	-0.14161434463999	-0.14161434463999	-0.14161434463999	-0.14161434463999	-0.14161434463999	-0.14161434463999	-0.14161434463999	-0.14161434463999	-0.14161434463999	-0.14161434463999	-0.14161434463999	0.605533355837596	0.03363412961145	0.451304804397475	0.824341010146672	0.477568145481962	0.377434477088242	-0.337906356113204	0.0664143116946942	0.930667782927554	1.33342672473264	0.390967549777705	-0.70035437559195	0.0347139664712295	0.302624848553765	-0.929912744700541	-1.50368840936552	-1.50368840936552	-0.946386684858404	-0.732934276405642	-0.813323860287579	-0.321174933461295	-0.402830186652225	1.37323164416486	1.37323164416486	1.37323164416486	1.37323164416486	1.37323164416486	1.37323164416486	1.37323164416486	1.37323164416486	1.37323164416486	1.37323164416486	1.37323164416486	1.37323164416486	1.37323164416486
-0.774277213466158	-1.16473988060659	-0.556484656552969	-0.556484656552969	0.919516091047475	0.919516091047475	-0.914353793913866	-0.18997945411055	-0.0313085000026829	-1.4107671329279	-0.193313065304045	-0.303706567913019	-1.1226126457332	-0.844068269636709	-1.33085773970065	-2.43120984822086	-1.12983020510819	-0.566245723373167	-1.34435792878764	-1.24764875299087	0.180125432437899	-0.853913513183719	0.577016340557858	0.577016340557858	0.577016340557858	0.577016340557858	0.577016340557858	0.577016340557858	0.577016340557858	0.577016340557858	0.577016340557858	0.577016340557858	0.577016340557858	0.866775146297758	0.866775146297758	0.866775146297758	0.866775146297758	0.866775146297758	0.866775146297758	0.866775146297758	0.866775146297758	0.866775146297758	0.866775146297758	0.866775146297758	-0.497184633777248	-0.497184633777248	-0.497184633777248	-0.497184633777248	-0.497184633777248	-0.497184633777248	-0.497184633777248	-0.497184633777248	-0.497184633777248	-0.497184633777248	-0.497184633777248	-1.70338447921899	-0.254635769596746	-1.47768675518246	-1.50885572197663	0.126243964847907	-0.744981301632005	-1.15483154130842	0.320511931090057	0.151046071764239	-0.872118041252208	-1.38897372125428	-1.47253696120003	-1.63484091092994	-1.51967598126989	-1.20355028123433	-1.08776770893323	-1.08776770893323	-1.33987859189344	-1.5822483068072	-1.82690139673884	-1.10256153061956	-1.44815652815235	0.642392939504527	0.642392939504527	0.642392939504527	0.642392939504527	0.642392939504527	0.642392939504527	0.642392939504527	0.642392939504527	0.642392939504527	0.642392939504527	0.642392939504527	0.642392939504527	0.642392939504527
-1.10173306996502	-0.391257007074561	-0.567636250945192	-0.567636250945192	-1.26662653490877	-1.26662653490877	0.0454517356819746	-0.861234441732974	-1.26982173244947	-0.313717386308009	-0.803486085921183	-1.20208122489728	0.0155754950613307	1.41883477364858	-1.3742810793684	-0.786620121696598	0.158749377596588	0.455307848287524	0.122106182664881	-0.101306837621045	-0.678322646862677	-0.895840538425683	0.0147114291075456	0.0147114291075456	0.0147114291075456	0.0147114291075456	0.0147114291075456	0.0147114291075456	0.0147114291075456	0.0147114291075456	0.0147114291075456	0.0147114291075457	0.0147114291075456	0.0943054685570848	0.0943054685570848	0.0943054685570848	0.0943054685570848	0.0943054685570848	0.0943054685570848	0.0943054685570848	0.0943054685570848	0.0943054685570848	0.0943054685570847	0.0943054685570848	-0.134457646692484	-0.134457646692484	-0.134457646692484	-0.134457646692484	-0.134457646692484	-0.134457646692484	-0.134457646692484	-0.134457646692484	-0.134457646692484	-0.134457646692484	-0.134457646692484	-0.219759200274178	-0.546053468877012	-0.243513969055976	1.25145570267387	0.275107520514317	-0.452662605177577	0.0848823532233298	-0.81379362143676	-0.162610832197833	-0.694506741482449	-0.215610267073945	-0.593985935931741	-0.680504940563129	-0.0741493445846516	-0.21790455943151	0.81551211564276	0.81551211564276	0.302576298744436	0.184961825946609	0.168606696490079	0.195164337154085	0.0848306927757989	-0.0533381336967133	-0.0533381336967133	-0.0533381336967133	-0.0533381336967133	-0.0533381336967133	-0.0533381336967133	-0.0533381336967133	-0.0533381336967133	-0.0533381336967133	-0.0533381336967132	-0.0533381336967133	-0.0533381336967132	-0.0533381336967133
-0.143547750168438	0.292588801448723	0.677673644726563	0.677673644726563	0.133963129018554	0.133963129018554	1.82109363514935	1.77517427915743	-0.139103022562396	1.40344278145784	-0.917003201355931	-0.209892740568485	0.104687186032735	0.727552723098377	0.539638760369473	2.29476454665705	2.71815353929025	2.63964934873686	1.18442772410051	0.391957181172059	-0.186283787572521	0.235853112699545	-0.441060173674218	-0.441060173674218	-0.441060173674218	-0.441060173674218	-0.441060173674218	-0.441060173674218	-0.441060173674218	-0.441060173674218	-0.441060173674218	-0.441060173674218	-0.441060173674218	1.46631941114775	1.46631941114775	1.46631941114775	1.46631941114775	1.46631941114775	1.46631941114775	1.46631941114775	1.46631941114775	1.46631941114775	1.46631941114775	1.46631941114775	-0.257890212099115	-0.257890212099115	-0.257890212099115	-0.257890212099115	-0.257890212099115	-0.257890212099115	-0.257890212099115	-0.257890212099115	-0.257890212099115	-0.257890212099115	-0.257890212099115	-0.625439911563994	-0.0338056277561258	0.801935389017066	-1.05532016409044	0.592504061145996	0.159676814592574	-0.256918263831163	0.592992925731855	0.861355149979611	0.490193154565427	0.697852038643019	1.90642435926065	2.33590884727473	1.24591876466577	2.32091967602603	1.70262060642854	1.70262060642854	1.54517372608983	1.67659772292888	1.2495049803135	0.524777354343357	0.521865372875211	-1.6859898423972	-1.6859898423972	-1.6859898423972	-1.6859898423972	-1.6859898423972	-1.6859898423972	-1.6859898423972	-1.6859898423972	-1.6859898423972	-1.6859898423972	-1.6859898423972	-1.6859898423972	-1.6859898423972
-1.74680844597773	-0.910589795084755	-0.890449838541343	-0.890449838541343	-1.63256191662004	-1.63256191662004	-1.12622693183599	-1.51853214122209	-1.98448680910743	-1.42371646934307	-2.68202256852558	0.921924618910936	1.2752590441366	1.13611860310217	0.136934491846846	-0.186631318388786	-0.885302569875637	-2.48599655327152	-2.24614363450334	-1.8946062786272	-1.19976458195122	-0.880122902318328	-0.647067619121839	-0.647067619121839	-0.647067619121839	-0.647067619121839	-0.647067619121839	-0.647067619121839	-0.647067619121839	-0.647067619121839	-0.647067619121839	-0.647067619121839	-0.647067619121839	0.813177355632551	0.813177355632551	0.813177355632551	0.813177355632551	0.813177355632551	0.813177355632551	0.813177355632551	0.813177355632551	0.813177355632551	0.813177355632551	0.813177355632551	1.27071786289121	1.27071786289121	1.27071786289121	1.27071786289121	1.27071786289121	1.27071786289121	1.27071786289121	1.27071786289121	1.27071786289121	1.27071786289121	1.27071786289121	-0.153594824823214	0.68248602607933	0.673806139627716	-1.55125238315461	-0.955831286156375	0.902370673612885	0.00549192338624629	-0.295917489034417	0.434647441920216	-0.135716928451939	0.606111834561603	1.66022148984105	0.968825527752957	0.83779418906176	1.2039259764654	1.46686594183072	1.46686594183072	0.85469303888971	1.49880583809384	1.28692136951581	1.80892460179194	2.01572474910746	-0.0188380751571811	-0.0188380751571811	-0.0188380751571811	-0.0188380751571811	-0.0188380751571811	-0.0188380751571811	-0.0188380751571811	-0.0188380751571811	-0.0188380751571811	-0.018838075157181	-0.0188380751571811	-0.018838075157181	-0.0188380751571811
1.45290883299239	1.12427080690187	1.20210149582071	1.20210149582071	0.978397345119546	0.978397345119546	0.797104727038204	1.30180626655842	1.10829439214013	1.19648987750572	1.22825814522948	1.38502472153154	0.953855930142387	0.923837053121623	-0.307640538264461	-0.381389962341799	0.419783200824856	0.606231310164215	0.313392914968867	-0.10318686328566	0.338638466735629	0.77778422339398	0.143373206218405	0.143373206218405	0.143373206218405	0.143373206218405	0.143373206218405	0.143373206218405	0.143373206218405	0.143373206218405	0.143373206218405	0.143373206218405	0.143373206218405	0.286993477770003	0.286993477770003	0.286993477770003	0.286993477770003	0.286993477770003	0.286993477770003	0.286993477770003	0.286993477770003	0.286993477770003	0.286993477770003	0.286993477770003	0.330323490296771	0.330323490296771	0.330323490296771	0.330323490296771	0.330323490296771	0.330323490296771	0.330323490296771	0.330323490296771	0.330323490296771	0.330323490296771	0.330323490296771	-0.386458560702343	0.511034130541332	0.365794000040371	-0.691097283574517	0.653300196146395	0.914499035255082	-0.752601006446033	1.30912119546533	1.419561277555	0.103403607838011	0.597971913627979	2.49324416273442	1.77473645193167	1.31493162289631	2.55216104914931	2.78587435359687	2.78587435359687	1.46671005881409	2.2485050379102	2.15598555709081	1.50407547110157	2.24768652216742	-0.399419360025144	-0.399419360025144	-0.399419360025144	-0.399419360025144	-0.399419360025144	-0.399419360025144	-0.399419360025144	-0.399419360025144	-0.399419360025144	-0.399419360025144	-0.399419360025144	-0.399419360025144	-0.399419360025144
-0.51037754249431	-0.210431064386648	-1.03397030266952	-1.03397030266952	-0.346897421477472	-0.346897421477472	0.344124069769572	0.144165949361912	-0.774732655680584	-0.447853967415551	-0.565232939974105	0.804123204410834	-0.602260857308689	-1.78532197101072	-1.17100129786867	-0.572387835134365	0.0334491381158973	-0.0370089270162456	-0.312399896816049	-1.00774615457783	-0.941975322986542	-1.02635527307158	0.660240590759176	0.660240590759176	0.660240590759176	0.660240590759175	0.660240590759176	0.660240590759175	0.660240590759175	0.660240590759175	0.660240590759176	0.660240590759175	0.660240590759176	0.0447958704897737	0.0447958704897737	0.0447958704897737	0.0447958704897737	0.0447958704897737	0.0447958704897737	0.0447958704897737	0.0447958704897737	0.0447958704897737	0.0447958704897737	0.0447958704897737	0.539786414987963	0.539786414987963	0.539786414987963	0.539786414987963	0.539786414987963	0.539786414987963	0.539786414987963	0.539786414987963	0.539786414987963	0.539786414987962	0.539786414987963	1.29507357031877	0.769489055030105	-0.302588130001273	-0.00710298295112503	-0.197501402524669	0.85778277187838	1.18699880572515	-0.180744350014327	-0.121146204692504	0.254961740555583	0.259436723923796	-0.238082996443462	-0.44697887088656	0.179844116816548	0.37264932285405	0.993036666659431	0.993036666659432	1.20706346570852	0.516102867741925	0.569827741122441	0.21839873018719	-0.406983463280988	-2.79155402734855	-2.79155402734855	-2.79155402734855	-2.79155402734855	-2.79155402734855	-2.79155402734855	-2.79155402734855	-2.79155402734855	-2.79155402734855	-2.79155402734855	-2.79155402734855	-2.79155402734855	-2.79155402734855
0.436832929403172	0.00824019319236841	1.95136327233292	1.95136327233292	0.749426562999474	0.749426562999474	1.87448513537272	1.04382366451428	1.93259180363558	1.10457657469568	0.694859006178249	-0.130117887772247	-0.755661364269365	-1.13096748678806	-0.557469215301431	0.458351575265402	-0.309817558807115	0.253962018405243	0.796990094649404	1.46402905897881	-0.625997170391191	-0.795412974812447	-0.323446702029791	-0.323446702029791	-0.323446702029791	-0.323446702029791	-0.323446702029791	-0.323446702029791	-0.323446702029791	-0.323446702029791	-0.323446702029791	-0.323446702029791	-0.323446702029791	-1.37827846253235	-1.37827846253235	-1.37827846253235	-1.37827846253235	-1.37827846253235	-1.37827846253235	-1.37827846253235	-1.37827846253235	-1.37827846253235	-1.37827846253235	-1.37827846253235	0.665837254485693	0.665837254485693	0.665837254485693	0.665837254485693	0.665837254485693	0.665837254485693	0.665837254485693	0.665837254485693	0.665837254485693	0.665837254485693	0.665837254485693	0.778565968822796	1.99043842105389	-0.281262237415129	-0.227066485396163	-0.0545885573083789	1.626875235244	0.607679974324093	0.757355353667894	1.25728559506426	0.23925590381629	0.613529202029407	-0.690296724851186	-0.384910012676563	-0.204647882173928	-0.528423606992134	-0.128273887622744	-0.128273887622744	-0.473982304897741	-0.220613395578749	-0.396296441401754	-0.460965061434475	-0.434977019514416	0.73931151244725	0.73931151244725	0.73931151244725	0.73931151244725	0.73931151244725	0.73931151244725	0.73931151244725	0.73931151244725	0.73931151244725	0.73931151244725	0.73931151244725	0.73931151244725	0.73931151244725
0.891910367385513	-0.268692899759451	0.254256321522286	0.254256321522285	0.226388886246447	0.226388886246448	-0.331286690330129	-0.164772661414724	0.36248734070326	1.02989003221736	0.565161919038051	-0.524276623936338	-0.0512953955258469	-0.734954673871426	0.584590739872934	0.0536328368418167	1.44340296883203	0.993833033723605	1.49969355687605	0.288819025788019	1.54974513403889	0.213640854255932	0.585869753026822	0.585869753026822	0.585869753026822	0.585869753026822	0.585869753026822	0.585869753026822	0.585869753026822	0.585869753026822	0.585869753026822	0.585869753026822	0.585869753026822	-1.12684245657096	-1.12684245657096	-1.12684245657096	-1.12684245657096	-1.12684245657096	-1.12684245657096	-1.12684245657096	-1.12684245657096	-1.12684245657096	-1.12684245657096	-1.12684245657096	0.281361377589145	0.281361377589145	0.281361377589145	0.281361377589145	0.281361377589145	0.281361377589145	0.281361377589145	0.281361377589145	0.281361377589145	0.281361377589145	0.281361377589145	-1.01776079642499	-0.983569589676146	-0.841138685833749	-0.702924871786505	-0.173941783639989	0.443572775618154	-1.37261715675782	0.417999041284101	-0.00537666722755294	-1.52905846026249	-0.196531489901719	-0.821274090905646	-0.875956558230353	-1.25115838143917	-0.591003959468214	-1.08990695020051	-1.08990695020051	0.00585996599549886	-1.4155163413444	-1.18141689647043	-1.05434351639923	-1.38134195079793	-1.79731472445412	-1.79731472445412	-1.79731472445412	-1.79731472445412	-1.79731472445412	-1.79731472445412	-1.79731472445412	-1.79731472445412	-1.79731472445412	-1.79731472445412	-1.79731472445412	-1.79731472445412	-1.79731472445412
1.16645190110789	1.10762300931457	0.946379628260356	0.946379628260356	0.576949758032982	0.576949758032982	-0.041037502665376	-0.528949063320139	1.02073257542014	-0.107053142579641	0.0653708971035408	1.47483305866375	1.7543116362062	1.61232378618149	0.700231116219356	-0.48711824031161	-1.62351346331132	-1.89782865791629	-1.23821704906282	0.102707771645144	0.0222681909849303	0.241098789966489	0.917456205659594	0.917456205659594	0.917456205659594	0.917456205659594	0.917456205659594	0.917456205659594	0.917456205659594	0.917456205659594	0.917456205659594	0.917456205659594	0.917456205659594	0.354847703989145	0.354847703989145	0.354847703989145	0.354847703989145	0.354847703989145	0.354847703989145	0.354847703989145	0.354847703989145	0.354847703989145	0.354847703989145	0.354847703989145	0.0580589804308431	0.0580589804308431	0.0580589804308431	0.0580589804308431	0.0580589804308431	0.0580589804308431	0.0580589804308431	0.0580589804308431	0.0580589804308431	0.058058980430843	0.0580589804308431	-0.334240741420829	-1.4401058770186	-0.405876643175365	-0.703955337459467	-0.25736490126187	0.751053408336197	-2.24879627282874	-0.0353395438711735	-0.979999967300188	-0.997627990720596	-1.181747953446	-1.20715927886691	-1.09488472380612	-1.05287511700318	-1.17898472468695	-0.855683624340587	-0.855683624340587	-0.603899264352729	-1.1399614602079	-1.24928523729401	-0.597809603113334	-0.822181383275464	1.38313470656515	1.38313470656515	1.38313470656515	1.38313470656515	1.38313470656515	1.38313470656515	1.38313470656515	1.38313470656515	1.38313470656515	1.38313470656515	1.38313470656515	1.38313470656515	1.38313470656515
1.24045030888591	0.610049722429147	-0.570871454313942	-0.570871454313942	-0.406634236545796	-0.406634236545796	-0.966663691530996	-0.609440506914176	0.00783331182212659	0.27399548501472	1.44132518206603	-0.12108913907246	-0.54807725322759	-0.80851643971333	-0.829058209246601	-0.643985294061986	0.448558367551553	0.953234546467945	0.950642606261124	-0.143838466953094	-0.804271690569254	-1.44673796940088	-1.24541181151514	-1.24541181151514	-1.24541181151514	-1.24541181151514	-1.24541181151514	-1.24541181151514	-1.24541181151514	-1.24541181151514	-1.24541181151514	-1.24541181151514	-1.24541181151514	-2.19283269432633	-2.19283269432633	-2.19283269432633	-2.19283269432633	-2.19283269432633	-2.19283269432633	-2.19283269432633	-2.19283269432633	-2.19283269432633	-2.19283269432633	-2.19283269432633	0.209027680876599	0.209027680876599	0.209027680876599	0.209027680876599	0.209027680876599	0.209027680876599	0.209027680876599	0.209027680876599	0.209027680876599	0.209027680876598	0.209027680876599	-0.286252459945155	-0.0575233605390874	-0.620927979443625	-0.577475371931139	-1.38821723631284	0.157538115634765	-1.06307481846735	0.496491372113031	0.0543863060143167	-0.610309307880673	-0.269831541978901	0.802540219079203	0.339481218604883	-0.0329009611422858	0.26483384277922	-0.293187390691871	-0.293187390691871	0.861177081616791	0.808488610451644	1.2675451914201	0.667608942836089	0.759933599201333	0.32027569116717	0.32027569116717	0.32027569116717	0.32027569116717	0.32027569116717	0.32027569116717	0.32027569116717	0.32027569116717	0.32027569116717	0.32027569116717	0.32027569116717	0.32027569116717	0.32027569116717
0.945060953399702	0.249784581823436	-0.231246122271875	-0.231246122271876	0.0251455316810504	0.0251455316810504	0.654951530444074	0.271577580687049	0.656579405441442	0.893428455545241	0.744855243083934	-0.113085588430142	1.3940469449071	0.808416589456029	1.05935471631679	0.467203185723602	1.06636009314544	1.07011738267172	1.56788202573268	0.238671204272008	1.2278384670469	0.575940793411964	1.24945104954908	1.24945104954908	1.24945104954908	1.24945104954908	1.24945104954908	1.24945104954908	1.24945104954908	1.24945104954908	1.24945104954908	1.24945104954908	1.24945104954908	0.562023652834531	0.562023652834531	0.562023652834531	0.562023652834531	0.562023652834531	0.562023652834531	0.562023652834531	0.562023652834531	0.562023652834531	0.562023652834531	0.562023652834531	-1.1365914579482	-1.1365914579482	-1.1365914579482	-1.1365914579482	-1.1365914579482	-1.1365914579482	-1.1365914579482	-1.1365914579482	-1.1365914579482	-1.1365914579482	-1.1365914579482	0.0140156140125799	0.234945976592725	-0.718005874936033	0.0834569042587665	-0.233551317173439	-0.265132120321095	0.542740530553883	-1.51700409924858	-0.571620554030804	-0.0249686390199693	-0.86869485454946	0.385298114239201	0.532014382325877	0.330776747757894	0.377594408711132	0.457997143554056	0.457997143554056	0.568455535562252	0.649763504249341	0.754030505265555	0.0476985392284491	0.160918228260415	0.51863834440462	0.51863834440462	0.51863834440462	0.51863834440462	0.51863834440462	0.51863834440462	0.51863834440462	0.51863834440462	0.51863834440462	0.51863834440462	0.51863834440462	0.518638344404621	0.51863834440462
0.254792917463728	0.162935286596715	0.0799643600584524	0.0799643600584522	0.949611337675668	0.949611337675668	-0.996706125229198	-0.825736397061091	-0.17269425525102	-1.43142932805321	-0.341596822706796	1.40990306922579	1.69314818509371	2.48154084430202	1.79867135928595	-0.0862229228396162	-0.998473575608834	-1.66712400062536	-1.36110503736993	0.00273412015156025	-0.105850233271205	0.589557006868291	-0.697630122880692	-0.697630122880692	-0.697630122880692	-0.697630122880692	-0.697630122880692	-0.697630122880692	-0.697630122880692	-0.697630122880692	-0.697630122880692	-0.697630122880692	-0.697630122880692	-0.268361176943094	-0.268361176943094	-0.268361176943094	-0.268361176943094	-0.268361176943094	-0.268361176943094	-0.268361176943094	-0.268361176943094	-0.268361176943094	-0.268361176943094	-0.268361176943094	0.844445178014384	0.844445178014384	0.844445178014384	0.844445178014384	0.844445178014384	0.844445178014384	0.844445178014384	0.844445178014384	0.844445178014384	0.844445178014385	0.844445178014384	-0.901651812749246	-0.769561803652874	-0.133041302155932	-2.29849114106521	-2.04380179068256	0.959904754453817	-1.5003341407083	0.949027055197027	-0.408718513519918	-1.94865185490869	0.674603654481524	-1.87086791722628	-1.93880995715715	-1.72260801695344	-1.74001141861593	-1.71999630138274	-1.71999630138274	-2.30702278112711	-2.00209255000664	-1.53429944103371	-2.25912297671654	-1.76589876445464	-1.58725639392443	-1.58725639392443	-1.58725639392443	-1.58725639392443	-1.58725639392443	-1.58725639392443	-1.58725639392443	-1.58725639392443	-1.58725639392443	-1.58725639392443	-1.58725639392443	-1.58725639392443	-1.58725639392443
-1.61394305125578	-1.18364141792558	0.356285886665808	0.356285886665808	0.570785562044642	0.570785562044642	0.145015711878411	1.24431448749492	-0.723351463732702	-0.488316066145244	-2.37324438995842	-0.914289313843971	0.106997245132605	-0.479754977978755	-1.40546390994979	-0.177128596150805	0.328597356197061	1.30466404415482	1.85016339274601	0.114374660964765	-0.928203213418082	-1.5175183658916	0.21460064212504	0.21460064212504	0.21460064212504	0.21460064212504	0.21460064212504	0.21460064212504	0.21460064212504	0.21460064212504	0.21460064212504	0.21460064212504	0.21460064212504	-1.61698299667573	-1.61698299667573	-1.61698299667573	-1.61698299667573	-1.61698299667573	-1.61698299667573	-1.61698299667573	-1.61698299667573	-1.61698299667573	-1.61698299667573	-1.61698299667573	0.847573262404274	0.847573262404274	0.847573262404274	0.847573262404274	0.847573262404274	0.847573262404274	0.847573262404274	0.847573262404274	0.847573262404274	0.847573262404274	0.847573262404274	1.57665304181258	0.858869925484509	-0.558331999121183	0.605767758753774	0.233233635489102	1.04483735860808	0.941502202201752	1.83142514304822	0.869379916213624	0.386219154224187	1.02139836168807	-0.816157082627926	-1.27378003094392	-1.27832434447406	-0.929868346176629	-0.180099664701883	-0.180099664701884	-0.656457561307597	-0.508310732038433	-0.667609221888422	-0.180679635309623	-0.373382916242642	-0.113149777191196	-0.113149777191196	-0.113149777191196	-0.113149777191196	-0.113149777191196	-0.113149777191196	-0.113149777191196	-0.113149777191196	-0.113149777191196	-0.113149777191196	-0.113149777191196	-0.113149777191196	-0.113149777191196
-0.0296178145084117	0.385965961262943	0.82432033780434	0.82432033780434	-0.0547125719872725	-0.054712571987273	0.985041760791932	-0.326365166464122	0.668457921646352	0.576274732353372	0.90925502511767	1.4935579331533	0.531150245912382	-0.121594207988368	0.810101595695284	0.329678314799957	1.2393166616984	-0.733870240225857	-0.593885941214619	-0.0677076524554119	0.947033714537198	0.527028425014487	-1.45461394240444	-1.45461394240444	-1.45461394240444	-1.45461394240444	-1.45461394240444	-1.45461394240444	-1.45461394240444	-1.45461394240444	-1.45461394240444	-1.45461394240444	-1.45461394240444	-1.00320993872365	-1.00320993872365	-1.00320993872365	-1.00320993872365	-1.00320993872365	-1.00320993872365	-1.00320993872365	-1.00320993872365	-1.00320993872365	-1.00320993872365	-1.00320993872365	0.0875446253321806	0.0875446253321806	0.0875446253321806	0.0875446253321806	0.0875446253321806	0.0875446253321806	0.0875446253321806	0.0875446253321806	0.0875446253321806	0.0875446253321805	0.0875446253321806	-0.349266977983137	-0.757690536403523	-1.25461551110397	-1.17407551379535	-0.799753192890463	0.0825465655918614	-0.0776588447144416	-1.7185764753668	-1.80230686357709	-1.36014853813015	-1.34441375841028	-1.04747171919235	-1.20926852623735	-1.06292451083386	-0.951422504715089	-1.13914055419091	-1.13914055419091	-1.84034071483987	-0.731344850571544	-0.419541236532786	-1.94511101504134	-0.875221288521616	-0.628454011082318	-0.628454011082318	-0.628454011082318	-0.628454011082318	-0.628454011082318	-0.628454011082318	-0.628454011082318	-0.628454011082318	-0.628454011082318	-0.628454011082318	-0.628454011082318	-0.628454011082318	-0.628454011082318
-0.416191514167874	-0.78847952824717	-0.706113340617173	-0.706113340617173	-0.574954029347594	-0.574954029347594	0.786108843332098	-0.830137711433825	0.0870759224491639	-0.416323800568915	0.365523931339552	-1.76954392449772	-0.882632273198191	-0.271416419468795	-1.76925153458126	-0.728487030403681	0.35766068504425	0.955690563283306	0.385788345397814	-0.522625075764356	-0.0346885991483244	-0.550192078829063	-0.676599128936296	-0.676599128936296	-0.676599128936296	-0.676599128936296	-0.676599128936296	-0.676599128936296	-0.676599128936296	-0.676599128936296	-0.676599128936296	-0.676599128936296	-0.676599128936296	-0.495869271959684	-0.495869271959684	-0.495869271959684	-0.495869271959684	-0.495869271959684	-0.495869271959684	-0.495869271959684	-0.495869271959684	-0.495869271959684	-0.495869271959684	-0.495869271959684	-0.566657597116423	-0.566657597116423	-0.566657597116423	-0.566657597116423	-0.566657597116423	-0.566657597116423	-0.566657597116423	-0.566657597116423	-0.566657597116423	-0.566657597116423	-0.566657597116423	-0.23229348393603	-0.206430951135993	-0.0471164202646469	0.57837041790007	-0.0256582844020316	-0.454086947176757	-0.548751219798425	0.182163930292787	-0.981689130390137	-1.1723544372067	-1.0228649349205	0.586255059320104	0.778700788221384	0.941980683807916	0.170539304477503	0.384230966595776	0.384230966595776	-0.222567096152234	0.786379848817781	0.460793376450456	0.189081249174239	0.401355336682386	2.27557576094888	2.27557576094888	2.27557576094888	2.27557576094888	2.27557576094888	2.27557576094888	2.27557576094888	2.27557576094888	2.27557576094888	2.27557576094888	2.27557576094888	2.27557576094888	2.27557576094888
-0.0871278832850165	1.0897394365789	0.725122375544362	0.725122375544362	1.00152848894705	1.00152848894705	1.16423285191633	1.05931839748232	0.36660965254958	1.0754583833692	1.35453918419525	-2.34848485659709	-1.94549059433596	-2.0986989515186	1.41715823318871	1.22209701259633	-0.822429493538615	0.782702538732736	1.15322580089132	-0.0890218919036809	-0.423496192308733	0.65272408370239	0.412964445938793	0.412964445938793	0.412964445938793	0.412964445938793	0.412964445938793	0.412964445938793	0.412964445938793	0.412964445938793	0.412964445938793	0.412964445938793	0.412964445938793	1.80267708040251	1.80267708040251	1.80267708040251	1.80267708040251	1.80267708040251	1.80267708040251	1.80267708040251	1.80267708040251	1.80267708040251	1.80267708040251	1.80267708040251	-1.7825248326046	-1.7825248326046	-1.7825248326046	-1.7825248326046	-1.7825248326046	-1.7825248326046	-1.7825248326046	-1.7825248326046	-1.7825248326046	-1.7825248326046	-1.7825248326046	0.319059963864438	0.923542968247073	1.13476333592674	0.492786315719478	1.19109048268563	0.353361773264601	0.810468562141883	0.851116131115531	1.16318311449367	1.02485775099066	1.16148827129372	-0.851444764807386	-0.632278339590757	-0.606115698515656	-0.68138899462549	-0.294142594017292	-0.294142594017291	-0.651733871938106	-0.490085275448744	-0.454910410207539	-1.42232334322755	-1.18261223287131	-0.379367925762242	-0.379367925762242	-0.379367925762242	-0.379367925762242	-0.379367925762242	-0.379367925762242	-0.379367925762242	-0.379367925762242	-0.379367925762242	-0.379367925762242	-0.379367925762242	-0.379367925762242	-0.379367925762242
-1.26192305254691	-0.792882670440464	0.309498563513108	0.309498563513107	-0.607720611541631	-0.607720611541631	-0.587218149485661	-1.40950187636782	-1.10894578901418	-1.16259894988007	-1.48222529991515	-1.47263772676917	-0.322038617711484	-0.00100542290554979	-0.050592613450897	0.15588324451226	0.735645502088995	0.365117621131096	-0.0738703286934866	-1.52318409125515	0.238612871852182	0.0495687198474278	-1.18424027919942	-1.18424027919942	-1.18424027919942	-1.18424027919942	-1.18424027919942	-1.18424027919942	-1.18424027919942	-1.18424027919942	-1.18424027919942	-1.18424027919942	-1.18424027919942	0.85739084367682	0.85739084367682	0.85739084367682	0.85739084367682	0.85739084367682	0.85739084367682	0.85739084367682	0.85739084367682	0.85739084367682	0.85739084367682	0.85739084367682	-1.17331012279398	-1.17331012279398	-1.17331012279398	-1.17331012279398	-1.17331012279398	-1.17331012279398	-1.17331012279398	-1.17331012279398	-1.17331012279398	-1.17331012279398	-1.17331012279398	1.00574618840542	0.541832946868366	0.429468185821883	0.924455647865743	0.943968495572093	-0.165731325215398	0.83215043274697	-0.254406011681191	-0.398385547399813	1.41264182335453	-0.336308305032101	0.806011438852019	0.89457416187882	0.302475630242135	0.626227267823077	-0.140522698228961	-0.140522698228961	-0.478580520277055	0.312872409120148	0.162358820568073	0.140169772033285	0.719743310967306	-0.738552541331951	-0.738552541331951	-0.738552541331951	-0.738552541331951	-0.738552541331951	-0.738552541331951	-0.738552541331951	-0.738552541331951	-0.738552541331951	-0.738552541331951	-0.738552541331951	-0.738552541331951	-0.738552541331951
-0.785980872646393	-0.12193497658586	-1.28197726543046	-1.28197726543046	-1.46971150371397	-1.46971150371397	-0.879546503115435	-1.79282143876337	-1.97977392798743	-0.492738318279236	-0.763192316052769	0.933499206566865	0.524286854925867	0.934310811681306	1.31374036341234	0.796518782544747	1.21390150654127	-0.884634132622872	-0.575053665499142	-0.254215501029737	-0.609530503559592	-0.077122754289683	-0.914500368009239	-0.914500368009239	-0.914500368009239	-0.914500368009239	-0.914500368009239	-0.914500368009239	-0.914500368009239	-0.914500368009239	-0.914500368009239	-0.914500368009239	-0.914500368009239	-0.425847799214745	-0.425847799214745	-0.425847799214745	-0.425847799214745	-0.425847799214745	-0.425847799214745	-0.425847799214745	-0.425847799214745	-0.425847799214745	-0.425847799214745	-0.425847799214745	0.381611456637478	0.381611456637478	0.381611456637478	0.381611456637478	0.381611456637478	0.381611456637478	0.381611456637478	0.381611456637478	0.381611456637478	0.381611456637478	0.381611456637478	0.375649291658159	0.155240461498096	0.790995571793759	-0.656527623433815	-1.01882313804872	-0.130694115412406	0.685523589289679	1.41933641442997	0.781071003006002	0.54779184627733	1.85001868938669	1.10599116233812	0.837818569591428	1.18884233446228	1.31818937187398	1.50998003059524	1.50998003059524	0.964279556457454	1.24976758893187	1.29234434559304	1.10248329392016	0.727036956006736	-0.440944956470812	-0.440944956470812	-0.440944956470812	-0.440944956470812	-0.440944956470812	-0.440944956470812	-0.440944956470812	-0.440944956470812	-0.440944956470812	-0.440944956470812	-0.440944956470812	-0.440944956470812	-0.440944956470812
-2.14383175502429	-0.605074179445881	-2.79588842080887	-2.79588842080887	-1.76854160813445	-1.76854160813445	-0.419343396717565	-1.06068812368102	-1.87230884030855	-0.815184852867575	-1.72454978524713	-0.533855176277281	-0.806143013906627	-0.861153453942961	-0.185382226561025	0.984217950372882	0.46089517126352	0.758707469731505	-0.228650767290308	0.354664097458865	0.0574317813858616	0.284545664404628	0.42975807316266	0.42975807316266	0.42975807316266	0.42975807316266	0.42975807316266	0.42975807316266	0.42975807316266	0.42975807316266	0.42975807316266	0.42975807316266	0.42975807316266	-0.182392969185322	-0.182392969185322	-0.182392969185322	-0.182392969185322	-0.182392969185322	-0.182392969185322	-0.182392969185322	-0.182392969185322	-0.182392969185322	-0.182392969185322	-0.182392969185322	-0.49426263053708	-0.49426263053708	-0.49426263053708	-0.49426263053708	-0.49426263053708	-0.49426263053708	-0.49426263053708	-0.49426263053708	-0.49426263053708	-0.49426263053708	-0.49426263053708	1.85518622939732	2.98853002639508	2.08091513917242	1.29902292765681	-0.0999493551817624	0.267502516442397	2.40184841868139	2.46688700233762	2.68081292972366	2.17942912812053	2.83147060832872	1.41409480802901	1.69617521457741	1.04278985331403	1.3548306900851	0.234574825339831	0.234574825339831	0.420501518710605	0.658403133186075	0.3273965677984	0.32788746522863	0.18930688599056	0.711725049435165	0.711725049435165	0.711725049435165	0.711725049435165	0.711725049435165	0.711725049435165	0.711725049435165	0.711725049435165	0.711725049435165	0.711725049435165	0.711725049435165	0.711725049435165	0.711725049435165
0.811508009997137	-0.251253925427416	1.30015051541413	1.30015051541413	-1.52909136786495	-1.52909136786495	0.744836475761818	0.15573939887272	0.233869234032056	1.30418263797828	1.45973653836804	0.48270498962355	-0.734633620584176	-0.279546302181679	-0.883972602530633	-1.39699632305805	-0.731739650911858	-1.49980435373276	-1.69029691486624	-1.06030585357134	-0.597227799678516	-0.352758704131233	0.160342567094876	0.160342567094876	0.160342567094876	0.160342567094876	0.160342567094876	0.160342567094876	0.160342567094876	0.160342567094876	0.160342567094876	0.160342567094876	0.160342567094876	0.712152877122515	0.712152877122515	0.712152877122515	0.712152877122515	0.712152877122515	0.712152877122515	0.712152877122515	0.712152877122515	0.712152877122515	0.712152877122515	0.712152877122515	-0.011981801483727	-0.011981801483727	-0.011981801483727	-0.011981801483727	-0.011981801483727	-0.011981801483727	-0.011981801483727	-0.011981801483727	-0.011981801483727	-0.0119818014837271	-0.011981801483727	-0.100343255759625	0.266415212927626	-0.700434341688917	-0.714405904152994	-0.266083942355509	0.690173924661539	0.393359278071947	-0.846761070734917	0.5340607878156	-1.01565039678318	-0.122241411420207	0.239542363044291	0.664876429244274	0.0101355381194846	0.122729519929747	-0.144079868343348	-0.144079868343348	0.772004476622047	-0.536459691890735	-0.675836092895253	-0.163233635400875	-0.628151509259261	-0.753385082718887	-0.753385082718887	-0.753385082718887	-0.753385082718887	-0.753385082718887	-0.753385082718887	-0.753385082718887	-0.753385082718887	-0.753385082718887	-0.753385082718887	-0.753385082718887	-0.753385082718887	-0.753385082718887
0.670693896200953	1.42716563754147	1.63702604351695	1.63702604351695	1.26247390059686	1.26247390059686	1.97532350729993	1.57548496845796	1.5215921847211	1.96152506926928	1.31435952686164	-0.534415146424544	1.82966961346716	1.57324308696014	0.780054676842743	-0.966021658771397	-1.39646826935446	-1.30530676521678	1.4413917685238	2.26504403099652	3.3414907900708	1.53785797379911	-1.12589424346709	-1.12589424346709	-1.12589424346709	-1.12589424346709	-1.12589424346709	-1.12589424346709	-1.12589424346709	-1.12589424346709	-1.12589424346709	-1.12589424346709	-1.12589424346709	0.404091767995411	0.404091767995411	0.404091767995411	0.404091767995411	0.404091767995411	0.404091767995411	0.404091767995411	0.404091767995411	0.404091767995411	0.404091767995411	0.404091767995411	0.0443659406257861	0.0443659406257861	0.0443659406257861	0.0443659406257861	0.0443659406257861	0.0443659406257861	0.0443659406257861	0.0443659406257861	0.0443659406257861	0.0443659406257861	0.0443659406257861	1.00035666817806	1.2516522508379	0.970521622694408	0.735745660829292	0.865794264144189	-0.0445387505037999	1.8433023561438	-0.250664319317011	1.40162014489361	1.91414925614177	1.04581235099542	0.773564573002178	0.522597074184638	0.634913967347396	1.1053324218164	1.50751693826448	1.50751693826448	0.380136830111692	1.12670844104238	0.661445557823707	0.544471013942105	0.823515252041796	1.11521996891807	1.11521996891807	1.11521996891807	1.11521996891807	1.11521996891807	1.11521996891807	1.11521996891807	1.11521996891807	1.11521996891807	1.11521996891807	1.11521996891807	1.11521996891807	1.11521996891807
-0.770773313004101	-1.23041754193086	1.18685037959928	1.18685037959928	0.21104700630786	0.211047006307859	-1.35103437798018	-1.2218221619252	0.501503352599432	-0.898610688897653	0.611225864868101	0.935908242762326	1.80288477614236	1.1892582917284	0.893408755651901	1.48081302145414	2.04007232584636	0.732130322483053	1.22281279161114	0.742688173222128	0.216845156415479	-0.302794437130983	1.42279598676539	1.42279598676539	1.42279598676539	1.42279598676539	1.42279598676539	1.42279598676539	1.42279598676539	1.42279598676539	1.42279598676539	1.42279598676539	1.42279598676539	-0.544011082807347	-0.544011082807347	-0.544011082807347	-0.544011082807347	-0.544011082807347	-0.544011082807347	-0.544011082807347	-0.544011082807347	-0.544011082807347	-0.544011082807347	-0.544011082807347	1.33593648493765	1.33593648493765	1.33593648493765	1.33593648493765	1.33593648493765	1.33593648493765	1.33593648493765	1.33593648493765	1.33593648493765	1.33593648493765	1.33593648493765	-0.0885450305443152	0.760339280995723	-0.883063946394887	-1.09822669465875	0.79383766155322	1.3804167917311	0.0415337087998093	-1.02186240114377	0.0784818919999057	-0.421013777168023	-0.984525823800338	-0.0500069109455887	-0.0939506858679487	0.0023605993016613	-0.565764590560468	-0.082860192863683	-0.082860192863683	1.55367486052217	0.329617372965232	1.31549284873257	-0.858124543607651	-0.889887265866379	-0.459071478131048	-0.459071478131048	-0.459071478131048	-0.459071478131048	-0.459071478131048	-0.459071478131048	-0.459071478131048	-0.459071478131048	-0.459071478131048	-0.459071478131048	-0.459071478131048	-0.459071478131048	-0.459071478131048
0.35613709693789	0.484390577612942	0.0914186873523284	0.0914186873523285	0.638216949606131	0.638216949606131	-0.0113226505096096	0.312010720204873	0.423649699996051	0.0111889586733474	0.94816199705076	0.817727853349088	0.783956856757339	1.52204830458004	1.34300488665785	0.642846315156946	1.04236237774119	0.812796012269165	0.960703714724829	1.61957260728749	1.39597007689601	1.52392527384597	1.14728792094855	1.14728792094855	1.14728792094855	1.14728792094855	1.14728792094855	1.14728792094855	1.14728792094855	1.14728792094855	1.14728792094855	1.14728792094855	1.14728792094855	1.84499514785981	1.84499514785981	1.84499514785981	1.84499514785981	1.84499514785981	1.84499514785981	1.84499514785981	1.84499514785981	1.84499514785981	1.84499514785981	1.84499514785981	-0.939034084054976	-0.939034084054976	-0.939034084054976	-0.939034084054976	-0.939034084054976	-0.939034084054976	-0.939034084054976	-0.939034084054976	-0.939034084054976	-0.939034084054976	-0.939034084054976	-1.35541997984074	-0.510477828993831	0.16311294553464	-1.2539544757573	-0.504229166932259	-0.726853549636639	-0.823512887815362	0.19270799436015	-0.278137900363447	-0.31974928562456	-0.0963198857033708	1.17764324488611	1.11867509699258	0.902377836733439	1.16899836807158	0.868187103255228	0.868187103255229	1.0042625912847	0.709928311841692	0.5282385093919	0.432056172578587	0.353991017641749	-0.0128946232673227	-0.0128946232673227	-0.0128946232673227	-0.0128946232673227	-0.0128946232673227	-0.0128946232673227	-0.0128946232673227	-0.0128946232673227	-0.0128946232673227	-0.0128946232673226	-0.0128946232673227	-0.0128946232673226	-0.0128946232673227
0.325059454621655	0.6721989280083	0.605928240019971	0.605928240019971	-0.0271871551084182	-0.0271871551084184	0.736015367254821	-0.216697205476905	0.410482337532014	0.911211292960938	0.583533625337149	-0.505511395351463	0.00945874024502158	1.29359450553365	0.331320560505974	0.591305089729069	0.583454163360667	0.0338139577686953	-0.444655093518131	-0.262855479280218	-0.612305065699343	-0.17923778256143	-0.169980849944582	-0.169980849944582	-0.169980849944582	-0.169980849944582	-0.169980849944582	-0.169980849944582	-0.169980849944582	-0.169980849944582	-0.169980849944582	-0.169980849944582	-0.169980849944582	0.984195012868175	0.984195012868175	0.984195012868175	0.984195012868175	0.984195012868175	0.984195012868175	0.984195012868175	0.984195012868175	0.984195012868175	0.984195012868175	0.984195012868175	-0.206146782635902	-0.206146782635902	-0.206146782635902	-0.206146782635902	-0.206146782635902	-0.206146782635902	-0.206146782635902	-0.206146782635902	-0.206146782635902	-0.206146782635902	-0.206146782635902	-0.522242692967046	-1.35861730853737	1.02738462056476	-0.182122419272444	-0.451585515977966	-1.15342483806438	-0.121595775815964	-0.642315236557491	-1.15284515839332	-0.250090149882446	0.164267814639358	-0.44927391301467	-0.238187584973149	-0.00943671221909459	-0.977903702373356	-0.133454160744194	-0.133454160744195	-0.122432818257838	0.00702623626862048	0.17357790857405	0.431280555063171	0.0838040795076983	1.62815646076658	1.62815646076658	1.62815646076658	1.62815646076658	1.62815646076658	1.62815646076658	1.62815646076658	1.62815646076658	1.62815646076658	1.62815646076658	1.62815646076658	1.62815646076658	1.62815646076658
0.507820501681098	-0.810666602811994	0.544010197420825	0.544010197420826	-1.88800640998064	-1.88800640998064	-1.47864228300582	-1.50088183769533	-0.308278388747114	-0.0170959959999024	0.0733207599917938	1.98545346324081	0.525965132460294	0.477572858817199	-0.181118029978696	0.60948279745546	0.147526400057704	0.26390816705609	-1.75253750497971	-0.489694429659135	-0.619063476109219	0.543755522289982	-0.893352829955349	-0.893352829955349	-0.893352829955349	-0.893352829955349	-0.893352829955349	-0.893352829955349	-0.893352829955349	-0.893352829955349	-0.893352829955349	-0.893352829955349	-0.893352829955349	-0.849127170371559	-0.849127170371559	-0.849127170371559	-0.849127170371559	-0.849127170371559	-0.849127170371559	-0.849127170371559	-0.849127170371559	-0.849127170371559	-0.849127170371559	-0.849127170371559	1.44678274570207	1.44678274570207	1.44678274570207	1.44678274570207	1.44678274570207	1.44678274570207	1.44678274570207	1.44678274570207	1.44678274570207	1.44678274570207	1.44678274570207	0.213635541140081	0.45771114528696	-1.9809263685986	-1.0968693804975	-1.3499310957837	0.26380540542859	0.699167602007087	-1.18647182219555	-0.499492047795601	-1.12501395903258	-1.02295464224932	-0.157353328713838	-0.136845125107222	-0.237180997519122	0.181966050737113	0.585569333856065	0.585569333856064	-0.314715788160584	-0.330339556982945	-0.592940905505358	0.885662844000718	0.797161073055787	2.69320051933145	2.69320051933145	2.69320051933145	2.69320051933145	2.69320051933145	2.69320051933145	2.69320051933145	2.69320051933145	2.69320051933145	2.69320051933145	2.69320051933145	2.69320051933145	2.69320051933145
0.224123474535879	0.917269418297471	0.512825425148907	0.512825425148907	0.661711459865935	0.661711459865935	1.09467650570559	0.385497138042533	0.599194222607192	1.05498183021873	0.734448832699641	-2.35312378925187	-1.64790599903778	-0.855061073998604	0.898884616329759	0.774319683056157	-0.0463034961805052	0.790271382530319	0.835127658992275	-0.0421897583474739	0.483706025315819	1.71664648936928	0.457121368927266	0.457121368927266	0.457121368927266	0.457121368927266	0.457121368927266	0.457121368927266	0.457121368927266	0.457121368927266	0.457121368927266	0.457121368927266	0.457121368927266	-0.9201037366453	-0.9201037366453	-0.9201037366453	-0.9201037366453	-0.9201037366453	-0.9201037366453	-0.9201037366453	-0.9201037366453	-0.9201037366453	-0.9201037366453	-0.9201037366453	0.842951063823667	0.842951063823667	0.842951063823667	0.842951063823667	0.842951063823667	0.842951063823667	0.842951063823667	0.842951063823667	0.842951063823667	0.842951063823667	0.842951063823667	-0.654227389254407	1.08478776826174	-0.366685830317466	-1.59643506145868	-0.259953834410188	0.952121045756435	0.0821891351024275	0.588470688691631	1.38793504646421	-0.198650113449581	0.737297231523489	0.0394599791732362	0.332848254452974	-0.55978654520148	0.228137949156883	-0.327657902894541	-0.327657902894541	-0.977619219830291	-0.697582380707074	-0.948493281412778	-0.511508516268096	-0.257585794464352	0.391153437667173	0.391153437667173	0.391153437667173	0.391153437667173	0.391153437667173	0.391153437667173	0.391153437667173	0.391153437667173	0.391153437667173	0.391153437667173	0.391153437667173	0.391153437667173	0.391153437667173
-0.0338288911374323	-1.04056703365768	-1.11835869879693	-1.11835869879693	-0.769117224975411	-0.769117224975411	-1.06111980427037	0.853241563620341	-0.826181014783185	-0.732280274421736	0.0437903808785529	0.404791302169451	2.18629561748034	1.06021578441828	1.13571887194308	1.85667585466999	1.01231841661508	0.454737734286314	1.20437718090189	1.99913884756193	2.14843451932672	0.659655659792803	0.719441342803651	0.719441342803651	0.719441342803651	0.719441342803651	0.719441342803651	0.719441342803651	0.719441342803651	0.719441342803651	0.719441342803651	0.719441342803651	0.719441342803651	-0.896741333032213	-0.896741333032213	-0.896741333032213	-0.896741333032213	-0.896741333032213	-0.896741333032213	-0.896741333032213	-0.896741333032213	-0.896741333032213	-0.896741333032213	-0.896741333032213	-1.25839232311167	-1.25839232311167	-1.25839232311167	-1.25839232311167	-1.25839232311167	-1.25839232311167	-1.25839232311167	-1.25839232311167	-1.25839232311167	-1.25839232311167	-1.25839232311167	0.205168239230729	2.37655277210559	-0.433091433571216	0.159277471180074	1.40475545892508	1.62525033277448	0.765781788660465	0.506686173711128	1.24614921939123	-0.0620753238839954	-0.0144786056957176	-0.485813221606935	-0.686947614165531	0.25311550741107	-0.160738605195004	1.1423565712573	1.1423565712573	-0.15697747375659	0.00996197421272652	-0.295064681709246	0.347514958924347	0.424567957496724	2.16110945233406	2.16110945233406	2.16110945233406	2.16110945233406	2.16110945233406	2.16110945233406	2.16110945233406	2.16110945233406	2.16110945233406	2.16110945233406	2.16110945233406	2.16110945233406	2.16110945233406
-0.00884336599263311	-0.644095104240823	0.806889970562824	0.806889970562824	0.339468263910057	0.339468263910057	1.57639409269274	1.62682303063397	0.245408921481706	2.35345514154549	0.315604163165611	0.137732178675675	0.0109738412297696	-0.491137524724369	-0.984833463068967	-1.40647633613223	-1.32039324273542	-0.0298649538036392	0.727927983697681	1.38537654707495	1.12297950416	0.519231784941394	-1.5823569143187	-1.5823569143187	-1.5823569143187	-1.5823569143187	-1.5823569143187	-1.5823569143187	-1.5823569143187	-1.5823569143187	-1.5823569143187	-1.5823569143187	-1.5823569143187	-0.427284518133428	-0.427284518133428	-0.427284518133428	-0.427284518133428	-0.427284518133428	-0.427284518133428	-0.427284518133428	-0.427284518133428	-0.427284518133428	-0.427284518133428	-0.427284518133428	1.68234313949614	1.68234313949614	1.68234313949614	1.68234313949614	1.68234313949614	1.68234313949614	1.68234313949614	1.68234313949614	1.68234313949614	1.68234313949614	1.68234313949614	0.907239329677259	0.980230518082432	1.00740144849052	0.689703872823903	1.13529895753629	0.609074605355732	1.36681198432448	-0.327741059551505	0.68487092403793	1.45621667443425	0.975024483592563	-0.924742802325063	-1.02754284588939	-0.994605132311801	-0.565002643143827	-0.353370649141762	-0.353370649141762	-0.892263735231911	-1.11971749941393	-1.48136025927202	0.67056604248198	0.389982511929281	-0.8538346789706	-0.8538346789706	-0.8538346789706	-0.8538346789706	-0.8538346789706	-0.8538346789706	-0.8538346789706	-0.8538346789706	-0.8538346789706	-0.8538346789706	-0.8538346789706	-0.8538346789706	-0.8538346789706
0.715111398537673	-0.568626988415875	0.90660716183469	0.90660716183469	-0.14846914210149	-0.14846914210149	0.157105356228223	0.444593088819549	0.153757819046561	1.11722264995039	0.271122893190391	-1.55736659190576	-0.779645821698609	0.63596289407261	0.493767531324944	-0.0200099237667527	-0.459956171409124	-0.94700110064163	-0.844071685252822	-1.95896689495711	-2.05294508073387	-1.1866952764283	-0.29398348006334	-0.29398348006334	-0.29398348006334	-0.29398348006334	-0.29398348006334	-0.29398348006334	-0.29398348006334	-0.29398348006334	-0.29398348006334	-0.29398348006334	-0.29398348006334	0.325846568506381	0.325846568506381	0.325846568506381	0.325846568506381	0.325846568506381	0.325846568506381	0.325846568506381	0.325846568506381	0.325846568506381	0.325846568506381	0.325846568506381	0.566916635878838	0.566916635878838	0.566916635878838	0.566916635878838	0.566916635878838	0.566916635878838	0.566916635878838	0.566916635878838	0.566916635878838	0.566916635878838	0.566916635878838	0.52923470168875	0.11990353976419	1.09507308556016	0.5360498997068	0.077794263988833	0.433986024381481	0.718265210769939	0.419601241331476	1.06470600912731	0.517873520042874	1.79431388535996	1.72274452726214	1.49349460432044	1.12455532998761	2.02422851538782	1.96998519992932	1.96998519992932	1.77260016971707	1.92450231835207	1.4841686080604	1.0596863316024	0.969518496026933	0.330934515052536	0.330934515052536	0.330934515052536	0.330934515052536	0.330934515052536	0.330934515052536	0.330934515052536	0.330934515052536	0.330934515052536	0.330934515052536	0.330934515052536	0.330934515052536	0.330934515052536
-1.7390272266978	-2.28985258175191	-1.3231212685131	-1.3231212685131	-1.17710900825994	-1.17710900825994	-1.39109930983521	-1.12603931148165	-1.02087454711234	-0.965955883393014	-1.54443953643986	1.59922145466438	2.81853328141265	1.34361342681445	-0.630430446802085	0.0510077617701246	-0.655013499248468	-0.15811435178679	0.588335856046314	1.72635905648126	1.57375964948972	0.487042683090044	-0.448496314275054	-0.448496314275054	-0.448496314275054	-0.448496314275054	-0.448496314275054	-0.448496314275054	-0.448496314275054	-0.448496314275054	-0.448496314275054	-0.448496314275054	-0.448496314275054	-1.25370872592986	-1.25370872592986	-1.25370872592986	-1.25370872592986	-1.25370872592986	-1.25370872592986	-1.25370872592986	-1.25370872592986	-1.25370872592986	-1.25370872592986	-1.25370872592986	-1.34408875504539	-1.34408875504539	-1.34408875504539	-1.34408875504539	-1.34408875504539	-1.34408875504539	-1.34408875504539	-1.34408875504539	-1.34408875504539	-1.34408875504539	-1.34408875504539	-1.55498345353828	-1.4058658252329	0.106674362953317	-0.891262424150549	-0.594252554641039	-0.792402614163606	-1.72119779050328	0.144924440261488	-1.32249223249442	-0.461199827048742	-0.412299396737752	1.07187239378174	0.885513559840017	0.511271958506495	1.01827843750693	0.469200225358471	0.469200225358471	0.429545309803185	0.639911353462467	1.07027369574211	0.709861128279213	0.902631650633073	-0.0405564257802891	-0.0405564257802891	-0.0405564257802891	-0.0405564257802891	-0.0405564257802891	-0.0405564257802891	-0.0405564257802891	-0.0405564257802891	-0.0405564257802891	-0.040556425780289	-0.0405564257802891	-0.040556425780289	-0.0405564257802891
-0.343498421653495	-0.382861857984293	-0.782212987233971	-0.782212987233971	-0.209438582377794	-0.209438582377793	-1.43929026286242	-0.770495343998729	-1.38155191629745	-0.540052233866917	-1.14954761065231	-0.0370155020450234	-0.28089917111661	0.294792761960999	0.606244842538639	0.579168817792498	-0.320406244253092	-0.192959722529926	-0.676474021454368	-1.11861096733896	-1.0568219350259	0.410006375415901	-0.576637656330081	-0.576637656330081	-0.576637656330081	-0.576637656330081	-0.576637656330081	-0.576637656330081	-0.576637656330081	-0.576637656330081	-0.576637656330081	-0.57663765633008	-0.576637656330081	-0.164568558460125	-0.164568558460125	-0.164568558460125	-0.164568558460125	-0.164568558460125	-0.164568558460125	-0.164568558460125	-0.164568558460125	-0.164568558460125	-0.164568558460125	-0.164568558460125	0.997623137222434	0.997623137222434	0.997623137222434	0.997623137222434	0.997623137222434	0.997623137222434	0.997623137222434	0.997623137222434	0.997623137222434	0.997623137222434	0.997623137222434	-0.189956730224007	-0.519059738533618	-0.825271181886133	-1.00395783254294	-0.866808571430934	0.326811813689126	-1.36699244617141	0.11969347286113	0.160624609281545	0.0855088772852937	-0.56331496514115	-1.70175877340605	-1.8633384996362	-1.55079252744702	-1.5032215869578	-1.58512198103593	-1.58512198103593	-0.0664548094590514	-1.48170226222473	-1.1347464009547	-0.325676754432483	-1.16611076986414	0.644452606584884	0.644452606584884	0.644452606584884	0.644452606584884	0.644452606584884	0.644452606584884	0.644452606584884	0.644452606584884	0.644452606584884	0.644452606584885	0.644452606584884	0.644452606584885	0.644452606584884
-0.956974834548195	-0.165976405440305	-0.366714969084462	-0.366714969084462	-0.7474878295696	-0.7474878295696	0.713699788702203	0.484160002969997	-0.695999938391255	0.781086422211978	-1.04648898629185	-1.33660457044757	-1.24795844418293	-1.4301557112328	1.24407539630913	2.41952859596758	1.33485957094667	0.362357055399014	0.0166096501554051	-0.196774276031354	-0.295168269045372	0.316746255640185	0.165833419827984	0.165833419827984	0.165833419827984	0.165833419827984	0.165833419827984	0.165833419827984	0.165833419827984	0.165833419827984	0.165833419827984	0.165833419827984	0.165833419827984	-0.173188201973234	-0.173188201973234	-0.173188201973234	-0.173188201973234	-0.173188201973234	-0.173188201973234	-0.173188201973234	-0.173188201973234	-0.173188201973234	-0.173188201973234	-0.173188201973234	-0.448693226793797	-0.448693226793797	-0.448693226793797	-0.448693226793797	-0.448693226793797	-0.448693226793797	-0.448693226793797	-0.448693226793797	-0.448693226793797	-0.448693226793797	-0.448693226793797	1.16938875356665	0.866793790343484	1.08361579447459	0.514579944243147	-0.428027618457012	1.08632022424049	0.762006429603456	0.324836081534672	0.947567358847618	0.505079667184096	1.48206109064918	-0.659831251676932	-1.28033313805098	-0.90941761255374	-0.612932169630388	-0.38918727478706	-0.389187274787061	-0.293636808852543	-0.0718924946856071	0.366435665771638	-0.216040326896664	-0.585273630864366	-0.790974340532942	-0.790974340532942	-0.790974340532942	-0.790974340532942	-0.790974340532942	-0.790974340532942	-0.790974340532942	-0.790974340532942	-0.790974340532942	-0.790974340532942	-0.790974340532942	-0.790974340532942	-0.790974340532942
-0.555642362708903	-0.170668652463088	-0.205806588002889	-0.20580658800289	-0.591314085177528	-0.591314085177528	-1.03759975596557	-1.1672887854576	-0.646425909952185	-0.417410789058144	-0.501340129809347	-1.15525107361129	-0.364229547178964	0.503141570138948	-1.94544438275104	-1.83926989144283	-0.956182208022551	0.300634712602157	0.777964115524375	0.0558239522753744	-0.965382087046601	-1.76706880472685	-0.950946154556584	-0.950946154556584	-0.950946154556584	-0.950946154556584	-0.950946154556584	-0.950946154556584	-0.950946154556584	-0.950946154556584	-0.950946154556584	-0.950946154556584	-0.950946154556584	0.307006189533421	0.307006189533421	0.307006189533421	0.307006189533421	0.307006189533421	0.307006189533421	0.307006189533421	0.307006189533421	0.307006189533421	0.307006189533421	0.307006189533421	0.718143998854624	0.718143998854624	0.718143998854624	0.718143998854624	0.718143998854624	0.718143998854624	0.718143998854624	0.718143998854624	0.718143998854624	0.718143998854624	0.718143998854624	-0.374833964018701	-0.632393585103719	0.806245704783069	0.720442710415608	0.367001500146583	0.270314840043197	-0.470038197548903	-0.430610829413807	0.22313687517177	-0.497591783638434	0.545397157749892	1.25312615748089	0.948436081735458	0.656252020852764	1.26721424467713	1.75913317804858	1.75913317804858	3.09045394164237	1.3859810803106	1.71351519872781	1.79871902112759	1.24589576330062	0.126224644751495	0.126224644751495	0.126224644751495	0.126224644751495	0.126224644751495	0.126224644751495	0.126224644751495	0.126224644751495	0.126224644751495	0.126224644751495	0.126224644751495	0.126224644751495	0.126224644751495
-0.573282930349206	-0.243652431051404	0.103831814465516	0.103831814465516	-0.283954419993664	-0.283954419993664	-0.300033133045887	0.183312579831056	-0.646381982070378	0.107274878471738	-1.15679793461629	-0.264321892438517	-1.08149124261349	-1.26801073525501	-0.550014823249028	-0.39777074391953	-1.99360564034577	-1.22351366016431	-1.65237039165853	0.471974481801489	1.01487464766703	1.1003977225344	-1.28584162895599	-1.28584162895599	-1.28584162895599	-1.28584162895599	-1.28584162895599	-1.28584162895599	-1.28584162895599	-1.28584162895599	-1.28584162895599	-1.28584162895599	-1.28584162895599	-0.549875048981417	-0.549875048981417	-0.549875048981417	-0.549875048981417	-0.549875048981417	-0.549875048981417	-0.549875048981417	-0.549875048981417	-0.549875048981417	-0.549875048981417	-0.549875048981417	0.317499890908364	0.317499890908364	0.317499890908364	0.317499890908364	0.317499890908364	0.317499890908364	0.317499890908364	0.317499890908364	0.317499890908364	0.317499890908364	0.317499890908364	1.40092139599838	1.23809676498396	-0.153134050368876	0.227802610985242	1.39530095411771	2.31958072889438	0.249635836929138	-0.632361747159339	0.649286613620763	1.08011824449793	-0.3286255600365	0.172781869735193	-0.193897703599065	-0.313184294410444	-0.297856990357719	0.276750350096523	0.276750350096523	0.994496701779199	0.445472946655035	0.438463696595479	1.13265425676094	0.940745835964801	0.823160495484091	0.823160495484091	0.823160495484091	0.823160495484091	0.823160495484091	0.823160495484091	0.823160495484091	0.823160495484091	0.823160495484091	0.823160495484091	0.823160495484091	0.823160495484091	0.823160495484091
1.27121217954986	1.14519555454976	0.950626211338975	0.950626211338976	0.20336073474399	0.203360734743991	-0.08506011527278	0.982585702368058	0.0100513470142084	1.03958100712742	1.51481504248426	-0.749849783989747	-1.72804685711043	-0.423633438677545	1.38181301782925	1.62139123878512	1.30038641961687	0.110434593633872	-0.86373101169849	-0.251518820019057	0.53113723812021	2.10221820086791	-0.325693544234678	-0.325693544234678	-0.325693544234678	-0.325693544234678	-0.325693544234678	-0.325693544234678	-0.325693544234678	-0.325693544234678	-0.325693544234678	-0.325693544234678	-0.325693544234678	0.839184635916397	0.839184635916397	0.839184635916397	0.839184635916397	0.839184635916397	0.839184635916397	0.839184635916397	0.839184635916397	0.839184635916397	0.839184635916397	0.839184635916397	0.938667718615723	0.938667718615723	0.938667718615723	0.938667718615723	0.938667718615723	0.938667718615723	0.938667718615723	0.938667718615723	0.938667718615723	0.938667718615723	0.938667718615723	0.0778733550886972	-0.920543690061757	-0.818094839053657	0.328547765174765	-0.0861779291297815	-0.581175276493927	-0.210174225284223	-0.418134146441263	-1.41369431375168	-0.28281897713517	-0.967253159997636	1.01280079423007	1.40053415501182	1.34581097163363	0.596521756457206	-0.137745885557176	-0.137745885557175	0.68264288432534	0.855315424875353	0.851505418064351	0.516083689206429	0.400148080140586	-1.30306336183786	-1.30306336183786	-1.30306336183786	-1.30306336183786	-1.30306336183786	-1.30306336183786	-1.30306336183786	-1.30306336183786	-1.30306336183786	-1.30306336183786	-1.30306336183786	-1.30306336183786	-1.30306336183786
0.197853703199457	0.337384849092705	-0.389644013431947	-0.389644013431946	-1.23808279841087	-1.23808279841087	-0.299904217549987	0.209800517189141	-0.397902912137334	-0.231996041692455	0.039515960476393	0.679939023980085	0.222615709493065	-0.457908486639285	0.398718588103863	0.958233623479791	0.302283890397877	-0.916376499923425	0.20877854989565	0.190121055537948	-0.764365410488541	-0.235143586027944	0.509675077905256	0.509675077905256	0.509675077905256	0.509675077905256	0.509675077905256	0.509675077905256	0.509675077905256	0.509675077905256	0.509675077905256	0.509675077905256	0.509675077905256	0.0658581186735593	0.0658581186735593	0.0658581186735593	0.0658581186735593	0.0658581186735593	0.0658581186735593	0.0658581186735593	0.0658581186735593	0.0658581186735593	0.0658581186735592	0.0658581186735593	-1.59237377411187	-1.59237377411187	-1.59237377411187	-1.59237377411187	-1.59237377411187	-1.59237377411187	-1.59237377411187	-1.59237377411187	-1.59237377411187	-1.59237377411187	-1.59237377411187	-2.14073691160995	-2.6496487298772	-1.07941342798056	0.262336226764983	-0.657390420265824	-2.31912970039948	-1.77885068583858	-0.730191519044489	-1.64193005492166	-1.39917832638657	-1.2832207215181	0.200213434245342	0.481171729926029	0.120705336376061	0.921026884296918	0.844154813914316	0.844154813914316	0.0508403326354042	-0.568223288673447	-0.866701618647481	-0.620150297162435	-0.741558394228438	-0.416194956564263	-0.416194956564263	-0.416194956564263	-0.416194956564263	-0.416194956564263	-0.416194956564263	-0.416194956564263	-0.416194956564263	-0.416194956564263	-0.416194956564263	-0.416194956564263	-0.416194956564264	-0.416194956564263
-0.366894772428614	-0.402284206163246	0.512921900125845	0.512921900125845	0.293496007591867	0.293496007591867	0.561276236166185	1.08527662064959	0.184147578338207	0.306784225792729	-0.0649761978978936	-0.188524938786413	-0.708960073648059	-0.315031449410767	0.648027208635586	0.151617764126238	-0.669319796879703	-1.30305991350759	-1.30696344562534	-0.178032015564214	-0.0405887550501304	0.638778924182184	-0.588578469440813	-0.588578469440813	-0.588578469440813	-0.588578469440813	-0.588578469440813	-0.588578469440813	-0.588578469440813	-0.588578469440813	-0.588578469440813	-0.588578469440813	-0.588578469440813	1.27715915925793	1.27715915925793	1.27715915925793	1.27715915925793	1.27715915925793	1.27715915925793	1.27715915925793	1.27715915925793	1.27715915925793	1.27715915925793	1.27715915925793	-1.54422701987669	-1.54422701987669	-1.54422701987669	-1.54422701987669	-1.54422701987669	-1.54422701987669	-1.54422701987669	-1.54422701987669	-1.54422701987669	-1.54422701987669	-1.54422701987669	-0.543157679016942	0.525141324310925	0.292892657810283	-0.493436994892187	-0.762057690484472	-0.941779056237718	0.580831772359851	-0.552845558097317	-0.016898148979633	0.722504628307742	0.175785398405291	-0.505097477865664	-0.0647821823038474	-0.137426847256207	-0.415566268235759	-0.709220772339458	-0.709220772339458	-0.241934056024232	-0.0155720132434163	-0.0484343521329252	-0.527522361280885	-0.87775630374062	-1.98006977395638	-1.98006977395638	-1.98006977395638	-1.98006977395638	-1.98006977395638	-1.98006977395638	-1.98006977395638	-1.98006977395638	-1.98006977395638	-1.98006977395638	-1.98006977395638	-1.98006977395638	-1.98006977395638
0.288019696835438	0.174761285118152	1.58468964060918	1.58468964060918	1.5912725354385	1.5912725354385	0.879561474948857	0.883616653116314	1.54904750083152	-0.138077806019947	0.256310838795016	-0.844190317203347	-1.44899486003304	-0.202956049406903	0.894912403526918	1.62846447876879	0.697493609990071	0.278480029811789	-1.06160036266013	0.839634887712534	1.03399687819248	1.44667754426385	1.99331192837071	1.99331192837071	1.99331192837071	1.99331192837071	1.99331192837071	1.99331192837071	1.99331192837071	1.99331192837071	1.99331192837071	1.99331192837071	1.99331192837071	0.750165168437784	0.750165168437784	0.750165168437784	0.750165168437784	0.750165168437784	0.750165168437784	0.750165168437784	0.750165168437784	0.750165168437784	0.750165168437784	0.750165168437784	-0.2779247409615	-0.2779247409615	-0.2779247409615	-0.2779247409615	-0.2779247409615	-0.2779247409615	-0.2779247409615	-0.2779247409615	-0.2779247409615	-0.2779247409615	-0.2779247409615	-0.507352233253237	-0.238845166367103	1.1745900850589	0.818861355238625	-0.414620375096141	-0.658060707030187	-0.537411101170233	-0.563421341251983	-0.500925880853338	-0.513500203256067	-0.132221499796432	1.28729672469146	1.46895454400811	1.7070977249928	1.20169416433562	1.15487780327004	1.15487780327004	1.64727801104445	1.24881063639533	1.31936648569555	1.85954573610103	1.76405914586885	0.894515148359601	0.894515148359601	0.894515148359601	0.894515148359601	0.894515148359601	0.894515148359601	0.894515148359601	0.894515148359601	0.894515148359601	0.894515148359601	0.894515148359601	0.894515148359601	0.894515148359601
0.554836426427814	0.808567279148276	-0.170189258929529	-0.170189258929528	0.991156094644138	0.991156094644138	-0.448157196627645	-0.000155816514121496	0.809453305602988	-1.78812180025042	-0.735079580782819	-0.6827274583504	-0.417231168900893	0.288902260431898	0.984483416330567	1.78401729202746	0.577730063829977	-0.133624268665332	-0.708745417285219	-0.721362558941372	-1.32939593547018	0.190086043242651	0.503079036723072	0.503079036723072	0.503079036723072	0.503079036723072	0.503079036723072	0.503079036723072	0.503079036723072	0.503079036723072	0.503079036723072	0.503079036723072	0.503079036723072	-0.335503055672825	-0.335503055672825	-0.335503055672825	-0.335503055672825	-0.335503055672825	-0.335503055672825	-0.335503055672825	-0.335503055672825	-0.335503055672825	-0.335503055672825	-0.335503055672825	0.553653761549411	0.553653761549411	0.553653761549411	0.553653761549411	0.553653761549411	0.553653761549411	0.553653761549411	0.553653761549411	0.553653761549411	0.553653761549411	0.553653761549411	-0.968552310184658	-1.11671051027803	-1.78286754804396	-1.91986358441438	0.0500167784200846	0.79342860007691	-1.65623340536524	-1.38734733342351	-1.1128523034246	-0.667427884895363	-1.8621509988924	-0.795821425090326	-0.431048513860528	-0.498242228121137	-0.779351917869391	-0.754379439550932	-0.754379439550932	-1.30433193905665	-0.517923151333731	-0.494783261258879	-0.95074505543731	-0.415370920731148	-0.88166734524581	-0.88166734524581	-0.88166734524581	-0.88166734524581	-0.88166734524581	-0.88166734524581	-0.88166734524581	-0.88166734524581	-0.88166734524581	-0.881667345245809	-0.88166734524581	-0.88166734524581	-0.88166734524581
0.463566004886216	0.942376542935326	0.758625154354843	0.758625154354843	1.40770214799857	1.40770214799857	1.20314025241955	0.646927657740736	0.725088626169272	-0.0240735776951595	0.153752233405917	-0.117577127674474	-0.158451771310454	1.61373439392764	-0.398053565331923	0.593940908777654	0.631398803689103	1.43621584966311	-0.39560730004834	0.123463726709203	-0.485215649676775	0.936072115716256	0.375487319688328	0.375487319688328	0.375487319688328	0.375487319688328	0.375487319688328	0.375487319688328	0.375487319688328	0.375487319688328	0.375487319688328	0.375487319688328	0.375487319688328	-0.229811313631931	-0.229811313631931	-0.229811313631931	-0.229811313631931	-0.229811313631931	-0.229811313631931	-0.229811313631931	-0.229811313631931	-0.229811313631931	-0.229811313631931	-0.229811313631931	1.18027611525439	1.18027611525439	1.18027611525439	1.18027611525439	1.18027611525439	1.18027611525439	1.18027611525439	1.18027611525439	1.18027611525439	1.18027611525439	1.18027611525439	-0.276183450965407	-0.0468090947876447	-0.268963754146396	1.33166156374129	0.812001603109445	-0.653052193653835	0.716741924060368	-1.11374072694917	0.170449134056435	-0.45144202888077	-0.334871339229082	-0.105327353425859	-0.186221890253716	-0.658943012971129	-0.232858138031043	-0.0440378197145071	-0.0440378197145072	-0.153225066460074	0.325147903839653	0.361484560881021	0.463397146405359	0.387256069778464	0.662556420060499	0.662556420060499	0.662556420060499	0.662556420060499	0.662556420060499	0.662556420060499	0.662556420060499	0.662556420060499	0.662556420060499	0.662556420060499	0.662556420060499	0.662556420060499	0.662556420060499
0.326816418013838	1.60130666427329	0.495533273731936	0.495533273731937	0.956462725417631	0.956462725417631	-0.364013469317798	0.00564832543476407	0.185330858952834	-0.358236062833436	0.0430208028240593	-1.15316505582982	-0.399081826335569	-0.67144876583809	1.28148637632694	1.41292854174734	0.42414235931497	-1.14369796632986	-1.07779907637585	-1.4250513358378	0.623760030043551	0.816677449929403	-1.30097488988233	-1.30097488988233	-1.30097488988233	-1.30097488988233	-1.30097488988233	-1.30097488988233	-1.30097488988233	-1.30097488988233	-1.30097488988233	-1.30097488988233	-1.30097488988233	0.426221331712564	0.426221331712564	0.426221331712564	0.426221331712564	0.426221331712564	0.426221331712564	0.426221331712564	0.426221331712564	0.426221331712564	0.426221331712564	0.426221331712564	0.389275607753982	0.389275607753982	0.389275607753982	0.389275607753982	0.389275607753982	0.389275607753982	0.389275607753982	0.389275607753982	0.389275607753982	0.389275607753982	0.389275607753982	-0.222472498861797	-1.88911529590246	0.238290824197384	-0.731101540260133	-1.89493117365746	-0.742654804831482	-0.526332783453349	-0.81814354328374	-1.31819244089948	-0.774357625864266	0.259797397710362	-1.50252286999736	-1.74846627499773	-2.42721455716065	-1.08922503683325	-0.534031261476726	-0.534031261476726	-2.26982219489383	-1.49212433824723	-1.70937940017404	-1.93338605522926	-1.75821879852932	0.364897666840575	0.364897666840575	0.364897666840575	0.364897666840575	0.364897666840575	0.364897666840575	0.364897666840575	0.364897666840575	0.364897666840575	0.364897666840575	0.364897666840575	0.364897666840575	0.364897666840575
-0.183127171050676	0.444520872478619	-0.141741352151465	-0.141741352151465	-1.01555013278747	-1.01555013278747	-0.370716457039961	-1.0030156934634	-0.286406008963062	-0.852857510381409	-0.11279941663157	0.43612035471173	1.07269406491457	0.345840461114187	0.0495960380733183	0.30005767081818	0.589549160060542	0.0173375396462852	0.219411048429993	0.760403533237786	0.940231032880117	-0.657965516529637	0.0599564450820663	0.0599564450820663	0.0599564450820663	0.0599564450820663	0.0599564450820663	0.0599564450820663	0.0599564450820663	0.0599564450820663	0.0599564450820663	0.0599564450820664	0.0599564450820663	0.0427661087733982	0.0427661087733982	0.0427661087733982	0.0427661087733982	0.0427661087733982	0.0427661087733982	0.0427661087733982	0.0427661087733982	0.0427661087733982	0.0427661087733982	0.0427661087733982	1.49902081361253	1.49902081361253	1.49902081361253	1.49902081361253	1.49902081361253	1.49902081361253	1.49902081361253	1.49902081361253	1.49902081361253	1.49902081361253	1.49902081361253	-0.605316320547343	-0.0936980189571286	-0.75797876016388	-1.13010212547575	-1.55776447635683	-0.841961619269829	-0.171014903138632	-1.42281641441384	-0.655255246132742	-0.500444381557926	-1.15578173600043	-0.313369507417335	-0.0606675555621792	-0.340018362481456	-0.75477949434804	-0.634317256080094	-0.634317256080094	0.200530569155271	0.111655806733302	0.0404953120832459	0.739571988423901	0.386870593968133	-1.23728077982711	-1.23728077982711	-1.23728077982711	-1.23728077982711	-1.23728077982711	-1.23728077982711	-1.23728077982711	-1.23728077982711	-1.23728077982711	-1.23728077982711	-1.23728077982711	-1.23728077982711	-1.23728077982711
-2.19941891707898	-1.87307364768137	-1.75103226594011	-1.75103226594011	-1.98955212942771	-1.98955212942771	-1.42456091866303	-2.06242579072991	-1.72412497656854	-0.980994792464325	-1.26382710938495	-1.4491549586202	-0.38822015673451	0.058115006741153	-1.42230673503003	-1.39944192771129	-0.805978112116297	-0.209254101072099	0.295977024229111	-1.69900432616361	-1.08870224728609	-0.907436478262342	1.03114228240586	1.03114228240586	1.03114228240586	1.03114228240586	1.03114228240586	1.03114228240586	1.03114228240586	1.03114228240586	1.03114228240586	1.03114228240586	1.03114228240586	1.95424089519018	1.95424089519018	1.95424089519018	1.95424089519018	1.95424089519018	1.95424089519018	1.95424089519018	1.95424089519018	1.95424089519018	1.95424089519018	1.95424089519018	3.24661520815597	3.24661520815597	3.24661520815597	3.24661520815597	3.24661520815597	3.24661520815597	3.24661520815597	3.24661520815597	3.24661520815597	3.24661520815597	3.24661520815597	-0.321759249030685	-0.143551570954955	0.603416862987937	0.0385252039504071	-0.887368901582864	-0.885234965093914	0.410774826727873	0.551621091411836	0.239946080376811	-0.366718462390435	0.928129926462511	2.60702889906958	2.91843681871338	2.56474523793927	2.7509225134101	2.47531038905792	2.47531038905792	2.21998639518447	2.76716619349224	2.33087739163482	2.73420696688045	2.52265448345389	0.0498206385427426	0.0498206385427426	0.0498206385427426	0.0498206385427426	0.0498206385427426	0.0498206385427426	0.0498206385427426	0.0498206385427426	0.0498206385427426	0.0498206385427427	0.0498206385427426	0.0498206385427427	0.0498206385427426
0.136782391866982	-0.982515006175447	-1.12895928037772	-1.12895928037772	0.611548626660786	0.611548626660786	0.679405049270426	0.941489062726964	1.31238842351161	0.245748291507659	1.18954148075179	0.520087996503934	0.628723749641036	1.33306310417326	1.19603612644332	0.552193224569593	-0.429831238553663	0.040541219060688	0.512826198426689	0.807553107637648	0.135556237217254	0.972504650574423	-0.980174851561016	-0.980174851561016	-0.980174851561016	-0.980174851561016	-0.980174851561016	-0.980174851561016	-0.980174851561016	-0.980174851561016	-0.980174851561016	-0.980174851561016	-0.980174851561016	1.03505774890911	1.03505774890911	1.03505774890911	1.03505774890911	1.03505774890911	1.03505774890911	1.03505774890911	1.03505774890911	1.03505774890911	1.03505774890911	1.03505774890911	0.703064490835593	0.703064490835593	0.703064490835593	0.703064490835593	0.703064490835593	0.703064490835593	0.703064490835593	0.703064490835593	0.703064490835593	0.703064490835593	0.703064490835593	-1.29382222967884	0.417077104752985	0.385840230852088	-0.93717740692425	-1.48735349487791	-0.18667983325418	-0.965920557964838	2.03514380140247	1.17596412422026	-1.21766757622369	1.23209512519732	-2.09472742001216	-2.275495750752	-1.91612315601214	-1.35319163751821	-1.21291214161176	-1.21291214161176	-2.897852217904	-2.11608926338193	-2.44546506666701	-2.73457030729156	-2.61150193437903	0.00923827720583295	0.00923827720583295	0.00923827720583295	0.00923827720583295	0.00923827720583295	0.00923827720583295	0.00923827720583295	0.00923827720583295	0.00923827720583295	0.00923827720583301	0.00923827720583295	0.00923827720583302	0.00923827720583295
1.11508587074989	-0.256606398273101	-0.809148395217109	-0.809148395217109	1.10366050771638	1.10366050771638	0.191990167058731	1.43856404597546	0.806639739452268	0.612106167953348	0.317487731614465	1.11240066952458	0.727817992401466	-0.0700476761372269	-0.606260393170697	0.77028127581029	0.936840550281626	0.927482589985092	0.579457271074815	1.35866054016798	-0.276706328075513	-0.74527522894321	1.08130801429619	1.08130801429619	1.08130801429619	1.08130801429619	1.08130801429619	1.08130801429619	1.08130801429619	1.08130801429619	1.08130801429619	1.08130801429619	1.08130801429619	-0.0519459302494179	-0.0519459302494179	-0.0519459302494179	-0.0519459302494179	-0.0519459302494179	-0.0519459302494179	-0.0519459302494179	-0.0519459302494179	-0.0519459302494179	-0.0519459302494179	-0.0519459302494179	2.25445767054453	2.25445767054453	2.25445767054453	2.25445767054453	2.25445767054453	2.25445767054453	2.25445767054453	2.25445767054453	2.25445767054453	2.25445767054453	2.25445767054453	0.104402145304531	0.39689494381978	1.00344796567834	-0.530409942623706	0.965448345082963	1.8934923087852	-0.393812336268451	1.55742775141575	1.06258236304323	-0.486452435509021	1.44754560234479	1.22776198734838	1.26326394473633	1.40157320930273	0.775862867685558	1.0095892835509	1.0095892835509	1.16660096859127	1.20354980084752	1.92923291498731	1.05417231627998	0.892235183214632	-0.528685808407167	-0.528685808407167	-0.528685808407167	-0.528685808407167	-0.528685808407167	-0.528685808407167	-0.528685808407167	-0.528685808407167	-0.528685808407167	-0.528685808407167	-0.528685808407167	-0.528685808407167	-0.528685808407167
0.504869075761616	-0.598599365380815	-0.699348257124366	-0.699348257124366	0.597296562602731	0.597296562602731	0.0451936114509485	0.687730012249089	0.747109487657499	0.359275425774721	0.941086006841272	1.95879521803687	2.23159669256295	1.60227119938465	-0.142538359946863	-0.919857375713522	-0.049206145063948	-0.658036634116549	0.449165884862707	1.33137682085872	0.578563858765036	-0.848708664456326	-0.43939887247651	-0.43939887247651	-0.43939887247651	-0.43939887247651	-0.43939887247651	-0.43939887247651	-0.43939887247651	-0.43939887247651	-0.43939887247651	-0.43939887247651	-0.43939887247651	-0.0854694871998012	-0.0854694871998012	-0.0854694871998012	-0.0854694871998012	-0.0854694871998012	-0.0854694871998012	-0.0854694871998012	-0.0854694871998012	-0.0854694871998012	-0.0854694871998011	-0.0854694871998012	-0.0244133010729583	-0.0244133010729583	-0.0244133010729583	-0.0244133010729583	-0.0244133010729583	-0.0244133010729583	-0.0244133010729583	-0.0244133010729583	-0.0244133010729583	-0.0244133010729583	-0.0244133010729583	0.642569010301646	0.148132135619956	1.08835874033967	1.07822348928548	1.41474226402923	0.592382966224367	0.135067679878589	-0.628307036693123	1.08443486669671	1.12217213853779	0.298888029373336	-0.0685633865931624	-0.217224603481931	-0.45202801180567	-0.0894475036876221	-0.404802421676778	-0.404802421676778	-0.745352663807989	-0.35994285008096	-0.393478354165324	0.15451916076768	0.562775675605824	0.444043388553143	0.444043388553143	0.444043388553143	0.444043388553143	0.444043388553143	0.444043388553143	0.444043388553143	0.444043388553143	0.444043388553143	0.444043388553143	0.444043388553143	0.444043388553143	0.444043388553143
-1.12912356536589	-0.823095725440215	-0.938818878386298	-0.938818878386297	-0.809568945159805	-0.809568945159805	-1.23967814990421	-0.787931622485676	-1.22744091750838	-1.05543034210856	-0.945617508930253	-1.00248127333839	0.0540837952609624	0.160419070249947	-0.279270600858643	0.00700892831554269	1.95014498294409	1.499281331622	1.70516933088128	-0.387194997945113	-0.803013112585356	-1.54800464341169	-0.293933335761903	-0.293933335761903	-0.293933335761903	-0.293933335761903	-0.293933335761903	-0.293933335761903	-0.293933335761903	-0.293933335761903	-0.293933335761903	-0.293933335761903	-0.293933335761903	0.599593177925645	0.599593177925645	0.599593177925645	0.599593177925645	0.599593177925645	0.599593177925645	0.599593177925645	0.599593177925645	0.599593177925645	0.599593177925645	0.599593177925645	-0.212997948831492	-0.212997948831492	-0.212997948831492	-0.212997948831492	-0.212997948831492	-0.212997948831492	-0.212997948831492	-0.212997948831492	-0.212997948831492	-0.212997948831492	-0.212997948831492	1.27912428233646	-0.747632717680102	1.10176534490929	2.5305692796687	0.514224278717962	-1.83153954351446	1.15512554268762	-0.287345935498089	-0.470074464978391	1.86282009292107	0.296655255840498	0.602159331895861	1.0399633676203	1.31929281974891	0.511462921475946	-0.342830960158234	-0.342830960158234	0.371424710686232	0.226336925603065	0.00191933028748476	0.589832813004468	0.637810099402408	-0.733703741492462	-0.733703741492462	-0.733703741492462	-0.733703741492462	-0.733703741492462	-0.733703741492462	-0.733703741492462	-0.733703741492462	-0.733703741492462	-0.733703741492462	-0.733703741492462	-0.733703741492462	-0.733703741492462
0.345041397127045	0.0804457793862362	0.77215401765689	0.77215401765689	0.670867430992885	0.670867430992884	0.594715588370378	0.10906680455428	1.33606363237285	-0.284910760585537	0.551550132702168	-1.01614187137378	-0.241436796107518	0.0963118004469908	-1.1491106814491	-0.654703392154362	-1.44771366418886	-1.49183502801101	-0.582581137277742	0.00524083972926852	-1.43332500714112	-2.36203269612026	0.881346538712745	0.881346538712745	0.881346538712745	0.881346538712745	0.881346538712745	0.881346538712745	0.881346538712745	0.881346538712745	0.881346538712745	0.881346538712745	0.881346538712745	0.381813543867849	0.381813543867849	0.381813543867849	0.381813543867849	0.381813543867849	0.381813543867849	0.381813543867849	0.381813543867849	0.381813543867849	0.381813543867849	0.381813543867849	-1.77642886264686	-1.77642886264686	-1.77642886264686	-1.77642886264686	-1.77642886264686	-1.77642886264686	-1.77642886264686	-1.77642886264686	-1.77642886264686	-1.77642886264686	-1.77642886264686	-0.981103450088286	-0.924661227368437	-1.03367980781782	-1.8707681240491	-2.44220045982484	-0.46856309111243	-1.122494892875	-0.148045444058434	-1.27945111353721	-2.01580607615121	-0.765816477083103	0.167894907199525	0.585227270981977	-0.105605171702068	0.0982590598900155	-0.631498372643519	-0.631498372643519	-1.12641584606001	-0.918100189416283	-1.545840491102	0.0308048392554549	0.0300123472010885	-0.643076068117891	-0.643076068117891	-0.643076068117891	-0.643076068117891	-0.643076068117891	-0.643076068117891	-0.643076068117891	-0.643076068117891	-0.643076068117891	-0.643076068117891	-0.643076068117891	-0.643076068117891	-0.643076068117891
1.21767062268258	0.807259642593436	0.174747437631113	0.174747437631113	0.445700816397948	0.445700816397949	1.20436666354722	1.13382662978699	0.395213603598133	1.03848508244363	0.78246758548757	1.63269010538946	1.07438658292453	-0.971277725407584	-1.59640263423293	-0.961203203963133	0.264161120466735	0.460898008460989	1.06055999545131	1.33406141000473	1.56406522440648	-0.365289284561925	1.14183376647824	1.14183376647824	1.14183376647824	1.14183376647824	1.14183376647824	1.14183376647824	1.14183376647824	1.14183376647824	1.14183376647824	1.14183376647824	1.14183376647824	0.989699976806313	0.989699976806313	0.989699976806313	0.989699976806313	0.989699976806313	0.989699976806313	0.989699976806313	0.989699976806313	0.989699976806313	0.989699976806313	0.989699976806313	0.158106435355693	0.158106435355693	0.158106435355693	0.158106435355693	0.158106435355693	0.158106435355693	0.158106435355693	0.158106435355693	0.158106435355693	0.158106435355693	0.158106435355693	1.19631057422219	0.349818795849239	0.0110569976211116	-0.193307062243727	0.913932126841815	1.00033813263029	0.408688856467956	-0.249410454718009	0.430938161654359	1.88806454377303	0.0827151928347298	1.64812782915935	2.04271561072863	2.1534676995574	1.2054680660434	1.49986827183178	1.49986827183178	1.231793105626	1.75812655172951	1.33249414427455	1.6954179669241	1.65600542174163	-0.13233207340726	-0.13233207340726	-0.13233207340726	-0.13233207340726	-0.13233207340726	-0.13233207340726	-0.13233207340726	-0.13233207340726	-0.13233207340726	-0.13233207340726	-0.13233207340726	-0.13233207340726	-0.13233207340726
-1.91595123624955	-1.58605014871818	-0.190186411416305	-0.190186411416305	-0.461672443160725	-0.461672443160725	-0.538727686798029	-1.46921960773475	-0.36034763473689	-1.1210646618209	-0.876506075157203	-0.898869419099266	-1.42696484953562	-1.39484509719192	0.357961366055004	0.769513135329891	2.3882458605454	1.27645630062585	0.377366215083962	-1.61314816886201	-1.13714665492303	-1.21195920526735	2.06060172763473	2.06060172763473	2.06060172763473	2.06060172763473	2.06060172763473	2.06060172763473	2.06060172763473	2.06060172763473	2.06060172763473	2.06060172763473	2.06060172763473	1.92955095402135	1.92955095402135	1.92955095402135	1.92955095402135	1.92955095402135	1.92955095402135	1.92955095402135	1.92955095402135	1.92955095402135	1.92955095402135	1.92955095402135	-1.04835723792597	-1.04835723792597	-1.04835723792597	-1.04835723792597	-1.04835723792597	-1.04835723792597	-1.04835723792597	-1.04835723792597	-1.04835723792597	-1.04835723792597	-1.04835723792597	-0.668376564297937	0.286914261643634	-0.30827188789074	0.0670635472299377	0.731001426995002	-0.945669176115653	1.07994679671802	-2.0741688733895	0.143038773325193	0.770210164945325	-0.612547350914664	-0.0327263835081625	0.202144813129512	0.763479948872833	-0.501468778091411	-0.716092310883721	-0.716092310883721	-0.629099456911055	0.48812673029448	0.361946980750686	0.0236667253605773	0.463714645248545	1.08744630106732	1.08744630106732	1.08744630106732	1.08744630106732	1.08744630106732	1.08744630106732	1.08744630106732	1.08744630106732	1.08744630106732	1.08744630106733	1.08744630106732	1.08744630106733	1.08744630106732
-1.43480189400296	-1.84620685502625	-1.13607782594725	-1.13607782594725	-0.689143814735176	-0.689143814735176	-0.905824071868905	-0.252077300493023	-1.6869979236723	0.0316134761237935	-2.33117595474494	2.6302996039003	2.18060313983867	1.1031778546792	0.761651707647954	0.669055783026463	0.303274207075435	0.20219329392665	1.14928806736478	1.89891855008835	0.289749156104779	-0.209181263330931	0.298881400608849	0.298881400608849	0.298881400608849	0.298881400608849	0.298881400608849	0.298881400608849	0.298881400608849	0.298881400608849	0.298881400608849	0.298881400608849	0.298881400608849	0.541134810064712	0.541134810064712	0.541134810064712	0.541134810064712	0.541134810064712	0.541134810064712	0.541134810064712	0.541134810064712	0.541134810064712	0.541134810064712	0.541134810064712	0.308808640537589	0.308808640537589	0.308808640537589	0.308808640537589	0.308808640537589	0.308808640537589	0.308808640537589	0.308808640537589	0.308808640537589	0.308808640537589	0.308808640537589	0.635944183608609	-0.17201732709159	0.100668055991346	1.15311038318229	-0.472912063108918	-1.61778735618989	0.79776622997903	1.04474290692243	-0.582234662534292	0.825994600208418	0.299885555817218	-0.362082417348738	-0.0893504667774205	1.16392340933204	-0.582925503646726	-0.438998682010401	-0.438998682010401	0.880968333733637	0.371836869366374	0.809062751984227	0.151926132846766	-0.121289475331627	-1.05948861308166	-1.05948861308166	-1.05948861308166	-1.05948861308166	-1.05948861308166	-1.05948861308166	-1.05948861308166	-1.05948861308166	-1.05948861308166	-1.05948861308166	-1.05948861308166	-1.05948861308166	-1.05948861308166
-0.4627117379012	-0.959073165883515	-0.704254482313857	-0.704254482313857	-0.0115993674361127	-0.0115993674361124	-0.595607852389304	0.814903109086594	0.0553097779221123	-0.0153913734252984	-0.804950617378856	-0.0536987010672199	-0.572080751492801	-0.15640704035521	-2.1353988399629	-2.75789635212068	-1.75130618685161	-2.04637899239562	-0.824724349553079	0.051475368079185	-0.390339414422276	-1.12000014252711	-1.94483034913339	-1.94483034913339	-1.94483034913339	-1.94483034913339	-1.94483034913339	-1.94483034913339	-1.94483034913339	-1.94483034913339	-1.94483034913339	-1.94483034913339	-1.94483034913339	1.63042531329858	1.63042531329858	1.63042531329858	1.63042531329858	1.63042531329858	1.63042531329858	1.63042531329858	1.63042531329858	1.63042531329858	1.63042531329858	1.63042531329858	-1.83233368993527	-1.83233368993527	-1.83233368993527	-1.83233368993527	-1.83233368993527	-1.83233368993527	-1.83233368993527	-1.83233368993527	-1.83233368993527	-1.83233368993527	-1.83233368993527	0.00884128955146474	1.1803937409697	0.64830696585653	0.202631855213675	1.98163092878118	1.23019281946242	0.605932084157976	0.279741315163595	1.0948655889116	0.610827873131338	0.673444933117609	0.608697790662275	0.689776450724827	0.355118264567936	1.05762516833508	0.721534093873839	0.721534093873839	-0.0990990332528614	0.145333153477627	-0.402414072972516	0.365355276158726	0.82651581810546	0.714723590037916	0.714723590037916	0.714723590037916	0.714723590037916	0.714723590037916	0.714723590037916	0.714723590037916	0.714723590037916	0.714723590037916	0.714723590037916	0.714723590037916	0.714723590037916	0.714723590037916
0.166552722879341	0.66688709175917	-0.609426558926446	-0.609426558926446	0.148289245662792	0.148289245662792	0.213522905628557	0.245583476152289	0.0577772405794193	0.419332645876215	-0.754912733294384	0.146906742754009	0.265562769857606	0.223589388696754	-0.991812747897468	-0.343670671796092	-0.433806403755313	0.281797627538504	0.966248050148272	2.29774132444744	0.609062325292803	-0.244906820141362	-1.62746635632757	-1.62746635632757	-1.62746635632757	-1.62746635632757	-1.62746635632757	-1.62746635632757	-1.62746635632757	-1.62746635632757	-1.62746635632757	-1.62746635632757	-1.62746635632757	0.564952445632682	0.564952445632682	0.564952445632682	0.564952445632682	0.564952445632682	0.564952445632682	0.564952445632682	0.564952445632682	0.564952445632682	0.564952445632682	0.564952445632682	-0.54078455768442	-0.54078455768442	-0.54078455768442	-0.54078455768442	-0.54078455768442	-0.54078455768442	-0.54078455768442	-0.54078455768442	-0.54078455768442	-0.54078455768442	-0.54078455768442	1.74434107259611	0.255706910160214	0.244052682951258	1.45200110894571	1.4962981377841	0.691708623808369	0.416239386879493	0.154737630542407	-0.157776727646408	1.68941028269735	-0.268700059651549	-1.03000844061406	-0.521516861565715	-0.500979522903016	-1.13078511464457	-1.18312529905474	-1.18312529905474	-0.860555546588908	-1.42369939325391	-1.79631069198147	-1.0000872535483	-1.30171122485256	0.858123942853214	0.858123942853214	0.858123942853214	0.858123942853214	0.858123942853214	0.858123942853214	0.858123942853214	0.858123942853214	0.858123942853214	0.858123942853214	0.858123942853214	0.858123942853214	0.858123942853214
-0.409421239942133	0.122482472104882	-0.756432894770696	-0.756432894770696	-0.086372205653883	-0.0863722056538825	0.0250380184260085	0.730591735596283	-0.975210920503994	-0.0143775918221666	-0.0613147243209737	1.13812872846989	0.83102328104889	1.47114531457806	0.189747784905064	0.8786671109444	0.672322137063257	0.0549826453523775	-1.15454665715026	0.416749872736567	-0.159073381351363	-0.129422867248096	1.21208257465064	1.21208257465064	1.21208257465064	1.21208257465064	1.21208257465064	1.21208257465064	1.21208257465064	1.21208257465064	1.21208257465064	1.21208257465064	1.21208257465064	-0.123882308868371	-0.123882308868371	-0.123882308868371	-0.123882308868371	-0.123882308868371	-0.123882308868371	-0.123882308868371	-0.123882308868371	-0.123882308868371	-0.123882308868371	-0.123882308868371	-0.609369049497095	-0.609369049497095	-0.609369049497095	-0.609369049497095	-0.609369049497095	-0.609369049497095	-0.609369049497095	-0.609369049497095	-0.609369049497095	-0.609369049497095	-0.609369049497095	0.859488925356963	0.254255767298346	-0.161311528554795	1.02243526945497	1.04218199937595	0.0458188521421139	2.18099634638797	-2.35003229777714	0.559914343539682	1.68300550095246	0.617776576030806	-1.20039188005227	-1.43962670864391	-2.13885628903077	-1.15867567967849	-1.45751803142001	-1.45751803142001	-1.57303643697097	-2.00989952634011	-2.36536253258587	-1.68357706569308	-1.9077572689069	-0.587564379357319	-0.587564379357319	-0.587564379357319	-0.587564379357319	-0.587564379357319	-0.587564379357319	-0.587564379357319	-0.587564379357319	-0.587564379357319	-0.587564379357319	-0.587564379357319	-0.587564379357319	-0.587564379357319
-0.188518452247032	0.0844274277914609	-0.285148159466589	-0.285148159466588	0.00171322675571317	0.00171322675571341	-0.719783284742581	0.180626276253509	-0.691676580703979	-0.257092902903096	-0.463430224200306	1.41352898031289	0.317388001165733	0.725361060649054	-0.243694830411285	-0.75694662835332	-1.01778809658867	1.28967059505045	0.683755253806365	1.13969081704639	-0.455475832132172	0.246829258460798	-0.114302044714432	-0.114302044714432	-0.114302044714432	-0.114302044714432	-0.114302044714432	-0.114302044714432	-0.114302044714432	-0.114302044714432	-0.114302044714432	-0.114302044714432	-0.114302044714432	1.62883429323097	1.62883429323097	1.62883429323097	1.62883429323097	1.62883429323097	1.62883429323097	1.62883429323097	1.62883429323097	1.62883429323097	1.62883429323097	1.62883429323097	0.457087061567847	0.457087061567847	0.457087061567847	0.457087061567847	0.457087061567847	0.457087061567847	0.457087061567847	0.457087061567847	0.457087061567847	0.457087061567847	0.457087061567847	0.209884978571109	-0.865307777229741	0.842848018106813	-0.311826738161335	-1.85584792211467	-0.904458490627122	-0.633448645223813	2.06258285794683	-0.265540013688221	0.167208180082586	1.25745454659305	1.58336346913485	1.57893807947295	0.773085717251339	1.38373516534968	0.776376737020182	0.776376737020182	0.831422913251779	0.920943698986164	1.08874691679232	1.24765617654748	1.19346052595505	-1.5217788151565	-1.5217788151565	-1.5217788151565	-1.5217788151565	-1.5217788151565	-1.5217788151565	-1.5217788151565	-1.5217788151565	-1.5217788151565	-1.5217788151565	-1.5217788151565	-1.5217788151565	-1.5217788151565
-0.705618172713289	-1.22834043475672	-1.40636122097462	-1.40636122097462	-1.38424184606757	-1.38424184606757	-1.43420395732356	-0.884665885319466	-0.31770394075837	-0.790225554358791	-0.370784685187529	1.51985108024544	0.898828549317322	1.65896793369197	0.4735833186939	0.655810038234463	0.400242968995	-0.822535928019343	-1.46638747601103	-1.17420693592136	-2.55971420620068	-1.77452636361136	-1.17900787471385	-1.17900787471385	-1.17900787471385	-1.17900787471385	-1.17900787471385	-1.17900787471385	-1.17900787471385	-1.17900787471385	-1.17900787471385	-1.17900787471385	-1.17900787471385	-0.736435427513399	-0.736435427513399	-0.736435427513399	-0.736435427513399	-0.736435427513399	-0.736435427513399	-0.736435427513399	-0.736435427513399	-0.736435427513399	-0.736435427513399	-0.736435427513399	-0.72315829010651	-0.72315829010651	-0.72315829010651	-0.72315829010651	-0.72315829010651	-0.72315829010651	-0.72315829010651	-0.72315829010651	-0.72315829010651	-0.72315829010651	-0.72315829010651	-0.763298138519443	-0.851152457335206	-2.31081256310018	-0.164469796078556	-0.430213663339997	-0.312495645966273	-1.57206122616452	-0.322551134555431	-0.930287107830719	-1.24557860654042	-2.10437072480509	0.781808639360257	0.781862413795805	1.51379518455067	0.469153469023849	1.21462478031856	1.21462478031857	0.718279569048574	1.54226288309802	1.31317531661364	0.024253227825054	0.781787785359451	0.41874468768562	0.41874468768562	0.41874468768562	0.41874468768562	0.41874468768562	0.41874468768562	0.41874468768562	0.41874468768562	0.41874468768562	0.418744687685621	0.41874468768562	0.418744687685621	0.41874468768562
1.77636933716124	1.84363003748733	1.6367213078348	1.6367213078348	0.602797219182845	0.602797219182845	0.957310649607576	0.76785218935795	0.113171021048932	0.963034658996152	1.17090509362222	-0.643363479915812	-0.467855408092677	0.3910012382219	-0.924542339518156	-0.310367655365682	-1.26606689270307	-0.565235639192849	-1.08028609837018	0.093303602039648	0.215840825066049	0.95511352972539	-1.27975432369396	-1.27975432369396	-1.27975432369396	-1.27975432369396	-1.27975432369396	-1.27975432369396	-1.27975432369396	-1.27975432369396	-1.27975432369396	-1.27975432369396	-1.27975432369396	-1.17054736134879	-1.17054736134879	-1.17054736134879	-1.17054736134879	-1.17054736134879	-1.17054736134879	-1.17054736134879	-1.17054736134879	-1.17054736134879	-1.17054736134879	-1.17054736134879	1.05605124651047	1.05605124651047	1.05605124651047	1.05605124651047	1.05605124651047	1.05605124651047	1.05605124651047	1.05605124651047	1.05605124651047	1.05605124651047	1.05605124651047	1.79154001333617	0.233029478148976	1.73078065151307	1.72391784049759	0.989302743950154	0.710082596767169	-0.041172761071882	0.696474374917332	0.475011721569347	2.23554327645197	0.842362157668928	0.741799143254642	0.887759015790564	0.320361307113771	0.874013598172798	0.487027819492615	0.487027819492616	0.379828291893443	1.11537222853643	0.711491539670367	0.225341276317649	0.195801533832104	0.200863232172584	0.200863232172584	0.200863232172584	0.200863232172584	0.200863232172584	0.200863232172584	0.200863232172584	0.200863232172584	0.200863232172584	0.200863232172584	0.200863232172584	0.200863232172584	0.200863232172584
2.08174919592304	1.73658890229613	1.21745043668486	1.21745043668486	0.189257776993242	0.189257776993242	1.45070482634901	1.35752087782303	1.63456407984033	2.34233091570183	1.95422855729945	-2.14674601934831	-1.20522347410501	-1.73006805447865	-0.624415758953581	-1.24853258103532	-0.733847140310642	-0.653304235733988	0.772135508896715	-0.488849323192771	0.882972092308238	-0.00857209733483131	-0.289985351911458	-0.289985351911458	-0.289985351911458	-0.289985351911458	-0.289985351911458	-0.289985351911458	-0.289985351911458	-0.289985351911458	-0.289985351911458	-0.289985351911458	-0.289985351911458	0.552921548913605	0.552921548913605	0.552921548913605	0.552921548913605	0.552921548913605	0.552921548913605	0.552921548913605	0.552921548913605	0.552921548913605	0.552921548913605	0.552921548913605	-1.33575698043426	-1.33575698043426	-1.33575698043426	-1.33575698043426	-1.33575698043426	-1.33575698043426	-1.33575698043426	-1.33575698043426	-1.33575698043426	-1.33575698043426	-1.33575698043426	0.4275730394283	0.113579913360859	0.480728534461769	0.987518354930871	0.111100583739656	-0.72617293613785	0.357102385637085	-0.0974323420940458	-0.77444532263785	0.825549140478398	-0.23402312421404	0.658286055420842	0.566210471053926	0.0779700315822812	0.655069115893457	0.704205097096243	0.704205097096243	0.71763110741557	0.84799445927655	1.03965414903322	1.02894035918176	1.21131760061606	-0.838318536981066	-0.838318536981066	-0.838318536981066	-0.838318536981066	-0.838318536981066	-0.838318536981066	-0.838318536981066	-0.838318536981066	-0.838318536981066	-0.838318536981066	-0.838318536981066	-0.838318536981066	-0.838318536981066
-2.16220338417034	-1.19278437463498	-1.88870693852521	-1.88870693852521	-0.797374716848734	-0.797374716848734	-0.0685888465842911	-1.07876300203497	-0.587641278026679	-1.11746862867553	-1.3721563298534	1.05804592339437	0.551336793671229	-0.135356200450723	-1.97985413981418	-1.68857270425716	-1.05143549294731	-0.845985707802306	-0.325751586782267	0.367595206049699	-0.360312866801456	-0.807274017205986	0.530571281907857	0.530571281907857	0.530571281907857	0.530571281907857	0.530571281907857	0.530571281907857	0.530571281907857	0.530571281907857	0.530571281907857	0.530571281907857	0.530571281907857	-1.09263956146688	-1.09263956146688	-1.09263956146688	-1.09263956146688	-1.09263956146688	-1.09263956146688	-1.09263956146688	-1.09263956146688	-1.09263956146688	-1.09263956146688	-1.09263956146688	-1.19415488669369	-1.19415488669369	-1.19415488669369	-1.19415488669369	-1.19415488669369	-1.19415488669369	-1.19415488669369	-1.19415488669369	-1.19415488669369	-1.19415488669369	-1.19415488669369	0.373893725301627	-0.5782611386915	-0.0792214712735652	1.35353653614936	0.157131375714784	-1.93044465396502	0.685626233887528	-1.23938594191193	-1.30444232004271	1.70194845222073	-0.881946792477035	-1.87354285497824	-1.54115580967643	-1.41546346247804	-2.02264884233982	-2.59881495492261	-2.59881495492261	-1.62084102361873	-2.34146149983572	-1.90994472060669	-1.57741266209797	-1.77784872585671	-1.11602001643329	-1.11602001643329	-1.11602001643329	-1.11602001643329	-1.11602001643329	-1.11602001643329	-1.11602001643329	-1.11602001643329	-1.11602001643329	-1.11602001643329	-1.11602001643329	-1.11602001643329	-1.11602001643329
0.342949654286947	0.746313524434302	0.746696967097344	0.746696967097344	-0.387761365845624	-0.387761365845625	0.324679161764754	-0.491246590371034	0.473341556686725	-0.746315557503956	0.0313914590374315	1.66547177124644	0.592864998177503	0.0500114822150846	-1.16164858208482	-0.155494898251021	-0.0997536746409047	0.716041133221114	1.12728681957422	2.2749641875215	0.0103213742063672	-0.866151208658441	0.592805959377397	0.592805959377397	0.592805959377397	0.592805959377397	0.592805959377397	0.592805959377397	0.592805959377397	0.592805959377397	0.592805959377397	0.592805959377397	0.592805959377397	-0.413106031066073	-0.413106031066073	-0.413106031066073	-0.413106031066073	-0.413106031066073	-0.413106031066073	-0.413106031066073	-0.413106031066073	-0.413106031066073	-0.413106031066072	-0.413106031066073	0.424439499928522	0.424439499928522	0.424439499928522	0.424439499928522	0.424439499928522	0.424439499928522	0.424439499928522	0.424439499928522	0.424439499928522	0.424439499928522	0.424439499928522	-0.864277455824375	-1.58662669988159	-1.39365188120234	-0.239233210714085	0.240114603903945	0.370188155970558	-1.27374419116683	-0.772650661720666	-0.732361026573144	-1.24876640227352	-0.789174016506574	0.38584990157929	0.186334098224908	-0.0770475995000888	0.293176770276226	0.173106788922292	0.173106788922292	0.892944668856425	0.668656831008725	0.98666289749201	0.00133137096966814	-0.0734259647730078	-1.02937677987214	-1.02937677987214	-1.02937677987214	-1.02937677987214	-1.02937677987214	-1.02937677987214	-1.02937677987214	-1.02937677987214	-1.02937677987214	-1.02937677987214	-1.02937677987214	-1.02937677987214	-1.02937677987214
0.116093223050966	-0.546122760068766	0.76794079852792	0.76794079852792	0.62565139785912	0.62565139785912	0.599463163248523	0.523837545485465	-0.222839763978621	0.46443445340542	-0.236043050701178	0.182712750209972	-0.2239472495952	0.509555643470589	-0.839530074013337	-1.36580122218485	0.407592501856366	-0.133085510813137	0.670837655236393	0.516641430475476	-0.952028934098731	-1.09843153553225	0.676251607392388	0.676251607392388	0.676251607392388	0.676251607392388	0.676251607392388	0.676251607392388	0.676251607392388	0.676251607392388	0.676251607392388	0.676251607392388	0.676251607392388	0.7332014009842	0.7332014009842	0.7332014009842	0.7332014009842	0.7332014009842	0.7332014009842	0.7332014009842	0.7332014009842	0.7332014009842	0.733201400984199	0.7332014009842	-1.66564005097337	-1.66564005097337	-1.66564005097337	-1.66564005097337	-1.66564005097337	-1.66564005097337	-1.66564005097337	-1.66564005097337	-1.66564005097337	-1.66564005097337	-1.66564005097337	-0.95510294676212	1.00330123684155	0.497223616450411	-0.364133436118659	-0.616732234558282	-1.07244089186732	1.35244707118683	0.667183931908711	0.845491054948466	-0.79693397661327	1.16912019265859	0.509810424711088	0.310324505376029	0.685343555090287	0.772369425215702	0.854304750223165	0.854304750223165	0.935925561678035	0.518243515186511	0.957609910277665	-0.297750645981117	-0.134221058366458	-0.00887334017063168	-0.00887334017063168	-0.00887334017063168	-0.00887334017063168	-0.00887334017063168	-0.00887334017063168	-0.00887334017063168	-0.00887334017063168	-0.00887334017063168	-0.00887334017063168	-0.00887334017063168	-0.00887334017063168	-0.00887334017063168
1.30538662067044	0.117669568203617	-0.508250704508471	-0.508250704508471	-1.00634012475451	-1.00634012475451	0.695507862374786	0.153135980780953	0.21210655438149	1.40969213008019	0.957319995659842	1.17128467524329	0.919096505105872	-0.166833393416696	-1.21796698758062	-0.0715513568310245	0.00965158270128718	-0.138056582257675	0.132588504621551	1.27624676414478	0.150752930979199	-0.718881614395378	1.11134354477941	1.11134354477941	1.11134354477941	1.11134354477941	1.11134354477941	1.11134354477941	1.11134354477941	1.11134354477941	1.11134354477941	1.11134354477941	1.11134354477941	0.417260400774483	0.417260400774483	0.417260400774483	0.417260400774483	0.417260400774483	0.417260400774483	0.417260400774483	0.417260400774483	0.417260400774483	0.417260400774483	0.417260400774483	-0.205800306782195	-0.205800306782195	-0.205800306782195	-0.205800306782195	-0.205800306782195	-0.205800306782195	-0.205800306782195	-0.205800306782195	-0.205800306782195	-0.205800306782195	-0.205800306782195	-0.457109430534267	1.37320823383838	-0.0246106117088464	-0.84696704530081	-0.0231624023188812	0.458797458017155	0.693466997781132	0.494092932199085	0.895773071348483	-1.31838636701558	0.251512578487665	0.930287627304677	0.898765859532114	-0.321579387288871	1.05362191873067	0.451816650451653	0.451816650451653	0.259213943878216	0.11558725734537	0.318732704392942	0.216613572667249	0.427405861783821	-0.721573558788279	-0.721573558788279	-0.721573558788279	-0.721573558788279	-0.721573558788279	-0.721573558788279	-0.721573558788279	-0.721573558788279	-0.721573558788279	-0.721573558788279	-0.721573558788279	-0.721573558788279	-0.721573558788279
0.192878602738794	1.73271205021961	-0.478954823348716	-0.478954823348716	1.2776237705311	1.2776237705311	2.6256136921756	2.1250257441734	1.70926863269665	1.57868889747399	1.49726831482778	-0.308710105005039	-0.768157008659285	0.845166793016117	-0.831106482080254	-0.177955923814482	0.0455349852984022	0.576470866349185	-1.34378330905763	-1.47902174545912	-2.19681324448491	-1.01664336876384	0.0672443069796755	0.0672443069796755	0.0672443069796755	0.0672443069796755	0.0672443069796755	0.0672443069796755	0.0672443069796755	0.0672443069796755	0.0672443069796755	0.0672443069796755	0.0672443069796755	-2.85650842882425	-2.85650842882425	-2.85650842882425	-2.85650842882425	-2.85650842882425	-2.85650842882425	-2.85650842882425	-2.85650842882425	-2.85650842882425	-2.85650842882425	-2.85650842882425	-0.677281295967776	-0.677281295967776	-0.677281295967776	-0.677281295967776	-0.677281295967776	-0.677281295967776	-0.677281295967776	-0.677281295967776	-0.677281295967776	-0.677281295967776	-0.677281295967776	0.732574659693701	-0.544721361533408	-0.886470843863747	0.793239571066563	1.0518284301319	-0.68576897710128	1.66354853617173	-1.73993115980587	-1.12285686493049	0.236387639247635	-0.856652899284346	-0.803324967449067	-0.586903851701784	-1.09192831162942	-1.09519208653118	-1.83315826088826	-1.83315826088826	-0.710170447808027	-0.899371170755898	-0.520676017561841	-0.898847214789565	-0.707226439129984	0.31690247424945	0.31690247424945	0.31690247424945	0.31690247424945	0.31690247424945	0.31690247424945	0.31690247424945	0.31690247424945	0.31690247424945	0.31690247424945	0.31690247424945	0.31690247424945	0.31690247424945
-0.113789483108766	0.25646814189392	0.0484969353862697	0.0484969353862698	-1.00242421785723	-1.00242421785723	0.0984177671272793	-0.325396194748473	-0.703413730957187	0.217508710522631	0.00236109551768273	-0.894496184352728	-1.34425393805818	-0.991820304176416	-0.0489798966681421	-0.656087425530876	-0.907031790617575	-0.0717176853534378	-0.074926159544082	-0.646074680045344	-0.312698759182199	0.0146187973535607	1.39593570876244	1.39593570876244	1.39593570876244	1.39593570876244	1.39593570876244	1.39593570876244	1.39593570876244	1.39593570876244	1.39593570876244	1.39593570876244	1.39593570876244	-1.09741584828503	-1.09741584828503	-1.09741584828503	-1.09741584828503	-1.09741584828503	-1.09741584828503	-1.09741584828503	-1.09741584828503	-1.09741584828503	-1.09741584828502	-1.09741584828503	1.47407789363577	1.47407789363577	1.47407789363577	1.47407789363577	1.47407789363577	1.47407789363577	1.47407789363577	1.47407789363577	1.47407789363577	1.47407789363577	1.47407789363577	0.0871250303139112	0.228549431251068	0.777098669447921	1.14544681498278	1.92481285299969	1.54259165234948	-0.809979092138382	0.213680575784578	1.88728867115898	0.833657975741733	0.816129545550939	0.556798218695329	0.792043023182691	-0.166206004502711	0.853679088359342	0.459940058790369	0.459940058790369	-0.0665586071945409	-0.15647954523496	-0.358921366152806	-0.325744501135348	-0.0711631961248454	-0.528481632885515	-0.528481632885515	-0.528481632885515	-0.528481632885515	-0.528481632885515	-0.528481632885515	-0.528481632885515	-0.528481632885515	-0.528481632885515	-0.528481632885515	-0.528481632885515	-0.528481632885516	-0.528481632885515
