0.608245450775733	0.253245982060973	-0.15246602903292	-0.508148132789461	-0.329469648511874	0.130950049867547	0.595597864707834	-1.78836608171794	-0.602527434461789	-1.10043283633189	-0.583969738130404	0.66947034360687	1.32420105416477	1.24835909876922	-0.136190057136083	0.864795979181126	-0.641101432748117	0.444443416928438	2.0701947384336	0.493694986694065	1.08993090865294	-0.277617050059238	0.93286986711402	0.168760356670888	-0.185891775632973	0.973625928739646	-1.59011201901588	-1.90086023001625	-0.202329861951213	0.710082086864512	2.33230869482013	1.36564476533451	0.457839813170983	-1.11631161759442	-0.798210076197926	0.259206459749555	-0.881910362149381	-0.987534323407298	-1.08591800034587	-1.73731510411365	-1.73334340052576	-1.8492337413565	-2.18522120404478	-1.79267651746272	-1.2577779285946	-0.845491480508214	-0.701379588387603	-0.641666301935836	0.044653819305021	0.133635235688116	0.0985471365421298	0.411205961358414	0.0807547831342312	-0.170235621483555	-0.415823694772822	-1.05047044738443	-0.654314674733255	-0.995468690126814	-0.878862436514645	-0.690622037514721	-1.74219494981643	-1.99697018271066	-2.23401292536161	-1.08401199819242	-1.37466174082214	-0.470929634176506	-0.280521936800695	-1.29751970626605	-0.859084082144177	0.627979184738241	0.0847531755705012	-0.0101298917911618	-0.191917297399221	-0.502291325032013	-0.0651957688211116	-0.123017299770246	-1.59117436786851	-0.520838089982463	-1.08474511656138	0.345534875062893	0.0298035737246013	-0.67329572750443	-1.48189154002602	0.478609364718924	-0.0485823452843153	-1.14652279843853	-1.58478378568965	0.208243601753447	-0.919357785556716	-0.706997006839655
0.974209926117358	1.17159308847003	-0.101710905002407	-0.581411526691014	0.0706774757376738	-0.642359444732163	-0.281734016624358	-0.348455917145997	-0.385492516405355	-0.0670921593966127	0.213756239160664	-0.877020592235784	1.00549455637499	0.989657720709994	-0.0748835209206822	0.769454663579118	1.02501609886322	0.503996678624854	-1.08566119908767	-0.268978510350454	0.436769659179544	0.100467910254923	-0.12270777685146	-0.500905407179754	-0.402112831930252	-1.12011028239709	0.902608993169198	1.30190318763435	1.40549557021685	1.50319160478403	0.982717572920616	-0.0863036543494221	0.428100078509525	-0.0993929084935657	-0.636448473771991	-1.05353699587745	-1.26947490781806	-1.45723143966579	-1.04791110478955	-0.905067355506552	-0.596393385317578	-0.308512869999461	-0.470179687431223	-0.337583153011411	-0.507325438641274	-0.752324239700229	-0.611580569871478	-0.984529440548616	-0.888838332331122	-1.38345729606519	-1.58811547303245	-1.46802474869161	-1.60973156090398	-1.23127216821374	-1.73963816229953	-0.460163521982006	-0.979747798303983	-1.34967412224146	-1.27243451065944	-1.60968036973621	0.0476348113054838	0.206820155372845	1.15450604636106	0.844754733930186	2.10867064687023	2.05762734460863	2.5089954964026	0.735509315861286	2.22483420971699	0.125034194060208	0.0497126134527133	0.675748463489851	0.0129418992438603	-1.10600831272523	-0.521196367269019	-0.601097531696887	-0.0908960593065811	0.806493931446997	-0.950016948411234	0.261402570707177	0.211363623416986	-0.897882843790714	-1.54114234741708	-0.164637766285212	-0.558765079385529	-1.58761721216304	-1.34002129430059	-0.214803167797264	-2.08890186385765	-0.620991928080093
-0.193680897012442	0.386123375298039	-0.274927329348075	-0.993661050006255	-0.694944496041583	-0.659855972255764	-2.19811943174754	-0.341741135238602	-0.269487068979199	0.763517006494472	-1.35977474822293	-0.791425130550157	-0.865937196447113	-1.56115806750663	-1.70813961730202	0.0412581554491452	0.30262104500941	0.0335509659466108	-0.18974735866926	-1.76783420218267	-0.922471574768615	-0.74350614366987	-1.56122876922439	-0.305337764458402	-1.1246501132665	-1.63199465761648	1.21481769171503	0.710270826117159	0.497028151455864	0.671474731887561	0.022265804245919	0.277274067421145	0.820572800965426	0.921060675657923	0.947642285085394	-0.144275365580638	0.794050235345027	0.37980187374017	0.767884048194495	0.81363151308624	0.731778083051679	0.98871040644686	0.96435302894755	0.402721013363623	-0.554612013926741	-0.504260487623316	-0.561775108424958	-0.538070399321167	-0.781136885032739	-0.514271363920482	-0.326098530584392	-0.107286628271347	-0.127841065862349	1.04937843691846	0.657248619704103	-0.0515147743373089	0.276113908404603	0.614080902675429	0.306353644670219	-0.176955686735699	-0.844417052717129	-1.07895470456119	-0.508399818442671	-0.1014719950949	-0.344427702386641	-0.298723656053462	-0.76957630118911	0.0839539796134446	-0.946606742914504	0.687183764473546	0.695651310899736	0.497145562371233	-0.855275827786469	-0.954814331973424	-1.24088976156295	-1.27168138995348	-0.562088383891221	-0.29940756280432	-0.241755992629043	-0.625261347067222	-0.294407140371281	-0.623056088543877	0.0204733457157163	-0.441076836786877	-0.87933949699469	-0.680232695092056	-0.753325436731947	-0.878932335088288	-1.66002574060365	-0.664993168510362
0.0919139300608744	0.304743522499555	1.07896713032681	0.818907098553915	0.922249445837179	0.539781195291376	-0.628610387117641	-0.499692151958197	-0.218583681363165	-0.73273321430827	0.519676477366589	1.15744563926114	0.540946410290427	-0.536996275524007	0.21264975443986	-0.375513615582357	-1.30299124588648	-1.22275914665092	-0.12631316559377	0.0146370175106286	0.668722804069378	1.85511077502116	0.203041707583208	-1.10380432606093	-1.76587541356517	-0.903229128189856	-0.284397006832583	-0.807939702509301	-0.612554204678083	-0.103733955680412	0.0490377880972396	1.75200420531735	-0.0255142812924584	-0.484433374853501	-0.851118573958305	-1.11177606422038	0.612476976092746	0.693434003480859	0.665596955016437	1.13466566578263	0.897002300050028	0.158424352869611	0.384810546438505	0.460829674333249	0.953316496858092	1.00586097321871	0.704478459908709	0.984469421659831	0.703848423197304	0.664516087305184	1.6285491155076	0.985707837326658	1.11291355054883	0.880770149093567	-0.392351360593978	0.0400595764554718	0.25028064258939	-0.295169995908927	-0.610582956012781	-0.701467079310763	-0.587419304110997	-0.171435471851413	-0.643682027289277	-0.886276717836548	-0.756435004089294	-0.920414658756609	-0.646169383878077	-1.88434314146341	-0.554981461292066	-0.586053283914866	-0.517200462285074	-1.60852532875854	1.71379902502003	1.1405834620055	1.49541672627685	1.43802821572132	1.77716191073545	2.3003396840247	2.15979890328798	0.658598411460387	1.70098562722444	0.44506908131211	0.512441976718944	1.29790651484555	1.91949326972799	1.26092517537429	1.21305047394435	1.48361109719279	1.42703389090578	2.10864598721278
-0.598201700398838	-0.0688592469632749	-0.346876401683984	-1.45693503499345	-0.282161122700503	-0.512029966327108	-2.39956257367241	-0.897674659311255	-1.34758721340225	-0.0780490138819399	-0.987340620882285	-0.505591667188181	-0.0651087915420992	0.642359702638816	0.0525614131841399	1.07918252245453	1.55699684622975	0.606272678440798	-0.468334143853543	0.709799938223102	-0.25336398170877	-0.5436933394928	-0.322667420255059	0.13587503651559	1.3722040992477	0.879130675420749	1.25404366037377	0.571038010627973	-0.411636003172589	-1.01604359159565	-0.334150061352248	0.475850841978801	0.905952601901353	-0.0285000752426838	-0.758783113125723	-0.894939064378293	-0.825272284147991	-0.456757033106564	-0.735497902929331	-0.884313698437762	-1.35717262365312	-0.565119002531991	-1.03351529826663	-0.308897426499615	-1.12839215474611	-1.46251742877255	-1.69559332296093	-1.61340883141912	-1.64113044369576	-0.844242205107443	-1.85569456427816	-1.61184092213298	-1.90693065250294	-1.45375282343889	1.08388855828133	1.16186521763005	-1.66710759082877	-1.52177330742412	-1.78532272878509	-1.97906646819722	-0.909772342829611	-0.625991090054543	-0.559165471470513	-0.129156570238007	0.368825187757024	0.192077529647337	0.421122568453266	0.359524879965048	-0.0160517676609428	1.16377996996815	1.74274962977228	1.57835103570166	-0.386119151631955	0.162641177027877	-0.853166558490971	0.328000140446456	0.713026518575595	-0.270226249740944	-1.29180040032553	-0.0953971667607057	-0.394990073926804	0.392374357578257	-0.640726518748767	0.00469426547694636	-0.818402821096324	0.411456104408382	0.298765232405254	0.11138103980575	-0.0748573018624853	-0.169577808410873
0.221286807698591	0.120754314282409	-0.041945973130166	0.195740160956761	-0.157959127566401	-0.168544633335764	-1.10857424660484	-0.544646042462592	-0.423424452159741	-0.491815393996852	-0.203973522223388	0.298914475932797	0.0548996163509695	-0.178122310869787	-0.19622759872588	-0.811915571381931	-0.439915762305003	-0.315109838752607	0.0965260159677461	0.00498669136993329	-0.992202419500202	-0.5074445220531	-1.51381594173986	0.326246844100782	0.65568899702856	-0.215903623676562	1.62993182758245	0.761112466471647	0.964049180580766	-0.319159368156824	-0.542558653467128	-0.47763599515459	0.289758267332196	0.174245233032293	0.935723852003333	-0.578679270969111	-0.0226349865474482	0.466489191859551	0.0568867248687562	-0.00780495286260502	0.0896226542295346	0.412392967624594	0.982974935075215	0.732278704058032	0.460027272240996	0.00278238069216213	-0.0642090723259764	-0.0815594817382099	-0.191955638406137	-0.116369095261936	-0.814467136362544	-0.224418547176611	-0.729950091263572	-0.398062068046825	-0.519887876989133	0.0785334495722691	0.971801271814518	0.309524694288042	0.480861110522939	1.20622191945997	1.03342576004379	0.309664114977725	-0.592344626163129	0.0871532311907545	-0.135340155830601	0.96343334527065	1.22868243038038	-0.202542160641134	1.32610494776845	0.661480262148739	-0.347618248095104	-0.290022561441717	0.131493266568415	-1.46034529423715	-1.06791135518878	-1.65612297474541	-0.393979994940481	-1.02447035115907	-1.62335090186017	-0.203492493273964	0.0242489611229359	-0.183818254207479	-1.21788328357497	-0.65872867601078	-0.866208561128188	-2.67627695583299	-0.480093451032997	-0.386271726895856	0.520630272357205	0.140937537236046
-0.161166220172291	-0.200175531653332	0.424072761097682	0.112946198008785	0.839247157129469	0.858817917879336	1.98172184606842	1.24360548768784	1.05046866719493	0.166803261402474	1.4514900517305	1.02360726154106	0.436635282508602	0.787497849613063	1.09264082168625	0.173888684604652	0.0116219162737677	-0.630390401763603	-0.807404373001984	-0.724846357070815	-1.03571067052558	-0.314409945709629	0.159649806660256	0.0991833420197644	-0.0586717105397334	-1.16262146207308	-1.02978831210419	-1.26182084827773	-1.60775124525643	-2.18950542690727	-1.4706250816911	-0.136775561829441	0.632776840693845	0.422152804107118	-0.314341210820761	-0.584220172787208	-1.25713331231356	-0.424829199078627	-0.58815546611917	-0.39899045712093	-0.498717664136295	-0.228840058468719	-0.817658761154055	1.27401523978532	1.14878356918857	0.968409593129627	0.101404622199171	0.358061358937365	0.223878505383059	0.275287543928418	0.0415384215462207	-0.955137111993952	-1.48857897265826	-1.28960706438514	0.285443171982128	-0.70011581943103	2.32461030048281	1.37497212957936	2.10574184814277	1.89939747863185	-0.381949349581637	0.25409535275784	0.502658862198323	-0.56335597871451	-1.44789706664549	-1.30712183249066	-1.49088907072215	-0.0753001796361265	-0.854161993293816	-0.810614223258142	-1.65449837310565	-0.382514244216112	-2.44641605423352	-0.533671843570236	-1.18531631791402	-1.14155194027534	-2.06192017995117	-0.688542993126402	-0.549722135585532	-1.54292280379644	-0.999854396383266	-2.11201554504008	-0.467646536345284	-1.58096600103947	-0.997330653620773	-1.10285249349794	-0.802733975683884	-2.08648736131215	-2.45009229371959	-0.889616189286914
0.834776861936351	0.772036240911246	1.38133186406114	1.70785575559036	2.83763751244749	3.86195561603653	1.9468807214852	1.49028945279177	1.53961476735858	2.5637308483023	0.741941307911386	0.944881909641623	1.97634628442008	3.25089248399154	3.67012227991699	2.88154455369665	3.0207957988014	0.862345221683817	0.0320281590188453	1.11837983908168	0.826475246882283	0.997437475829251	0.297119172337591	1.12691982155076	0.866399642800203	1.7839859017949	0.950109178951719	1.08111069058151	0.196211801239398	0.12805707852737	-0.110822757518082	2.20224722836173	2.67255217607627	2.43279875729611	0.305391056531689	-1.09006743857526	-0.557881347106136	-1.36205215722507	-2.04989774804487	-2.07429702746871	-2.27140714787127	-1.89072428332473	-1.0955100066356	-1.29236055479769	-0.94181804455096	-1.51976775695581	-0.199876020680239	0.014209331816265	0.0793197997846419	0.34969322131548	-0.619425019679325	-0.462039530111411	-0.753634653106631	-1.32492598771141	-0.128728928665698	-0.560491575055716	1.43526669977456	1.992157655679	1.77531301746372	2.31669160835709	2.23814138161327	0.680052601112935	0.770623492946996	1.10344918434854	-0.357105444851846	-0.105353794563982	0.473116435450716	0.087034327810446	1.25717088639862	-0.602483678934531	-1.45109850113064	-0.481907553755647	-1.69161114644334	-0.369642777414676	0.31347501795186	-0.916904995852028	0.590281974786152	-0.856971296218899	-1.39069311508826	-0.165514353286056	-1.83059538871515	-1.26060819465376	-1.18346470570378	0.679342706869029	0.707262302414869	0.740695235571161	-0.75937325107094	-0.902877258326526	-1.28759070018939	-1.27303234763633
1.98779391024903	1.33708804499037	0.672226477888277	-0.242966240715314	-1.37950099393949	-1.69028718785974	-0.339393273565834	0.479178212760861	-0.891148475721676	-0.641056172640972	-0.877602190129355	-2.1065235483327	-1.78655355812488	-1.66272619527198	-1.09222019885319	-0.49076227453113	0.0487473341738851	1.48709540583822	-0.494132737199779	-1.89866215197601	-1.75848861439338	-0.478450284493037	-0.634354519004591	1.52661706072263	0.569137463847335	-0.760880801580232	0.914196518911369	1.62384556084271	1.66356403781562	2.39216242538357	0.813732082272943	-0.187572560592426	-1.02620626851812	0.356599767618791	2.05458552005851	1.12223283470335	-0.432065880516579	0.166261010472478	0.384093280674122	0.884168666155048	0.429117769735226	0.425346700618243	-0.306401730325243	0.169668142455189	-0.101770478670187	-0.224465924270845	-1.10795657533666	-1.0972400643502	-1.292572868854	-1.12082964362771	-0.841015053795507	-0.676263768213326	-0.793491714213948	-0.421776046643228	0.174955204213124	-2.03956842229802	-1.01310878724272	-0.257743801127103	0.23426713807783	-0.285342568033523	-0.839549765277053	-1.24915830663919	0.0565686345002561	0.781682482759749	-0.0473324634791359	-0.594026679951984	0.476761736133581	0.896393832925292	1.44971775584214	-0.380804229276409	-0.930776723253079	0.388146238176396	0.0921730985007273	-1.01392967377835	0.657980930451169	-0.830672337260566	-0.569313246125861	-0.1979097683551	0.140508622619694	-0.896817431361629	-1.36000982364273	-0.225260247419545	0.0290712039671131	0.578711820455767	0.643797312260496	0.179221167737842	-0.476000189449698	-1.0531246460854	-0.539169512973905	-0.935686429725179
0.683556315104985	-1.08255668701562	-1.39159463357143	-0.994607839259873	-0.101890591540794	-0.619691929752294	0.529020328433423	0.0647622807139785	-0.941255164832179	-1.17069849461857	-0.235651308292422	-0.223448172889675	0.0166180324945903	-0.37688623847295	0.61862908423668	1.05131563332724	-0.0882965236510754	-1.16925566350108	1.41624295988514	0.812895461436366	-0.88571457634174	0.262773671502834	0.503731665292397	0.701272247649373	0.471063436165411	-0.359332472501654	0.34613827995868	1.31624141066432	0.442353009232921	-0.570140367948987	-1.69570738634286	0.766811267873278	0.604321888955285	0.891438968213774	0.479661975676168	2.08487990818585	0.567136842731693	0.565180783641889	0.400348972271766	0.802148621163993	0.820229792309885	1.17305183062243	1.10013868360009	1.02997749077741	1.04475735117745	1.35024120833498	1.14518412534257	1.58746048827356	1.33839019964457	1.05293959332659	0.945070158236931	1.06750397672777	0.852263055413179	1.17861577680051	-0.937662800060061	-1.14087634541349	-2.14900749209903	-1.61786096757492	-1.63824358032343	-0.979486596728272	0.0201482081666906	-0.856849339303986	-0.154163025439143	0.251706507952628	0.173431876801169	0.986622160658442	0.892277704965459	0.528357198082399	0.572963248139127	0.439088906166469	0.120791312477447	0.478498800095337	-2.58134832712433	-1.36202674330332	-1.4123908561939	-0.651740777169494	-1.42174276755418	-1.30867865564891	-0.399429535983469	-2.50316813813505	-2.10380109506113	-0.601571292116812	-0.54316926853288	-2.40477189547927	-1.16831286952883	0.559318797932233	-0.292374501660648	-1.39414153289326	-1.64824456666336	0.0233864080011366
1.83037962453915	0.839937679315652	0.279407485091884	-0.04813408492715	0.125635671844794	-0.403619120829213	0.127109159174101	-0.41201611619291	-0.128384017610026	-0.284716535104644	-0.226955542415602	-0.691725096113367	-0.519992660895932	-0.403669242219809	-0.493216807061518	0.0110240308706922	0.290000293094884	1.03156160621283	0.66984581219939	0.849746728365821	-0.0339393134262892	-0.0784173955476535	-0.305544766279224	0.127616225544557	1.13938053699451	0.889980321987316	0.711794729244832	0.827970373150613	1.60818736579321	-0.413666106239913	-1.24127226626115	-0.0546445205658432	-0.339118630758326	0.945517486606756	0.502523604753425	1.27374986571192	-1.65310792051823	-1.29899342926759	-1.20775172302713	-0.913520832949918	-0.992071453868652	-0.79713394757336	-0.284157408157048	-0.231785150017974	-0.193045261295223	-0.328237208491078	-0.581645832390376	-0.760109461263508	-1.20528716226019	-0.905800623449268	-1.18826528501189	-1.49687233708084	-1.66405355139157	-1.38206232789519	1.3540745821777	-0.386527924758236	-0.86658890389077	-0.674013773374135	-1.11645638082818	-0.803658397038213	-1.75605338531468	-2.14244562964291	-1.76600998369536	-0.806550074363741	-0.853203095643119	-0.0287709873535066	1.17971183107399	0.235114030454897	0.463768612624844	2.660144921945	2.66018938228391	1.15521545069356	0.205618421611321	1.71880704312953	0.800518023624906	1.06734195170661	2.39183773240281	0.493295041507512	1.15717985872401	-0.10947014577187	1.41123465614837	1.16160720145169	1.6627246220907	0.621470940712564	1.20284554387236	1.44699392080514	1.38825246696733	0.182144730041135	1.12269917662178	1.74484347028299
-0.502622510964856	-0.614409831718008	-0.255797263352722	0.641681999176387	0.2468220983526	0.0748113940897186	0.601026063379108	1.06709261385553	0.787325613700274	-0.0472347596332071	0.221411092092283	0.0628892525584094	-1.17755789049957	-0.346545695593374	0.515034064059807	-0.0123820946190721	-0.445165767314846	-0.275299894920715	1.00651963514055	0.04683274742154	-0.797191702379497	0.0438791855054045	1.34068638173271	0.82098208168238	0.705292398687157	0.232888139974083	-1.52874304698838	-1.70614525451108	-0.529890416049158	1.19159538667975	2.58641019610404	1.570654875392	0.162579786403457	0.0443639816623421	0.60868729369062	1.91291733581868	-0.223114499462167	0.0109791309997276	-0.199709884287382	-0.141529119845332	-0.0183558989149837	0.435052197541075	-0.102693581532836	1.19506768190497	1.25977194534702	1.15149816160732	0.905632341120481	1.20415115068777	1.29327505998805	0.970513180415087	0.552468247966167	-0.0526723368798912	-0.251868659873065	-0.205559874774151	-2.41185775402856	-1.73917227869115	0.0209575073077891	-1.4963939467892	-0.634187234014	0.184100574047221	-0.727168288558259	0.0773673830137139	-0.887849919943003	-1.956568317083	-1.70833041734651	-1.35979623062729	-1.18903327565907	-1.33243921313173	-0.991105409991352	-1.31975233870501	-2.04680422139618	-2.04440350036619	1.11994299551083	0.0450519618145948	0.648313589590136	0.93283700977034	0.305473128996865	0.679637620503539	-0.207043677611548	0.931956072529472	0.328526089830546	0.19944083765657	-0.497143196035807	-0.136844694846794	-0.279777249787477	-0.450699510028547	0.245219104658796	1.29994394021973	0.352532634222628	0.301628136707898
-0.410828348898407	-0.876150189591981	-0.0721743937471586	-0.117085273036664	-0.195253927779421	-0.487378355004385	1.42725685824273	1.12082021819399	0.645301349397555	0.692086571158879	0.570256026948215	1.22790094940812	0.673534338468264	0.107027797275616	1.09312203995769	1.14914710310233	0.538018041820879	0.401123494033727	-0.385025449165774	-0.05210337506643	0.0152968100449397	-0.92723391652374	-1.76131750014131	1.40904774816397	1.38432122057334	0.924887518788124	-0.803349893064282	-0.90378246771606	0.472109118037641	0.159536386930442	-0.173831006371193	-2.09282797964425	-1.15095984999044	-0.62805592943839	0.0840430674018098	-0.588213022656045	-2.03550975329587	-2.25361287835608	-1.9259667596818	-2.06885779448646	-1.80716954997919	-1.51476621874922	-0.5528296778422	-0.575633695922289	-0.838975957440509	-0.400055775040888	-0.547356862935145	-0.460236491179587	-0.367273718790847	-0.479189736844796	-0.475660842274251	-1.75507132563444	-1.76312447739893	-1.00109855030761	-0.871656071391837	1.43041120291521	-0.279078315693896	-1.76233675184	-2.13372370068445	-1.47936293128465	0.160168057610684	0.398166847848639	-0.203936498189614	-0.728751186382407	-0.0767401688569026	1.17328456720446	0.63511950582421	-0.564647560309162	0.314584425880821	0.379718679674076	-0.0913899532633975	0.138265134467263	-0.348456911379425	-0.0588229996426087	-0.527431448731446	-0.775879684409837	0.145012975013073	0.0478089615654579	-1.36794170600853	1.05205036493265	0.118075029861033	-0.879187199157501	0.337989823562274	-0.0736568578279428	-0.303093182418194	-1.22324211792072	1.01206511337212	0.584280866801134	-0.746671526416989	0.189374800728598
0.0879535194649733	-1.29201956792076	-0.888937085215628	-0.812770728241637	-1.42152107651126	-1.07924716568644	-0.0577960482756337	-0.75211320292974	-1.27250759677561	-1.50146092197964	-1.64022002442578	-1.15356924789034	-1.17472501014685	-0.0158246036492072	-0.527130164384543	0.110561624250725	0.250412742719811	0.27253694403934	-2.0526183619815	0.711642872628042	1.1871831641212	2.10194651708916	0.486177942721515	0.657316229916287	1.33848905153581	1.02977488350918	-1.10318493275681	-0.696854206351637	-0.711454985549512	-0.52885245386495	-0.72147013771816	-0.579483768370366	-0.0944965660222946	-1.08235817236647	-0.726089750095841	-2.4795175947727	0.628576983310492	0.022535028866987	-0.0761966285602652	-1.4651976569815	-2.18482568062755	-2.12347734299457	-1.35041251500159	-1.79269208989945	-1.11369803623336	-0.906240043483881	-0.924615870158673	-0.228588226917252	0.897766012564443	2.05953371242048	2.29126441812173	1.3405662089911	1.45594993698094	1.7360200252095	-0.218964833495501	-0.394553377891346	0.387049367529059	0.0718820160646326	1.70339279549918	1.98035903937494	0.215792848384646	2.35870487144866	2.29633454493099	1.55216418303492	1.75348121105334	0.84218019521408	0.291985191257992	0.147194536816173	0.192807145982389	-0.200959661252266	-0.461287020884584	-0.0615333145986911	1.77347992487488	-0.300162629183936	0.771725778028785	1.04914000448349	-0.0868520973889855	0.808665489830905	0.653004792554122	0.707808320444771	-0.00751878029494994	1.41189139244002	0.24655524802307	0.698173782514515	0.805049167092724	0.383952739148638	0.264231815377241	0.681785337224924	1.62504640141276	-0.0121490834395266
0.0561794567723852	0.494838811165259	0.734495597431016	0.0199436397476413	-0.740372681122871	-0.0577542024244037	-0.424748086046142	-0.216237407010347	-0.291126402363444	-0.198098378589885	-0.518204544459772	-0.039102854634528	-0.224438098481236	-0.474669215709662	-0.0900986117636648	-0.351370734423213	-0.316262161202453	-0.112783505424505	1.08592237497001	0.730390425147	-0.645430893431059	0.0221034834652407	-0.343030069117019	2.60956315809204	2.4123900609714	0.149596129833312	-0.869976745725726	0.165757468231241	0.879163083553997	2.06809200813944	0.658201486217194	0.409783516569383	-0.524158652321182	-0.458489739831948	-0.0811761070242368	0.912318005644904	1.48104021281687	0.870353339505426	0.637990068836345	0.53123318227629	0.311515005670247	-0.571594340228051	-0.722136590508271	-0.989868147441751	-1.05795884223001	-1.36719397748121	-0.954058506104346	-0.602681436940567	0.146370427530519	-0.256842389810322	0.718060268802743	0.737900283072649	1.03715353932703	1.46439239805069	0.595136829902401	-0.0590624249089182	0.614170493887809	1.27930342325888	1.70079733559744	2.36596042208013	1.42406028688985	1.1088616927697	2.27033993476444	2.51445189005595	1.00578229914198	2.03448414468622	1.5496095427175	2.50067156451347	1.87570271564854	1.25964030537323	-0.158175628764686	1.4497556264616	0.329188537310505	-1.07958134471552	0.458821774081419	-1.54552912928322	-0.530772698005316	-0.875357858649807	-0.252308045918805	0.784582183437578	-1.29199010145177	0.635759815365061	0.327283158574212	0.272500372966201	0.792315661728947	-0.441616112985152	-0.154200470247205	-0.735594416905249	-0.37856828456631	-0.638553434384276
-1.04670270722275	-0.176576943770366	-0.339152545272648	-0.0283306856660058	0.891315076179298	0.800614284449671	0.165581626512831	-0.725020483971452	-0.745730025060042	0.178882999188085	-0.368530848879165	-1.10190003437159	0.303119114331788	-0.0858677131323575	0.444776864687837	0.0214591715506751	0.0845407713923843	0.106837738764718	-1.51707358753167	0.34146372636892	0.246080262710716	0.736279875376651	0.606546893347862	-1.01316831943889	-0.446657207554841	-0.609997215018168	-2.01462954858067	-1.89595638275441	-0.630828465731021	-0.338570802497851	0.497710791675632	-0.368787945526148	1.25445978243714	0.916507602691736	0.0363614204948539	-0.57430429308849	0.676933080737517	0.050369247474868	0.657564050589961	0.681511507200855	0.596221590132343	0.900493679726074	1.08960868547372	-0.194979864856449	-0.883142649718756	-1.60684585004361	-1.22576197630553	-1.70921613204976	-1.65196614662776	-1.60688092996541	-1.66416906749063	-0.993536741534141	-0.731585058469173	-0.424397441755437	-0.474737677741685	0.29519730099041	-0.959112956964386	-1.37771862684385	-0.12979140091104	-0.0988744042418614	0.494696206970917	0.947807310229376	0.579362542748132	-0.1084578381155	1.1662909188965	0.767595887074848	0.578485262525172	-0.492381811355091	0.104473628513787	-0.164813982905886	0.439306141201903	0.725174304084388	0.883401289636086	0.376781405981267	-0.255732574276207	1.00014894330201	0.342658820723523	0.437248503717454	0.0480649219430214	1.15934302963684	0.750678589728393	0.950996114807893	0.30372308635606	-0.215133187564642	-0.702461615472802	0.136120229798112	0.642284724384357	1.72424660620634	1.59755624115111	0.80577063056352
-0.871462267877216	-1.08910059856973	-0.75604629743529	-0.114167339470697	-0.500548300214999	-0.00716432176064654	0.0842003552155278	0.903590618560072	0.385163250929624	-0.37898838933503	0.332787450322795	-0.0932725207976045	-1.31560266813336	-0.940831287217015	-0.0262170436575527	-1.33484574911942	-0.671477771219542	-0.872372881644299	-0.0820387301898666	0.27773241150698	0.0754881253601831	-1.41140554911752	-1.10220344762154	-0.742830488428447	-0.779656972963565	0.195940252436863	-1.65172037943561	-1.06269525537216	-1.06366721082504	0.303090981496277	0.223007660251219	-0.834986764347838	-0.367343398729751	-1.60745799721174	-2.05541267056171	-1.36686873345522	-0.206762478872328	-0.38745472136332	-0.664200429185421	-1.0827746750703	-1.21532421094808	-1.29955009245855	-0.624305495288193	-0.83527288505428	-0.421587037141561	0.195157013247298	0.44919656744279	0.706427543485846	1.05071170246339	1.30480524896097	1.2307963045897	0.621414546907437	0.804776262334024	0.402666492880466	-0.984778048217076	0.194157776510517	1.21895821421532	0.315623839989555	-0.271237378549942	0.336509768261225	0.20059811779299	0.585182980205129	0.662563571674383	0.524728972148823	0.0768313832333551	0.940563775615267	0.685512508993979	-0.264314259799838	0.718993947728212	-0.0191890586108927	-1.1563718592169	-0.929922099466718	0.557742481669714	0.188430902791855	0.0567081856505776	-0.606159829197247	0.12131748614012	0.586989472472391	0.684076425764442	0.275784170609534	-0.584142320373576	0.399557857912429	0.535283238248492	0.553797593491687	0.201237023121765	0.892553936705136	0.44173354528098	-0.293867946649342	0.264245331744507	0.332716527966691
0.784499357913884	1.12737291271129	1.57537542042898	0.990873027381587	-0.0686511633528554	-0.202022751759163	-1.41800160382424	-0.421286053644392	-0.156598916701041	-0.119036958636397	-0.304259719573744	0.528596407700233	-0.719056585609655	-1.17844625884786	-0.548664695802267	-0.0963284488050135	0.0364654892232052	1.28960232763971	0.384086539318697	0.561586633985412	1.04861548839846	-0.261019116301076	-0.941815302019008	-0.189683034305399	-0.908242695865134	0.224330496695087	-0.591155299371072	-0.115249654456668	-0.272940337250711	-0.775821008518344	-1.35850220291263	-1.50019258883937	-0.118683814058346	0.628175971169134	0.183017763680642	0.169283675621069	-0.179816346486465	-0.230590091222187	-0.850489562032916	-1.11939592203976	-0.651265410992881	-0.567032257686449	-0.774262244348856	-1.25350367847882	-1.13513194167853	-0.00918061063393789	0.572767646981514	0.717825186647023	0.575178882064629	0.514833535917554	-0.0708353308599776	1.04578923576783	1.03768004057224	0.362390025224231	0.310777465124883	-0.262508221303303	1.26750418044928	1.14363556721231	0.601165112688239	1.16157479740809	1.69460804669383	0.241705964445559	0.377013107483871	0.573409705369129	0.276079441588225	0.831695974344824	1.43433143310775	1.56328582777196	2.14683506676353	1.47830748338074	0.585671361230385	0.433234958055905	0.096536291860405	-0.517252830593513	-0.0695716852319219	0.197449847382802	-0.686051963902802	-0.00132627471637643	-1.14708310090035	0.320596451010585	-0.600617563281391	-1.25147398390043	-1.73759791745475	-0.2162439506145	-0.528020876136887	-0.873715591934922	-1.03649490145417	0.202037815393421	-0.542960847915525	-1.10642443190352
-0.414117066551933	-0.362867723287471	-0.504301618345289	-0.0934738518754474	-0.636834026913341	0.3171223740304	0.439321675286176	-0.530599907853584	0.32954651780653	-0.459541031284789	-1.00311805636869	-0.986677516358136	-1.12628575431756	-0.772749814108156	-0.709056997938754	-0.696064169016795	-0.367288543579125	-0.171013068161318	0.381998819738476	0.657722383769641	0.671501251240594	0.117063350444703	-0.258130424799533	-0.0272366905192602	0.106998315188909	-0.014090621162913	-0.0779783380255335	0.124466339573973	0.754848773403477	0.0670000981528412	-0.40863644031847	-1.1567332418681	-0.245937205560395	0.246092678254157	0.0921232056480145	0.589230044994005	-0.193903823957269	-0.335327880069738	0.178381357499309	-0.984971056484579	-1.3179210942064	-1.65216808348978	-0.952251724110674	-0.983814800959205	-1.2781248685641	-1.44571037742235	-1.45941317322228	-1.92428861792067	-1.10235853365392	-0.242282205830405	0.0863592385874953	-0.49103752304274	-0.635595087018054	-0.743632595961879	-1.45002469507646	0.420006770574267	0.473375065757391	0.447508141005514	0.743059461808741	-0.232576638965839	-0.517922543624565	0.312262476282657	-1.02663820626064	-1.31983847362578	-0.290966747952568	-0.504023908069789	-1.19275969467189	-1.74895354271345	-2.18680674493934	-0.483099076278857	0.613701310386375	-0.235724452750913	0.705812116915407	0.666374876195443	0.366302877451353	0.828113980950529	1.22713668601975	1.08964512539052	0.819592472101942	0.0472652755974478	1.01024442688837	-0.195837066151753	-0.487932202960567	-0.533399945932646	-0.396315275560745	-0.0729942612732924	0.661715046873049	1.00041722451776	1.20092454967119	1.39577730321716
-1.32510696838253	-1.29121301151415	0.0189169191720055	1.25092624102929	1.59395884735923	1.71761199354471	0.689708787314639	-0.0511611283188956	0.755840560363134	0.801128449098636	0.911549434367534	1.72512480335267	0.621755616526814	-0.547368045428417	0.469683700843722	-1.89611595796571	-0.978545290137454	-1.80848796947841	-0.459550834791376	-0.378664604888538	-1.12021637281232	-1.12893305116596	-0.765767842644273	1.456363583748	1.43456687129973	0.38913238785163	-1.0353389392372	-1.4818285460235	-1.73732557955857	-0.281134232825024	0.6504796516647	0.799175107794996	0.225939744962233	0.574725615464436	-0.402999764776396	0.691939216270808	0.752938316024876	1.52190268978396	0.894713084606617	0.562598782502292	0.441458626509615	0.423319093271695	-0.0901441938575801	-0.410556898535342	-0.340391849716335	-0.522789358418555	-0.553982694260692	-0.736447030597091	-0.764312838535919	-0.260679137741354	-0.943603658130652	0.451412962490484	0.604917231739688	-0.442928704687513	-1.23750339925762	-1.58414601480481	-1.35806849763911	-1.63297085110602	-0.562383223111426	-0.556627193754312	-1.07858858514077	-0.996752089498592	-0.288678204039024	-0.451692778387855	0.251163898815246	-0.653380488007129	-0.218974177687494	-0.938554697332587	-0.433042473194454	-1.31784370656936	-1.20185772348683	-1.1958895035731	-0.651416479411207	-0.278309767951856	-0.0703433633254881	-0.381554846921042	-1.06534501309383	-1.17080029347553	-1.01576076019118	-1.04114563478442	-0.645774287952798	-0.573072493797538	-1.20844260372063	-0.0194627841128285	-0.74559603186359	-1.06854911502421	-2.2162742278537	-1.38654570962483	-1.02272901179314	-1.14752794682017
1.62808487933844	0.777170957862875	0.244672168802454	0.274048810509769	-1.62805867142214	-2.26742421525546	-0.507372838071442	1.01783011442378	0.587503714414277	-0.0903964924238791	0.141683280831012	-1.10018489569938	-2.43778772167494	-2.01652002336198	-0.569720322312005	-0.285559106525117	-1.08085569095252	1.45697716474361	1.55315161573417	0.786770451751555	0.359031169220632	-0.636037816398503	0.779609221781473	1.34634067132921	1.64693483017597	2.13925463540352	0.650753826342566	0.0497285801688017	0.582514010861143	0.382541644611483	1.86424655612567	1.59540581275352	1.36711165987752	1.44701325644915	1.93061537438288	1.28388331358453	0.544489407955898	0.836596775652049	-0.219576736314476	-0.290515097034292	0.250792354446607	-0.790007211233667	-0.97271043276852	-0.185198909885659	-0.380430881604146	0.112943535827415	0.584004746550157	0.918599059213539	1.06320069575345	0.385247069582235	0.717023047271521	1.59871328941465	0.806797510454954	0.062886198495822	1.0178060114645	1.34385851222765	-0.845321741267447	-0.691070455488215	-1.01747261510095	-0.989456739845245	-0.447089940674402	-0.928696088948816	-0.812792816612213	0.233999047859796	0.185280544607755	0.954179257292695	0.867921943325758	0.634114406110794	-0.260293807833315	1.30765575614997	1.35117366519001	1.90547603888429	-0.586145095747086	-0.951235716474498	-0.810638587498558	-0.683994049189272	-1.09181585533728	-0.441914246830673	-0.733595671350883	-0.835999953902339	-1.64973578677631	-0.127403135470566	-0.869895021823933	-0.475520923136898	-0.604089290872536	0.624004600681859	-0.3796732248249	-1.11704293303553	-0.754078196179736	-1.67820766717984
0.722954844703322	-0.128175024707518	-0.00239519149045143	-0.0342843392439655	-0.0882126643893537	0.997456694360311	0.46351270681769	1.23789378644072	0.759306624520364	1.31217059077808	0.597395669305019	0.300080034069624	0.425352686180629	0.703784960620654	1.71165677368821	1.75148882337256	0.983366989340016	0.572832100411088	0.137237545095964	-1.38959032646924	0.0693110363563788	-1.20582039136126	-1.05414075104446	1.02295272982858	0.0542563956492711	0.0923004585158742	1.54189837964267	1.80078600666174	0.805397391003807	1.45053020471051	0.377194066451055	-1.46826907600712	-1.13198744970016	-1.54134207093709	-0.108377786739735	-0.59430337536876	-0.452576423500363	-0.426285847488297	-0.720417206680746	-0.307335409379239	-0.762214369240537	-0.848023678362012	-1.39671457861288	-1.54901614059058	-1.96473293817555	-1.85580326827708	-1.92684007490145	-1.66101032163185	-1.97199136630652	-1.51645775415152	-1.46574740731906	-0.840355438424084	-0.731405141125052	-0.952995698334166	-1.66521008756576	-0.826670763852019	-2.05042814603354	-2.17779524085895	-1.63178148435116	-0.687652186013128	0.130696127276451	-0.0333846816847823	0.570565336323741	0.755549620173586	0.702611429240349	1.58692501356226	2.05460803159395	0.746572471373949	1.5604081622287	0.834065425048713	-0.170670920390264	0.396257049996603	0.216043004564623	-1.57557917956468	-1.10893319583533	-0.0681066768122191	-2.03078523124469	-0.182508863434032	-0.486098688908146	-0.267925096971259	0.50716754254277	0.308815221086781	-1.83374247271365	-0.473537640682084	0.843438504665221	-1.59359794601839	-1.64801994404484	-1.19020869940817	-0.199777299298768	-0.899099421005752
1.58528617236055	1.2338423269969	0.761471601553291	1.31820376503011	0.0386175996697811	0.572458188492027	1.7534786115178	-0.154179365061915	1.44610734179276	0.145851739373225	0.954461294729198	0.91971560406037	0.633209817641162	1.95637013469101	0.608996505113243	0.212909403655749	0.245167904576771	0.782026096453111	0.162799823155512	0.776670122616651	1.62216171447233	1.92999789573125	1.69166946665203	-0.792557046595851	-0.393173122204294	0.688425438367453	0.578613307297078	0.603836024505443	0.2174055507554	1.0184601906992	1.38109509163506	1.75494663810694	0.135770536209707	-0.0552822523966029	0.409556744694018	0.134899626934808	-0.258127822964749	0.111170043036381	0.214842275158462	0.348002131611758	0.000775484185115061	-0.469513756493099	-0.275395409513874	-1.43003724178427	-1.27739951003885	-1.37604109697186	-2.13696587800003	-1.95602877920676	-2.29675191694463	-1.65822027540886	-0.888831007262273	-0.949267934217268	-0.195423414542678	0.199216680798335	1.07836358845462	0.114812833480017	0.0768237767161149	-1.09672455476108	-0.755218613856443	0.828630205440801	-0.843132811797339	0.0552587175660586	-0.216069570544764	0.523646094293551	0.54192599203759	1.4051262414809	1.25773717533215	0.8467248748876	0.833283918294919	1.9651591892818	0.835682016329904	0.849457064977581	-0.0686041471516961	-0.121901100950133	-1.34339770560283	-0.375278490505875	-0.188089586494954	-0.2354933564482	-0.922696537223929	-0.773357202507883	0.892815129954457	-0.601338943909257	-0.323924892436163	-0.616422000720029	-1.03361284470937	-1.4827833756057	0.424721292639632	-0.069640210617746	0.241927007115307	0.610675348422338
-0.363234058787688	0.545919953071335	0.637443336525097	0.804053783218123	0.167237949637572	0.0409340069931532	-1.28022537475124	-0.990735384463443	-1.24944795884925	-1.20291874561567	-0.863223375513963	0.0939143981699268	-1.08100058823558	-0.330324833648115	-0.395599660030137	0.021738212936701	0.0511908328352746	1.34088718098275	-0.793064689285792	1.10507191581145	0.185157864082863	1.08161801044087	0.0367880876292477	0.96762299134448	1.1119881267466	-0.6000560759662	0.429596908375874	0.426154478059916	0.279537784700395	0.424539461717047	0.430114643421057	1.0796857308086	0.548356005449502	0.96816682582718	-0.49333209775307	0.568695374045865	0.206103110383098	-0.485721076415792	-1.04895281412681	-1.29780663265615	-1.39368411443959	-1.28078453671038	-1.13991271020494	-0.51073895416674	-0.902312592983089	-1.12672055896931	-0.499126657401528	0.145693386445908	0.276971310159711	0.561613330641428	0.379683630714272	-0.110179993872769	-0.404769021650325	-0.285711030660251	-1.75060521539617	-0.509651766460962	0.367515729484804	0.0919574554970608	0.87746545750732	0.858117165332232	0.653886282024755	0.963745059425548	0.931149307316275	0.0279245481384459	0.30396160933913	-0.697153848105103	-0.988605239498314	-1.44461816510088	-0.920760185340032	-3.02218753909671	-2.63906419373083	-1.54611601882298	0.507578431103784	1.42242681813204	1.42500214637878	0.573461742792143	0.50571464042429	0.572241605519751	1.71663664954282	0.154352444948134	0.187477757081324	0.228218958816693	1.30572681006968	1.83497795729852	0.0245739108789889	1.29866489120627	0.0905411063291086	0.71974760517677	0.900870685078511	0.573246299005168
0.808907572709396	0.137509575415653	0.208170086004892	0.394928269099727	0.754387340853924	-0.454772879670592	0.390823408125214	0.764850368153828	0.420158443484321	0.882965614857029	0.863223973223528	0.664106316367811	1.14234989458631	0.0371033190924232	0.758685362896507	1.02350472296885	0.897206786266909	0.590040312992695	1.4596978523905	-0.359705366181808	0.508003602552767	0.743128637624119	0.378465397837676	-1.43310971692559	-1.8007158753977	-0.621249332801435	0.427360608987601	-0.440255147968863	-0.911196947867505	-0.603735085771855	-0.625126639350659	-0.338340270636336	-1.09717225361942	-0.390098536031197	0.630580523711171	1.13308155000587	-0.635230448954852	-0.167011164331061	-0.516088698035793	-0.580761553834963	-0.156836650053787	0.0168906538839474	-0.224644013166007	-0.134591410780401	-0.624605177087318	-0.0947312885483313	-0.419278680519231	-0.202961596379385	0.156348206679739	-0.558240046138694	-0.852116214682541	-1.10824868647231	-0.564668362740697	-0.693898398999284	-1.49941500612347	-1.50983097608336	-1.05408586719293	-1.32448816358358	-1.04696794342198	-0.239814121549097	-0.568734662800383	0.429945134309122	0.300248973266474	-0.419880391353759	-0.53076015874182	-0.323420337600382	-0.823991226083264	-0.597625218139585	-0.261590565815401	-0.530677423564279	-0.941382305306414	-1.50053625677574	-0.830363508708861	0.238672346311761	0.472319046519787	0.665701923580231	0.528001291347066	-0.185801390026199	-0.125180201686965	-0.193962847618384	-0.151754074527286	0.638143531278919	0.55346391407926	-0.352371019089415	0.285692769687075	0.589607732111305	1.00193945949974	0.107340873800255	-0.0359144700055449	0.202770246582034
0.180889854232695	-0.107622832691678	1.23377386344474	1.95353469099161	2.09851303486372	0.378916797436097	-1.51915244344421	-0.203363249255514	-0.537241157215421	0.600381930570405	0.172653194292586	1.46252508301984	0.891453119260996	-1.00583774389481	0.24997984014553	-0.797471204104627	0.402085122108166	-0.89797010873407	-0.498780588041793	-1.24217108717266	-0.664839714975218	-0.692149140108766	0.121664449841822	0.331938193300696	-0.518828173512548	-0.49906417061547	0.751808778844858	0.114120256324246	-0.508050439505734	-0.944028533760885	-0.049065807614018	0.548711089396563	0.429694980069548	-1.07942993220274	-1.83042999646886	-1.9418782413203	-0.636074944085428	-0.85055648746217	-0.928194278515823	-0.0122901141224934	0.392337874744189	0.0159797899729672	-0.257579911712057	-0.855459294589396	-1.38236725967875	-1.97368488051229	-1.65640556324533	-1.75252629652005	-1.97155897991542	-3.06469506593049	-2.70986068470431	-2.13055873285469	-1.69392585450499	-1.76768953577032	-1.51436706729274	-1.38464636238517	-0.22916025136408	-0.148496206835494	-0.766073759803001	-1.65307465089796	0.0147387631300857	-1.34984457906297	-1.42326576591843	-1.93823322291925	-1.04348790653277	-1.36952744559508	-0.927693144251686	-1.99833148444158	-0.349875180636333	-1.19561710641824	-0.418080841751084	-1.74137289482262	-0.596615433335744	-0.717488137267492	-0.565843845197032	-0.543292031820464	-1.44863026175069	-0.854071750391536	0.0164812197952656	-1.19654100719567	-0.63326016881085	0.143683935960846	-0.815951267854728	-0.232615480599529	0.114096477349864	-0.0625894113639584	-1.30181130265751	-1.19431997361025	-0.468543883202442	-0.366194969012969
0.11211934246217	-0.726660901196895	-1.25027207822769	-1.82572930606966	-1.16713980763947	-1.70921954251311	-1.31276566368392	-0.0706131919432492	-0.659886159379769	-0.287346270744381	-0.463733516496234	-0.971966335370539	-0.488750014481917	-0.556511821141943	-1.28101326386254	-0.194240614557801	0.762945134322452	0.601607258686944	-0.738622255500197	0.0531963832577097	0.720856310004488	1.20591006758749	-0.546576876730864	1.23679980494834	0.864695159356934	0.0742258162653336	0.0175184168745322	0.476266769351559	1.87783040838924	3.02519723444517	1.55243551549745	-0.516495948721104	-1.29970020164192	-0.800137822104807	-0.597504361100715	-0.708922998663846	-0.603677825692204	-0.862538546856444	-1.19143982458261	-1.17656886425434	-1.06015841314241	-1.32680956392658	-1.63304418046033	-1.30429293017693	-1.23543885062245	-0.679610683048449	-0.439776643329292	-0.0648048580426718	0.205057291245584	-0.14754772218511	0.0743325489550518	0.651502293905797	0.0320815006099667	-0.022881366918597	-1.27406822594916	-1.09080676238946	0.725209325971108	0.267802394939728	-0.173032829349497	1.03544549620204	0.684339222509167	0.00350006688902671	0.265743699319557	-0.237311234169624	-0.782946070825984	0.323347250644762	-0.462372225361036	0.613343561867768	-0.0922540599255858	0.015799424201912	-1.10452137079578	-1.17690131022715	0.419999832272615	1.43288786714566	0.522290837876445	0.722259765558191	0.230142900172977	1.08984072135144	0.902477676065474	0.439494028623169	1.39966981515959	-1.00340158852958	0.647876565471609	-1.02815115181287	0.702231229209686	-1.15972297952029	1.1906574411759	0.0244632387423801	1.05207999532799	2.189142311704
-0.211321657031716	0.18011969077448	0.766995277757133	0.115406830118123	0.769613946398247	0.870134385257102	-0.243354539324085	-0.566331995489734	-0.582829355144773	0.432344978947838	-0.240824801275082	1.02754008861471	0.728219152547025	-0.205847744326334	0.146011547203749	-0.113572136989554	0.912422188135686	0.244280868879894	0.362172699181074	1.34370694366106	1.80764711252891	1.39537436557316	1.99045377797138	-0.534643641536975	0.647562441888605	0.712321717968616	-1.00674784434634	-1.04834206868817	-0.604836570449473	-0.885404990187302	-0.138287772811841	0.133402608028482	0.671148113136256	-0.253597847028833	-1.10723103480747	-0.371809293514065	-0.213218960525266	0.136036443818968	0.0464279032259182	-0.257895137034027	-0.331258866647133	-0.225708272680107	-0.645455134869904	0.219312031916208	0.274521522001974	0.103502436140827	-0.276170152937042	-0.160664333535718	0.485474851053185	0.25104021134217	0.133845491400485	-0.178993926780766	-0.314727423054746	-0.0907927666449845	0.98100592375785	0.503555530958432	1.2733690478165	1.4410244247067	0.739320272975691	-0.739235523084798	-0.26287993248507	-0.867795373668708	-0.377878705520037	-0.480662206109757	0.231794838572146	-0.0949408783761147	0.944411474034227	0.810342146172063	0.84938242152919	0.242874699537143	1.24332197923742	1.53899295980519	-0.12961682804895	0.617856783448549	0.518491585577894	1.11684736578909	-0.571223288107092	-0.134157198428563	0.353222893297565	-0.729235726515808	-0.199873856075995	1.32736853686478	0.637887228410197	0.445620874621415	1.1416360719674	1.56577773173704	-0.00102160127050998	-0.907560594374115	0.29686962656596	-0.0588104629668516
1.1875566235658	3.00801465457679	2.62851883205257	2.15991518563584	1.21906261121688	1.31310301351749	0.0145202681156795	-1.54375859193784	-0.585566505920751	-0.488859898793509	-0.196370369501056	0.00401323249794409	0.430411219916158	0.259017336532924	-1.04571414683523	-0.912576281533662	-1.20024061204566	0.574805848896255	-1.64769623263371	-1.62980520748924	0.270974204422637	1.14352067943494	0.668905081876836	-0.654964088303259	-1.53664833613139	-0.910859395178807	-1.64396632230605	-1.61859155184698	-1.25385785980463	-1.04551640060082	-1.06038314586198	0.562182557130075	-0.575080021715391	-0.170996736483163	-1.28363091494554	-1.58576688203761	0.712724697286359	0.985922021024076	0.713087102276669	1.15681817537504	1.31764673522905	1.46413597262465	1.3563445710883	2.07072033662748	1.40864399146446	1.43333983998222	1.74757570485605	1.49017218900996	0.928565762875057	0.74538483121811	0.183022292493569	0.251863243714147	0.0606418768688187	-0.0338541955201017	0.12655199008406	1.41057153023003	1.18740519351521	0.990471736582885	1.12651988013925	0.519145267038624	0.41044557991161	0.241625863344335	0.241721303455729	-0.0992813121148583	0.334128754345748	-0.20617217602663	-1.15747923315545	-0.49475834408872	-0.924154131238079	-0.838287458527804	-0.480823950759489	-0.966543199911994	1.86196759103202	2.01154229022758	1.7518433712007	1.65141695516205	0.797208192648878	1.64446560605746	1.8616241710759	1.40764579192242	1.62371739143931	1.17083399047418	1.25113304665861	1.60035670566332	2.02906127222125	1.17655016152423	0.834020741060772	0.869317377667042	1.74665351671511	1.48152515663984
0.470323900540617	0.555536022392087	0.792401955284889	0.703321243624683	-0.538662897327178	0.0867633293921377	-0.330277433330941	0.15445743549162	-0.274970182943277	-0.120557315992586	-1.08675993288907	-1.31211708802786	-1.40979506988583	0.495007092418073	0.203442716123249	-0.0180377041284579	0.313414639655382	0.57621859583496	0.572506716451486	0.755115021062859	0.448433975541089	-0.94192877865505	-1.67167695719572	-0.154683280810479	-0.0538827724749888	0.037467633490972	0.268152363155249	-0.246814347973917	-0.583899480399823	-0.0591004587399103	-0.143028375805515	-0.781207170846876	-0.617847663486905	-1.35775232987679	-1.14863037872463	-1.51820820657485	-2.43887166457085	-2.23126272948823	-2.5493548226822	-2.48508261443809	-2.79888188289799	-2.95783649565789	-3.33364110772522	-2.68855102141922	-2.7875912128947	-2.24315318447149	-2.24404805269213	-2.16110647892697	-2.07635989474644	-1.68615928610813	-1.85554725225388	-1.7055519091562	-1.88779060601422	-1.93400056352188	-0.0688155689218913	0.108053968718071	1.19491231173302	-0.896627788958772	-1.3620998562756	-0.730766556069163	0.298718141722864	-0.288453749833044	-0.327511720190566	-1.20708619859576	-0.707787556126634	0.619194086985581	1.8497043189119	0.26591593792378	1.94135575427806	1.35276859403097	0.18850954280939	0.100356555026601	-0.294739285658149	-0.818414543575078	-0.603726013081387	-1.04363842212937	-0.550960674026022	-0.939521786899453	-0.0157034272281947	-0.93256792690544	-0.151627132256604	-0.503123496984346	0.115127884060167	-0.534603034662255	0.291637610022495	-0.761892546644435	-0.48563861762905	-1.32374247713422	-0.315149002360692	-0.61476054093565
0.700011865062685	0.0938273573174064	0.0882714910113042	-0.71526531667319	-0.841857387737737	-1.5860322255758	-0.992097195791046	-0.506669618160537	-1.68012756775096	-0.843301076621321	-0.231064250418172	-0.297491108500604	0.212706399580741	0.539190017292446	0.695641696247572	1.28601256973655	-0.26011648866493	0.733395718745743	-0.651644991421014	-0.186364955264453	-0.227441399968476	0.635791918398663	0.204459875205907	0.0667064037543709	-0.272306372419385	-1.25095690791035	0.360195341272882	0.67868380582139	0.256213332689441	-0.00049975696857142	-0.210211474767853	0.253318624230904	0.418553735195719	0.692156701403264	0.861950278830529	0.44781488338644	0.310873717436891	-0.163490341889654	-0.373782340933869	-0.226597870194828	-0.42302656745424	-0.231675683663794	0.641289802145216	-0.234600450934892	-0.872255146713343	-1.95085881545861	-1.46237914425178	-1.34458589724798	-2.03391360602584	-1.22085027089491	-1.48120326834807	-1.52658582279565	-1.3754848211138	-0.829086974554705	-1.14279933843062	-0.404376181618441	0.927644803793696	-0.352583576553142	-1.25606980650052	-0.549842228644801	-1.37377120172019	-1.04435953001511	-1.75875507954406	-2.17583443380721	-2.92239894756723	-1.1363668413446	-1.00206844809472	-1.16463696060178	-1.54069597248404	-0.32845745689302	-1.11060406507756	-1.07915982238255	-0.646258357446763	0.526642575621255	-0.353458241688906	-0.441229375379686	0.904249859736643	0.714553531130808	0.494794817950096	-0.286924982178953	0.615538204392984	-0.494805567007405	-0.0682456425516781	1.05064003197718	1.006598537995	0.897135586223646	0.132388121696924	-0.599610448465307	-0.879517433564822	0.0998939484573891
-0.349150020246183	-0.509628982518987	-0.227998423124386	-2.11402301867028	-1.37314485327005	-1.5135238758129	-2.20608257656834	0.334105785944765	-0.0229110379186813	0.324477373795754	0.676297852283266	0.907376080309097	0.370471269565714	0.606727330587227	-0.397339601714753	-0.0897964924964431	1.11790750005062	0.485394996358753	0.733104302412631	0.182772015813177	-0.709041609742197	-0.807138765540269	-0.460146886268759	0.00338953357270901	0.125891296647445	-0.652424180987684	-0.167456588493131	-0.468301906279649	-0.328972337524372	-0.570426953732923	-0.23806755812114	-0.118080896127174	0.408854570946613	0.281139079359742	0.293370917417256	0.438895995295451	0.277159020164544	0.165970683350365	-0.442508067559759	-0.409236233296093	-0.382056899450485	-0.139603559669932	-0.742483595520859	-1.05746799788713	-1.0047505777763	-1.06952030477022	-1.02193936644729	-0.371582972726449	-0.363416996659536	-0.401258174891828	-0.65083859875886	-0.114914078638145	0.249333244926023	-0.00291612360921967	0.898659538559467	1.40732442546283	0.177257863731527	0.763350741260998	1.19242818639388	0.290861237987828	-0.786182154887857	0.761046014956066	1.13954166903279	1.58296861007433	1.16844920575688	0.852789743439559	0.383595662016119	0.366166680102087	0.31447127799285	0.132755950840526	0.476703205854604	1.74468347180273	1.21752833443802	0.533633977825684	0.59284320637165	0.603098944504877	-0.768262586047595	0.17799014478311	0.688601043149216	0.346415857190347	0.00495052356869012	-0.880155995376261	0.0695016281972082	0.245199419268719	-0.695129344853857	-0.345920994368634	0.198970626711204	0.813149870093489	0.625608649409425	-0.574473187208832
-0.0731190232348687	1.20247190206115	1.0989404251301	-0.168740919278991	0.214776694268546	0.758818768529028	-0.197127527844843	1.82558638532694	2.43496485147146	2.48395576814132	1.60143880404747	-0.357897491841587	0.365967984076435	0.457828426189334	-0.102079798458123	-0.540622479077369	1.66668227976142	0.207047642042132	0.0579985736452595	-0.65786560123157	-0.586766038857739	-1.64404604325929	-1.71756177133271	-1.084117973749	-1.51647876358464	-1.12749907215855	1.47388176273336	1.81876645693068	0.615646397825654	1.09259768146089	0.10157708086383	0.373212040649522	-0.0162991864993526	0.797393151741789	0.250491385107401	0.525251929260721	0.304197109038491	0.336810129522875	0.701050784425438	1.18190652790267	1.21225728693565	0.223833778272048	0.213632287463134	0.373849583545036	0.20912260014776	0.0885175091443459	-0.177771531326163	-0.34461068216956	-0.590422822607109	-0.915892184058771	0.349427738212886	0.054785859441601	0.0119257170927144	0.330718917038705	2.12325910033592	-0.67009077851537	1.44706629907351	0.908845922524079	-0.270777553256262	-0.620379594006225	-1.90463215319025	-2.84365154765594	-2.09474109704247	-1.86533585866317	-2.11371781632531	-1.7962677695622	-0.788068486208639	-0.184151252410022	-0.496936826371139	0.695345242684768	0.838562358613735	0.419719705888968	-0.965710210186257	-0.233325661366261	-0.914646671646798	-0.375246220334076	0.937192743691215	0.7271140484255	0.387592631114357	-0.439598684458456	0.134018465072823	-0.0498143792332327	0.307285830384635	0.0473918069529005	-0.941398254886831	0.925515005316198	-0.149349971765633	0.687699977202083	-0.644300805276772	1.12216860915379
-0.118273930247343	0.904803835548967	1.04210091329106	0.940588068070347	1.0753519400515	0.74375364173526	-0.616934088453876	-0.59957358051167	-0.745291207766098	-1.30147723378949	-0.0901050233622362	0.638926619046938	-0.753385774609507	-0.957554159373102	-0.350136837524924	-0.651132176099926	-1.47252446614914	-0.4961691653429	1.7926111186003	1.26338869603745	1.1007354166278	-1.35756887911613	-2.0073936367922	0.782160303004804	0.364254145668504	1.38294958255466	0.88575757965299	1.54453764222656	0.880510601049423	0.718000115640409	-1.04568658560948	-1.47208107325448	-0.623258214709098	-0.160566257780091	-0.198841129167369	0.171698114482016	-1.32714574965161	-0.761482381526786	-0.319150854769478	-1.37223707839006	-1.51631143988807	-1.92035542671441	-2.18077227889095	-0.859831896475271	-0.42141558692458	-0.63780527709529	-1.74461913250439	-1.70555293428184	-0.350085203384397	-0.33142813403763	0.423034007020994	-0.635796396647814	-1.04585677947823	-0.953838397221912	1.39160306793108	0.516941400569852	1.23831374224163	0.923609809791807	0.797004980619831	0.684422925157375	-0.743370773359043	-0.635112769804075	-1.04645443933292	-0.706388951060424	-1.11881724730507	-0.222466084201049	0.176979002638464	-0.43480115954085	-0.714025312721065	0.913158011527311	0.864518825520966	0.638928641782309	-1.21565496691571	0.0479889659949715	-0.353433288611874	-0.283595977851961	-1.59217960699447	-1.50185031392221	-0.321772116602624	-2.31313570811687	-0.596882870388293	-1.54842191504031	0.243291020787661	-1.75620466625636	-0.847975951892338	-1.22480764458813	-0.414131347009095	-1.81148612416242	-0.873381426050785	-0.186311852848504
-0.826157685578847	-1.36464843453191	-1.93260316990955	-2.32619908419652	-1.8752415085275	-1.60433933800225	-1.32390790488697	-1.23269325555378	-1.27536290058913	-1.63361618360593	-1.89951312920118	-0.919977987976229	-0.337762699805281	-0.295233228176966	-1.38467988826178	-0.0153620650026531	-0.604969180264411	-0.338425665210573	-0.223817731141175	-0.65055249101104	-0.347367896771302	-1.18020814673074	1.09681659824763	-0.604600226112786	-0.342671014222522	0.0569564415534649	0.313691107051111	0.428864294851155	0.775211879673856	1.10410759531904	2.60053469940866	1.41259628858214	2.21200950767395	-0.495009461093132	-0.87558683269544	-1.16589650183446	0.795622809317896	1.36224814484326	0.936688628878804	-0.637647472216232	-0.807942149955049	-1.40445095578979	-1.38849595747262	-2.06087370117597	-1.58192593344987	-1.47459740421415	-2.09768659919622	-1.74612637239475	-0.424337644761842	0.160969382667807	0.591276630736501	0.903222207012481	1.32191155016512	1.2924283209929	-0.381305690397352	0.0506904408839948	-0.826201446381921	-0.643503027041725	0.0332913293653433	-0.227460548884847	1.09399518621117	0.181361526104233	-0.690966077001756	0.236393743073566	1.27152787889411	0.627014095747574	0.968274591955429	-0.0436880371176216	1.00920625636716	-0.245344331695366	0.0774313538091792	-0.214210455771574	0.833419089170351	0.755424265066514	0.743516929942292	0.60882047790209	0.854078371988013	0.497313661677532	1.06241809491657	1.67874183999205	0.961020134831386	2.37709818576562	1.70487734052618	1.5205592580179	1.21868100633112	1.68232343505741	0.874129276758513	1.34329407777334	0.875918897695385	0.67168093956513
0.697191874620793	0.151137905173966	-0.543260161117489	-0.375108344680731	-0.0756665254105497	-0.271149909962896	2.20925024956581	2.43138386720854	2.33269363479474	1.42109785876277	2.33849805232075	1.53279056423938	1.60522334565619	0.906077860200564	1.02407294657738	1.72213174536446	-0.3483340691077	0.429480331825567	-0.781648819196125	0.204295270306366	0.751700151424189	0.893228571354309	-0.273168749311373	0.0425096282917831	0.367392541680139	0.740886250147632	0.266686416180593	1.28913345327688	0.777555702235809	0.311243444652453	-1.54992119660981	-0.113803927792126	-0.632961121503148	0.158324465717553	-0.391879554847835	-0.87066740240548	0.909391156938996	0.941688197871647	1.39975484524554	1.24407671812448	0.809453637479607	1.21340136690348	1.06403240132984	-0.298097964435745	0.427742168704167	1.12083745121206	0.543026387029108	0.6248088841821	0.709289169369996	1.17100944603803	1.27007616522125	1.57312143150765	2.24378799516176	2.6849662421486	2.30755248744662	0.229064953458865	-0.226107129224229	1.98927911824722	2.25926402971693	1.12080821594229	0.85121154465621	0.0489067880773733	1.99412116160486	3.1940682172317	2.25686203551619	1.32702204314772	2.49685832562897	2.51090608477173	3.24670787844796	1.85982947513416	1.91505635115388	2.18143535810862	0.291128986813305	-0.0427428756559448	-0.12080986830843	-0.277862219034601	-0.075461781074351	-0.15227171750116	-0.268626698675705	0.765120612191751	0.311862497881995	-0.273471154316615	-0.183945161289671	0.640033558573082	-0.717688057924774	-0.342343704503966	-0.300238489108269	1.17255833969849	0.295218988235938	-0.394550143222278
-1.01390642383955	-0.595929562716394	-0.985851572898345	-0.776052518477147	1.41923642862615	0.525994726673966	-1.44404567286526	-1.65163055180865	-1.92278280819364	-0.92017833760147	-0.349163549963476	0.367118507543139	0.689818826848686	-0.477626443446162	-1.05498664845718	-0.413469947519148	-0.865445849239879	-1.45782051493391	1.3288561878896	-1.18916969261178	0.21656927809157	-1.1439222350039	0.517133935484133	-0.383253316274239	-0.795736641416141	0.482469850212389	-0.660154791889655	-0.371533196362782	-0.344243703470325	-0.257291335366367	0.0405857277834266	-0.216257855451468	1.2860981239642	1.13121183608889	2.04227219159159	0.672900867268756	1.23769316331589	1.13373079766678	1.07326895662296	0.868632759160157	0.690132507434945	0.797371399400257	0.167567988886752	0.151770501629359	0.0929018310941377	-0.15435088864838	-0.0652253960786847	-0.0364741539384247	0.0957228079483401	0.327634428222092	0.218206152550523	0.39816583701403	0.877660288530386	0.68843531552905	-0.00293088405555235	-1.60671689214556	-0.300513138706884	-0.4074160613886	0.474392498536514	0.731953766531597	-0.914510721105304	-0.894660748813294	-0.971605216020362	-0.641485247066714	-1.51821024046427	-1.71173231858202	-1.22980867967797	-0.712409718783516	-0.861077720699381	-0.885408549900645	-1.51573515376093	-1.16739856948245	-1.15054084627368	-2.46696430949877	-1.89067955360221	-1.55281470703847	-0.811123643032875	-1.45764104921123	-2.31202834100247	-1.32542246327427	-1.04094535830684	-0.612476318986639	-1.65420587148932	-1.42727224112311	-1.4006411870394	-1.73135159245849	-1.50098843921777	-1.04756787488986	-1.87979110423608	-1.57316380809223
0.168883373832181	-0.1251600408241	0.271905958478394	0.842448261176308	1.37352795903676	1.6369567511898	1.37786002064004	0.106492051063865	0.546181420165195	1.02100425930707	0.258634458909948	1.19543346023628	2.4798541062536	2.5492102847129	2.28217169168215	1.9405673769332	1.67555448089508	0.281741810804149	0.671398939312352	-0.14563034983073	-0.755480597780436	-2.10659794244385	-2.51882242097116	0.937880554095884	0.507103793191556	0.169097248916227	-1.06984551342165	-0.917819213819979	-0.322910791500144	-0.0134713305030754	-0.280522490164079	-1.6217044714693	-0.235358464080026	1.30829921871488	1.88164529771142	1.99319582605545	-0.624369442161714	0.531315666856667	-0.0799942724873652	-0.344349954907058	0.245180162359756	-0.382482222048971	-0.631436545485615	-0.191122907727643	0.281000789620898	0.33155455209301	-0.425389526225679	-0.208353903530004	0.175139500324876	-0.547281501677804	-0.276372508368686	-0.441044553236278	-0.0846057649402794	-0.746205600504975	-0.0381960041308627	1.49848597798792	0.360771694926777	0.722461024314042	1.18487296847169	1.19914178877144	2.15035403190353	1.65757484260486	1.82174047142611	1.54632675525953	2.04900823642728	1.77848308146638	1.30523342653963	1.67766922428742	1.48781226750248	0.0424860662015123	0.213195599486922	0.676295919319355	0.262133097967866	0.588096432718053	0.121454912994805	1.02321213028565	-0.278460834483734	0.566681389470411	0.477560204544584	0.426898276116833	0.588008018485283	0.962213719544643	0.126061865050766	0.738671660558371	0.345290474962417	0.860042435190602	-0.159584676334729	0.357323168450137	0.614558242722001	-0.161169127369221
0.808400642577316	1.14506565309537	1.09207566786643	0.708505711235956	0.637501313431157	0.706898660813833	0.513995638201174	-0.746399740378377	1.00777745655923	1.41247087103024	1.28189086472861	1.46970865408036	1.99904401064299	1.47863496831172	0.309430366472271	0.782231894767374	-0.216457029524624	1.11207382291975	-0.0168417157407049	-0.693652454841275	-1.35734876937633	-0.31582314408287	-0.205530718544182	-0.116228728283103	-0.0379453983164207	-0.0204150927235329	-0.723869135692997	-0.988721444020793	-0.538960977191973	-0.775140561386498	-0.0609691792043237	0.148816957146544	-0.858713855399978	-0.605670870004559	1.16954906879653	0.768975804432686	-1.3221201074892	-0.927485165073745	-0.568968920830517	0.264192824478291	0.0712924449513153	-0.198853282244256	-0.457885369098825	0.750735632617442	0.83793315367486	1.19711889087839	0.999488243822741	0.512638506847912	-0.198676801661562	-0.171545375071009	0.0202692231926376	-0.692622444640247	-0.819523559390418	-1.15147967883712	-0.121813490272751	-1.76459230792927	0.680674004382688	-0.152250973058373	0.539992972432069	1.68681688505412	-0.588542929651269	0.880749308024147	0.898786607879869	0.12158940914496	-0.665643344486358	-0.493572865828884	0.332563341999816	-0.268786123160721	0.531236051364889	-0.291921771254009	-1.00595872358555	0.268514478760189	-0.360930490519757	-1.65417225090712	-0.72967543680401	-1.66675429647343	-1.4481687728659	-1.0607483206523	-1.62335863629812	-0.506092529372277	-0.336419439347662	-1.60173014751199	-2.42656120684859	-0.981202677258386	-0.598470134846696	-3.22192860656961	-2.43230295827732	-1.95778634820649	-1.41922124208684	-1.75343366846653
-1.53337309756916	-1.15191224125146	-1.02041131539592	0.201552126562593	1.51747570150323	0.954979804751711	0.177172891200167	-0.0389080380777001	0.404499764702986	0.517766956369415	-0.578096257053164	-0.161284869701563	-0.319787729392893	-0.997777382123193	-0.686086086567069	-0.685151190430823	-0.47583629221257	-2.15008991969584	1.51315721866816	0.6838717015542	1.07423349892043	0.506895400608778	0.462608291447779	0.819527276536196	0.468241478960353	0.213514634372005	-0.225049647476196	0.498952283046698	0.151313922583058	1.55642627008491	1.27696211266341	0.425430564804525	0.659822776011719	0.525718324288114	1.28256813857543	2.26874475013803	-1.62402167071749	-0.557515194847612	-0.191338317767205	0.0407753357305349	0.298088596176825	0.669213507197321	0.411803368358047	0.404219211124519	1.41571148828662	1.38273547245527	0.350489694095458	-0.00844869756235861	-0.458755641448083	-0.527225939053503	-0.820106484479698	-0.837686711511796	-0.589035925228847	-0.940520528223732	-0.481099168272465	-0.679309387116708	-1.05902635354894	-0.838282156721156	-0.617664238012723	-0.459621684021207	-0.0647373942127672	0.267164274944563	-0.724473461866428	-0.22489706151734	-0.275089562762702	-0.927575039891042	-0.744532623876909	-1.91467119228332	-0.68827466578098	-1.16786248537642	-0.812816089469859	-0.933958405861186	0.430205683811106	-0.79112292848846	-0.485523659629061	-0.300504255717822	-0.326487915133977	-0.292405525578474	-0.569230232261064	-0.493951301726677	-0.9189167888991	-0.50905862553732	-0.873053002025436	0.185849969168312	-1.13133216681536	-0.134716885256894	-0.777291241214631	0.0632651419066729	-0.187249073900618	-0.984589488437282
0.545482400216416	0.511518195775123	0.510452737036589	0.688311644537044	1.10237661531649	0.938956456105329	-0.857886426876924	-0.965787776514384	-0.924581946784851	-0.269531866048141	-0.989172552378602	1.05942744723658	1.49252223517025	0.219032353370749	-0.102520659060622	1.36516114354305	0.370961994993079	-0.354894968097842	-0.965592499443112	-0.374042554866946	-0.877154348786901	0.63321622628103	0.0619953258036108	-1.27514726780507	-1.07100961669298	-0.934825489836646	-0.20265936554181	-0.545396680858532	-1.12385812245487	0.229273913177074	0.263997338582219	1.60302228875654	0.33038232054955	2.05640237906466	1.25490155699347	0.847635442125561	-1.08911515366135	-1.07196955923766	-0.86264468805741	-0.628614891591205	-0.392774742670397	-0.281052182033431	-0.126566640901898	0.909182415987188	0.913983830921143	1.04340775058275	1.70267505129049	0.906118438936703	0.550733225484441	0.404226318969371	-0.227925130951163	-0.292595169693297	-0.901736371816724	-1.39741938205656	-0.748973580993546	0.214490629776066	-0.59245425027559	0.291729448757825	0.318685919255248	-0.0398524985944266	0.895411311454781	0.185492464848732	1.02994985500064	-0.0208315428551242	0.937598223658144	0.070418026743403	-0.337659067945873	-0.722202463847921	-0.737441204350197	-1.05867547889564	0.350791040714487	-0.731875593724888	0.874012268540871	0.734908061353125	0.478151618624101	0.89562853069384	0.644851880635372	0.577523504659984	1.56290006537642	0.901599545788432	0.655154121656376	1.97720641025819	1.10484092319544	1.46134113298389	-0.180762165116922	1.9523770018536	-0.347952874892034	1.45840030097971	1.39290707903625	0.276270360645205
-1.23311902494997	-0.142771632880241	0.966835233702661	2.02990571951659	0.705283415705576	1.45123920846394	1.39443491903547	0.254244639781462	0.00873005131866895	-0.255158715879029	-0.0387665445637767	0.0263824094509191	-0.802653486413591	-0.337493231405108	0.519672250448085	-1.26756646582862	-0.239406199123896	-0.0178500710686177	0.599117546256641	-0.079980590615365	0.516030519522625	0.357287332867267	-0.811257943346388	1.64883523320384	1.32189587733448	1.24492516665827	0.532496221929998	-0.040190165420337	-0.700719145343103	-1.51760966141219	-1.67524711808139	-2.24815423791824	-1.03203621440884	-0.799871394254037	1.06442945152433	0.249688389133116	-1.64241802937851	-0.902607422966746	-0.996406675103468	-1.13233548254826	-0.679414061459138	-0.697755870539266	-1.01471756474737	0.290172281902395	0.641662420480419	0.233193410976317	-0.27823331839647	-0.381050079801981	-0.340290991599171	-0.660988226325048	-0.831322212148211	-1.65307628297085	-1.61444386506819	-1.76313082704284	-0.529906387052269	0.988309083171221	0.454733518975589	0.456020912221083	0.490543310504761	1.27159768312569	1.29709537190528	1.98990580416997	2.27021969420948	2.37412440493085	1.7609104688481	2.26041965847262	0.868065592434818	1.73549967486723	1.06196359740203	0.371864757962899	-0.7002242473656	0.431472652377136	-0.0854195952172011	-0.373385399993399	-0.769079571084852	-0.145042756513258	-0.22675286383124	-0.383863023656918	-0.864055589494703	-0.100450743433794	-0.61203819355369	-0.602529703677845	-0.70643440056076	-0.200268546332271	-0.789114785657848	-0.106736203796586	-0.309207162925198	0.121290966136354	0.236210768834935	-0.870589425910263
-0.771268301554522	-0.776681201180639	-0.535553136638056	-0.361791524704064	-0.34883076298666	-0.313495779738438	-0.095318021402804	1.82891122297129	1.11090840870027	1.73621036443638	0.444509351379508	-0.604917445614634	0.491946834060181	0.471962425609082	0.700351969484077	1.0014483292426	0.58436632121346	-1.29666034218811	0.964817190000714	0.205940642030953	-2.04042357823984	-1.72222533773811	-0.993456780779046	-0.63762425826901	-0.516889279370109	-1.19500181549848	-1.32242872573839	-1.34420864870207	-1.67340469679481	-0.431190205625703	0.673209577114626	0.455135800515095	0.618633423459266	-1.19419477103608	-0.249304231743371	0.670005834433263	0.706494868763385	0.414355954271022	0.86763668166349	-0.745290129061301	-1.06004354461571	-0.762531000461391	-0.317988268233966	-0.392381498473004	0.00280782731115796	-0.313806037898614	-0.661915634118194	-0.533909410043225	0.827368824637594	1.52629330924751	1.63673497325481	1.20988313492484	0.746541015272074	0.92737125302838	-0.0560282432979867	0.165103598527868	0.00904596696791483	0.536739978217229	0.308750784173065	0.592459579816856	1.46256659355217	0.166268460527802	0.418776436070556	0.92248282735446	0.825008892791151	2.0810397420662	2.13596863829832	1.25218196613507	1.74321786870563	1.65534765392082	1.30794736034669	1.61934869313004	-0.484083267004105	-0.398976359899508	-0.942853682940117	-0.928138960508934	-1.22550164598288	-1.86263186298684	-0.446557003440201	-1.09440146927287	-1.28486349580088	0.703067800932509	-0.122391477117297	-0.645508799782926	-1.09839953012111	0.246179878186531	-1.18837952213923	-1.48879762521301	-0.334013770718198	-1.20603968660062
0.436626434954753	0.812644904223218	0.608862138566266	0.59438322525492	1.03592947815155	-0.150198228784766	0.160535067173693	0.25101070552626	-0.314737462725316	0.554234882671036	0.87180852660012	0.632510846619491	0.795673507101232	-0.683994917581251	0.719215952591107	0.122889038680212	0.728123981609192	1.37540499382922	0.616170634855596	1.20361568172413	0.810081091500158	-0.072053025479471	-1.54727029473193	2.23750515576073	2.46417914744445	2.60291878388777	-0.965685115665096	-0.635950771028961	-0.882732881030688	-1.30340057043684	-2.46751491042797	-1.76632932807332	-0.258496068316013	0.523009270289474	0.864853747605328	-0.439477806074127	0.0631717660834847	-0.325008667754393	-0.264503351396893	-0.146798544803851	-0.0275600907938187	-0.338469588188896	-0.982905902882008	-0.706306661044186	-0.476115639083776	-0.851224210886684	-0.14025350322804	-0.552707939432134	-0.525982872037346	-0.774140526386624	-0.739096131236186	0.138074108193004	-0.082457781103865	-0.511385900132587	0.595376095094974	-0.373051120181227	-0.40320708623847	-0.892594995716405	-0.230716188966521	0.402092238344567	-0.227056089586276	-0.569253556889859	-0.609942853394039	-0.877195135711996	-0.475251008344631	-0.459742693816271	-0.112437354974231	-0.913592261454859	-0.785392137743229	-0.201157251628325	0.137096504898946	0.324281992469574	-1.4975406344693	-2.03277165203319	-1.28019702400592	-2.3886227071247	-1.91032544064476	-2.13336111251336	-1.61072558942857	-1.06798766014966	-1.51822694178969	-1.06174271128797	-1.52890631978562	-0.623797726224273	-1.26327088818603	-1.86639923205751	-2.46863502130714	-1.47650949105756	-1.52898764601929	-1.5793480598546
-0.387243491137943	-1.73238781592384	-2.03134772671609	-0.73084042586112	0.167494479317919	-0.481091277801562	1.66802608976927	1.72492389798918	0.742596355832658	0.719423490990523	1.12617604763858	-0.567962916750209	0.933443329503005	1.00665736441504	2.00310991218351	1.06197144646798	-0.677891140400819	-2.37807452042113	0.813599338257247	0.763957314604229	1.18129594379838	1.35696449687527	2.12424269055636	-1.7517756322643	-1.50981287057313	-0.274435169246292	1.52829797544191	1.01968659473824	-1.08820532433298	-1.18290285689647	-0.2529875240088	1.26015724253626	-0.141763699864394	-1.53464373386807	-2.02203082747547	-0.252876119675055	-0.924535793102922	-0.715754525738212	-1.21969422844563	-1.00903028947026	-0.622255703214294	-0.688392234494072	-0.970037795727106	-0.669183235100048	-0.828060889647388	-1.3882912498632	-1.1707113230679	-1.1173209507973	-1.098533837526	-1.6603650254236	-1.98749145551684	-1.58585012489599	-1.57905525018683	-1.61722853605362	0.449473361109212	0.246164398886482	0.167397212217962	-0.0461240424537228	0.255676697116545	-0.240506884865888	0.727250927221674	0.199322999047683	-0.0153665260221268	-0.334730541714272	0.650966022993617	-0.0509430248594201	-0.111233013067108	0.0543710600408499	-0.100676671804657	-0.345950339871413	0.330187529017284	0.844415717040352	-0.806394242405945	0.978181057806028	1.15661960501907	0.969695352252736	-0.179683522849698	-0.34206969447047	0.413319536473935	-0.740720043645806	-1.16813602600094	-1.2035727714467	0.122328352144144	-0.0957614813215892	0.162522247741806	0.963056883738934	0.000467024979086746	-0.262858336122563	0.0131618788756589	0.18892909672196
-0.105334196033264	0.961984600890297	0.443421716816456	-0.123048689067485	-0.0609075094093912	-0.112589981816226	-0.743960572719117	0.41493680902951	0.96850755037106	1.53858280013639	0.695784240121405	-0.0902574612944678	-0.181123432802715	-0.784373671332118	-0.460455667908692	-0.570363693135065	-0.0388742223767544	0.417308130950595	-0.00894745942347002	0.305267707718064	0.544721063100053	1.26842840813817	2.0375982828153	0.24658411536961	0.523997357695603	0.919667680783635	0.759490799145546	0.77093001323816	0.378837488901714	0.288974498942422	0.30148458544506	1.96115256886703	1.24681331633657	1.01981128749256	-0.256880319807577	-0.512341957703017	1.3670232840641	2.06788878007539	1.35678982301483	1.69025699196693	1.7477613271729	1.48764053862969	1.27913547859936	0.916118980576488	0.196188392650303	0.667358807454932	0.309199648548087	0.663593337789157	0.188886328857667	0.151362893507201	0.15070454596216	0.996973271428205	1.05781933088207	1.26496050792272	0.638727511642131	-0.255254619473833	-0.281473846903567	-0.497339761144454	-0.257167461057251	-0.444452821243847	-1.14690086111117	-0.390835047050618	-1.01669803646679	-0.790538804488206	-0.668479726770521	-0.815969578568284	0.313514253934712	0.22100264511328	0.0296724565031961	1.05088027724557	1.00250399572623	-0.333910453457836	0.942256814499197	1.18555174134885	1.11132194516736	1.84585739771143	0.824992850501459	2.07216937509939	1.0775355081154	0.919926224005122	1.71658766149413	1.13065147669326	1.33680204899405	1.25303088693114	1.01341462253363	0.659360874764913	1.33616910345576	1.20306694164197	0.533272778130634	1.31240539603915
0.467241348849352	0.620470783609972	-0.684623793446721	0.091994210897934	-0.188439649460484	0.722460458217285	1.64402566972684	-0.612920151482139	-0.972227358382056	-1.37180333426263	-1.05836728644329	-1.97537475052419	-0.462153596914766	1.9070701980563	0.530100462572616	1.07768821734143	-0.362030240519852	0.395709901653658	-0.367893720743148	0.775347841253727	-0.041745413069973	-1.04998946611367	-1.87564476117182	-1.44590236289746	-1.02291121089321	0.0501139226785025	0.559420261487192	-0.427561240629074	-1.93873516085995	-0.970984734340792	-0.34352681150346	-0.744442947543958	-0.155551810158693	-0.232482338975881	-0.937993002392176	-0.927386394828618	-0.933117742295002	-0.807528537490384	-0.108304844500008	0.558609818646666	0.765161935185032	1.49302548765684	1.22395036990262	-0.132569447173988	0.200627542393831	-0.518710917184275	-0.693620589498531	-1.39833989451963	-1.91990189836457	-2.28079295377231	-2.81753597557309	-1.83306985256903	-1.26209752419543	-1.47000905713568	-0.54199195885871	-0.769501772261666	-0.497559980043102	-1.87995729838167	-2.00639126427239	-1.33061139096677	-2.08223494347767	-1.07190679251209	-1.56369321217256	-2.3262157100106	-1.78794225782121	-1.06376474209331	-1.19162496647148	-1.56588514050944	-1.43942289264391	-0.94860610711317	-0.716452942488194	-0.592577918700688	-0.0922589016280769	-0.7360411072385	0.356599104983397	-0.593326753788672	0.429359878078592	-0.191583714875769	-1.01199377506697	0.675853884674447	-1.53858146059967	-1.06415938935523	-0.668195935188092	-0.916390223854177	-0.742532344149183	-0.712666391614714	-0.0292142224755649	0.508883330200303	0.166991109425402	0.0659048604512634
0.596619065628662	0.953164759822232	-0.373581595472205	-1.00958599985821	-1.50056708231786	-2.16710089635778	0.0582751004286959	0.818064352324791	0.887918700928077	1.30214232417242	0.550193406625366	-1.28179667418808	-0.0123053426460311	-1.44096354194252	-1.90136133082167	-0.721346384372263	-0.0806343614560353	1.26832194464757	1.09078054434207	-0.616473434741192	-1.85730494702604	-1.06359892538508	-0.514369510726687	0.574704436118395	0.278025292000941	-0.164785224051992	-0.950659890881736	0.414860580474524	-0.166083292064252	-0.431404751130704	-2.28596025339045	-1.24553760731133	-0.5446645285403	-0.446219528019433	0.684113192392116	1.07017710424449	-0.124752506925732	0.559749160678992	0.384243590167071	-0.0273214893490922	-0.565325132275258	0.229836490580506	0.451252740279615	0.952225332368227	0.610341786348518	0.714976794066725	0.264919250627813	0.216019496809422	0.696461363987289	1.21406188391482	0.15212045959291	-0.365837475058316	-0.347436493925526	-0.520210452063481	1.18648329897128	0.867824403300169	1.03991403719882	1.45866608000094	1.224855958716	1.10896404716054	0.0536806627380951	0.883039949609499	0.729774791456895	0.300731054757594	0.50613988800034	-0.742291560770772	-1.50809556761219	-0.180727702864003	-1.29166144106047	-0.202902484407602	0.611369413035377	-1.06310797348891	-1.71437149870937	-1.94270143174397	-1.39778175429266	-2.15838000671383	0.304899949925255	-1.55919427926379	-0.560496109256408	-0.990626436864996	-0.760996001418127	0.251978643958415	-0.52204045771194	-0.99940433299132	0.261645322919612	-0.608134356033103	-0.597242886292034	-1.45131131271645	-1.04427621363131	-0.112448447806963
-2.03042380259379	-2.29598081484179	-1.53986873800955	-0.991992299778258	-0.455014344862976	-0.269981386569718	0.621859347384852	0.0778175480366935	1.48284688639767	0.614786472217094	-0.152804389914746	-0.0657111757696842	-0.31387553511076	-0.409293583554792	-1.43290903349478	-0.980892113854285	-1.16480973374928	-3.05696298202223	-0.726359039246756	0.24458199673064	0.280074761545882	-0.409843734783231	0.178868510295818	-0.673020934949882	-0.509693487150465	0.200745380889499	1.5403596208363	0.952883025469812	-0.824267084069912	-2.1653320456124	-1.56278496721883	-1.85997082388404	-0.85724097904551	-2.07287497117531	-1.77579086322002	-2.15936325801036	0.818009133881045	0.832587526226349	0.61411722159304	-0.562131534767997	-0.550463924521193	-0.230099026040465	0.521967021227196	-1.08929270550127	-1.41048473999562	-1.53231058255294	-1.66110708014882	-1.43767079200926	-0.985462553827124	-0.153407036668896	-0.508474456300643	-0.609698267361438	0.343437168906629	0.610847987716757	-0.552126555825722	-0.771528574140894	0.204017487432352	-0.299008257207479	-1.04301612420892	-0.501524077772244	-1.02905399990404	-0.327572138088273	-0.768600100142465	-0.339937712017041	-0.205774780736521	-0.221389522228394	0.155191081626695	-0.707519646584772	-0.305866112827748	-0.0859765281934264	-0.103279375891202	-0.141430661109106	-1.05113320685404	-0.580233808578248	-1.45907075644567	-0.798016899944486	-2.12252326886631	-1.51255564970657	-0.976419664312358	-1.6525697725462	-0.98712835950293	-0.727678642709145	-0.733443509041456	-1.38973870812391	-0.969743298457843	-0.735173928912904	-0.892495458339918	-2.02249257257011	-0.705276490040553	-1.38809666946064
1.57740246371951	1.69956184159	1.58605596892857	0.490476965557579	1.47533490241987	1.22635314860804	1.96291932418882	2.57850085339622	1.6751658795637	2.37649204873004	1.1711316260879	-0.589046489784749	0.386065010133783	0.693859872150745	0.987822920802785	1.25265237347315	1.62859706884126	0.802070556408524	0.466235820919995	-0.220676681662122	-0.217131059420866	-1.01991028217838	-0.715868794892095	-0.0282923038520644	0.0585780831910281	0.66152441127076	0.690295517876285	0.831309364490678	0.503344863337099	-0.103856883145997	-0.606937680112995	-0.645472586350167	-0.511096650069007	0.408427202618208	0.824882769751572	0.945779345375231	0.307620732577499	0.577088150581786	-0.0320233803914428	-0.962607846813138	-0.768793590512677	-0.257947304039096	-0.0728569492064915	-0.0810813835427708	0.734411047399224	0.863418458729934	0.67120336127236	1.2675637312693	1.61107846929255	2.0142871304386	1.34137431254609	1.85007055440476	1.21109950391893	1.09784842173662	0.389457683401118	-1.08324217727726	-0.414099743773382	-0.0906100245442496	1.40332024371101	0.333791964605891	-1.33497115260431	-0.196423259679109	-0.828505557595785	-0.666694363201039	-1.2417151443951	-2.18588901037726	-1.71734986908513	-0.673511610825672	-1.44418021811643	-0.8764319781375	-0.815370332713391	-0.54968622836124	0.772994299282968	-0.70252929766908	-0.399413969434582	-0.0133608288705513	-0.59962739772717	-0.456611046627525	-0.606297529117013	-0.0364993006097666	0.582058129942881	0.0354266173037081	-0.837818930130831	-0.245674861467354	-0.547581556159996	-1.28497987988556	-0.840240224991765	0.295168621726362	-0.0926424202076655	-0.421443495724935
-0.240549181986251	0.223492075160312	0.0318888853512969	-0.0587380453911187	-1.37981524283797	-0.961848218496212	-0.828867324372266	0.197577762603161	0.953010028103908	-0.574285851189451	-0.613845286150218	-0.663180550992547	-2.35333931093252	-1.83667929564387	-2.02526475755205	-1.85265359325765	-1.21269896361042	0.0311547193981499	0.770358602048645	2.45051601393913	1.10497989118448	0.388404214832384	-1.32678388990339	1.07141072033212	1.14904615022825	1.22816217829634	0.238824655281532	0.346635610151466	0.959531410059625	-0.113584912474313	-1.11598425812649	-1.37485658402289	-1.65751800915791	-0.674837598495326	-1.92534622757828	0.776190438777046	1.07731547524985	0.840311581932325	1.05632027720189	0.309914987840304	1.03263602094275	1.05851386158791	1.50416185888491	0.600638765520843	0.369463648468825	0.0404309169457546	0.513984518592899	0.0223153380383625	0.231606544827717	-0.0029892487498976	-0.188962046671143	1.26830422755576	0.479001714965289	0.504744624616303	1.15777012926998	3.20351960019	1.21684929468462	1.13008494862619	0.625409140025516	0.510138745054198	1.8381693492809	1.1852538690311	0.823721965693235	0.411561877383921	0.729565386706676	1.52112942953224	0.610945303570586	1.00337280640863	-0.707734848626083	1.42753356274632	1.75246264754027	1.51223032605879	-0.723693725908992	-0.557746811131257	0.0803691598713068	-0.143189572342687	0.34380134797357	-0.70308527576133	-0.113523073459746	-0.907268802150065	0.257057334438544	-0.268716564008794	-0.402890714675777	-0.29990746597984	0.281642010403354	-0.276487787560662	-0.58681516599619	-0.152216109687196	-0.144488578572843	0.297278456447981
-0.681820297024733	0.63239525746502	0.170922797493286	1.52628917177344	0.250977670636429	0.0170866436372982	0.0118185989233573	-0.0733248832850113	-0.53101044812353	-0.726965288648781	-0.997163373032875	-1.13940287598931	-1.05887174851273	-1.31664936952555	-0.754951141093388	-0.863760792813006	-1.97803266462013	-0.781215592213706	-0.654910105701442	1.22223739674879	1.34780995220682	0.0991592881713064	-0.352356826835301	-0.400487361383149	0.159827828951974	1.04897014409262	-1.02119858437174	-1.35329338686505	-1.10174161960021	-0.373026366286361	0.561869313273755	0.0453933735144257	0.22752146492778	-0.274922339056031	-1.072674262835	-1.60904391515773	-0.967740927395412	0.02518440641942	0.619718540335108	1.61969744323137	1.51691568945033	1.66295334840518	0.621546318112816	1.7089159890515	1.96421669522333	1.63573319991083	0.354750786770986	0.0671905630303486	-0.36283135212593	-0.932986570666735	-0.646907587341035	-0.819879953460709	-0.986726255227986	-0.71849483660092	-0.0204201283107656	0.012753637821172	0.0686555764933616	0.560964901371698	1.1184828796913	1.30839337178027	-1.05649723859045	0.609179931590029	0.302969856168548	1.34646977688231	0.219076953885526	0.640800049562471	-0.547084876826195	0.141620914008608	-0.570376959243587	-1.06046982189045	-1.43223228209161	0.321875988311283	1.23803652856607	0.507601067778888	0.923593790560283	0.407903038597293	-0.54487978465213	-0.0466972047401649	-0.615892690332712	0.665734084417305	-0.863662048697586	-0.654069217004945	-1.515362006882	0.82620260897494	-0.184673357736592	-0.392084605852301	-1.36948972949399	-0.121551327439492	0.707625622372163	-1.05121914699086
-1.27953061545272	-1.23205496226464	-1.90133749318951	-1.39566642565206	0.389901980201895	0.432375342150174	-0.381217777358839	-0.56293029570744	-0.514251822782003	0.00336880010822588	0.662870679450461	0.895551326519369	1.40003964445459	0.820416543314169	-0.456941943557973	-0.261319297070408	0.274055204716624	-1.01410556715172	-1.13599541910279	-0.910711788441305	-0.435403610410435	-0.842899899895055	-0.0921820724253083	-1.10651297710262	-1.28622555565621	-1.2191604345822	-0.860250036270008	-0.949397782387179	-1.07130779447686	-1.33299306224992	-0.259340594131015	-0.0554558048163597	0.485243904603869	-0.0805991757010858	-0.422900007458278	-0.996142113583941	0.703182629181024	0.252381705623471	-0.0635457081913163	-0.693747119738848	-0.424261160347869	-0.239678997639848	1.01660560961999	-0.0962494018165485	0.0566584529399775	-0.0756944432504444	0.473305003407538	0.71519193992282	0.827185494261577	1.07932297438477	0.74859448550458	0.308188989043695	0.687524964495601	0.514054690981432	1.50687418240646	-0.33220298957007	0.0180088683576566	0.843385357776952	1.2520803333801	0.0482275368021442	0.0659740170603594	-1.60804763501833	-0.807467139713214	-0.65398868398532	-0.741851054418887	-1.62421852396798	-0.602789158533394	0.0588022408095842	-0.272559272199045	-0.86872664692578	-0.0641949729943199	0.16233294309115	-0.493531308034879	-0.889001655257533	-1.36974498228524	-0.36062096613703	-0.149557935924656	-0.525918569600995	-0.233102924708472	-0.656899721474608	-0.502017035140965	1.03442589075586	-0.104018613083951	-0.860810823231702	-0.676558618671129	0.639173870757846	0.0298113157136912	-0.0517927434076842	0.0565663733844786	0.469062431187228
0.466214325451349	0.451653440785516	0.455373780355178	-0.148433331844181	-0.554181416860649	0.158201660592647	-1.22863056894909	0.757186902631405	0.0353547736869655	-0.0569597067050601	0.482133150401723	0.391153811812699	0.026378052626405	0.389319819638135	1.345583278518	0.649326668758096	1.49054641135583	0.812522749590487	1.34682212039838	1.73923860899852	2.53965338186693	1.83065770933358	0.714671110219609	-1.87429685852734	-1.42168507512527	0.722174742795203	-0.443352812587712	-0.106932848987377	-0.124812488925305	-1.14173400452133	-2.15468744421344	-0.396892784543821	-1.00313999413996	-0.403007831859626	-1.0564185950686	0.29138660421519	0.817013027531212	1.5716473856559	0.943251563148974	0.587764595253399	0.267209436195403	0.561927045410031	0.991517066748234	0.543310321694312	0.175987144902691	-0.0603666037505502	-0.735638292292327	-0.232242888134383	-0.0894932640806664	0.461809643712668	0.0203006702133287	-0.507248255293821	0.189411377613163	0.394361562402956	-0.605989535913463	-0.124687977531686	-0.801042665961795	-0.516783499171204	-0.178141308828189	-0.347764637999431	0.669018048042537	-1.23231151999071	-1.20438919776174	-0.603362528988339	-0.832714365264949	0.259298775431587	0.973782614071505	0.145246822586201	0.739555658764991	0.546017359343203	-0.0287432473217755	-0.192805518886574	0.977146919284751	1.99805206151652	2.26981425435978	2.27227928825343	0.37563061831614	0.389153989486442	1.48201433037807	-0.0308155105272168	0.741416733751945	0.677271052525841	0.995159125175592	0.855033019444534	1.49767413503875	0.932569690707302	0.149407966099331	-0.220815086805327	2.00294607938899	0.757669697357949
-0.948392499694652	-1.25309317263813	-1.35577918922251	-1.23609127560829	-1.62221159490613	-0.404061454058883	0.652733868071615	1.5981204652159	1.24198822599364	0.588187566761535	1.2455196323196	0.580907911984468	0.017458450364231	0.950398587333051	0.86345872399009	0.335871437643873	0.19956593808446	0.43956977957397	1.29831306629416	1.10646117957009	2.57058155717189	0.284840439058909	0.42758430527273	0.218164007004448	-0.543338658889474	1.10170827030269	-0.8679512466686	-0.533631230732731	0.982558263178601	0.279820904918959	0.412723494905311	-0.0273527962791378	1.5141433419345	1.40805318133016	-0.180216029868865	-0.297828939904832	1.8958160046928	1.65420439050883	1.4632608337975	1.50137702984471	1.76623628309394	0.73279511638664	1.42513160176423	1.17315516757991	1.30964825704715	0.6066341949492	0.861072558271722	1.03170087717393	0.853987861187878	0.594908738995194	1.65677735727842	1.2828955572264	1.25121962827275	1.35649241543045	0.307630798189405	-0.252675219954195	-0.342026427165583	0.354797987874798	-0.0581792831549734	-0.505791581649731	-0.172766205091388	0.15012749989303	1.79397512584506	1.09278466134714	1.71140538398059	0.448075707505154	0.507752538153441	1.52851139088582	0.94118152138756	0.393209978395759	1.16913065337699	1.08782843122566	0.300573104170828	-0.358481163708167	-0.302084525094421	0.185911766313035	-0.46275032514508	-0.647640334898537	0.0548151035683055	-0.312202108202533	0.204660294697322	0.959773150630877	-0.156989983506371	-0.605464093170709	-0.528591202430927	-0.140133047674727	-0.311959842219591	0.0899375254276817	0.611988399904202	0.084788067815604
-0.753893066124059	-1.66133220398957	-1.47354274223366	-0.650690557583731	-0.240053232168002	0.025522897173344	0.0570986553032296	1.66104916869614	1.28438456026095	1.66940631181904	0.820667857505838	-0.510516063878773	-0.455708394694398	-0.811604741816623	0.643930347882465	-0.557717791347685	0.00797594353748332	-1.34947622885979	0.686394833388553	1.01589380160434	-0.362238404501164	0.425118382607613	-0.0371963243060124	-1.00376610475372	-0.375184517114515	0.205717980666518	-1.70154258866353	-1.05071874545426	-0.647227848531198	0.22626064462111	0.0132970793841248	1.30728473383074	0.024144256836488	-0.646176321462223	-0.730691345748056	-0.0257732760709947	0.642412349092004	0.909658732761332	0.814858697507458	0.307585112120059	0.0309276738666634	0.682971763474428	0.407593776260246	-0.178892750258252	-0.455849004948486	-0.355310408012552	-0.959553377117194	-0.5874753521098	-0.309796491004016	0.243058382014643	-0.174143538574151	-0.0432402481803716	0.437966947374029	0.661223997448148	-3.13284662354712	-1.55492215258212	-2.14463035349369	-1.99693322685827	-1.35003879594924	-1.0964266028867	-0.472126856274385	-0.836005708226144	0.0228337420498159	-0.512833668200558	-0.944830158594537	0.591325307499945	-0.247198001669317	0.332730150646064	-0.823990459159581	-0.963281109899865	-1.78316850035936	-0.48183204631504	-1.60225328354636	-0.0870601322001129	-0.810747136882069	-0.0903711274935996	0.395855970269828	-0.891754784766776	0.22677467711549	-1.04458445121118	0.226840518016358	-0.535686655247249	0.30737045529215	-1.63829606045594	-0.632556606296868	0.0804245401289979	0.434816549265861	-0.113196177028332	-0.712480461826761	0.306109562652793
-0.26167264811884	-1.2885585444308	-0.768023701427278	-0.631554062325388	0.250580468164602	-0.905317752421964	-0.584985119073701	0.404694723679194	-0.537139899063821	0.193352274591473	0.417735556290558	1.49633893753992	0.896091262226093	-0.936949638179829	-0.0595379142047406	0.0860760174276449	0.178673033351961	-0.975380462656493	0.232413847091092	-0.55882698730674	-0.40263970666462	0.55921694630721	0.861882179087984	0.904574591436047	0.510186761670428	-1.19641185674488	1.04906709298342	0.576101336911468	0.141823734375952	0.0834882041950015	0.428411868227527	0.161557625580496	-0.551379578892104	-0.714992239922481	-0.169227542318439	1.06511051344983	1.05271257299121	1.49908464126293	2.55032479750696	2.81074249024923	3.0577677689942	2.01556533015208	1.39775845071178	1.67849399850931	1.51100843151514	1.55355952112194	0.360418130578653	-0.00419644814063896	0.108366857112577	-0.672319166445782	1.20836911150062	0.566749686199722	0.881391893061965	1.23181820872333	-2.00862286245035	0.28749077021232	0.151970129388815	-0.0102754915256748	0.180082338295248	1.01923466249148	1.15992305687619	2.06322997094239	1.17590137013788	1.13311605211392	0.496246399075356	1.72476954770188	1.7296786445223	0.682334435097976	1.98125634304986	0.764032533134038	-0.282615103753482	0.377042946911769	2.2138496002667	0.781476902451316	1.47974138158449	0.495775980333573	2.29694953298322	1.25551723588006	0.626178826704813	1.7166372531285	1.7051402786006	0.429431835413865	0.845589764453551	0.998792091512493	1.43844923114751	-0.143721237483159	1.52050243743616	1.59867211140198	0.960467894609278	0.837203373272324
-0.0704181038135371	0.131418967627766	0.193293467410489	1.28748641838761	1.41374055833324	1.81405383940981	0.396805829539971	-1.25688607207205	-0.911615749929397	-0.33062572336764	-1.27085611675938	0.234768112329172	0.0630923573444323	-0.0889957136421568	0.626439260233297	0.475568367549387	-0.105906413296404	-0.224141780813772	-1.57106712640569	-1.28654905509968	-0.50068558705635	0.794975981364813	0.241229032980985	0.822382210854553	-0.227695200339334	-2.19854660509652	0.880181582425921	0.835378628320263	0.545504902349006	0.326761071340322	0.207278396408559	-0.289054350340345	-0.648609133751906	-1.32742020505303	-1.2631620215027	-0.754781217223245	1.03786066304569	0.294286187675412	-0.0615394095750323	-0.134065589925697	0.278466598589685	0.871094443185574	1.65306167547348	0.481917838066319	1.04679883167262	-0.644853852868711	0.217236496364504	0.455927164905578	0.412283054104115	0.0739828875568487	-0.614174044899593	-0.538803491311974	-0.110062722385463	-0.312414663449905	1.4560622921467	0.436129671351645	-0.154901375224014	0.709193619801144	0.134121603070265	-0.3261895096479	-0.396282538750608	0.2057022870714	0.757601594329251	0.533430770980697	0.848272348411371	-0.582761572194217	-0.700355775913477	0.723994571235553	-0.525777211923088	-0.0293510156411624	1.24638316394974	0.843845762462212	0.551420046108419	0.747487186062287	-0.674109459519069	-0.123659785077754	0.111057444750899	-0.612896379705303	-0.283760770136843	-0.245611148620721	0.863353018941347	-0.277384389686937	-0.162104900159662	-0.0954064472187538	-0.843435579596371	-0.703113788511491	-0.0927468318861143	0.159927370973836	0.959639132283028	0.436809479912952
-0.140544743912283	-0.509173048520728	-0.647234939705413	0.237867543377366	0.366569983247408	0.88659829851647	-0.0196254826029476	-0.855516748569093	-0.944151007853267	-1.07477000657492	-1.51051853079877	-0.784800040665168	-1.60777650853864	-0.451253099777032	-0.0187195539474554	-0.430486790801988	0.0442550498966749	-0.098072394571828	2.11156896539715	-0.278161325545445	-0.669794346739514	-2.100634737838	-0.60042334047576	0.540657551699386	0.38066009314832	-0.2045283443889	-0.581522631793193	0.168161925886408	-0.470067545164969	-0.295071978182889	-0.578214722436578	-1.77881006899526	0.414068842713524	0.274997102581863	2.22883971038917	2.08707371971441	0.717819325720311	1.19110950292593	1.78776134881758	1.58959084698839	1.26450379733571	1.60552844765566	1.3504640977462	1.3010399487597	1.71586382820124	1.59620507393206	0.670922827036532	0.513749236734402	1.35858137760047	0.973609179639088	1.09181889803586	0.641540996422811	0.971462634004808	1.25886517704241	-0.518241221471192	-0.535607102445995	-0.0246207583461036	-1.05562573037923	-1.68613383799455	-1.88244631116613	-1.62141441449257	-0.98332495760816	-1.8704123370541	-1.4158284131815	-1.13979126040727	-0.1718257727365	-0.0211162257724173	-0.388001803316934	0.118488442715849	0.955958007647465	0.407828858442771	0.364994104067851	-1.44795169062626	-2.04531686869963	-2.77030683348853	-1.49191790978448	-2.59581796945744	-1.99683058500631	-1.26158245340113	-3.03722318391264	-1.24123199932919	-1.78925117833327	-1.63730351206423	-1.97018828909879	-3.33777847611052	-1.74663817155678	-2.91534229004091	-1.62564897126906	-1.93809669302093	-1.64172771148146
-0.56711042252806	-0.947791503446129	-0.785023360255829	0.0268732313953235	0.632982504807754	0.403908556226422	0.508334254337434	0.830726278486436	0.337441169856929	0.567089609232927	0.0798132586365246	-0.28314391841399	-0.176925966490412	0.0693496874540914	0.417059820002633	-0.170922679119475	0.369084322542907	-1.44926764075048	-1.68166590122593	-0.666328277090223	-1.28778375500698	-0.119928359393466	-0.415006230298268	1.70241814050831	1.30984851497604	-1.38459241074163	-0.706448151462348	-1.47236136465947	-2.30086529776217	-2.06393324769235	-0.669854841078769	-0.283091976370292	-0.747623496081274	-0.120120393564839	-0.389224861214282	0.484367743060414	-0.364218176795837	-1.21483622122727	-1.43970890150222	-2.09970503702829	-1.75080548905923	-2.05565599658766	-0.859736063774046	-1.9021556439585	-1.74415564503373	-1.20637571998997	-0.511812435128226	-0.108786521108199	0.146860428213368	0.299340479820926	0.619890294476348	0.306903539273873	0.327455969345955	0.519647960385088	1.67313526025662	1.70132602628505	1.92462474018953	1.62293393961119	2.10699040912131	2.16503259057125	1.08492528060624	1.91286232199531	1.66625665162696	1.75281902020335	1.17965615414112	0.50599329681678	0.589980204590119	0.381831450920312	0.867936948031715	0.370112718911716	-0.283250320593581	-0.557137890924556	0.444944739711122	0.500715912512741	0.910519358404038	0.562053242221046	1.16899536235013	0.270098219516139	-0.0715662906986459	0.991681473155515	0.814867106552067	1.61556827884971	0.617859258002318	1.44672049043705	1.17974623982269	0.809890796634871	0.0905287375406885	0.549920247916633	0.440835061792125	0.373657708464335
-0.65780831640924	0.540736182911167	0.614416579304244	0.563101133926856	2.26111995953439	0.355208001024849	-0.118830478953685	-0.160531552880977	0.0205780614357472	-0.138669176943353	1.16898670645411	0.988125301513804	-0.0178734655462711	-0.48781251645116	-0.53699835582501	-1.165116435399	-0.362221441830767	-0.878481421241587	1.21896116197988	1.79240117455677	1.87571682372112	2.06286176767806	0.548947347546139	-0.850280203721624	-0.561511383722874	-0.0829558387178153	-0.160201242344093	-0.433350499436265	0.885457773310987	0.747693565874902	0.549003519350206	-0.488253567469911	-0.556608529228183	0.416476706698483	0.578088064418096	1.4842939344266	1.61556440160657	1.38323708883396	1.75662428144267	1.89087851630586	2.0602765590574	2.36558445826528	2.32380382486396	1.06399101242592	0.801564972168451	0.283602204397379	0.154477803937007	0.0844425686674119	-0.182757132437761	-0.329689558911523	-0.210307289726592	0.201306260002723	0.776755902563219	0.721948625727284	0.655064538063805	0.88262292896267	0.351056146296937	0.849018097946456	1.33571108740225	0.832930401893546	1.67697519995668	1.39910921022453	1.07230067337814	0.925676005284767	1.86352099806012	0.829513944603854	0.662692869062102	0.862500720816134	0.820061600848805	0.463721851073089	1.15693705730912	0.450685957258788	-1.61240303852254	-1.5577259841512	-1.35735397589285	-1.71953840809286	-0.74469136724791	-1.25588447340629	-1.22571495584078	-1.84298649856283	-1.33506700879069	-1.75678799281539	-0.438857230954635	-1.78972706741363	-1.76584064056881	-1.75998138020986	-0.811920787422352	-1.58614078777304	-1.80091997507137	-0.732239664095376
-0.617013093545736	-0.0770722561530398	0.629825189882644	0.071449793233079	0.704265225201634	1.28185958536534	-1.31867847343168	-1.74099401171561	-1.10002398548069	-1.33044161887117	-2.36690370946466	0.0618246116170421	0.365738767951977	0.815561154239119	0.0409530458814031	0.889475941470892	0.142012389755468	-0.867093113426673	-1.0112531011683	-0.888403489795386	-1.22245627970112	-1.41493395721494	-1.00420855873578	0.900590563624986	0.643155103115529	-0.147708595065212	-0.0911514080707772	0.122108496115298	-0.518107133945486	-0.134169637308873	-0.0598137387631912	0.617325681411926	1.90129894136337	2.31064249459198	1.57398033587392	-0.193310613019066	-1.96004716222465	-2.39305450737155	-1.62606209131926	-1.51039293312303	-1.38264402367117	-1.32741677529947	-1.18204461187229	-1.50453792867329	-1.55499278819759	-1.05587900196778	-0.772439022778461	-1.39937216482026	-1.76344392991972	-1.53004843493779	-1.4359637799336	-1.20531971526521	-1.42757401028038	-1.08060610166878	0.451274757343018	-0.204492401729922	0.665030928420518	0.78693992799966	1.5693406621083	1.3396921104419	0.883782217967172	1.13213475555978	1.2260060718181	0.954740593044647	0.586536248063163	0.695959543027255	0.905987687483473	0.696802253316967	1.0636294192576	0.794217747791359	0.288413533025825	0.61505765853273	1.42077769058905	0.377549753572585	1.08771091999513	-0.14050327728232	0.0659154209487641	0.691533874938343	1.15962853270103	0.778357806933054	-0.532624099470739	-0.33442815206585	0.461488196505534	1.75565098295066	0.26202024320054	0.470796585627984	-0.259435904683286	0.42957142299569	1.41288272377584	-0.12970635167283
0.216791691745998	-0.39881601885299	-0.685014380155592	-0.867899268932325	-1.51987887296384	-1.03546467574439	0.072796032233402	0.914862186475228	0.131266300234952	0.283085516890051	-0.496902158875731	-1.49626958867135	-0.905070327247201	-0.946812625416167	-0.479617195615666	0.0257964205567904	0.071326620448597	-0.536563148833487	0.223278862600453	-1.25744054017977	0.500363649982466	-0.0955837881185748	-0.580197541163989	-1.66990084125749	-2.46539406880814	-1.13284563369679	0.482384701256197	0.56720286329554	0.638830355898344	0.261891101084712	-1.12688682445675	-0.424783594253385	0.0554905830080372	0.869159289864105	0.579427812634111	-0.574538586900953	1.45165560951985	0.889413650506026	0.67896989208618	0.767328466121115	0.236087274537811	-0.122547337542971	0.72974338760057	0.170080415357304	0.0717302138712991	-0.836016618661816	0.119401268353323	-0.114138020143344	-0.488558207530804	0.336159717158462	0.292660488383051	0.722653230734745	0.399672960074702	-0.0249445570028533	-0.955055576779849	-0.630166438567707	-1.44410743604829	-0.824783828303875	-0.305953450703243	0.218392775000956	-0.233005647900793	-0.301528153865702	-0.0645183701435042	0.334373658631421	-0.737123641505821	-0.317205783464584	0.168653328696765	0.656553848888836	-0.3949412836514	0.589620196571015	-0.118897144140329	0.125380059256278	-0.195922129296112	-1.42588783933588	-0.557408671741899	-1.1155758483814	-0.922700109876872	-0.609336198827146	-1.14954061376621	-0.118761873312805	-1.63223646992554	-0.742829524592811	-1.02265319292399	-0.820441631883769	-0.810132272137431	-0.723325057363014	-0.611097794181086	-1.00872324754174	-1.26767413638563	-2.33892579671869
0.529476205457835	-0.0941418422196472	-0.48531183210809	-1.63157469496738	-0.781705560642241	-1.29371029157322	-0.346844945128844	1.55323549805019	-0.145406186282059	0.32344396978769	0.486648988172028	-0.278181746566139	0.452384228053988	-0.559793671695833	-0.352131505347074	0.582119279707957	0.608793075445243	-0.675822301442885	0.356568942930315	0.619360122485418	0.717697826632141	-1.32321883166526	-0.238766656772404	-0.274484026106368	-0.725091339485394	-0.25297410007372	0.279116333596017	-0.213632337844328	-1.3927948749597	-1.96239358363912	0.0427947029262122	0.0625034132674262	1.10339006733605	-0.346840833387029	-1.21790743992898	-0.377880969257631	0.155540910796821	-0.412367595741858	-0.134379732238023	0.632213377012313	0.172941386947869	0.206555814890112	-0.0517668523237757	0.489995238259059	0.592879587619938	0.710194454795234	0.900012970511624	1.0578502468225	0.342165496437187	0.690940318429014	1.03524449571707	0.743669343795812	0.362967324226958	0.773539527307564	-1.23516592814829	-0.863332320113639	-1.45325960664071	-2.32744127522732	-2.45418185406905	-1.62130672136384	-0.740207446261477	-1.17431307636264	-1.19131608594685	-1.14611358251237	-0.85626707732993	0.483087919809233	1.19893063108476	0.0244462457629055	1.01828052001549	1.26964627216654	0.329654799508472	-0.386781634782338	1.93033276863923	0.806272342455939	0.839384735479095	1.36570236144522	-0.00227843382166117	1.03114179782513	1.38811921496466	0.889658145853052	1.5059373424662	1.54782039423095	0.602955948415516	0.703596953373305	0.364314149883223	-0.0793578615674856	-0.0375259309993353	0.989498307776725	1.86916523202146	1.0991201960558
0.901426933611835	0.560347719711343	0.258793969179724	-0.0237589200199384	-0.359338792505833	-0.448449134706819	0.0686557233432689	1.7497275598641	1.73391317512963	1.41687387810681	2.78747739655799	1.90210089223349	1.09163520926954	1.83781884926249	1.95132894791811	0.546269890580468	0.963075575950523	1.88939759560635	-0.384034638981169	-0.381118695301655	-0.368123002710656	-2.22270855823815	-1.79052898770444	-2.21821712602044	-1.74095871554394	-1.16022726222963	0.102799074271076	0.678694482092722	1.69707022273782	2.13095512476338	1.46948314872561	-1.86420038441524	-0.370124156634146	0.191097704921049	0.790216994078579	0.0954579522054682	0.143266122667775	0.809836144451351	0.00140424346866231	-0.396242079088236	-0.353556007791847	0.745761063239676	0.714023533772281	0.96146340781011	0.604398111043637	0.338461835065128	0.301104089738448	0.505347467514505	1.10244872027338	0.868451241350926	-0.830268383244449	-0.335249996591869	-0.468320861193272	-1.33924934864197	-0.808614999114237	-0.427981949008048	-1.56261399253071	-1.46369290506783	-0.312574846074062	-0.514270561308857	-0.853438113346671	0.427047514497103	0.149426235842757	0.437894901560111	1.03718033261893	0.29410113072868	-0.197429775676271	-0.625876591529508	-0.677244856315457	-0.329356789168826	-0.022792060904718	0.23604617275842	-1.00621308693825	-1.0055957594319	-0.642045013141416	-0.728584923600629	-0.336914019270391	-1.58899678945806	-1.43309471243664	-1.00363299237754	-1.08991339785787	-1.32629755001991	-1.60570148484675	-1.06590634084471	-0.794722611840306	-1.2667850258466	-1.74516136135241	-1.2012109095573	-0.799613260629473	-1.10292442205422
1.55529077808564	1.55893726091689	1.59815024052346	2.07064604199248	1.8909728871308	1.82133995249462	2.61847547419211	-0.00255216134838532	0.758078542209065	0.466827423869625	1.35723003217797	1.77901932102395	1.89340284204726	1.24126247959782	2.06160116925289	1.16607807101035	0.360004016167377	1.79158079499394	-0.0132580945167291	-0.163943431881586	-0.953038862991904	-0.499886029122162	-0.304983143198865	1.06773425009898	0.680624859235654	0.0444942309206071	-0.123804590914606	0.527625305773996	1.51118837658443	2.1385261463896	1.54573168212391	0.841387851952117	-0.283340635987559	0.555518983294103	0.54256476811926	0.979088517192247	0.743002732021863	0.644914511638126	1.60287780551973	1.84532052834908	1.89687570838341	1.43732435806905	1.03930852047001	1.00864462943293	0.840756175419415	1.17567160660122	0.59095003466573	0.292688238261193	0.00772175268198025	-0.111944062088396	1.0811169886195	0.785487047219565	0.870090432726206	1.47027561540751	0.884531456698865	-0.417285864240476	-0.66002640600315	-0.5531086763482	-0.418186428105051	-0.874695499239146	0.129820102694817	-0.754454797269262	-0.0670735193919756	-0.340404462477361	0.224531311045983	-0.0578279681507202	0.13324920686645	0.876456331964682	0.660538402170701	-0.186788876313061	0.259661560590219	0.842239713824001	0.782820795991542	0.406368561999658	0.61190463552887	0.410069642495629	0.944441152978164	0.540450202168797	1.19870540674756	0.878879021646547	1.71427714461122	1.22749861012828	1.96865969928341	0.480556007312466	0.235895657680031	0.0150209254683887	0.72301312421053	1.56481766073624	0.313263471940648	1.55060671918158
-1.41751382373819	-1.16130283638689	-1.4341572276336	-0.802482209543237	0.0576255102870559	-1.391318335539	-0.937925169150361	-0.538925895756983	-0.121144743724241	-0.115883308460365	2.23006847516558	1.82997698032767	0.250682550832284	-1.60780083871251	-0.877665507672111	-1.50525042650853	-1.31185078018217	-0.25608615235689	-0.161700562143216	-0.188015834232084	0.711989496342434	-0.226994477194117	-0.925946922540257	-2.41021916573961	-2.20922669360611	-1.00066427640483	-0.513491505233656	-0.804692126518553	-0.149048207832741	1.2303318042345	0.971479585821242	-0.127268153597979	-1.65902501559937	-1.39053570454027	-1.18266559002199	-1.08313982598081	-1.81180481920869	-2.13370943861399	-1.20576535520094	-0.0918351550077838	-0.0995622895825493	0.508131107256561	-0.0621731502672242	0.376488987957167	0.555458189293575	0.71881958619237	0.24926632399092	0.183328015958891	-0.63654264901926	-0.960584733315322	-0.721192916215963	-1.17164282553453	-1.38651864168435	-0.369925424197439	-0.373570370528862	0.0230214251271952	0.751406793589156	0.0914681541256507	0.232391222706024	1.44313323714717	0.802413617766878	1.07319098375682	0.381228562319878	0.783491013031679	0.472592217744024	2.08753054771208	1.57445108191072	0.267958358538404	1.13253281499666	1.6327455101473	0.395418673384698	0.332927662860101	-0.493629663119193	-0.189054065913817	-1.3264849721837	-0.598812563581122	-0.639778016222041	0.0314651974911332	0.164823301014267	-0.290118121572228	1.19491740101465	0.346015846115876	-0.122900540027133	0.0808416941835455	-0.015114676117984	-0.667016466351356	0.286439914694182	0.13347779476672	-0.0403481679275784	1.3222290279545
2.03822997990735	1.25660763346248	0.726929376903364	0.733799647318342	1.03822137917515	-0.685089995105697	0.175039012780059	-0.00426797325816654	-0.701556911517759	-0.459261634552212	-0.0766902786690489	-0.171692301340626	0.234808205735985	-0.520716512774066	-0.44195831657857	0.278746196942946	0.00364562562915316	0.341455365650614	0.721001947062992	-0.924249521293215	-0.854829676836358	0.457800812127733	0.228540450092706	-0.14270589223862	-0.845177422995851	-1.15256397358883	1.32177057078161	1.18326956575443	1.30930564724986	-0.480121972116442	-1.37017903380151	-0.865516250322959	-1.23094524841033	-1.02507679219252	0.555207651944591	0.374488592569725	-2.28025630166083	-2.72389845856186	-2.76914546247014	-3.08987806842576	-2.82346945593982	-2.52416020180813	-2.41632105698318	-2.70092999502373	-2.48602011912977	-1.43683224903555	-0.643981477381819	-0.906462309968599	-0.6320693151452	-0.681134847648052	-1.37917099463302	-0.795624899001181	-0.940467650794289	-1.16297120984195	1.32565172351225	0.242933330082241	0.677398932578094	0.584121884516152	0.703780474132953	1.09609562440991	0.456695026070516	0.312603682302517	-0.707747772856831	0.284096010201236	-0.0890915292328743	0.086978599961086	0.724770226864324	0.0150939364382801	0.924738278721839	1.20763278024719	0.74341682241962	0.0480372926006497	0.919079558002976	0.27769984878794	0.20897339194296	0.540259483465247	0.804271675458067	1.2076966833275	0.296816342388064	1.35845938381819	0.664660977787893	0.346833363985644	0.111755016929884	-0.135111125298054	0.154292800290369	-0.335566888467023	1.04180714306434	1.09573629201594	0.925653652952974	0.797860224426914
-1.30090684955941	-1.00084365593846	-0.726737126682472	-0.153124367100119	1.10660449627325	0.946588999957536	-0.505417150604767	-1.52650055792869	-1.44362517563633	0.0148110974571043	-0.47605928639632	0.68331815486301	2.31230738682687	1.86614748862075	1.50697007388779	0.41937063013047	1.20135425359193	-0.550203873634179	0.479147906431685	1.44597716962866	-1.20399058421723	-0.913549277299982	0.175398541431642	0.659017088467628	1.57278649069236	0.847434379566502	-0.0594175431425914	0.118887868411035	-1.5077499597431	-0.83620425314149	0.451973928589722	1.80999282233896	2.0326486519315	0.288013908281668	-0.315499151946967	0.750857193212753	-1.06906423501697	-1.24039272029083	-1.83174923438314	-1.19913685982424	-1.06675400535681	-1.48881221319186	-1.6132604571341	-0.693999636233104	0.847544893272814	0.269334567593201	0.994460331186223	1.14738989711702	0.84517485607572	0.363378839370496	0.289238890656288	0.332600863405891	-0.0790437263590863	-1.47178911384131	-1.26186738116098	-0.114182916636605	-0.0466550268045019	-0.178786100204186	0.763725400610689	1.3557547229161	0.144278914142877	1.56946455507643	1.28909758465614	0.988696676160801	0.288981885278431	0.932123416799616	0.914692174612976	0.386077067401915	0.79935592804387	-0.797488694097889	-1.28456877297673	0.561334660955129	-0.72160411973405	-1.41559739489093	-1.10968636765303	-0.92734678971166	-1.70081404556773	-1.04571072846331	-0.257784535150248	-1.77658952771045	-0.857803121575722	-0.537198202262276	-0.551081572909734	-0.601998033994969	-0.466176924247712	-0.671782680045734	-0.839787332251506	-1.01257361805015	-1.52942864161192	-0.475600701715024
-1.74629357119695	-1.50532654668889	-1.56837935873982	0.347808996957029	1.34343505025927	0.225211664356922	0.232919742195208	-0.490534891699873	-1.10342122580866	-0.127050585288422	0.0315647265000666	0.0514484500675897	0.873928341488856	-0.678684646633372	0.231876280852223	-0.359545736869817	-0.898292915395613	-1.80259229926959	0.042026298365832	0.639024019129898	-2.2262675051679	-0.891124543558625	-0.309759902141844	-1.13191811414562	0.0128393777368646	0.565823384387941	-1.06301360081546	-0.690122931100825	1.1931819761726	0.65502741341611	0.343462479610802	-0.217025814423712	-0.867804942225799	-0.229452495254858	-0.367534017667787	0.608761128367195	0.0249046727647891	0.313645877649022	0.318276332012579	-0.0555063711461622	-0.361027704095462	-0.845906848864213	-0.438023685436714	-0.117746041077266	0.642254571912726	0.882396486677211	0.484322486385019	0.619067191111063	0.831264536733844	1.31271669003741	1.83380160311682	1.1595273782844	0.996719899555913	0.91393039303492	1.41344225074083	0.117235059668265	0.263220926457318	0.602008403897683	0.729818373478674	0.0952870802072669	-0.210141370894219	-0.687384816897457	-0.0802441195082407	0.0825735603938727	-0.616830357858893	-0.726264551580174	0.208779943679175	0.784826925509897	0.28645772470676	-0.228999299374123	-0.109125250120594	1.45670828120951	1.41088178268368	0.590746720709583	1.75214416456486	2.23128563514967	0.957757487211883	1.36108539745394	1.84283055673878	1.31963035064998	1.69197775683591	2.26979237480137	1.53223151528125	1.0510250283231	2.16441521532269	0.969593027609305	0.874479140497089	1.68101093841253	1.59239689382178	1.67991967071773
1.05862131443919	0.899000995704643	0.718059492715003	0.750961858193011	0.108894259704912	0.465289788828518	-1.22806446986702	-0.216835373647097	0.0209279711915764	1.13273625399417	-0.638130343334022	0.108793777080099	-0.174180587437688	-1.39421006115962	-0.832338781179553	-0.732396973039124	0.220260518732328	0.856416430377415	-1.14845204490652	-0.496055248224991	-0.348962012662469	-0.161340992041278	-0.27178688106654	-0.339978091975275	-1.01965274769422	-0.647377337773662	1.18437149642128	1.00979159879028	0.337363707456584	-0.688073321933346	-0.630049009513738	0.913244596734711	0.600920160171184	0.264864815412656	-1.82940392137573	-1.24650831745088	-1.76126848312239	-2.45295394209779	-1.63535264450139	-0.504816307977463	0.104466698312603	0.476990007933277	0.615048313602637	-0.0254714843075425	0.499036095830037	1.3472688250117	1.55784019886023	1.36303858947544	0.103428760360593	-0.490730337803425	-0.23587522402854	-0.243473262988862	-0.336573850731041	0.129462056586817	0.925274064895301	1.35332156496334	0.670439836030034	0.925313386673247	0.946275696011642	-0.39797130543687	0.828130416553236	1.08655868357191	-0.144646896436987	-0.427864993078665	0.90869666620019	-0.720970382194429	-0.0135113277065553	-0.597714422252848	0.0712925334370317	0.46410832889885	1.90286328608449	-0.136589131504884	2.28369304378123	2.17200003200721	2.03607878285899	2.23334869205318	1.55483850327418	2.00561056857812	2.02622559152662	2.2625328252219	2.02662170856394	1.98121197310005	1.74320084397999	2.18702186683527	2.78969129597516	1.87970112866147	1.80772683716779	1.5583070697934	1.83260389008986	1.35542416058027
0.55138467112934	0.0636533000639838	-0.498110803891512	0.0676813668734522	0.459053412661727	0.469667402157877	1.33506024146988	-1.28518925384283	-0.731879157055363	-0.372794795244728	-0.810278501190854	-0.645507024238325	0.501056448140833	0.68015934864692	0.304424443650953	1.49582829138171	-0.0146629609487174	0.515121781431856	-0.674056094746469	0.0793926337205249	-0.31197546297943	-0.954787225664336	-2.28209288305259	0.237341378012431	0.373270444009664	0.936794594040393	-1.20864956645155	-1.546020602895	-0.425855876911701	0.225329167261153	-0.0428033242835359	-1.97017311408867	-1.35651468800785	-0.158589494991144	0.349008592732003	-0.386439498554798	-0.281084936625099	-0.81856912255869	-0.58136797803582	-0.736888064495186	-0.191486506880073	-0.370477881636598	-0.983489488255616	-0.631013957373804	-0.45415997341871	-1.0976913693819	-0.877707706173017	-0.829569719264498	-0.0428445872896301	-1.19015721368518	-0.721423197855042	-0.994610999756276	-0.722326041382844	-0.0663823138868001	1.86255814453031	1.2079828216478	1.34839603918804	0.648479532328774	0.883756790460827	0.862010375828715	-0.883001696504303	-0.779668519141727	-1.727514215933	-0.542426849476111	-1.67965324361356	-0.682324510335271	-0.479130846138874	0.0959766507405492	-1.05429023662663	1.10360839027482	0.120957817780324	0.715090932470339	-1.19684762607845	-0.288716726894412	-1.1141236971997	-0.34107722808884	0.760720611986772	-0.336133773426908	-0.88420878047392	-0.763169145271658	-0.806676450641316	-0.850153148131725	-0.212813648503261	-1.55793615108127	-1.07074902627717	0.315177567864659	0.592648914626037	-0.546822718686361	-1.13485292801735	-0.680022984247424
-1.17571870742103	-0.945649149496919	-0.252771342836271	0.108124990956864	0.464218591203344	-0.310081734856603	-0.853254190611053	-0.578960407941111	-0.647920490867112	-0.053245838389736	0.277537808670633	-0.0975271905222071	-0.506456080505237	-0.387640527966897	0.332731288054197	-0.69406028734163	-0.310469923615774	-0.634607930048906	2.32495162336709	2.09393508743828	0.410526731286184	0.439257195347764	0.227922685393403	0.752977830239554	1.73212800465886	1.91721223170616	0.669186734109577	0.345156586177903	-0.565330578540168	-0.180167993707498	0.0684793429893866	1.3577135734962	-0.221366269896785	0.361721713398163	1.2785875087031	2.43224342917066	0.546089616554017	0.632223303422972	0.830802598593963	0.373623017896438	0.0523060702317899	0.508265893623561	0.379138166077539	0.822413185589029	0.715066746212803	0.133200246375259	-0.454515303436653	-0.186480187821326	0.403395964893714	0.621656215868326	0.565003638430519	0.273090731889993	-0.150528900522252	0.502554137299885	-0.927486793619171	-1.99257938079278	-0.217592537967391	-1.2466875149293	-1.10383313291622	0.478204819851832	1.35732792510237	-0.698704345232019	-0.354056923942948	-1.17243862457422	-0.619066399525185	0.149670313749293	-0.0720139271211773	0.535513767861885	0.425358723385584	-0.265540463839934	-1.27112519761075	-1.85408618877084	-0.332890628904299	1.02701053308528	0.963112572898157	-0.134087107796085	0.935777419519448	-0.0453755803094267	0.047536110545628	1.60193385583431	0.328320330482531	-0.17035502561515	-0.312982083996038	1.02828760148265	0.764115559908191	0.378479244978406	-0.41215684451202	0.575906732572051	0.599491638499811	-0.00668617822771863
1.48631345664125	0.481381915625214	0.101391712914469	0.366928708247643	-0.108825569313014	0.624228455895705	0.53143324487637	1.22744889086751	-0.658253256573703	-1.01010584788952	-0.549292716906811	-1.19244757255215	-0.631472727416072	1.40957799637491	1.68854229703488	2.02025188641996	1.6425985590114	1.49201001693337	0.55066180735125	0.994473138150648	0.0710994129116947	-0.14353680577857	0.695802558072995	0.190229276291344	0.0404320055871207	0.455138131246236	1.60007851014476	1.64288236017099	1.66576853553265	-0.0880223731497116	0.564832531804738	0.916230061359223	0.532195294675348	-0.712552799679985	-1.39006301942351	-0.227870081187234	0.242371820538841	0.658591225718903	0.386073249575748	0.129005840404967	-0.000627524183355583	0.214682293118464	-0.696864664748694	0.83730953288226	0.713388508833973	0.0196334019212221	-0.265369035499438	-0.143233699030155	0.157157662498478	0.261440328881241	-0.107090683583833	-0.0110313230319108	-0.563913722474023	-1.35213491314043	-0.375203356495988	0.890444434748105	0.301399071396607	0.656950601485238	1.16235134389228	1.07532270717331	2.01915664765851	1.59441446530219	2.17802616147518	0.956568494529494	2.31455965690042	1.22656513051342	0.488652605598546	0.935936056227182	0.403123016372304	-0.47193907241161	0.538072373579169	0.164249310906015	0.547863328261433	0.437639716800773	1.03835253508031	0.424713859075102	1.09378004491219	0.763393701735389	0.00967988506536969	0.878047987880109	-0.0863527821279071	-0.571019639468099	0.0988326736080789	0.526272125407145	0.792664139407421	0.375069612252088	0.429334503892452	0.346828937424618	0.0414699118296931	-0.253867045112323
-0.0796317555323394	0.117401672261523	0.52424591968266	0.53595783138345	0.563311422161758	0.687821294004646	-1.19772965242933	-0.164319970132678	0.289248993770797	0.60624111434424	1.18234681713487	2.52448776437851	1.67457222450099	0.928742554018827	0.720229764146542	0.228596187002609	0.503719538073695	0.319052590955187	-3.30087786284027	-3.93762305706428	-3.27306217366842	-1.13925030705033	0.376614583295859	0.482362654050789	-0.911356364282445	-2.8913366829305	-0.820314206889912	-1.13738994148877	-0.758606966960149	-0.75993747180106	0.602703773248539	0.0616805060265951	0.265387342693458	-0.449028791483131	-0.712777413565524	-1.40445266367014	-0.95187620700007	-0.94311064776231	-1.51807204913839	-1.69843429561846	-1.98681198496866	-1.69180593501954	-0.854338291588847	-1.10781605643863	-1.33592881203525	-0.725846784791016	-0.55802808250849	-0.12304496556446	-0.13477923411949	0.459471668901355	-0.121752313886133	-0.495825867578613	-0.534361081493102	-0.595808756191394	0.295314016522822	-0.0774456326972799	-0.261983207611519	0.199763075430306	0.975962515701519	1.13070065576737	-0.0327641968257779	1.04945765559933	1.46271890427015	1.71368886022705	1.69105556061338	0.371968642095499	-0.404755000144989	0.445101515753948	-0.284865815592983	-0.504508800081988	-0.59662410287705	-0.935682875133163	-1.33477600522979	0.37412246762776	-0.376677300465062	-0.169956311762483	0.155844250184873	-0.569171497997422	-0.558011596451442	-1.29015585435699	-0.209519290332422	-1.16141752853082	-0.687874090318055	-1.48180743230722	0.386924566177676	-0.169677228950784	0.121795099987913	-1.98218738599793	-1.06423339980301	-0.619115312964254
1.66255087074826	0.437793861871233	-0.161125474338585	-0.79448262959793	-0.405844826672016	-0.457182723772231	-0.505371771110834	0.753728236744903	-0.508859791016896	-0.402174058131151	-0.481733044290564	-0.655957038077116	-0.811372077490909	-0.121640419816819	0.374510819710127	0.979201773283042	1.90827092429664	1.4961569493133	0.153490118439273	0.928382410398443	0.164139993876551	-0.0645390528911435	0.136451461253577	-0.2241388698381	0.309702487187485	0.0567782732993272	1.45992433739777	0.493563385249262	-0.100618377105478	-0.0251100841541785	0.668997508552271	1.16143823993242	0.855442461190614	2.24924614655583	0.876747707108012	1.16573941992372	0.191783138419346	0.219752036276852	0.759991981941495	0.10707872575686	0.782316291026895	1.12170722298986	1.23636430756885	0.401355385399159	-0.71623606356076	-0.137676329525623	-0.743867161956547	-0.763887937353488	-0.354370722097392	-0.793884933141714	-0.569949923331483	-1.22121919253977	-0.341655527745097	1.05223480133465	-0.0960465719402561	-0.077382842786911	1.51325856477047	0.494798168318967	-0.883151006435104	-0.562028580216757	-1.02889506198667	-1.11805420658715	-2.48631797974463	-2.48838796336331	-2.59257760930441	-2.11879724061896	-1.75432833767376	-1.73899686109928	-1.60173127370202	-0.580556965014688	-0.5960667315618	-2.24758640732185	-0.203139522827061	-0.269179984379642	-0.217150647188343	0.138803527681549	0.0541562246384176	0.336707782031327	-0.473950475371424	0.0374188185047767	-0.243595647281274	-1.68882790365342	-0.331063014542043	-1.4607076520003	-0.966663427747734	-1.05729651625116	0.547730151308704	0.718861199150872	-0.421511463631717	0.404933759101248
0.756612787680753	0.819921488432896	0.546270314651689	-0.814555585399519	-1.53271324335478	-1.10519961837081	-0.372541220559654	-1.83477758794958	-1.30454430669965	-1.5329120128728	-1.89495402617303	-0.377657582227695	-0.237601144323775	0.722131308579206	-0.945065650838702	1.39599406859723	0.407697975424109	2.17124388387751	1.05785812306967	1.18447822752947	1.02367366187514	1.17874535259459	0.59394028701449	0.301606249769175	0.47516192885846	1.70193282175844	0.177684525621049	-0.630501193330757	-1.0342873570463	-1.7631172428126	-0.402381667913311	-0.562200312987168	-0.852373639227192	-2.23660616302549	-0.488919502439227	-0.0805179348289557	0.517118603124233	0.233751031478854	0.0176721888883541	0.174218443980026	-0.334986546117843	-0.646395554720026	-0.182682966550114	-0.935867589474232	-1.66576944234801	-1.3207541177177	-1.21160775074911	-0.88397601390113	-1.56373285233287	-0.469459030465734	-0.0883941890306639	0.141353342098398	0.11460224927261	0.93733228846098	-1.59871279067739	0.0367141989124085	-0.427530790914378	-0.0113468740104838	0.468259022402606	-0.433106611275312	1.11409442853046	0.668755287943189	-0.105496433465508	0.19456365010116	1.27323350784782	0.740740738678254	0.647687569790014	0.0558879959828331	0.472412589737486	-0.322857408623263	0.00114581990433995	-0.902473998767813	-0.172612984004493	0.0176290380073623	-0.466501748300955	-0.297633414424567	-0.720994517822421	-0.441180930239205	-0.00893445183111625	-0.408390642248371	-0.333287548117425	-0.505283958184401	-0.678270550080785	-0.667259741200893	-0.167114700564017	-0.27052113545737	-0.652615891556703	-1.16195608446059	-0.41219636598883	-0.959635747061221
-1.9208389474941	-2.01890724107898	-2.31028837009425	-2.50503375896459	-3.25355904230698	-2.51940880864243	-0.0248667503062698	-1.33056045665137	-0.82528228857038	-1.35287303625238	-0.630096910629366	-1.29678677283469	-1.43432577398307	-0.849167523148143	-1.93037805512381	-1.4864967577735	-1.87363212684116	-0.790783300911097	0.382671850080733	1.97748162285304	0.350354483323951	-0.368147771992647	-1.22230980508355	0.691481936361905	1.41559391147705	1.35956414784108	-0.729351354230882	-0.393845712738112	0.568383497006232	1.02696224443228	0.583698907349533	0.0991816801706722	-0.0379683645124678	0.663092367999204	0.275624265060756	0.264320005714167	-0.475055002361133	0.48929082274827	0.765497704787769	0.584548718145806	0.31861072834485	0.516632730387181	0.0759554936842392	0.820275180226022	1.92716908839393	1.41999814535524	0.00662423737482483	0.191458330941456	0.324957069466638	0.629958330233672	0.842466717794621	0.699022265375265	0.134180298961629	-0.00160828250468972	-0.208449429707271	0.271097014164521	1.14008698699619	-0.445283242289812	-0.627128755474754	0.183507794911889	-0.291168761518875	1.18710163867418	-0.599141659746437	-1.35307533574075	-1.16878282159886	-0.731611484086168	-0.877539236609292	-1.29640770233082	-0.745827670578872	0.0943667469468261	-0.25336049681563	-0.971376361914409	-0.03876628405146	0.406778645576077	0.702236522123042	0.876926526716109	1.02961508842285	0.456991239494776	0.0614472836224781	0.571070798206283	0.0789132599695069	0.495196307283833	-0.151807914702295	0.178061261114474	0.982522743860631	1.10577981355734	0.690901877198624	0.510867239843282	1.02575252494703	0.19736209968868
0.633595090574685	-0.0479135919075357	-0.179351663893248	-0.103530801457337	1.19608895742958	-0.100839908973435	0.0989348641250718	-0.235691834220954	-0.910012447775731	0.45784530961246	0.51202639238453	1.19255244526116	2.44449629277602	1.37794179393844	1.12042768885219	2.49396999806619	0.950125694800518	0.703385474959578	0.723672133553266	1.45627692065125	1.42158047399754	1.26752034597307	0.203595029788435	0.235743402748668	0.0354205720607987	0.554968139851597	-1.02894239607031	-0.383068645188637	1.22622792057833	1.32165121697027	0.942433501351151	0.0603325301049844	-0.304353423948268	-1.62635014001504	-2.22167042604098	-0.814963957192338	1.57477515855648	1.38921791188931	0.775593533117354	1.18279987480388	0.962127906069965	0.285595011265402	-0.745647633002347	-0.100037872928905	0.174520639218065	-0.253707688098608	-0.0844056042979258	0.526532785268673	0.241581735408568	0.267815540209811	0.932070544282896	1.37106782056761	1.34559687697109	1.08145012930898	-0.497196598248637	-0.443577892473674	0.158582136475233	-0.0550953456654945	1.03214788131911	1.17686231096819	1.7975695414756	2.00249375662296	1.63780259539889	0.650462104444832	1.02347150283563	0.14917427125408	-0.148971576998704	-0.325064731348583	0.540571076438319	-0.705942822306362	-0.799742120724722	-0.675515402369354	-1.58170620227262	-2.25086655716426	-1.78180592642727	-1.0095919381569	-1.28144773801989	-1.45499619829984	-2.62317392079224	-1.5969084363597	-1.50264557789125	-1.69399467442666	-2.74262799476984	-1.86138212877256	-2.23983626167954	-1.72807675149714	-1.80283626674533	-0.918307307125342	-2.5812225629111	-2.47984784223927
-1.62517984776922	-0.805877227283801	-0.273762986377312	0.283836849590169	0.0757154287036885	1.08665674920352	-0.0910191017231563	0.336790297806492	0.29102807690573	0.0805021523669973	-1.07743133137592	-1.10737817750348	-1.86132461696273	-0.543268041936954	-0.524135670182933	-1.6374103078323	1.0112349090032	-0.175995427182065	-0.412210314640671	0.327828350201412	2.32824373520332	2.59062906197959	2.4376736817431	0.123184374962916	0.154135254819044	0.0217776816738933	0.671748563630627	0.433140131691088	-0.79145284117702	-0.351221010429481	0.662004892790314	1.72515792571218	2.34867917159352	1.38987091872241	1.04351874971719	-0.610087726029172	-0.836110635466888	-0.0117912847534857	0.891608681416055	0.7455659117945	0.816397130008922	0.531580407267729	0.891803880536856	1.62436011757493	1.10721123631739	1.03584979667691	-0.118521375856879	-0.724486605311381	-0.763289962660173	-0.657006502943502	0.00766289628289947	-1.1240377701039	-1.36340513601153	-1.01400675085429	-1.12018444679519	-2.16950612884841	-0.63143095311767	-0.59368600245231	-0.105672835920306	0.115653607616777	0.116765855422984	0.142421732676114	1.01261048522186	0.611434878287085	0.61961602118696	0.0916941854271063	-0.162720833896685	0.482591512402183	0.771867300630869	-1.01015838409219	-1.57190311230935	-0.877834514639301	0.457268843759534	-0.198332186386797	0.149588513636444	-0.292481725658399	-0.451223345120983	0.534310467936593	0.444697172543676	0.480332185880703	0.171134636410885	-0.561461048759498	-0.0191568934973914	0.175488996126542	0.0503231768804157	-0.310159449173323	0.160383638637299	0.804944917108762	0.119889821845861	0.596089535022395
-1.06779572108679	-0.413549104829479	-1.11400185040621	-1.36661945277368	-0.718675959144018	-2.20353747626376	-1.45861000269385	0.401815510336604	-0.716843904046127	-0.116714467115856	0.821566542383291	-0.735137419574913	-0.158184924239988	-1.12998835833823	-0.677988718981238	-0.289040091436148	-0.333271675267855	-0.413184365888837	-0.293909410178332	-0.2281868512354	0.372171496526247	0.0314488558377232	0.353209964405159	0.434272837692579	0.323794016657038	0.367321432985882	0.0351971037797567	0.220155004363374	-0.337855644581901	-0.0301073699387912	0.350980045745681	1.20122991104708	1.94781367490201	1.59084263405919	0.697368000658899	-0.222909373714663	-0.562779278115612	-0.803684911885052	-1.14798836753955	-0.180378665831076	-0.138684450236516	-0.471670437108976	-0.551026412255432	-0.649915087441558	-0.157870234120409	0.420947738959682	1.01293189216914	1.09719805488401	0.173100517892608	0.0191610753876313	0.0947581383593733	0.302797655414116	0.506436017279357	0.185309627664007	-1.46500771033432	-1.4498438923066	0.551778868333953	-0.0167045542945079	-0.0357683735822237	0.0456886829491373	0.504323658091264	0.517575244155323	0.838507372998978	-1.24733063930256	-0.941315235284341	-1.11552596020911	-0.34285213753419	-0.543580524684656	0.623997286859842	-1.59814661194723	-1.34134542115652	-1.22453515221735	-1.96835461033162	0.0961839330364525	-1.5868887479879	-0.864607533784513	-0.160447722222181	-1.32037871297192	-0.436669057508266	-0.850593513085448	0.885997552463777	0.112922554994016	-0.289893987241262	-0.953966333188902	0.472089709543988	-0.10815107714848	0.338309462508372	-1.13941307720194	-0.507384165237969	0.384631410186094
-0.750861310963561	-0.144657297630352	-1.12203420257847	-1.45884556500426	-1.44157242972032	-1.34205380941506	0.21347684888805	1.89622757042029	2.06151353712268	1.25418045625185	1.6012695757077	-0.17701180400803	-0.0542123977754079	-1.21284433735298	-1.21330192699563	-0.748975420952114	-0.232810994603772	-0.217559373640786	0.917098751739252	1.23538739090171	-0.63010145687098	0.327668925688973	-0.561639668514834	-1.05767883480658	-0.477846011868036	-0.285580384201294	0.574437403163969	0.677638514971527	0.102884374247713	0.62548512917539	0.340711048159703	1.59238771689873	0.147149018908542	0.497212784950852	0.749964099331808	1.46227728491299	-1.37156747755354	-1.12184610204985	-0.698119564681038	-0.83300245051883	-0.651664006392111	0.464926774299116	0.549232839159466	1.63175547986936	1.5234656148238	1.34931573005237	0.910353214577006	0.761523961875836	1.16696647421776	0.714462531264373	-0.176972868214862	-0.889461094410972	-1.57398060081984	-1.20008367610239	0.479788723463311	0.532380700988647	0.677797827211775	0.283618572233037	0.126129982611529	0.272745954259706	-0.893505679149504	0.0477813943229506	-0.09007180921137	0.475162880806836	-0.336278470396136	0.651049657229234	0.713652289282584	0.596544773930711	0.374777940414979	1.12715325394725	0.29139020017132	1.04622778008211	-1.12500198697427	0.198409493014293	1.05555014437934	-0.502723118517045	-0.749724716204893	-1.0299788635221	0.598153790450435	0.409322608211625	-0.515065043729619	0.905357065475311	0.890001661627333	0.957887028085526	0.887794474145318	0.589781237366599	-0.890368250632444	-0.693863300370709	-0.390960988917031	-0.295638971416534
-0.0699568471244401	-0.416531219593809	0.293543767262276	0.100409945997466	-0.335196195460663	-0.537047131507547	-0.523406303366039	-0.0752465266152018	-0.800114419768575	-0.508763524596069	-1.03405496095297	-1.16396412147119	-1.39751222127262	-0.607759351623476	-0.0892430329526099	-0.0523811754633323	0.708281307381246	0.242899836336719	-0.0587048260574752	-0.247426671117909	0.0210878884421833	-0.0591292916916547	-0.312212957143391	1.36372339344203	0.915508012757846	0.320656267222974	-0.446946751895395	-0.875029277029	-0.838299046718297	-0.291376280193827	0.0260983761649461	-0.448627784242627	-0.894413657311116	-0.236620289142005	0.160821529697325	0.560796878949854	-1.42048710026264	-1.35064080665986	-0.496078437882759	0.965043448045199	1.14376249279056	0.890113036522082	0.533372578266437	0.841118605248363	0.728020809840801	0.550778214383948	0.386698151017567	-0.352370561538084	-1.13374295248824	-2.08466135671643	-1.5303523980222	-2.01367645436348	-1.62970419400325	-1.71474438531613	-0.728231743488746	0.312685170934467	-0.607205800334613	-1.22286050883952	-0.927935374664534	-1.33039653633934	-1.36539534061745	-0.699537685843565	-2.02187111045177	-2.08937497010435	-1.6265825161855	-1.80589257251204	-1.61705111988645	-3.91723677825819	-3.02808618157241	-1.5937953413671	-0.640340025013728	-1.10935428021454	0.375465174145124	-0.892302935084033	-0.623528242328025	0.181199711659372	-0.0170647250625667	-0.75374246116919	-1.4066175487691	0.0100341714111606	-0.760473859911399	0.43562773480354	-1.40965212372064	-0.449262639980871	-0.660066302678812	-0.0636269753016076	-0.667585811232021	0.181534744597016	0.247202420548967	-1.68148122635424
-1.75337730604113	-1.53389150952185	-2.2210049829505	-0.739389451891837	0.00312534355708909	0.16924094398797	-0.777079406224204	-0.0627941114111527	-1.21353832558882	-0.734420119119906	-0.533738965979478	-0.661582739557088	-0.708972902621891	0.0621430669015597	0.519024954182198	1.13369037802417	-0.283115342963511	-0.709245435092748	-0.121538656400206	-0.474476236424052	-0.276567927438815	-0.349843865819607	1.48693803641538	1.5322940067925	1.31436935997068	1.00593686503909	1.61124090041605	1.96265479909318	1.06243388155849	0.45878002006678	0.269103103957443	0.288855847718748	1.04700924848398	0.990095975664186	0.714481843066601	0.220817882473819	0.543631729260832	0.368332714208195	0.228354176524844	-0.159443800959586	0.499230628719043	-0.22671172793377	0.763651868942649	0.00961473233294568	0.0881200553239124	-0.10283410723209	0.221326179651376	0.207911023976736	0.174152437117231	-0.103391233013961	0.499461602299987	-0.116872374830653	0.406798622259608	0.365830108737438	0.560063680419189	-0.872284382451176	-1.20864349222935	0.0391843160491931	1.12402453961265	-0.110707129489531	-2.5063726386153	-1.25223055615357	-0.60536529201514	-0.228146359595091	-1.26425666172615	-1.79739722372784	-0.583519390833632	0.41129568360902	-0.720641291766073	-0.105622016124033	0.433425290552326	1.12424776982913	0.323664320253554	-0.407517382623521	0.328891761960328	-0.118909965650832	0.709765848214472	0.809185282053291	-0.146045470313429	0.677106185007441	0.256742059242764	-0.748114815868045	-0.235382916512411	0.421117970687796	-0.326909365812745	-0.491444151279136	0.103955904082344	1.31108802126354	-0.674528149637339	0.201605945246461
0.593727583677712	0.720308533878251	1.08808858175038	0.844989166465997	0.0544440404850383	0.283365040958285	0.149277662509768	-0.919196827830267	-2.37053164909918	-3.17523601698928	-2.76187058005216	-1.75915870982472	-2.07735196805404	0.232873207262369	-0.223965864326903	0.617879802691327	-0.0204607359123625	0.616599017582782	-0.954582728779761	-2.5993246227478	-0.846420100787912	-0.872840565741333	1.46978592919662	-0.235030788914382	-1.47862303080982	-1.2330201649112	1.20812768398787	1.18236872814398	0.454641200004541	-0.228281581201979	0.654996566057041	0.497940505562748	1.78582462466517	1.16868103627069	1.3146713792868	-0.62472018505373	-1.45139221455783	-1.23062225114366	-1.61462220609297	-0.644821744899062	-1.09502897362024	-1.24394860535127	-1.81052187330639	-1.31287752742534	-0.887526418386645	-1.39674888644812	-1.24603810882848	-1.24691724016677	-1.82248335684182	-1.68216735199705	-1.89127958171677	-1.26135234196961	-1.46243350302744	-2.1647572034539	-0.188808173670712	0.911241251104117	0.551772794623809	0.329022112843084	0.17483283067158	-0.0852001599121223	0.08633645878849	-0.00746835261422252	-0.209106020095157	0.333317889165675	-0.017017674630511	0.69618094205901	0.441792039461876	0.344083518896994	0.250672926763933	0.634047059120371	-0.0517663293668444	0.25863360882851	-0.716702705735662	-1.85163295037251	-2.23616581983853	-1.83773254381642	-2.53392362287851	-1.85580968783369	-1.9299735923157	-1.65565233243207	-1.51740243468533	-2.35344309013774	-2.56595738581443	-1.88187280921523	-3.20998737846043	-2.78600809700289	-2.13058835883602	-0.840381705938135	-0.470700707060137	-1.32656677345036
2.21518551031923	2.96859574860197	1.45537553730319	0.901975168492604	0.381044321699339	-0.0597417631032412	0.457276247005296	-1.92998271837775	-1.40482966919796	-1.64700046170091	-1.03514462162464	-0.549945930799944	0.273222374562336	0.656448732886502	-0.794752593325596	1.62035542077407	-0.0550669165430621	2.88093968234677	-0.380327728887445	0.233846704290129	-0.886231150823901	-0.853037808947349	0.956529908648664	-0.0701949135741473	0.19327550277163	-0.505060907491879	1.24948814785162	1.58939506465398	0.220084249979595	-1.23596744328179	-0.606503511428907	-0.220473591061485	1.35464968324134	0.308621266960791	-0.646551227202039	0.309548315194782	0.183184058765742	0.486262518131242	0.496749059617661	-0.598870289432952	-0.0396639408173598	0.183740636968498	-0.454485591926221	-0.779522239840674	-0.571814884314488	-0.721504959097418	-1.31597109302823	-1.10877980199044	-0.141832210410318	-0.509789376439695	-0.527441779376215	-0.369302102874452	0.228844308607712	0.424288096469573	-0.0350753077655831	0.519314559527583	0.346038256922432	0.350592992335131	0.86271116260726	0.0183741878929541	0.424287583550609	0.302657591823738	0.63631666442196	-0.930220015918394	-0.563396153748278	-1.73424826133375	-1.63895133677268	-0.415909067302538	-1.31116865905297	-0.904858207821166	0.013650667919173	0.113195521503648	0.177313121059052	0.770821610669185	0.536802516323898	0.783579875281115	0.0266377053272096	1.00598833966725	0.84899814976785	0.68266962507714	0.546266718979901	0.982347153606126	1.13793835961897	0.474254432802195	0.834999308930477	0.690853354510029	1.11826431032491	0.663684378845617	0.887022856574694	1.35072381759573
-0.800326805468677	-0.488518521802411	0.582241815910651	0.960558074156062	1.0469464230662	1.32055744314368	0.485646071385553	-0.56329250608637	0.0488856936046852	0.414885358971816	0.604524245906983	1.23606190722034	1.17211231056677	1.05959949246958	0.939184484642519	0.0267142696833421	-0.271729486503469	-0.645550304156972	0.644768432961558	-0.595988162471537	-1.21558834259155	-1.76244757978983	-1.38367602955355	0.417772439497332	0.1263382444171	0.26308094265045	-1.87744467693502	-1.14761781949611	-0.746527668771215	-0.721128652865842	-1.18198667304266	-1.35373063938945	-1.70552500859314	-1.57564213058561	0.0425945480526341	0.498501340252339	-0.155461707597674	-0.552733551926347	-0.203552901424153	-0.243303306409904	-0.0300618257957946	-0.126253297762157	-0.153532710808045	-0.387083652831144	-0.128776726518798	-0.110826202662721	0.375266563595783	-0.0595829262327722	-0.285440233477486	-0.234828770431835	-0.18279258098611	-0.385923381728052	0.120449863609483	-0.0889005133735723	0.438647423893207	-0.174435117558411	-1.53538149611314	-0.15090224870137	-0.543703579141012	-1.95348991485847	-1.12025488533478	-0.772879294013656	-0.0586898681548179	-0.213611978539731	-0.0194559999130423	-1.47501271834295	-1.39299555932576	0.15822482030948	-0.959229731775725	-0.545521660295815	0.799369114361437	0.0888596736643413	-0.333355092360149	0.274043505974018	0.228315836000052	0.399372539122624	0.227777715019194	0.679868402106912	0.161267959447043	0.288465031305463	-0.0901577346704557	0.349747957671105	0.693290460695294	0.300589720456637	-0.0875037880051369	0.862180438773993	0.53923373121939	0.27698281478806	-0.736082655544084	-0.301407153939381
-0.99135653484497	-1.2047378598234	-0.650560375757172	-0.862172906967641	-0.527877643954436	-0.160388740127019	-0.36476582196177	0.743488051695177	0.728757203223727	1.45589973402375	0.464261585226495	0.650003263513884	0.203204530877201	-0.316299467606179	0.464407638044138	0.0901526314297231	-0.265332420322964	-0.804099589846769	0.407476319029176	0.659715304616985	-0.386277329916116	0.152206587414864	0.258768030731729	1.71568607774127	2.26995013990697	1.74298448188395	0.214051796536976	-0.469148838565997	-0.125958579731359	-1.29448331266985	-0.286877887125991	0.193413951132413	0.885101795882896	0.373179850916915	0.849309931024988	-0.217007733281227	-0.371740730377688	-0.252273246409313	-0.933472123689454	-0.79862129509704	-0.83363252256113	-0.643629043591782	-0.925789948093272	-0.451931696254624	-0.56530109114806	-0.743541656541614	-0.419010517483351	-0.169794350799148	-0.565900670460713	-0.226682862323351	-0.867152794277105	-0.676306694695169	-0.637680541078876	-0.610081847792796	-1.06018644761711	-0.00863847645470306	-1.0985058996589	-1.2659782091958	-1.26176459735217	-1.23886083784876	-1.04200232188717	-0.14865653393886	-0.710548795191323	-0.217361256694793	-0.356065457978134	-0.216480253340733	0.293437039466196	-0.896775303406467	0.121095710945542	0.180487046700546	0.00835118263901918	-0.022217596106697	-0.94117719165918	-0.805902433374585	-1.30865137050781	-0.740693420409652	-1.01467265705697	-1.01497904530742	-1.36749839121903	-1.38563560100817	-0.743315205548378	-1.2177281521087	-1.59362433750881	-0.935254665748817	-1.44921273757169	-1.01989356945543	-1.41722640347613	-0.853327539824832	-0.516917769991374	-0.927687030037677
1.34350641079509	1.5598647257193	1.04121414713854	-0.290148752869944	-1.18758753350814	-0.865543076612758	0.533988908351234	1.50913028667457	0.951833815732322	1.47762513489108	0.772580115606823	-0.97082229622795	-0.146122782154046	-0.784054770663722	-0.776275169563678	-0.497641788743712	0.882995960671633	1.43437593601491	0.0927317951172698	-1.25451052254347	-0.396931621703858	-0.69973859254522	1.43401266853019	0.291382468298217	-1.03920780813125	-1.15668077093773	0.878551493875543	0.785583272468914	0.317350682880727	0.429675479317984	1.92880744069853	2.19767322196873	2.69221178920527	2.89820120113725	1.99965775402963	1.71010985991509	-1.72307745123407	-1.16117102554702	-0.906803238783029	-0.0723140991764276	0.0460273649561462	-0.0815117222973082	-0.512579527466999	0.122163982485968	1.03675161088369	1.58640884655013	1.16909062820481	0.873446517552481	0.508755786339992	-0.146256254752719	-0.0275041767479808	-0.505609123459293	-0.210964265590125	-0.598848961545509	0.0487034584215571	-0.599908808289478	0.809713451348019	0.776524726783131	0.749024744454504	0.31870529734223	0.0413792012950973	-1.2983522743081	-1.91571278111202	-1.34232980612073	-2.49429681854065	-1.18183129861527	-0.600950482107833	-0.638918140440586	-0.826373321520741	0.706368628050672	-0.26483485417605	-0.576789180440943	-1.01758073809691	-1.00802017663273	-1.17473134384264	-0.966555672720306	0.694134349417644	-0.649547206942746	-1.10065069028718	-0.935254226394869	-0.346331352906692	-0.667823776644643	-0.655973182748288	-0.508087042608771	-0.633426257309675	-0.211028379878092	-0.0641273159115832	-0.0422027226863391	-1.60070744978967	0.0532702203702135
-0.0874442983540714	-0.256691198781575	0.337962115493635	0.538962912614552	0.629120289120666	0.849861931493197	-0.343860586393781	0.87337745702565	1.16291401987609	1.47136166283819	0.122708228865168	-0.049195114093715	0.115008531025572	0.257889962264187	0.477850783036013	-0.17158688690773	1.65488582506615	0.154575895162644	-0.612191503931589	-0.183463143963553	0.334887376326071	0.20904997326534	0.268667227137572	0.847871327471558	1.34612848670137	0.699960100248032	-1.96701079842694	-0.976536388400653	-1.46079845850393	0.0361043296240652	-0.298702006019514	0.366673013278376	0.481657690054038	0.653648212121364	0.917344469064454	-0.330821272207732	-0.321774223720741	-0.0377538473740565	0.89351713543297	1.29161182580467	1.57089347709064	1.42949826333858	1.36412568691632	0.824456885012658	0.384383867712286	0.72805902039081	0.322162088333971	-0.520861369987615	-0.932980241901266	-1.27363714207783	-0.856095558993889	-0.792926367790184	-0.397704824455179	-0.209404644304974	2.38905624710012	1.83069603644994	0.188256219807987	0.970911573727048	0.222744054977746	0.499517187764795	1.36534824541527	0.0754145783423812	0.923251962229628	1.06008353595297	1.20848106729469	0.612654604661008	-0.713279631906125	2.46901388518744	-0.766692500479202	1.61937728354721	1.93946046430332	1.05380064085511	0.161552462245082	-0.131307646924266	-0.285346331291276	-0.259546464587349	0.258234374491148	0.171317655702382	0.409116585617499	-0.347497792694284	-0.442786799687828	0.42777735064102	-0.255791763658873	0.644087964558856	0.315084735586083	1.56546034183483	-0.492437755363721	-0.329039527271335	-0.438673475090541	-0.591237645379727
-2.88083500534576	-2.69595541588959	-2.58858556053754	-1.47442927360092	-1.66620998788521	-1.03476873987269	-1.8539622081907	-2.23141486801914	-0.82090814086377	-1.01850004735324	-0.604660938868458	-0.0555416241004281	-1.04505915941054	-0.914787831228388	-2.27766633129217	-2.41399257027043	-2.5437126565093	-1.64011308326746	2.62023361767907	1.21598163289132	0.575461772501944	0.479838367496513	0.50568429943216	-1.14877588231269	-0.858451571397398	0.163613159007123	1.41341994831256	1.57936948187607	0.993052312435249	1.42203448556954	0.879632278272489	0.703495343669575	0.211365128341601	0.0274681061776346	1.67219346041244	1.75292651352243	0.31171251777257	-0.176449654432235	-0.151328966452993	0.376144760399269	0.187964288443888	0.540514595960141	0.0296995418122614	-0.0698442875245399	-0.677570166543991	-0.261213580735037	0.285598521764516	0.208045998842081	0.0625160869816696	-0.159126693914015	-0.528426595226966	-0.0919987444894282	0.109615410394688	0.118206419376919	-0.0762699627808863	-0.325326157197736	-0.298036846671066	-0.254253115190931	-0.248150167971782	-1.30014721305156	-1.88022601084123	-1.53415064425491	-2.07843655212604	-1.20344192007145	-1.14742861880885	-0.83715346487711	-0.279127840879022	-0.389087813450106	-0.417476645932462	0.0461215451710208	0.115808948054163	-0.361904298358209	-1.12588514174081	-0.156196429379159	0.104289374654019	-0.859694801188138	-0.000917422369347004	-1.34515592990715	0.0935270331562012	-0.722908102416653	-0.624192766478987	-0.348039905529686	-0.000391983016661318	-1.26425193300695	-0.109317210813403	-0.205314996822049	-0.485435648805683	-1.05669063281914	-0.168708346793692	0.0469492375058018
-1.22150088246909	-1.27123071218793	-0.449164689379223	-0.113493797601354	0.532032376773039	1.40795104170465	0.471535796355172	-0.0941514801597275	-0.026622436919909	0.403811148253311	1.08584960268845	1.58861857407473	1.26943471337099	1.03499939547258	1.80419599763745	0.572927361271513	0.771457722640287	0.346911878062425	0.0112704241725898	-0.381131354916387	0.82253367776642	0.222569378402	-0.0465504344080976	0.274538238189978	0.206755013041403	0.369386098460037	2.00242327830598	1.09098456608659	-0.157699394546415	1.00101532922791	0.468268618118943	0.182422362945411	-0.543774814445039	0.149990088020848	-0.0847884412728494	-1.0271681932393	0.425532284275627	-0.278971206193423	0.19395051024365	0.688193800862004	0.295263418720361	0.0997606686553127	-0.170225568801504	0.742264830555953	0.27366378110874	-0.146245989959685	0.861442282254884	0.0767290188825403	0.307075869092322	-0.0447994547939735	-0.0688096221712477	-0.124385763515546	-0.459116200464435	-0.76613359605551	0.250515832618066	-0.795100170912627	0.472718376350652	0.291920315970962	0.0937193427644287	0.0826580492605353	0.687116599911044	-1.53972030035796	-1.47984013143763	-1.94143851311368	-1.88088459841565	-1.55235126314679	-1.66116725946077	-0.883810799151379	-1.61787802358428	-1.03513550971467	-0.890917464809759	-1.14374955716906	-0.361203788285889	-0.548084993623869	-0.39023839744059	0.285179068844724	-0.106473674732054	-0.629056439458809	-0.449621589743983	-0.208126181605429	-0.0662127587503658	0.336822826420964	-0.161452693912911	-0.158161147087593	1.10283081599293	0.296558345849517	-0.491958454447707	-0.854983375823905	-0.609925612968519	-1.04470954930499
0.794617161057476	0.574460332735435	0.7428580739022	1.19851472938945	1.29442344345251	-0.222544098054162	-2.07844776998344	-0.499095649651504	-3.24658051318084	-0.869516102333705	-0.875066152648882	-0.51619215615282	-0.57999563039953	-1.11864482646956	1.02817942858669	0.38134022762032	0.68065010921062	0.846410558035369	0.0426988478403135	0.511800252400724	0.678680762539348	0.423812193220511	-1.50074405889532	-0.281456045588674	-0.111525188771481	0.123556961149717	0.243846174149123	0.255769213628437	-0.237266325660257	-0.577536890446571	-1.83324299936251	-1.67808057349266	-1.82731001338241	-0.980767608799359	-0.316466049123913	-0.188539130048135	2.16962589880247	1.35966066657224	0.597560062860628	0.983873198282313	1.35653842083589	1.11009024402063	1.65795535404079	1.39294842109081	1.14509236122201	0.621261774474708	1.80257290429894	2.26019033264419	1.83536845206418	1.32393070859927	1.28697676361538	1.37657786523123	1.31199785401609	0.867032674725471	0.326937233509332	0.129082079004065	0.786948788980867	-0.0153970236219564	-0.593399796281914	-0.345108304536712	0.0388513830412196	-0.449678321580974	-0.982197906482349	-0.766058895014363	-0.859118460553667	-0.16204895705063	-0.195595931517599	-0.481905968980338	0.0485359347373087	-0.454430368703937	-0.832984133815769	-0.447390667428155	-0.594178765384	-0.748474423936437	-0.675229414527592	-0.650857540917179	0.457797808295456	-0.868028030826913	-1.55420044834804	-0.127364002111564	-0.644582579958153	-1.06352442486429	-1.20480024530468	-1.12337710246535	-0.689351728178729	-1.00596406112703	-0.206031367514993	-0.268740626502317	-0.420398143051622	-1.11756943523341
0.00194029418551014	-0.183841218950528	-0.180854393100263	0.516918925969687	-0.22299590986844	-0.519381923339879	0.635457803968266	0.175585642887393	0.543195761254762	0.35440747031127	-0.584072017199424	0.0906452790531863	0.0287638643085643	-1.52511007759976	-1.41202956733145	-0.338069301277746	-1.73553842796278	-1.0566782147045	1.07490225948237	1.0641262749454	-0.211154322493092	-0.238474402462649	-1.69338429376315	0.307867601727436	0.553065901705719	0.117912240088747	0.5301026085824	0.660519273117861	1.73595042424725	1.17704602922643	-0.00594495509379697	-1.26968146967043	-1.16968476677311	-0.947969550498669	-0.392695689125317	0.842190922151425	0.0405583247479799	-0.430331740358972	-0.347819609728278	-0.269808143690253	-0.406624805723256	-0.128918249948132	0.645307381117956	0.500968953841724	0.549351494030208	0.413813287721207	1.23413116991778	0.854093568477902	0.387323045998767	0.900405341027257	0.323657232958213	0.320484762682211	-0.0453016597449387	-0.460798597724429	-0.493828035653537	-0.220185389189061	-2.22872529751969	-2.20337934305985	-1.98572334747456	-1.9089073114109	-0.567754637261025	-0.843086233396194	-0.760791211346711	-0.500339420038151	0.26720116991107	-0.162509572292602	-1.08378189434053	-0.861338505963944	-1.42865149159782	-0.567595388977961	-0.101273875912815	0.238322684846888	0.791565007828973	0.539525808599792	1.15249743090909	0.94845671852776	2.23131378509806	1.54693017315119	1.01611804293504	1.89268416345183	1.38097236139602	1.78007209367901	1.02213057333645	1.63129872039331	1.1453431685064	1.22315006463048	0.788735132818998	1.88035084065498	0.8907306284013	1.02582415154514
-0.147887973049349	-0.561024726930427	-0.439590809292739	-0.833449066529024	-0.738424211479933	-1.84917937259661	-0.423896429301909	0.775853576788774	-0.326614032350765	-0.754755903208439	-0.0137605450570439	-0.392262118888771	-0.899621156657588	-2.13136159805447	-1.34641896382594	-1.37716017330341	-0.763821498636676	-1.19480463727463	-0.189088500574337	0.0917750938977905	-0.30919944648624	-0.905718293150804	-0.161388867100494	-1.42290781032485	-1.40742061991566	-0.728995431440618	-2.00763644921272	-1.56770456563556	-1.91336897233322	-1.0752159808795	-0.157955691351541	0.727745382140512	2.06329828685773	1.46188800861327	0.350724169990188	-0.0335236796023333	0.251839670085012	0.430089113108106	0.54000711319174	1.23210970383384	1.17879131162361	0.885860377814864	0.41192774076256	0.0889424246506944	-1.25774343665752	-1.23854736007528	-1.47540375160299	-1.63221189578565	-2.12075633566009	-2.2828837784809	-1.87431488961292	-1.64069917869132	-1.05255617567727	-0.458419579812324	0.826547233201611	1.66938880084182	0.952310161874412	2.0216342032388	1.46103657216486	1.58773860944903	1.84394554214945	0.308453699182042	0.59845178051885	0.430133302628399	-0.31822609032998	0.458005783555546	0.608025758314997	0.130715185056545	0.0522373963696092	0.501111388249959	1.13565360189182	0.829281771098257	2.29206619361145	1.41529613413362	1.40660971930949	1.78666140888822	0.581224846643556	1.72651017153787	0.9752772156463	1.18391552015596	1.60072432586507	0.830346288067781	0.853449112411188	1.84186107629775	1.53171311899662	0.53847627641526	1.12716406514553	1.31441079578868	1.77318890295609	1.1219266727449
0.725178037052049	1.55897234181151	0.808647388937207	1.63704470585004	1.73710816137337	1.50092500049038	2.34638697258763	1.30243070270895	1.95434486733314	2.19740898813938	1.7739076291449	0.166038537225345	1.34367619296865	0.568246965727726	1.28656556433551	0.630677372418906	0.748887043279574	0.694975265036139	0.198981081360083	0.572206570587231	1.01323097831339	0.651578869113687	0.826403466993023	-0.450663540853371	-0.380768948421633	-0.317441533557337	-0.725873573580627	-0.0823652867482559	0.158349568885769	-1.32549315659312	-1.40868145697068	0.167447425232747	1.60046990330535	2.04874356727774	0.950039865914533	0.493754103440765	0.214413500656932	0.322048524696796	0.508333785004961	0.564592408575891	0.47435594342654	0.516679048813274	0.491909356273385	1.20883509700507	1.65684192909201	1.4599415364002	1.45519585138725	1.22298586202771	1.21537777706363	1.18747680106923	1.10351540991141	0.320665191550439	0.450387403831209	0.0969592725111593	0.153977797143701	-0.738800609013443	-0.544837683571749	-1.14660196563153	-1.00462519680317	-0.350461869567658	-0.0478420027917912	-0.299415404041988	-0.177779790433192	-0.0718946094231309	-0.477792819871572	0.368098918973855	0.126756857351196	1.77384075393444	0.636301797506148	0.849306298718081	-0.455451890269317	0.300927346659356	-0.34793385027549	1.06101535980994	0.974541019589186	0.726248917699643	-0.608022295955737	0.240708366155871	0.738058259547469	-0.414114607966763	0.00116854225197191	-1.68207484907764	0.340171716532852	-1.16205805055571	-0.0742760908161229	-0.881062449833596	0.131755344215638	-0.269545251718432	0.484714458650307	1.23045030963267
0.586860481000829	0.0717109554067807	-0.811402442669761	-1.62045651064501	-2.26471061757	-1.04951982300476	-1.32870383876795	0.247225024010647	-0.726398509412862	-0.587722091243596	-0.480850622755233	-1.28927821434745	-0.935894837383805	-0.233214510950799	-0.434441199627721	0.0511613603089518	0.473435075334591	0.872299890313016	0.97889278538612	0.23700496848406	-0.989010707680268	-0.831341534580118	-0.516912487312014	0.0556982499121443	0.145474147810127	-0.0875981338717653	0.295036223597194	-0.229931449011162	0.152285215802299	-0.607772139180087	-0.282770585862551	-0.307865500428171	-0.0192623584268885	-0.0482008417132999	-0.350349936987003	0.977979758197604	0.77568490780681	0.265282670769385	-0.418145289635199	-0.789606343991616	-0.950447726096823	-1.01729368518111	-0.850209620430474	-0.215619921440648	-0.124757099585044	0.182519137684618	1.12703804882756	1.44469517512539	1.56977555582646	1.98206934604642	1.55856673475093	1.91715173038155	1.12358419385994	0.382465477005778	-0.299569762854639	-0.287132626578881	0.609705850668673	0.629525026623804	-0.150560688228023	-0.605582853869227	-0.743114144998753	-0.615140943402113	-0.351152240735513	-0.503091779887398	-0.588663827269143	-0.919989968515702	-0.953819626979938	-0.630651863338062	-0.214073542950119	-1.02357724956099	-0.928958200734175	-1.97514266451436	0.918514725283438	0.872638462069449	1.14972355867453	1.0509044164934	1.36246325343734	1.47884671695794	1.1242210843282	1.62058551083307	1.20007344259285	1.51990024949382	0.760701335539856	1.7149188809216	1.95467853303228	1.38757045802007	0.879134698001258	1.16056249710183	0.572732016073659	1.03041328351503
-0.678186940989922	-1.06982389318157	-1.57783923311371	-0.729364455581039	-1.41279275001941	-1.22231702672945	-0.634258882751693	-0.191417595619988	-0.10186617451252	0.0705845206049394	-0.020061101562528	-1.18873680436144	-1.39084115879621	-1.99139979196273	-1.45819246710146	-1.63595275229019	-1.58178933279316	-1.07172965183953	-2.19098024913639	0.165579620235308	0.866834940039646	1.71815631920801	0.672683546948934	-1.40540114564996	-0.596523897095825	0.107553456568092	2.0345049415219	2.64242861426048	2.02034757180279	1.63935111734245	-0.169653708241575	-0.783087116052171	-1.96813686723698	-1.69883400734098	-1.51252838269583	-2.06605984232469	0.670406557719473	1.39566126174821	1.26627056399776	1.38440356747071	1.60895563194171	0.403436532319712	-0.520337021474609	-1.23207480022021	-1.07859767585591	-0.891284135217586	-1.3090054493756	-1.61141293472067	-1.99424441271995	-1.97773552369299	-1.00983854804025	-0.00449382998921066	0.965771529989936	0.542573068478733	0.418057147340747	1.0068031564007	0.664610509103487	0.830957351632474	0.767945684751859	0.515749615835447	0.640026088248123	0.644512081987451	1.05897141058877	0.410952595910615	1.30309422322069	0.907879323083605	1.1074952320735	-0.290173249289648	0.645258136107978	0.0756627569965485	1.01832128460743	0.0539812605106318	0.608237529101815	2.4156866751558	1.68722307556265	1.47716940689572	0.629073390878854	0.919727615022368	1.98560305871015	0.73140687603044	2.62094251840459	1.00062452449151	2.11916674290587	1.26762701604351	1.93559647878564	0.769658491459827	1.64562289442804	0.81548344004221	1.160337219678	1.8432835808555
-0.948290100612341	-1.18270812736742	-0.986823785294929	-1.37834375154901	-0.925806965596494	-1.03767555383638	0.213867581426756	1.03476320881234	0.32833273582039	0.386712566082972	0.152698782177977	-0.540631789686721	-0.408272663956168	-0.69889404996224	-0.304043499983513	-0.634324222213439	-0.255566818914197	-0.792464224310572	0.755266473148996	-0.444418207521556	-0.105013503224093	-0.373787788625155	0.783220671041475	0.948292878763817	0.585604488530227	0.760618742043195	-1.174832004256	-0.64315649818905	0.609289064595691	0.482617216914403	0.803427819332491	-0.363074852185441	-0.160080648087419	-1.11709828590048	0.167746512619399	0.0942540548698017	-0.676143149524964	-0.958481380947974	-0.570124387224213	-0.759843779729915	-0.682911800960262	-1.1387477198991	-1.33338181223071	-1.44630851715112	-1.45901709378079	-0.869372007606142	-0.594332632142407	-1.00820054142812	-0.847832037150524	-0.819837477394938	-0.38022718413068	-0.155992691234435	-0.0834776366728081	0.136896379890638	-0.406008099370558	-0.849858039179852	-2.46749251092425	-2.00190187550314	-1.74849532290709	-1.61311423897545	-0.726014554689321	-0.0949736809044387	0.118790149162879	0.917183709604891	1.05865675949369	0.422244886070714	0.979216565979951	1.04947895949653	1.22537839172914	0.793204537996798	0.585156265977775	0.898855901943231	0.532091957296396	1.29708400684381	0.880631548393811	0.469933877383631	-0.190732344157366	0.814003350132609	1.83690739650943	-0.189584901196845	0.24286800811401	0.243652721097961	1.89062060667042	0.364118297087529	1.12490029729752	0.903853710635544	1.19703376531073	-0.859031598171718	0.756739974108164	0.804589339434347
-0.463677331211063	-0.243198513005187	-1.0566262484613	-0.558966941525385	-1.1665824858967	-0.617293315381557	-0.140150459449299	-0.872662264540956	-1.7701697891762	-2.62225369772626	-2.56372169596617	-2.62227327138588	-1.78880553911144	-0.184736947642718	-0.572410167783855	0.836715453392918	-0.903519100970492	-0.854681524072012	1.81066631348326	1.99008114279646	1.08507313965704	0.880394630192396	0.0104838511085075	-1.2806905655372	0.0466258103244096	1.41279794323486	0.594086551430859	-0.13662790572742	-0.358062511702659	0.390052217342805	0.510315873483005	-1.14175523336131	-2.4781455165366	-1.98365191493663	0.0758892843265598	1.61271889924866	0.0503698161016103	1.1456179475338	0.660747624793231	0.668331253888241	1.08753381484268	1.37660324592537	0.758375073931747	1.0581249739693	1.12279006851327	1.6192640276802	0.850384427771799	1.05849365329003	1.30375631154847	0.525012346810685	0.0193750401130634	0.596188614845564	0.596030294964027	0.14506970113925	-2.73382773627661	-1.27802437801052	-1.08688975978284	-1.03164779976797	-1.06120932417289	-1.18121214802345	0.581447441129817	-0.168159657029673	0.377088040251643	-0.263671345513054	0.567488042154804	0.960221537388775	1.37685209724573	-0.438219835605374	1.12464993132487	-0.328197540108433	-0.219947367221541	-0.212163193736445	0.156388370515239	-0.473125117421673	-0.381416957695525	-0.0940131372424061	-0.388833619940607	-0.5846608285825	0.540081305640144	-1.29834090860689	-0.413343995510537	0.0585915333642856	-0.109318249245938	-0.592351092200025	-0.173547834352943	-0.10436092767469	-0.673004527213604	-0.734534222997736	0.46208251596404	0.533987512974325
0.892159310016985	0.502860119201357	-0.0492620883202025	-0.477983359835152	-0.616855725924763	-0.781846496456532	-0.129803248321893	1.43458946894401	1.12054510071587	0.562487651545861	1.23713494112194	0.118470484937945	0.25015687927104	-0.468010039441547	-0.306848855422569	-0.555671807704584	0.0139545433616223	-0.3486110219094	1.83151772199625	0.176149719308035	1.66927425786867	1.17797223382299	1.66778150529078	0.856107706176647	-0.565685875011467	0.0955435524369908	1.2028688737725	1.26437728785865	-0.472481555315636	-0.716589347047337	-0.662442188530344	1.39997756213938	1.12265534410574	1.07136348576645	0.774214667546981	1.03201930923661	0.365791769921192	0.427366205905546	0.177906451423995	0.385552286379167	0.260499560976807	0.480069964936397	-0.0647368905850465	-0.232519949560213	-0.0279474321977552	0.475860610259066	0.456547568101993	0.691497785132002	0.971367275135574	0.566740206279224	0.317727298332167	1.17971068164813	1.03624939976434	0.629708481194581	-0.472320227225323	-1.63755521033949	0.590858447768384	-1.20799007719381	-2.19986388458541	-0.905206938937634	-0.744123477966955	-0.805156953124518	-1.17110629119336	-1.97622161542691	-1.85236264905777	-0.524458541178807	0.258736597041699	-0.000677480452690176	0.956024043623374	0.8668462246711	-0.275549306903498	-1.15934576216646	-0.744888166114876	0.666056553336578	0.0618893174460305	0.144743732203248	0.0145898427661007	-0.412800139755651	0.423315337507708	-0.167041564109877	0.583923515321262	-0.457134079891455	0.454326840411867	0.368674707877035	0.435715491015816	0.222612342622304	-0.619169735092827	-0.464908401061763	-0.371612475487654	-0.310126453148705
1.01415107829175	1.38797367060595	1.51843548877264	1.01378882908132	0.804322899919459	0.502519265806861	-0.372388814069512	-0.708838225964037	-0.868994066573926	-0.767728196881395	-0.688730849618172	0.870741537731365	0.691525092074935	0.714427336701067	0.697080466652383	1.93816456087237	0.827365846215397	1.66750285070631	0.638075663562799	0.105512687553249	-0.458499387455816	0.553336355219097	0.856404365686387	-0.954491251667395	0.193244304706638	0.0779744159644033	0.118053943082256	0.349531306720241	0.916508124061459	-0.0997360628740815	-0.745447573254818	-0.27739819372162	-0.247777275833748	-0.55139479668678	0.663532460531971	0.128765979460227	0.0736663440562973	0.0635257609932436	-0.495676723226749	0.716224080852914	0.305993913724441	0.0470791189137304	-0.680161172676151	0.204622269964506	0.0174641242560027	0.279678515656402	0.743341873947065	0.904985289866698	-0.209418369405977	0.0277108387097134	-0.0763778936478082	0.686869125364055	0.143402637910272	-0.152158140969606	0.591571509973826	1.33311335475132	-0.810551239708807	0.248731294441698	-0.927052381917625	-1.54468625871228	-0.242009469028692	-1.00239086721682	-0.93522281265749	-0.207002476830854	-0.351000108376858	0.184506320557101	1.36139045720282	0.327410493358163	0.662308572963969	1.8089930711755	2.59894564207993	1.72205812429871	0.289451069682249	0.126685558560692	0.403079210512858	1.22344105016103	2.4397420273861	2.09058097185224	-0.181802625800589	0.994980392920326	-0.549166461793152	-0.411545607926793	0.64286055015982	0.116623826637314	-0.0504518007520205	1.56560924235273	2.71609381424093	2.22710497451717	0.105923773867386	0.893483221087548
-0.573988117762119	-0.852689800498393	-0.653271363101342	-0.633412526089608	0.400148036973764	0.904434411663131	0.818619515106851	1.20020133362024	0.875893254770976	1.1769279913031	0.407906631766557	-0.889438943555537	-0.387249647940985	0.810899421988567	1.01323622637018	1.04228197728294	1.19782792372425	0.0181577791179875	1.33469698612805	-0.0680237570819898	-0.564233040783344	-1.44780555776593	0.972071026374662	1.75053334164504	1.36577756267207	1.50584133454987	0.633164673042238	0.058868322261469	-0.596549997270653	-0.185376662761186	1.61291237697778	1.38227255191016	0.634225274958982	-0.962159057059402	-0.992161733580312	0.224977435492966	-0.0749275073919627	0.279240990537274	0.215220764223674	0.381374379462905	0.128637339685098	-0.0209373995518317	0.815304921371684	0.977016560318387	1.06476724759109	0.519704938076668	-0.0197323628432342	0.242138529256045	-0.298264883377903	0.315862924859234	0.622207855860789	-0.330094977750859	-0.514233474761439	-0.539782613697775	-0.560034142690362	-0.76095130410943	-0.0383525367731165	0.448537489933204	0.314851229644871	0.0930203535257643	-0.0283889630860929	-1.22368313985443	-0.502936936976524	-1.09605664664874	-0.890785314330716	-1.37683928106003	-0.505656733350972	-2.83105062574771	-0.449047558911928	-1.88259260973575	-0.738763883984361	-1.62804804234365	-1.2657550621202	-0.442549760062166	-0.794963043202101	-1.01515336205626	-0.0588042729378506	-1.1929742080465	-0.939237516399173	-0.749878183535174	-0.365416908929868	-0.402541803969799	-0.616544228164078	-0.807634713324921	-0.408742486381787	-0.223840256017139	-0.0364681415922996	-0.309848307192482	-0.619289540545245	0.0973008561864801
1.33730950572532	1.23588619653386	1.53112064219595	2.29722274974832	1.69120350409424	0.95757345817838	0.535202973653488	0.60496348090689	0.0840497876005895	0.175411420905052	1.24621558414001	1.51972596181874	1.51746330525486	0.858896999637659	2.22569398277158	0.835376085509238	0.355921858509927	0.372699462854054	-1.43665693849295	0.544578792891695	-0.275479946847229	0.55164939360172	0.187129495638232	-0.632672302567157	-0.0860052908440322	-0.653304670378225	0.73744381126316	-0.233913498492697	-0.200077305431751	-0.0788245205951323	0.972430344033156	-0.630802284743813	0.763426318593194	1.24708134547652	0.572201280822271	-0.143894537224867	0.969425279876221	1.04600577852445	0.758372829148351	1.12778722795269	0.590204670796917	0.36575772806525	0.733134541190545	0.341202664384006	-0.17743691247473	-0.959442104988322	-1.06238408240549	-0.828904634926203	-1.31058367781764	-0.650697274839396	-0.439656071764581	-0.59301218915327	-0.344535731748223	-0.348147001282891	0.139303714970521	0.251195132842759	0.671641794781982	0.830645305934342	0.923148737114301	1.27646703197143	1.20221643904659	0.260542014727521	0.900495145958549	0.518159744468701	-0.26760579192352	0.910713506910337	1.02593209778788	2.01671252759463	1.07638010145838	1.17675164752309	0.312199361530927	0.752143874656832	-0.197421688994106	-0.909586029271008	-1.17605012813457	0.107997347413118	-0.917784613310765	-0.344138519997307	-0.195073956550827	-1.27453459686356	-0.472881739215063	0.493210171715478	0.291883432710794	-0.895733216696508	-0.216821711458943	0.484676109067542	0.133971967329413	-0.689132150611838	-0.897962726135681	-0.359615298310804
-1.30467868818183	-0.0823993327460886	-0.62388892116927	-1.76930769060477	-0.41191450425615	-0.431909447129274	-0.75786716208267	-0.0110640459216542	1.41315054230962	1.37938696783592	0.985086315191164	0.637276523144055	0.784237043285297	0.593774018175903	-0.994103399615874	0.332565739373178	0.898863610216389	0.43387372607204	-1.36155478135118	-1.74829427190556	-1.67275212867531	-1.91834503543706	-1.77706012672431	-1.56491511366948	-2.23599346475688	-2.3171304314499	-0.635090460273799	-1.41072727047637	-2.48398836115034	-1.689290693603	-1.14810473019006	-0.181420739963709	0.501569302322867	1.31676262762669	-0.507495741220162	-0.0624586527038033	1.14585080537808	0.895861930053886	1.28648790222183	-0.039387663870016	-0.500483341711119	-0.354285185498805	0.558776597477508	-0.850254215023142	-0.497695175929913	-0.0466257263117022	-0.495201821060775	-0.246296556370347	0.576477109621997	1.63092336086703	1.96408171285521	1.39675531178819	1.8684179927615	2.57063636114625	1.3175005310278	2.78673395076696	2.54123385092967	2.13941091360367	0.64066648611485	0.3452974112503	1.19017461114719	0.681465407089416	-0.824981180438548	-0.443848477808	-0.286590235056519	0.00936677659311685	-0.314804374057915	-0.915737464139333	-0.949138907453169	0.696141709002714	1.19497386761282	0.0609208823105405	0.400164136158913	-0.512854342374558	-0.170868606319041	-0.632867207905674	1.19844257620667	-0.282407859219305	-0.346700985098325	0.449215511280095	0.500458389339832	1.17025665607784	0.0336073029599041	0.332849577429574	-0.02240903315579	-0.181829830453117	-0.0571140285526104	0.0214000439450738	-0.00556132890881719	-0.598407685869106
-0.487669545404453	-0.29452096343215	-0.633519956773257	0.0185265209862761	0.871113060804225	0.9926524900721	0.233443425696806	0.381068911988968	0.158729891418486	0.687217573684559	0.299892426747382	-0.784739843473776	-0.236770929415978	-0.284303567751336	0.539293982405863	0.583105081293821	-0.266104109237202	-0.190748502657274	0.0202665955000192	0.0313069215826388	1.4030949865461	0.488110000148619	-0.0566324177585448	0.00805863579135719	-0.748763035579577	0.00217206757558239	0.239235442688226	-0.0183588671493936	0.241347438559914	-1.04451463995986	-0.759151909605297	-0.865673906552637	-0.939633285538793	-1.65048460620547	-1.55104451125483	-1.25022500900238	-0.462559243766837	-0.435715963473089	-0.264320899413866	0.0123784270101706	-0.613778828330652	-0.467918701133446	-0.372650703316646	0.149533034934587	-0.709517228958509	-0.858472112618857	-1.35939328908627	-1.10424263172433	-1.10257593862238	-0.671168822132977	-0.450493115435326	-0.636669960671598	-1.41988726404888	-1.01500349936235	-0.77479368470615	-1.45207604800222	-1.39212510334118	-1.50171641918301	-0.804325827650452	0.199815301047902	-1.2655585016791	-0.164801168631504	-0.929656246949905	-0.267721167161801	-0.659517000926405	-0.32798462638112	-0.242265997968786	-0.968131478721235	-0.885084769357385	-0.305245013875705	-0.592241486440742	-0.394916797561239	0.609460259305549	0.506228344868282	0.46246576926013	-0.0143099033431748	1.38068680025778	0.643075179949257	0.146777022788343	1.5170233486832	1.22509527400727	1.18250090675486	0.783611111968242	0.904841920566236	1.10793768952698	0.653352624815638	1.42385121628583	1.32699257469765	0.586334706918835	0.643745453872415
-1.68697321931467	-0.587001227681308	-1.35874185065479	-0.593919263476515	-0.28099553616348	0.378800036464344	-0.148893686828689	-2.33386763431374	-0.36145201742721	-0.892658492365932	-0.176614938880915	0.698306012497879	0.674896166971713	0.187642717917202	-1.18088560421633	-0.941877554195187	-2.33432066104422	-0.818219818638128	-0.0549851965450191	0.0727251055777453	0.92922458584163	0.824802309417376	0.0967497794460446	-1.95056947185401	-0.724505223688196	-0.0115596421231742	0.0986373679885834	-0.0250630770692543	0.198620426244883	1.50456764165251	1.41755137259791	0.509906665929243	0.248270411093918	-0.41456019211532	0.116438038158658	-0.499414366426643	1.38990569903263	1.12576350527605	0.414924336475916	0.423043423881281	0.618617928317813	0.504553490174988	0.669670136721041	0.219095238939289	-0.601292483999679	-0.00112530333352269	0.132675903053812	0.990439772162387	1.32450112012696	0.712018479037443	0.911721915414644	1.01233630464448	1.10592602336977	1.39608251803741	-1.1858085609994	0.435914533629964	0.232049800057547	0.488545440813098	0.266141060369033	0.193830415202842	-0.0954779113179439	0.628468832962006	1.02050042428898	0.728797201719171	0.328152160867811	-0.32016720941717	-1.71564240065965	-1.36882800839015	-1.782527789904	-2.1650026785087	-1.90896486267616	-1.17149640632712	-0.192504561883446	1.45838418099253	1.3839036399698	0.491419569336532	0.129912451023697	0.468544566898623	0.798200906113972	0.286508578645198	0.379559380783095	-0.543144579937693	1.63590702320861	0.990658596108154	0.833465162517435	0.636321227659292	1.59369132667565	0.448962648052294	-0.08895398785482	0.721859835513532
0.453790405521505	0.644202357276094	0.297231276901415	0.810206973503325	-0.160645939416842	0.542896759454283	0.720598309551999	-0.850438716672722	-1.02239668484148	-1.1621470549499	-1.82436759461273	-1.64712008490986	-1.43586146216876	-0.393825723147445	0.0040037468529661	-0.0827996592919184	-0.658357250908476	0.277063104021638	-0.686541549689298	2.28993351276615	1.35828432304054	0.782558120154562	0.811395930781308	-1.78499218279829	0.470259651457119	1.69079623190835	1.56664431808722	1.09048664115278	0.141220509986305	-0.843512228787468	-0.333775047378926	-0.202266876727903	-0.374618018545693	0.0874352289005902	-0.630519747686237	-0.380519234301603	-1.4857106815521	-1.44321116837628	-1.67884147271669	-1.10669370974891	-0.956382970700458	-1.12012412678406	-1.26358879204284	-1.02937471823534	0.0100835110026952	0.397509322023356	0.664948712851771	0.688140563485588	0.470646839612917	-0.0391323160032311	-0.127625196585985	-0.673496644655967	-0.0242339309934242	-0.854110556261851	1.60259302135365	0.280818266487138	-0.348795658535726	1.46019755408645	2.19338020980535	0.122136080420355	-0.0276485042116206	-0.875892162797168	-0.0171647088198474	0.0675336044741841	-0.0666433661127672	-0.999419950252754	0.665010269137003	-0.0500389483610045	-0.209211092204171	0.0457268483970141	1.84323441728442	2.73876594433553	-1.2477712600771	-0.0119772434434591	-0.142286923344269	-0.633475087526606	2.04512050975443	-0.468896679763423	-1.35566060357319	-0.186296778230944	0.225908416332702	-0.0513572297214492	-0.329082979753292	-0.32706448971884	0.845187036365206	0.360405809728152	0.666661745889285	-0.235610308548026	-0.672909005347573	0.360477506553526
1.13102134121111	1.62122546191946	2.39415981605898	1.82990553556891	1.94567342179812	1.99335323349577	0.812076567367443	0.758724971172215	0.654139564420724	0.23379620739382	0.514386878768711	1.82949401926734	0.762454408697515	0.740416996586559	0.739817395144105	0.592665167608552	1.75708412303134	1.11614836528304	-0.330652486556697	-0.40389824717201	1.54042562335364	-0.0400865083080558	-0.101865110166832	-2.18919663258474	-2.26714785400058	0.00257662111213141	0.664125635769887	0.496474291963808	0.488664689300448	0.789504874652719	0.379550307702455	-0.49010977398086	-0.067816082671102	0.552388260660356	-0.135262913730963	-1.21412168749201	0.500538411264461	0.0567348208876441	-0.252374265933075	0.347002711884984	0.415116659216574	0.901147127490029	0.952719164525498	0.943129655823863	0.937921899794548	0.0192757559015418	0.18797336001334	0.809107072801278	0.332680505773001	0.0688917840692079	-0.135852308830355	-0.477464936920314	-0.421886018387127	-0.0424036591095418	0.956018172054265	2.03485606593071	1.31077281515985	1.57293686043506	1.71757746954336	1.91062511335531	1.37904330656661	1.02998226119206	0.898994537489895	1.44576181579755	0.95981909337053	1.18680655991495	0.702473224731011	1.31573600381817	0.856330213613386	0.523386518605256	0.194259487845589	0.491925453249562	-0.398660341693872	0.0181410349004126	-0.690307260254075	-0.468286388265401	0.0796586582818896	-0.851077107348474	-0.228703383918196	-0.867107273123618	0.202368566501294	0.242730270991717	-0.387961692848731	-0.523238670534675	-0.481542084935703	0.060496354167064	-0.859676267344669	-0.831558610688071	-0.317188578425704	-0.261674025766922
-1.28888262251907	-0.32490944354722	0.82384078957519	1.29899490367143	-0.205682094546233	-0.383594044178984	-0.271291763495033	1.25248251088108	0.618099209126826	-0.0476051278174694	-0.363435335408805	-0.74141892773801	-1.90818827996003	-1.02431402125757	-0.146706054462438	-1.94662904369073	-0.598729826001778	-1.22735627062266	-0.160186634278751	-0.324674808195521	-0.1538025061268	0.725537593284006	0.696201542758774	0.122022256415172	-0.353800913119734	-0.692776509057723	-1.1361177351685	-0.790188050296019	-0.46198957673329	0.159501767985819	0.148375087439672	0.105194140669874	-0.110011070316443	0.0215745289023645	0.224656333408439	0.730080639279315	0.353324465747112	0.306275803840667	0.231976714520174	1.15072864212338	1.31213777201271	1.31255643160489	1.41771776664281	1.38126196897583	0.747978655615241	0.638260803733756	0.63819000177644	0.792642048500611	0.195095681356256	-0.415176949493513	-0.255851711852703	-0.563492219645046	-0.384797226648279	-0.0988997922611609	-0.366840015918848	0.268246820786837	-0.817351810535697	-0.282485444284441	0.609326930663908	0.65742466697687	0.627294262145794	0.931453318942509	1.28146129440265	1.27851484727508	2.01278662744026	1.18167936098085	1.14164191241142	0.907226516634469	0.484125568289631	0.0148693599940504	0.468893109222469	0.404320853597823	-0.891356961868088	-0.000608240275399233	-0.323517837717899	-0.283869027064157	-0.148979449705975	0.578659079252405	0.581682534382457	0.346869874569575	-0.288572377294289	-0.237134501832249	0.349652478809355	0.450234091123839	-0.330107309752021	0.693071208801495	-0.109041522348283	0.30952652658147	-0.798500240854266	0.0770335131822689
-0.84578272254339	-0.614879890410959	-0.0719817029621176	0.244667635492024	-0.360324060852102	0.669184612267527	-0.706196306560318	-1.19990150085423	-1.61920831977535	-1.99246488516464	-1.64160316306724	0.580808661562825	-0.631663950925163	0.505305930611546	0.593210188881548	0.325265919217349	-0.394921163582126	-0.176751471081705	0.561016402252682	0.258319754929369	1.38449066785308	0.497527925482516	1.17532438438152	-0.888450933109306	-1.05529262723989	0.159243845124182	-0.0468437150496454	-1.04837904147106	-1.51838708250037	-1.14906414033199	0.641850280379431	0.214053131830913	-0.928919113316435	-1.74213526078115	-0.902886515465324	-0.586795405868421	-0.326031550410997	-0.925717294451381	-0.951942989068575	-0.986564741904003	-0.740336666625645	-0.437443098075259	0.0741989606778311	-0.991392599898539	-0.956060502040164	-0.853245068793045	-0.241496104170488	-0.218951757989735	0.0861329020352388	-0.39364477593393	-0.722289384323947	-0.648196755144804	-0.177130472933742	0.0228642241980025	0.235866756706248	-0.426562305899261	0.0820001199049272	-0.426716404570559	-0.438164529119321	0.0469400398797258	-0.484679613278831	-0.754427848871268	-0.773857299543039	0.39570178411926	-0.862317512088891	1.16436623295719	0.925308363870158	0.836000710925417	0.435006240752753	1.0623447201676	-0.827511152224111	0.569237875610666	-1.07783003088602	0.765910440216469	-0.130216405878917	-0.056409426144839	-0.224738493617846	-0.38348162499419	-0.0558857703410161	-1.64007212007287	0.00444292431894009	-1.4597222128579	0.415258386191797	-0.463357621133725	-0.128674445699524	-0.20224003030367	-0.0393126702976824	-1.39715446852454	-0.695958229918586	0.0978808192632714
0.897599968366956	1.49261811091682	0.736590539593894	-0.567401031597563	0.00438043631164082	-0.830544244827618	-1.4846424805457	-0.15418120795641	-0.348194531473861	0.220948609813884	-0.099552158281795	-0.428690585031456	-0.137600246814569	-0.809256861995303	-1.52465185933251	-0.42346784752251	0.20842761994982	0.876520547302315	0.226583347121687	-0.780029254527699	-0.374435546496398	-0.547566743573888	-0.228795711134828	-0.95258680379692	-1.06676110988395	-0.948903473659699	-0.485877876989765	-0.0756790801595022	0.327458999777579	0.571276130376102	0.0285969015658845	-1.07179265731121	-1.91775905100635	-1.24850187967644	0.0822855456603253	0.720411995210373	0.530493970286705	-0.0421221232857136	0.499649879642801	0.204986631798488	0.0592339024628259	0.0915242105986438	0.678416457785857	0.155352675934952	-0.783276104240746	-0.030947963671712	0.696789837985551	-0.0208852765364305	-0.138555273133622	0.431566777857404	0.272163364328992	0.339417523847416	0.322745048944195	0.690768204105916	-0.492155807030334	-0.289367708163152	-1.11872672373758	-0.657762617306322	-1.1282417701574	-1.56626815085813	-0.714964009575112	-0.710387085192984	0.13440758229131	-0.559653370399974	-0.120786233053326	-0.469247299488532	0.418963567462259	0.555143937420492	-0.0315084806062837	0.784192951350611	1.36493141900811	0.0741042774427446	-0.330743254110286	-0.438077094644969	-0.312487862346188	-0.419329126996684	-0.969297683997589	-1.64009728133121	-0.56095337762882	-0.94766635074493	-0.73377942294572	0.166637227287679	1.17955078176485	-0.0692440177208021	-0.939337647174445	-0.265569537130213	0.222071011927946	-0.014767319038487	0.337142034301888	-0.0274766500094643
0.173517420537632	0.988299758392453	1.0045050514748	1.50772258934198	1.09546950345664	0.914907670118168	0.69073511803454	-1.99747387297295	-1.12102611378635	-0.740732996172438	-0.4155513603557	-0.729441327783742	0.177464442254605	0.544977707779622	0.25002308297025	0.222935727275972	-0.976941510816994	0.275910425723502	-1.29734164776665	-1.05447193391016	0.116454024337451	0.564405073675537	-0.138601816969616	-0.220892256284822	0.287817470322523	-0.453647073052557	0.645177998419714	0.800559622070194	0.485053039865374	-0.41072145472874	-1.74127576275963	-0.864768343688507	-0.140326332510987	-0.26738214726346	-0.657712606085243	-1.29606771897527	-0.931882379071165	-0.442985651895664	-0.257303863920975	0.755350165516351	0.421077308376585	0.573756421752148	0.59495078601994	0.737949747304717	-0.545206288880278	0.438232964804365	0.0834938920475596	-0.222847245423963	-1.13129783861675	-0.933976415336806	-1.11199079510378	-1.57086685405228	-1.17507596093852	-0.838875081461326	0.310843479062556	0.0413280473707019	-0.759436399509406	-0.442000152173575	-0.703432397295266	-1.05343361861528	-0.303364553316086	-1.05485267523275	0.0959189605758337	-0.66564860054113	-0.230259244387358	-0.923084930866388	0.331078842632008	-0.820118385864564	0.147942637222303	-0.682278020986571	0.422251308765715	0.075423829404682	-0.808557196059483	-1.22464832429773	-1.0959482495085	-1.44914191198496	-1.05948844410505	-0.888169873424904	-1.01071724544194	-1.31030184840834	-1.06944077058966	-1.25159299815358	-0.965071547708619	-0.926292776098746	-0.768857502468481	-1.25979611982284	-0.861965795394737	-1.86238865219085	-1.13671434664563	-1.43676530221203
-0.683444871452526	-0.460281030606479	-1.45481266813307	-2.72144167484369	-2.09947486521935	-1.99287220120161	-0.0353317983854396	-0.931084407859395	-0.427249372504768	-0.138958508538352	-0.747915027143997	-1.99694157560045	-0.46577815626603	0.0268688567610124	-1.35493750007354	0.696826236150869	0.133991836118725	1.39733316530714	-1.9671242744435	-0.669611143841427	-0.759220550458586	-0.948170194287183	-1.29624081319362	0.763310521989109	1.04846415343363	0.190492839645358	0.658378813983961	0.450159503035971	1.19943368242805	0.806820532972584	-0.306705185718623	-1.44701598362844	-1.32553839004519	-0.157970046796871	-1.4921477948885	-1.58380246974277	0.32268025997864	0.96244919167019	1.13891745148959	1.19965133858017	1.2758198834528	1.10268754450711	0.74174183293613	1.41759663539543	1.39474560111684	1.02315132637785	-0.268834814031784	0.194726748957651	0.12924458367803	-0.0145670806813963	0.788573916379558	0.0578001742243817	-0.0746194475000617	0.713555689093254	-0.350381467981547	-0.226728841663929	-0.27714049360825	0.52525648324361	0.134783750330678	-0.447232450892809	0.664069016826568	-0.100988862642555	1.22916721392489	0.755557393457272	0.987682334511805	0.879590522121642	0.828021523400491	0.926427776374354	1.13537394358604	0.130733325398102	0.637150617076439	1.183636468159	-1.62474607848947	-0.967233075743146	-0.929120300916268	-1.0391971103977	-0.912004313472167	-0.216905243524158	-0.432728557900579	-1.2950679683351	-1.46745741314047	-1.24174520067173	0.157217888616324	-1.55189066226125	-0.379156684835193	-0.223032814243984	0.386086509313288	-1.576430982908	-1.67627295412855	-0.526416381110543
0.694083195171925	0.62301162505375	1.62117476478359	1.18638170117106	1.63360066106548	1.28959568316427	0.195756515929429	0.989399182196659	1.61940613725764	1.14716933600862	1.97470533933506	1.8894388744717	0.941019812289211	0.800572407308783	1.09853487698238	-0.546965565487444	0.345837770778766	-0.349576079318247	1.8669842730256	0.823425280730768	1.24745220486468	0.152211199015552	0.0362802596785195	-0.533242121104029	-0.55079863289404	0.527498915736966	1.88431233965727	1.60256895927178	1.78388197536831	0.0348357182812425	-0.528352933582815	-0.72795247481642	0.43910794127768	0.506220077635073	0.956562959586054	0.912584251592569	-0.0214312502829793	-0.0514287870406867	0.376748745810985	0.444150101750482	0.174423906364382	-0.0450394576217495	0.240563187766229	-0.147759077160552	-0.644450520908145	-0.430751224748032	-0.350692504322181	-0.883337765709405	-0.907922097723476	-0.648069942288151	-0.460909229548301	-1.00244246538399	-0.296045092126179	0.05882674648258	1.33150823250687	1.63739425307377	0.885473272840026	1.02803152051905	1.3325946939578	1.22365889346897	1.11584545161086	1.87135342757601	1.28006761557724	1.28270993753587	1.38481618337373	-0.153942723379565	-0.777567742326	1.01223844954861	0.195575610326694	-0.0426445740876261	0.266817978361066	0.221191809303014	0.500242316415273	2.03520295839254	1.49094614601181	0.927132556379281	0.681571593045365	0.748714367585364	1.60977987442667	0.251778527121259	0.636413356168114	0.122872274030515	2.35778422990796	0.558343994174003	0.80507963196221	1.15257034867159	2.15580268579972	0.179086179254397	0.31882594962841	0.830588207804978
-0.537008205573302	-0.211922314506252	-0.362147104566382	-0.263848814945079	-1.34100835309846	-0.74346627408341	-0.381641457391525	0.222498556401862	0.1567220739467	-0.592249529977596	-0.375121275615635	-0.961555417052003	-1.79339270796252	-0.808766183946125	-0.89374622551707	-0.571629787885883	-0.455428205978201	0.264135040592982	-0.303464162792198	-0.257616987812933	-0.592474930544868	0.56293096745486	0.817653096438281	0.537051813745388	0.63152439016622	0.608155588602665	0.67578833265051	0.852281013903649	0.798458685717198	0.485293751716956	0.0237862952626472	0.810749278590668	0.585246958055425	0.976641073810111	0.911503754366371	0.193915245044677	1.05571069946008	1.2501464020756	1.46448413645185	1.22807716458573	1.09386065772212	0.219488792847526	0.893585035005911	0.0717586033257604	-0.823031738118482	-0.25960019453481	-0.587491916488406	-0.756406319069116	-0.752473360557453	-0.395985799934266	0.58819535394652	0.659303088597581	0.680136561969414	1.49550638295907	0.0155518661855309	-1.46190851762485	0.531507416152916	0.492475401341227	0.338028938664068	0.318412219250029	-0.547092409109343	-1.07999254711397	-0.765177484020313	-1.29446494219175	-1.89731717688001	-2.34670580310003	-2.37096325066887	-0.510557569192684	-1.92817250036777	-1.38693455402771	-1.67824544165046	-2.5492721199134	-0.142723734994129	-0.74730140411505	-0.327194050134679	-0.476858298256329	-1.56510932454125	-0.327975137215034	-0.966719488117443	-0.763150547360384	-1.57486158807688	-1.45418497116993	-1.09675865742517	-1.71036501336334	-1.36123320664539	-1.19790969899698	-0.38727334619447	-0.992476508573761	-0.191259124054146	-0.943160174980397
1.20787634209797	0.895469150904005	0.300841551953231	1.03075523511213	0.269476167691705	0.336455940674666	1.0397581791474	-0.334658898767422	-0.124611162438996	0.47371130463263	-0.499963517695841	-0.427447208772029	0.636283522888837	0.784605905379074	0.930452597167375	0.835595823843138	0.898574310232527	1.26027878243758	-0.571690773701389	-1.40291708858858	-0.696707611922082	-0.514128650028844	0.65608390426168	-0.615403772084307	-1.2641613397616	-1.29622191728579	-1.06700810311938	-0.756178262419473	-1.35633669715398	-0.85243944303927	-0.341085445238091	0.101655096721458	-0.374275925807199	-0.688049116901663	-0.59325559062585	-0.169594861260683	1.09459509183321	0.675318942283336	0.801056977568663	0.581712973457957	0.420191229994911	0.477972364120901	1.10251510040932	0.297008583687177	0.843182838410047	2.09786732681	2.99973434277519	2.49484751066449	2.77228246275896	2.76978511452747	2.31945687634205	2.51391170731249	2.79251737231487	2.01023526357165	-0.00746545541921841	-1.02906510870632	-1.66135436900487	-0.244879726854344	1.54336216902446	0.500425816105076	-0.351144918525935	0.148055980208033	0.952957148813384	0.412650768806201	0.596941536182579	-1.05339825478278	-0.0577212023556077	-0.409380663219309	-0.00732323786250461	-1.86748214204918	-0.436788643051005	0.354075661467176	1.5177270157961	-0.145152143447956	0.671257759863181	-0.183510385174959	1.04650585443361	0.947276963488464	1.02598549206272	0.562781892149677	0.114784193861215	0.815425505348952	0.530323822477428	0.470368909663552	0.579419497857578	0.231830314107267	0.278640306685428	0.106650114675574	0.583773834371986	0.4179840557248
1.49127605101026	1.06657106934463	1.02626079054305	0.6443198055368	-0.296877841019845	-0.359879258231421	0.735921912478577	0.0884021031528692	0.0348817874342957	0.312798646115294	0.240590426702828	0.0739438186458054	0.568526545077175	0.137207464347111	0.667028918643891	0.640940571937054	0.134450775379895	1.5286150722896	0.56339746068352	0.212292153434888	0.733429182306645	0.422926314449847	0.035150375010368	-0.975114467887447	-0.73687832645623	-0.0732313991463452	0.710400814761857	0.0556861260028098	-0.677358979664315	-1.1026342333756	-1.01724188511372	-0.204390786432496	-1.16316444639966	-0.537226473564068	-0.0266024750909019	0.124503398668249	0.0667595237253294	0.101554773405768	0.0188254758385864	-0.070181973169915	-0.19737749036165	-0.122147001911112	0.516687873635802	-0.594768079994977	-0.0351598984628574	0.694868936384301	0.698837009595673	0.78524326718082	0.112253326610372	0.986769822914689	0.862261562389854	1.1220518693382	1.31723552324477	0.934428793046148	1.35979892318476	0.302655832314538	0.539685971128294	-0.217589785087704	-0.0370697192479119	-0.417037027422817	-1.39227504044844	0.655130561108782	0.5940404745487	-0.0582522857843339	0.980758895189028	-0.452959333663934	-0.553847965451996	-0.405990885919435	-0.604049659932965	0.13282559330439	0.985842875208447	0.650061841330215	-1.81871621792349	-0.301508166074659	-0.869041067607663	-0.857950089362368	0.226878695083942	-0.160813751974963	-0.561223938070913	-1.2369151804249	-1.92456255319646	-1.63652909743801	0.426534979277503	-1.3041081704717	-1.67580214326532	0.625540926153205	0.17188883397755	-1.06956433645747	-1.73744463589669	-1.05961249279874
1.36282120530354	1.4677741015596	0.735654595932688	0.534902099426456	0.371977955737954	0.142462317811113	-0.729021683427588	-0.642200648413523	0.0823181812281386	0.481452900025362	0.372630562766776	0.581585286543394	0.940352595910767	0.939451370038803	0.750907767194548	1.38949507093087	0.254744808198406	1.91257410751123	-0.0418446755217263	-0.285319016811821	-1.17571904118481	-0.970613218466366	-2.66156740966811	1.10864346952646	0.568675947142244	-0.0410510106778303	-0.194497795690917	-0.176674237861039	1.07229571631319	1.05650594421757	-0.121473819968025	-1.26351848050712	-1.06704028674461	0.108960413125027	0.484066890542965	0.450938642438608	-0.686297669827651	-1.12936421696032	-1.80095386419352	-0.955538144415177	-0.737157834134698	-0.644434947835226	-0.63134657312978	-1.37597439246162	-0.908763618066243	-0.406590648235398	0.280798696908475	0.793780056182908	-0.0953838596805869	-0.300224663125351	-0.599005153310216	0.0658771011529944	0.288938100703426	-0.187142726897095	1.90226931376581	0.548087879209571	0.726480273860347	1.01190885540483	0.569189016350901	1.17022313765421	-0.0719474220253049	-1.2804995678009	-0.768073553701927	0.50545713029946	-0.455928998221941	0.150247309544425	0.467389885863625	0.820412310716807	-0.0567890949209106	1.04543558602693	0.671138408247057	1.57609384048882	1.86333873415747	-0.00341220356225683	0.0187291632981329	0.51307847724821	0.128175811088723	0.0974294484324871	-0.25448692019551	0.795665288217645	1.404897083273	0.289434226928223	-0.806829714296083	0.762998543666069	-0.578801692620909	-1.17271794875827	-0.845269936352771	1.3213305369035	1.11341234034146	-0.144718510426117
-1.51249805116026	-1.34083148831555	-0.369032571299477	0.515512141598146	0.270850370753935	1.5624801312672	1.06721230023159	1.03750830160292	0.4698824509132	0.0680251928311253	-0.879268916838343	-1.52857514023545	-1.63363250248568	0.461909120297248	0.894546308565732	0.176466793803013	-0.1710750283063	-1.42618496679788	-0.344072925858265	-1.23637601523339	-0.917381674214094	-0.151964690763294	-0.359365713080562	-1.25909754651674	-2.29532735771925	-2.94839056298972	0.4243841898379	1.00311687471827	0.263992742732585	1.2842856975628	0.499642753216713	-0.335510058617843	-0.663976969323252	-1.53221923318193	-0.619985131136078	-0.290008470300959	0.518432538128854	-0.115701007821464	-0.252334053061355	-1.1662712042749	-1.08660086005926	-0.998569931089952	-0.660123382366357	-1.07303147789321	-0.624934084349539	-0.170514727774624	0.294558472056883	0.626426690550176	1.39224490331453	1.5140157289862	1.46319150918254	1.00552796918996	1.36843554477329	1.12219911236145	-1.71376056533771	0.657190340253253	-0.799319051192193	-0.784200846356052	-0.0609406408871082	0.615971919398585	0.237280684603168	1.56752542405829	-0.0125866790104497	-0.0987149718918689	0.278604754664278	-0.761136000907069	-3.12404850617695	-1.92729307227533	-3.5031453713681	-2.77741989923217	-2.21728694655741	-2.87306713513385	0.48105704238051	-0.120207418716825	1.17983108784507	1.50632020795933	0.852203217366808	0.967394955443025	0.177139180265037	0.0464740051503018	-0.622817574179804	0.4962462682014	0.735589285874609	0.549380547971381	0.127329815321706	0.85930276651034	1.28013352541656	1.34355498372198	0.31539105456899	0.498388170411049
0.153812038827895	-0.667683921314193	-0.698701473081995	-0.196434491460674	-0.942715846474793	-0.597228940298685	0.0960228575971089	-0.178237355771143	-0.508748431404135	0.0639814740363871	-0.0432326468404149	-0.553904507481889	-0.0912220550896042	-0.123056013693302	0.440869530692248	0.225910177004205	-0.0557547584892208	-0.0448247827353241	-0.253034671781241	-0.305240389637186	-0.596862172757735	-0.945263357389343	0.0377130808751971	0.748839796741471	0.65041316524057	0.305232983283562	1.08125722206752	0.970593634839103	-0.108117340547472	-1.29069566999924	-1.09705668334824	-0.375452667743297	-0.127955300287381	-0.629184591474598	-1.23826184978127	-0.523983864629877	0.806268901929576	0.41956272045161	0.0540690673207555	-0.0925221133678511	0.475269122936733	0.671930869812166	0.86217916986601	1.46919585522802	1.31142734913734	1.45142111079584	2.2333903705691	2.31391360189745	2.47758852439416	1.76577084606773	1.27040266478905	0.791452655927803	0.751244265290952	0.672635588445824	1.40246886323622	2.86904158922819	1.56664985200578	1.29115608311042	1.5588037064349	1.19941424823937	0.901659511693224	1.13378796712047	-0.229610913205633	0.331199753668539	0.572097064575349	1.38724555840771	1.73276474871188	2.08482310250069	0.469168129517576	2.93228621155878	2.69469087648715	1.77348361537975	0.47002118428423	0.24605820878123	0.166023039160768	0.071888855824985	0.640805186206097	1.0276228697145	1.64225229829973	1.03450730098436	-0.344688567364392	0.26849757116142	1.50926459838316	0.00696491085283025	-0.195207372155898	1.56874286045692	1.51524189883063	1.68650949433357	0.585507026747596	1.15883164973415
-0.282549473161151	-1.19172056199428	-1.76140207764177	-1.26837089284313	-1.17125909487922	-0.372894834746213	1.59089547943295	0.762747163302955	1.47394378251023	0.71412552743445	1.30780491802758	0.371181416748223	0.839312703557114	1.3554417473744	0.0890686410647885	0.565983062451037	-0.185798138921802	-1.04398234876887	-2.3683822317433	-0.429019384226956	0.23827971596314	0.351551735187846	-1.01295647436455	0.221229192991053	0.83667104880523	-0.380420058510212	-0.07049365621418	-0.822345562860826	-1.32698579554078	-2.1253303691436	-1.78799762306725	-2.10044426317175	-1.47951007481518	-0.91259941107972	-0.398703444307552	-0.998723339936507	-1.10338156888363	-0.995641970669292	-0.0597585958485164	-0.377772219095831	-0.134133470200348	0.71228227868008	0.711488851936813	0.487190831721428	0.689118975684487	0.416858035471438	-0.341910233850034	-0.635028973771311	-0.382637152028659	-0.526952787069452	-0.730546442294108	-1.32293390483384	-1.11519751200208	-1.05397748340719	0.0510387138152493	1.12332817634748	-0.0282338128943043	-0.453573603632668	-0.0521908505153872	-0.380221225699891	0.011308696484012	0.80216644666369	-0.354031509485473	-0.342441643611297	-0.331250530122799	0.0514124998098244	0.393418773558306	0.855267923897641	0.188784522978203	0.939472925254054	0.769913651223975	1.3263926586559	1.6856960654204	-0.0732096658168017	-0.0782790051564896	-0.0155936279174255	-0.045025471703593	0.591287417688319	-0.375609951875126	1.0568753172005	1.18020570024934	0.223376679495944	-0.872156143812358	0.527354229005891	0.0166689848833259	-0.983669046884698	-1.09035488554678	0.339180743994142	1.0242259686111	-0.726466851991196
2.36410822622041	2.50717714471405	1.35976847422541	0.0852118366108772	-0.528376354447984	-0.171130023672605	0.038027592677639	0.818736921092663	0.868652432561656	1.09861387301974	1.5666600224575	0.350776902879033	0.81745857212598	0.9234014450681	0.206883498145251	0.880209103583042	2.0882643667164	3.02307187795611	-0.390131270961592	-1.86853490888322	-1.89686689661749	-0.375428065001836	0.584012866169414	1.57881430487169	1.08383732486018	-0.205595811882465	1.50539111189361	1.04365046016814	0.569731570697146	-0.706113688340749	-0.495170044719657	-0.0747780075133217	0.190212896898035	-0.317153988962868	-0.124488563513806	0.240050078943126	0.63539643924314	1.19215292858083	-0.707721475498715	-0.297698173178702	-0.85593716772314	-0.684623257399999	-1.50489276024322	-1.1734556211116	-1.70266709831919	-1.64361145678604	-1.30838121251228	-0.324693644978501	-0.474552283079434	-0.118481539515518	-1.24299860712387	-0.214129238395374	0.143457133904218	-0.476580492450413	1.07905328726965	0.483717362826144	0.883514473276032	1.20292734816393	0.743371166280322	0.813250542300774	0.802784969103917	0.167298099014408	0.184486960119418	0.353086632737923	0.163508732200814	0.464659806503994	0.728099508817199	0.0809900357545746	1.00671499507549	1.1889057131638	1.32242879410848	0.762197028716647	-0.558258796811283	-1.60936001618263	-2.0690780969205	-0.917575172421274	-0.668960280564416	-0.389609663107885	-1.09386980789402	-1.25334657819978	-0.126806464720759	-0.627476696937862	-1.06976006709146	-1.46761637963845	-1.08952213408546	-1.37096862982574	-0.011329345670189	-0.430506207338592	-1.1885624254331	0.00423751282636399
-1.22479227801502	-0.891887675025548	-1.28666173629446	0.733845605288746	0.785700176002472	1.73724795765272	2.24648242899543	-0.922125756745516	0.882568932533082	-0.0874580382137738	1.67758015298196	1.78010745500068	1.33844883081082	0.542545140978494	1.01214996915347	0.00747749321359086	-2.05403733044297	-0.81404655243246	0.0834357186545149	0.770877836425621	-0.127999505237096	0.591654193993615	0.236061696971811	0.764869917284238	0.713084948473404	0.423643006469953	-1.48505670326682	-0.847625256891227	-1.26706596524792	-0.607391374155086	-0.113152930545303	1.15057877276186	0.806391241255067	0.217640839437526	0.508844593875348	0.387103597582551	1.91261128907909	1.6292897401516	1.87874092621913	1.27958250559294	1.0457936640089	-0.0138769940895757	0.507204112641101	0.254809986445401	0.380785550173297	-0.117785393312015	0.0272585399570106	-0.164939947405138	0.171422598645763	0.651520572628918	1.78607992043134	1.85162148855232	1.45405154747065	1.22748890850829	0.623052485892652	0.920163648762039	1.75452908954573	1.86313916667703	1.22268614045789	1.83125106307098	1.07125091846172	0.867110276588739	0.446286348100577	0.264938817281203	-1.14823097464846	-0.741050708269855	-1.44601148829778	-0.307767698160971	-1.17712922612446	-0.249905620745154	-0.876336453315326	-1.60770828157806	0.929545993654559	0.00119264949268223	-0.167468578338193	0.737252180882587	0.613987499878583	1.56878593425007	1.35446825589057	-0.0899985890613656	1.10784540606198	-0.090230154635161	0.799274357161936	-1.08833778379926	0.236974940329511	0.291314156554982	1.20547895168181	0.803142562408642	-0.434177692572675	1.00798103088395
1.10124504312854	0.417232744281489	0.390996786862155	-0.368101554104371	0.762049177145133	2.11665426122641	1.47019738556463	1.28808450788288	1.3498683914474	1.08665724428784	-0.75742636682262	-0.762614310359027	-0.37865907619119	1.97565281693229	0.923406557025572	1.94571750594997	3.60332460046282	1.68246799964561	-0.1498756340478	0.0154121789893635	-0.498564422203162	-2.24467494952997	-1.87694763002993	1.59482897416427	1.09655881493456	0.826001886272347	0.827474020836411	1.11738569341521	0.545209114678132	0.267758343500083	-0.897405589824867	-1.23839568462875	0.137847882567133	0.0312295497126843	-1.52591979264233	-1.21869417357174	1.3701033561577	1.30956966950156	1.38808537956978	1.32600591471071	1.65362411594367	1.12169615272765	1.53614081529454	0.665086212516911	0.922358948655989	0.702250417919318	0.881929756310725	0.670142587747703	0.570022427971106	0.291533996025941	0.789525644927645	0.858858484829844	1.33849406937125	1.22270405665793	1.91165927120715	1.61179397806986	0.920348196222347	0.758941165539367	-0.31937586389812	-0.726329926514716	-2.30555970328627	-0.776753825834819	-0.844047471679721	-0.382216568044082	-0.867567790809773	-0.505410249789734	-0.866126728896238	-1.12865010578828	-1.67558102207748	0.00707514163147938	0.640728720541339	0.659271585855329	-0.510607071965215	-0.874281229362595	-0.450989302467873	0.228228041888168	-1.0788216304479	-0.595308957667959	-1.35643327797694	-0.551211559802285	-1.43245644706809	0.0351063351857839	-1.48476621925656	-0.516947437591052	-1.58050499344359	0.18332696782002	-1.93157270841692	-0.415205577774547	-0.757505134997172	-1.97996714419472
0.343102992321339	0.82968844672783	0.548244409743357	0.446278219249652	-0.514262299248449	0.228169677220988	0.403200202690701	0.252986249640022	-0.164313582253034	0.219654760233793	-0.999361287217689	-1.38053686973425	0.0352843640735289	1.05406797790125	0.182052903814253	0.45252358116102	0.920655654771898	0.232280737785411	0.54890083551878	0.262579565453692	-1.31045042503513	-2.05846500803825	-2.092522218688	-0.342595186539649	-0.0372160592876139	0.219599812466108	0.445526479744898	0.132900448112027	1.44590205734599	0.87012691436033	0.629885657992625	-1.24617088167269	-0.439983905102867	-1.57991206602886	-1.06009240550646	-1.2983455222173	0.932235517738073	0.295017707591873	0.364066813911399	0.315024521450293	-0.144331632097065	-0.458877793563459	0.0464363795182825	-0.804493095963136	-1.75210395789583	-1.76659742185732	-1.10199295380494	-1.29927187467829	-0.849703498212804	-0.716739304630406	-0.498641857924989	0.0807203067714946	-0.0526863988032259	-0.0207571571396212	-0.551171657474708	1.20195003646913	-0.447142848323897	-0.71589019450832	-1.06763512717992	-0.84143056768273	-0.485975026777708	1.38868853322666	0.90172180823379	1.05683456601927	1.47204079027044	1.64294815638694	1.07288176610527	-0.04531026381674	1.04586032516309	0.62075869366643	0.755057014667495	0.879753799121012	-0.444720428738156	-0.298316125106337	-0.164002394201564	-0.184550797884824	0.753487098114788	0.393920722654016	-0.723046728870996	-0.116492056724537	-0.430701461913151	-0.145545231752642	-1.13213291456864	0.734203914842597	-0.19757466846364	0.64843186606343	-0.581002388076252	-0.285683719047333	-1.20744117800589	-1.31861465143482
-0.113244324017959	-0.688990655151382	-2.06862549266308	-1.77461974970512	-1.69112818596776	-0.963267908248887	1.7523687592448	0.604533418788008	1.70259450548383	0.988984656634899	2.68165065559583	1.03711427726602	1.20864576340209	1.61211053270285	1.18740335894843	1.31294547489192	-1.09909854214773	1.01280527561973	-0.935250890427257	-1.07093483141274	-0.406347871477396	1.2193687939526	1.93043531384715	-1.09742916996856	-1.94783737816101	-2.23912331051141	-0.508890055691554	0.347074805365112	1.09569803654906	0.254055819819176	0.148642653437297	1.24028364224134	1.33751865232359	0.19635721523837	-0.68566660386308	-0.875613490875753	-0.433136329660527	-0.773702910307377	-0.49429333528973	-0.67688056513078	-0.688401798936324	-0.733760714409667	-0.19157684752739	-0.787985524915349	-0.301528586397699	-1.0256420209002	-0.817929027867464	-1.00397330060859	-1.09881915373314	-0.731607501182291	-0.602805393243759	-0.739332963657744	-0.64414631043242	-0.877632723531739	0.490844533307208	0.0924774431018072	-1.50158096033	-1.32019401235474	-1.58605129033634	-0.963083605660926	-1.73350074714588	-0.942303843925483	-0.214480493257542	0.652372269914489	0.518687367891726	1.03171926011249	0.750921314325975	1.45637615467141	-0.169096666255895	1.38096474444511	1.05833592612254	1.10774549035448	-1.0299041034245	-1.06849799002438	-0.589497585310247	-0.965715860324664	-0.664746371609342	-1.52222546528412	-0.560864861018166	-2.03114791103434	-1.2159176129797	-0.639048932287737	-0.311357146607051	-0.962333674871759	-0.422809980290753	-0.201569231429755	-0.489717805304831	-1.68698531911436	-0.828082414408375	-1.11257494066773
0.675834852765268	0.810229230913589	0.937251474639708	0.920086743613362	0.632482502336691	0.907716661617955	0.177010603364497	1.25303605104101	2.7302009775386	2.48783118402025	2.31211257478455	1.03901884997523	0.988725993349004	1.20391024596603	0.594685252392028	-0.607417736544907	0.0217069454158919	0.0608860043207875	-2.33277217096363	-1.81576009107371	-0.949957118351888	0.757887408719425	0.805383840698902	1.37065306995343	0.850803394857912	-0.521343917874687	0.039680718002944	-0.403647714090266	-1.68728089334823	-1.28655010267754	-1.04238439995847	0.420171944414799	-0.133867840172324	-0.640881257789203	-0.915893384822366	-2.1509544618847	0.0493455372395357	-0.228589228387164	0.404823554412337	0.544800976606192	0.592193371226462	1.2131327232022	2.31304954477612	1.94309484502562	1.28758038605247	1.42994412403063	1.54728437112847	1.13167726254317	0.857145766249668	0.865792331845432	0.491566749676491	-0.409234866392484	-0.448635551890559	0.0715706852560588	-0.120021059344036	0.421605042902856	0.259520627838402	0.0979059872238962	0.277226437647212	0.481285538645501	0.321903211707745	1.08646230759133	0.00431123403720176	0.457284991604824	0.223240404919172	-0.0593683609900582	-0.912990083087579	-0.111245096157774	-0.531183035546098	-0.171398995035172	-0.641081126241838	-0.980301337762523	0.184996405095292	-0.0208738163976183	0.0815363600161429	0.0582274984685229	1.04090619498996	-0.628516572878618	-0.742968126946621	0.80363257625102	1.10955675219706	1.14998682323782	0.00218543334977911	0.120820285131826	1.31614568419321	0.195825445107211	0.265037317477885	0.371894754429403	0.0764026003463415	-0.201886177545037
-0.236666157114357	0.144789954746092	-0.129560713659329	-0.540598449861164	-0.372999762432473	-0.802332621409468	-1.53855113830589	-1.50713988197128	-1.1990386115396	-0.167049449689871	-1.42126046631451	-0.958833266519394	-0.403434843846593	-1.26794790048402	-1.5541766612324	-0.521199805285384	-0.789023778030723	-0.482482213867393	0.40474728836766	0.868779260832016	0.488988423642865	-0.0270782331438818	-0.402891046336628	-1.62498718862637	-0.707400824701429	0.0194368851109809	0.974312961372577	1.84281975453039	2.21194215264224	2.51939068997214	1.06194449892555	0.263284164284179	0.981351518577355	0.948696320499701	0.969131952077443	-0.22425134622476	-0.171854173039772	-0.208758782529354	0.36953423034186	0.067318328235155	0.817451708042976	0.196680714330318	0.363306201337251	0.113005392404886	-0.397536417378648	0.402365776563834	-0.0649196263983546	-0.148196708190551	0.0700532377408047	-0.643221007588575	0.498293691084688	0.155541176813385	0.118636745248219	0.943677578859568	0.643551886550234	-1.13049888578532	-1.93387211648288	-1.45438170117999	-1.60982743512487	-3.29659415792597	-2.0665483421074	-1.47415579323007	-1.38707294829657	-1.4923965100732	0.5256524109289	-2.30011535601082	-1.72205370172179	-2.09670660148598	-1.26048177185869	-2.02291664117853	0.490464718285853	-0.432493705359212	0.175187765797244	0.922688822834876	0.498059837866131	0.324528600610921	0.315349581856382	-0.407956257195795	-0.741110022273029	0.765037111522285	0.555264467213025	-0.448764847471513	-0.308258500213565	0.195537576726714	-0.402902786381795	-0.781570099658467	-0.20249965702949	0.474729460279635	0.238574720262686	-0.447530319883536
0.685063550257327	0.103211949702761	1.18170651490491	1.51757826064363	-0.0091224663596229	-0.224854350662799	-0.127127768893756	0.918309976391252	-0.301560552394359	0.370655539479094	-1.74919718992582	-2.21865301078384	-2.19735252584454	-0.549480927314891	0.52712489093572	-0.490192494207349	1.05898772197919	0.545864429594854	0.0867630559048027	-0.626477017606024	0.347980409804808	0.521492339978737	0.600432557881891	-0.571408528480585	-0.740423545815978	-0.395893051482445	0.0687883334076966	-0.920789567977514	-0.922525271256438	-0.897334772583803	0.149833586340115	0.562415757160404	0.745237962193633	0.198998506724355	0.920496890309144	-0.771578504404779	1.03612165949886	1.21609200351793	1.08527929005143	0.428327786693269	0.335013693366338	0.651423234488183	0.869265383232512	1.28876776530364	1.70677572717526	1.82296500364337	1.83267537770792	1.8377561550122	2.00289286461213	2.52373626658298	2.02222722496713	1.99492785852879	1.50630378940733	1.08581931459784	-0.645925805479247	0.25776835728278	-0.775922456482061	-0.235128059444214	-0.699953802407276	-0.209891150972225	-0.0822437164027896	-0.447792863692739	-0.184770203319591	0.369598617491247	-0.0159128268977467	0.799907161131375	0.698558551395835	0.22417428718019	0.170167433182806	1.03045613299899	0.883937485921629	0.573749733196469	0.228871598371351	-1.00878487491144	-0.121917533581971	-0.545965357889253	-0.625594455821407	-0.187734800102182	-0.718122518170896	-0.124515154692782	-1.3548909471419	-1.22687462520169	-0.631301108504295	0.137646204121353	-1.37376444594596	-0.851809258751522	-1.20084128733703	-0.00359527662974783	-0.883432110723658	-1.24136929623117
1.20271233893645	0.955276585741112	0.801441270817532	0.74403069886559	-0.460531201155205	0.479429973615053	-0.239911051052628	-0.274456049850691	0.121914305933978	-0.00407884132155338	-1.08517914874241	-1.13494246539404	-0.709263623048104	0.218789648863095	-0.0202800498101063	-0.00308783858724329	-0.247719552031035	0.731934349210349	0.497447876910006	1.02885889695267	0.315030759816064	0.574020316042053	1.76628855583464	1.36808952560593	1.89263760732555	2.0214710073635	-0.917115114469276	-1.26494963184683	-1.47907175247831	-0.0312623527109107	1.76002109246781	2.14052657930874	1.08570568780213	0.192977414890333	0.0308848282499074	0.315648285009146	-0.530311984397656	0.409573707419865	0.0805893988395169	-0.236275603417184	-0.658093532884528	-1.23179640712311	-0.616107345115718	-0.434693057436163	0.00067028495052885	0.299726768924651	-0.403956665739243	-0.317301983539244	-0.325789230633998	0.488517486160595	0.760431540232936	0.764035253861643	0.210280822438667	-0.0390359841700986	0.905737931454524	-0.491362597117489	-2.01760561848327	-1.05464761774234	-0.533768849143171	-1.84345403582911	-2.36627710033401	-1.59505966467954	-1.36052098829615	0.0960358892711138	-0.303972175770574	-1.07827137704838	-1.03801580377156	-0.288934509872043	-0.999527920897696	-1.16027316725325	-0.73605331010495	0.370102108301935	-0.145312268729993	-0.387542306642565	-1.44593506467047	-0.525046593601361	-1.46060102468209	-1.00296415105062	-0.370324116962395	-0.869940136225599	-0.774326479180164	-0.808703075755418	-1.0095262570908	-1.12992235025403	-2.29256412775071	-0.497349572331821	-1.32537230189513	0.121665852931385	0.151799536109314	-0.340986174749706
0.380891082613738	0.436209828561385	0.670539841573053	-0.612231611160762	0.322600718974247	0.745334520257336	0.970008896360683	1.30715138095126	1.01897705097544	0.783746810405958	1.42667992272575	0.47707632580544	0.20735382893619	0.585264379140373	0.960417862198122	0.631610586245393	1.11931812459897	1.58384637791132	0.762576985980152	0.298132440514415	0.595144882497204	1.04321868104933	0.337462591389366	1.76674705400559	1.49906130525085	0.890345124141979	-0.553532372973687	-1.13877880870356	-0.0728909624675006	0.186667394437219	-0.0388542767099435	-0.306315984018357	-0.707979559955248	0.755896125399651	0.794566246660161	0.935198471635723	0.758455704758398	1.04828237281348	1.62014519629419	0.893590204290523	0.985727770279868	0.754863983374351	0.604065011626906	-0.470316534627941	-0.524486270397556	-0.808292010525634	-1.60141081511846	-1.81249908568328	-1.12488069828458	-1.13321706953934	-0.464741202442981	-0.456479623250282	0.390350711645962	0.720106758435726	-0.834597929852887	-0.972344750798441	-0.991137591390059	-1.27499659911096	-1.83068586613262	-1.91513557175807	-0.937974319743531	-1.75599728228684	-1.84042451255749	-0.932018845211825	-1.1234826143196	-0.428930639291805	0.362636679105334	0.233527461963175	0.613102001632787	0.714969227697328	-0.065977472595721	0.051217101365376	-0.567385191166199	0.0276516694171034	-0.232574019369189	0.299755132278642	0.530194593476573	0.0225196698916774	1.53527436182485	-0.262823724468649	0.452645477417417	0.954394186963655	1.57213678372326	-0.314872315856166	-0.463205992649031	0.815966655460397	0.449346220415139	0.917447764542945	0.0532541787291952	1.61843156922071
0.191747740851995	0.397109668396031	0.802601921766248	0.951271441300901	0.630376163009052	-0.17863542192313	-0.94158146612434	-1.75154421279141	-1.72161855162264	-2.09182188758152	-0.524037819579474	0.997010183546883	0.278915425852295	-1.96114451168661	-1.83012436203498	-1.96374756949985	-2.23395596523151	-1.47462636028273	1.60005187521732	1.05905226326848	1.26344576944553	-0.030523601615513	0.103518622372676	-0.197961809352564	0.100886135048313	0.806072175140106	0.569292372758418	1.05293390400311	1.80882210638902	0.139588757203605	-0.083807283372456	-0.713025999189833	0.776094919183284	0.0768055680435928	1.17040507097889	0.893228919490282	0.978301216640859	1.19550919567851	1.05062022613699	1.06250810832137	1.31468645830376	1.8732522703872	1.43770027187833	1.42014735050249	0.970724627375838	0.349772600277677	-0.0254940005528814	0.253890054311412	0.333498891079377	-0.0907819723689472	-0.45044818188927	-0.294112697984992	-0.109855991402318	0.205231290724275	1.62995727211065	0.585259170677827	1.24635289619846	1.64151630661194	0.173120488211292	0.166294212347393	1.03944151622327	-0.868129868044802	-0.0830660773698763	0.247622571841625	0.236914315804409	0.730631155289653	0.96042955964503	1.21712120593808	0.960939656608126	1.30804221497571	1.50239909778418	0.947373015462627	0.82265641756335	0.733593559040099	0.366545959563753	1.19814797139641	-0.419834274221808	-0.146739354053032	0.513293566111653	0.173932054769732	1.30129978764863	0.697164270411058	0.588194404064469	0.246991365225298	0.0295751259655068	-0.0614599522825441	0.357307651558023	0.918252110080622	1.22791627613153	0.368773764773258
-1.19611244559398	-0.766029090842047	-0.0293957650550487	-0.232184334933597	-0.972682786611914	-0.0981175270624783	-0.222736063389308	-0.624807975292708	1.77981268922436	0.472936951190343	1.22474587898586	2.29493861695904	0.505290455220483	0.527743550761311	-0.307073147880877	-1.47434600560474	-1.01258836868048	-0.0742417097569431	1.56298378745033	1.6193064833508	0.843185241617736	0.938723810155116	0.164939136800347	0.961801033599629	1.40885878481068	1.48066805588028	0.540103996783402	0.0496677061089855	-0.325941054340857	-0.50627294014225	-0.405924545466541	-0.205843207215556	-0.507344947399688	1.53952403579953	2.65955496776974	2.85708902583772	-0.334282098057989	-0.809410822952833	-0.957493374770645	-0.9464597351905	-0.447579966533308	-0.571543200936714	-0.278703105181339	-0.603827525202605	0.117071562378466	0.310562100059396	0.930996727080823	1.0118901083685	0.762913238367212	0.467111574603031	0.479899116188319	1.10893404911896	0.57122532250802	0.276014112702907	-1.22811866349228	-0.971033075688887	-1.8429600311331	-1.16902561291918	-1.31485362276842	-0.160654857267368	0.0443537341280909	-0.355729176588565	0.637790817481533	1.42259470718004	0.945713763321662	1.76742803897811	0.899138325244558	2.0333520639655	0.714867658997674	-0.135084627628684	-0.825544101822635	0.766030382229355	-1.35119824030997	-1.1637575283393	-0.645293948485103	-1.39848252342558	-0.555104466161505	-0.714124146002099	-0.31447285397426	-0.591910260037788	-0.518730667440589	-1.69747226202125	-0.6495001597354	-1.15288037444504	-0.92141714357656	-1.53452593549137	-0.659373566831388	0.204444971903116	-0.972737485137385	0.971873532068019
0.722274690528002	0.871422350922164	0.9160136046895	0.452656084232551	1.38566664495253	1.81826475450436	0.0513994476711073	-0.590376265035707	1.04443966780438	0.651707789447021	1.19236931558531	2.15324061153155	1.90074481773259	0.308113698230907	-0.129009756609174	-0.502732419205722	-0.58419369917336	-0.404603880462717	-1.10727123624841	-1.91540682903101	-2.50718745083312	-1.25881516937398	0.929313152824648	1.41596556412575	1.36683802637251	-0.234429672072178	-0.65942598340736	-0.90532412283435	-0.634625334440112	-0.89488268411498	0.374679369896019	-0.0211813268580821	0.346441845388642	-0.379459354546066	-0.198111334537537	0.0932490262983812	-1.71561035553204	-1.11973378425241	-0.580981074123844	-0.804923520090086	-0.777451898036658	-0.967248289333334	-1.48981439789966	0.916641662941901	0.51080976998845	0.978850348696277	0.288516024040582	-0.112689541748672	0.445216391389469	0.131257709111673	0.419686750749214	-0.63876048148715	-1.56670065581237	-1.43468645395413	-0.658694188228911	-0.365932530619026	-0.285076846486917	-0.623361764438767	-0.010625603962596	0.395055310473272	0.181477522625695	0.0524954423627845	0.0906501079034528	-0.451059954070911	-0.422317488613295	-0.960574333769074	-1.03396826211747	-0.691742342790059	-1.34242166516465	-0.267934400919408	-0.529253524060064	-1.15512074739211	0.479697749916438	0.71054341014984	0.734544870666801	1.09632195609969	-0.403393351342691	1.53102488678521	1.41031732469968	0.0703364412320176	-0.0133862315177882	0.0481089467558034	0.977270642259222	0.665418061748395	0.350032351763524	1.08318701476338	1.01457254227553	0.696809594997192	1.0270347401992	0.906235780392139
-0.808854382801218	-1.56477761065949	-1.11146121455363	-0.168324096088649	1.08304678542887	1.037740259902	0.77879709846793	-1.24483283346945	-1.33348039549928	-0.488660969327871	-0.327202067107249	0.522067149441918	1.36534850759575	2.19166615299798	1.9990204095414	1.6166560209661	0.512242192538304	-0.15446451315694	-1.39469067484547	-0.0545211563278527	1.33244886648588	1.52382565679465	0.31803685013035	-1.82383111205877	-1.39192083941599	-1.02432750493036	-0.523628853382364	-1.50025855281263	-1.36075732278186	-1.23706699611769	0.00410971357481447	0.40421008319055	1.22045699470436	0.993244818910657	0.286358803257494	-1.35217492550393	1.35225916648778	0.920581752742114	0.764216530451771	0.234358539268926	-0.158393827622791	0.486424989783003	1.08537555470949	0.661498734971278	0.379031872905697	-0.444081833842967	-0.039681597715279	0.106889352197442	0.297356800371516	1.06215329358732	0.36106444004391	0.101712308617933	0.209459615329039	0.555710894921737	-1.2492648403411	-1.35404417021789	-0.498795006452246	-1.30108689233681	-1.15121564166727	-0.141299246998524	0.136310450041844	-0.461157098727685	0.216681113044577	-0.697089742651827	-0.637692229908709	0.36752565961048	1.51725246760215	0.375431608956637	1.39748279375787	0.486119161027714	-0.36576880058867	-0.602857456321287	0.0349557009721759	-0.113207645197546	-0.393507689187167	0.0703421003495804	-1.61176766220118	-0.0665470871909274	0.432069836512635	0.70320634118975	-0.609257650889375	0.0906505922604812	-0.289428897034112	0.369177625252666	-0.716309206801965	0.203416901717269	-0.875787489394362	0.347015131116869	0.468044980002055	-0.641276123679223
-0.110071665686943	-0.174009719813832	1.0892395526209	0.696665997657294	0.328534658227171	0.916551067770556	0.23751377016332	-0.328737600027133	-0.785332876851607	-1.41856236080509	-1.68359586671452	0.171496616226954	-0.485832609075735	0.600130474872744	0.326749959922757	0.356704114161032	-0.362067912782793	-0.853205326935603	-0.701845085803782	-0.664497938115322	-1.11211526763903	-0.174314149984805	0.343824883929558	-0.386105656913083	-0.162285610446327	-0.648490628028923	-2.17986712505762	-1.81501913330314	0.436743016938037	1.06038452242474	1.24233198988943	0.787399108984754	-0.199446874864246	-0.312944157695755	-1.18559287425678	-0.197218929239013	0.744711157662784	0.435428757839777	0.628308595227178	0.0761287420938358	0.192645484934113	0.0899858855795105	-0.195178958504219	0.150212145848842	0.459263224519943	0.136258777402698	0.265005783082149	0.239652230730763	0.542358280585395	0.670635525662728	0.911839891452339	0.525588011397273	0.693869789515974	0.57340504550399	0.391100618092865	0.48433312170155	1.19089057067324	-0.152910093605588	-0.0839662749377836	0.0652516710131292	0.472578837620687	0.637063920686872	-0.511923023088266	-0.805511997388279	0.485021630413585	0.0429371417548693	-0.0353763746364902	-1.32992186583466	-0.165440053469346	-0.189270055039286	0.0507179894229489	-0.597388435969146	-0.323779066561465	-0.013838491166767	0.308371571027155	0.0991056036004464	0.0437421904109668	-0.478177985952073	-0.660213836390919	0.277782910310131	-0.0376870780438415	0.429794581673741	-0.229757434282137	-0.0305046367143359	1.072266088505	0.0288349438071505	0.191272933355325	-0.306705969398839	-0.161151998569436	0.278602254257698
0.315055762913816	-0.527059218581267	0.227301179513345	0.56386689388705	0.198029297129131	0.994043676315751	1.74346964868509	0.503360293136534	1.01168900239187	0.176988579880099	-0.0808905640426616	-0.660168362322763	-0.306334545984941	0.966848522428965	-0.223276933331939	-0.92137090999151	0.328240207055857	-0.829071094179343	-0.351072260400973	0.786231855740573	0.0338564725057915	-1.06443822116839	-1.55627299045485	-1.7286991885556	-0.609977520778194	-0.0344641851715439	0.209258830306192	0.109337835233336	-0.764293688571499	-0.381698983955268	-1.09471591743931	-0.960508437249846	-1.97697613999514	-0.928883700535113	-1.30788582206363	-0.537537402100572	0.509253144657513	1.09718175369945	0.769258551684271	0.245761968810942	0.412644268893301	0.651199436945261	0.39025390477954	0.658738342502699	0.593555481136747	1.29546672102327	1.18796597719976	1.07331044173589	1.60588125265114	1.37951606529258	0.718247683663319	0.852615501480184	1.10452921808928	0.67533878053481	0.966230636169718	-0.0479305661286533	1.61192512608797	0.727857849312541	-0.34442126226478	0.0884653766652271	0.166793266756091	-0.223294986016288	-0.646551484470756	-0.848996112696953	0.0363687710537355	-0.357179127226346	-0.790855576702916	-0.208951199426933	0.0744906412297098	-0.889754347880241	-0.554649914898974	-1.54443085210413	-0.541476153840146	-0.845593022830331	-0.912639671070505	0.158614161765218	0.498175141399556	0.417199458619424	-0.479147538311034	-0.696646696229589	-0.396539283642333	-0.105931589479695	-0.335533702845611	-0.696019238608991	-0.800849833737748	0.0732627109272409	0.827327758647409	0.705409127390759	-0.438610383302572	0.921171393551093
1.00222663041531	0.719583018440471	1.24865496781602	0.677616435073728	0.937213841464448	0.0748556195072191	-0.540410699561392	0.678492218768856	0.205654426753333	0.624069003401851	-0.629585037569276	-0.554325569224737	-0.251864609863622	-1.15626694891337	0.21218325380021	0.297280404509656	0.196800856585066	-0.873355763809649	0.624126792040121	-0.864655463967688	0.111240316820345	0.419643625446924	-0.495771446022141	-0.142540229710198	-0.724629629965134	-0.936765116991116	0.231848959463353	0.200168759764287	0.021836523100552	0.617380483645019	-0.621239843563839	-0.591133575954534	-1.49475225799829	-0.00828224855175373	0.479141703858864	1.37533303643828	2.18898982882836	1.83493374343053	2.25111088732927	1.10919816801427	0.980015669751585	0.695069877367852	0.601971267456338	-0.151016414596759	0.0473288432963132	-0.421438865362291	-0.604132744210817	-0.600910809079625	0.454532427175181	0.687909816903566	1.37901124485501	1.89302380583152	1.81510862539922	2.12587833740715	-0.534448365279682	0.146597196355726	-0.959405011595564	-0.463908136602248	-0.794118020372321	-1.08946962079172	0.262010301139561	-0.261718540406208	-0.298912569514651	-0.752000899508337	0.10641394818212	-0.18219089127415	-0.934577095548895	-0.55170770799028	-1.14068079460079	0.0188724386493669	0.809085760938996	-1.07556569652027	-0.400073337186386	-1.55201562903731	-0.492700012207228	-1.40974958407404	-1.03268064128085	-1.00054817764161	-0.857550067127633	-1.26180363816817	-0.845810369798712	-0.621211904207635	-1.15620175434213	-0.486159277419768	-0.899686636447478	-1.72004069310905	-1.61962103904759	-1.55834938881526	-1.27627139082213	-1.38156436220282
1.07402399065339	1.16729569304217	2.11980711630192	1.46583975956881	1.35462887179567	0.691914314320327	-0.753586847972543	0.485062890274133	0.138193723343372	1.26424596325433	-0.391004621182725	0.0266096879405167	0.885352399521957	0.745029405629184	0.812194815795398	0.622239864413201	1.82120180029204	0.801561209572501	-0.920439757537414	-1.99475507141819	-0.376156423673551	-0.442885170902266	-0.326856898674082	-1.15319290338006	-1.51812628800418	-2.30622771046116	0.842324001478151	0.926097697324355	0.87425902222019	-0.335174638870474	-0.484775743615449	-1.47650588130443	-0.25200320725118	-0.332318392644249	0.930951030891091	0.357849876739047	-0.697956883546409	-0.949226263901884	-1.01331208012341	-1.2105814409355	-1.37336257945251	-0.654843914365766	0.165271367230831	-0.582926072653364	-0.490400189245916	0.27837761847574	0.54078053585995	0.661659731838269	0.826304508267386	1.07212273299201	0.293479149527097	0.0986187822226255	0.174274521217756	0.212096214051782	-0.911863557548574	-0.331550680956972	-0.582500156458323	-0.571619165049965	-0.00440955240410703	0.831119409578517	0.381837069461728	0.832927174260383	0.602001214325648	1.23636750059748	0.804980401714107	0.85369861588188	0.612646552830221	0.902520079699256	0.572555427524847	-0.068472009203099	-0.889255723279325	0.165606457754854	-0.154066431647954	0.0888283610674965	0.756177660148161	-0.0877267926087871	-0.263548685667426	0.380439104398967	0.0194446058504479	0.538303405219274	-1.26259220085628	-0.512645147781555	-0.263934669449251	0.0784948413419606	-0.0720766153549123	0.240836880773905	-0.195044982777587	-0.302315362861083	-0.765204896467625	-0.739666330897279
-0.932774097822352	-1.46634947200939	-1.47961072561887	-1.85725153970735	-1.03547197193786	-1.20280056222268	-0.648834017982593	-0.421130035097438	-0.915840413466059	-0.867332650544555	0.277768050205938	0.294980766341714	0.576133112328686	0.552253674491214	0.457978789635801	0.368911992437823	0.31070883958396	-0.258055754390723	-1.06413091968007	-0.290973234554319	-0.674818232982524	-0.440056870694057	1.31772573139819	-0.719034769842797	-0.499001403406738	-0.361980898674325	1.25049303972826	1.95055757224337	1.6413299459492	0.84038458673658	1.40774600604223	0.325849346794862	1.0437294475248	-0.447292938515738	-0.538868872233107	-0.0611783209196863	-0.655110247395812	-0.0568611437138805	0.110693809150701	-0.356178750317174	-0.0878979248532318	0.713073884878597	0.196103748747231	1.82686475675479	1.94345444926505	1.45457190504603	1.27070102894345	0.745223630061716	1.34523823667507	0.924972516306215	-0.191822442531983	-0.311059675686898	-0.980712958288569	-1.28624523063231	-1.73690881404281	0.408323551095084	0.997526410826211	0.640212177400859	0.7402497660749	0.520627423268344	0.906493971920055	1.52582284312948	0.784719963231766	0.449406827503342	0.603264416355166	0.691299721565229	-0.174076520823551	-0.946233460648837	-0.178939090349902	-1.62603600000118	-1.64161765715369	-0.525397536322486	-0.341680319266484	-1.20950664592007	-0.680421608059042	-0.962516138818233	-0.510147786227266	0.561575268585003	-0.0689597676243756	1.34084414389853	-0.301459169246243	0.466437313683395	-0.82520011828147	0.00480850544221286	0.0364148853155267	-0.115734062535826	-0.633032210462608	0.427704730872913	-0.597211666825508	-0.44156265126763
0.184252768201392	-0.0263288252653692	-0.0395980671039978	-0.0713454834240742	0.658277744392521	-0.0484662799810753	-0.434924395015501	-0.513683204408679	-0.154235147541543	-0.904620279624901	1.33969169160138	1.94127896680039	0.95119212313472	0.370789545177641	0.771924502796627	-0.321541420204255	-0.188640899205174	0.197542363664766	-0.508696672976407	-0.725567641021267	-0.227851316766255	0.0918343563751093	-0.523368936379241	0.732278839814183	0.400070730742843	0.484759637848319	0.644650905802658	1.69681674828919	1.38017455221185	0.390667040747641	-1.86434158613797	-1.01046857656814	-0.379714625430698	0.6474337819783	1.10409326526458	-0.356525560668729	-0.115318643352283	0.534071570314087	0.1907608303853	0.893476013366082	0.603834013494522	0.441804652184521	0.205834933619126	0.227468276883512	0.109132287802104	0.191333837953516	-0.270244622524718	-0.121367995015397	-1.15237437853504	-0.571386206073606	-0.544481196703313	0.0641478297823344	-0.144211505793811	-0.454645730785693	1.51222608141831	0.388597609849769	1.39621131324967	2.76824958826012	1.9842470370915	0.941908707211368	1.81692064512872	-0.777497674112314	0.594571192386486	0.66489591306231	0.410350835434948	0.12824929424069	-0.00741588176015068	0.536896115691255	0.658082069947491	-0.0771477709864445	0.586440697283478	0.371519378710282	1.35167040018818	0.697738066372061	0.885330821494248	0.600610713808766	-0.351627789811446	0.81475163452425	1.87485688951432	0.405773911439895	1.14511392395328	1.32061778553836	1.53347467631591	0.966656297541332	1.42660574395887	0.531447785112479	0.265135139754809	-0.257374967129774	1.02424493846462	0.619860133385282
-0.888350967354656	0.396455840249876	0.362454262392248	0.492854545451756	0.19715398899952	-0.198803228354082	-0.554193370497522	-2.53040904290339	-1.61486574614256	-2.09721363756771	0.164501625668466	0.554026189968591	-0.653523854086895	-1.11082573191322	-1.94066705317322	-2.03324414139776	-2.6441197016423	-0.654258389402652	-0.376206388200711	-0.243559506186346	0.441098816175943	1.19126635162846	1.17645095339088	-0.339374640619316	-0.312855164713178	-0.56375979600989	1.55620285752989	0.947682698168127	-0.170021134441772	-0.801810082677422	-0.39467934486716	-0.0174683780340274	-0.41001780304436	-0.435921670894857	-0.088614438764505	-0.161879918517076	-1.63168112413237	-1.08843120987228	-0.527202744167553	-0.802620039522314	-0.225862247692014	-0.103423869146574	-0.235058009721227	0.702116686126459	0.637002633134695	0.880752804386047	0.184058016821828	-0.187625841249458	0.165973424177663	-0.480486689451112	-0.394528020981894	-1.17692527762702	-1.37413076674816	-1.37729979624065	0.889773316482822	0.0696210760201845	0.965003612112712	0.298803548969107	0.304162287919236	-0.199893593041861	-0.398620702358512	-0.408652838631755	-1.39323238879844	-1.30456572800581	-0.31923108336168	-0.734453130673573	-0.116206602000161	-0.647520870147706	-0.237250818841877	1.24838165047219	1.72564132425951	0.620239812518734	-0.21819689067785	0.573206642348755	0.105328082017236	0.799404691094015	0.811448935192959	1.06763737608388	0.541565605777589	0.221577711694843	0.469564050914482	0.144165000464181	-0.0262370032703593	0.178488855600841	0.335385683241975	0.804114331890256	1.09319752365043	0.960796062847704	0.919583818363966	1.29633510905052
-1.24083729772566	-0.511511847251239	-0.120147656178314	-1.04888719774397	-0.0201042337216869	-0.310136342862714	0.0781714688626755	-1.41910045423104	-1.21177076861002	-0.362141566306099	1.66359442144824	1.51290696995417	2.15385892126688	1.24134254846262	0.401510182014026	-0.382860738026095	-0.232006673462021	-0.167877880567199	0.770759874753474	-1.62625507661942	-1.23944270985457	-1.29040306734215	-0.261084068494916	0.405699730257784	0.525800646722453	1.46412305343466	0.14767985565897	0.82712633581484	1.17214801349793	1.3652026230963	-0.383947973427321	0.347066947063564	-0.48078375177128	1.22897548539664	1.82370309226392	1.14835524858548	0.0307204225979804	-0.399956160334436	-0.314497592521459	-0.416882042122067	-0.528520803089093	-0.598565846366098	-0.374914922853775	-1.16944181315648	-0.809094829754558	-0.860195638545065	-0.65957598960598	-0.542075467646585	-0.609596885891868	-0.274901315848664	-0.0489887279801675	0.124229564573023	0.327778343160351	0.563608238290428	-0.0194630876960926	0.935269116966374	-0.0897576513462305	0.954622402194367	1.10958526360335	1.41919218259445	1.2281098605871	1.57295780185387	2.34899965094131	2.21700424200151	1.61581704272884	1.01177729196386	-0.336379731829388	0.655072813964107	-0.330167475217128	-0.767588168494958	-0.608445626227491	0.0740460038990855	0.306061270576048	0.025351872662346	0.587301786940005	0.501407161992194	-0.951332175165802	0.187976230155052	0.823024305644978	0.439212054980081	-0.634302772876002	0.37124635197486	0.7828061188594	0.435350788257096	1.04756166618382	0.78007317898315	0.494694498844184	0.175000559281684	0.583464411202558	0.247921319409839
0.0656465590743826	-0.255236173731747	0.00901962587366518	1.24315806245582	1.623094038142	1.49672973166129	1.38304698594588	-0.648950793793754	-0.455372290822525	-0.376092746912799	-0.265650012370987	0.948771522545411	1.09539497203547	1.3240375714064	1.96935591496726	2.26951301224461	-0.525556953044346	-0.243243051562764	-1.17030380423089	-0.826835110139075	1.1529391463396	0.539056694417036	0.453194230592001	0.481287112162486	0.381802603337503	0.464523869074219	1.71593862944738	1.48078888345989	1.88446863609789	-0.685440732190439	-1.23682642224145	-1.24298095126906	-0.638303525121176	-0.0751686405670416	0.0653041980632071	-1.58699930979406	-0.103704875789269	-0.396924209360094	-0.186636150216851	-0.210548329284235	-0.195587408458996	-0.125198762990199	-0.216999964742233	-0.351595274943278	-0.00542939171330757	0.208046079679492	0.91484303277443	0.313711976677397	0.633208613196002	0.31985952798428	-0.0916300683818871	0.0472967012005836	0.445447405305377	-0.123017878459718	-1.32959366773367	-1.48866265671312	-0.825386883039532	-1.41528662868747	-1.14385732328886	-0.263152104531266	0.142859611390714	-0.286861916064525	-0.194673922643387	-1.33281332980014	-0.546633523020796	-1.05643236215851	-1.65334102582803	-1.4771691451707	-1.32552075924536	-1.21208040224778	-1.04793983224047	-2.26696249305007	-1.30752857248961	-1.37615501652092	-1.33438730114355	-1.88705118176304	-0.10740844577853	-2.09322287586671	-1.48634119938236	-1.56217536031516	-1.3206964479785	-2.0035207203737	-1.26289832271094	-2.14306928421952	-1.7331017463699	-1.72907248227379	-1.33664498920315	-1.40269691442315	-1.72932184577864	-1.25079464091606
-0.907127758204889	-1.61354620915472	0.0246742403783084	0.158809441416429	-0.0298745813674046	1.61655657275357	1.24843382715284	0.976372440038516	1.32589406850378	-0.132985700068663	0.523264985246806	0.893622687702295	-0.888240259391039	0.115380483367938	1.09808864333644	-0.43261235197412	-0.0420349476778816	-0.621522626057095	0.15565646660405	-0.779590607882596	1.30363761318843	1.21148447638797	1.06617235965409	1.44181811747305	-0.00915858991418206	0.259200346798617	2.37753862216021	2.16555739821517	0.974945408789165	0.632096618838499	0.0219468284151608	1.14732093541577	0.557001507782786	0.371649085738712	-0.631488863193331	-0.714610928247828	0.123727059139102	-0.191061021651387	-0.672762726193853	-0.0691027140608436	-0.362158653073193	-0.186831242819225	-0.983749504314801	-0.900942184238274	-1.25465612767987	-1.81794144158494	-0.910107705085124	-1.07611504356426	-1.26448559806705	-1.33712471377488	-2.06499609928917	-0.857570305885363	-0.77671208199531	-1.08051042208382	-0.51237262717266	-1.39161124051242	-1.29042853804003	-1.14880692735648	-0.545021295517382	0.0492672683551689	0.277336276085503	-0.122986759941273	1.12464179379968	1.20500112229804	1.17874681083779	1.10271361087571	0.827394229719834	2.01537178372078	1.40202471608936	0.418979213569305	-0.517382851235175	0.122925942491661	0.796314695502419	2.10678798461807	0.860324048469757	0.807579085587682	0.84173591302435	0.924004383240787	0.812752520861364	0.945903425768426	1.44164880560782	0.722400935328987	2.04115322184027	1.7595407286869	1.34628594298753	1.07369444312578	1.61377809374002	0.569932923894852	0.442849358682752	1.41875663004527
-1.68905508905317	-1.52633933075862	-0.875996048683742	-1.47452951444898	0.317936844475811	0.0858478551954271	-0.0706031114742817	0.319143631613963	0.078014284363355	0.134641440917749	1.96502052437593	1.02457648274288	1.24914706972116	1.88035550454064	1.7312122348895	0.583662479445367	0.13333479835256	-0.765766496020215	-1.2059941715672	0.0856066738199203	-0.290783370241395	-0.0658776645962313	-1.18246491109679	-0.794204282995919	-0.386433146914656	-0.809406272082532	0.366748857013366	0.155010922495693	-0.145628199057667	-0.10837640730819	-0.818599746698438	-0.516302748105337	-0.714543275116351	-0.0762435826310603	-1.09853478916228	-0.667563292614209	-0.763661752548516	-0.389609406469203	-0.650665255003744	0.33729214666614	0.535137467753903	0.741422291858175	-0.376840397464469	0.322397653722363	0.956918324290621	2.33235793423905	2.02169840548117	2.38102376110412	1.70679955158084	1.03846948237624	0.901509751764411	1.58413775218349	1.23153253796235	0.659112491553934	0.370117867920051	-1.28390324441941	0.912797200283131	0.75819751709132	0.790555694293969	0.885393723378178	0.756017957388842	-0.0401300497002939	0.759905432276205	-0.173628331705317	0.37201312681652	-0.787701717310752	-0.493351994699878	-0.704724048729125	0.267371624835698	-1.20507849959008	-0.830087348427256	-1.53053863368212	0.950314853235175	-0.0135415506454145	0.611999872263153	1.25438951214349	0.907439455755904	0.667008015974819	-0.330646993224944	0.183926187248729	-0.0430736186575586	0.720486956043784	-0.889427458186177	-0.846554346183105	0.84255826129854	0.0249012907883459	0.74843019784599	0.151631802043948	1.33423055489749	0.422051635593667
1.65603833105403	1.02485197149335	-0.0223581826721762	-0.1988248752433	-1.21214870794678	-1.50755836626094	-1.39274668521298	-0.820768122916242	-2.33255871168379	-2.37762654747814	-1.70536653717615	-1.32026872869115	-1.21982296645141	-1.50709249939652	-1.78978284699479	-0.0597498403641615	-0.81463303963374	0.550783563149592	0.478584085834165	1.10854173008314	0.213142731789552	0.232608064959757	-0.149533230462162	-1.25546887012953	-0.926328440103293	0.128658320270806	0.290195173118107	0.286507549710806	0.48642291194732	0.330154190297316	-0.322739744371807	-1.1778218042226	-1.62771927993961	-0.878900275067705	-0.941994271627019	0.0630516137380471	-0.0563795252836347	-0.345532874315924	-0.251304367862225	0.473207193361897	1.10914669585895	0.743452267366796	0.413712594786852	0.85522251079869	1.42708350717794	1.78856144403825	2.43551232897705	2.1071533233521	1.59666551166621	0.568006032358415	0.781450064968417	1.11521040642096	0.856472345787476	0.333087652788808	0.0388204240691492	-0.121136651618757	-0.695580875871219	-1.65280798643752	-1.25018346696824	-0.995888087150797	-1.54483308074434	-0.277523588364541	-0.578967443046383	-1.06075591610757	-0.420046058221902	-0.465242894628744	-0.620689069688296	-0.231285458155054	-0.855080001566238	0.611262112069796	0.470208769150663	-0.540662315452625	1.08878552310953	0.599345432743115	0.75290960063202	1.45086276694868	-1.03670541349138	0.771768138376118	0.421001432019493	0.251996812493211	-0.686381341972438	-0.361267386329076	0.19006155596283	0.485085649251627	-0.571068297112479	0.360030701742753	-0.426314402717208	0.963515506406366	0.907667977792455	0.649207154357061
-0.80839037709268	-0.527725840490184	-1.52859951800203	-1.17366090911304	-1.61945146027967	-1.10612284793344	1.06291718506189	-1.7062073793364	-1.01379380283976	-1.44668505031662	-0.464444100332291	-1.10963871997968	-0.327259331655035	0.635054033486193	-0.916396522798927	-0.648617543153061	-1.4887861317021	0.0932039858743112	-0.0343413947696967	-0.739531338651436	-1.66946828933492	-1.74330865160488	-1.41955213720337	1.31901522009089	0.533807220940733	0.162028535459119	0.992240483632869	1.28410321216839	0.849611624140991	1.31511261540856	0.47027823192091	-0.590591210705153	-0.476650257064459	-1.68001615806243	-1.34017640119989	-1.4278846508079	-0.375105107079921	-0.394345464684277	0.40751170865098	0.835870121350183	0.731608671705022	1.07651929840324	0.283639626839129	0.647384591196718	-0.128509403744254	-0.129017185900317	-0.58435136719359	-0.962333219040783	-0.583472370782311	-1.29349961510035	-1.12289948047037	-1.69606626318219	-1.11045853780576	-0.122058683694951	-0.806700448214732	0.397677922706656	0.0968656295437439	-0.823813336205778	-0.921011265623795	-0.980528806558894	-0.422263209406668	0.404177394975315	0.0453382374275027	-0.347408982322912	0.00770330736831902	-0.0777990537600523	0.14675110288023	-1.34503024054254	-0.451765658842842	-0.258447806848569	-0.486349981063826	-1.05827257078054	-0.726861872565549	0.396421258990944	-0.17993535171701	-0.894638583898668	0.829507986086199	0.407624103886793	0.212144139071775	0.599194320506294	1.05810605591564	-0.748323049415043	0.622801144174831	-0.728065863397936	0.260597315770286	-0.809588621326476	1.75409636040246	0.44978221859593	0.124149400585306	1.6501813359216
-0.551779438770244	0.0167415414417116	-0.179220147904427	0.607113680514657	0.840161765462786	-0.542628126082673	-0.684967582602367	-1.19963608640577	-0.84599746322202	0.374226743878325	-0.108984484219723	-0.357393806386237	-0.013395779515695	-1.27954634827457	-1.07997390539767	-0.246488027509343	-1.43059525831112	-0.438161255994625	-0.0114840424573706	1.04769542827317	1.83756766683441	1.58634067624338	0.155209060213033	0.371600179614188	0.28170399831435	0.0484180570390949	-0.844011542367572	-0.143119407538579	0.0707858482809011	0.682598616690116	0.0113355412458772	0.0435948217480706	-0.720152141588347	-0.706772062888354	-0.552399082266451	-0.282159050341516	-0.155752065175726	-0.696463102205583	-0.0862529332090775	0.370445166069378	0.764302553024801	1.4439563613783	1.44330180752898	1.30758509021254	1.51591265798369	1.64442924619999	1.81140735796721	1.67435979102695	1.33433618284789	0.694684219870252	0.498786438767356	0.468984743259613	0.182527859324626	0.548111811767742	0.343386939194491	1.81525261759771	-0.379203467497257	0.0156501634594258	-0.94388867866204	-1.16996042036228	-0.878611373330227	-0.158629309984625	-0.228923730068713	1.18559325132771	0.104796593574419	0.341156147743787	0.77810482767698	0.350658855600902	0.489485379010595	1.17511837510708	0.659152850482755	1.01669201296909	-1.64821115050639	-1.80705517018072	-2.106307601239	-2.49719862100861	-2.26313306266996	-1.92514403531019	-1.28596137335313	-1.44826663320393	-2.06192040146993	-1.28637552894608	-0.800455790993119	-1.67714934905655	-1.21326834284584	-1.32127433983225	-0.627433381103881	-2.14947887661747	-2.02123854977805	-1.37584532507308
-0.820372407964374	-0.286901638661456	-1.24506141558343	-0.55280369366525	-0.103659341397163	0.216836410891523	2.00109292225696	0.428687935670704	0.452439365194617	-0.28494186179808	-0.0333210817071228	-0.332483122725123	0.443461849015818	-0.242157006422133	-0.75523792533354	0.140020993261678	-1.00880655580974	-1.05859283792947	0.202970930142591	-0.420596116366978	0.455543702305857	0.412668419251692	1.03197971981921	-0.216417311766559	-0.985608169131278	-0.797591948287935	-1.8378760950422	-1.89290427080022	-0.802058941507914	0.227182326335206	1.59624066445636	1.26099882991171	0.997788828560339	0.277426133998213	0.0374412593464307	0.115556715145936	0.0170158733780535	-0.0931339893876953	0.316460335317112	-0.330250169325474	-0.856073813676201	-0.463221444346969	-0.162170505280645	0.174205629737853	-0.990191999866047	-1.07663310011	-1.24182382082197	-1.46333524510417	-0.8411529011115	-0.155393991480546	-0.400169555766606	-0.390745809514279	-1.20077041963093	-0.27202111786903	-0.449229650177636	1.04524593420047	0.6191245693055	1.08627913018434	0.625707528203528	0.427266201373816	0.339528307091379	1.41035698764458	0.639579848090277	1.18837099567638	0.160417187509977	0.520112121950819	0.135870064490529	-1.33792131988716	0.247932553807913	-0.730339021406931	-0.877322750832118	-0.419160586674048	0.296705354113744	1.56747469861672	1.00690517694808	0.661599309658892	-0.333968697641134	0.114872930605664	0.558941718664083	0.716686739913116	1.17015536143689	0.7454120589263	0.754340393918763	0.942844832784908	1.06932517559667	0.254901704812913	0.159990095198276	-0.0498786799050385	0.787046683138124	0.657058823407016
-0.152171367976976	-0.0419152031573004	0.178919701336888	0.11156440992313	0.0579255196606711	0.196729957249454	1.41287454109013	0.786468861066467	0.553630709914005	0.494168847231511	-0.828925462674379	-1.16516679736618	0.186616808142225	1.3740935254007	1.05678605228962	1.77569679361794	1.92911153407451	1.36337928435721	0.0831950606402265	0.299092500091638	0.0314409809464731	-0.186725581335303	0.407392450426933	0.299217392728054	0.351301338019609	0.959383008295974	0.119899056313253	-0.463799750418446	-0.516847660854086	0.209940622011945	0.920937164283547	1.15349819864858	-0.317919984044875	0.938495778796913	0.300378271701318	0.657824821245666	-0.424312273415106	-0.827656453325141	-1.90927031454609	-1.94804705257221	-1.96051205416505	-2.47855096489613	-1.60401287635036	-2.13544816711664	-2.06178489310143	-1.32133129383378	-0.783801697622483	0.211590818279249	-0.00999955593223879	0.348909746396456	0.581127419012822	-0.396240869311279	0.385087753009069	0.668500641953402	0.0452993737409952	-0.872458471937892	0.367788945587159	-0.455477101768719	-0.392217132233209	-0.170613154614839	-1.96915002326514	-1.06171490676542	-1.25834218387307	-1.42592289520406	-2.13790804072646	-1.87866849129733	-1.86014673392119	-1.48149492553502	-1.92864783963495	-1.35656225863845	-1.65202588263781	-0.987088965508668	-0.729531362279752	0.449562327374549	-0.0509195740419091	0.385038579980216	0.565314321897663	-0.310883393344325	-0.396850909601222	-0.378552081707061	0.829243095489495	-0.219809657341664	-0.725932762096956	0.102057063988009	0.168006593705634	0.124752158499944	-0.269209658199905	0.118567418299947	-0.0587048398489747	-0.03010511095433
1.19416682077858	1.37186905609751	0.432752017445802	0.573032038047678	0.0706332088654296	0.572975363893499	1.80591904309884	0.834213355431641	1.564069127662	0.689057273034864	-0.135249091455605	-1.14783087239344	-0.245467474217032	-0.76376699476395	-0.318453205865297	0.17996378415716	-0.560051873136685	0.0520188767849675	1.30850536145391	-0.834239701983619	0.482327112193747	1.05418576177111	1.27465270616569	-1.24235645332863	-2.04771139584836	-1.46794974982672	0.336694668023565	0.3469446429028	0.909501933681047	0.599449305580281	1.20842815360695	1.81653390414621	1.07433985000255	0.651164545313617	1.64853277725791	1.80091686037841	1.42220587875586	1.71966662146154	1.82529265679529	1.05538803938755	0.783230008227208	0.375365720445189	0.322463443120406	0.97013470869422	0.737073444405555	0.7753333091379	0.100610861815321	0.331875438245044	0.9163391618787	1.35698295584846	2.04176615260747	1.52497686919866	1.16283763638718	1.66130288475619	-0.0300238530389542	-0.431918845642023	-0.333068569669961	0.345725586207714	0.619629625614972	0.462183183944557	0.0970694843614208	-0.357200515750297	0.581872215967187	-0.232975591490563	-0.144954986921368	-0.72862109235667	-0.821348849660292	-0.652609703912014	-0.862132746203664	-1.02258789503817	-0.168363299820581	-0.5378467398964	1.03830944099062	0.804930938590917	-0.465094173125241	-0.127606205703395	0.742390000211481	1.08212382131817	0.262021910039498	0.716368396090511	0.995063679709187	-0.0842096710374743	0.401371794222954	0.330649866311377	0.254255571216449	0.104014349044921	1.69920778572531	0.865145883971291	1.12828744736285	1.22911460355852
-0.259734151013792	-0.26563753313802	0.0640217875109938	0.610526115740952	-0.23213885575095	-0.46012271610545	0.705208740552149	-0.834519937044482	-1.15068661184516	-1.97394876546834	-0.737459271720846	-0.587369725790588	-1.57279697079039	-1.61018304874306	-1.13542498133963	-1.46543738752542	-1.61866519051465	-0.438075674726879	1.12933120011353	0.174681354168469	-0.0623070183053475	-0.86583381063355	0.353873951731513	0.309294108044866	0.408628489036139	1.0014154254019	-0.950685400349611	-0.370851243434058	1.29605253659037	0.994477281288851	1.04064653391703	-0.581644468209941	-0.710102937100036	-1.28057851043433	-0.125587251906314	0.190864170815858	-1.05019055176359	-0.873115814507594	-1.43380853668996	-0.849119685175416	-0.502285870090285	-0.642282774301792	-1.4529263331981	-0.491240301208013	-0.305550259628418	-0.503428699226247	-0.309581922702706	-0.0794977823257903	-0.25965900444299	-1.01377195576591	-1.1853549048837	-1.10685644447161	-1.01006391604726	-1.50050674182202	-0.987720258043262	-2.52237885874367	-1.67163987076525	-0.899112965107901	-1.66714570840811	-1.11176886443842	-1.42380195015323	-0.876620795700543	0.465046373774464	-0.293651257653676	-1.09434966285801	-1.34814946626887	-1.97275153281018	-0.883693615902837	-1.08841192553026	-1.58547994945069	-1.30649028341996	-0.992933717501227	0.201491144558681	0.974460837281043	0.715764561014337	1.22558592870725	-0.118374599998917	1.1758825244989	0.783892567109453	1.07142291271661	-0.293584852452412	1.02881357208394	0.617149628905999	0.890967176448332	0.50786471668296	1.69846112334092	0.0478830343119425	0.301032644769735	0.650302876617512	-0.220855873409948
-1.67340727459473	-0.969105086926591	-0.20898876460676	-0.507348773128906	-0.886173709815754	0.128368718079852	-1.34517894219183	-1.48522180971787	-0.129970249311399	-1.09393299243764	-1.21839778020376	0.0641017185632107	-1.45026968832202	0.141019355283667	-1.26989253855668	-1.97806573375681	-0.531303477820215	-0.845325837472348	1.8559223169516	1.76548809269953	0.953093508836036	0.302640376876664	0.109534030131516	0.952833466161922	0.698647910346087	0.875602022022871	-0.20698581552619	-1.0435917313768	-1.88831945577135	-2.25176540647921	-1.11825364076014	-0.703382076190613	-0.306659085460006	-0.599980218316761	-0.33926163382453	1.16490075465846	0.691862815987242	0.471610915629053	-0.257544790088442	-0.119342499585703	-0.307548422757609	-0.297503143691802	-0.28176708673788	-0.677595655731438	-0.543870110480313	-0.459923898527864	0.228401999403	0.504649231650592	0.220645441920316	0.550940824086567	0.0667072503894328	1.2972071753692	0.86744014191034	0.327222787961511	0.843875584662505	1.73216766496066	0.897588011311096	0.957023664148564	1.0725805942767	1.24207278533962	2.5165498096525	2.15694320119746	1.20278430612416	1.61810631528977	2.0459203727041	2.38319710847933	2.6849766714897	2.14595340857838	2.68837930497112	3.1810511804829	2.68559972443667	1.87678516329693	1.70678114418572	1.33236041455067	1.81207572779669	1.96724841163111	0.491165913360775	1.63356123187154	1.30508737309724	1.38743014400375	1.35900719718689	1.4199376133901	0.875720683600079	1.55378923907923	1.35347958451065	0.77291032641892	0.354860782897582	1.46761505200767	1.60167661499291	1.46515459203944
-1.01865594077347	-0.899755451583031	-0.856125059797885	0.0277331798350012	1.44837837002725	0.150241927993112	-1.53899101204302	-1.05309395797596	-2.03361592558865	-0.668243161545586	-0.755743219162396	0.344807300407707	-0.632170519314959	-1.79350520449618	-1.08535320422167	-1.25194016349936	-0.769125507117869	-1.26681957143943	1.12233852004651	0.579032325539829	0.799761479626417	0.50782322374372	0.469523866278808	0.896115780605422	1.37451593534421	2.1161475501842	-0.459572844718518	-0.48188626315007	-1.07936335473478	-0.599930233374062	-1.26432211151034	-0.139844381065806	-1.22917163435939	-0.810048100615139	0.0576567645997349	-0.424479534459825	0.756287935970923	1.0719064010748	1.58603056217467	1.7012454764241	1.2154267667113	0.174580978142391	0.54065795805933	-0.63128926067691	-1.19417581256147	-1.71180846418004	-2.57077564230765	-2.73565252154452	-2.92005752723354	-2.30312605772035	-0.799652929865502	-0.573409515305348	-0.334650089500009	0.441879241333466	-1.43366874297812	-0.851901969836082	-1.58414731728256	-1.33262101169139	-0.626855430729085	0.430408411111148	0.346856346985207	0.722542377352124	1.34932149826078	1.13536565064476	0.877518994172284	0.754280281330952	0.451243615945748	0.551271919161552	0.0783849489333024	-0.199081455464969	-0.904877172432008	-1.04699045303788	0.13938741316397	-1.18317173129098	-1.51009874506786	-1.15841286566455	-0.559278859366135	-1.83054628758857	-1.29816487805029	-1.24033818473361	-0.0322546883609915	-0.0201304913275838	-0.891954933685471	-1.28684327401715	-1.20361316117127	-1.10766143660942	-0.695580489776347	-0.900771819650804	-0.775883890779213	-1.68487995138788
1.1894682078165	0.359826568436264	-0.386231426851453	-0.580151301575723	-0.470804582558015	0.102108146627458	0.988336731623749	1.37075026753364	1.87424562679937	1.85277622222373	0.536481235018206	-0.336993794809069	-0.193200382099026	-0.0774492922079513	-0.147515857755129	0.441851520075267	1.44916539621155	1.46175284142768	-1.17044884100854	-0.707039767761184	0.615244231730713	1.81952836554543	0.60993029915968	-0.229546676376393	-0.348661506768256	-1.00917323783032	1.09477499889192	0.695423755708951	-0.940046383886808	-1.59347450099901	-1.98881173136044	-0.0675858982019508	0.620006767821711	0.627545758990802	0.913647743607644	-0.989097526857837	-1.0423243734786	-0.983939620393449	-0.845982498815125	-0.531497679736589	-0.338121925980635	-0.310262172417151	-0.604278882810194	-0.263168322632523	-0.238734654301694	0.287557905959869	0.26197500807194	0.135552294039001	0.394598445867198	-0.377805769151474	-0.389492181002595	-0.209673466623624	-0.454327173643332	-0.711846112368005	0.159379234618368	1.6837860065484	0.927644819497532	1.31008399400955	1.16307335705102	1.64339558306257	3.48526155924836	3.07126649862406	2.02019302794525	1.32908072249855	1.75940305365086	1.30712935286542	-0.00915816791357568	1.08802061339195	1.12356305752598	0.0184313145993863	0.238600693817863	-0.677920551562426	-2.57963082996353	-2.0267305955498	-2.6547327143786	-1.14733838542713	-1.45496401427435	-0.854987383658554	-0.925228589665197	-2.02221286625365	-0.298530913567126	-1.7318625451395	-1.37075476812911	-2.41462789535228	-1.62854956470941	-1.88352012267127	-0.590186663156101	-0.732705006568769	-2.44965198288647	0.15216228019928
-0.963321116061011	-1.25943430240843	-1.2294298243786	-0.0694366080282179	-0.553983970077093	-0.343797609178152	0.924577036929906	-0.870618327184289	0.0990933404602368	-0.94968005375525	-0.378121239730105	0.352218045473931	-0.138277951241667	-0.361866919407867	-1.37467579525042	-1.64603066830664	-1.96887892166482	-1.73408363140351	0.79037167957425	0.195254683008364	-0.429050335266382	-1.91229032066807	-1.46845889021775	-0.488895448376285	-0.926204040007106	0.0454321092342324	0.142311786373562	0.213028929153617	-0.427911330475626	-0.283933323503804	-0.213261285799626	-0.664577798059285	0.900020043713593	0.819584663756278	0.590661591614806	0.304187757684886	0.392320538490923	-0.529856862357856	-0.451751833276392	-0.961489553129393	-1.45541168034946	-1.29132119908794	0.364047520250968	-0.802646755803661	-0.255306450695829	-0.0103054226802686	1.04477266486804	0.8799983364923	0.984003578759221	1.94984649572485	1.56030351488795	0.977090819590408	1.14200667172713	1.03836296264357	0.733146796845245	1.77802659713783	1.03409648905356	-0.339984284133306	-0.627845795622019	-0.400811213451577	0.690170487834108	1.363653395811	0.813037710918094	0.47270720835633	1.42113564079773	1.37247360661953	1.02353985660478	-0.399670897886291	0.435983464584369	0.0995583112456829	0.0775830817138963	0.587119462506465	-1.31416607783996	-1.69958587977696	-1.06815736695604	-1.70087746254538	-3.11912281143697	-2.04755551461878	-1.49078282463587	-1.21313381802955	-2.00971924783013	-0.657143371789221	-1.32183345000653	-0.47766952582225	-0.752179559098173	-1.22319600897936	-2.55109572969862	-2.72435671090289	-2.50102327206286	-3.2972619703591
-0.197672057498276	-0.5119913710461	-0.497437029394959	0.392125505567852	0.158281020183252	1.55087070576599	-0.0784810481125431	0.0252585431375169	-0.737567159003922	-0.227617658776105	-1.67750349786776	-0.858199636440104	-0.744666218700605	0.767782954538178	1.55669251658032	2.06791533567066	0.116042566588479	0.107436218954785	0.078050206708069	0.07151988353714	-1.22029743140075	-0.563873554192158	-0.653238631793372	0.350604217336794	0.553727036786942	-0.193658243177766	-0.787611017425387	0.38871631747189	1.84362661444803	1.81706243226428	0.571431099623188	-0.281112036258559	0.510989680768855	0.92120751707362	1.15543570601482	0.895752731734163	-0.506005850734063	-0.453541823682811	-0.745130377833737	-1.82828562517761	-1.1953839101724	-1.41228081562336	-1.37501725174232	-1.22811769674126	-0.987481275653323	-0.671720652395246	-0.429318121848897	-0.434817197892499	0.180277456726713	0.1034416099881	-0.0334406632307447	0.963129790797015	0.0585264124411225	-0.488336555898752	-0.250286397922757	0.192750907495721	0.286792122881824	-0.286044178909392	-0.463702870772863	-0.63711666864684	0.755684121304717	1.35806284040713	1.12303122006008	0.647328261845077	0.386264542127472	0.381382272758977	1.26453131960939	0.402808438856376	2.21924511251307	0.226332038855802	-0.483276589645851	0.0754757486009367	0.0586851320528749	0.205608176889451	0.986258351190662	-0.290648821546624	-0.360936092700404	0.724320243661815	1.18829738431463	1.43513065822247	-0.512027575556811	0.989742490117363	0.0725924945712878	1.8894499991714	1.54529108814368	1.40241516911023	-0.559395837893959	0.157955991294675	0.682447470980715	0.140999895539766
0.754275805944142	-0.217057504410709	-0.508855349295695	-1.08165380632003	-0.0792467123803504	-1.15660580074292	-1.65587104215857	0.81837668854754	0.0956029272769376	0.207239522008815	0.399633229062616	0.915134651810091	0.994261782121023	0.11012875047035	0.0424805283009457	0.913415226858367	0.843728857447071	-0.351502417696725	0.135244082470308	0.0873563629022007	-0.266542516045412	0.708621487423538	0.232129148547885	-0.3378928274788	-0.0340508379655784	-0.183290316198217	0.93250841889903	1.22843403056614	1.49648351084309	0.364178431996733	-0.774525822162423	1.42957869597553	1.22530256672119	1.46826589715972	-0.0409087253146124	0.00346951637787912	0.573635381809003	-0.181206189816834	0.413013229771856	0.155842291707053	0.0921348228033751	0.557649092828299	1.06507170132836	0.11799950680181	-0.65462965619326	-0.82644773911449	-0.082052197029083	-0.726294259130008	-0.635370345476071	-0.370984989515909	-0.810812929212945	-0.645686030070174	-0.37416870855407	-0.304786309501314	0.519126786945825	-0.662363504413952	0.726557155769194	0.540971499716313	0.274123991585581	-0.00080510931435794	0.642410425316332	-0.565864046119435	-0.0483265174148035	-1.44694162530118	-1.30176739288962	-1.85425628489568	-1.47201189301121	-1.29969346548547	-0.473730212424429	-1.09151787164267	-0.37345846601238	-0.254126512026458	-0.611618814030912	-0.0402089701782924	0.231543769654986	-0.732439661083007	-0.141379694580929	0.126339701917097	0.16910196446235	1.28289228719562	-0.543018121624979	1.15668761375692	0.658382904312751	0.6241754313289	-0.24088305624115	0.948144148341092	0.205617738508443	0.488090735401929	-0.38867126726314	-0.395196472913919
2.59504655954143	2.25677222093322	1.28163827170641	0.627186073493663	0.797115327495464	-0.576364612780934	-0.873515586474993	0.156281409154362	0.829625969140711	0.899603428088873	0.614678626056091	0.707839716844555	0.516544966002492	-0.7290498790535	-0.868082781669045	0.777768345502407	1.05348926643513	2.13348399156748	-0.0227605332309368	-0.133759673115571	-0.124421293099596	0.756824740483355	-0.771940405983773	-0.0800137984527533	0.0382101313158051	-0.69095557469044	1.09874416750758	1.16267173440682	0.704643568243	0.0376195443279028	-1.00418847856841	-0.653140004753702	-1.09356224584291	-0.899481240928359	0.528382452389106	0.398257528303182	0.467235666877376	0.0177489917726201	-0.420217069171956	0.438497749078133	0.399977812381734	-0.265434673260965	-1.06366786220668	-0.364650028336838	0.0047423577461577	0.417137365463025	1.11979828880902	1.37660400826378	1.07606325437161	0.457211280958592	0.933151779551138	1.63064994776808	1.20374917941378	0.947180982601942	-0.731612422941472	-0.608001604379376	0.165219882959257	0.302455695507981	0.608637142763927	0.308708691443124	-0.0881397326275896	1.04073634521234	1.06237799551631	0.68256754287351	0.98532727487355	-0.343399792012147	-0.708699781388368	-0.415823120298297	-0.142459882248364	-1.65593529871608	-1.19886807872755	-0.553813121700923	1.3404458492059	1.22345262305243	1.27533508422532	0.813354831417032	0.531130664209139	1.13014561585828	1.2684056557052	0.828894242670768	0.546198350876076	0.455685231486049	0.782408531469994	1.07953328189017	0.600549126319176	0.507845015694267	0.322223066795734	0.43933626777058	0.918892030219553	0.857758363491951
0.0118282095773033	-0.554137320896656	0.614130962024629	0.105892283686582	-0.00257844510605024	-0.0348607619158494	0.0285845036842259	1.28939263887803	0.668978261764725	-0.0122341214951661	0.396746818658843	0.610615681734207	-1.00840559172512	-0.847064024070691	-0.783170406941758	-1.79965932030584	0.130563598510126	-0.952584223752978	-1.60818246702956	-1.60419036694814	-0.233486909766859	-1.07052627911379	0.0790582702335831	0.52453165957138	0.107855584223297	-0.100627190981042	-0.0430998516241868	-0.503656029267533	0.497822253653719	0.505082752640104	1.86353557911504	0.678543758258504	1.70489778739231	1.8327829333027	1.25891210884804	-1.00984551814317	2.7637815611426	3.46584474986001	3.09555247606981	2.26135572151115	2.8785200088022	3.47664321591504	3.4575581465121	3.1152313835292	2.41455197358771	1.23084367951375	0.179613839098989	0.837575836793654	1.29716673498577	0.892346898075883	0.662586351413093	0.355574743452627	0.796786780072291	1.17669571061384	1.48414539669849	1.39255862697543	1.37238406806264	2.2943180129772	2.00722191974961	1.00829316341925	0.748424249142246	0.511918855625947	0.333704169241761	0.17940531683104	0.712044806026074	-0.892518742530166	-0.681653360985963	-0.47946199519048	-0.606862027767408	0.420978440734342	1.99367339848023	0.612338536192364	-0.270870513103843	-0.628686945942166	-0.493868392303206	-1.10967291458838	0.189481956921151	-0.021276190483306	-0.609352915334076	0.434015813603296	-0.143446305339568	-0.146778305795621	-0.995233369419804	0.699698159868472	0.731757267738512	0.107452675199931	-0.522821060196191	-0.114052944671702	-0.0663644971967983	-0.280937687175475
0.604588277980321	-0.0459636667434561	0.181349839424332	-0.779432954012357	-1.01866396110157	-1.06623040978658	-1.19198824551256	0.0462008305624488	-1.17900748679506	-1.11111352869217	-1.44362556657396	-1.55766145300711	-0.693750709938567	-0.142204924596396	-0.0312732418758293	-0.0520875262640039	1.17478328816126	-0.0830337145717992	-1.37874559077494	-0.590744605805849	-0.927759450211489	-0.159980840881238	-0.623071728669876	-0.767778476939848	-0.295759226255787	-1.00754498689469	-0.0297037602637973	-0.501424488055416	-0.235480613701469	0.644197114190936	1.04117624380499	0.0844923628829948	-0.80969209592862	-0.783270688550982	-0.55318067587467	-0.681116511722899	1.85762625923114	1.33397692557057	1.2443836257099	1.63533640452653	1.52439956279614	0.279070514113482	0.403205191004794	0.230764757496141	-0.825289447172821	-0.887001547145647	-0.577653291023833	-0.355664254287429	-1.02050467755885	-0.702732735696166	0.736753013439811	0.485593802662849	0.676614995384673	1.18219502209508	1.7127643427745	2.6503136770362	1.3483988897045	1.55293729685086	0.364329750447996	-0.143324861287651	0.378028427475009	-0.419710397121352	0.0892839014361362	0.416412909185733	0.269130460002133	0.710797591785107	1.32959352216196	1.58885027078245	0.568680971951459	2.12491957292284	2.2952104539945	1.6188302050744	1.70631396986612	-0.00163639181947047	0.435371703433135	1.11558629980649	0.518729465116727	1.57160444800953	0.661545136404577	-0.167866518136296	-0.247437248386967	-0.302361521303835	0.354078180783709	0.0755949748973945	-1.16458333649583	0.651444295886286	1.28726285331451	1.86315340908837	0.543306291120668	0.462857498408647
-0.16599026991871	-0.288900288537708	-1.2667462616404	-1.21293999618283	-1.43550906273667	-1.78168399755592	-2.21903694208833	-0.321684442963699	-1.00165442406463	-1.03392756389873	-0.346301385029966	-0.534609839878484	-1.52330700788248	-2.03321683681707	-1.29545718547668	-0.321328693947756	-0.679880635476725	0.563578850080271	-0.311912475701691	-0.326623162586062	0.530814103184686	0.83263518896941	2.50769757435119	0.611662655345126	1.0066380990445	0.268988093667226	0.473474012700687	-0.102696259260361	-0.20955298489502	-0.047256234004663	1.40815843101686	1.32184285193196	2.46358889274115	1.93381474546129	1.58877038715078	-0.268413686169809	0.895595250831857	0.253140847847173	0.589635096574261	-0.49355809302653	-0.169734894081194	-0.0994660218321795	0.496641611971151	0.514807471660572	0.76123342194283	-0.0959199372630263	0.161048601724603	0.191155130740709	0.825057103532544	0.975204201385739	1.1935240678457	1.15319866710847	0.257111557431712	0.162762103112513	1.95360390428175	0.0645316940774997	0.565660890849203	0.526739685404445	0.722726820672315	0.460513617683216	-0.154949077500857	-0.170547752137816	-0.410848265584665	0.886365439542697	0.991394454600194	0.677038768709862	0.737499113175567	0.554093148705114	0.797369619638069	0.724691193512123	0.555690021873572	1.1046341477282	-0.468880297275763	-0.213414567437345	-0.26446457514888	-0.924810671012722	-0.280185051178838	-0.124940705922194	-0.462450024491887	0.619917639377808	-0.367975403729985	-0.174615391099435	-0.181858217880818	-0.148140420575584	0.268891323613835	-0.289838758419769	-0.0589497703841485	-0.770884781360194	-0.79488961238864	-0.869632996867707
0.0603464623019673	-0.530989095134146	0.0507655367639101	0.525760318741377	-0.176152309206089	-0.479781696348075	0.943983705987492	0.766596137638069	0.363530455683795	0.111566109097967	1.15097133986482	0.472864256642634	-0.123755028051822	-0.130629522729775	1.16611398121316	0.0714877662265344	-0.40964144657771	0.405937497119304	-1.06909942771389	-0.540276782549744	0.599051389115282	2.38470753750813	2.58981044163777	-0.117127474484525	-0.311044930057808	-0.472664904802157	-1.17825641014141	-0.851104616820171	0.17885818458515	0.745083834771385	0.96586261772706	2.29672999309728	1.47591485934389	1.05162906814429	-0.372833818831361	-1.05676489783304	-0.276036635508257	0.443966903932057	0.517478523367416	-0.254926313407928	-0.464266171994456	-0.92127456289018	-0.39786762601995	-1.59404979859806	-1.58203246246144	-1.39193820500678	-2.04832711827524	-2.31645478193723	-2.24062020251425	-1.19034743541166	-0.892810238374897	-0.645826299056963	-0.0686159750297063	-0.595301880482313	-0.768993380845512	0.100137134487419	-1.09972412897563	-0.450971082169478	0.302010190090865	0.644120096409068	-0.429850291610038	1.00772653497673	0.86091119542391	1.31859627717595	0.587780437701038	0.574395589528312	-0.12071668287009	0.0317521727605565	-0.658759927859388	-0.458656730559837	-0.620705848163527	0.306930419599823	-0.0388876052696423	0.398411866617614	-0.088308613279722	0.945717114468343	0.349974006825569	0.481026250954307	0.0968010850320136	-0.022953345925417	0.292225787270483	0.757367101547754	0.0187555884560152	0.183794283821957	0.497879386397217	1.24026079075142	0.606376569338631	0.495624023878842	0.469205532827693	0.220624603370378
0.787884534741429	0.732676971127967	0.164322116611444	-0.0647735874011421	-0.379388226127882	-1.17629151086213	0.0138210648176899	-0.872092297290161	-0.379793905371243	-0.48785717919654	0.0353619097371374	-0.445479956480275	0.157187780617446	-0.784346392163441	-1.93257232628886	-1.38288286742569	-0.74589958695088	0.616194844142676	-0.448790442808518	-0.112100209276792	-0.116069314671307	-1.08789397008925	-0.869780473721845	-1.29411778961053	-0.354238820536059	0.12122452250674	-0.989209988938778	-0.197896659717841	-0.132114571746298	-0.910104000374464	-1.73498981502415	-1.94841644155435	0.383205917802703	0.531620312790552	0.655335387338743	-0.22586184722907	-0.683979572049048	-0.941333882094296	-0.655800053082709	0.231667590561596	0.431582302010337	0.27962947349273	-0.114666215554567	-0.265485292358425	0.614255387470415	0.221789334828486	0.233220542665689	0.232140729564117	-0.16043659366507	-0.919406858269805	-0.445167355644854	-0.30116923880897	-0.175810958496553	-0.671197524948199	0.408256176541375	-0.83212301269281	0.646182374051365	0.805453233203932	1.65264141578292	0.94308305634173	-0.336646456595804	-1.04431581985047	-0.547771360427659	-0.402733778246661	-0.653210429373142	-0.839524027045735	-0.792916808276033	-0.505552220024559	-0.647060278898655	-0.843585781897984	-0.737133745273204	0.31498581706523	-1.54364068806437	-0.305589628332696	-1.14075541902405	-1.67913997496661	-0.825050118909366	-1.85613048992351	-1.12142496095741	-0.286681894014349	-0.711735946480463	-1.58120076567652	-0.466161791685097	-1.60099114570073	-0.559355465015875	-1.573642597703	0.0744251074399303	-1.16483732832297	-1.27141265762419	-0.374365023671495
0.687952768671479	-0.116695693362552	0.12967972427084	-0.675891978622447	-1.27264058681419	-0.819622248807788	0.138074641711304	1.82062446569642	0.374418993220065	0.0913922398310404	0.186288595477084	-0.892900082698911	-1.18576859012487	-1.31132328791415	-0.457388047413767	-1.10552952547822	0.811148616804004	-0.470289542608927	-2.36003813870898	-2.31704451030406	-1.24619656970537	-1.54699632603212	-1.2666497374145	1.05934405359266	0.299663423273982	-0.558384756793755	-0.800243256506669	-0.379343952262165	0.177555717887036	0.94990674194865	0.64004441203212	-0.463897642577749	-0.848196772456524	-1.01499113852529	-1.46237796380309	-2.07322049397064	-0.250822941067651	0.166192874179931	0.700778343479304	1.30816740211845	0.694921910566911	0.729907039390707	-0.177009422899319	0.347488276128491	0.550762206030065	0.770650684956426	0.0614687274875226	-0.195332946253679	-0.826936294016302	-0.214488092583791	0.0730188391678176	0.631944356695775	0.174332477835169	0.0400322963038352	0.704933827346522	0.41007537844709	1.12914851419	0.688668174887943	-0.543978446526117	0.0301202401680317	1.77900868003645	-0.819140586782751	-0.708712863159284	-0.619135660683539	-0.286357391903469	0.512645958546687	0.512688207171962	0.603839660587536	0.705573792016579	1.11222639962148	0.638916737844895	-0.387346960823221	2.44855640637117	3.1493306233042	2.83345826729956	3.02921798389762	1.84394547752443	1.96679258834055	3.02636662671244	1.95823063659642	2.98871144095641	3.10895479160429	3.09657341895615	2.48504509206144	2.62269410175828	2.60171249310036	1.96383459994744	1.95095025964258	2.66218141553168	1.92989093063727
0.220948725117818	0.241963750001097	1.00063667935291	0.214570330561365	0.0730161963163803	-0.734918063313634	-0.654001315716755	-1.16745188029255	-0.957874607683951	-1.34466394651227	-0.625316630592807	0.406555075151404	-0.906843774659034	-1.56472361890925	-1.43657402067673	-1.87167515943679	-1.25660420782645	0.183416021401918	-0.304761979429739	-0.711762320278206	0.299321502046546	-0.26525522897974	0.0852830060011033	-1.37199307052781	-1.84662221503385	-1.24020093341442	-1.03713321132366	-1.04076250272287	-1.29152633454889	-0.830910050394705	-0.253895188712164	0.270525627942304	0.559104907881846	-0.409057012432931	-0.61506899329314	-1.3633950424351	1.94750448903826	1.87639953180699	0.558190454969165	0.024819821875645	0.0543557097350399	-0.292553381067129	-0.231334194282442	-1.37631067333116	-1.40322035412635	-0.975405132480287	-0.141030338699974	0.380621230796775	0.7882995833087	0.88294297982659	0.421082609749152	1.52065735311415	2.23666600022139	1.59372032543772	0.738883904135659	-0.104280838791934	-0.970858327048108	-0.0913848005844146	0.0355677277323102	-0.406558512084561	-0.615958125911483	0.0382266911760161	0.0412652740339792	0.595989775316585	0.524346480136566	0.196113861594747	0.588658898200444	0.276474664748165	0.505268135267858	0.0881883193340203	0.748431376295014	1.07326369669565	1.01464266011094	1.06025040067672	1.65706859103762	1.81905658585714	1.66194134450494	1.72365947713097	1.61840670097308	0.589697325234648	1.19629491964929	1.13037617700407	0.725069881547648	1.0381970038919	2.2323847113159	1.57280661741349	0.691179818188251	0.327382475367556	0.497735134325419	0.661041361420898
0.404090633588762	0.300554004738864	0.423351709868022	0.0993407985468939	-0.532352927320353	-0.0892392646273412	0.790003092434366	1.95792052690146	0.961777229302919	0.553817240568484	0.827234639916872	0.0692754122557894	-0.409969358659544	0.600367298253861	1.17020787728862	0.816797019522027	0.798492574324149	0.53385591414849	0.697206366916173	0.748037121148864	-0.372385610441275	-0.138267921415782	-1.07551307957049	-0.0535327844428873	-0.363404568469835	0.174137671876998	0.0869363049796541	-0.503462303582137	-0.316810229376995	-1.53694480754657	-1.5424338151772	-0.814456195864546	0.409384019085588	1.64970694352039	1.19232875465711	1.18758255780421	-0.174512187637399	-0.625335382973562	-0.342942461583006	0.0511564409007202	0.131843149027943	0.633539320598898	0.375181169902593	-0.0655401565351941	-0.128850746459044	0.0355521391528248	0.340083767424653	0.22556691986578	-0.121051092124021	-0.279444226588946	-0.587185728333813	-0.208255721947495	-0.0674611988862455	-0.00339287803855674	1.05036203444478	0.5524841259367	1.66061096977795	1.08421160867409	0.83617211010318	0.407277932465131	0.401738953730457	1.02058975801488	0.063220345402196	-0.846942773832112	-0.55773657330371	-0.454213828956206	-1.01794714290395	-0.411299848436918	-0.193064031888557	-0.608648887048527	-0.175769747778338	-0.561674151993453	0.854693357976366	1.55810319020442	1.08195285851895	1.71139757341778	-0.225165629475821	0.594703725614116	0.475267347098973	0.298502177421341	1.05791457590073	0.258224004337994	-0.197828786535978	1.15661493250268	1.12762361282372	0.497706470618359	-0.379183450600347	-0.189645427192907	1.28094765437151	-0.332215959062171
-0.170172374343557	1.02166586214893	1.03880760674886	1.09365525618837	-0.191923391548451	0.330127089588944	-1.33089726738151	-1.33587512592979	-0.136054465372873	-1.43608123908873	-0.859485918785772	-0.270462498074213	-1.73845958581492	-0.707569232414881	-1.41915243670944	-1.47052625102992	-1.08015093378226	0.508632366748738	-0.654446152235134	-0.0999320425779983	-1.68418191784784	-1.70134947831098	-1.71966148188555	0.809965161871339	0.445795571304017	-0.781433132972167	-3.09461044790461	-3.05780029279993	-2.20084079287555	-1.78883041313277	-1.3198483317988	-0.599134099726625	-0.290382750023164	0.0632935871778181	-1.83873280959861	0.128608662382449	-0.0825098478113628	0.0671000609053825	0.0766193287345235	1.74036790296238	1.53263970841877	1.86501895246394	0.730057938643597	1.11359834915915	0.818631216763601	0.372965635409748	0.419532631750358	0.227652618726626	-0.798713105251839	-1.35619145929388	-1.69083317974198	-1.13675954503087	-0.79687907603851	-0.585898843842669	-0.220060225464794	0.650420178982736	-0.0532914095613111	0.841632645802806	0.598702637089634	0.33183672712085	0.755277310424266	0.248156060789551	1.20712507664482	0.953528303023432	0.730341891211532	0.557832923909448	0.22112723007853	0.950039978519268	0.263112896294443	-0.288506134859229	0.115158091578526	0.415914522746325	1.38952997427787	1.3333747283828	1.61899203571693	0.225814719143735	0.874728514595345	1.58538017188355	0.942787350198876	1.49259259329669	1.35748462262228	0.0168325070087202	1.13233775398392	1.72981055509154	0.686215851223408	-0.182310137805178	0.898172184077084	1.31067574420149	0.526797394558798	1.30062082378659
-0.285883518690599	-0.804617223065232	-1.0863414296137	-0.897906541407041	-0.0947138539529182	-0.584108225210258	0.0346443261955383	0.563812245323255	-0.157653619201527	-0.817329738735398	-0.00105246935067935	0.542206696708411	-0.33946474364194	-0.120432116561335	0.322073532677999	0.756340519568592	0.382936549501583	-0.160159012730113	-0.707342283542626	0.655871458908558	0.358721706125554	-0.131165130761138	-0.692798225065777	1.38700675817166	2.30640374457398	2.78499488033234	-0.812537249521116	-0.175719612436764	0.814751944271831	1.53193620904163	0.747783506628362	0.600571825553219	0.118345967678545	1.63160244757853	0.488204106021797	0.17528726380956	0.151025578744325	0.84796006852299	0.844748875654858	0.76419475681697	0.362944746094576	0.891225173366677	0.296309997640102	1.0667458308872	1.18267906624516	0.798848489608025	0.578994622485488	0.0954646760082152	0.289138438917959	0.571672380401834	-0.362307488694838	-0.00390707485937193	-0.115165792665627	-0.503842831016765	0.253168904741352	0.0834836720859261	0.262545429405332	0.594106113001024	0.742274699687601	1.31017463302923	1.75749569447553	1.9597413265799	1.38026453278713	0.693055268821456	0.787815526361442	0.286046301371352	-0.102333188332186	1.80377156416651	1.02274778630626	0.304326341706952	0.407336302663085	0.174176334121883	0.356335231494385	1.92047745099507	1.39019376493268	1.63671087628912	2.3942386448309	1.77181855303728	0.983214553833621	1.66184530522004	1.9087087258553	1.19859924132899	1.46218915206812	1.54376883055235	1.27660221844924	1.16866942193797	1.88150745603605	1.81853338487457	1.34402957488533	1.86000730317228
0.174665571534889	0.927941894914715	1.79814962139224	1.8764186643038	1.70419827258945	2.02590217394981	1.57385278022139	-0.0755652157496654	-0.475180822244339	-0.071770363902622	-0.384712776992908	-0.0882103505859198	0.743193849717895	1.56110591534543	1.13501177218936	1.15883290603615	0.147115136755064	-0.396116064931557	-0.036026519584269	0.375809066112777	-0.000168629234136571	-0.0649907301771091	0.313434338265613	1.13260522516701	1.54850447598133	1.19946361355966	-0.686455845738821	-1.29818589303984	-0.739491922784838	-0.585403550932948	0.383453490744081	-0.862166012017827	-0.666998429965952	-0.630372577279126	-0.186463844931868	-0.00654858372070706	-0.0689751934216923	-0.661339213788227	-0.67952220426645	-0.212410754903939	0.370814665955607	1.17085913318482	1.37497608141366	1.10953994362176	1.32240607739165	1.72579158700805	2.61807968408247	2.48754879331474	1.80437430364789	1.28835615997406	0.357436492025778	0.747488247940072	0.536441790504584	0.275402255063823	1.60955499237478	-0.271763358339585	1.84649633929241	1.68909332542239	-0.459593198577677	-0.859455068887975	-0.0447177373385866	-1.68736484993473	-0.958437075965447	-1.27781850353938	-1.84549515938928	-1.45524557501148	-0.587922765183652	0.575937186286717	0.000848719630146891	0.852198864005708	0.783667505952176	0.238209792598651	0.656474190210739	0.189754302283617	1.03409959899123	-0.124412898224019	0.752840282682702	0.397688044785663	0.903389782577223	1.48871863998243	-0.45588853772148	0.880011076352075	1.54164253912092	1.37097747215166	-0.0741548719135984	0.917425326088617	0.352134577974152	1.62280305227023	0.759283621163412	0.831447382321744
-0.237217501526371	1.39816863874286	1.82673936631846	1.24611010577949	1.51392013064989	1.62719434284774	0.416031146645699	-0.891248138000652	-0.253984972684081	-1.06489722250956	-0.254233596212664	0.420105263630293	-0.0416651537920666	0.595166074203636	-0.489131568939336	-0.721915536296376	-0.643414899380183	-0.0747648875387229	-0.636059652108591	-0.0111228853021227	-1.01602865720438	-0.990395721560576	-0.953523743670921	-0.904916328361811	-0.733054626065934	-0.0952240175455257	0.366621348166416	0.109799176815273	-0.170565443490481	0.537438936747942	0.69575135382233	-0.290440252406404	-0.215317040899553	-0.679446879175276	-0.797770982304931	-1.11376859121082	-0.347797230429545	-0.177669506658506	0.020802074834461	-0.37351467568549	-0.398651834789289	-1.3881380275479	-1.37857668836607	-1.12479297628526	0.103566959776457	0.00755568555582886	-0.137732099439299	-0.373992119660898	0.218271153605035	0.0923919107382838	1.01191621603847	-0.162894959778173	0.769459799511914	0.41279891323371	-0.699013695474364	-1.92450506892125	-2.2432797994244	-1.94035227117812	-1.93454422096829	-1.90271677249089	-2.04776421300464	-1.24444024918563	-0.275076087255572	0.37909700279742	0.380382463076094	0.0895393075548714	0.24797535081165	-0.790393291051615	0.091088551683913	-0.383845787983319	-0.414412371960601	0.023688031582491	1.20354089789207	0.891877550378849	1.29281558009512	1.59355264208776	0.872146528671143	0.868994030311508	0.425626746734189	0.245931569837587	-0.047669176150083	0.528645257171701	1.32194664621133	0.49469521661738	1.12631539777507	1.07381964929642	1.57764904607202	0.164647532778699	0.711337394064253	-0.00734398715998179
0.258595401718709	-0.42351182731196	-0.0248606628673943	-0.44792527637752	-0.351087208520464	-0.878365708268348	-0.760337085686126	-0.412771008439623	0.592751374453107	0.0678002226026864	0.441857790723774	0.207723113294172	0.243507615313617	0.436778655515315	-0.615972415605775	-0.641348022046171	-0.396085995165106	-0.48746207790823	-0.715282257813173	-0.937420425408911	-0.0897648564409495	-0.584130495844909	0.174732538603645	0.0721712136276629	-0.142171825717279	-0.406783978013805	0.115072674157456	-0.294893363813277	-0.0512398081148404	-1.09624135627034	0.383783726533523	-0.946318855395114	-0.0982905432190975	-1.53928586458363	0.0536796362269492	-1.26677893786621	-0.463550973558845	-0.321240137233307	-0.884324252143366	-0.742082592599263	-1.10580706315843	-1.45132554078047	-0.931177836566975	-1.16404331664938	-1.55096280144479	-1.3567675909895	-1.04441498609629	-0.967426121921535	-1.24469686398462	-0.648501050783919	-0.80576716514102	-0.702042953022029	-0.630053073069761	-0.996739469547242	0.743441758513362	-0.0596617634501742	0.428873420272882	0.448061033548597	0.133705132745948	0.0107959303063004	-0.360244860978059	-0.716053552500578	-0.785644447285514	-0.675454487829477	-0.485539614372551	-0.34518941888409	0.136853905484122	-0.283809218153468	-0.323650582525157	0.327204770489689	0.868848624715655	0.812091354461395	1.01290246104281	1.02527381079477	1.20975390829214	1.15297724539035	1.34472506193115	1.71925536031568	0.661903352283139	2.20398643189346	0.892122553303771	1.64644172117065	0.771908146488182	2.05856320365688	1.2957562234803	1.28180562733183	1.37753557893945	1.84065968786832	1.12422389498289	1.11290006208
0.0260294921825669	-0.306432471212743	-0.811699685779575	-1.8429142752059	-2.13822474498116	-1.0106555196136	-0.688020717731812	-0.689103308683755	0.32404008382382	-0.73296848646524	-0.55561393323269	-0.312425251206294	-0.923226410450589	-0.0668898327886133	-1.24492119442625	-0.380377251256239	-0.26819133895125	0.603814621304156	-0.991164985244619	1.24255904316292	0.596019209098	1.05800934985303	0.742947005451191	-1.80298854815287	0.0854661594284958	0.807627243616852	-0.109747482723962	0.369561045025877	-0.270158245156011	0.669390418062015	0.511185805561457	1.2234170689342	0.926638344082285	-0.187347070946888	-1.24472054069218	-1.71720009908781	-1.78549358902069	-1.91702803224998	-2.58159963857682	-2.51611916616962	-2.21533950323343	-1.41859885212904	-1.66360674042417	-1.15243031675665	-0.748647199719173	-1.06512207958455	-0.628313652856586	-0.202328967247514	-0.174262981785343	-0.467454581616135	-1.60493092906468	-1.09126620132312	-1.61277507337246	-1.66896427000628	-0.774806117168583	-0.503879953444894	-0.869232671923854	-0.22748340003709	-0.407232687165588	-0.357807097139398	0.148792927466982	-0.318191323342197	0.262233078004424	0.293303345220269	0.233475034455146	0.842907368091287	0.704580641801121	0.261880926943504	0.601658869042907	-0.111086130682639	0.25732156719276	1.49041431460513	0.162543334475849	-1.00012285113209	-0.748976175448535	-0.766385652530497	-0.247764107346418	-0.80486092371988	-0.692521780008129	0.761848118057184	-1.28166104481574	2.01024540038657	0.310834177552614	-0.29311086462199	-0.405567607815815	0.380946178434727	0.0666468031069082	-0.420393271919073	0.412110864032443	-0.745707718507779
-0.109966265597288	0.503667800009974	1.4016435285658	2.03597239396873	1.29412701259429	1.44858953875936	0.898298378729763	0.797868308070943	1.791137111419	1.35942689574944	0.882546466084359	0.767644755007549	0.311484712461646	0.559976238082501	0.411590515883253	-1.16650478930198	-0.220561364036359	-1.3059137372742	-0.494383923306891	0.0465443115347804	-1.19850476371382	0.397147111645012	0.928333623327686	0.204546461295887	0.951418010097451	0.546676483272292	-1.73715192617358	-0.898772128621466	-0.0640359193617079	-0.576055639884743	-1.15290076885959	-1.14180088290937	-1.57693181719401	-1.22940882159122	-0.375127925529515	0.398368717594951	-0.265755651913484	-0.26464929656196	-0.605932167401479	-0.92101264719676	-0.693034473680127	-1.44736937882537	-1.26321553372556	-0.80439468587462	-0.489439651929474	0.263034773105346	0.50462960027449	0.654774844033285	0.818244546600449	0.751680057896596	1.23414804286185	1.47056637465141	0.78482731615875	0.62606625766386	-0.0636649027482706	0.153650464596021	-0.0783357925504574	0.251077183044782	1.2255646219579	1.01006813371767	-0.419271208804044	0.518278031850069	-0.0599030531767389	0.958718519044196	0.306532330859879	-0.0162591637588832	-0.676785264606255	0.166386211250509	-1.13123443105327	-0.265237733057647	-0.75288630248764	0.0477539855610964	-0.485740737281205	-0.313018123336114	-1.49349685889143	-0.94290155454291	-1.01215817299758	-0.995574696966352	-0.812010760609657	-0.141655548717624	-0.440188224140039	-0.336498213546299	-0.367649638872002	-0.687967286563656	-1.39537581571313	-0.713848694377752	-0.6448317197047	-0.652979969946612	-0.29152418369797	-0.907409268629961
-0.675163607138752	-0.0165720839174549	0.399854321860817	0.199687824741906	0.0736386339105235	0.723114598521375	0.880430411707801	0.535474030815148	1.27908941823284	1.28284547284496	-0.0409375047795439	-0.483628869053875	0.30622987139168	1.42495893869727	0.825367552401398	-0.055837976787299	1.50274077253189	0.163916028240651	-0.234406773372419	0.878454182205258	0.861678872476335	0.706665938123331	0.85936094794597	-0.349775491589709	-0.13160767026099	0.501525575331781	1.53682491168377	1.56230446837506	1.50406616197008	0.635872129133413	0.293230983456405	-0.919040886740432	-1.33207808277987	-0.546561476858843	-0.615932614597611	0.298626865994042	2.0151540345727	1.97454182301551	1.90397972766706	0.863277412897018	0.7575097229439	0.170314619079465	0.190321372916176	-0.953452304362017	0.214254740421068	-0.227516023891811	-0.243237548443184	-0.20230285814504	0.477142030100374	0.952770799584366	1.50066612270933	2.20526801795007	2.61805950954583	1.74685707487315	1.20987216990867	0.794514423404204	0.950735271267559	-0.281310247741244	-0.381228148867654	-0.484771430875233	0.0753100027559412	0.952675791541741	0.594320808329672	-0.766286597150289	0.322877386648134	0.163506699892873	0.0253807267564189	-0.695665293499519	0.0704114958558586	0.396722425604225	1.12107368766105	1.46273362862742	-0.0429310191924845	-0.927311163413829	-0.434403370012401	-0.805757236062701	0.930293329122265	0.0188274494704649	-0.403503512793101	0.394133377584622	0.719955152486431	-0.310270611471153	-1.23070858063737	-0.281048501366082	0.951674291680272	-0.871494682271044	-0.125278337820293	0.179763273587709	0.0439150584296479	0.268248950721622
1.16192855329849	1.58318435782607	2.42431282951309	1.53806178831725	0.193371853603601	-0.136996370408291	-0.372449067937964	0.458837321888597	-0.0487561708108404	0.96307383777385	-0.949004275148312	-1.12261647342727	-0.484095216185697	-0.44058184929388	0.0877865394751017	-0.20911080156774	0.893454196143206	1.25470442296674	0.609638473931966	-0.641652732677163	0.0394823252073859	-0.793534980585335	1.3127475667658	0.933176071060091	0.641551539315603	0.520630548565847	-1.34984351870209	-0.679313004138615	-0.590151808600255	0.272082489716298	0.855478085812808	1.07911256221757	1.70513980385882	0.953428335741745	0.38737785890264	0.421930206843899	-0.798496675848744	-0.578582600445206	-0.113922202895558	0.321855173245917	0.0587119943363229	0.145356846815923	-0.63724476248205	-0.580108108468647	-0.263013928685289	-0.724067609426377	-1.54707282033	-1.47073364226225	-1.17049899117902	-1.59377059506741	-1.12245412231215	-0.940045613957792	-0.899478823866722	-0.417922639981458	-0.118372501603512	-0.0694850871345637	-0.691798016215224	-0.445963868475111	-0.840345899202037	0.143066865052971	0.298575870598999	-1.32749333286174	-0.194216569043923	-0.282348944480203	-0.709919213251521	0.387397857888084	0.0394546160183083	0.291469408504589	-0.917303535772195	0.570740857746903	0.330817625644447	0.402613276644122	1.06406371523331	0.764558334348068	1.1306255200391	0.139138471387781	0.342084084935718	0.352913030187879	-0.436705909858653	0.352990129598545	-0.288505887455298	-1.23133880538158	-1.18424072151299	0.461543803243674	0.240154042298998	-0.651225224708608	-0.328421412017561	-0.209519786743566	0.886518455453853	-0.360231673944399
-1.68623053312784	-1.31356182889372	-1.3118053420682	-0.0596738975327837	0.347029649870758	0.196788378129505	-1.24415818135862	-0.0427999738994668	-0.371790204212091	1.17159480522919	-0.34344071398011	-0.967537390474933	-0.512832172954318	-0.840852034361797	0.13265502351182	-0.732626952816277	-0.277492151123281	-1.36075238275546	0.689191243745337	0.980297008252954	-0.036334654962657	0.403522986080614	0.101398131244636	0.185814099812012	0.691500655785852	-0.237806253424215	-0.155603143102666	0.225197376923003	0.278481592476542	-0.0420606887659802	-0.473261631112286	0.0846280992185681	0.321282960339823	1.09471904736331	1.29722530203761	1.68789900235453	1.51411579868079	1.376735141839	0.947553043233107	0.62200127658555	0.412727460875164	1.28860838438049	2.03670520094221	1.53457595535978	1.65666407669452	1.51209684420245	1.95801057265841	2.1505187631301	2.15430277868366	2.59821806084952	1.43787314887389	1.63646743188056	1.41894022828945	0.935348508355582	-0.178131376763077	-0.653242091489033	-0.624100566900678	-0.830035832504983	-1.18891855965239	-0.0140480057338973	-0.0932606127689214	-0.493258695724889	-0.579958826323648	0.394185530876814	-0.187442383844532	1.0034817183882	1.11988920274768	0.857814353208544	1.24950176560125	1.38540638165392	0.178443324751587	0.195820703999318	0.818559851394492	0.635420442398379	0.59459096817635	0.998129617797099	-0.866381500014405	0.720477643461143	2.17014595342879	-0.167179245139033	0.634808611155413	1.93455944287862	0.155911492842494	0.586787397670898	1.27026792246584	1.91961972969966	-0.0876439910645225	-0.507084869505554	0.991763576737026	-0.241538206089619
0.241953008415183	0.222157082119186	0.0965843932780458	-0.530377315775485	-0.0271756434789725	0.304062680395101	-0.290433944448438	1.52040583462539	0.826032129969793	1.4461977857594	0.0568736815538409	-1.10222853080393	-0.510117540728482	-0.278337055258261	0.0567565472461233	1.03561173708335	1.27287452386589	0.509588993478717	-1.64888847471416	-1.36131486118357	-0.862083832908787	0.833653891840813	0.0494997032561906	0.756793555009356	0.101827388419997	-1.49045558945789	-0.263143718886274	-0.399091173432167	0.525927623582544	0.225845802926889	-0.189112819857275	-0.500808543677384	-2.1714875314194	-1.32209598214889	-1.47562798202503	-0.174288578237715	-0.788999210851484	-1.40242854196249	-0.37888544003158	-0.290239684847097	-0.478023957534302	0.106108464412263	-0.115928829501988	0.900002105452623	0.876433129287241	0.780279577539264	0.813713117805965	0.418001260114774	0.232548896684026	0.52646791135013	0.513634482407207	-0.130282114403067	-0.863910649134679	-0.430822741010761	-0.276206319439324	-0.330742566664746	0.404912423874609	0.763204371272354	0.238961782495187	0.239005435567613	0.238694889179989	-0.320295023722642	-0.493933032853267	-0.865398198222011	-1.17180084853606	-1.34030900063309	-1.46863355810697	0.408570203017113	-1.00976749142662	-0.553159179387653	-0.42904722218277	-1.31722091015634	1.3002656912949	0.760190510962458	1.09348276313418	1.26526317577335	-0.310463387482558	0.881168852710312	1.31810884829744	1.70180574217005	2.50247944483866	1.61141379019523	-0.0828189206271022	1.73473625226338	1.25461609064727	-0.0889622067380244	-1.02266443896967	1.49927365429317	1.09512898517827	0.63210693729112
-2.23271676613874	-1.35117351650837	-1.69833750912585	-1.57444128729006	-1.49196732622116	-0.726832376338434	-0.292756544499318	-1.43507105429602	0.0840776158309793	-0.516459548917391	1.06198508384812	0.720698874240998	0.625183156818337	0.714544519563943	-0.461657340587102	-1.61875637274027	-0.824478238890298	-1.30648530050405	-0.509357977507181	-0.792101620948394	-2.13863980219272	-0.521214417405306	-0.521768956089183	0.188564157402368	-0.609726874461349	-0.936271736975299	-0.651384828076535	-0.214543071367018	-0.306397954026616	-0.340822115343913	-1.03624583489416	-0.413641149828829	-1.44613830434439	-1.24424682251043	-1.49162259970516	0.229035608963255	-1.49346102295972	-1.79684779853308	-1.53231637070408	-0.984800548435726	-0.68779149591212	-0.429365790338104	-0.51225068969395	0.553500677076223	0.345738445814726	0.637177049599885	1.06682549576984	0.776746532840612	0.424445805348277	-0.0926740191529706	-0.382076109956016	-0.816299694033831	-1.33559181292291	-1.21212936114391	-1.01897089123053	-0.173665520976153	-0.772440484015805	-1.21153380470987	-1.11361944223571	0.083440683943686	0.76569859690114	0.623266141821864	0.371931121125948	0.295472916057806	-0.563643734676831	0.999054092500051	0.304219699829497	-0.106647135433177	0.197671483086397	-0.205498101399649	-1.3897623044933	-0.053254763399815	-0.782437922204792	0.339068309779611	1.01000205543553	-0.0728303771466677	0.206482954815866	-0.424264645704996	-0.418457167234299	-0.655098029974847	-2.08216720158549	-1.31487659539111	-0.0598301125283468	0.0888799440893513	-0.83577860387263	0.775751047552891	0.170320604297876	-0.412586186831297	-0.667226434679749	-1.24139654859712
-1.69716062503368	-0.82178265545132	-0.217157335443956	-0.0628153874679956	-0.337384308207057	-1.43573202146302	-1.25311228057765	-0.74147040308083	-0.851485183012965	-1.15557322304824	0.3901525299817	0.383974007633936	-1.06302562413681	-2.206328761638	-1.70385600019529	-2.12345579849357	-2.64933364978041	-1.15091569889724	-1.81571854434104	-2.45076104101401	-2.19263093432445	-0.789318054608585	0.905536382004753	-0.275155580451927	-1.05408857261577	-2.44570482858889	0.5927451153157	1.46042996035767	2.44649767816441	2.98792449084658	2.3722286095653	1.15193674006188	-0.386945434345542	-1.3168318374411	-1.81583583045382	-0.42468161616946	1.53162280288313	1.37692482057709	1.23516917140496	0.407115825458133	0.534300884222853	0.460609349754334	0.803061127892575	0.51037908578902	0.507391789889978	0.427525039701606	0.600678050417733	0.710259175893163	1.40970762514448	1.38020389257285	1.39268312862668	1.38542359807801	1.37475881276461	1.36286478300074	-0.390663469381261	0.133295750134843	0.904499443424604	0.793003971258384	-0.0537761809221082	0.761869833180421	0.695901772602392	1.05365926475058	0.419658593988758	0.212052461646565	-0.19667797538965	0.0945287820340877	-0.708510888949659	0.0790440520568895	0.108360398625733	-0.46872693915238	-0.913266656537343	-2.10544859812721	1.22102460300912	1.2235242327136	0.309874129167042	0.928613625619939	0.0962417017540153	0.398531718960163	0.969230089644092	0.0805636614373205	1.2017117578618	0.525566490561227	1.0452417304547	0.38034063757604	0.927105142513168	0.435021149745922	0.885375326509374	-0.240211758971114	1.22245030554984	0.347797617683218
0.225893576179997	-0.40254328936176	-0.584425499804923	-1.11374011488498	-1.40479984288758	-0.870797875156282	1.13175479159593	0.63940760283979	0.611042960061038	0.466438559363577	-0.117451239783306	-0.77895520658079	0.169166043508805	-0.222515454343851	-0.616941152315025	-0.324089672798472	-0.122708960161938	-0.53787054359637	1.10724334126602	0.325382981222707	-0.873366632066113	-0.00511969926436458	0.0720829889071358	0.391900727300459	0.363980127812105	-0.605737452974523	-1.51140812709816	-0.853853710730175	0.0530842039901621	0.981516548617798	0.324774849049934	0.0947323279129008	-0.0483199192828754	1.05903320334461	1.14299547823001	2.59821543848918	-1.78265374415981	-1.71769728113313	-1.87575595934814	-2.05153185619472	-1.74817417157779	-1.5837204507751	-1.93639945699959	-0.440465782404799	-0.999607188876613	-2.03374726573929	-1.70915728159591	-1.98408883287408	-1.48502181769368	-1.95493783178533	-2.52580207272075	-2.4612376541958	-3.24415001763372	-3.14205307873695	-0.840806626124025	-0.143227258198963	-1.4065741690834	-1.13837263059447	-0.61360299746517	-2.22676376414015	-0.892755698938422	-0.815967494506129	-1.12640659033885	-0.972704357045781	-0.2590214205976	-0.725185328851453	1.12012531839112	-0.687061208227897	0.524921251204828	-0.334360336830328	0.641290976578471	1.52463704110612	0.598020338447581	1.22183765743009	1.06009417215567	1.22394895281899	0.244441778452445	0.451999196157356	0.675141731167067	1.47955542139975	0.82752342365625	0.935157169018125	0.41124780674617	0.360546792120856	1.04764622112299	0.205151589383114	0.935042216284749	1.07883780039163	1.70891284007671	1.55749602165223
-1.04283997507715	-2.44242163564658	-2.47176917996823	-3.125934390294	-1.93650826586974	-1.36395718360908	-0.961443552560472	-0.322146375259237	-0.411078296186795	-0.0453312715189498	-0.958892231268387	-0.979493053105059	0.231542239946448	0.064663631599334	-0.590344611908416	0.795101542442866	1.47687903949701	-0.406054064970554	0.183556409245472	-0.331022932114766	1.46076229565797	0.791467393819066	0.382435497494662	0.291290006321699	-0.326054275597454	0.197695833216772	-0.311701707923315	-0.134940773623969	-0.216280447988604	0.62804096967595	0.2089901107005	0.0283223470179254	0.0826515877975952	0.392313019654108	0.509934668174589	-0.505393001315295	-1.07956952484299	-0.579659540232615	0.0511961323810471	0.89087902040459	0.705430739283714	0.745990379292792	1.18622593341372	1.28677579947752	0.679752823742471	1.54195541396211	0.933357441903919	0.462806795449297	-0.175909954154261	-0.263841875569369	-0.0703093614669852	-1.27157804505496	-0.77420741379392	-0.355074860452162	-0.730660892257651	0.437034141627957	0.785237056193392	1.0745787141627	1.15817737851835	1.57020080777625	0.45265733840868	1.69668653155793	2.074071451651	2.65141144205008	1.88517044286783	1.71648064379379	0.442043041955564	1.0735567584852	1.05172002201557	-0.244866447100578	-1.26273154756554	-0.528253124234472	0.410239981276834	1.66040553350618	1.19389547366491	0.947560970561434	1.446718750711	0.26601657112419	0.474777253514893	0.850341482100451	1.58506372853564	1.28670952183027	1.65213886499739	0.346646877783603	0.226280132878092	0.147010981855472	1.31437940827581	0.637737440030338	1.22988078523269	0.794168598267779
0.215496124111725	0.227290247848438	-0.690207302146918	-0.840692831134953	-1.27475500495985	-0.718940407343105	0.229765654785719	-0.428467203418002	0.409765049165608	0.544589509200325	0.18431194136574	-0.502178984161204	0.35400756342031	0.164488729464816	-0.220304925193252	0.0432594741664936	-0.137290286334407	0.943236589187038	1.08642066035234	1.75455176957964	1.79136243733463	0.604184796661373	-0.270214537256579	0.371821492413726	0.372996097780613	1.42568944745154	1.11799851428557	1.16458193736504	-0.808500890215656	-1.57208577895051	-2.32788744526897	-0.736840096397456	-1.47761917213853	-0.906157832460445	-1.37320952057074	0.379776867877356	-0.882775068471409	-0.956615013162341	-0.087862383407963	0.626610634380586	0.83215642140925	0.483855503209066	0.863575899424422	0.925261907328869	1.51122105803736	1.51977698847555	1.41330651908851	0.792168060427365	0.0739974905134207	-0.227680302522507	0.443667689106009	-0.16786847285144	-0.257832404972893	-0.135365446315988	-0.599780156084429	-1.42360331569116	-0.0199898460809123	0.0293959023755658	-0.481909882291106	-1.14960018352073	-0.635096267520291	-1.24896004040673	-1.43248851671643	-1.64303941232708	-1.52615843509023	-1.65767889247043	-1.49617586314459	-1.08543475525116	-0.788020372215406	-0.401517492536473	-0.167491699622179	-0.96259235556251	0.569715111772703	-0.0525641206029291	0.382933452143241	0.0177229536247545	0.259060205787355	0.594664206729297	0.169925664138326	0.46770800690943	-1.27530153627182	-0.105596846947114	-0.0563320427881803	0.599895317963047	-0.362349639449956	1.03976640674376	-0.261464832210387	0.310542690454381	0.837939705691407	-0.671748910790061
-0.317370997019444	-0.647806768072906	0.492647065254015	-0.362638629941872	0.302810284720963	-0.0393566814825077	-2.05510355265647	0.364426903860921	0.509870156968685	0.135727063610704	0.61985933777036	1.6611789910847	0.514401550103009	0.247546635341465	0.639581275504685	-0.245991759866815	1.1442091439764	-0.938243046967094	1.96453343459837	0.160671600452089	-0.0451838534232532	-1.55365995205004	-0.633210263430591	0.0777614516583681	-0.100107883829375	0.274045852519262	0.990222275901017	0.143330597825082	-0.42263987801633	-0.700057658889884	-0.0656639350593275	-1.50397460546804	-0.14826186009393	1.42768066238856	2.54871478939746	2.66044269247808	-1.1125854236123	-1.09326545560266	-0.889010800542662	-0.335524762607011	-0.0215358854593524	0.164376268421312	-0.369489569396745	1.00066473525248	0.923304721515625	1.35035292860427	1.63712396447722	1.2354704163841	0.908830794937708	0.292792274715789	-0.0518209980734024	-0.227229199556957	-0.714158009958492	-1.12802190253823	-0.430930970569671	-0.244803953687694	-0.4266644210099	-0.803992387772436	-1.23576898065688	-0.631401435706876	-0.87229791983877	-1.21818778797619	-0.940100564910663	0.155464435822686	-0.0734897829786939	0.854951664732717	0.545315583928446	0.890397472999148	0.620622953532972	0.0700376597956919	-0.721882680062397	0.512936180947694	-1.22802714947022	-1.93328552141267	-2.67995415891165	-2.45018614559327	-0.997696528286522	-1.73289882731036	-1.769146422146	-1.31844603116278	-0.362547930476854	-0.111737135619346	-1.32157433711274	-1.04285124826021	-1.44466084923901	-1.56579831470836	-1.49108467509435	-1.72757179308665	-1.4824526109427	-1.24475305445672
-0.47532230209744	-1.3775624673063	0.456576789369276	0.45750062130939	-0.397649946653968	-0.719178816841597	-0.207652662526339	0.688581949528103	0.433475094593219	0.192335904377686	0.629733763976926	1.41190069799413	0.426248132948025	-0.254735588283626	0.283300720283524	-1.1091908086083	-0.199668598950043	-1.13560655070389	0.548122936231489	0.635592979867981	-0.961761423609213	-1.09957271496091	-1.14241272505182	-0.178119349505634	0.861969105143181	0.649224908392702	-1.11089883888041	-1.86869517905908	-1.96134424698651	-0.199015817049435	1.11941609908497	0.660328163006523	1.1705497491987	0.733669199446801	1.05816495078948	0.437370615979367	-1.83539978990046	-2.00994487152991	-2.10668140011977	-1.3151715880649	-1.40312140704796	-1.43322745694376	-1.63976272702757	-0.89474564941803	-0.713674186326653	-1.04001542483275	-1.3751396770235	-0.737433699959591	-1.62939010897958	-1.3679737352814	-0.911647463105132	-1.49857783945364	-1.88598572241586	-1.54727766121941	-1.21172798545548	-1.56101331228902	-1.84675879600732	-1.38148634989627	-0.941810921838153	-0.0735907280071379	-0.565087837949718	0.144422694476762	0.876966280045414	0.292676424864171	-0.353720919149622	-0.777769691416611	-1.73319861326877	-0.649520476529209	-1.39595448129157	-1.4030710269193	-1.68127945138144	-1.69668583630886	1.5214924036943	0.140390325583132	0.71187550344823	0.842645532840734	2.46366720701016	1.66570751851764	0.730062209915767	1.5251077131365	0.4063858512469	2.12119206933034	1.81848001406015	0.940633712118508	0.578264121002668	1.41002612619298	2.50707653961374	2.08521060532342	1.36977636818465	1.50669969648021
-0.0530617222803288	-0.528605756107368	-0.334974667672982	-0.461774069666985	-0.100670534114815	-0.5573934293724	0.320042364607513	-0.239932192875451	-0.00833172358256454	-0.546972291123014	0.380313717651632	0.381579920515308	0.726964211470283	0.00889111840012818	-0.768334917533092	-1.3342664663826	-1.20683713219464	-2.21058242248594	0.186873790263414	0.771610347585484	0.299358898469264	0.124459053159261	-0.879690409436491	0.120241311365896	0.350366802588573	0.906625776506194	-1.49816612291054	-1.48952293102904	0.0357652601298701	-0.181872474334291	-0.242045589988743	-0.434290793298261	-0.270134853247174	0.301912001323975	0.444494534150791	-0.176798475951405	0.597404539627569	-0.0952491823996918	-0.526345017853442	-1.58628710723501	-1.52112670526032	-1.22868145005061	-0.914965295247564	-2.0943478273357	-1.39594778500557	-1.12216265038746	-0.205591231060562	-0.00616007434955025	0.639847020199223	1.09250530697583	0.446863325360754	1.08075131791941	1.50917870341303	1.0850146032671	1.68534107834464	1.92107701515241	0.763287958141606	1.37287138496238	-0.39510598833126	-0.0742548540297126	0.599213982145784	-0.31240545445992	-0.43640779368875	1.04676789829459	-0.048692504350867	1.51633080558725	1.51941615180536	0.800564444327941	0.86825973449803	2.54817893206815	2.10387409717617	1.8578927391367	0.0606960259890193	0.52485115557879	0.360106403812625	0.285454601564545	-0.850893244118865	0.514210901524266	1.4183031454617	0.750234385619101	-0.496157138978373	0.195150161863834	0.889111989876554	0.830615740032246	0.204529774548932	1.49986674024914	-0.195994001351658	0.466367377819002	0.131196720193726	-0.391589402651782
-0.750742275410916	-0.852684469666569	-0.170371445266797	-0.245299188609895	0.244433464533757	0.538079436466431	0.366149034768271	0.199522106555725	0.304254382400848	0.62853578228626	-0.406921119961778	-0.510336117225222	0.930956575130435	1.2619165499558	0.635735425586347	0.518691215993897	0.319562028168366	-1.26619657477382	0.536657415180213	-0.0676369806177875	-0.468770289522897	0.510316458686883	-0.417010864785295	-1.19891834087965	-1.16915284770364	-1.54759292770227	-0.655180327340797	0.436745427093086	1.73133152275289	1.80271193415746	-0.337264746466611	-0.0479617109735949	-1.23006193638688	-0.266675764507344	-0.199533649421578	0.87891948530921	0.268069800380661	0.207402071860396	0.478273054111425	-0.453720699181555	-0.988010060734881	-0.790337175356323	-0.52514889950359	-0.189793577817818	0.119622822842425	0.160940164590363	0.0425792864201205	-0.0659323517070419	0.360044612110813	1.49636576599883	1.34152971808551	1.08607773353165	0.595491453522663	0.817088568271177	0.70791241975554	1.00480256698166	1.4418493642297	1.25163020635497	0.844081924038137	0.452244260580721	0.378758696351605	0.15899252063303	0.318942223920678	-0.415976949249503	-0.301914138775812	-0.773758836026846	-0.932944690000331	-0.00357849316780701	-0.214307749765161	-0.544274914624888	-0.198686768053114	-0.855960434039279	-0.145145013269687	1.89856876223285	0.942996186469501	0.250907252228544	0.683520109737847	0.294326893792654	0.416315351413087	0.528364430903289	1.81041071731504	-0.277583207079051	0.924943938725825	0.0193404268312248	0.760297591543424	-0.4834126126112	0.429888138340296	-0.376114703438019	0.217694631005805	0.917689067428456
-0.803861695205191	0.681849095638753	1.14467261871937	1.6612115700023	2.57962422381076	2.47937143383163	2.2865749708737	-0.366700284830008	2.38185114592137	1.58435988845503	1.52492447971068	2.07334222546576	1.51262102408148	1.0522723220921	0.736293795875	-0.103446733309386	-0.327318653957569	0.407550951898097	-1.07400030359828	-0.772629501449695	-0.702890986107553	0.978329857914295	0.370604548114341	-0.470606648275448	-0.219441305966224	-0.894381663938935	-1.01098203872448	-0.738072395217491	-1.14264985799719	-1.44077818635962	-1.80441188725099	-0.936164811113325	-0.362620281768157	-0.440526650508592	0.143910643970254	0.00457110010395106	-1.4121338436384	-1.37488715519396	-0.661511848499844	-0.103300225340484	0.166450422711956	0.585053399996326	0.82348468485275	0.485980124371709	0.348796714664013	0.385637979904881	0.463257562616221	-0.341058994948744	-0.82972897414643	-1.1898296585993	-1.57140802215349	-1.8210879138146	-1.43758294734305	-1.29115973122713	-0.11813932162222	0.201987707513904	-0.938476009655522	-0.0531920741486318	0.210357077593433	-0.104636152156688	-0.880521836605624	0.37093109993022	-0.15619947622852	0.890236836680943	0.61917819365329	0.232540847456979	-0.657161305908619	-0.665309494319041	-0.39066141931096	-0.473236607934834	0.0583173079815866	0.682019220257698	-0.663647926317442	-1.42868667247829	-0.767233418927655	-0.701900783348566	0.853938946161873	-0.80314970683607	-1.11192658088346	-0.309137866408832	-0.761395363144448	0.515110937492833	-0.276056163855197	-0.444296918814455	-0.421085862493902	0.157706808798287	-0.294984281009109	-0.0215002519789939	-0.768899545267582	-0.644808758735018
1.04517391392926	1.3646942947955	0.602093130733246	0.240808017003406	-0.537395963051105	-0.632600930755009	-0.483391194113427	0.765071649230723	-0.384460335368754	-0.670175473851088	-0.728116528611982	-1.92759154317784	-2.46301286091099	-1.58856184816746	-0.868351006561807	-0.132541867645489	-1.40846067809342	-0.0271191711956458	-0.784567228420042	-2.00407395547418	0.141584923577462	0.198107214333742	0.304453041028186	-0.959192598502317	-1.58260699422032	-0.971642230467151	-0.996533890585582	-1.2773190477133	-1.02521040528559	-0.987491042289018	-1.1178625586989	-0.47421077741771	-0.409059017148857	1.07816935965963	0.659834094885241	-0.0528080379471824	-1.70878035663098	-0.997321893241443	-1.35250367068077	-0.178396908845657	0.0380706976916149	0.259627889860344	-0.774968557996406	1.32195753710202	1.03789075821428	1.040871547325	0.761754890784467	0.788788835430825	0.310720442487222	-0.67888230780303	-1.16651852409776	-1.05355008089871	-1.89348728093272	-2.11927686890255	0.958826530938873	1.1994856634424	-0.501526328059085	0.397297141876926	1.02999462001659	-0.342599631590995	-0.188826691685417	1.20770432553181	0.509605986427251	0.952488048663744	1.53533046736527	-0.302751842365766	-0.394744084410318	-0.0228102310144852	-0.327743000017469	-0.96504384990383	0.50717600453835	1.00967996410357	0.522429617978163	-0.643732498902847	0.00167289292739066	-0.917321109480143	1.24379299419109	0.441375242533026	-0.0725795495671822	1.15596859848385	0.844117079241242	0.0914850805483748	0.0781191929263814	0.115871280723285	0.50680859918304	-0.915297319628173	0.460905293511662	0.760165866534141	-0.0869846177709011	0.486222928130918
1.13047762297169	1.1045712269139	0.858489520961593	0.739720347614319	0.19399131215572	-0.391715070613961	-0.875489014435501	-0.629803134737243	-0.295793051001947	0.412336833785925	0.239654423461712	0.74501288154701	1.78668149818277	1.03313554645144	0.407863134040521	0.969170773645535	0.453062573792757	0.559616417640405	-0.407343515517768	0.0346798104599473	0.00688886566736846	0.742496478710214	0.768483526415676	-2.37343552839736	-1.78232140717624	-0.870570937786662	-0.360611479430655	-0.526707462329564	-0.371955511740063	-0.486087618621837	0.245373013698073	0.716906087628462	-0.101528703718846	-0.470206031064277	-0.0648357228527043	-0.00918791722922926	-0.909485587554817	-0.847971719813013	-0.592800515640567	-0.713088521519944	-1.38069852380555	-1.10246995098751	-1.33356540003301	-1.8530090856151	-1.03480528425741	-0.712532208293945	-1.14200464785429	-1.05892318856411	-0.972557262531785	-0.138947321254971	-0.183390214245804	-0.578819214971663	0.242555182138397	0.262510762922233	-0.541591146913894	-1.37491451949602	-0.110466525078329	0.0479920945661219	0.823180777912828	0.636030153085703	-0.738756629672449	-0.0553236086217349	0.528214565442254	0.16708357552494	-0.523169156848018	-0.331757411133038	-0.189060290687489	0.46277431389732	0.155479168763326	-0.465872224527869	-0.89874154659349	0.152879176215775	-1.35709631975429	0.0560393384742102	-1.10432071089661	0.0822471986455254	-0.543386261374195	-0.566794541747726	-0.747452191247404	-2.13808922679906	0.39368751876252	-1.11359950121675	-0.464640710141585	-1.36726518019144	-0.735387472296644	-0.745297501008178	0.586775395879994	-0.912738671169143	-0.00811496186814247	0.498440939607271
3.00936488249191	2.0916191381808	1.98412756022463	1.12629121689892	-0.352466391218532	-1.19110286341503	-0.682194955401649	1.29562903083037	0.257592028021173	0.0261586610585179	0.183116188237554	0.350286359471751	-0.744497249326322	-1.77762325199098	-0.433003988760374	-0.943716542842921	1.09727147902606	1.39821484300731	0.15277242988162	0.837719075231651	0.122570758986479	0.501729777983267	0.00838239315979427	-0.0622999869201825	-0.110837310006479	-0.227601299351467	-0.104315385722492	-0.728733729945901	-0.687289803304177	0.667454652952199	1.63517290162933	1.14262433435905	-0.946669825781538	-1.01259753079383	-0.77063423942948	0.469938941632005	0.527940634881953	0.803141002726635	0.456671390282167	0.273654138802566	0.283758586229364	0.343895295870476	0.764467738079032	0.652691357971447	-0.0280600282695528	0.0725856701880354	-0.074802492344368	0.132362874088405	0.0253180787815704	0.292143324673364	0.0960539975618962	-0.354398249167285	-0.0619224919673136	0.18457891010104	-0.389601383211214	-0.258872168535279	-0.592734697310919	-0.0543274882144149	-0.0254591966644245	-1.91507268939895	-0.939883417909644	-2.12479687080923	-1.65346346018656	-2.15020106586123	-0.911712417724736	-1.88500174991416	-1.21713099719006	-1.50816491606458	-1.40876061999036	-1.98242921007708	-0.189225449567443	-1.29252102525148	0.475794561156925	-0.290022191701758	-0.350373268450588	-0.458700322998202	-1.5774023046481	-1.47978418305455	-1.75456176815299	0.0456571567314995	-0.669618979867281	-0.999318396805904	-1.87909158038758	0.85205448624335	-0.763120696613731	-1.44081396838063	-2.39735233299944	-0.951058672981071	-0.314974430510031	-2.36226279640176
1.53815017797417	1.87646479921466	0.946261089632359	1.24494333157981	0.178882398756647	-0.316709509979321	0.745229715568927	-0.182195444724056	0.147047371812392	-0.68527069844273	0.33826100135494	0.713609822134521	-0.759644055241522	-0.91124773054682	-0.643049434093728	-0.316735391537085	-0.813235712975751	1.39873586713316	0.826340485214365	0.654593794521544	1.54672243917791	2.58981905343953	2.11335230640407	-1.18868339224857	-0.816709634628987	0.00852193682196593	-1.54011772695449	-1.75309417559935	-0.295420621551194	0.207554488943209	1.0227227363298	1.18779990861739	-0.796974368958064	-1.74606319760678	-0.588511093372384	-0.298670529740896	0.485890209936678	0.737649504198574	0.452381062545448	0.491398359270621	0.285497122720122	0.14154633767162	-0.0943925375656492	0.102454823328286	-0.305191571457889	-0.829527192305437	-1.42498109096934	-0.862579593868935	-0.639726060445979	-0.669953456736044	-0.271494501981967	-0.505171923109013	-0.445388379537753	0.306659871974033	-0.31353701688622	0.0482671485770384	-0.627713981712402	-0.231192985670901	0.400337900479984	0.586061656255312	0.355559630218323	-0.196102046969515	-0.121634241174357	0.402791526480612	0.122508361678794	0.390496051550566	0.339356938412009	1.03758404291966	-0.000513847406135014	0.0329122209452851	-0.357326224343491	-0.155255278785627	-0.330009801104183	0.347607660437304	0.0169854075787409	-0.220832870313942	-0.531757617492826	0.0382926445614283	1.06380867278317	0.0133555566619118	0.226248331843197	0.415034865740512	0.777158222352549	-0.57514833808511	-0.314578005216598	0.456518118801391	0.374666305503964	-0.0737962884974017	-0.000121209675951507	0.209821995481202
0.474071446088008	0.450436461401383	0.442877050212635	0.0882863496277315	-1.05254009277416	-0.2579217298201	0.191350667850804	-1.5527496857873	-0.301395805837769	-2.03140139349676	-2.14903834112892	-0.684782343503373	-1.40705159661667	0.100220128619774	-1.28681329284084	-1.49509425988006	-0.350160992689629	0.11248521874655	0.764875472901132	1.49109008151477	2.66902759978851	2.05933084327801	1.94658487744345	1.57594728241452	1.33112958513804	0.835321153483197	-1.33367855813801	-1.76556142192397	-1.8197975783666	-0.89726839500353	1.24998801596335	0.949554880325098	1.77998956354617	1.80538544097523	1.85892584255243	1.30353648009491	0.1690632058383	0.0167082117670084	0.424869030857982	1.54809372559373	1.35636592017017	0.622678727373789	0.0960446146819838	0.176873114523341	0.430959533163424	0.333705110537485	0.439803708328061	0.0721435470125822	-0.242641198870436	-0.956022628865035	-0.0589387380670197	-0.132511712415236	0.313513724182072	0.623190181602393	1.07346633685349	1.2261152682873	-1.39489628743087	-0.41631797872096	-0.889532365946666	-3.08640901784743	-1.0322648588668	-1.78466312858975	-1.96790284806429	-1.28298964113729	0.137830952323408	-1.57544654653478	-1.24893031663075	-0.66380945989285	-1.30907153245376	-0.742818984539334	1.44731524205978	0.68658375273326	1.56248483020645	-0.356739273866884	0.264470192159273	0.346720011329649	-0.333597580902379	0.736705730446356	-1.49329079206908	0.913994565039451	-0.746012017604447	-0.120494092923288	-0.681151195259066	1.55308334059508	-0.667446047466453	-0.485740567634398	-0.608859710979117	0.458569329442065	0.208696572791452	-1.50389511982435
-0.663101991302677	-0.596737961591483	0.0485808410716476	0.249189814086459	-0.181965505643537	0.0912133382420788	-0.0210286863456492	0.975898315333629	0.225137789820141	0.768138232417899	-0.479938487800454	-0.501723252581576	0.391498187019037	0.431286913703255	1.18441165323657	-0.00880833083415202	0.871615150271617	-0.559232021927929	-1.87841250512703	-0.153560591930623	0.203492030307184	0.950102408346992	0.630883732846499	-1.74713441803506	-1.25600103048273	-1.71302196249827	1.40497859785402	0.464546436630889	1.34157208342177	0.129896466919745	0.622060774311421	-0.216537573556095	-0.0621688204670238	0.464966870290268	-1.19919292434061	-0.821045096247485	-0.550893796199771	-0.389551566061314	-0.812635333892771	-0.295371298525049	0.17182411673764	0.124130309293723	-0.106404960867128	0.725258464852379	1.2702406974221	0.338500891936916	0.29516193450051	0.661911543796462	0.634722684897385	-0.388056054227898	-0.389687432895814	-0.762416786623948	-0.898035135849487	-1.41453129885764	-0.72244612044778	0.330221910040338	0.351153782526866	-0.414564527211155	-1.06127328884319	-0.477810028538405	-0.736383120149053	-0.327765460469187	-1.32200879284282	-0.603291960329457	-1.12855280674585	-0.683194791998509	-1.2377101187101	0.123439521810025	-1.0427079345967	-0.306240547699138	-1.27907502263192	-1.38355704394585	0.151731645799124	1.24655515731652	0.224681874737619	1.40847559843027	0.937349964313744	0.626067728370918	0.990965416584317	-0.736647744566466	1.05079516806497	-0.939098877301357	0.572788488100856	-1.18599875460586	-0.133247078884367	-0.109997380944435	1.5818915921567	0.942996585246766	1.4380014780025	2.43027219309379
0.245083015719713	-0.365486609119177	-0.530261287529858	-0.519411764482289	0.295225372582404	-0.0174425685085154	-0.426419467456308	1.05011239860878	0.993997960218129	1.50254705832877	0.0667688493604167	-0.0216333177490299	0.581432650619582	0.262868612661858	-0.276905161150706	0.110622706388789	-0.141212685103025	-2.28424079961397	-0.334510395169512	-1.05883753237859	-1.34064120472176	0.712139841221484	0.930249122599476	-0.0249829014673566	0.276700230211355	-0.732207508491179	0.561111113522119	0.589732922760184	0.537231071419562	1.23987229769001	0.923488567333743	2.4099680032331	0.502556015736229	-0.543002431257254	-0.482201706232914	-0.641104864886783	0.837504300341382	0.902210360756541	1.95353486766254	2.11928041858391	2.17343392019989	1.8993976089648	0.966245526557539	1.09026205829412	0.438782058539889	1.31475406546092	0.54145359371021	0.161175467278654	0.2080737579822	-0.174911693648559	0.870976865526818	1.01904382624076	1.01591190458632	2.10829968177763	-1.33875854758321	-0.872343109315498	-0.134292433176369	-0.757256686837184	-0.21220068616044	-0.119624043267271	0.0343091224382201	0.626733242025266	0.347539825537749	-0.36415715778324	0.056736930532038	-0.0895845059606333	-0.416786189422079	-0.909129999599947	-0.133676845289037	-0.707400651259042	-0.980653124293815	-1.11172776615503	1.43464909578576	0.902250912871631	1.2910746146259	1.10130098941214	0.768833785488574	1.83580300991349	1.67770180455674	0.828884136594477	0.558576799370039	2.01150553820614	2.40954402312339	1.53949649312524	1.00425084359363	1.84426009628809	1.50495075443467	1.02599746947992	0.270525105839265	1.35519771975718
-1.27977270162637	-1.53283977052243	-1.40642490894376	-1.86549937408737	-0.564231659764499	-0.309658018393084	0.637183645037622	-1.41254569632466	-0.773803049865377	-0.505446633939672	-1.39996086727236	-0.205801569508668	0.781595345449133	1.10190920437741	-0.386204276083341	0.374787860932439	0.767560193082121	-0.490742558737525	0.583796837836584	1.5892569967957	0.297082385926535	-0.295872456515066	-0.178303254205684	0.323463256068036	1.35578503434075	1.8438424308965	-1.28196841502264	-2.05749769772504	-1.16584453663994	0.427811070739138	2.08864381008781	1.32374957435486	-0.567422961137562	-1.53293819125201	-1.31166773687231	-0.488700845252675	-0.256177266918404	-0.608771946330243	-0.670383090628078	-2.24957310784772	-2.02337565314234	-2.24464041345928	-1.41828246738862	-2.44427751282709	-2.79983471107715	-2.66841402036138	-1.72300171485724	-2.3728668824297	-1.46967737392715	-0.787698718065154	-1.27820597162353	-0.429154823034362	-0.466271617439374	-1.05665156002137	0.140673039057508	0.435804614343198	0.964238115434804	0.708715448562105	-0.282516910206738	-0.617748237780942	0.695951792098942	0.568836899559991	-0.415906605417061	-0.443438521875757	0.394861279380582	0.167313471042929	-0.233622952443143	-0.985742257338724	-0.144241036977886	-0.484539222306065	0.254553532010529	-0.195747122848155	-0.394759926105275	-0.652522701081932	0.167698786454274	-1.01472329152259	-0.43768953329793	-1.38614104074772	-0.561351139456916	-0.900063632656582	-1.180411252256	-0.760809782229182	-0.3362828441129	-0.186662198660264	-0.733594210172594	-0.868810913937665	-1.03055462397257	-0.917701930241612	-0.407534524501505	-0.760424423831083
-0.747068534804117	0.29080546251155	0.0315564481469026	0.0790785731777182	-0.318104413017641	0.0663640875363966	0.975687914936058	-0.633161189338734	0.0947614688800893	-1.15444119480335	1.18411733999789	1.76757455204676	0.482801290228084	-0.264974694982449	-0.804224503990927	-0.812185746151768	-1.59946716484592	0.236371351587668	0.549061684527936	0.788088244151556	0.519118729649329	-1.3642598572908	-1.08879523055104	1.55418684125103	1.65565797953761	2.64511163064706	0.321303860747121	0.769656481787163	1.16228174407682	1.35584646622247	1.02754216491804	-0.160351870024779	0.12413640209942	-0.044109280859934	-0.104794129520705	-0.188867817886609	2.29719459732592	1.7970989425819	1.25234545901525	1.33761103053421	1.25399437070285	1.61732885907315	2.015670483192	1.48979498168905	1.69804443529498	0.918876764644094	1.41638411597793	2.00422496366937	2.02136134524907	1.86432259839233	1.51406878273576	1.79019877638576	1.62870738814045	1.35498172418811	1.11226286243291	-0.091807189577172	0.811404900718607	0.506047717954542	0.160385184966463	0.460500777032362	-0.288217244761743	0.6172792810487	-0.00558782122776301	0.198553954089707	0.240812695434429	-0.264249467763147	-0.627899883443311	-0.527337544416645	-0.393929914626873	-0.497648261045719	-0.145721468618348	0.425259619510591	-1.62616880241956	0.153860889051598	0.204134652787204	-0.296474451899178	1.74425165064801	-1.87965818765576	-0.837294270004537	-0.897469099636213	-0.307306607157292	-0.0711742309333319	0.316533549243705	-1.27128926427136	0.47875228696245	0.220246933312988	0.82241321443339	-0.56976256783174	-0.298182979802867	0.221959460097804
0.273233099452657	0.604658244872462	0.141917515745896	0.692708340648407	0.774615237303553	0.153237796914905	-0.214630103007618	0.124200521228117	-0.23116597700068	-0.208131735858461	-0.081779099258933	0.030395707336664	0.0815165022714837	-0.56040186883023	-0.0319155987031331	1.19558743498387	-0.0473459269720855	-0.154638295225779	-0.616416199933313	-0.717582558418097	0.713525385099298	0.959458932164891	0.844390971131426	1.29431129059163	1.11375327097501	-0.147948743281104	-0.826233671580176	-0.244067260859015	-0.502449772624927	0.118092223342361	0.168894092059874	1.0839164673103	1.66239844909639	0.971009208140654	1.46910226806391	-0.80638898558126	1.41005446885858	1.00999897229876	1.18576313888931	1.02137750590947	0.619397796485903	0.238927515676468	0.0822009466822566	0.16957490664086	1.01069963929639	0.721542343428589	0.881863807984249	0.949214040354887	0.762492049301609	1.46694581429192	2.0381259287616	2.37101930404625	1.87642832046398	1.75276158062174	-0.237001204529413	0.146975296419142	-0.0667976829838165	0.140719682249434	-0.158873876353966	0.177736541431119	0.449911087167134	-0.505839555507496	0.462573066034269	0.389159456541314	-0.286775046771916	1.10585493933086	0.158298293484272	1.26452006571852	0.209799988958725	0.000949818509838751	-0.728383254796945	0.211891384509454	-1.48928388830897	-0.212934712155367	-0.628826751950927	-1.37764240901208	-0.341011735730152	-1.17460217137802	-0.563700972599004	-1.01826295251645	-1.04632560602129	-1.43423533872084	-0.69906359164167	-0.734772239381353	-0.338214242245011	-0.197608809186626	-0.362318856350161	-1.10118677655991	-0.905735826167036	-0.135691653321346
