-1.78079869498932	0.757807305364747	0.0982672372257289	1.80248425136959	-0.373029842690276	-0.759242003199015	-0.203924580729318	-1.35406815641024	0.54478880247885	-0.371090033986743	-1.17967012956225	-0.927711314588324	-0.886713039788406	1.11215195942013	-1.57552059753754	-1.08174270702371	-1.9173780875229	-0.814009030642197	0.39976857975631	0.389370221979882	-0.85272405441838	-0.298591027801355	-1.82357265416466	-0.361824567359912	-0.369283110482341	0.188587562566803	0.189193611135401	0.741938502239817	0.684949953381588	1.39918987298248	0.173389631036152	-0.851190903242669	-0.750416205550226	-0.353157580124921	-1.87471792207234	0.549972775485968	0.479620537042445	-0.168752831030024	0.852189643991174	0.279760380720488	-1.46888433665952	0.132960570301939	-0.535753240104689	-0.698600308295919	0.783783408360737	-0.826018641133002	-0.573091940271497	0.466236918423878	0.589430426547355	0.53371816424518	-2.09206138941778	-0.23435540774434	-1.27954690419438	0.705274049985604	0.321493317794302	0.368844789720664	-0.573498845514863	-1.71985889621403	0.101751044282652	-0.115619331744462	-0.392937915624497	-0.857054092802093	0.0333737631484103	-0.620616031579138	-0.470374997007112	0.0773430244576733	0.0448278490378671	1.61470867208552	0.462269778754139	-1.34655393883797	-1.37146837845707	-0.317191612886401	0.202437404073642	0.689316507876602	0.66010981745469	0.562346225681753	0.600941030794399	0.912884865472271	0.0250180948532478	-0.0191900706845569	0.0795275331191409	-0.130122512971971	-0.925883216483655	-0.163583679255826	-0.254085412839571	-0.304530648312064	-0.0728594725788918	-0.0918985432178568	-0.653489436705992	1.07319876223865
1.52341368683338	0.752780883093656	-0.22908690547594	2.69628595948813	-1.06675040637515	-0.690713782841046	1.45965574700608	-2.61419002126447	-0.843314045204416	0.808500788523948	1.03418929227923	-0.326824462280672	-0.325374694267333	2.21246452658503	-1.22090934784964	-1.38137219260461	0.550720944559876	-0.382092537205816	1.16550499548479	0.758227753386765	-0.843906919699119	-0.32767342695219	-0.201010308495219	-0.299569416399685	1.33020608638867	-2.80650459860581	-0.372545740807568	-0.107036740415151	-1.57269297373557	0.826464154156785	-1.07023197064291	1.1319405148695	-0.32500357269885	0.148034077394915	-1.05524069975998	1.09097888749724	0.573830833062786	-1.31453858144719	0.0528133261870348	-0.149951774697882	0.763725238609912	-1.44122435970982	-0.0610792663156349	-0.786120705447965	2.22818712788857	0.872665423882992	0.264782114967419	0.517956330703921	-0.308605279056866	0.454484461669784	-2.72750700962511	0.304437169939169	1.39161920419751	1.7087397041162	1.23316544208474	2.06524735682856	1.41856458962219	0.349468749001328	0.549212498950244	0.277806838120167	-0.859263630877279	-0.699355007638824	-1.74450791278198	-0.363220628706893	-0.227522352503086	-0.158004650619044	-0.957551636005672	0.906531660533855	1.06505097938633	0.468854747992428	0.308964518319079	-1.50058332363234	-0.0877999745066539	-1.39451684841331	1.93972198063372	1.02812210686716	-1.07676599057366	0.0834348713582736	-0.287579414318952	0.724902276135649	-1.9773248764914	0.844727110290013	1.04761575367773	-0.613817804183591	-0.367377101131358	-0.534993957046809	-0.190660422533296	-2.03160626887917	-1.89104809455468	0.387959865700694
-0.341906023818651	0.34355081871718	1.04029442263009	-0.603207516180805	0.000771731291823153	-1.1244428841691	-0.18427261853023	0.746275246525251	-0.911683685978779	-1.9596156227594	2.59703825841508	3.03527996903107	-0.109331748220747	-0.920540162416733	0.896832200621943	1.04678724982134	-0.541379134634737	0.60218265513221	0.703164685355778	-0.213411317997837	0.0549932234066759	2.13810050770448	-0.391173938805543	-0.274994127313051	-0.601111908072612	0.872450609914422	1.50112545107008	1.12787004746504	0.425578944806196	-0.717441515369177	0.186463167743296	-0.830696910598506	-1.48594408433224	-1.06371224949076	-0.818177219485603	-2.02888925050774	-1.88664481867266	-0.404635099301311	0.384977970524208	-0.252513447972371	-0.805584401989161	0.0618176512282468	0.224700551666724	0.604055228137483	-1.13477786380991	-1.1786767965495	-0.44020185769841	-0.0590742385786792	0.707506027958095	0.199483771895283	1.23363538988082	-0.774404923839104	-0.567105254711141	-0.472007347038239	-0.243381641829811	-1.53947768697811	-0.501102178965092	0.315937109390093	0.864985736603974	-1.54155717562676	-0.343719769629287	0.072748959986999	-0.199980819475671	1.82740090891059	-0.0512071464814792	-0.950539486793884	1.15815472930944	0.870163853674492	0.439256801117306	-0.446277690317868	0.61302313855139	0.0369256382826787	-1.20267167987028	-2.35236782477869	0.344654548635818	-1.30282457168488	0.785889038582228	1.27693096289924	-0.047021101709016	-1.12363678932713	0.610195859900527	-0.875619869758929	1.8419887083858	-0.368469483746959	-0.253272591001381	0.86658202013983	-0.874066735734238	0.186151417103852	-0.248846028691464	0.101227216611812
-0.484363722208648	0.192501933559639	0.765469398559862	0.943450215182072	0.957971541650973	0.784544613932211	-1.5874825274223	-0.612825502981717	0.978408860727759	-0.500650903220066	0.865347743571824	-0.0914964763016995	2.12034326884344	-1.33762764080279	-0.107549388204744	0.13080060011144	1.46721748779981	0.902677510602589	-0.209983209916455	-0.420545769300183	-0.395185842869193	-0.172998440546318	-1.15318706607333	-1.67457248309258	-2.09350403047283	0.527482214662496	1.20320636117298	-0.919769927533433	-0.0151805232916551	0.297927926704782	0.423564221677286	-0.2219909714622	-1.26082279781532	0.231454958812674	0.575125473696182	-0.143412358811986	-0.0746948602045131	-0.938386994110807	-0.0748956666362389	0.526768846313323	-2.11847750223632	0.304803818379632	-0.183667171614308	-0.403685174766429	-0.390480166134457	-0.259451122272688	-1.10128345675597	-0.680196600562045	-1.05496882014427	-1.62140465459553	0.37121539183223	-0.628985093605464	1.48334944525254	0.304065037065405	1.56417871133923	-1.10802427369118	0.413707253853215	-0.221038991813914	-0.202815978399117	-0.747155537840298	2.23187575508161	1.51838178750343	-0.995990586527303	1.74162428647701	-0.282675289828541	-0.405519836035058	-0.0844379995663331	0.75328112309571	1.62644317663196	1.98092525848565	-0.665622160546278	-0.397283760970169	-1.50308672512038	-0.624465700667879	0.931694258424506	-0.517868965519259	0.273166408250678	-0.0499772687405559	0.226465992117683	1.8764874620702	-0.365274034253723	-0.416483412616199	1.03486668327186	-0.36778446462328	0.27907902824959	-0.666399573475007	0.534072583022683	0.794053679464266	1.35215183836148	0.83843144277119
-0.591452431651003	0.555165528324674	1.22240790566676	-0.170061518879905	-0.175106117681186	0.934804714149198	-0.577890116917208	-0.955330914673882	1.17039888455727	1.04310767236393	0.8099700802506	0.759382855395096	0.512792747697606	-1.39849034152216	-1.15055885756906	-1.00166458857635	-1.8251766729434	-0.284017161491435	1.25239238823662	1.38049006890858	-2.33878192829279	-0.422417527239831	-0.736143847411131	-1.71387048087349	-0.893107143231456	-1.74615764066059	0.147628474947677	0.378428260299214	-0.810804955267197	0.71087898101473	-1.32692331141357	0.605271927060989	2.3212441515676	2.03886690181377	0.627362929689638	0.0202593591548663	0.49216771352389	0.183512964699839	-1.09870532042208	-1.54064811817898	-1.25949362269715	-0.392588653128004	0.438964801202769	-0.677347392933549	-2.26501083367642	0.0825537884226602	0.263273544240117	-0.177024241193205	-1.19144610430648	-1.09973001335336	-0.182514517142177	-0.0395495658667384	-1.78329599946632	1.37075083504329	1.56240163981118	-0.605608922299549	1.47924380374089	0.650552108298064	-3.14286333722873	-2.74159228231681	0.0647754496743325	0.783221113065044	-1.51340551477552	-0.547688529320942	-1.0075878024034	-2.32591091408958	0.688375526781049	-2.75070451787223	1.42761418497707	-0.0509205440296361	-0.208364419234218	-1.60221986320235	0.0631888755479871	0.363195827586683	0.0605439039633752	0.0523720687800474	0.443682565377363	-0.738608685210758	-1.42739910376467	0.377109111596277	-0.105493548370857	-0.127074038175832	0.923970047500491	-0.682897003411473	-1.35119454907687	-2.06556475933673	-0.706939398462073	-0.705537709020629	-0.141236555463391	-0.957049051177774
0.548143356691226	-0.599842377600881	-0.782841833536123	0.0248847474622632	0.0662842173249955	-0.165863801040407	0.976975512520522	-3.18949775882572	-0.549291912779784	-0.582547454374084	-0.70924054139957	0.540081191999115	-0.589889245586401	1.10742177550902	2.08252010694298	1.0587751816031	-0.0444004313178275	-0.383911631578246	-1.08255426454574	-1.52563965967928	0.17440703897542	-0.330884014287289	-0.0500117858189377	-0.158736103025045	0.478135631993107	-1.14362735287512	-0.575378369898108	-0.11774949082846	-0.837576161713511	-0.290208853862075	-0.90421256480469	-0.692672632825281	-3.00259445146523	-2.72077381686477	-0.354221417115444	-0.74195677580569	-1.4638724713823	-2.37825638992801	-2.42425763660227	-2.09630130241027	1.97730440077849	-0.875199016288488	0.952852462905591	-1.77093437398754	1.33751667069709	-0.382793403658866	-0.806666590482357	-2.13828631875382	1.08568651576737	0.384403817284665	-1.42795960819627	-0.707413609984045	0.814182522559902	-1.80334115109928	-2.40396688911515	1.28532440194102	-0.62295663086416	0.553800843023927	-0.635175092294145	-0.0425692790769619	0.168131914796305	-0.191131727819143	-0.576920313083467	0.221849785000617	0.155487643616647	-0.617382315005273	-0.935751098925601	0.0697461882031448	-2.09201857915383	1.0904679854998	1.47271198567307	-0.878392698784221	-0.102413297519468	-1.19699018763047	-1.0808612292542	-0.0454258840133372	-0.650616401683548	-0.769238248837847	0.671599222673827	-0.170866941124516	-0.859050738782228	2.15225006170852	-0.349527588168415	0.36025430021872	-1.13708491124303	-1.37649237851598	-1.12898538807436	-2.20473414719089	-1.40667133587104	-0.256705033474737
0.199859520700245	0.95313216241383	0.692248474130809	1.8603330991314	0.286953604209132	-0.206812062828384	0.840625080197295	0.122191465611273	1.5436379368573	1.92340921425322	0.0125540004061639	-0.300392809137401	2.2917059005186	0.548825392609291	0.208402162152163	1.22449633204758	0.338184002655497	0.542161771261071	2.43479773333065	1.53667560423671	0.42095407459886	-0.0118886428248877	-1.93717522811064	-0.274909759332106	1.10738798014681	-1.74847133580743	1.04098049756024	-0.539426466354965	1.65042707181677	1.0556007865462	0.056947887763325	1.09117920360185	0.0368962456115769	-0.705472160341822	0.0910289066912962	-0.42452002069998	-0.608795257493991	-1.32564464136695	-1.39887043964628	-0.337685095030686	-2.059303538134	-0.41464376163272	0.220523109900163	1.17789320621674	0.153157931260153	1.71023829448326	0.544229564563999	-1.74217439145351	1.29448196912546	0.0168833156452321	-1.05243032302252	1.60861189841395	0.332399106937477	0.364538481153779	0.128573098723399	0.464710611687386	0.0523575153682759	-0.392662554422689	1.25109186437527	0.642540295816069	1.92931233083171	1.21899645704247	-0.00454255437612204	-1.51103692758285	1.21843468541454	1.53849715385005	-0.232499833074814	0.944092130826437	-0.592272759433306	-0.23910984131875	-0.780046280767365	1.71567316268209	0.122396173555434	-0.63927904478461	-0.544289208068615	-0.0564721974444255	1.16427500150581	-0.244998011450664	0.0360302903833309	1.31829788712967	-0.225381520412744	-0.327105475258363	-0.140176338496623	0.976026942279303	0.872613572984457	0.232610425457805	-1.43424479606629	-1.19149564619575	0.0477099727083294	0.415224518903351
0.800453296569372	-1.83137785004575	-1.36491273532511	1.29176879541436	-1.1832133496448	-1.76070803808579	0.263716087024956	-1.35895107785292	0.515099596043975	-1.33505735549155	-1.47018584207889	0.892505950596283	0.128205832622839	0.787083673339327	-1.38185744090904	-1.82929651301386	-0.455362875438097	0.823268707266504	1.09533530981117	-0.243445668736108	1.06937877368232	0.865672863096438	0.513902147919102	0.142401683958113	-0.65073153155479	-0.870320396456001	-0.92531882862862	-0.870266604997721	-0.34258522569975	-1.34874656225329	-0.412295293003905	-1.77723640282445	-1.53140347876305	-1.6811637870365	-0.403378869307411	0.235195946489298	0.713875178036775	-0.268379077435806	1.81535084396094	1.12974948807005	-0.29014743976206	-0.77145101785599	-1.17999788118257	-1.58921099256806	1.00026212292206	-1.41727045046246	-1.63555610526671	1.79589301403706	-0.742044108367361	0.524888542253309	-0.45209395413535	0.187360401186143	-1.09942568022474	-1.33119671342033	-1.75269924970623	0.455636742142953	-0.435437763173737	-0.0561459734098019	0.553667313778954	0.77764480305121	-0.237465370144744	-0.941006030015575	0.449860376684452	0.98771167711555	-0.853884404678364	-0.0530102556525325	-0.732994565563557	1.42213236076395	1.58946760657774	-2.35445373204923	-0.654425774320071	1.28042119615198	-1.21169732623165	-2.94975833738863	1.94532640397444	0.763371913462951	-0.593125519497635	0.26327046152534	1.02527018296245	0.356461866292951	-1.76816095467647	-1.53351085868583	-0.721669927565533	-0.622053356736656	-1.28240671862134	0.295390986688244	0.260700174946459	-0.57313498533308	-1.11883297948391	0.0568305440558547
0.134354753178529	-0.148592927829529	-0.68539835573205	-0.170923563298788	-0.368106228437453	-1.36730802464288	0.128216532386871	1.16945565506423	0.402628736817931	-0.383510481261297	-0.767383599705944	0.704469808979431	-0.317099257442728	-0.49720594437783	0.0757495545628772	0.494124163990585	0.183090799822396	2.15960304339486	0.892395890981347	0.398358885808729	-0.836460710389023	1.93376188309079	0.948269134780405	0.125480238183831	-0.0144880644634642	1.78265709325313	-1.57726323451265	-0.756158631085876	0.111036559391602	0.205365017748987	-0.152243700094856	1.58661588923874	-0.443148350739807	-0.405661569521413	1.43287757093923	-0.296130756823158	-0.402511710135929	-0.397207117908378	0.249672268535429	0.0148976011885502	-0.646288739269956	0.292175760641377	-1.06329829265288	0.0598458405847028	0.286397057239096	0.952499467494642	1.04373598064279	0.599606733495894	-1.30019595587209	-0.295851051284809	1.06850258316062	-0.414372057787769	0.676995727747542	1.08546045534053	0.208369606185803	-0.376038109662895	0.593752611012067	0.0799347194802208	0.419731397801243	-1.49781886384421	-1.23955508793298	-1.05469162331284	0.385775474941566	2.19623300493186	1.38388528723766	-0.814312920173698	-1.13220896621641	-1.05997827107673	0.135261012287234	0.796178177089527	1.10171427616579	-1.01878854756715	-0.387372336889069	-0.674387922182991	-0.173760181719795	-0.611283465667544	-0.929316841769073	-1.53210741045118	-1.28119404328621	-1.36325293308935	0.763051820916902	1.55264751327865	-0.492834753974862	-0.663630498218279	0.123931268227157	-0.749778978124614	-7.81144050079299e-05	-0.110171384847629	1.19795774820879	-1.30488959188557
0.372439983658062	0.361328744439234	0.484636486928698	0.0901181513197927	-0.177968564850281	-1.39486665108734	-0.920868750099383	-0.673978617870688	-0.150960235498101	-0.58935581241015	1.12842595898718	1.20224071550436	2.10773750911368	-0.0132822733450261	-0.562431577214595	-1.66409108719498	-0.747990829128804	0.429504083022254	0.555587258527028	0.339232812219523	1.55323909969918	0.698475019970448	2.43957907868781	-0.290192014419833	0.0352400560540958	-0.644446547726001	0.0822729101684836	-0.42552035613138	-1.9980726408997	-0.96848010486978	-0.427718098400554	1.74547251030263	-0.128492069194898	1.58454585999897	-0.697907898682269	-1.06373674256056	-0.140040032621541	0.595338216759255	2.03813803597271	1.85758481775915	0.0297741893101719	0.182526149283317	-0.786481466733361	0.321273026493316	-0.421872445080229	0.495479331747067	0.902386087147526	1.54482007516776	-3.82326084443401	-0.989007862255415	-0.163971925617682	0.881554714593016	-1.89835000756168	-0.312916167254384	0.448503250547564	-0.488219318901392	0.287440719605651	-0.51203122561932	0.175557337343373	-0.981468768477204	1.4487631653031	0.359092798313154	0.879290313893201	-0.0300056928176535	0.187137100280268	-1.96579091930654	1.29816264428684	-0.158769738432363	1.04533154965595	-1.18770129508183	-1.98636132262544	0.186309359878574	-1.32028887941671	-1.10487483105976	-0.492057739951649	-0.729352423286868	-0.0160418805771621	-0.479859175965246	1.39289858879561	0.455214552778006	0.499322188774907	-2.27130153230197	-0.0923358720362012	-2.25361029643046	-0.949001783722568	-0.906287786003971	0.0527749802365129	0.459734399050696	0.250821146158267	0.849407422193499
-1.21345193854299	0.475289156020039	0.812613149828055	-0.525706644661364	-1.5797973361334	1.1618094636584	0.106903275705188	-0.162211905815094	1.34336265021134	0.740365544437638	1.28367064785868	-0.439338667649228	-0.0404642511741539	-0.422827779890503	-0.596698319776961	-0.853154159876649	-0.532964040314883	-0.946575839595791	0.376015458887683	0.892836013916932	0.172034666469422	-0.003666397044995	-0.102083502226936	0.237604876841041	-0.194329862566261	0.681941103613307	-2.24718687727101	0.426729770315315	-0.312763939220026	0.489335657824196	-0.677373015210438	0.598961642075857	1.71666141313488	0.477593674134992	1.43830030558992	-0.324219018503599	-0.632201007126268	-1.09729547451075	0.655231102319971	0.9296317922369	0.253507972126767	1.6804915709488	-0.462980536693965	-0.312434870445876	-0.99702494419067	0.0930702938159211	-0.415273155954731	0.410395744601882	2.25291576780238	0.587788766327217	-0.555193530598169	0.526396549444728	0.0892672329434713	-0.680860868377288	-0.962720040755716	0.118294219889334	-0.211281808019747	-1.00378349470804	-0.0389935026712649	1.510141414846	-0.226311263541838	0.248976239413749	-0.00150485894309106	-0.312344880983531	0.37965928497454	0.88006916995051	-0.659218366621254	0.859972157683059	-0.171424046186034	0.641456432800223	-0.0399783393133136	-0.43590786951133	0.33277067714712	0.952872925687437	-0.753120672013846	-0.129703236487148	-0.391079299641989	1.28238866194794	0.369506332574383	0.919496362791699	0.424381260212499	0.946709112346573	1.34772373296251	2.59868445312627	-1.84617051227449	-0.261089735145415	1.55885591404372	0.40858921653064	1.03098238529956	1.48002369452911
0.0265406976487187	1.43014310436078	-1.3494202575806	1.49775732002343	0.338028464085387	0.0641919599403136	0.737447558489799	-0.0767303647103535	-0.187404742791904	1.55906244903622	0.238456786022419	-0.350723755846144	0.405020841238669	1.12287175049	0.689230056464146	0.29658230253192	0.733534079316553	-0.561701398278052	-0.553289158978523	0.25842252691016	-0.234838968369674	-0.18532809858399	-0.124228835305556	-1.4978301311573	1.09417838999255	2.34383697485711	0.97562638142008	0.552162581632988	0.2205408561719	1.44104130082235	0.023699110035991	0.246339689752948	0.470151424347506	0.124603307457025	0.547087553808646	-0.99016550417139	0.0579111728254327	-2.47836761472623	0.585395508658077	0.838956962805127	-1.13994083568751	0.767961254824406	0.062818385607928	-0.851671427787345	0.494118883948165	0.0403776107849012	0.386090105042451	0.180275255995759	-0.00988658465687527	-0.339020098569375	0.512250853528607	-0.0457319689633499	0.672002971063786	-1.30494303980695	-0.311054845429425	0.421167143967797	-0.386521163556998	0.645112801829994	-0.43170781064447	-1.15374834521811	-0.341831833824272	-0.134946969568784	1.40587223706731	-1.29964388584508	-1.93946489639065	-1.190788655844	-0.533640015555303	-0.391057658467909	1.02012151479202	0.534991697549352	0.0557873095396703	-0.737571761653685	-1.51590152928592	0.634738409027375	0.280180368774051	0.668194193672764	1.33048325030889	0.143193936681483	-0.246079638275655	0.874693076955957	0.132718176224546	0.606536917468767	-0.0979926717486631	0.134228437520011	-1.29811062246485	-0.674740562465629	-0.815988458951561	0.845066952075698	0.537369882553048	1.27781743722528
0.556832832706039	0.551403301547252	-1.3098783305931	0.775408028159039	-2.02783225193538	-0.563112326919759	-2.0626251377539	-0.475677960575472	-1.45275576757411	-0.776655905978835	-1.13023393254567	0.543182012013637	0.103639202343146	0.514831398424047	-1.45600879121816	-0.993171729069058	0.744392080879239	-1.35865391579195	-0.261497483710901	-0.323422499375439	-0.311963343686572	0.593708443917606	0.346390959787656	-0.0359057803185773	-1.16384023848797	-0.399045051399455	-1.70251903858096	0.628255228519498	-0.442073042770251	0.995622423881595	-0.493558421888312	0.571907237215487	-0.402604635974758	-0.394839126848854	0.153365814435056	-1.86243420247656	-1.86123925637507	-1.78267989034872	1.33224654035351	0.757009194389461	0.956041207527222	-0.673103886958392	-0.581880715772765	-0.479195349978602	0.267433672634102	-0.305486923771588	-0.745824368508604	1.97686181338015	-1.10880293615941	0.189224649193615	-0.300782346967978	-0.298184679961619	1.14844176671412	-0.174997734168908	-1.04599418009613	0.854865627315973	0.351416435437182	0.61181923915823	1.21612440264728	-0.632941475718795	0.267967821839514	-0.507645811186722	-0.242876086310563	0.70077726561062	-1.0838501778248	-0.35390335613956	-1.70273687460395	1.63241930324411	0.177760620239992	0.641696117023546	1.10015592563499	-0.544263330203311	-1.65687206435978	0.0937677126178223	-0.950402677960822	-1.12654645202168	-2.30985225050769	-1.1128863208246	0.202549019581975	0.162776521857451	-0.637618874393189	-0.277870460824499	-1.00463517989716	-1.04116152732872	0.0451977870781541	-0.302511733131001	-0.691421734653164	-1.44900863860043	0.209690993265363	-0.71994795754694
0.558695844007625	1.75416005567782	1.59279390151177	-0.651526942241852	0.689228408273662	-0.450529122704237	-1.65639493298021	-1.12652237157587	0.192547043944509	-0.730070993462068	-0.0195994731041794	-0.37677995782861	-0.150817973483933	0.461056197484682	0.54059741937448	0.744349407164015	-0.0186327320322512	-0.729334525644584	0.187536874306587	-0.178775981253945	-0.329307226414618	0.050783177505205	0.766524946338309	0.129962776408056	-1.38014268336434	-1.92680650838615	0.409754009334479	0.0288848073463033	1.72710400517897	1.57303810974242	-0.324187917566036	0.326824731399562	-0.167530717374222	-2.00823611595844	-2.46481027961838	-0.804922405729873	0.119850253140283	2.30556261479125	-0.903123358389663	-0.147502702692569	-1.55835239012305	-1.88075493541854	-0.943575813206069	-0.592258643021414	0.476996853113086	-0.178139732796594	-0.80029376195737	-0.712587761933652	1.39427868460417	0.754023104448102	-1.84343379887395	0.835177190082577	0.887098859531051	-0.998138646319878	-1.0684142903684	1.18952955618057	-0.527558877559908	-0.794963971889054	0.131240126912589	0.271699213150438	-0.266601175540194	-0.734668558854178	0.636980031930163	-1.36934083290156	0.31386022346365	0.520682242805515	1.83222352994067	0.242121463830293	-0.77267202979237	-0.0599595643355307	0.746600517908394	0.659885414429676	1.2189737680945	0.0365407721965444	-0.436384206889647	-0.331746799758685	-0.29019580942783	1.61812058400166	0.780467330212749	0.159835123359311	-1.7777446194532	0.992876065603766	-0.662475871760698	1.578469701395	0.156473205182106	1.29971342956861	1.28918294198038	-1.43116674876072	-2.09090239771541	0.189259831304878
0.507688285651065	0.115216757453304	-0.263800596276926	0.641691672408571	-0.44942109271947	-0.0340885263591397	-0.0615124375361975	-0.00611592599919015	-0.206027527768261	-0.815460932370495	0.635695905143393	-0.356599922599242	1.80593796800201	0.526832374958544	1.46774185529556	2.06086547624299	-1.14619579772927	1.01243909106612	-0.791568760931983	-0.586509348697776	0.390472389610101	-0.214933829247116	0.0447394848102782	0.954781942617052	-0.260760991590171	1.04475328172801	-0.197206348147791	0.856260582541172	1.21455660297841	0.32974132003922	-0.295262970554515	-0.00739604970707997	-0.419320482845674	2.32073035723215	-1.49452079377739	0.280314538042387	0.0565787132376158	1.3945037456104	-0.466380443890823	-0.149134355264886	0.487544106167518	-2.12832410306596	1.24844729676888	0.863087582828437	1.13762869095311	0.775952036143488	0.892766266929392	-0.573928540291129	-0.688008107450024	0.728461562060675	0.489387971248962	-0.443009501116534	-0.592858012680045	0.869631807453677	0.591139554491481	1.8613768083495	1.08438025635937	0.874869070244999	0.507792590637948	2.62122382257597	1.26481694362837	1.06478933094674	0.341295616653035	-0.871078234666043	0.28146948856458	2.9971318192532	0.546134456944323	1.003041335267	-0.70891153227746	0.895926940579927	0.522572389081972	0.706722447372276	-0.622544332125467	-0.299582509677431	-0.692310815198728	0.345138479440555	1.29964896338929	1.13437104094775	0.401816138008213	0.726314623096595	-1.35080354206833	0.21589731023948	0.899144977951082	0.693121275770663	1.43981048138316	2.45789124812188	1.08274481945135	0.777215016532018	-1.29527183510975	0.274712919545384
0.103045136038238	-0.0891599990126325	-0.414362402354159	-0.360543026874724	0.710969761815393	-1.00464220245337	-1.05840278498185	0.531213802973477	-0.955674327039576	0.37822455944264	-0.476697910205378	1.04647572959397	0.148117289942033	-0.763446114478585	-0.0162860405188095	-0.172518262576461	0.532868492436167	0.424585881834226	-0.128094332763814	0.480953146515236	-0.536163577076024	1.44159115156197	0.111850516899408	-0.30002867019763	-0.248901205153662	1.08192259641469	0.879290312540564	1.56005234605123	0.881578023290738	-0.283574572276753	1.80516402741448	0.842980218213448	1.08999184030174	2.62944561176253	-0.015845481136738	0.390907346559461	0.0812043216999895	0.790944669299333	-0.29397898594465	-0.932160200614598	-1.1510291486474	-0.194872998607233	1.40434453535227	-1.38147030790296	-0.836838736627638	0.918616518856212	1.56776419925984	-0.0267434840061137	0.101709854221595	0.265734742214405	1.77190691973849	0.365930108925288	0.606870120032423	2.94370490801938	1.74610417656579	-1.17781042610955	1.49466012953774	0.282332611252045	-0.831574489437147	2.66579367824412	0.000557806444695081	-1.81272720627796	1.03793158854229	0.197266607673371	1.19219404052157	2.03453090109196	0.43733568914581	-0.113444216613728	0.351394703796364	0.470463713096885	0.734839189363457	-0.197835369538678	0.933849897808671	0.758028583541247	0.4349050234825	-0.202689291080533	-0.336400530437839	0.236876439949362	1.46962267338187	0.836197237277336	-0.790372890248653	-1.45899841156341	-0.705815070780375	-1.07345888007634	-0.192245830424571	1.27267644986554	-0.702488241304307	0.628839758771015	1.02129054594331	-0.200339729745125
-1.34186019493474	-0.199022746273001	-0.744034445321076	-0.875177632176666	0.829704567639753	0.176601840368358	-0.0998680808525322	0.411314614859725	0.934816377595246	0.445714427180189	-1.33396369907105	0.0959765154538423	-0.240330864230012	-2.02440818591923	0.601121660217522	1.29913312897096	1.37013109350888	0.203116400406909	0.695673504565611	0.128404259757396	-1.88961736245217	-1.04135587608794	-1.17313316052784	-0.355683330639745	0.311247674186781	-0.9874067092211	1.99902732740776	-1.21376199876318	-0.448817809109769	0.462137951614578	1.33520240605439	1.2887496401281	-0.763782084183965	-1.61057831527321	0.947566042829468	0.220799593391669	-0.235510782472703	-0.428570209091556	-1.31841131462203	-1.30928951008238	-0.333692103307878	1.09015917215243	0.0151855924431467	0.492509371576982	-2.81464610119276	1.32345439362389	0.913657432062061	-1.29109443443211	-2.25914495477204	-2.06802401111347	0.442161041323621	0.368941699095444	1.10109436695697	-0.923604475180304	0.28426767376745	-1.65333282573727	-1.15109415947794	-0.891333095928984	0.0536889269249848	-2.01505381230188	-0.0399206781231368	0.48121539826506	-1.70907892426825	-1.41995444212101	0.781800224531137	-0.871208967516126	-1.70689174688594	1.13793735876687	-2.27763210455501	-1.70009449922589	-1.43600286379223	-1.50364930806666	-0.307616400220119	-0.209526496962327	-2.62318418607509	0.178922086689011	2.07970194487908	1.56759720747346	-1.54134120507176	-0.324112762764988	2.338404387646	-0.994870955049847	-0.828295575236744	-1.32058367704085	1.11752366698155	-0.654480761284626	0.64140692706464	-0.53275818045172	0.417012537125162	-0.559130728499102
-0.553279577354773	-0.159953112114346	-2.95166155375762	-1.53848950799318	-1.6694655479678	1.91952876880082	-1.99573614396412	0.019242094938723	1.04279990922506	0.773517642836712	-1.55058110387821	-1.92867351704922	-0.834647643067182	-0.660479837439823	0.461544052068916	0.00994744843217992	1.3348882088002	-0.993406757223841	-0.562140562383562	-0.34228420487966	0.599559704326229	-2.29293330135659	0.614904265206031	1.06755271736394	-1.21522194458688	-0.536684213517605	-1.25006758593183	0.271940403648278	0.687863490706665	0.554684837167621	-1.44526245075539	-0.757649830482777	0.317238042523408	-0.12876938761587	0.496181634123073	0.537007142948421	-0.0840333061810883	-1.27597714759062	-0.767273783796917	-0.35912081111808	0.397571863193548	-0.1911317150742	0.236578939505694	1.04841964339325	-0.24265704203729	-0.986005103351598	-0.757871016468957	-0.60822820192221	1.43179246344337	1.25615762439337	-0.764862509101868	1.15819737296334	0.670788067899988	-0.335027426948341	-0.578401994281054	0.225830838627917	-0.338565038910279	-0.113457707110537	0.505389994220759	-1.06501920658839	-0.277823328708596	1.46658336066501	-0.644380160128141	-2.00008446308006	-0.871839051920932	-1.21771973627899	-3.36688441807209	0.145228149018416	-0.808827974411133	0.21022849627102	0.418098059433676	0.2045310419302	-0.674857984341644	-0.600727869753596	-0.517232167557875	-0.884516216298374	-1.75021511205049	-0.749818061623714	1.74909258097182	1.08157983791881	0.12075736833448	-0.135170692907575	-1.03363159433938	-0.211262743940737	-0.668930202528495	-0.886434498183417	-1.40102048239282	-0.932367322482031	-0.587952718777378	-1.24284976717607
0.680351430169777	1.9575825849311	1.31072418333807	0.450678047163467	0.708052372482869	0.927292565544403	-0.243016165038374	0.455542381855277	0.16628309335836	-0.950741126027697	1.97909999870546	0.0751344480309233	-0.938232983712194	-0.413727377253048	1.017366338903	1.16259956387014	0.234635678343167	-0.469874648776481	-1.74424020590594	-1.10362701155752	-0.953885973092594	-0.130442529986045	0.649823974805293	0.281938100245199	-0.812961450996079	0.633556382829068	0.296400157432999	-0.0138249645143375	0.804221026340493	1.76754765371802	-0.92810237531102	0.632582741924305	-0.762989041995477	0.675519412975727	0.0881150210724867	-0.0334202269701206	-0.0202073356144622	-0.243952859484153	-1.42858763437177	-0.921960667607354	1.38584639156684	0.485822835627236	-0.800570056136743	0.14255897426282	-0.738691195855936	0.111942926724461	-0.92674750737398	-1.82746081153369	0.862163200786659	0.656815263350236	-0.076665503387844	-1.07977840230616	-0.216519323913817	-0.530484026609037	-0.372622468126077	-0.381901107832844	-0.461997436242184	1.25905951360506	0.46414898975203	-1.3397322413721	0.516942422925587	0.297191398832781	0.722186220374739	-0.0327900715869479	2.10404390325409	-0.7665257114772	0.0610090874929866	0.472946799599073	0.215529263736524	-0.219531695804181	0.537169009269692	-1.97321328976626	1.37522598311497	1.25503630833252	0.285141433657686	1.02620867006059	0.370609602991499	-0.226938083140483	-0.692905666961057	-0.193669843329198	0.500421127530668	-0.708328491602955	1.54881736455448	1.22716368057803	1.89472954838641	0.925754098722024	0.0806615043256916	-0.319394973459897	0.463144285408768	0.701132402881817
1.35444518589828	-0.0043339646666731	0.632188915302676	1.98539500906559	-0.513979229415942	1.49867977371792	-0.296442169538912	-0.499067562814963	0.342575994543416	1.79737191627277	-0.833301553121461	0.481240008705294	-0.867001481796405	2.20562964729341	-0.185703508678139	-0.558659931005028	1.36831877389044	0.120562950731669	-2.27263358379015	-1.47171608518174	-0.078535135280628	0.901251393810783	0.799101540870113	-0.390853697335062	1.13716738450961	0.840723464182498	-0.157884010676011	0.154143963333237	-0.566180870134336	0.678695255498584	-0.909401145353323	-0.372144970949887	-0.0479663095123649	0.855853694094886	-0.406349419448196	1.01046198761137	1.1517908385609	1.70922924828942	0.651483045403442	0.171524451046558	-0.591061662446596	1.11765352688046	-0.706776705785473	-1.90041376576835	2.50310328292856	-0.784533755280278	0.762494346332427	0.710484408025716	-0.509630822377929	0.15515925639627	-0.975104901953314	1.10577327426457	1.95993302030045	1.17423880861615	-0.389572609649356	1.02887207891832	-0.0883813007795759	0.107903705398119	-2.01100693076831	-0.564301873547995	0.255409748828693	0.716528724262628	1.06083869966548	0.436434750536841	-1.33375559028127	-0.854967450541473	0.183895319801708	-2.71856407804791	-1.04234306621839	-0.777899088400041	-0.0480823218283576	-0.079598642700612	-1.77409822577577	-0.656977494007767	-0.315741829857834	-1.10309024922092	-0.680676637402788	-0.969753741441283	-1.48790505173908	0.150725152506476	0.13692675899737	0.307584659389887	-0.289346337674438	-0.491024954909663	-0.256060513310916	0.406244375996807	-1.84961231369349	0.567806214501312	0.927261403975743	2.2996159011987
0.348650267504282	-1.16351391751539	-1.15337551919063	1.31977483587374	1.20990645191746	0.200636655707588	-1.0271933589609	0.704356368305072	0.973096588284389	0.0440204116207491	-1.94556590899835	-1.55012953389421	-0.997830001912976	0.933963692226634	1.60468868721258	0.606892202908814	-1.77366469445582	-1.11293484826977	-1.56865437488559	-1.00106114423498	-1.30470583825409	-2.4140091954022	1.14908491683163	-0.380194282487313	-0.310804811388895	-0.393517919487154	1.19775894334308	1.06211180712489	0.276026788901997	-0.0400114406089754	0.456021481349843	0.683065206994784	-1.4848340891187	0.992049064548315	0.913952303166636	0.27544701381542	0.870878562911705	1.14992223710256	0.745989217895549	-0.989775266184266	0.687605565776429	1.17819683279851	0.399828349739133	0.227241303170643	1.07661318682348	0.490618724094795	0.212692260952574	0.937593986328774	-1.04927671703639	0.837084878801177	0.186335820671379	1.69019847116997	-1.82298612679923	1.4883774794164	1.39735501349428	-0.813867896496187	2.49841109487307	0.982941113911184	0.305492379626719	0.0103676809680458	0.280399007074556	-0.0708522720554691	0.94927098371384	-1.99287423624389	0.53853008842038	-0.640121678511203	-0.305089192239748	0.199098391705945	1.82057716230022	0.0703214753017819	-0.0165172800039555	-2.12173689039538	-0.446095449048628	0.638387258543826	1.31720975490879	0.543765529470468	0.78567471101314	0.552516205078317	0.935928968714538	0.984491650866373	1.47539554982054	-0.963069949085211	-0.82290018224707	-1.28808114625717	-0.31669953102899	1.5580495400946	0.305524505368666	0.674174197549546	0.44517588528395	0.232326899961765
0.978933921997023	-1.56200068532407	-0.168754242827419	-0.372834003841457	1.64948956916624	0.635937216643901	0.97702312559513	-0.940291717781933	-0.452442073342007	0.263482596715046	-0.0836916365493069	0.119729175015528	-0.856968481645904	-0.202100179836462	1.47467315589622	2.12007917799972	0.0802783779708576	-0.892351435156937	-0.0760058412768793	0.340860537571002	-0.385672837986102	0.811678161149028	1.50897557381768	-0.343922147563545	0.843977191774334	-0.642465553819108	1.37352756886589	-0.95949546646873	0.0848807661257642	-1.59088006956414	0.196353049876218	1.26110926035929	0.510124140426625	0.764939514845357	1.19655241977131	-0.30993974965191	-0.0636105512363686	1.22408067935127	-0.903460473613399	-0.757423758487337	0.943640604143318	0.683369063997076	-1.35616203242685	-0.0897328853869964	-0.800330386398803	0.964697125177506	-0.346444753970351	-1.10494168582145	-0.527254699273126	-0.568218508800103	0.346964313821941	-0.147583638984449	0.958688615797139	0.276498127818539	-0.881708893597101	-1.27816489802758	0.328415246590706	1.35004545904502	0.379160437028226	0.053489058560639	-1.10988194015967	0.315819061767625	1.17245271024431	0.398620244609856	-0.769793365397561	0.941862605805948	0.41876603141281	0.762144833833749	-1.21341472087709	-0.299928028668308	2.21381567257328	-1.38462371360051	-0.194198875571983	-0.0826031675271336	-0.480950140580285	-0.403243491437382	-0.575237626907912	-1.28367805022134	0.520959505532294	0.117771929574314	0.199420185285664	0.125953340113106	0.291771329947133	-1.15879886686815	2.53486775715385	2.79183344899336	-1.72557547670006	-0.738589949630353	-0.127572588101887	-0.319566444991836
1.10969582552738	-1.50372357259836	0.08176232160022	0.228918866149784	1.24156068440352	-1.45745675252509	-0.6994649437111	0.824582697905561	-0.274080993091537	1.16530542207041	1.47329074208958	-0.0671580490320334	-1.19795377655788	0.307085832991207	-1.07748003044913	-1.21820800883946	-1.1313764249038	0.169521413787962	-0.858787010461842	-1.45575575258371	1.28001777704674	-0.308615214633481	1.62204691091585	1.81406454083896	0.266022368680705	-0.165733972327122	1.20700884751753	-2.63046788853573	-2.5392980841027	-1.95373195411918	1.91869738404856	0.25317486256375	-1.19200595985753	-0.647896367479618	-0.585675638228841	1.43353182346806	1.52722809733877	1.53176329034444	0.845827312319014	1.39188311099681	1.2396155443234	0.213062484295513	-1.10482457955349	0.573575545518353	0.412005976658067	0.934553427492411	-0.754739919138897	1.59200428052219	1.20398309857854	-1.25305811905938	-0.95613932506484	1.70078774360966	-1.05133427573665	-0.112029462754459	0.203369351409171	1.12614790093353	-1.37169100102712	1.09310951040163	0.264624751816966	0.413668039588035	-0.517747292730685	-0.992940365778354	-1.89367678246923	-0.0796818104585418	0.135985743662293	-0.000361028800638193	0.531798419346586	0.356388584483993	-1.19919934979753	0.387658575039184	0.658358028651644	2.48767353249643	0.25991235808962	-0.477551019898003	-1.42689013096481	0.263882558586773	-1.27838092121785	-0.100905060427261	1.0685752198799	1.29406914382537	0.167160037564675	-0.129214997837696	1.64224057204523	0.180141396336289	-0.184714691795232	-1.36537135868184	-1.56757440839319	1.30292800183735	0.407850199777036	1.16108650298986
0.959769680094481	0.723075550322108	1.39711764341947	0.537550457136703	0.278924141769298	0.964152638056518	-1.56198901863983	-0.341057365948073	0.387107136613977	-1.0092091601412	0.153070359993722	-0.542574842889237	2.0204001082552	0.364003644409761	-0.371186967383944	0.666047859210635	0.390446739779398	0.321254680354036	-1.1006643379806	-0.0504841196793755	-0.273654960752582	0.447448237451718	0.64021691289829	-0.610848603119515	-0.811250155858925	-1.44220566019582	1.04048975854167	0.946857762845317	1.22942774534253	0.542760022156067	-0.292859363888559	0.687887657737818	-0.213040086036051	0.679286921863336	1.64304877911546	-1.63721118578551	-0.695063860157096	0.34154534369577	-0.881007545861964	-1.05921287008945	0.335947612627871	1.51871395184793	-0.0791511536717488	0.392598675753328	0.599801120486509	-0.0215872954534819	-0.219807067611378	-0.355410831187063	-1.59613870025115	-0.594882474222852	-0.6718655394497	0.393792140526698	0.708689425050973	1.14627217841113	1.28261250292582	0.438769398242838	0.275989270276459	2.1864488901075	0.506356980148791	-1.14414470403527	2.01964547265903	0.816658843945295	1.71074027122716	1.84148617730669	0.597088937464404	-0.0174526982469438	1.43105873995651	0.493718047274544	-0.628073994508177	0.828049849732838	1.07112931400891	0.159292450131996	1.00874113282571	2.22611143223506	-0.109176838891576	1.13425543573369	1.05572405376987	-0.162276629276656	-0.150746031009216	0.740212216313769	1.65459581787379	0.68733100201497	-0.191452056047124	-1.86934094609255	0.738707243873806	-0.307932904521704	-0.168421703704407	0.170534442606615	1.13718513682164	0.23459203943991
-0.0513039130129715	0.0290163341880642	-0.950068866137648	-0.297769408436087	-1.31098968961569	0.0648862787838404	-0.80441835240908	0.15754712914599	0.0834138554909027	1.0501540630478	-0.486781559544056	-0.168931190882643	0.386910001115499	-1.00795623725991	-0.217590114128893	0.925115411899754	1.39339862222795	0.45541006776481	-0.0186659948672146	0.18684748151541	1.66242824220583	-0.604834361188986	0.676178285230253	1.91318888935999	-0.385694654063831	0.361503578266108	-0.862012081628557	-0.800775009206188	1.42654988987552	-0.2006788654116	0.0323359317163939	0.328412320293295	-0.00627335934653633	-0.259551889921174	0.773367724314988	0.201803447840331	-0.877169779602571	-1.94335579825487	-1.26586376294958	0.474222183383845	1.29781226781276	0.011865992513944	-0.562147723906568	-0.488447060973656	-1.16423389293918	0.942900716193844	-0.307241124204017	-1.56604150009527	-0.374883165445433	1.86195128566641	-1.34596721494672	0.78710681970238	-0.275523318880389	-1.43423269566879	0.068764140224561	0.421950666434774	-0.56990284004941	0.143244490247771	-1.36862354296879	-0.763594949012051	0.872232322317736	-0.221768760255281	0.0994672022733009	-0.773594451575746	0.168661519896928	0.424858475054285	-2.22884998803375	-2.15648871254321	-0.36896302825502	-0.0370861130573467	-1.3314809167888	1.30641126030074	0.857122375900416	1.0448939235589	-0.724409566173279	0.631419481132271	-0.661304508095348	0.934287757471004	-0.367555987887082	0.172368064366184	0.586438585640602	-1.83266533968677	-0.782632638770334	0.778136795521152	1.18501400525616	0.520125153664195	1.2571866477684	-0.806588315309926	0.684524619523872	0.0852425178367998
-0.573090222935002	1.31828026615658	1.61054442269006	-1.55022321745577	-0.188883301493698	0.641821267025669	0.417790617579424	-0.807362281508136	-1.16193188514481	-0.654405901548156	0.636111888394715	-1.77524899319545	1.76648303060059	0.390456095625338	-1.62128959988458	-2.64081550691625	0.212959000900037	-0.975020044954684	-0.299729365566457	-0.220355252654638	-0.0121314767759108	-0.53680491530416	0.0719544912126504	1.23626160354101	0.395850976925829	-0.647971947894773	-0.885457011867787	0.217848138169357	-0.401605759040512	0.449339131482087	-0.469113534117812	-0.199797798815485	1.13447032081254	0.59159324209056	-0.769205551952916	0.330618051908019	-0.696339165135357	-0.202314546625044	0.639803896686311	-0.270755866404681	1.71312876960682	-0.419121087997462	-0.607412610631318	0.407396960130829	0.2483726083903	-0.60450824984174	-0.323274196168492	0.399268849930891	-0.372946588139353	0.442496592544693	-0.814109788657856	-0.615467865414074	0.312157257572997	1.3198409393529	0.648513171675581	-0.361257813955858	1.76354024253346	0.294033769734063	0.892312749241171	-1.61654411833622	1.73626250410635	0.902426085364506	1.07594439520645	1.13272882993984	-0.0931243598214987	-2.60988350284088	0.538108877534448	0.915041660943862	-1.02954328406556	0.987001782620334	0.768543128645063	-0.592533073307018	1.24384314504531	0.0773939984088025	-0.566212320565259	-0.403591356307031	-0.552950732682411	-1.22708994672777	-0.0867986082460573	-1.02030110831404	-0.587250998218937	-0.176937029599936	-0.462884276570244	-0.855754868952705	-2.07978117913962	-2.47736987490301	-0.929612243302894	-0.812002486862943	-1.72061838271441	-0.471541025776717
0.753763343738878	-1.2201927227894	0.669162717253913	0.208761151839798	-1.66049363500762	0.408360455965275	1.09615560099611	1.99129586931076	0.633515179110558	0.119372237741966	1.54596650276427	-2.44143003815607	0.856875616118335	1.16778484863914	0.299856039464722	0.679297432234383	-1.11061180999569	-2.42369275817473	-0.181637838270227	-0.252395445657998	0.42618166531273	-2.43231193385902	-0.325752998635287	-0.521053246111895	0.440511241316141	-0.854955019504618	-1.10233137028256	0.313848895061511	1.03588292134491	-1.54093150375879	-0.0575704997772431	-0.964769152766565	-0.00332062076932151	-1.32804134155756	-1.35688848799547	-0.140182062283658	0.175685970232377	-0.147433606178367	0.26067987820823	1.16666732669846	-0.35711785024589	-1.24632315910342	1.03921451390749	2.38006595128056	0.64019130887778	-0.726013166799125	-1.57606731964672	-0.189040163897946	-0.0809375511330725	-0.750220337021064	0.340282984921608	-0.234975767951639	-1.61523644828848	-1.76570479852616	-1.19999016047789	-1.3857930898646	-0.363309550860102	0.0227406431351049	2.56075624087251	1.57837127114573	0.947005023960489	1.02990524849582	-0.507170489451363	-1.19647571165267	-1.41737331875999	1.71485339513646	0.387578505183685	1.08643668069005	-0.255526077257683	-2.39826171165559	-0.849333874611087	0.334180847390778	-1.3234151358017	0.63172263822375	-0.744369951904365	-1.05856351237812	-0.94994702045048	0.082745758965344	-1.34360985744983	-0.488242716398745	-0.128419509466141	-2.58198370848316	1.77407662111323	0.122350395009909	0.781166777753567	0.137142601419789	0.34941833631853	-0.64190947210587	0.105893136643545	0.218603666738892
0.119099902141712	1.68935966982248	0.790561669369889	-0.129974454973242	1.40906147761264	1.19548236142636	0.16596691486839	-0.572407748151799	-1.4742411930259	1.03463588855039	0.0362571013661103	2.04410840671783	0.096513963583121	-1.35475057634896	-0.740173686029523	0.514832517472899	2.2953388517548	-0.284244130461692	0.482731060967222	0.735644052186163	-0.142362069792216	1.34517566413242	-0.862189112740303	0.0133926780454472	0.781196845774185	-0.0236036576201978	1.3343599851094	-1.55372474896345	-0.265996247356171	0.827292654172909	-0.161537201362845	-0.895939117778053	0.173305934293718	0.864426200595492	0.0894473730062335	-0.517218478699894	-0.24201929761091	-0.403204712360082	-1.05766734936842	0.33177423764507	-0.614890967165689	-0.175145048278301	-2.16519021836973	-0.0232000133770299	-1.02382405930958	-0.928312100094056	-2.63886762113983	-1.38945822625939	-0.656396504113	-1.79807406154992	-1.49761964813051	-0.0127960573388107	2.10281017966205	0.69024077272481	-0.0139762911873178	-0.107330528078379	0.288585979026805	0.546313659874042	0.263631605337868	0.478175930850429	0.380075142906183	0.805555163117615	0.200512134197582	1.04895468914108	-0.170421494797256	1.45150170368934	1.16994607077389	0.317204633869378	0.172961760230083	1.77557729999492	0.258805814005199	0.868017771973075	-0.961536283968336	-0.216633926199238	-0.109750706600967	0.467619163652361	1.52606574120632	0.0303160792296247	-0.248037352184829	0.265852499284452	-1.06220520776233	0.475418003503898	-1.2372528079686	-0.193543936039812	1.56776075086888	0.590772380230295	-0.245932348694986	-0.273573472297118	-1.07139445331593	0.434463312626974
0.960561688024987	-0.872391597910998	-0.474779790772068	-0.625057763210215	-1.65497188449755	-1.13429788172009	1.07100574014914	-1.09275797380087	-0.855044389199095	0.0367669488625407	0.815887811681233	-0.58539099432429	-1.42247304636554	-0.120957656191808	-0.564885429869914	-1.28756349143154	-2.2685449686783	-0.266617463622373	0.0650605896107137	-0.715970551894961	0.377159020424338	0.0429402101809713	-0.296021040554975	0.405059434906189	0.808349591925814	-0.227553368551134	-0.431624666676007	1.77146833052556	0.387496266073453	-1.18611537404031	-0.134553317597686	1.55468189273673	0.560587924939809	-0.698660705105325	-0.465005103960173	0.376544706360403	-0.284210215565266	-0.492078738596105	-0.135099080025763	0.668541421207836	1.33005523113996	-0.451677030480307	0.916264963238453	-0.541070802436032	0.539874386776773	0.955794344707698	0.230419695330895	0.308872113643521	1.78603450323207	0.959637926509879	-0.877303918355792	-0.463148110347906	-1.98437769154945	0.558333676231988	-0.574718396865925	-0.502720697682503	0.163518735392153	0.0255011180248582	-0.00952176051309937	0.835766288488341	-1.31964148702181	-0.516699815939531	0.503470417885649	1.37402618730495	1.34921127926433	-0.11297439806851	-0.303818947484047	0.45868344043099	-0.622778555589333	-1.37987670402364	0.360823378478028	0.319651046344215	0.953883934934477	0.301997278195256	-0.78900966527529	-0.730660175257971	1.21198619367895	2.23781151173859	0.522447585290206	-0.468150109716751	-0.320412367935882	-0.205951872910079	0.857871340037489	1.95248545725705	-2.10101878560107	-0.293166017986525	0.500849820681819	-0.591875244712878	-0.685524673833328	0.559502989507063
-1.03447109066779	0.407864751071487	1.14332598248913	-0.346040921663977	0.989587829428421	1.17892103665952	1.77067938900369	0.108632635122317	0.903521951370789	1.17511972631633	-1.05083435338855	0.190407840070308	1.63152405905521	-1.13906416432722	-0.900288330237265	-0.428678416261727	-0.431170119440018	-0.0768621069109642	0.302852618459853	0.40533634551479	-0.530944314298436	0.390386866574133	-1.77766207296023	-1.35002526713303	1.0092100251165	-0.0779513334931562	0.511048589031491	-1.84367058413601	-0.217195883063361	0.10952364612554	-1.73303428446339	0.381161730275043	0.00294415549657304	-1.1442622057565	0.931003005150065	0.389080406634415	0.346229809386805	0.430579616412975	2.05067245114971	0.034438411018597	-0.294801968792386	0.0493092025524413	-1.71746023979663	2.08254933004332	-1.38533331268638	0.118484228474117	-0.276166724884138	1.58853725931257	-0.747805281286972	-1.68194861358034	-1.83531225490445	1.03595836145453	-0.64368940134278	-1.2329094800358	-0.835726486915406	0.0184960263155664	-0.721856732266243	0.446433957702308	0.214144807899207	-0.432495389415088	0.866281742674602	1.70583856984151	1.11397574842796	0.00965528278401949	0.0655035861939347	-0.0752529072252057	1.07499013233621	0.279739440687889	1.00108643454669	-0.146136504670976	-0.110048862004485	-0.881853446992848	0.559732182836274	0.0651653423375599	0.551530960582084	1.66614971376357	-0.136118365455755	-0.234603492814726	1.06557143520489	1.62433462172236	-0.528784094553522	0.543308153632545	-1.59103437900407	-1.32936697220051	0.288709034353625	-0.376739143156796	-0.196363751824064	-0.144970652376533	-1.25789950972611	0.189128930969579
1.44947698989635	-0.28998703449046	-0.161169219172349	-0.455370997700028	-0.127766584017707	0.151950947714077	0.44984003033146	-0.10319221274844	-0.974740296281295	0.0111324184357077	-0.402691916104337	-1.41757407701249	-0.353205256156155	-0.39951025391786	0.478111976872468	0.968462518145511	-1.19718717740781	-0.284297743380249	1.64176630480724	1.74749865682473	-0.398354230263481	-0.934535681787953	2.80335690680851	0.648527858344103	0.117813557756347	1.25942807876785	-0.568065690311623	-0.0458475328104854	1.46466773817891	-0.115380932224362	2.16700255000163	-1.0640730432397	0.479669211526108	-0.21224933347329	-0.664854752065784	0.722808227349577	1.5107013863959	1.34408250975218	-1.61559077329502	-1.06264200759024	0.0651457908776419	-0.128395734767748	0.125020717706553	-1.00941841248011	-1.94342071518968	-0.964891814141523	-0.541393041699298	-0.552021148971852	-1.00242418615764	1.18878967267002	1.15435966301934	-0.854679000658665	-1.22406351374024	-1.1044400483186	0.266220924259757	-2.05633139380872	-1.58608360326941	3.0520974641933	-1.85633267827383	1.05416232130115	-0.837413412205823	-0.917593596206023	1.14659641562269	0.0893534352322924	-1.55626851806096	1.42479085428097	0.379418471471351	-1.16054275269314	-0.216051095699358	-1.3360754879075	1.23288838853271	-0.411104777636189	-1.90809668396413	-0.857499029191546	-0.824892739583389	-1.56619003662315	-1.23066967689409	-2.29349335089261	0.295577517818343	1.62895089360879	-0.183041089528276	-1.13165621783638	-0.213041440495687	-1.59506280027011	0.816052229073268	0.639178088355424	-1.80082202450466	1.641930078524	0.046977571562247	-0.396965295738607
-1.12490197033132	-0.545455383689906	1.05268762858612	-1.12935717453656	1.11444982361184	0.72562567777665	0.85247870427705	-1.07069563965348	-0.365061757578693	-0.210055486232846	-0.276767082339617	-1.1081198723	-0.581973432264918	1.56101712327942	0.428841681984375	0.270181844934767	0.094278977235727	0.122943688637888	0.528405843172468	1.07107846516708	-0.849885254576014	-1.53654637225969	0.23817092967749	-0.873503696669311	0.820620153457205	0.210369309288271	0.82653822660931	0.264198842301877	-0.256897820371205	-0.12918436977973	0.0833591558695935	-0.102719773445872	0.846047681545668	0.286400779218431	-0.77731411710609	-1.0976379233538	-1.02125378330637	0.16467111383366	-1.25223004821481	-1.57341202390427	0.859154648204841	-1.49387114117977	0.881852036332154	-1.77448021343984	-0.310970386512849	0.653634567624611	-0.0664971549861187	-0.713192715285515	-2.03486143305986	0.00461353473953016	0.237514119256251	0.304441930118697	-0.0588093814286204	-0.892273907854254	-0.247221098544874	-0.220567562671623	-0.346519380091194	-1.35623371524981	-0.907419635431358	-0.89187158258656	-0.442878369463067	-0.851862745269342	-0.438043187218758	-1.5251054839931	0.55801752897068	-0.801765294804996	0.154616801892697	-0.133136268836107	-2.11946697921595	0.0135234820916925	-1.61780467534574	-1.34813228440916	0.958143831498677	1.01929957251332	-2.61375112284216	-1.44985932775816	1.89153256817	-0.181930041772292	1.03972068242394	-0.0923373081141488	0.128522941834209	1.25612628030762	0.230706686711381	-0.752657256510424	0.112437619748169	0.556215841633369	0.34709233500381	-0.480977992997543	-1.85108456754081	-2.10790919787648
1.0816743477276	-0.449690466022771	0.0286053836337634	1.22105138139461	-0.0482783136821337	-1.75418734641643	0.0413166631768531	-0.246326985095262	-0.34670203521302	0.90668789566162	-0.513792803745108	-0.328997190044247	-1.6529809141406	0.198273800489364	-0.469620202040594	-0.139468709145932	1.12138933460991	1.15642527768424	-0.322006387791121	-0.243577798596364	1.72033036242251	-0.529740006568043	0.553870417628524	-0.825865060263009	1.20666784739456	-0.870668756592395	-0.299900459127349	0.902435643805046	0.252932628117875	0.155070595583937	0.447135100385775	-1.34658178210209	-0.397908793239627	0.682129294565793	-0.895280697635372	0.0798968282315499	0.452971882114289	0.535623044666926	2.21168939952736	2.32259460802748	-0.312993202729782	-0.255013169697364	1.13958143247664	0.492728994447074	0.127635987111022	-0.27670319441551	0.313890900531494	0.788846217198179	1.66145654790895	0.682863171025935	0.00525760400652122	1.21819755053213	1.21439988451183	0.620611736199768	1.00822424951249	0.151190312380004	0.973798701671696	-1.24634511256804	0.185005302099886	-0.80399101742366	-1.95237619282823	-2.70471512307449	0.613848075459813	-0.0943236344733893	-1.62931712842866	-0.433301356825867	0.704221461488521	-0.443897221530465	-0.173559199491532	0.573846015793133	-1.70972764651772	0.117430275636275	0.139719787933439	0.338161291083909	0.51383406489024	-0.486250612593313	0.0112066319296852	0.456028105011042	0.776402704929042	0.78504639124885	-0.617118387865705	1.10438629436397	0.117071087319992	2.34389116597039	0.855227902104023	1.12403326250137	0.177215610403653	1.26482887055707	0.758529224467532	3.39277722064755
-0.241410422808941	-0.389652484200571	0.949646796814285	0.041501232064564	-0.117688719524453	0.65018505360414	1.15375677282318	0.701156681816625	-0.00039575197352547	0.721137784666667	-0.1005245075894	0.665423611680708	-0.142582155893847	0.621227975637637	-0.150408625419665	0.343225904038281	-0.811185737631376	-0.682020364331004	0.891956508867902	0.909437171845717	-0.530144527621128	0.117541788963101	1.08672536171609	-0.776340259947494	1.12077294515226	-0.206324934355087	-0.384042093390112	-0.102517041914982	0.366195584426155	-1.25731557393071	0.872033075870103	-0.519604880243247	1.14892668029409	0.667247119177045	-1.03632347898597	0.0654285024540999	0.482765490713308	0.612040900427803	0.384079152141177	-0.601570290052049	-0.873793764362537	-1.52667408933926	-1.41383151369901	0.84489763008371	1.9804573401506	-0.874692278511316	-1.23432020122029	0.648975147770364	-0.227810049262198	0.401161886210977	0.757498383558511	0.144550765494979	-0.442066931328106	0.0564376653944754	-0.435995355008254	1.95747666057298	-0.689030351708046	-1.02678241356694	1.47797877874439	1.0468783669648	0.236450401839403	-0.0094433097607142	1.59313403230699	-0.178614334474661	0.291907244037797	1.30227978543377	1.60764199055993	1.13217622951591	-0.296963074244592	0.218975900179418	0.0292349960694736	-0.764121996913575	1.05702987233825	-0.207002611124701	0.95917742214284	0.286537752517901	-0.258278184171479	-0.63150134365	-0.0222016638308283	-0.388825038973779	-1.66478929152606	0.876928210424392	-0.846174949195819	-0.595631644437157	1.00625466549595	1.60991688896642	-0.411654338943218	0.430741406455386	-0.0938313406830223	-0.761869757742327
-0.631922035791184	0.370849170843664	1.70616690080161	0.409305647538799	-0.40716966541335	0.652767301035875	0.15714986331256	1.99039520525209	-0.464201846002633	1.28521777052256	0.148165586549174	1.03107123969069	-1.23383239094996	-0.600636017977979	-0.706346123653907	-0.70034506837605	1.05713249063783	-1.12772205354086	-0.988385849384335	0.059394930495989	1.71725158086708	-0.235949887979982	1.99499905300915	1.84386547452067	0.579433565481162	1.29023566533013	-0.250719797798937	-0.113792246105121	-0.365084606557797	0.0790862101313023	0.00969385709845287	1.75814000269992	1.56726071984646	1.72901569402774	-0.389528110503707	0.225421464686908	0.831468320648376	1.11821517888574	-0.253225203274356	-0.488962790332859	2.53563011153784	-0.613428298135618	-0.704004206114492	2.2454939630578	-0.940608031672988	0.868241187193142	-1.00322689756626	-0.484408821100621	-2.03248508189493	1.54400224472819	0.700129595784977	0.261830823418137	0.984368233936899	0.584241464332122	0.255342890727317	-0.703352018983288	1.03332384719965	-0.445507229370041	0.906508736731776	0.302670721865647	-2.04604537984611	-0.805666970123112	-0.907546900988693	0.665765970157019	1.04608075001518	0.119557322471521	1.95650575834976	0.747032544991057	1.38736432233026	1.43838549950134	0.109543609918769	0.559413206299953	2.12321023971337	1.07157045267023	2.35184997253798	1.0767017931704	-0.282681505135621	-0.565227514609049	-0.427591010621155	-0.594218498287446	-1.55858976500395	0.0139253737338033	-0.210786942988444	-1.871075543682	0.187661296017003	0.472084257647339	-0.0497004099212255	1.74509706493556	0.291162004661194	-0.777951829777613
-0.902089941112938	0.420361661959007	-0.17363712787382	0.0637931851980642	0.0305509451830571	1.07565216357277	-0.302020510088764	1.10399833876892	1.88787677641423	0.767782794647089	0.28735305701214	0.278522303157043	-0.330951735872362	-0.657910329239944	-0.0878430908571679	0.445909526074585	-0.507421296245639	-2.05987573974264	-0.448326576521462	-0.123337223624483	0.169736512014195	-0.0142671362246539	-0.319372787613528	-0.167274260555078	-0.343083790558636	0.622586094962085	0.492742682634175	-1.07831186058878	-1.00604203033332	0.222852607133306	1.32662493731017	-1.19603279976656	0.29397392619409	0.812993069578637	-0.482887163693618	1.7993103447549	1.4166546300602	0.878458905792728	1.30329089241496	0.325623152941934	0.989633764846839	0.799512424844808	-1.90316388806067	1.62689346523962	-0.50160593487424	-2.31822373423405	-2.15257924557084	0.353889051087086	-0.0794657258953618	-0.941137384014103	1.14842289938022	0.832562394891142	-1.3082290837835	-0.987071590853542	-0.322649257926401	-0.620713913837762	0.377186311887857	0.0952787502226111	2.38726802025766	1.26270368275981	0.138725468858766	0.415230402705885	-1.62610136836081	0.747869462710028	-1.86109570653949	1.5296213995124	0.102106563736906	2.93503531980703	-0.22482573573312	0.0214620947928648	-1.18333796872786	-0.917420594110706	-0.667944002651432	-1.16522233455944	0.864153998955429	0.42819444284822	-0.171046239200619	0.0855820125853094	-2.19712304471051	-0.501573090551692	0.796074006145884	-0.768695848793309	0.0251529909532478	-0.939589018641194	0.866351077833601	0.564183581287642	-0.808549205058275	1.37475689892788	0.460810601552203	1.44541883271014
-0.137182232278839	1.93325129154611	1.73755522981406	-0.0470580458899892	-0.587970927029092	0.232226550824674	-0.782771523381569	-0.189820301005699	-0.238993964052551	-1.31347123050945	0.0639386889345539	-2.24006917286113	-0.0474176147140151	0.440866226569888	-0.798618382727625	-1.58494886032596	-0.259855540340871	-0.756680698498743	0.813945030449643	-0.112647237731187	-0.607863927780491	-1.48316403589349	-0.989775071924858	-0.36415889196584	-1.54957903454614	0.0852811773419595	-0.138836236289696	-1.69035821125215	-1.46666608828473	1.62554626665327	-1.1260911807722	0.446330444333427	0.525728397154098	-0.647522185726033	1.60661080733428	2.14152496813484	1.82207696629052	1.63352834955105	0.156074689109691	-0.721736617957265	-1.57612380671544	2.04699921726962	-1.71377652728387	0.253953670285824	1.26654323171724	-0.184505139658846	0.55116092092709	0.590146276647457	-0.195977323497284	-0.816985343523071	-1.29142796860364	0.00951852900189014	-0.826247436139789	-0.961732070095482	0.273716691518085	1.98488670524903	0.325687175643186	-1.25455673225199	-0.885066742960913	-0.548769897649209	0.126025883709634	0.797597082923118	-0.987532751203185	-2.26790800273281	0.142822371686555	-1.35423088572631	1.57119966847501	-0.685244236458132	1.54659620376876	-0.499535964826301	0.0168316674798867	0.50445377445375	0.442092537695866	-1.13647865178284	1.19967970655162	-0.366658189979988	-1.72912071787686	-0.439002579223857	0.54453183304131	-1.52330516091524	1.19803907073852	-1.37677367125002	-0.736852113588763	-1.10368565161444	-1.03245250133784	-1.31573983293053	-1.05816415426781	0.72315105456199	0.477663804644831	-1.16989842108208
-0.11328009715802	-1.07180636412026	-1.33079819900013	-0.784447915259945	0.683059236932761	-1.23413261408964	1.5241296234505	2.1739791351821	-2.21413051664874	0.665805636400517	-1.01104708843901	0.518951521696857	1.89764637100536	1.15517388607288	-0.497494729348182	-0.443117809188262	0.732977784970863	0.593671626644285	-1.06876278842635	-0.343407630724445	1.16226104668425	0.631869730746396	-0.847906523715746	0.0912141213421731	1.27641464936768	2.83497033528833	-0.573725786558587	1.21262773840562	1.1004924720461	-0.983034884685963	2.42509065983469	-0.69588373720308	-0.677399990733204	0.217254619065185	0.608843615148048	0.527461348504024	-0.171699825354041	-1.68056811580658	-0.62909553345341	0.558752465441269	0.453720626096581	-0.000776116203924986	2.2715374342098	0.418672794902204	0.444565504004129	0.237515822796831	0.881071628949986	-1.52435638334465	-0.371001034749987	0.957083039647789	3.45330002351275	-1.68583526020343	1.41648317612354	1.25685338571818	0.432864296684509	-0.186241512630639	0.409543919597943	-0.0549900382918185	-0.703140617248949	0.767231151405171	0.618683806993572	-0.863896929173386	0.155282372805397	0.430366384303431	0.527379043210744	0.586713610021268	-1.11762411951843	-0.942592828850335	0.07684773426493	2.43961151299904	1.32834851085303	0.45976846469023	0.270703247315231	0.0700308258812232	0.0369952791428509	0.242500212011335	-1.20526796622384	-0.540876152562049	-0.315507530433912	-1.24433826204183	0.120971724124457	2.51078672291432	-0.780178441405754	0.466852646007699	-0.108560892393745	0.19976477970777	0.218428748292333	2.91087246802486	2.01621414017378	0.651092102923836
0.351745240187233	-1.84436419143749	-0.0139121802203067	0.116126995850013	0.62709764748023	0.229472117428175	-0.533228047608223	-0.36240989233357	-0.757489128332804	-0.445350380161549	0.705481619512619	-1.69853015593673	-1.76895157185846	-0.348804257728475	-1.18971452558925	-0.507706715608117	-0.258346280449486	-1.48250708609003	-0.640433168770612	-0.226540504535531	0.590970426085258	-0.886381899887184	-0.894007689305957	-0.620971617642405	-0.0531223778393243	1.37076319197576	1.08303775599917	-0.522452765243071	1.20419342476919	-1.60607882503995	-0.452863063979923	1.12514909053266	-0.94125992235075	-0.865108056699079	0.381504962450917	0.0428390655798667	0.910849897163613	1.28348155334281	0.357668507517492	1.37824127453785	-2.60057745837102	-0.129020036895964	-1.96331899733554	0.118144436924627	-0.0886860537876564	0.054731355068266	-0.897607771289168	-0.853537528291657	-0.771449880572846	0.157810811963525	-1.06463756807366	-0.0628205036907511	-0.672110564022002	-1.51921485436128	-0.810127494286282	-1.06770611452505	-1.02106198424857	-0.867755859097068	0.639673667096795	1.69711361980211	-0.80604726990538	-1.03848000368371	0.461183761877671	-0.699587156722831	0.295802865984757	1.81798193196487	0.9703950739522	1.10129132845814	-0.245305969299718	-1.48868625824951	-1.42272397387464	1.08465729285758	1.50264405730423	0.931105233580692	0.88608457843287	1.59106912045065	0.434225641785137	1.29829861439052	0.35367875410267	-0.0639556080649575	-0.961677123529822	-0.640044832787589	1.52177799789913	-0.043071665707643	-0.33138918263268	0.574134571139938	1.27964230727483	0.122957828942536	-0.695118301182557	0.841018094778171
1.25216230042023	-0.308718379410647	-0.507571490458411	-0.507668924519336	-0.333123710998638	-1.3659500153116	0.855366333161998	-1.84773530389112	-1.76840240634682	-0.952667922688807	0.53209775559167	-0.61790305947796	1.38764147736722	1.16052758105336	0.34248947788057	-0.383331199370803	0.756773786925325	0.744101044873084	0.650636297503888	0.782057933609669	0.50626817251175	-0.228950530636508	0.0439881704546965	0.375870128019654	-0.167475578350824	-0.0574870117510805	0.0957722147163033	2.70765726848077	0.85692397118127	-0.0368906518553993	1.08955384480387	-0.0099203756781571	-0.358058377169725	0.664305223335763	1.41571550717557	-0.491282902046131	-0.494458135416909	-1.09228951541376	0.912044598706173	1.34260970242047	0.991589293372766	0.838809250390319	2.13572473977508	-1.8480504793545	1.27517658790818	-0.0149405664567361	0.817112201195304	0.364598463994149	-1.0944886744517	1.5075469044303	-0.396270472005699	-1.38013157380455	-0.140144310135694	0.621381045702624	0.781453407525183	1.09923064372231	1.80504598477787	-0.377509322742963	-1.31691000856021	-0.426693692167516	0.377908384801358	-0.973153785742534	0.205337219797414	0.653343854196957	1.99624466585794	-0.97893776434641	-1.27571621145037	-0.34690355694395	-0.779045945970397	-0.417097496467099	-0.394269988991235	-0.580956455035226	1.37136314884638	0.792613649866596	-0.430860523239739	0.323590178421327	-0.709048912216722	-0.141087549915316	1.53278923211367	-0.428172596202672	1.02560219398473	-1.22793386212108	0.949022954941961	-0.984406530311032	0.0486478757824815	1.07253568339217	-0.4382874159766	0.421861170315745	1.35887907892474	0.396884560817297
-0.872101008571295	0.37508720064184	-0.593812428203359	0.00527220384631635	-0.624037795076004	2.24217837430174	1.14599967624487	-0.235355477777324	-0.0189820653813744	0.743802739573542	-0.781163238144998	-0.267715638666562	0.268086952276893	0.137370195105122	1.15043834481463	-0.413219599525394	-0.718653126602812	0.489728594619363	-0.915780879729572	0.0249919670851683	-1.83918248357743	-0.262928993890969	-0.00594092303229078	-0.762928196700194	0.931452316159923	-1.61717671652005	-0.542979648865821	-0.896755596180303	-2.09334103111647	-0.265024099914334	-0.432386263261284	-0.276584205651697	0.00531382874032739	1.61091759619439	0.561359674996787	-0.56820302719674	0.100040719589832	-0.173187876607689	-0.974786668369721	-1.42542919089003	-1.05178162084928	0.352732016566604	0.0256402283166121	0.224523549876191	-0.117177766443598	0.0131060441650561	0.468396462591758	-0.0853706005175688	-0.933377424754801	-1.58207007803595	-1.40845150793262	-0.60229050217001	-0.90603237763601	1.17502892203911	1.3364392541622	-0.771471888182732	1.77249614209974	-0.804369477255956	-0.417405081010739	0.79199019932705	1.40235405753362	0.531276790988188	-1.45454770914673	-0.18419888194956	0.386537362914869	-0.626489366741741	0.0725694450334183	-0.609892308297995	0.779892934162741	0.214547422019679	-0.27052329002348	-0.739028891012294	0.0702522798002107	0.0731102314352908	1.50024951122855	1.86246935599844	-0.148243872885282	-0.551288990055689	0.533698664505763	0.0209130049185265	1.05629694199871	0.00135175057560102	-1.60454446161918	-0.950585871321301	-2.61015074137846	-2.04806487490867	-0.736178389688906	-0.880636960210874	-0.324081908264203	-1.57081640086879
0.234734565480211	-1.04188400941291	-1.295775811747	-0.478896901588002	-0.620144655093646	1.0362697169853	-1.45035615953983	-1.39760266535842	1.41648001360571	-0.382143808724073	-0.130402943583381	1.11753445749461	1.69599770061703	-0.282614352750683	1.44002136670307	0.457371224914561	0.591115738539297	1.66902574181401	-1.78202169968487	-0.872541349090987	-0.506844904460545	0.550020236552317	0.550965605045571	0.760340624193286	-1.28257752361263	0.0152163667302601	-0.617200645432771	-1.46220449118021	-2.02429321507017	-0.804151156856425	-3.07321654867831	1.18366828990923	-0.296333301885245	1.4729755500429	0.487819408101961	-0.87526748501183	-0.976621834687232	-0.513808771995353	-0.577793104322984	0.0977020745782461	0.618509912345354	-0.33364294095436	-0.142574183444779	-0.474213083146716	-0.32580851745698	1.53824604417365	1.87183765583637	0.0183353343588183	-0.875670807745792	-0.697896886882246	-2.33512254311877	1.84746700495613	0.485235513530507	1.1065631981567	2.28642979731898	0.510625042521209	1.09413357034826	0.0190448552748345	-1.21266773351528	0.354038831943727	1.98624761671592	1.74382393767466	-0.88102350520003	0.00794524715318676	1.75560450819584	-0.375041619893532	-0.64388215258125	-1.0281231425175	-0.463305633991008	1.47857496630123	-0.071927251519929	-0.370669085102699	1.26219288391539	1.4229414172194	-1.03016637515506	1.72884700268728	0.918701146653779	-0.474857805128355	1.1548036257816	1.02748396728908	-0.0385112061456107	0.010668608434999	0.357174203714908	0.911326606402731	-0.599302879010612	-1.44993446069799	0.181972117167181	-1.17954874435068	-0.470512784873987	-0.623176361068214
-0.603740868379287	-0.419659654075318	1.96514790506044	0.110935199230352	-0.191460543824528	0.514905275323244	-0.851021398927677	1.45789519769031	0.695427530486051	-0.9642554671324	1.73236033456973	-2.1140673440763	0.87112065996887	0.349063830457061	1.74135670248777	1.40818845744487	-0.0278452445461801	0.00711451637257634	0.248159115941219	0.154454532979806	-0.183333257791659	-0.104094179883342	-3.30867063731222	0.0181911443117613	-0.668575771451797	1.59879209312877	-0.18193113331127	-0.215333388168634	1.10692724231849	-0.122463672725868	0.508347784513655	-0.08780152165581	0.376913351473841	-0.076434104596902	0.648229244373285	1.13253458604349	-0.770815473130077	-1.47252468890056	-0.213762519239447	0.162106039381833	0.932697832511424	-0.0824592565135874	0.703263088763162	1.69111042182296	0.203515532755303	0.0498284553188816	0.370662750682375	-0.449078273408738	0.723828218331444	-0.525798166052671	-0.941863120839645	-0.419570091964625	0.0354857497048002	0.228924337927837	0.319508809499022	-0.864379461775663	0.234275859970293	-0.459146904909932	1.05110289674457	1.08773352777481	0.822001450250255	0.149391473083271	0.0334038554318673	-0.0921198179290184	0.405804505803185	0.90535009887561	-1.23542244986778	0.884951921643964	-0.0671614268121825	0.388433752319906	-0.718349993574744	-0.46554518741665	-0.007108386002295	-0.204644731870323	0.224375130709141	0.208443367456183	-0.599717937973014	0.194679482435891	-1.41033156711074	-0.913674615774089	-0.750494159170378	1.08144726659354	2.36842662475255	0.156920703638592	-0.00438032760054475	0.623106540992644	0.510907972716736	0.0222788652607343	0.0354350605461166	-0.0241374264982117
-1.76751891139217	-0.068708891386631	-0.686360713759184	-0.43975059229776	-2.03537866984902	0.131351501627703	0.896199034149794	0.335609575715395	-0.38120549417188	-1.19408555685031	-1.45170960170064	0.474372876566757	1.25338861753796	-0.285974273100566	-0.289881892839944	-1.01706444964886	-1.0323974226016	-1.14753795729987	1.35747047229997	0.93421039229214	-1.36976962843358	0.405573534349976	-0.160248146348743	-0.8865767433558	-0.257666523437019	-0.051752004339994	-1.76016920458875	-0.407060361660129	-0.226070802100816	0.836700979431528	-0.131817429507846	-0.208197818288188	-0.326870057573392	-0.923504466288565	-0.687929349784032	1.12269609735108	1.55448776982349	0.928454909778484	-0.098093254677786	-1.65474352579931	-1.17353652214171	-0.786878510857887	-1.78620452624022	1.60771367367011	-0.127074213904815	-1.66632663753545	-1.1191656412299	-0.0796164665989087	0.676051712632464	0.215250682635675	-0.47241108189737	-0.991705568696853	-0.637496647777543	-1.1115988098404	-0.106907230430314	0.07357728379508	-1.98708522542961	-1.67256427190292	0.206019692619658	0.399780386673019	1.10396448945063	1.11312907558998	-0.0149079602481961	0.779951111487102	-0.708398599341938	-0.422604502890358	0.416595110070501	0.0725974304157198	1.09096772401551	-1.12331070274713	-0.389396093811075	-1.55919345091637	-0.179334348007719	0.458048896504868	1.41675104904919	1.3217118478792	-1.32312413406185	0.544484414442918	0.343471343225246	-0.326182128774996	-1.06438089488494	-0.562331878658484	-0.761724474590086	-0.741758041750683	-0.579924676207268	-0.61001945115543	0.484937982607211	0.13395210985107	-1.59142564377077	-1.38456234921461
-0.945610363380987	-0.460220673156457	-1.03720792160694	-1.04308343378411	-0.462988135489477	0.366334286999186	-1.25912912939056	0.0579433521252321	0.190692514945285	-0.234337243451378	0.0887984245224491	0.586814583374563	0.691936869909558	-0.353523600708586	-0.417124481505054	-0.388744373105064	-0.0593804541133627	-0.376890128677024	1.76820854971514	1.3184615885224	0.140280885460273	-0.392248434848943	0.0412741247339853	0.131716657118612	-1.20320611840277	-0.778439966924613	0.0110710678004486	-0.842024220531655	-0.315673177746242	-0.872816755857382	-0.637659808415766	-0.211682324786688	0.690668177419565	-0.424068491198691	0.582262772825686	0.312332143426153	0.0256764546251836	-1.25661481594726	-1.00414770714105	0.235448811040209	-0.145892736350788	0.244837978611185	-0.282779704683302	0.720544560838604	-0.381631151293544	0.193911857129592	-0.983548049893885	-0.801611563896591	0.66134975898259	0.0652284527318828	-1.04815915850955	-0.371426781825132	0.56507941516493	0.470387251368789	1.33174851194628	-0.572519374991886	-1.01163635106677	-1.18092718381436	1.52362235480305	0.732056962373145	0.615893245962228	0.561362910568766	0.0656477630272319	0.554215922521557	-0.177660486453245	0.54829940933337	-0.697039838046433	1.62384445887569	-0.325651700812885	0.920741695801056	-0.0568752002190514	0.475613828326028	1.13796457599158	-0.0320155320638143	0.517147517576485	0.257156461510221	-0.398170074233035	0.65742491357688	0.272609181495534	-0.331878973497738	0.919792229252306	0.926580107848245	-0.173961930754183	0.608793525356814	-0.0469825727596755	0.244690687735898	-0.343984840607274	-2.17496294899721	0.437274041487706	-0.0595719320181492
0.532203530351775	-0.246966047856101	-0.188576544999003	-0.962498304763638	-0.0271892649863138	0.127379137825306	-1.37370182020424	1.939391332376	0.713386040030266	-2.25754575613612	0.253728738929798	-0.72330885284665	-0.4749095828626	-1.03625588709581	-0.619544764074875	-0.540357342400222	1.31528981029904	-0.429101828111036	0.882853172085328	0.129937859969401	-0.921437392634465	-0.876906855737017	0.00487627709613748	0.665596763547856	-2.4648841496559	1.18055859561376	-0.348242594949161	0.992368127738079	0.643987557557412	0.192788840369247	1.21566113736622	-0.835057726420598	0.375385457678705	-0.477747458162553	-2.71597920549328	-1.06306213766419	-1.02702899161516	0.47469926720147	1.00181799910672	0.217672889520841	0.0508489515469239	-1.78476774156846	1.6157758157405	1.22943114895315	-0.707792073620959	-0.315381339849729	1.1437900534983	1.63227523721808	0.837865127223829	0.000808459964273286	0.982450502781158	0.0888262331017726	1.62748834329171	0.213863568874908	0.0998266436310019	-0.546956752292902	0.173644563588978	-1.24690858537658	0.670549193951936	-0.102675834764733	-0.362951138932604	-0.141991092229237	-0.0558545461528897	-0.96895486944329	-0.200264963735562	-0.126477078224985	-0.56827329996668	0.523027560470236	-0.235337294167564	1.21142769152106	0.74907301693509	-0.340550749333102	-1.13862089297806	-1.38676309571841	-0.47471605323147	-0.980051626746032	0.272446341249375	1.80548597942926	1.44506266140304	-0.0611222724593425	-0.580317263825923	2.1020580088068	0.777588209530711	1.05591541539946	-0.374101497489105	-0.629743480858029	1.83414357738474	1.56534388636879	0.0787855051346968	-0.532160531357427
1.29386990791191	-0.41201213789431	-0.877250074706154	-0.0132601287655856	-1.40479420172454	0.759291180769246	0.414776609888104	0.398370346557766	1.34437800018968	0.968710766098349	-0.570544376717664	-0.592241506825627	-0.536823273511537	0.251280445691834	-0.191966452187875	-1.17693487030089	-0.567228711997455	-0.225338811814455	0.407953934562618	1.05660711439322	-2.28849548241674	-0.201898653030478	-1.09582071969365	-2.44621830116269	0.0497848622743443	-0.416940282553342	-1.27454618540611	-0.960721411783561	-0.376391897152033	0.448905193766764	0.700984343252735	-1.4476145398892	0.960181608578058	0.915835924542497	-0.102596437551951	0.285344177191681	0.576421034353002	0.228122160326684	0.430336797379607	-0.024214554644963	-2.076090325719	0.740274897041095	-0.113817277727112	0.176528922304561	0.194492499162629	-0.832182652159092	-0.081054046121181	1.26298854886353	0.722234161040447	-1.52750030345599	1.01333925464439	1.0820078020433	-0.905977426983901	-0.117796574591219	0.0802228664383469	0.617926692199853	0.924815274057107	0.987210894032146	0.125431917756511	-0.178509462312259	-0.462837911768745	-0.275971808582337	0.209927151390053	-1.35040423772567	0.954973929238112	-1.1249088924398	-0.49995716133511	-0.00751770843333903	-0.280071926437707	-0.0755543989724481	0.466346852686805	-1.75654419488511	1.1213145333409	1.55420263443388	-0.560654276998603	-0.496977572152031	-0.31123228233028	-0.535223845061091	-0.523224922033123	-0.031724171357956	0.838029747920308	-0.846012963784679	0.289096567060175	1.02319162138626	-2.11671517580592	-1.8188044476423	-1.43861599164586	0.22571513499184	1.01507397030714	0.68505956114505
-0.407930992041817	-0.287568289337194	-1.02681984489985	-0.285228309575422	1.77222495653559	1.90919635916618	0.563283557257674	-0.0119703863381751	0.150197076990529	-0.235559461497683	-1.16354512340708	0.932357864498266	0.125218152328025	0.434290024202449	0.0331719441699301	0.326841297621811	-0.494546602463052	-0.0209209612511075	-0.112475068877763	0.657033950188317	-0.552662479137586	0.434060961850829	0.435029666298514	2.06672842198415	0.563155556914311	0.958167549827973	2.13146772718682	-0.499477770768153	-0.163830318626629	-0.551965875695621	-1.33540376660101	-0.682505104409379	1.76682651964119	0.842686522117846	-0.116401441293029	0.14580054636741	-0.0867896740944821	0.659676896388562	-0.543839269661225	0.867759251577447	0.821497901768422	0.322791910767319	-0.059179084290368	0.379564944167301	0.0286826312267167	-0.509302688690689	-0.832897905391103	-0.285704275095653	0.860250670135765	-1.08273997610329	1.15666571638709	0.413745460796028	-0.576975999734094	0.941158595324889	0.28583951655427	-0.134411049801143	0.835397809313244	-0.46658243253138	-0.168408828108359	-1.63694069093008	0.108843081135367	1.6612689634532	-0.530618230231242	0.565178826036006	0.0118923508130448	-1.05580974157753	-0.0476962471230421	0.0196718390083642	1.53432097105583	-0.108679259051092	-0.0999481913127156	0.305687341826993	0.0265700074312734	1.00872147540234	0.718822632784196	0.125411267186953	2.11204235244932	0.708011203103452	0.753943414713868	0.254224058872356	0.52830832780375	0.446197239803068	-1.50191555816334	1.0109330984593	0.483212649705168	0.0722427990573713	-0.155802534917975	1.35086675349731	0.424903934551108	-0.0326324823926169
0.941469838809835	-1.97691071984362	-1.81620727110086	0.695956042649516	0.742847343886744	-1.65008488087143	0.937670115317508	0.59007380377031	0.0651097922385288	0.691610103579908	-0.634336200565539	-2.29146436703733	1.71786498559752	-0.133192681332145	0.0921702979271206	-0.280258531956475	0.100638322835293	0.0503770337973416	0.451863770368881	0.416735423232281	0.943780746319044	-0.861327194395875	-0.341728671425197	0.576131712716027	1.26022683628112	0.147729569656992	0.531998842513751	-1.34078498300016	-0.968733980855436	-1.53751193214766	0.823561583235637	0.448381939466574	-0.824773789888772	0.990552268615501	-1.4435842161587	0.0975279719569628	0.11190164801081	-0.744078353779277	-2.21479477574692	-1.71898874145065	0.287787133050759	-0.803724406897228	-1.47929192906168	-0.655669104445894	-0.684816458773347	0.369523392504149	0.405437914224293	-3.06289227955278	-0.471830332485979	-0.448908554198553	1.59405412204358	0.927980501860438	0.389580235382402	0.234142024334312	-0.249693219020906	-1.59082023425233	0.5258427056301	1.83009781803321	-0.805461198149911	-0.516870489375548	0.866087015963536	-0.179035136602709	-0.480316639494508	-1.95004734431402	1.00700217118691	-0.762640377291258	-1.5614511116424	-1.14061562233124	-0.376687869126762	1.21675299244827	1.76436754589771	1.66688524285709	0.724000548063501	0.348992893825498	0.395736683398934	1.8186067241559	-0.0632171007493827	-0.70045890472697	1.24174945503107	1.18927447108758	0.634840095086121	-0.206753733412921	0.226291501541362	-1.08009130161213	0.374018854180343	-0.187622778334928	-0.257554808780563	-0.241981489857745	0.217493400982312	-0.44536498673209
0.265324846386173	-0.434313857092982	-1.02210874981849	0.220445914948882	-1.30290962336372	1.48807429111779	-0.409898576712939	0.792262731561956	0.173242942145862	-0.540618209181981	-0.508990704463273	0.169561530043657	-1.12099892157665	2.13583166269969	0.442294915966921	0.746226176722081	-2.45641496270786	-0.142322438287563	0.415196637306559	0.882108624003676	0.413523402317382	0.462115454097818	0.767194248704728	-0.160875171648398	-0.230992949833846	1.05450070660975	-1.33528707281802	-0.262937765190107	-0.948465157377601	-0.797164048757047	0.567278853525689	0.70268503996862	0.578480877489778	-0.339371149828995	1.92840807106098	-1.73268572717178	-1.19941457763074	-0.505603434864955	0.928274921078089	0.0369799035552628	0.464308707339174	0.815919988561382	-0.239472100029408	-0.812395279341241	0.816227136640243	0.486620462425612	0.55436348528813	1.35174313001274	0.863304221853295	-0.666061400205154	-1.00388373123252	-0.0424529410554467	-2.06962418267542	-1.36396211586387	-1.57192368880038	-0.120903239866331	-1.47102274793074	1.23331551531564	-0.99535796781868	-1.21206263003975	-0.406075856012726	0.879976748874926	-0.897916739166749	-0.650836602679868	-1.39951561512937	-0.619523353874839	0.0255632000614432	-1.63554138689471	0.268210800897223	-1.01811773759056	0.79888013400945	0.623034596548206	-1.25234903296069	0.617550586813835	-0.736856060720989	-0.727923442492279	-1.8769418175885	-0.986969117397084	-0.356317986236656	-0.0215514857712258	-0.0360742336402644	0.377680953771162	-0.81304838178225	0.189097266642757	0.568311482507485	0.414766646203037	-0.455021779369991	0.092685466351073	0.739010291247598	-0.159876986099174
2.05636638185511	1.2713136744934	2.43023837310545	2.05020454275055	-0.262320600580232	-2.02646180649356	0.543154503775794	0.563617427316081	-1.15238919640285	-1.64710501089077	1.31468326848432	1.3938241073902	1.09861009234761	0.586416577016794	-0.97428206473775	-0.933332323624399	0.0849394576093703	-0.00337587481942302	-0.866185771968463	-0.979918882839222	1.78482013230069	1.21593791031286	0.575123511331781	0.973186542607536	0.117318135190838	-0.518783635799126	-1.36791423697295	0.807172129860394	-0.0926988271337708	1.081636812344	-0.27816644974063	-0.972413447969644	-1.38957433940471	-0.836895068897214	0.453733509815783	0.4596569900903	-0.177221905488004	0.633785540821677	0.233429275247349	0.401145755850525	1.02089998082323	0.418995429313192	0.32534839698255	0.350182581098114	1.34720149407658	-0.640588901626619	0.376288407598771	-0.962373797109119	0.97595630871662	1.70766761751641	-0.453539666039857	-0.425362362138066	-0.557498491308268	-0.858938103924619	-0.501469809283707	0.080722852690833	-0.202397766938929	0.422742722835641	0.619535997745464	1.47996678214642	0.21302875695973	-1.08052971027628	0.721418924145628	2.28488185756347	-1.24352470380403	1.06782184809053	0.557536305549289	0.498825765766533	-0.907620422163448	-0.774005909173276	-1.91223794182516	0.440946195055815	-1.14101885723267	-0.649010235527239	0.442027268831243	-0.239272875292947	-0.771450621175384	0.861984253324274	1.26756535806836	1.77635469251589	1.49605298113916	-0.939443484035764	0.975502537491308	1.12262059558154	-0.0549665155691125	0.952568105002313	1.9622429781687	-1.64786963922069	-0.231747172446874	1.70563513498739
-0.214894750148219	1.17453656549602	0.879449120632056	-0.784635075849411	0.979017894511413	-0.400348807628	-0.529963987452192	1.03425460815703	0.475658288705493	-0.686498635849786	0.610945535234984	0.15138688016816	-1.06421772703084	-1.04997940407147	0.258566403312339	-0.072346487605918	-0.170176445306843	-0.827726057230057	0.893743266405658	1.02529298269647	2.03215969782339	-0.333106942047107	-0.0104405840941974	1.66094385655936	-0.794876562490877	0.218116681351313	0.825932565771716	0.221096058626856	-0.551669712088915	0.390984955529251	0.474385675724145	0.188095988341567	0.760270816278061	-0.0365154321513595	-1.09392318243374	-0.704548863568025	-1.40467859188034	-0.848025248103277	1.15669749535644	2.33659229332274	0.149512211444972	-1.73990750223952	-0.55047744388308	-0.0418075112712462	-0.737125716557023	-1.00636274021964	-0.493794245260598	0.482412702972488	0.0583442806356641	-0.462320767552525	0.542502597841807	-0.200839807840364	0.00645204629717416	0.255716476242142	0.015676005275155	-0.828196831432974	1.35111637672995	-0.309052278919212	0.00530398236927732	0.407402965211559	-1.50103525457633	-0.536262089330626	-0.0678235011741773	-0.682010021484107	-0.569861331995985	0.0670234851308257	-0.470829771630217	-1.03138900476187	-0.295475931829845	1.43193281051011	-0.323265323604688	2.03387849207261	-0.237200288727775	1.24395292094549	-0.674171852590416	-0.251161969464796	-0.659439396963	-1.3626412847884	-0.0193308459370773	0.301886155916973	-1.32385617659366	1.70387557076221	-0.371141942372126	-0.915690837684173	-0.369047895982403	-0.623317784332232	-1.58991596030161	-0.23031627978485	-0.387430995590335	0.178062160060851
-0.401175601483046	-0.0783323336837137	-1.75206825896566	-0.739724343496985	-1.84650309289348	-1.32466324444662	0.244514271221962	1.61099019746281	0.182170235265555	-0.153459101331608	-1.78034077285817	-1.46551800620843	-0.0135613087689555	-1.32949773874375	-0.119112846331631	0.0415610077496145	-0.505493300919629	-1.22219597438788	-1.19189880869515	-0.651767208154323	-0.76712307253787	-1.08876731225617	-0.434896883484648	-0.629229895297415	-0.0171096601770531	-0.525858538881381	-1.87946362129658	-0.145237961238939	-0.151925074456045	-0.731469988118085	-0.502741170952912	-0.66074992239235	1.1106623881145	-0.300130651707707	0.251309028859938	0.0641630147312954	-0.116265759466422	-0.285194749930695	-0.0462357970174771	-0.974087553096376	0.562225573903727	0.968322641639533	-0.46994611577083	1.78423699273488	-1.22631098166328	-0.731014120681737	-0.0182646152999623	0.7947467739628	0.0110915573016576	-0.297814261343965	0.972039459095655	0.377400675959495	-0.0158121231564376	-0.95971532614077	-1.01755178408284	-0.684809146900444	-1.65620240102561	-1.49192222356157	1.68541238745208	-0.870779615586596	-1.5584130955221	-1.10313428341711	0.232773698302131	-0.544500277434783	-1.46443090078743	-0.583423793284241	0.76713648605077	1.19383990643392	-1.37464961256889	-0.0799174009679108	-1.30361831139641	-0.213698595649069	-0.622720313465304	0.708303839064926	-0.925179604786128	-1.37673064016532	-0.795730055868801	0.108845067113141	1.7906498983255	1.22592435014979	0.577047420075332	0.407248812095575	-2.63342976807732	0.448001980240493	-0.354082524556892	-0.305587848306237	0.840661949225406	1.23599019304564	0.599501875266505	-0.163717109948074
-2.14717375201786	1.56211187534598	1.40774911084141	-1.36005854272055	-0.767605558357188	-0.325696205195531	1.2482817070196	1.32706639679756	-0.937290228519386	-0.195846261758545	1.11930422421126	0.323302819404985	0.524542382772943	-0.54702252776257	1.49679105530654	0.606428897294234	0.394652954665068	0.59739835724348	-2.64727791929968	-2.02922873190193	-0.378888361464863	-0.168306722652284	1.01637639088096	0.410729315372392	0.797705957664596	2.67324671684076	-1.03886833820605	0.384461495915825	-0.769930836227205	0.469203745034487	2.39760720995567	1.62449356049227	-1.42421693590718	-0.264831347179426	-1.71130578346697	2.2657900121466	1.99902948938927	1.21790814211413	-1.46714335306395	-1.6522450041343	0.931385753847437	-0.0970337680421508	0.846762078952879	-0.112591391033404	-1.01998526441068	1.91597660077334	0.726500638825643	-1.11207493470533	-1.40343168052492	1.19613086310326	0.666679200437991	-1.33983690008231	0.569861172382245	-0.323293013099733	1.04893897646187	-0.185200209756569	-0.879915114242372	-0.39683412765467	-0.269731661993484	-0.204527583677836	0.421584562125079	-0.719456437946402	-0.718216022182191	-0.434349065659634	0.989226578062724	-0.734230323962623	1.67906636638154	-0.64259297615601	0.222394108364122	0.672901442695041	0.335687754579735	-0.96471200012086	1.40737616058291	1.18538935655555	-0.0895333745419627	1.51990491423138	-0.278494894739173	-0.763163491506599	-0.222619030171295	-0.988915176554619	0.519082190545736	0.123662000683873	-0.193520835247177	-2.11035709519548	-2.01081870102864	-1.89999259927043	0.838380911807461	1.972840322136	0.0604287930061496	-2.34825537247506
-0.305316341157186	1.57480235304283	0.81984582474575	0.120218180428941	0.51569784697423	-1.68195576210954	0.459503020356221	0.697363081922303	0.843538965847858	0.419446336021387	-0.208116170643511	-0.46651292824264	-0.973105429014952	0.566059151815647	-1.01709593101585	-0.0477790242254788	-0.0484346370828327	-0.633438733325726	-0.208153995439926	-1.06702263644605	0.57836824877321	-1.07317842203366	1.28799991929115	2.10721431812333	0.902355394534952	-0.412749831168586	-0.860409098078325	-0.975376544174128	1.09283215558139	1.74296119805927	0.0249412105127268	-1.5784313540622	0.177269637287306	-0.448134184860463	1.45309786151644	0.667710200867066	0.264590331701704	0.507059262100998	-0.907884184438294	-1.25396446822113	1.91155679557248	0.897730978758049	-0.274677550166677	1.27282728336974	1.37434262666535	-1.32804007387761	-1.70029842226078	-0.714977109464369	-0.449667393412564	0.502440522848447	-0.354741940713318	0.925381859532214	0.819768601171244	1.43322130445409	0.388333160562955	1.42831787851114	0.814261058670788	-0.912091281838299	0.173921960379379	0.540598134437974	-1.08337325321418	-0.946459629829595	-0.226450196072639	0.119270956964221	-0.325464665413674	1.17678567238262	-0.222555437987649	-0.0393271815660086	-1.80931007630944	-1.14031613605169	0.44882837449898	0.382111875179727	0.860430283603517	-0.271176841411132	-0.355626301181897	-0.109328862821943	-0.774371119926989	-0.732970794306403	-0.273133064796991	-0.831510596696569	0.411855356102016	-0.294869475645713	-0.49307495139376	-0.56224105932887	0.685906722654239	-0.80912495893307	0.190525095975818	0.167745547591454	0.452123757483483	-0.483835636391458
0.0947239752263367	-0.923860295118116	0.116909358188487	-0.948815873822388	0.0583693784859085	0.763114616018564	0.654646750779892	0.0571215013709245	0.958727483655199	0.326599879485761	0.259695150177751	0.558000339361879	-1.4590130547528	-0.764006588822336	-0.345289241273735	0.156284572715462	0.185128021124494	-0.791300548249107	1.0175211567213	1.60165390202358	-1.18191532666056	1.32663722054064	0.701229243030904	-0.0817167819076819	0.325370659185937	-0.184952201900807	-0.151409589200234	-0.843370199069224	0.878089989135899	-0.670707084804645	-0.371635213651318	2.39978680832477	2.96709552998508	1.40565295198879	0.549900048824975	-1.18768547413831	-0.789822301279172	0.161555063556862	-1.22283969108545	-1.68354467598583	-1.0049387341309	0.78451926773839	-1.95738043393291	0.119955679005416	-0.71203980195532	0.536624414172362	-0.382969781366062	-0.888046143483172	0.670704696816451	-0.663090569584925	0.283319605602419	1.1316643130784	-0.240857535063271	0.843643799825689	0.819280870036894	-1.8216543359052	0.362776967988047	0.134454383964874	-0.73700329847614	1.70969071804275	-1.95218525237282	-0.820761412056327	0.381770920320329	0.75837689280498	-0.225416815314544	1.81654043884016	-0.591543087888364	-1.29655450325967	1.42931611453027	-0.546303045447836	-0.55839616606955	-0.610915094688274	0.475876716440257	0.967955805685596	1.13929044825567	-1.57105491977136	-0.248684805138947	0.257348840354679	0.63725788127549	0.797883355528933	0.663683951425008	-0.581807053272937	0.784487092702977	-0.227415021490477	1.07565161130593	1.49145730318025	0.632048130588147	0.995106395808113	0.17560561200719	-0.195933006328619
-0.352307576577571	-0.00481748505192863	-0.0600610861964164	0.320109533920258	-1.25838987644367	1.61305069342236	-0.661464899730068	0.68542807567796	0.0169823076177486	-0.240379216722747	-0.177671415774258	1.67124754152278	-0.889571628184417	-1.14224505992554	0.70214821058106	0.624448536807674	0.536194952201825	-0.707715748216994	0.09847185227471	0.65688442711421	0.88861746411299	0.254269109099034	-1.13219245968225	-0.924754920817515	-0.286401480788625	0.541717009581734	-1.07930472616074	0.990034818172371	0.123445640666455	-0.503435183812594	-0.55356443959109	-1.6772583909879	1.56790941043095	0.683656773468229	1.29623122550385	-0.430198220825167	-1.05142883112535	-0.522002223415975	2.54609956948887	0.661602459861463	-0.531188705268863	0.833249373181596	0.174071053452904	1.28790983570273	-0.0732670982334504	-2.03432739736588	-1.45613071943944	2.05330251579358	-0.128612125127859	-0.0293441009731451	-0.621734925918448	-0.448175466126464	0.58204437218165	0.274794842540204	-0.424572440809004	0.299045224149364	-1.23105243023673	0.544104708780396	1.43570071712157	1.95091013700561	-0.520968624605921	0.22135008671785	0.21632032619836	-0.0159782360766406	-0.369810392540743	1.65993116356222	0.0629935274358148	1.33501039331995	0.125654450311657	-0.467498027858432	0.538301714268405	0.416988849357709	-0.879097498338115	0.000502934800005539	0.457353963359238	-0.147942219519102	-1.61256942118632	-1.22082419979296	-0.324808034166573	-0.266561645953786	1.0580063613746	-0.201290007210064	-0.680864019905586	-1.0116101118383	-0.695038626055827	0.201989383813183	-1.74690114327057	0.285854152128711	-0.753127463137035	0.0558345975027064
-1.44815448866076	-0.634858314656385	-0.47674273346334	-0.409276146637516	1.14669554689322	-1.58503397387133	0.17993031905824	-1.72144901081956	-0.816632465738058	-1.42380645869251	-2.4924542428154	-0.925487019037006	0.441658090759429	0.953848262653396	0.988410284798485	1.53428165783821	-0.348412022283981	0.0803565541981836	-0.233930767206892	-0.689252169846029	-1.18379577744245	0.614639008829644	-1.7546299337191	-0.524911431423639	-0.151779019613837	-2.01448547797865	-0.307175887127875	1.67056918704111	1.92410202936617	0.605838235586711	-0.904480390526812	-0.349164271275088	-0.309238071531024	-0.392126897427742	-0.251727534616031	2.25998199500978	1.77300217006836	1.67773026769653	-1.5396113495356	-0.955719684300018	-1.2586250013044	0.516789556606014	1.11008016868178	-2.08889220704224	0.738378157292418	-0.400262745352671	0.268512770506622	-1.88916458674872	-1.24221056342345	-0.868052347595584	-1.93042371161941	-1.53910023281826	-0.636962493831053	-0.740952658514035	0.119272332887337	0.747250077095718	-1.71508100405094	-1.51301148140404	-1.90179189535088	-0.990148927922224	-0.309223622761512	-1.01686521861504	1.31670457108353	0.208409419993757	-2.0607684094153	-0.102116213928064	-0.504792266479043	-1.74629602809247	-0.6756548154333	-0.330657156462243	-1.12721157998851	0.0529653022128966	-0.899358369104518	-0.392794524772725	-0.386686046350803	-1.58162446089383	0.024749296694535	-1.53769125157973	0.28647426991223	-0.631008772697209	0.48717970775598	0.333399774980684	-1.47265097053324	-0.441148225040842	1.29564603763402	2.0182440589928	0.0691100277398625	-0.897439338386841	-0.901623718218486	-0.841454392460753
-1.02453624274144	-0.325611467991261	-0.811100573540987	2.35152793187473	0.0434008353239735	-0.816443163507344	1.79848515633758	-0.405753844124806	1.75275972410833	1.74707275884274	-0.650904641770897	0.599650136581763	1.03925336151604	-0.257056777981314	-0.594326329535399	0.330865867882543	0.290466054663664	0.987268920028711	-0.49090560106163	-0.514024856880502	-0.506205724965111	-0.558259808720776	0.580107528580663	0.480548841683531	1.51136742436103	-0.17105875120215	0.322102609047989	-1.31191325073073	0.595600706845659	-0.411882631309652	-0.225107259963044	0.154778621018061	-0.32991030915388	1.46085433321087	1.03792025208323	-0.263603034940041	-0.280932928654787	-0.00885805904406804	0.36181704797969	-0.432769716799066	0.607822207400248	0.378181986809788	-0.611697810919945	-0.282673705394127	0.558525379791323	0.420879273120775	-0.337000439633482	0.405172391342714	1.21502007204978	-0.637609512763396	-0.397810599874495	0.715245300710027	-0.269602355574929	0.245310800534551	0.564491401068437	0.57848641177552	0.660089224454732	-0.600787852425498	1.33394957263573	-1.18680270971044	1.19409078663039	-0.520364330159745	0.32058054692567	-0.309154931090243	-0.0787956493647997	-0.202081465496312	-0.272494273103561	1.01413470404765	1.23772401429089	1.3797221362805	-0.691512323841031	-0.823146765964434	-0.192171719773061	-1.00928448326263	1.89393167586962	0.824427935002431	1.48313254187424	1.59220960671697	-0.673756404668698	-0.309712737440722	0.423232938481374	-0.268727679686467	-0.737110721963016	1.56653425010761	1.03734504760806	-0.532424678376122	0.991486514180179	-1.13072192505437	1.0436397437921	0.31892524119366
0.56167829475031	0.780959262862866	0.525924218212193	1.19787490123789	0.470025219147428	-0.253638362402802	-0.173077623194157	-1.86767562141901	-0.235586438920967	-0.11876960964885	0.229512294995562	-0.590394652528442	0.216217403379976	1.95889518673801	0.458310424933046	1.89130149787641	0.533050800479904	0.870824965728584	-1.29909850442637	-1.14071479537603	-1.58704967369929	-1.17167505634676	-1.51493922062506	-1.21374020890629	0.229708825481983	-0.408940356062796	0.418224734367322	-0.588314283916929	0.149872081919429	1.30434635684537	1.2591863927885	-1.04152004639732	-1.1741413000979	-0.0370502099581869	0.368237407280878	-1.82909523335588	-1.73803946106358	-0.565004192197252	-1.14107132487044	-1.14078078887106	-0.0563184763692262	0.765889798712962	-0.699723474665934	-1.22605124417963	-0.0147238182042645	-1.12925790766289	1.18811045392583	-0.256653523701194	-0.391907998573785	-0.681214650016436	0.696147744455853	0.907058771673066	0.137535584053468	-0.00109221560074607	0.76390383405661	0.427913281116473	0.228848474413101	-0.710090843225116	-1.22353084830369	-1.50137667780745	-0.271543136118955	-0.722460374069848	-0.16718754359052	-1.21168693368113	2.1140760612873	0.225869504712607	-0.259945200063309	0.107122684767666	0.0267124822545928	0.438276196435768	-1.1051142022841	-0.57321234615782	1.29234008689767	-0.208534227818363	-0.35236779931482	1.2583971217405	-0.714972785502307	-0.680159035506067	-1.17386756417258	-1.29778473954838	1.47399893552611	-0.277048204895751	0.557583975299426	0.440094263049764	1.95291524644513	0.315078989649822	-0.230936922827383	1.03360752476441	1.02983187809943	-0.376944533733939
1.2623338157097	0.536314050469324	-0.682658509258204	2.26177054669332	-0.508750786893605	-0.280710009623668	-0.781945961050436	-0.533098218330038	0.95259185160092	1.48399706034463	-0.365629873069755	-0.338322683498075	-0.234894917924276	2.88087846641899	0.536065211039657	0.660256627092565	-0.633161161182973	0.497515012099378	1.36030879110525	0.408183074021971	-0.339576468149745	0.313013933658818	-1.93031080251244	-0.879106200842825	-0.835221592163114	0.892208995136286	-0.231537043990248	-0.28798304708694	-0.288745927620676	0.433184713328402	1.17972576489225	-2.05406995915833	-0.262999661639075	-1.09475955000365	-0.554298380910088	-1.11280446252382	-0.578945071490304	-0.754872879158254	0.0741468113599707	1.58672943555701	-0.741255135664802	-0.895945873336587	-0.12683403503061	-1.04654149386083	1.87995627845623	-1.4557519184969	0.787713300937775	0.958375059106776	0.403763200380865	-0.928062908812866	1.41597432177807	0.178913993959562	-0.906570791743324	0.0527287615636701	0.360051144159646	1.94498367709451	0.0896136985584642	0.614024018115944	0.211421997471269	-0.602265659872266	0.303443482631757	0.34747873071434	0.0483815255570804	-1.29553681952557	-1.00695500568615	-0.273269237036641	0.68780229325331	0.877779083332015	-0.269111526967084	-0.0787042426384977	-0.88997461297042	1.38807545706025	-0.962588542511216	-0.617821425444281	-0.720673197975772	-1.51220642395071	0.0513698847086448	-0.384180886115439	-0.725663682138618	1.49234106961683	-0.190725950928516	0.907847052572814	-0.657670112169012	1.4476448391264	-0.0685441650134255	-0.346820064415324	-0.596713805600966	0.458545026824463	1.54908159508521	0.840681779334429
-0.055844345393952	-1.45537673774481	-1.86004781682383	-0.960787393403355	-1.32071288899804	1.05325848408671	0.196378909194878	1.27553655801179	0.552890406796676	0.877087597655628	-1.69850375925345	0.215413559140928	0.781919910763325	-0.598236830018376	-0.141515235419099	-0.0738814266496733	1.81458812950035	-0.475068349034345	-0.722261670613754	-0.643957582405945	0.972271996747241	-0.169565610671848	-1.03287753619207	0.0225675120719098	0.632408672961863	-0.594261121298348	-1.43709132597735	0.0748508032141683	0.36766175551254	-0.743586609588646	-0.850198814478582	-0.537032270449018	-1.43543176148569	-0.965097600672181	0.227499727396504	-0.235054684036382	-0.513320371628303	-0.862094455757835	0.0200715621549548	-0.131842897590576	0.0921399894042106	-0.223381975889986	-0.574183876851219	0.675832007216982	0.297612260249736	-0.605452916186056	-0.518948643737081	-0.450884627509055	0.324153053504213	0.42446316174638	-0.925525566179587	1.73445033211706	1.55853682849414	-0.959755541052472	-1.32538325776981	0.308445502261859	-0.517386035735398	-1.48834926953128	-0.193248946094305	0.617355912345492	1.13569682748273	1.11151697973948	1.51144358350192	-0.00274047693829276	-1.09338337621112	0.544213868440948	-1.77452296236077	-0.536608527500038	0.30069261682926	-0.278963748406519	-0.88563033511851	1.23387417953652	-1.08430102538783	-1.04536124269837	0.976920376096658	-0.621386870540881	-1.04807888758591	-0.70097943839187	0.588541900829881	-0.0898865505378482	0.699097062891354	0.235549831518049	-0.860664208879267	0.433026771197422	-0.509844424779415	0.0819724890116786	-0.288710278065585	-0.974460628583564	-0.844293658351983	-1.08077660361384
-1.13694878001487	-0.833337024077848	0.0645151152929301	-1.32059003104878	1.27176409786477	0.347996255223081	0.314740924677699	0.242995848335716	0.0660609160997692	0.0729818131398644	-0.478450128914426	1.21922422832685	-1.86260847310174	1.06306127442886	0.802890302883279	0.209717891043406	-1.49724036289489	1.82947635392445	-0.917740061342994	-1.06408044173287	1.29691481518164	0.667006442812949	-1.01833785553829	-1.11747226929225	0.160846015079814	-0.603783190608235	0.959026737567517	-0.586837128766194	-1.3276563180767	-0.494425010931732	0.988816314873741	0.621762121453134	0.140235604865042	0.281791221327058	-0.395021741961886	-1.11200913722258	-0.166852998271897	0.174170223341457	2.22867211759424	2.41424348518301	-0.99502017443474	0.659215511217426	-1.6646867962292	0.0726849166737169	1.16376862475037	0.860315391805462	0.434984503586602	1.16053862619571	-1.3667906198098	0.663527801751194	-0.478571380600729	-1.00131200242436	-1.198198065476	-0.0634152661813155	-1.62192450452934	1.58100830744113	-0.359079395849722	0.337025112987308	-0.300141163743663	-0.155972993587455	-0.594138186320596	-0.63435455531036	1.18342028908456	0.433176825512119	0.247138722425109	-0.542323553769191	1.44674835836947	0.05852692041306	-2.63747235394315	0.17018006074211	0.799730295785389	0.953860278269764	0.631635575333773	0.387936545852278	-2.51220706213287	-1.243334198804	1.27038737038625	0.4707276679508	-1.89747521743714	-1.66847638251058	0.04382628459326	0.0472512180969331	0.0032294835599546	-0.159692439325318	0.121453949875564	1.62898373737423	1.54247990390848	0.189775553796815	1.08863701163044	1.12109557309214
-0.287100733049724	-2.26192278083342	0.190373376977694	-0.225007318759503	-1.24940106634564	-0.933108016802964	0.948224799556554	1.52431807970289	-1.63092337358019	0.311114985030126	1.4980858726665	-1.52992370200217	0.036143641390318	-2.92579926882434	-1.16150583194237	-0.838408568363359	0.259038117973644	0.716508957181941	1.62481173358959	1.31819531812564	0.907981230264277	-2.25901916830002	0.334099717739707	0.0714646458570521	1.20290943648995	-0.218145995094998	-1.19438562882666	1.36620366185516	1.03700292617297	-2.81915033881863	0.794305176447826	1.30692306208551	-0.710174773742103	-1.45173479955265	-1.73929921804809	0.338340538959144	-0.0489138762568098	-0.443807499644986	1.20528027399757	0.883225943314485	-0.690648829426876	-0.853263619556459	0.718277060495225	0.985657314423901	-1.87324638853449	1.52855471186157	1.08424797515984	0.764392810494661	1.95336747759104	1.72997074722889	0.451768131184471	-1.81662961378404	0.684981376425298	-1.81158172083712	-1.8853915254716	-0.912747092451167	-3.31892425823395	-0.175564495511495	-0.675819361412517	-0.823399577674342	0.231867160132444	-0.473611498253143	1.32466448379909	-1.67906588117159	-0.169599659988071	-0.58771101056903	-0.0644741224378664	-1.54757865488177	0.31414276992164	-0.739569923025129	0.447762816435106	0.354596426661989	-0.663055323952855	-0.0761728313317958	0.294502240903505	0.499857049447538	-0.0143288606633455	0.92220718288075	-2.10605775704609	-1.99703104540619	-0.327836238632267	0.947281532868394	1.76857098078643	2.18811974936436	-0.200036633635373	0.423059568702981	0.43181141724081	0.0337641728535599	0.577401098931047	1.49904017932285
-0.0636211271257625	0.349190111833645	0.474978093922262	-0.276317626431541	-0.91942764301315	0.283907718663236	1.13155980711991	1.14595535342336	0.570738287722607	0.254385860487609	1.05301831626517	-0.627065606770072	-0.197267002040304	-1.04305052036781	-0.0720332061857439	-0.595282578452069	2.10743402539302	-1.47171722104867	0.271871486367519	1.42479036434701	-0.578744783125918	-1.6811308788131	-0.703049979403923	-0.0557332863089791	0.599295197322903	-0.0576356905827326	-1.40382965223758	0.0947180610254704	-1.07097838201487	0.237021681373626	0.379316802085722	1.1017931305166	0.833311614482965	1.82507806393115	-1.58467526528361	-0.933434895177398	-1.73969163862136	-0.60071562522649	-2.64844512876424	-1.46114108862007	0.23783401336366	-1.8267665538762	0.685317846095051	0.0138193720723127	-1.28851312968297	1.04644145536313	-0.108393635736231	-1.5962853038837	1.27608438779285	0.35509392611226	0.0138967005591129	-0.317959756453088	1.74873272190112	1.07759687747948	0.311558686351218	-1.02786017541418	-1.13699862179171	0.140605865642855	-1.12846774481611	0.224749648957143	-0.721992008895935	-1.30863914446803	-1.38007292090954	-1.54778215906004	0.800440529062763	-0.329703141494942	0.130659187608341	-1.44129546983565	-1.18164950392435	0.228503666720956	-0.830607433221479	0.0080213507333381	-1.25286791875384	1.25418437094614	-1.95198310869791	-1.29212322434159	-1.16314430068387	-0.289147736387154	0.322545894134129	0.673178606077264	-0.751629115825067	0.778687259307062	0.997294772871678	0.675198533449377	0.381850410283675	0.0304363056737619	-0.445089621831798	0.0917994947739258	-0.361738992529411	-0.250765126683943
0.484430552807403	-0.821979225872199	-1.45319167403922	1.33712512721034	0.463487095453526	1.3873910285762	-1.16678122692815	0.28409362386911	-1.25625939548853	-0.582605186649994	-0.200967532052245	-0.759258452837735	0.382596940884197	0.504698560928232	0.921965960625536	0.498782164820425	-0.0968083347874573	1.5654921058831	1.60472552437206	0.997957204096179	0.229771487333721	-0.37389259381433	-0.417337445885587	1.33649860937729	-0.724566112496261	0.413753137822146	-0.0855303062499181	-2.35280985875897	-1.5764976788856	-0.477715647719855	-0.694495499431724	1.00535933674539	0.810743237618679	-1.25100000149498	-1.52904392801533	-0.472080609548853	-1.09225131726723	-0.027336107502031	0.118587697108939	0.168839804093036	0.198699406836803	-1.08197883363624	-0.586374550341274	0.0239831507148325	0.453572831673069	2.18872781270679	1.25444692512876	0.0957107217288404	-0.506290575788836	-0.769631072230885	-0.536537951957682	-0.950000727202506	0.517265490860955	-0.0955495459735431	-0.177287112671148	0.660129240171461	-0.564002856037672	1.36842883859964	-1.41448598518216	-0.527049834217697	1.15828891939388	1.89977848148874	-0.648848529717126	-1.30130585314983	1.37156050836705	-0.661527413445649	-1.60053757900981	-1.58664326949669	1.0680750985158	-0.313579386254918	1.38080008313682	0.829334010740086	1.04923134620938	0.562451488761199	0.692433301165238	0.124183787963967	-1.01341183051677	-0.256695925423871	-1.09484356110171	-0.696333739716204	-1.16122822192856	-0.576879755313275	0.321053315021207	-0.367078801491418	0.170450079726795	0.12341544511887	0.71874576463965	0.938036585736287	-0.844913157374122	0.195304045538495
1.63603291740505	1.01205244098461	0.816467284181535	-0.413684698192445	0.421416570023208	-0.681236319055638	-0.478187314642382	1.64810902244638	-0.289965070730428	0.131478293064527	1.05497698816031	0.923694664131106	-0.511398932435868	-0.648690642112266	-1.64257423881276	-0.715163371956487	0.921613291367146	0.113298042570555	0.303291921141902	0.975705667524863	0.753658304168742	0.902945651156069	0.663032425136513	0.174528309161615	-0.0973894998271574	-0.799524759934734	0.809224578510244	-1.09813270326741	0.182274681260029	0.781853503337725	1.57763669126096	0.0268284141815109	-0.0172112267505911	0.20694727255128	-0.214548397194813	-0.784122322771387	-1.33870707728811	-0.889751803534307	1.13032956365069	-0.0478461726564055	0.174088174597636	0.0888184574665501	-1.88309965707621	0.726993471141421	0.116166730220151	-0.209499729908937	-0.078899069964659	1.19098331977868	-0.954784236490345	1.56948204775905	0.63161626016822	0.373752196696097	0.0655386242808917	-0.320172146927203	-0.589537109417393	0.308645625177981	0.772191164891278	2.73260354609865	0.467826266039958	1.005357565569	-1.50157476494493	-1.18724513365432	0.079992277373223	-1.23966820939307	2.0719215228904	1.39890686340414	-0.829095592637191	-0.68054895859578	-1.92069923395665	-0.0694121305991526	0.629363717002264	-0.333626203616455	2.25410173109695	1.44949130837908	-0.950666411721874	-0.0217857520097439	-0.697747875675367	-0.0822065218295385	0.161711302937623	1.13222173674241	-0.526830425925907	-0.760841119958024	0.70987515070172	-1.35055868332863	0.276250260295018	-0.142897879048072	-1.0415047339797	0.498006739416057	0.89125947682495	1.72208271174896
2.32731007647335	-2.02491812908876	-1.7962709150743	2.494748868723	0.110158675393195	-0.036618473579219	-1.00179583363087	-0.857657207504486	-0.380102590467203	0.0554212268633916	-0.517533439767579	-1.55527704364892	-0.120586843009225	-0.438502606752256	-1.61267656360051	-1.02568022261054	0.18937611758923	-1.57688946446828	1.01569143490492	0.337118362126482	1.02717988253935	-1.55201765820146	1.54305853260194	0.923533171697697	-0.584585887010865	-1.87568414590555	0.0659878382779267	0.562246473491398	0.567732771685357	-1.70131806400415	-1.07186036945646	-1.43469759309231	-0.125495926110108	-0.891919827165564	-1.06856455871995	-0.296022704770371	0.234749456308463	0.0624443115387323	1.04720895819683	0.912530977635177	1.47866419426042	-0.355441889125014	-0.122469205204293	-0.169745727935463	0.243045166786869	-1.85191120303412	-1.08158338206745	1.46656632571246	-0.31793973219709	0.889921973664369	-1.31643991719629	0.260838355087167	-0.255351757644878	-1.95984642948856	-1.48564288978776	-0.260456955535421	-0.681705561998633	-0.159161559533383	0.420993028568564	-1.0294431841896	0.0322498155764192	0.357422661943522	-0.083293832283449	-1.65110807918244	0.358423243004325	-0.590295560442664	-0.617702070773125	0.624252574433589	-0.267356466637678	-1.90262373582077	-1.51437200895309	0.70549151222805	1.68218765818635	0.914345931980608	1.32116195843234	2.32950809173634	-0.223056422259932	-0.863007401281647	1.76076327378427	2.25245641378902	1.28830590914379	-0.797476583628679	0.260447621413995	-0.193122954676467	1.36728996573152	-0.404455729435219	-0.489825937471552	-1.89378084892535	-0.414071818865726	0.0724271063342574
1.36818930234382	-0.292196881445755	1.46801191845116	1.29323763196513	0.611942863431939	-0.541765296426006	0.374494492260355	0.2758296821636	0.447301510262017	1.02412843160735	0.736679514057483	0.730873394545532	-0.781100475550802	1.89311404583779	1.21040007622545	0.734945163791464	0.841156074784672	0.102565703461893	-0.338010980241863	0.402386649365031	0.387447615734063	0.372354010114595	0.952139714918178	0.561723110788231	0.437744985412721	0.433114837416417	0.598527391217241	-0.470253989801481	-0.137935600724708	-0.696664355203721	0.274098541567447	0.2441697837056	0.481291107569567	0.102310155057194	1.26223143986719	0.0702276674554932	0.726304606436419	1.71814112094895	0.168789137724048	0.68418112134434	1.11400994900011	0.942641317862292	0.0422234993164899	0.12982827487815	1.96152138531171	0.52967987341475	-0.211987805020077	-0.0559707711131495	1.1479870346086	-0.0447749421261882	-1.24202011831227	0.964629836825625	1.40507632875025	-1.54459724370075	-1.79735910095857	1.36248414839272	-1.74352330306189	-0.811293130661994	0.775037467591328	-0.936404102565512	-1.99525072098464	-1.5231332622827	-0.564700761235627	-0.55034895770561	1.21800373490628	-0.992429774417276	2.45947541689246	0.965878463775648	-1.05533950486105	0.565410099633974	-0.0547360338369093	0.0987868675454891	0.83810257335015	0.951017672752476	-0.0223372661539793	-0.211652757291793	0.0262169417539833	0.172926949580363	1.43971084370558	1.53932598718177	-0.120403484807034	1.59903647060537	0.526329953639333	1.19899291371932	-0.537735256885081	-1.04349294778016	0.564425198996853	0.22652981176759	1.05650713269732	0.520994455236104
2.08716494870469	-0.842870735132046	-0.780540456454757	1.71384843152052	0.0942784439947972	0.225559539964197	1.35995456956876	0.835052713958118	-1.13011172744592	-0.28318582368038	-1.08738073254504	2.43993463225589	-1.24961358665015	0.00597590843390016	-0.737865013166306	-0.107543356251156	-0.925515584326347	0.434209255904599	0.345937640202199	0.880749421895562	-0.318398881763719	2.01415545027806	0.0624647459409543	0.209286224456361	1.10227621198961	0.0233253678108461	-0.549033000435278	-1.39732360617799	0.288219064002676	-1.13243149117773	0.627484193115289	-0.226787645882403	1.59580256211239	0.761879892875596	0.83650780058554	1.61096935693305	1.84005204316799	0.183576019586893	-1.31194066917962	0.122971876068117	-0.689505027656888	1.49769752707299	-0.678952293012145	0.268001470615297	0.430825298704138	-0.251602512874729	-0.5726955257063	-1.16365136224318	-0.953222250818605	-0.551655364701777	1.20976268528316	0.115243177342664	-0.557540774996164	0.190121138633834	-1.5927595472761	0.320955212350636	0.128682884785282	0.678203689422181	0.258324790372888	-0.291023957499316	-1.79181840503818	-0.967275672448141	-0.526505841699011	0.740180535915865	-0.923690465688466	0.223510945914605	0.83082614173933	0.757533528022645	1.03495738715949	-0.442536243834988	-0.116687095348181	-0.175826650698835	-0.275997845536468	1.32386457413454	1.78908343642685	1.62697849699154	-1.24940878805618	-1.65861060240873	0.931121855328852	0.441581828328695	0.970742228212979	0.426362630446485	-1.29202846292387	-1.03066105547215	-0.0991943200881535	-1.66157784940363	-0.706529243834932	0.366607804918478	1.61561270281336	0.418395113991042
-1.40396181642532	-1.61933986203211	-0.711335910170319	-0.616129834377553	1.31974695283581	-0.0593807941579996	-0.161051471828551	-0.21168801310221	0.225771140903503	-1.0611160256911	0.50483297852593	-0.279463323887743	0.0302115513901576	-0.156936784325122	1.59934273743014	1.56571018717637	0.0419786072038087	-1.24773387161629	-1.14009020216511	-1.21177402712895	0.663911239613551	0.167825889577925	-1.81343688603614	0.624264183463051	-0.212933772704128	-0.269304741005025	1.42004454724944	1.43556504734792	1.63664145150382	-1.44458405547579	-0.41728768913227	-0.899072233257568	-0.0724706500861597	0.180018304482345	0.640768553369261	0.836781102189799	0.336501599450354	-0.784056617618099	-1.01508737830586	0.725753925951431	0.0808307867149611	0.483729248047815	0.0546678801807478	0.321892400036679	-0.00634155316466339	-1.8049340475151	-0.62819802119241	-1.03723930837443	0.363276275058594	0.245200449994702	-0.686915090496088	-0.565774314730664	-0.53816476907202	0.0538090390791888	0.392224311708519	0.173467293001091	1.21461700011802	-0.949430427434321	-0.321702771683434	0.170527834298395	-0.364494840294327	0.184131543481576	0.559585401599877	-1.01866194659539	-0.285108929558582	0.412268429709337	-1.25989449632979	-0.536467076045031	-1.13531579323403	1.05635945739411	-0.576830793773066	1.87657170949714	0.48765947971979	-0.823882145643637	-0.116477193068719	-0.266502159288416	0.0341249390455738	-0.426993042993484	-0.183430579351765	-1.13548652294884	1.14926350324754	0.0486510029451285	1.17258927622696	-0.0888091456413231	-0.6419112057411	0.598406579240224	-1.09484616615377	-0.0194560249041575	-0.385330436467196	-1.09220499542016
-0.303070459897036	-0.71358610304743	0.249176431367314	-1.29668393418161	0.054756636467552	0.415303728399192	0.0353932250792175	-0.343514852975703	0.0379068038071937	1.58210936519747	0.539507335256615	0.174386815575003	-1.02983996691261	-1.88198620150078	-1.65546670360839	-1.26201125857126	0.0947094365150436	0.405008583010038	-0.319704478014866	-0.0602019348760116	0.362149196816393	1.02813998105053	0.924720123003858	1.12147067194613	1.00441344358242	-0.298305235336723	0.945819718295135	-1.38756979829928	-0.00333307961486708	-1.51670205112609	-1.14523481464185	1.02963182806487	0.475451028945438	0.823396179329313	0.388189597994562	-1.02530664259883	-1.01569286810074	-0.386580320339961	1.1670833995907	0.812858379756298	-0.120026270170383	1.34582889083918	0.126577011396059	0.0244817901257657	-1.41891042777602	1.47569205868863	0.793831855115999	1.30492372151315	-0.839409160420292	0.353458309918261	-0.388649304654689	1.12642427078922	1.79923258730555	1.34263172186209	0.241350432204807	-1.1535473433041	0.406619797987458	0.16042064563951	0.328101488125019	2.06082995095401	-0.897850796252646	-0.0976199206711808	-0.27594106290248	0.646844955174386	0.0270328165833417	1.75175675983098	-0.0599130757680787	0.767243815371077	-0.227011406630912	2.14898498713443	2.83834291169993	-0.183002208230163	0.385057103192914	0.833756526176913	-0.30850991871757	-0.136183824730617	1.02397475422166	1.18180577312995	0.210541500172844	-0.6789867947594	0.710035914307032	2.7271267629484	0.0301387194352714	-0.599499417627781	-0.0769832763596243	-0.671437125639337	0.924134992752966	-0.311171265586546	-0.80971257529443	-0.949007374389715
0.755003815626338	-1.08252209696802	-1.92238000638101	-1.13258835334137	-0.149095068665196	1.66358443245824	-0.469639503354559	0.260779602445344	-0.681925075364179	-1.04995364107539	-1.42896540491306	-1.10213094217738	-0.44187855273633	-0.328284037871221	0.617332731940048	0.21395326097206	0.0679777666614559	-0.862707719193922	-1.00270322659485	0.234046836025678	-0.841400320333828	-0.13742899426096	0.37334938790022	0.868674586994971	-0.97902938456135	-0.348510966244402	0.200824527921421	1.2822929173042	0.476680816688669	-1.16922945071098	-1.8256326235034	-1.71752149556538	1.57751633757071	1.7663238885049	-0.192555396114916	0.981258895632637	0.566142702304186	1.26821603503933	-0.450480672828751	-0.712735857223447	-0.473751722319433	-0.0765399423999755	-0.0192235921967456	0.483046382870682	0.474872064438679	-2.24486635138698	0.442861739684178	0.0703378593242304	0.50776163721563	0.00969021026116199	0.411544965893479	-0.736486294683142	0.284548438785573	1.29622506841253	1.04546075009011	-0.123699425558078	1.23471591647064	-0.0511310743246667	0.0906672748391901	2.62183017492565	-0.554122876017154	0.706015617163856	0.655420745313415	-0.865162189268106	-1.40743271136852	1.88276717243679	-0.574708492317113	-0.260141501397058	-1.07606514801735	-0.0854676672480096	0.833428293160778	0.316835502753751	-0.817823950966167	0.319078608309757	-0.342931815576498	-1.09447756673942	0.572381493792662	0.79485434472695	-0.491678153972311	-1.23726929532087	0.379681810232459	-0.337704254783297	-1.42172254411583	1.08339152839413	0.391660330801788	1.66492665512251	0.219439859021646	-1.07692608069103	0.458006452554612	-0.334071427146002
-0.234281187319469	-0.785116128537287	0.0495044615333948	0.677120596933386	1.16216082279426	-1.03989775616208	1.12887194516222	-0.551676519087391	-0.468468307114931	-0.0941286503795589	1.45063985088729	0.727809784311805	0.0713791003371704	-0.16717588179887	-0.638283810589348	-0.198664707479632	0.956398414456843	0.413366906568547	0.836656315047372	-0.529989261976138	0.032196492542396	0.708910306005858	0.562663939383914	0.619925533514244	0.68509441373211	-0.402784194304163	0.878847929091932	0.303686422332181	0.520321957350557	-1.27278384822531	-1.06992179056889	-0.360997343426476	-0.171698136071199	-2.14752560665691	-0.612921636067408	-0.876415638891015	-1.18406995357345	-0.804709661532317	0.2574002258765	0.273164405652051	1.09276446548291	0.313327706255502	0.512066138955498	-0.025877721596934	1.10760297409725	-0.306795253587569	-0.205683350054588	0.797272997152474	-0.17267681085647	0.651716860379319	-0.428558436692712	-1.25341947574311	-0.329417651231562	-1.47104042208979	-1.23593768910379	0.991112338550172	-1.22975764261563	-0.315899040786317	1.38528064135938	0.935179314408704	0.374355350096755	0.99979527031999	-0.0194006879254371	1.37082216564556	-0.951697524679763	1.06609166360201	-0.622776707256597	0.592698875737082	0.465952583838474	-1.49542730526577	-1.22169148957076	-0.413203883804605	-0.855376603829914	-0.772695215246435	0.204486684867122	-0.642235411402864	0.882417204680917	0.141666778441594	-0.36992553970141	-0.460628056895305	0.0678557913573848	-0.791135019700371	1.38939161312418	0.102817972213263	0.225008652914444	0.141323645041282	-0.049447131410021	-1.16717482758356	-0.359443276126395	-0.0556679423276314
-0.751981556463773	-0.738900128264568	-0.590332304329819	-0.423196190079166	-0.307723154994932	-0.62109221232694	-0.431980626919936	0.0756801642609526	-0.305890693146269	-0.185359418719081	-0.538428104696012	-0.865911504401295	-0.264221835640976	0.751212085513297	0.115065336306784	0.829131685050399	0.482864318107721	-0.620586826504645	-0.794450038032702	-0.411334312492249	-1.31383466705128	-0.339571207518216	-1.07163489698982	-1.4319925010827	0.262850610780463	-2.0726088747254	0.55216528972104	-1.19790498524704	-0.844349508358645	-0.71240190159651	-1.01101056580086	-0.082151001396803	-0.210667931917207	0.737981095678255	-0.894798022337473	-0.165549319911528	0.0139982805145342	-0.799011442249565	0.542533911093616	-1.56883262950498	-0.272416242915796	-1.90286855795202	0.191556058067093	1.3152228004312	1.62881276411952	-0.420121928670952	-0.664487496517796	0.71905809035065	-0.780236325118018	-2.53913897140269	-0.686394164296756	0.37225717864734	0.296360723169987	1.2695984581569	0.316639509851239	1.5599021550472	1.53940865527794	0.0716640383572463	0.698517063278858	-0.855935536237322	-0.472597323150978	-0.214128876935462	-2.48175670827549	-0.35874532191757	1.52766036543044	0.00254262210950278	-1.03920189750457	-0.338007106613542	-0.0395298121639279	-0.404634301067401	0.32543320689876	-1.25582773555446	1.10896779950722	0.695247472835494	0.181327729004118	0.468757725102557	1.5874762827082	-0.55265416849876	0.48161464096877	-0.0323030287722801	-0.897937154436136	-1.32937100845719	-0.390838581901445	-1.27794108965043	1.44156035331834	-1.17524838868529	-0.743706059305195	-1.5179089222613	-2.3782333398879	-2.28119226480677
1.25039314645173	1.35014705616302	1.67964076062709	-0.0277302278043775	-0.345461648395085	0.951251897738877	0.823625932581723	0.182706412712016	0.472250959844964	1.22271385114374	0.352471311147433	1.37282906911413	0.580264668946317	0.110692490732856	-0.9057647626272	-0.423348654978197	0.240041765916421	-0.115320735197198	0.786907637551011	-0.259463183970811	-1.10760728386072	1.39164127397621	-0.308020019815333	-0.755249024910353	1.07507398650406	0.309875872182885	0.767560870851523	-0.69057768406105	0.962016682077502	0.0477476557173047	-0.14782177265203	0.974285123252591	1.4322247427229	0.187280879869522	0.102712711758026	0.146526192108952	1.12435796996883	2.19052507018811	-1.34731952817732	-1.38927865920681	-0.975464857025996	-0.483425148075141	-1.82017112113558	0.40970921418314	1.4537560984074	0.414921320677992	-0.830926147484187	-0.912755579783539	1.24614977126139	-1.46830821624525	-1.13020026081918	0.919513853601041	0.123746421926084	0.886280993843722	-0.106690710308022	0.392041779051363	1.01925371606067	0.767036059894274	1.86125314976767	1.34806782949431	0.911028221824887	1.68366801981349	1.25533193296828	0.170104569400894	0.52956978840562	1.39482329053724	3.62847413086411	1.2682945969146	-0.876697035202541	0.0815349315033281	0.496326422970755	0.920365249031865	0.761425535864941	0.464247745113695	-0.0779486522147846	0.20552251416	0.142406507450532	0.714455100475425	-0.64756078878167	0.411039081244737	0.0208446830393497	-0.95518715964939	-1.21132174152325	-0.171280843885827	1.02304415697146	1.00607519630028	-0.607728720492085	-1.31520761985226	-0.0601548220308437	-0.451544253855601
-1.82327071639953	-1.23771515564995	0.18356111456331	0.180433943269546	0.9578183803148	0.519433427855262	0.528502985683951	-0.621820234867898	0.648499118587871	-0.210633575705117	1.08865593766535	0.756670739165602	1.62108315732929	1.77966056225197	2.15426745540935	0.83357835186068	-1.74426253442754	-0.107256813064287	-1.23574521098443	-1.89669896937098	-1.29483419311823	-0.0624863993716666	-0.0721195299805336	-1.56104386493821	-0.478336305276457	-0.655811779514506	0.996803576031509	0.514327840139912	0.174476632957901	-1.40977595084453	1.04646029970243	0.58712514290785	0.201440812063061	-0.150197595324626	-1.0398055971451	-0.717461114203148	0.0290714927745798	-1.12599510703457	0.490095604525351	-1.23361317284016	-1.51846498456478	0.0223902432842139	-0.433316730015552	-1.52522996118837	1.89247189660167	0.342977845246689	-1.35290783273671	0.80959452187643	-0.0844229196178826	0.446618768782161	-0.61296700568067	-1.42616860095056	-1.57695779876923	-0.783684011397342	-0.46671036169832	1.56421532895834	-0.945166100333798	-0.924405878742165	-0.814073651427655	0.104256315176429	1.794640185224	1.72327017328166	0.531627377863246	0.874060035319533	-0.983985411829841	-0.767226441896554	-0.341721226749335	-0.427108152908794	0.764973498798762	-0.142405241841197	-1.08021818206786	-1.2653889557952	-0.704781003864461	-0.182663587261071	-0.31991049577946	0.0584214513792601	1.29327616290948	0.766436266632924	-0.794773889354757	0.0105046366849234	-1.32065251060624	0.917657749763883	1.40158314521183	0.0748734907435858	-1.02425828877778	1.07102324319189	1.14608694118414	0.240498697581584	-0.165344105342642	0.244442303704258
2.21658872957806	-1.2902762845744	-1.33287245578806	-0.421335142564993	-1.09351664171995	-0.586341170430615	-1.90798442846253	1.00524702610145	1.20984443781399	0.537701619887833	-1.62662492171049	-0.346170722414211	-0.307653054236294	-1.14331771944888	-0.300526016760368	-0.577366135569427	0.0553233072366842	-1.62924246974603	-0.139321070500906	0.310086148202329	0.161496869008334	-0.199532334974469	1.05616951399352	1.2330208777159	-0.825545503653638	0.544159198621754	-1.69574270356476	1.17165589865123	-0.54843685528018	-0.764047694477427	-0.14911110031334	-1.13589084950034	0.284156798194283	0.987269659827828	-0.416330205026509	0.178850429521319	0.63889982874381	0.298729037834697	-1.08513537130605	0.803931962622372	-0.179594747085729	-0.645292049176887	0.0250077259279444	0.260091991466892	-0.386656705278385	-1.5574240925172	-0.347853999618061	-0.84773791030367	-0.557898550162348	0.83255204643401	1.74538556219668	2.34024804575976	0.0376989657007939	2.05253877168054	1.31535440314471	-0.690139092756166	1.10400481908833	0.553960405268796	-0.3632478307073	0.334758574306552	-0.999233727327481	-1.18708865305046	-0.0778874809805152	-0.221853673068023	0.295062226219458	-0.0473216286083391	-0.579777151283546	-1.73055272904292	-0.934455542192013	0.562637549889718	0.495890518488716	0.521977887356289	-0.319499557703797	0.200585590735336	-0.394613937256452	0.034619088200732	-0.907130233429187	-0.895122965473983	1.63942613878302	1.68214817194402	-0.228048478663415	0.383179276365866	-1.00136721447663	0.571591041088545	-1.14103188578899	-0.382614919848583	0.314891780669522	0.767844340328589	0.250653499625169	-0.432831921123345
-0.0719590014393371	1.96482494870413	1.19839758912714	-0.553079821930009	0.506291016033381	-0.582236226304392	-0.184817577602723	-0.25699393828937	0.0740316952130766	-0.681014936737433	1.20402080851127	-0.133151764126247	0.538659260296317	-0.0458716184438388	-0.331066855428609	-0.504519863193297	-1.74779426187319	-0.494586171130113	-1.18219554036708	-1.53401799385088	2.09963793964039	-0.806682745456861	1.25674246345161	1.53163734873152	-0.21748268340943	-0.404070677915387	0.915634165413141	1.5955622241709	-0.0274778303364361	1.01020798878032	-0.587737225076968	-0.962217739331109	-0.613655936039085	-0.790585586682519	-0.988441633041275	-1.07678375539323	-0.633517602950909	-0.830231298385447	-0.570802021934515	1.30740468035868	0.836047788708889	-1.40650942649491	0.82388572897684	-0.748555192025577	0.147049249445227	-1.01573606201185	0.874162552041139	-0.959276496975492	-2.23271923587786	1.62255913382655	0.582769812396458	-0.134447694419705	-0.316997747181887	0.307001130289779	-0.304541074100347	0.467875353350977	0.769010770012894	0.769403810108815	-0.862601877784146	2.15634906166912	0.0295914399740449	0.364290537368257	0.592835443575405	-1.39274275382564	0.253691344954565	1.54017449040969	0.805125665802049	-1.35723205745046	-0.158755321327607	1.649021255384	2.0847034888436	1.95155797069253	1.45425827776278	0.363428686406947	0.10442805496822	-0.134243773396874	0.665839862029393	1.32430410658818	-0.44529057582802	-0.33306589827884	-1.22637749523954	1.5258905936614	-0.0709499505553266	-0.640852794790597	-0.338482474769006	1.86534422389854	1.50600154532128	-0.0760687073263533	-0.157142275149892	0.304133217120334
1.57285665230039	-0.266519038649864	-0.865780272816278	1.76370801756709	-0.331088959666537	-0.158932955531772	0.254051521031781	-1.33176735115012	-0.262545466184179	0.37644746684308	-0.319620681618212	0.773384524026909	-0.825456266411285	-0.164999082678075	1.90894998424302	2.36118052612028	0.12202008965711	0.0918788968899784	-0.0792014677587509	0.541157676393974	0.540676553662728	-0.0458344132157702	0.763767655417098	1.0830938056957	0.00801416451132725	-0.281262434648256	-0.546238136810352	-0.0653224570907948	1.34318309448134	-0.176301265457881	-0.854948392370813	0.279545955040126	-0.275642806359303	0.230793150061737	-0.0331465210819315	0.90677374387438	0.77198645931616	0.366347838781738	-0.521962927026065	0.110276192415629	0.761642267122636	0.914422619797543	-0.18345270749419	-0.41319643780772	0.293847012932982	0.364825394634557	-0.606031703284507	-1.32855858451473	0.835253815051099	1.07360353526902	-0.383555918984448	-0.304414577384977	1.14197204156806	1.84244752112938	0.44538728980043	0.170708186447066	0.110031313340216	0.608410039379488	-0.914662493928581	-0.714099286590733	-1.35175799251198	-1.17295831079931	0.9942627109553	0.483432001304739	-0.634991577809502	0.210088301361707	-0.589749398900244	-0.321253198380117	0.246530368930191	0.600314925864568	0.763549876202962	-0.16357543927023	0.0719560331314022	-0.495226341790164	1.61723557151705	0.528486854987459	-0.978735128776653	-0.558425355684116	0.780104712464263	1.52952097852348	1.06282537712161	0.964563794443593	-0.206003283530091	0.89672560214973	1.71156342396275	1.08142587092485	-0.77409658596177	0.57404376593665	0.952992878206658	2.39064843110181
-1.48571356752573	0.159182221682301	0.64801210533232	-0.725370676096643	0.278549147338864	1.6492613622262	0.00387974227736765	0.565053263387501	-1.61699478134004	-0.139899561899952	-0.0732784954812427	0.371555504283835	0.879625190884838	-1.10388233474405	-0.0360440226451998	0.813887087982454	-0.0729218764821138	1.17799607127319	0.0359754583615475	0.319188673895238	-0.880394899292617	0.108920736200726	1.16178757337275	0.0549713721106388	0.802525609457263	0.474759379855609	-0.184580997554838	0.108103828685605	0.028576193091796	1.03909300964523	0.0242057049601983	-1.01796581173824	0.687322956730793	-0.0683355588485617	0.522017254885032	0.16335854661868	0.280754377913401	0.524928514706397	-1.18687911901439	-1.59579558677353	0.546870897250584	1.36733434950887	0.820704302936621	0.594929181079405	-0.675496816902817	-0.462610229186257	0.180872772596747	-0.713003099254918	-0.413976030580199	0.206106023456268	-0.340955393586204	-0.354877022602094	-0.329792174530381	-0.463835452353112	0.781762605619947	0.916247430024174	-0.859007289841279	-0.0311357178533151	-0.0728864871515062	0.787481882024312	1.2222424098948	1.64186032169485	-0.584250683377564	0.59243578871671	1.57039302232374	1.45196492632144	0.896740905812402	-0.651162491400727	-0.501939546834983	0.158897757527088	-1.20850117517318	-1.6209941597035	0.965932658959855	0.00462286648792797	-1.44594654088044	-0.413944118555024	0.607965516636265	-0.248344426959896	0.413606770021339	-0.063499617491393	0.672857641388707	-0.32298993945045	0.721433476116748	-1.07826180937421	1.68904355117738	1.17510856373247	-0.389211326027517	0.192875993371422	-0.297090160247188	0.299352425242954
-0.125816615101699	0.514852938041697	-0.0950418314780394	-1.05398121706996	-0.346001331872226	0.484779290572373	1.505072903914	-0.235068377474574	0.901674766348736	0.721746897315492	0.244807482032568	1.3457254637588	0.807041283887095	-1.18882348026515	0.283096902504273	-0.128373953435483	0.5730646127518	0.545374836226579	-0.662527871324189	-0.055324774169214	1.51175544067566	1.20851372619301	2.14328820307872	1.14607414447799	0.847675130180092	0.573783670284909	-1.48763420966719	-0.443622672901841	-0.862233480888892	0.295343846275092	0.208496500816501	-0.375356929823056	-1.68070630587461	-1.81201586181808	1.51811037846307	1.88679419784746	2.37479649827744	0.962100021751436	-1.76040028724129	0.287229309760921	-0.417957355996874	1.73379786366104	-0.116661844919988	0.0531853134306457	-0.10040868814258	0.281855073670864	0.804689041680001	-2.75110727369407	-0.370887658465168	0.819120307393285	-0.613823137265081	-0.0913900611257992	-0.676156297458819	-3.38201049095606	-1.57866379125871	0.227710984697728	-1.55054388984219	0.753999706314881	0.00619929765680907	-1.33173048646459	0.66893744840572	-0.104229401014264	-0.276598231125865	-0.0885236517166162	-0.63327605119961	-1.4321377079278	0.00136911425091627	0.463353003552288	-0.594043012063663	-1.12221563655571	-0.47477613202272	1.09061004563595	-1.62331587295474	-1.04647136241602	-0.659234831339999	-1.511965176896	-0.279812733097479	-0.778496213944646	-2.33812341832383	-1.92061750878638	1.59313599297028	-1.7216298464343	-0.0695215583508408	-0.176384372158049	-0.300991272308971	-0.594503823563369	0.462690040484898	0.230655062880389	-0.399728276701232	-0.179204982055947
-1.41381762629126	-2.63606680903613	-1.71548019963759	-0.495949285048592	0.52202485179269	2.32511986034924	-0.731599438645305	0.244730649959728	-0.142350968244061	1.51674103195721	-2.14618358938195	-0.136251391840322	-0.490750329599879	0.0756347114196627	-0.877172460191888	-0.589520257582274	-0.875095238224336	0.660790957066894	1.44385719712934	2.44558768892875	0.425972045711692	0.189652586175192	-0.0209427577358915	0.720967078186549	0.0612179467807196	-0.626343134061494	0.330831719247884	-0.860526189431711	-0.127515016603481	-1.08883744840724	0.122501144180541	-0.675798416344832	1.77966925164808	1.65959349009628	0.544829945198591	1.42753838972334	1.80148449774716	2.06358859045163	-0.494971085584566	0.5511673167746	0.813537665058083	0.0805695889575015	-0.878089111893878	0.820998829007716	-0.314430587321692	-0.341938284372529	-0.229002571629953	-0.6929238611354	-0.458868912903898	-0.634168085227063	-0.961754771584973	-0.201772517916269	-0.939897433115563	1.58544016501175	2.19379581239409	0.123404016244616	1.5470556947264	-1.60702964711451	0.803722654789495	1.17073335343534	0.365696375594862	-0.251390569349183	0.807199879188726	0.581683346404241	0.282900191101559	1.06853217772623	-0.886026361320739	0.26895595890005	0.891402558049121	1.13642262434633	-0.975756200081814	1.3505124911802	0.114239779520078	1.20717721257601	0.205285400042298	0.224049237818802	0.859203366940166	0.499221206147898	-0.0859720827073685	-0.427538438236121	0.290300097360909	1.49312279541344	-0.252191966535837	-0.0263899939550168	1.47762694194453	1.47274052542114	1.080229822981	-0.72561911227413	0.14263893727453	-0.912486136957098
-1.51872014957165	-0.756722716860199	-0.58163812608262	-1.17550066658952	-0.320435625248699	0.376482506434272	-0.480437319896425	-1.45017785472714	-0.607489120238261	0.381290216961577	1.02210816930052	-0.384091608567417	-0.781945139799681	0.188575929334843	0.539394113268844	1.30229117940102	0.397058505265303	0.653819962168849	0.0148220930496292	0.113148538589637	-2.12698942183751	0.459897279445862	-1.06307044366856	-0.883005384446916	-0.0605132213022146	-0.182159785224985	-0.581658182446227	-1.78915666350144	0.432520640136334	-0.179022479301544	1.00621576711848	-1.24291208236141	0.786799935561794	0.430516619084504	1.24091013665459	0.168521278450334	0.269480697838069	-1.56384065315204	0.247961876130156	-1.25284149892952	-0.385036044171801	1.37688340730979	-0.820995844621837	-0.322313979883123	-0.929101383000142	-0.928271424973547	-0.306610376803215	0.802274541439489	-1.1611883992514	-2.01801869826839	-0.953116875470639	-0.558981581121429	0.291709967577651	-0.660282180870663	-1.29552011063152	-0.352891422034757	-1.02526052489061	-0.951370723752214	-0.100014854105115	1.30975096893624	-0.97873822914238	-0.779210830935479	0.302096869431748	-1.04192468298466	-0.685037245457623	1.90677707828269	-1.93878392648618	0.00498682255646707	-1.39110489995121	-0.639724752115467	-1.79374924775309	-1.47810447928091	-1.83094241501643	-0.811421608662721	-2.34084936197251	-2.36782233200036	-1.71049000976524	-1.43184842242136	-1.03907406821648	-0.0326176898349266	1.39794187351232	0.447482383497254	1.91992519425897	-2.13199701124132	0.854335311947893	0.173758199857924	-0.477826498339389	0.290446561910573	-0.57480115820425	-1.03971365941402
-0.53878375190027	0.149617521324863	-0.0425733030533136	0.867285909844767	-1.68683710965571	0.0379303535462217	0.464165023856288	0.513899327570284	-0.355917807204081	-0.166916021431342	-1.11474180110921	-0.480260447921164	-1.89810095797035	-0.609909234547624	-1.95176194563974	-1.97781642059618	0.683351492346719	-0.135742225182162	0.252100178877279	0.101786469936951	-1.23320851106592	0.56864988640215	-0.588895205870982	-1.08173192986297	0.733271333074745	-0.0330258701364751	-1.70557890141	-0.475889018163523	1.09431340498798	0.872141492460104	0.639087985845642	-0.555765564108001	-0.820981123284286	-0.204642897096323	-0.118323052231073	-0.197666843457126	-0.541099934357249	-1.04251931687882	0.164632904235054	-0.247834870263464	-1.93285273037107	-0.514260271758704	0.317271049202126	0.153261238381443	-1.66066445970312	0.00594644161300797	0.652957249839532	0.97009769222545	0.0696405424876136	0.201929494507955	1.04078324199027	-0.593817748824297	-0.784855602599596	-0.792215334836893	1.70415407413839	-1.42736777853263	1.16107509800513	0.905750562184129	0.317995747451872	-0.671462912123704	-2.4368321050977	-0.938722713526177	1.31426233688201	-0.287116639789394	2.28580455948531	-0.947419889753418	-1.42134185534325	0.316505615451915	1.96640931785365	0.278074304116117	-1.26297132059695	-0.868786919070351	1.15710413401898	0.324751659896228	0.558273728999707	2.13137891131716	-0.412535986928534	0.46338459001451	-0.0312469740528297	0.715600098511519	-0.106949981522859	-1.63191228035126	-0.612397819293476	0.644167192356403	-1.34177033946441	-1.64555365326047	1.2118798455896	0.526970796147144	0.205508147609723	-0.188639114868568
0.319383628923513	-0.216639451851049	1.39528316115727	0.752982163328358	1.60874806111101	0.0952862795981511	0.947564361798724	0.32002616880814	-0.356729883671678	0.980469182753379	0.790927452206003	-1.45337796446312	-0.0156011686936394	-1.13044213256632	-0.120152928991749	-0.623403826332444	1.33240930290157	-0.673310733963301	-0.547999892629225	0.184447368511692	0.353362595597523	-0.395479645251002	-0.0610415898099992	0.694912813992321	1.29716593572308	0.0500897620825919	0.373101102693764	0.827558065453941	0.481558003370509	0.141100132955594	0.557003255317926	0.180551647734544	-1.26309894415047	-0.0702540943965825	-0.0792462595539782	0.1178984044758	-0.200802010388089	-1.04488906632659	-0.997403960118491	-0.621504846262697	2.59325008573252	-0.266048285854832	0.832741493508888	0.625033989275297	-0.656596571663369	0.791663692519626	0.492151895870238	-0.941736729423097	1.16993989811134	2.53712935539029	-0.712829082403475	-0.299945821393361	0.990866033122034	0.220772752112937	1.14272936430589	0.0879619498938346	0.923312742142033	0.855112503101012	0.437820145271432	-1.50351709426197	0.505378210415579	-0.135332690783569	0.302895991810892	-1.21592694094084	1.72314313593954	-1.73762222990647	-0.598844065386071	0.155611796469343	0.895520381204912	0.509680644504032	0.0377963259758861	-0.919948643818218	0.952216232294266	1.62476802684488	0.0288775947564995	0.722860450985911	-1.01035924579736	0.0351340017529992	-0.511860147621744	0.24676910880913	0.289680760914867	-0.443308858341514	1.30174397050652	0.194088270668991	-0.0869321325628983	0.00540708320396006	-0.26840627598976	-0.963818305568808	0.0488322373099142	1.17430683598479
-0.803683253088629	1.12734167508421	-1.21548357069924	-0.066523807231495	0.879690645706441	-2.46913819296439	1.09141704925012	0.760454416100012	0.213225608835366	0.852222281647397	-0.964595628821753	0.454438370429266	-0.938600342323513	0.677896924128794	-1.46988226442969	-1.66146222696544	-0.45345846191034	1.12184477269441	-0.628084207244018	-1.98864122453067	1.20072641338023	0.223609636122937	-0.16598955059323	1.19143953148495	0.917608462346409	0.488938124516549	0.233064942858168	0.784994712458066	1.26116821314364	1.53688064482856	0.584453734647507	0.0874070565904648	-1.84546022883554	-0.945307426780826	-0.0437666634782747	-0.200581458715942	-0.840428623510842	-0.983514623631001	0.959996674202466	0.667276842709771	0.22078426179936	0.129687307013788	-0.304577352673563	0.192355138251241	0.212897152381978	0.249152943209073	-0.879746770371559	1.21396809564793	1.47297097057267	2.02087271437957	0.395706543972073	-0.738579719768461	-0.438213217012642	0.0951903300164854	-0.850041069918358	-0.889504985803373	1.02365060752885	-1.09558505522787	-0.581757071105308	-1.00649904949412	-0.927542272934768	-0.9443691996072	1.13136109038695	1.00278547647878	-0.336999100644395	-1.28882050673955	-1.32979467825434	-1.1863634597313	-0.021154949062949	-1.39088847557824	-1.30310420346007	1.56604642865771	-1.22275949000145	-1.99971925612905	-0.758651179021699	-0.814039658015312	-0.88405344370455	-0.382553187693725	-1.43342495771955	-0.874799145040376	-0.755854257903821	-0.413166507364372	-1.00251654463658	0.315236425018182	-0.124786129023559	0.691018299259901	-0.676170066700834	0.789015815708482	0.180139338718264	0.745473403300745
1.56309044838895	0.64512528671011	-0.0033517977054434	-0.0616424468598276	-1.09335177210558	-0.455401921096455	-1.01217301822737	-0.232927618181113	-0.728703815119656	-0.562120005922234	0.562059448947306	2.33554646536379	0.120254282440775	-0.976328678426845	-0.835383034017885	-0.844795182923613	-0.757978781965411	0.610858515816137	1.61390712883901	0.389835983643719	-1.26596693329739	2.15730812353127	-0.593224985729957	-1.59605264883766	-1.11987148970701	-0.394928704652765	-0.0957127882428177	0.387101957632326	-1.78949815719246	0.535146214068586	-0.0892590574364328	0.198928467656209	-0.426094402871032	-0.258363269094003	1.1283528594618	0.936753910077424	1.02143805753298	0.178332024557273	1.28957882100149	-0.382636263499023	-0.384713914933118	2.19628985562007	-0.112420295972224	-0.172529751140811	-1.15427321000143	-0.0944636163184805	-0.417595829939368	2.53762341212	0.995980432578139	-1.50186271149527	-0.318452081778142	-0.194146095031356	-0.550130741573298	1.20587996489644	0.178209739798755	-0.666339807681743	0.787653005594778	1.16388421327323	-0.798214321185733	-1.33164405894569	0.924750106732845	0.267376750552179	-0.876018985869295	1.26414135180233	-0.483532518654617	-1.26055382618763	-0.0383911299266899	-0.748800424808125	0.887128585267163	-0.842636838155371	0.495476841105097	-0.338879625210225	-0.374249029567196	-0.473798823193077	0.493564323279167	0.794238108082586	0.638620353546954	2.13948891647206	1.26038377363812	1.72986321174742	0.351698968152466	0.0580884043745451	0.362260146432725	1.11965598642527	0.387117212427962	0.598374688620915	1.38984362789087	1.08832546485868	1.51604545072518	1.47585926141273
-1.16008138093355	0.701121667582648	1.07020088448111	-1.750642567883	-0.530166666310958	-0.573729402747643	1.34487601703532	-0.454896484713266	-0.30601772644229	0.312219104458319	1.0879474915865	-0.501529635131616	-0.455083890683799	-1.39124989832454	0.144487485686025	-0.88370696468013	-0.437625837832887	0.153111987771778	1.78360972971322	1.31496875987298	1.32576776944139	0.102004148366979	0.426777116807163	0.643167759781936	1.35887293150624	-0.822126963975358	-0.474620188313924	1.02988319042709	-0.990801659218045	1.00875904723428	-1.63427500987709	-0.404602712893548	-0.18380679589411	-0.629351522192459	-0.903918776845242	-0.284357402022886	-0.836449533455282	-0.741669133734602	-0.714176160616928	1.29016095516598	1.32101762250278	-0.244068119457298	0.735592981681297	-0.774414732762537	-1.30069467917363	0.311246792931664	1.32158255643848	-1.33987189601386	0.0795964663419049	0.642205828968571	-1.10526752432287	-0.41365674285901	-0.496736419494034	0.320799121676502	1.35224424685818	-0.798077448232673	0.0829310825871758	-0.718580118150873	-0.872595153378528	0.276595335818212	-0.279896092224535	-0.395284520592903	1.21131295453553	-0.780101100275225	-0.175086430261621	-0.728810603479914	-1.0878910060978	-0.839903041055724	-0.546364220049634	-0.443107690795706	-0.0561039670364169	0.766343520066665	0.652342949771211	1.00518587850117	-0.529130652376958	1.45860963923498	0.187390456697842	0.419241287354135	0.0541988416919716	-1.04981399036896	-0.371265598521497	-0.708049216832492	1.34771657431832	1.06620736293435	0.525635427149878	0.679765196391669	0.307412911372423	-1.93159274201283	-0.826535398207569	0.188900701779965
-1.47754353866517	1.13427197536089	-0.357541688590847	-2.16999846109657	2.54394363115915	-0.461558989503276	1.87978926402324	0.277624142147882	-1.20702402076691	0.829449231251297	-0.751553019529486	-0.325395581786667	-0.068415151338751	-1.14905728796025	-1.20404913906635	-0.887467489374386	-0.144741428304515	1.2920796601659	1.64053111575414	1.2412632337282	-0.271324842150291	0.285819478303544	1.16547610531275	0.577941191836885	2.05992183768792	-1.81974750787957	1.82600068014602	-0.203394592706302	-0.894669152923624	0.0995290737125542	1.2835878104121	-0.637494686973596	-0.166136687175813	-0.598308190830986	0.565734869911807	1.50234130076245	1.35357526412562	1.69359172420087	0.203430708696468	-0.298615900257279	0.54210630655892	-0.389232831404552	1.22500845083515	0.0901151240142013	-1.48230520320234	0.557794005341829	0.773011336444913	0.689332950481104	-0.395788302703653	0.926667360958644	0.634432407598624	-1.76388235932604	0.675809705609792	-0.73520124907141	-1.17360452649217	-1.51771947105208	-1.9067615955001	0.217339593318353	-0.092930577659292	-0.724989806820683	-0.0737954206361664	0.593618999658347	-2.13525218310656	1.0840801057211	-1.03768049111445	-0.52130638525439	1.67822255196515	0.0761086764020583	-0.0589574415650309	1.14279028699111	1.6271683302192	-0.946054578540161	-0.937372688162393	-0.771721009063216	-0.6830067583968	-2.24378058158262	-0.462987639930599	-1.01529058553061	-1.01899088247656	-2.06345850869945	0.543940392858722	1.99971708282723	-2.15236183721197	-0.819759860482214	-0.63105833090737	-1.05382657034864	-0.521002515790148	-1.37460934916239	-0.861453739736281	-2.26767287626235
1.87605435344971	1.2575620737789	0.0183930334721675	1.00514568586977	0.823264316937327	0.0203588476107036	-0.356985810105041	0.840678596211529	-0.242794552795537	0.354523591513706	0.484515941846022	0.118491817325386	-0.292779636726076	1.51459937762937	-0.910244926625992	-0.355546314304785	0.00461712249204261	1.97141709672761	0.189515511993373	1.21214584557148	-0.628438616574851	0.467867033800789	-1.34181164753123	-0.750963570804841	0.0386921964053018	1.16609433773438	0.772019622407929	-0.333584114625194	-0.985730296880856	0.967098847175286	-0.585602764946096	-0.855406130584184	-0.428619591212849	0.608477988333362	-0.879051908306062	0.329943896609168	0.102222490677604	-0.000416377277293846	0.934568316850989	1.79913259002474	-1.02580141041009	0.578009424210975	0.332230763095865	1.6397247962229	1.9261243409349	-0.0767906778522865	0.421631734308818	1.55026990470204	0.24249971104638	-1.8534475038215	0.508452124272228	0.124291249339845	0.247291562444831	-0.0162045591408679	0.87342213306243	1.67165943981145	-0.527956405541368	1.17715423694463	1.75504544182183	-0.217729996485082	-0.578398144231704	-1.45921145773669	-0.945302358346272	1.32898758030621	1.23521739063916	0.178502285172171	-0.150307531142956	1.1920331489533	-0.820895549205943	-0.0836804313066282	1.12816124886171	0.880432220165865	0.517524228892642	2.59955538981675	-1.01529758886886	0.342093731759367	0.872251255146131	0.992365034941889	-0.850270717177772	-0.683735826594343	0.79718540864035	-0.493271139513856	-0.0623403774128959	1.4589457953959	0.205248749253207	-0.212519446645807	1.4552913905374	1.83104056872802	1.45557784278142	1.27949826619356
-1.52480091526034	0.659193745599605	0.512106957223561	-1.66306178815812	0.128063152075435	-0.514874628202813	0.731262660384721	2.03572032111881	0.901313417041251	1.15332168192467	-0.320379961959284	-0.271696613708853	-0.494433556483554	-1.18037574090481	-0.419688921207644	-0.277977535099027	-0.752805028386999	-1.17368266573696	-1.04998496072074	-1.02622371110186	-1.62358879468794	-1.58544779643133	-0.6120134748548	0.268787601947714	1.25292054423254	1.00083230153631	-0.0186315658308545	-0.489058169364155	0.129996653424333	0.327307259262087	1.26019696271227	0.134863920288185	0.62920022546596	-0.00173874103931788	1.5461562410211	-0.699544882529528	-1.1451981499275	-1.63702160142066	-0.495236022200421	-1.22051343967974	0.475542898540731	0.738587182197352	0.618606330643211	1.51881625605354	-2.51044314034177	0.101729558025753	-0.704708243012637	0.468272544650174	-0.603763871939137	-0.171473319822607	1.77807847970076	1.39490356098096	-0.459312243608081	-0.652039588872724	-0.972424975087447	-2.28775415920861	-0.913419884286428	-0.232627817406275	1.42461543027344	1.21168667127327	-0.910347836517229	-0.179126485740863	-1.28461324316915	-0.583110858691596	0.0535970669337759	1.04967887599649	0.38422736805556	1.13786591047852	0.0956618980070684	0.0600746619319239	0.158583897911774	-1.63036750363654	0.702446349510137	0.632891057731019	-0.926063156097747	0.765446924108971	-0.441760610733586	-0.369690515031445	-0.81726739086041	-0.26579349039244	0.638640496299973	0.372798934421909	-0.859040321106398	-0.846796192685131	-1.45405993952232	-2.1247519828128	0.0775673473069955	1.18935411102124	0.700873188902986	-1.6189783909883
-0.86367045659182	-0.163637355618154	0.102782953071804	0.292952524619357	2.20259090630789	-0.885922072554671	0.360342407031469	1.62753245963001	1.73481805552412	1.2187818854463	-0.835206924656812	0.855837375801791	0.0379974044258124	-0.0528606444113985	2.35477984253852	2.83552432738515	0.400838658262175	-0.442153705092909	-0.221258513245523	-0.3055117955895	1.31550551250891	1.3097104712257	-0.266382496266071	2.31102436150953	0.344760056186288	0.124268383932379	1.2120836252001	1.15841120606626	2.35493579599894	0.882193956327038	0.571301257049142	0.458124022496716	-0.801360439490953	-0.5708703156037	-0.473323104911053	1.16015479709343	0.300754198747471	0.0253140309362527	-0.132260456128075	-0.0272814762172542	1.24479849933103	-0.70915398867518	0.222393519683952	1.99181298156598	0.0679360311720593	0.484729959288071	0.293605246820939	-0.932990268559791	2.11371087620927	2.60563781874876	-0.536210675376219	1.06867109447219	0.336194806859662	-0.081874577822646	-0.133476113937806	-0.0107136666133904	-0.723693397085622	-0.043903248760252	1.47748189180506	-0.958847415156075	-0.293774921655829	-0.122186184845779	1.44462472342705	1.98442734799038	-0.211819130606796	0.121452554426455	-0.868666835653779	1.58868806155673	-0.234995431256316	-0.0360446636589716	-0.105210293351042	0.650176375712601	-1.57130016719744	-1.11650190886288	-1.08414036406053	-1.91303105179745	0.585788407683656	0.938519046424797	-0.0338126629986361	0.864084747032883	0.295725792322083	1.06033073912258	0.10005093607559	1.06946596314575	1.16563720644685	1.77142524446791	0.529252576390339	0.0134798552851494	-1.09396655879873	0.358044814930986
0.0439584286764208	-0.738825943525616	-1.12213514677849	-0.603376149167076	-0.364500822841657	-0.405255141339556	-0.842130477926135	-0.115084014264847	-1.26292005946895	-1.48202392084193	-0.137509106644182	-1.36671006919821	-0.041923330398263	0.524036560417379	-0.249817404764879	0.317187195415292	0.0416887464422346	-1.22586877841481	1.04817052154711	0.166754844665604	-1.88195201077617	-1.20457399024275	-0.962567975104792	-2.48544419272975	-0.472640289343554	1.02061171831288	-0.453097745736086	0.698262789627816	-0.916793303609439	-0.535678484994439	-1.04345809741029	-0.942779388121885	-0.356436005320806	-0.133039667920533	0.355727924467769	0.366103487521009	0.478874503124105	-0.149671864181631	-0.779777700343823	-1.47804373506394	-1.89088737722626	0.560360205892626	0.586158511335126	-0.85344757985803	-0.70370841076001	-1.17838244037965	-0.159271138630748	0.0831644178374131	-0.954638919401612	-0.793954134162661	1.29742635154966	-0.18193055326803	0.0895471869730889	0.269820648973067	0.493416862837848	-1.10014510317242	1.21584752632432	1.56597601771625	-0.659139700941973	-0.153643128249813	-0.408674862260614	0.72224008841791	-1.51716438035069	-1.00610814451184	0.108311639430061	0.368598566949615	-0.642539937752226	-0.757437251658956	1.12400901277689	0.833259292074775	1.67867139007505	-1.42707795461459	0.0867384267775845	-1.30324630061799	1.02841317197492	0.516476716999872	1.09390151130567	0.0152735349721734	1.36809095486242	0.31921659326201	0.0452325029815318	-0.444384486773831	0.235318206955796	-0.197590290606913	1.08386224749526	0.547592038973157	0.594761171840158	0.911351834582696	-0.0120583631566596	-1.09950786499291
-0.772457227326599	-0.412530926692182	0.791232183254696	-1.24568660977284	0.410005601209902	-0.747676529169731	0.392277925254538	0.761464301275737	-1.11571505818009	-0.934414320710461	1.01425289633183	1.09042085106821	1.06342329641028	-0.254003412614802	0.585008607380612	0.596536130570434	-0.851276323536057	0.282608355682604	-0.148198449887081	0.552201053779979	1.30199504834317	0.126719391876276	-1.71767101776692	0.509042871470106	-0.268275942798164	0.735423555915781	0.180526672887908	-1.94758288207443	-1.61403174948029	-0.324758780682885	0.208721935835252	0.385415317021021	0.0567834733105369	-0.463466455789477	-1.23069604081673	-0.810653164858882	-1.0268277917729	-1.1239306139355	0.113686330127071	1.1228795773591	-0.349168596870328	-1.32970277088105	-1.36626845792338	0.333033943967161	-1.24484523946871	-0.0135593446006034	-1.27328857984647	-0.416262346364074	0.735326455360947	-1.2020551657927	-1.08333475850941	-1.50645444958563	0.431122721773955	-0.126674082698838	-1.92519113673585	0.170134389805686	-1.00394084487047	0.368474387417526	-0.367370967044186	-0.817073289021905	1.01819927982426	-0.953232834228453	-2.25064245483994	0.883877921046146	0.918536963920237	-0.547917857091651	-0.237930343926106	-1.47235894354865	0.475926697557274	-1.2873468598123	0.405223763101237	1.81946682662737	0.900737104232267	1.53633852093851	-1.76660159678711	-0.147067966101081	0.0708336334198816	0.0992516376822149	-0.283700078774187	0.135579160607661	-0.744163863103161	1.1915981606817	1.34794485113784	0.00209954684910858	1.00266406823866	-0.919668773201823	-0.450306505345185	-0.443638736503912	-1.45172097304588	0.941122624306859
-0.038282273479312	-0.367876856870826	-0.344142657369049	-1.39073824406633	2.08637784610557	-0.357254888224494	-0.433435764327353	-1.84786675612776	-1.76672813556538	-1.12928108757164	-0.759242029282267	1.21395510632601	0.0568057222334442	-0.623934704196695	-0.0988447688993249	-1.16888038335103	-1.50495825796901	0.56092771746351	-1.75593719167324	-2.51287031985312	0.754505854619546	1.16631012840813	0.251849370920335	0.728950351982115	-0.629445441835974	-0.577929172745881	2.40987753120141	1.93919945605029	0.287154003266699	-0.824315982064676	-0.109944012174825	0.0463581161308248	-2.06357160658052	-1.63786338218265	-1.91846078894567	-0.212299046756669	0.0655616678484641	1.22786928884338	-1.28733075485242	-0.142757149497169	0.313353805439282	-0.556263572279746	0.954110256309781	-2.02915406218873	-1.16060692686624	-0.60034878840559	0.145061251776857	-1.84593747592829	1.21452701202113	0.231502340048111	1.26601260677858	-1.80144408639899	-1.36675192381692	-1.96118518544936	-2.29600647211188	-1.50791200458339	-0.516552543742627	0.658861940782152	-1.19442994523301	0.511739689616616	0.341455954586374	1.0246293371567	0.568779715003252	0.635244442559507	1.28178526271908	-0.622241150872238	0.70590580559995	0.269308176947084	-2.16004388423732	0.0606263885433971	0.541083523563718	1.27402226559012	0.767946742372482	-0.912989280699138	-1.41307030174421	0.358921911841657	1.06119544258091	0.817542240555727	-0.322955696373901	-1.15218507560844	-0.652849611855106	0.87858784887299	-1.2054942142438	0.539276464797379	-1.62992675566232	-1.08588683311845	0.249942470587589	0.529065074210318	0.624909086156424	1.10330675531338
-1.57160992642574	1.03252870685801	-1.18646213130426	-1.3170262888093	-0.160409865427061	-0.0306620177914492	0.245694523543989	0.134978399858673	1.04567237378241	1.20747221867804	-0.442677284080658	-1.06551610451346	0.327263920207236	-1.08013265859448	-1.2119240218061	-0.469571693210615	2.36879955585057	-0.463464918037053	-0.109977278632143	0.258736479684135	-1.70068117055031	-0.513732648271991	1.01637208117271	0.662749292103282	0.291060017146042	-0.0644814918877877	-0.217762484647363	-0.374850335771562	0.726556682265809	1.18079225760177	1.41066656613607	-1.76868126708097	-0.155572511301197	0.598376608022057	-1.78330360936929	-0.392932960497122	0.253241525788036	1.34421124254533	-1.30950173522043	-2.95557210020779	0.132039505055126	-0.386650946746179	-0.0527272656561255	0.506403138892051	-0.791832396714928	-1.0235752163358	-0.515593373781657	-0.414096658977164	-1.34710046228559	0.0159870870039405	0.0689609725610471	0.812586395873365	1.49574974306077	0.307600074512664	1.03082818838466	-0.203278417453864	0.780797163502978	-0.620327354999202	0.285801587529004	-1.5186902844906	0.151358873124351	-0.224739431195869	0.373052517751903	-0.645314949830628	1.2181154894743	-0.76680626357198	0.435714945238923	1.45461902306645	-1.59934794835095	0.125774413131865	-0.40373477798804	-0.788413467261681	1.70421898922346	2.15046752482613	-1.25951143417385	0.0335154331264388	-0.330671491987634	-1.47373352632729	-1.5308241001044	-1.33801963830365	-0.716458153680582	-1.09762045395395	-0.635084394247155	-1.65989968322798	1.02619103352169	-0.10826307837435	-0.0867907303775946	1.21064298198695	-1.06028353316129	-2.8951501113971
0.59416779427191	1.32690249198499	0.782830164892886	0.880772305253821	-0.324714708563487	-0.313810468465406	1.39722308594588	1.60707790780539	1.48902862573174	0.965314657585765	1.77202489472506	-0.149955413299343	-2.0684386366538	0.400312115679836	-1.26890174781755	-0.903436530502903	0.246233859522757	0.872258679937343	-0.0160797788226234	0.0167112845460049	-1.75634984116637	0.763047145018574	-0.499665741435425	-0.144282837824287	1.38301561611135	0.0478712453813549	-0.748691337180299	-0.31796576384756	-1.29255900581082	-0.0265506677417653	1.57091034044394	-1.90487350979094	0.182674282721942	0.411898139837797	0.350650164139308	-0.927633925425242	-0.751511539243315	-0.470991821444201	-2.28926958491388	-1.73473857341348	-0.168435416844444	0.662031512397274	-0.121079611511237	0.714412963214582	1.02711368328415	-1.34641535942342	0.812572329628174	-0.985290761581704	0.679760993451878	-0.913782884676802	1.34318980710461	1.84962556715711	0.167127728795551	-0.25514702298836	0.789196456832541	1.2215684400435	-0.826510427167139	1.76755842757216	-0.366875464437312	-0.550831466442981	-1.35067464458868	-1.49352115656343	-0.48802858792644	-0.00303829149646906	-0.177252058232915	-0.344027857521783	1.00599612618286	-0.444061516222994	0.00913037942521247	0.72646082101834	0.634976082961283	-0.330335002718129	-0.107422575571725	0.342743303088247	-0.197623979876767	0.0970253945559841	-0.760272712443444	-0.172979682072945	0.982631942455056	1.78116216680806	0.634587731413754	-0.428930723468617	0.360708536973176	-0.187009904959777	0.13365470625281	-0.7802266003229	0.200537048135456	1.53792042734415	0.519316204733578	-0.677243003622869
0.107044435478792	-1.12761005265689	-0.907066498416783	0.144874866200903	-1.07465519202029	2.22460915822677	1.09026536857821	-1.72884088130044	0.626990191922202	-0.803882393373989	-2.03578548082111	0.13077707749222	-0.586827357242586	-0.454310787716761	0.136066667887559	0.590286900773707	0.372512665393105	-0.527277988280423	-0.0176841696428636	0.749616227793599	1.20067067102105	0.418999882949809	1.2927601064708	2.09079960214103	-0.0211487188512564	0.581850823419313	-0.464706402747751	-1.0870462241748	0.351075722979802	-0.712392658410063	0.179170195913961	-2.44897183975287	2.12764849169855	0.72796283287976	-2.06093587424793	-1.34055964311493	-1.99522177468669	-0.44513671507842	0.807282884633447	0.154939681126619	1.57890035751274	-2.47064817494436	-1.6001784458702	-1.73165990794599	-0.0250384473047798	-2.34760168195884	-1.89121890153169	0.335887487700327	-1.07543283135253	1.35197717147587	-1.58238933665788	-1.38889515571228	0.0586945612500868	0.0339287516395287	-1.24275650717564	1.00965532582099	1.01727022570968	1.91505309196167	-0.752541533742204	-0.26244111490338	0.0611149350991977	1.55068213614633	0.259285202015002	0.0754316508431084	-0.29351558017596	0.244962091277773	-1.15012814313828	-0.272820148140083	-0.395748798973833	-0.22176276803888	0.635914130709707	-0.0476069984832365	1.00988866011005	1.81331132429229	0.0333454225504421	0.234770109155721	1.08535412074302	-0.523568004310617	-2.97288375888479	-1.62517257995878	-2.31835740630816	-0.570055488427554	-1.61692747485614	-0.416788135752554	-0.248994415637419	-1.31954053209165	-0.254453266643672	-1.88166488936866	-1.38917555306285	-0.014534502682382
-0.325138935822291	-0.27298606144734	-1.42320215163941	0.368254147060729	0.284102277409077	-1.47296990926077	-0.437866996945365	0.0407348027615382	2.10643570312808	0.820376898176406	-0.92919585238693	0.0884162270720778	-0.811643583599561	1.40823492693863	-0.93818071444219	-1.21831778959787	-0.237430805031605	0.647436285847665	1.07498441427962	-0.0750869113744137	0.158316565642616	-0.0417622728720565	-0.0217714357200176	0.825730742625556	-0.625321780722854	0.147855202734918	0.783950566737065	0.471084036869873	0.378825826070321	0.772461314167421	1.01990032996389	-0.112155566190284	-1.62567410257786	-1.85288194193563	1.16423716259713	1.57749220704022	0.55590947634784	0.61968797302986	0.7739150007931	0.723847358595941	-0.873095320381091	0.225255869967037	0.624532176191922	-0.0605135266790214	1.08179216412071	0.225731974688505	-0.00126794138413755	0.659469598713852	-1.15328955011932	0.299909869298912	1.66709823206762	1.29168872439944	0.11986081277078	-0.858776182459711	0.209368843456593	-0.422537350607548	-1.53234364277954	0.392332526526532	0.102951129582632	0.266952353631992	-1.13524048760263	0.248122656534281	0.494286207520675	0.243469358919244	0.752690060280233	-0.227517984980441	-1.53092553751728	1.02764063732939	-0.454732465364955	-0.13742123961746	0.961747194734575	0.361479652613178	0.715958698048325	-1.27141501651499	0.579740859777939	1.40085880351939	0.692499920483677	0.452826131605714	-0.0474547673048572	0.494451294971021	-0.841768301697634	0.198107833008545	0.0217888886536769	-1.33793113473768	0.595157716423144	0.210819931483203	0.440047548212566	1.09338120926214	0.213158438481837	-0.495024069117232
1.16441878280255	-0.265570095148576	1.30074488518237	0.829684250320618	-0.472952816848667	-0.00207252694162972	0.619802876135013	0.619174879421599	0.699530383977031	1.02190525839971	-0.187945655062511	1.65328671264572	-0.0561672949567372	-0.417724961406519	0.369340120598426	-0.664050445128986	1.16071269677053	3.79594561958185	-1.32273026970957	-1.27759366430148	1.53452445646391	2.64464800031622	-0.945324353565827	-0.941666249842944	0.419676567646745	0.0295741706255589	0.186350979362286	0.936308636317498	-1.27533585441136	0.000663772412487002	0.674598540044402	0.695426684827274	-0.94880677847808	-0.678303988716074	-0.605341250421497	0.0932545326621592	-1.17283510772201	-0.254798340218804	1.19974164838748	1.03168384715477	-0.917521414333291	-0.963311543899349	2.27295463064006	0.400289721961779	-0.369210634565827	1.68269600325325	3.79155077940049	0.555852685554605	0.725911254127844	-0.845273815031207	0.822561848463758	0.765126148367969	1.15659698910144	0.862641859288128	0.826757679883105	0.488999429064397	1.3695594151565	1.0137453420097	0.854323227571825	-1.18329095749394	-0.13319844837131	0.297159285502921	0.108254012478402	1.13167477299085	-0.510982953407584	-1.88866553514951	-0.319590159853413	0.244174858752652	0.939886208305458	0.148333472664777	1.07570292156328	1.20048124409292	-0.641432763609301	-0.944281962746026	0.42621070447701	-0.00129423282567315	1.69477734469847	0.979636321168104	0.148524164382348	0.524686866561541	-0.476392680770486	-0.654310679473723	0.112996632027393	1.31135635806619	-0.793168817892251	-0.464363098165282	0.226052467784431	0.076436515668251	0.128003527974086	0.856141077405534
-0.312705579750516	-1.70955856916462	-0.148610824729827	-0.372428909689842	0.750201222507704	-0.472208124971825	-1.70058844442707	-1.16001682171914	-0.781545080265926	-0.531006720451279	0.497210082409081	-0.166891425308401	-0.398456192200215	-1.09231556082645	-0.803802163176118	-1.11317404393963	1.10758344232552	-0.842694555182204	1.23814269516666	0.509359227557607	0.415895930237832	-0.602723908161802	-0.327188292620073	-0.489329153414357	-0.921692476434333	-1.79153736334225	1.5382688832462	1.67356588450864	1.2498667434492	-1.59214313672393	-0.575009864145395	0.799210334903166	0.286188095462234	0.16602044614821	-0.770993426710946	-0.694292639519107	-0.898692806914882	0.953439542175236	0.731585875404031	0.798537494229343	-0.668662787020709	-1.493063841566	-0.11275619080171	-1.3174723055157	-1.15631495189824	0.0270630574988376	-0.176982618417142	0.317829649840272	-1.41704399412084	0.758171985915495	-0.993394796085417	-1.10085660231449	1.06988057127096	1.68130961679826	2.14978768143471	-0.49045139274933	0.407317156494974	-0.525626438330556	-1.06863496647179	1.19671555328523	0.073986010289258	0.0181860762630945	2.28048704468848	-0.34107494573463	-0.794869717124719	0.532895691957061	-0.0975184304693176	-0.893230288847272	0.936604381733252	-0.0841866812405534	0.469863756325628	0.369897381333838	-0.403874367282014	-0.810619136026985	0.576148660776656	0.248260545029409	0.93928146691876	-0.240861884092969	-2.33753146843542	-2.58613464095922	-1.08182153425233	-0.276649819159164	1.13267389992707	-0.518580783869839	-0.340845757101614	1.30018359620846	0.0610218766076303	-2.18726350021951	-0.267832881619983	-1.02392364571098
1.09287222348297	1.99646623967986	0.294661790171613	1.46769085067668	0.679283567915999	0.0183887608744221	0.161186537618928	0.568061315724904	0.945327939611759	-0.587250161668483	1.46530396848349	0.914862283873394	-0.818438783563163	0.750663501603964	-0.682686579442329	-0.240425266487556	-1.53479108702766	0.500879755445735	0.0401259166292278	0.945319716287658	0.984732437902348	0.187928534421003	1.55889338390838	-0.590345821476738	-0.210364184702097	-0.10631298326505	0.556512158787136	-0.0244834355795341	0.462082368028206	1.46419678885759	1.82481092945191	0.791941954714905	-1.07925076563246	0.843510575791626	1.03081725756061	-0.471609939033884	0.170457354437083	-0.174550973874314	0.702170865452914	-0.033286328739598	0.0206494432267114	1.08747262901709	0.28675254670424	-0.356427933783046	0.942612276253897	0.890948351093396	0.831051772247208	0.304844870876666	0.0787623811653198	0.130052985378686	0.436445668269575	0.417070991483812	-1.00170640484724	-0.426475762841969	0.234426751299362	-0.948949980932408	0.827676680689898	-0.218725751656347	-1.54763915180912	0.50871211105595	-1.7358389157472	-0.739456195767425	1.36388852531362	0.156597683587067	-1.54491739795566	0.710287332186403	0.696212228008215	-0.800829326712063	0.301958851127137	-0.117940897120741	-0.568220213932083	-0.00816942428013895	-2.31146069544499	-1.70956369835826	1.60402662415205	-0.0787808580847635	1.25681993790842	0.945119737276399	-0.582278858697072	0.221477037399356	0.579969515244062	0.90622780553182	0.624491190898483	0.338844319257686	0.517923995279651	0.370890461367645	0.892608815643446	1.05643616540236	-0.0887454702098297	0.623411608211847
0.834348052902981	-0.387320691393124	1.08468826657712	0.18973971089448	-0.777593248677431	-0.00454026139869845	-0.246091757264396	0.840941897351475	-1.37170404948172	-1.24213746603023	1.16554133769324	-1.13293433370981	1.3201529304685	-1.11432981324917	1.35442696548197	0.549990259245363	0.531360879109511	-0.665474243049086	0.162794352270967	0.20346520691889	-1.11872726139371	-1.27741994453377	-0.91783407228948	-0.98763272643297	-0.151847906429737	1.68632339180391	-0.164732252902378	-0.433434308917824	-0.033033209486177	-1.02162700662266	2.419146858741	-2.05024661545742	0.331633430115731	0.915128061124675	-1.30929419818702	-0.440790790133959	-0.869594952989219	-0.423414235143662	0.842393934832462	-0.496867325435071	-0.42464104342825	-1.10414230602879	-1.02734128869402	0.0343154381102255	-1.84035180055752	-1.97840577594611	-0.269942840793019	1.10866093829217	-0.919256620124292	0.801073205679412	1.49857343251118	-0.962326791073035	0.982115100251502	0.807126412472059	-0.441824653754989	-1.35922150373784	0.630671709615656	0.797733585352862	-1.35814773721731	-0.943367638858397	0.647562889017103	0.998950792992676	1.3238132324148	-1.05256655080706	0.212306721581798	-1.28531778721148	0.0202971287132106	-0.457058633010794	1.27350039343648	-0.23916667455182	1.14028613932299	-1.42364008756833	-0.148408336281096	-0.449469884464616	0.607127597842262	1.16373380399265	0.494449595126017	1.0619768576589	0.201345714909351	-0.480495735325824	-0.501090299524554	-0.123091700827565	0.818238902957341	0.241218269833168	0.36143441891977	1.18108895001759	1.37922772949555	1.46306338749646	1.69964556932494	0.267651834342942
-1.4918221554827	0.181172002411114	0.21863088588343	-0.822571052255576	0.57904136360244	0.402915555037443	0.0973083895920388	0.460681748116235	0.128029804498802	-0.535166257933749	-0.968189837342031	-1.07286361487352	-0.360591487455724	0.620233203303673	-0.533444060251395	-0.731258603633781	-0.62853368594358	-1.98178838180096	0.119049041360309	-0.0713862054231855	0.120592067159872	-1.07108109988466	-0.649961387664845	0.442764380961909	-0.219246337547329	1.71687574267177	0.423434316489857	-0.019344621497852	-0.0749191982668975	1.08761984102815	1.18312884249421	0.578852937078736	0.634082776565809	0.363625592567976	1.26854465374418	-0.543232752967973	-0.862952924093338	-0.33099767915735	0.262709186638924	0.50272369461382	-0.738303812834688	1.52086588042926	-1.97395345744421	-0.702758040173748	-0.136981592032542	-0.614441957821349	-0.970475315667532	0.134389795082485	-2.20143878355551	0.919895314885256	0.922891224071916	-0.413973235560873	-0.254894672150107	-0.881608250391211	0.281843633700521	-0.811028463275869	-1.82321613888346	-1.859507738265	-1.31092032083953	1.63474165696171	-0.443709978840951	0.330349375732754	0.511530702274149	-0.471161053387736	1.19398714403777	1.05041369488335	-1.03660507582421	-0.705197587830949	0.713843390939555	-0.0849193266154865	-0.106742970207313	0.351027052223121	-0.107852956228734	0.406329368361985	-0.31462214979754	-0.647820873155817	0.631143106140049	-0.769025011181117	-0.780784005653182	-1.58139956628973	1.52867246051743	0.610969402541362	-0.276987240701484	-1.4222246928264	-0.173094788942881	0.403549575068332	-0.174157645851374	1.7542238715626	0.964176132145597	-1.59330826219365
0.790424101457768	-0.968672829395595	0.249733549051106	0.521070349415122	0.26854678955417	1.38310183005929	-0.673326297791074	0.371668461364194	1.68247163437633	0.795149831300419	-0.124498095541615	0.835511986252377	2.36836634051214	0.60557511916164	-0.238165378408781	0.588396686979371	-2.22219739484179	-1.46336929998176	0.108955455969417	0.290987303960027	-1.32082052149064	0.260233950454027	-0.205408724627249	0.466570250856684	0.245765242598411	-0.0900099967018877	-0.693177524947772	1.0782675112701	1.33990643593993	-1.44972569418418	-1.78337392275785	0.91231430795682	0.13068666831086	-0.496589923029065	-0.909029314991279	0.271543283427049	0.143713182913327	1.51832890899278	-0.364292634418011	-0.0194991995104679	-0.845810488453861	-0.70530943577055	0.178897946706773	1.13696540254212	0.931420400959144	0.175402699707944	0.20049402596451	-0.358469237092955	0.983132097668706	1.10994116459403	-0.154372568485704	2.5502216794964	-1.09681783133325	0.608234884616688	0.205700135024179	-0.296129810411308	0.662788927952018	-0.143811212581885	1.24721353370535	-0.555870367862584	2.32689760711543	2.30656853007484	-0.373488351298032	-0.0499694088689473	-0.65253173652866	0.289037336461348	0.381549199414492	-0.589559296961361	0.444684129565314	0.177047589665308	1.50375811077181	-1.46340350151475	-0.347501525225512	-0.173403296352114	1.5214031651957	1.87480244846388	-0.114768189659959	1.06567084383175	2.29211383330242	1.20284319191176	-0.289258681638414	0.942261881645045	-0.347509356314513	1.14887245372544	1.44518649346649	0.694336514649463	2.47220196282639	-1.05236823307412	-0.809901067925676	-0.837550817178623
0.056442512082882	-0.705451399604666	-0.395939148372434	-0.411384447951264	3.32442254737411	0.611249908237389	-0.241768086142027	0.137348046455911	0.625981246866781	0.618013090043514	0.64045137824074	-0.15741523788477	1.21737702045922	-1.20457967690916	1.13776899622163	0.560332391053563	0.244435366594089	-0.771190826299143	-0.181808685921258	-0.262953391891689	-1.34690683922806	-0.667164536895664	0.312237761136407	-0.545287814821795	-0.114240852518364	-0.841179597656934	2.49031653502638	-0.46833137096421	0.300214682342684	-1.50055747733826	-1.80836696367708	1.39277682874947	-0.504766308663602	-0.589879681881698	1.26484798805685	0.285525912061195	1.0138929091708	1.45166924961629	-0.177228748836625	-0.542747126604795	-0.352299457098941	0.385803029389817	-0.717080174868398	-0.0991851771822491	-0.273224551909486	0.692403757174318	0.0334492473211212	-0.569808877960447	-0.419628400568724	-1.38444191985071	0.339392580217604	0.846461958126343	0.0353654781193966	0.755070736958195	1.02744224253911	-0.397248787099281	0.762714996491396	-0.483492563162349	1.02849419873853	-0.766236717575431	1.45683769613854	1.94197066255884	0.713023239128089	-0.863966496120266	-0.587542186589992	-0.964176117653264	1.3995025050288	0.993144518420743	0.90092128070348	0.521265425494352	-0.285802534195238	-1.25782099144627	-0.775800786048461	-0.624403800881173	1.31017769133034	-0.0838339504902895	0.0716914534542567	-2.14995512657191	0.110082824153909	0.301377148923502	-0.062890091607204	-0.182429551994527	0.150532110672753	-1.23804707638097	-0.37276040709185	-0.188731953979083	-2.47058700151455	-1.10289665186248	0.124687989702503	-0.268948839346282
-0.136239932490835	0.0113793497559448	0.181904038253343	0.221076808478068	1.51276720740998	-2.20930763883324	-1.86308737175958	1.4152042768431	-0.557269195443208	-2.0782620088161	0.6289158590143	-0.24289762512658	-1.18926229405275	0.487496936933673	-2.38197849366553	-1.80314291376973	-0.0729657203404359	1.10069934176266	1.24936899884975	0.913054866745597	-0.698291596301176	-0.261540179472286	0.0866274422164821	-1.4011431689933	-1.53543322082523	0.00455235955106868	1.23794346518916	0.541119200535864	0.0907473301828307	-0.659004843051353	-0.166580904152827	1.35216378036106	0.0262035405745987	-1.1760132717182	-0.833753142306501	1.0311434711173	1.58494331100816	0.993447184952413	-0.30818348742717	-1.61269888012852	-0.724246750429033	-0.99174801277475	0.962275619476113	1.99256407074873	0.0433364084753251	1.54690054213365	1.61343107127316	-0.18429136295203	-0.977744915635831	-0.997090976964068	-0.257477633664548	0.532254715552632	0.61395468808115	-0.103958782597208	-1.9889434549493	-1.54183673824316	-0.461928656760579	0.580382787601021	1.84923479425594	-1.67514606527656	-1.7346686191903	-2.24432398360468	1.19572991706254	-0.021654152920513	-0.535272027264437	-1.27431987063068	1.11090130451359	1.56231175268613	1.36497245667355	-0.865208143407067	1.41330853191544	-0.192074572634377	-0.269702502885258	0.369686994097788	0.804462320456466	-0.592057372038506	-0.200962865076765	-0.762102993711515	1.40745290468884	-0.149580611664508	-2.32124997436707	0.195929472429949	0.067121826211077	-3.16380310026706	0.411993049428854	-0.569668010289622	-1.39656707337221	0.400137498712874	-1.72846530262851	-0.952433612117637
0.276821370209748	-0.840113033559446	0.37973651173687	1.26277863625539	0.125629282221829	-0.767727311430811	0.994537072921367	0.105464537545735	-0.521859205457205	0.582536321246376	1.15318937060359	-0.829180965890053	0.238845169151472	-0.387991260275826	0.735373366635596	0.758390899356645	0.88973823178643	-0.669392924285517	0.287978841382992	-0.0479964367842957	-0.502539203036011	-0.77969082284358	-1.65570445803184	-0.0695079422260997	1.26451391551103	-0.287185017713107	0.0233817967197226	0.634995090265452	0.445670563270405	-0.850518975136059	-0.661628006983276	0.102932992385319	-1.82668236794864	-0.890008683572163	-0.775901800314264	0.0290689179898923	-1.01799766225786	-0.0634805231497743	-0.388910364253078	-0.235656695071681	-1.30646877379916	-0.143382361016436	0.488861988865624	-0.660848846593721	0.122221419315477	-0.166342265467946	1.11748313220196	-0.583931014778778	0.0765194418404834	0.502549361118359	-0.404249437512562	0.527288022187761	0.619698870595157	1.05964562282201	1.41097816453461	0.747152583045857	0.718851876771407	0.939816428117511	0.531053899254384	-0.972675140826113	0.054266164665943	-0.714488732155023	-0.0608202756625138	-0.771841233597466	0.903234552671427	-0.635956179365862	-0.455051319616735	-0.00334039531958091	0.734300669642708	0.779245346610734	1.38319445986239	-0.532774047269577	0.780211507514001	-0.497272401382397	1.37695461981597	1.97981101789947	-0.967995731201435	-1.31940849983869	0.652755087022426	-0.207351583077345	-1.05196071560978	-0.375009993375149	1.52504088953879	-0.833326554625143	1.2252858044815	-0.262397197156074	-0.930271429170776	-0.249501877432299	0.0460877377054089	-0.527845779861954
0.242847090759282	-0.0210503362557141	-0.634551795774458	0.930679414224484	-1.55847052553894	1.08962895351429	-0.0747230314949036	-1.40125313057383	-0.726856167426041	-0.464480537990262	-0.762320129902362	-1.40153145527693	-0.482125911776524	0.191573008875033	0.151195723839969	0.0680942410887057	-1.4921386908282	-0.657829613889606	1.25708911681782	1.01784685875033	1.00099227256346	-0.189242120281522	0.9683803173599	0.631474962397521	-0.17496101933423	0.490012769600618	-1.25316951054073	-0.717935815582682	-0.606316660226869	-0.141973280428322	0.0824695456387729	-1.67778128837126	0.953489117320104	0.321609493777385	0.562861740198073	-1.08245010101288	-0.114199211148259	-0.443845609094792	0.899306385029458	1.35402214002289	0.220885471197836	-0.1072692284758	0.0723534579531257	-1.51583088262786	1.35032742088948	-1.48940985064886	-0.0303117013514592	-0.0192317107533993	1.29369588295008	-1.34206638809976	-0.00406285272903335	-0.877434533962927	-1.96680728675491	-0.137748507592812	-0.0572613998864204	1.7468639065833	-0.299022182338152	-0.823286192456459	-0.642424132741208	-1.48567382060753	0.142040124577916	0.561282324379166	-0.609562540964115	-0.967255010783933	0.156704648165395	-1.26953550536802	0.038672799949642	0.138258724813839	-0.592338588719387	-3.19240175166443	-1.50596860814396	0.572159694290666	-0.241486987106429	-0.741225568133426	0.637474426184628	0.298550782683071	1.09072934105293	1.75877150601873	0.786559245520389	0.532139282570331	0.0545289860885314	-2.02705183152506	-0.978101015308808	2.05801560546135	1.22636662849593	0.0608561449215961	1.75933757237152	-0.0980197607294291	-0.617517995164297	0.62374610710775
-1.08930993976465	1.05725642225998	-0.0373060821839865	-0.709674637189968	0.808365928019518	-1.48949666964672	-1.62359516713467	0.4691495799658	-1.26700071763551	-2.36158579021837	-2.30858315768239	0.091230352138919	1.06886191775854	-0.676687638087608	-0.467799894142543	-0.406147192739999	-1.41996777891426	0.476902650306279	-0.668617694321058	-0.747514844416638	-0.854407883666516	0.853445677478949	2.05401146865863	-0.00754441447421217	-2.5815486749948	0.420758322941053	0.937252527343828	-0.00623341726206485	-0.505396267679409	1.54864434662368	0.508722974789973	1.16898282034952	-0.202155613157394	-0.530894761827612	-0.792174310749022	-0.476205971155826	1.15318205174497	1.24323596449694	0.337928792678423	-0.678599441069522	0.213718268075904	-0.694011167398111	0.683287969349552	-0.0945118327771623	0.120549763111003	0.964145936578828	0.882201545220597	0.554106258003437	0.436906660925172	-1.0036447171989	0.937641435037287	-2.66292407544126	0.00690849444090594	1.25203024722966	-0.9499299721482	0.219809537472166	0.215775620210686	-0.0587712877826451	0.525125674530362	0.546015350676479	0.0355212623066711	-0.132282392579128	-0.956356538948238	1.27565150022859	-0.552723167286761	0.41783862477804	0.828705289894049	0.367138010093883	-1.07634162063484	1.57464419542495	2.39195986037617	-0.817126429899356	0.895646453669817	-0.0942676255685946	0.556588831502181	0.610465153091626	-1.04487261945833	-0.669343307151589	-0.844823461832897	-1.95067719343722	-0.229192382372736	1.68093682332494	-2.43414684489851	-1.00920525442647	-1.50203319307496	-0.970180086980827	-2.68543906244687	0.179177157270811	-0.306833009004651	-0.370777563173063
0.689476591202136	-1.04967037297103	-2.35075881845288	1.33293990246216	0.149585998025059	-1.93601003078245	0.41851073724521	0.749029047337631	-1.31506691379767	-0.344603042737777	-1.3965289698271	0.665102226392971	-0.170321121589908	1.16865320646071	-0.453210329233453	-0.06213299580843	0.10686425586297	-0.287438659907138	1.4230667892389	0.588797551240963	-0.709501093392151	1.15846531603282	-0.082991341702896	-1.18374353883194	0.320037188171394	-1.00363778934691	0.0691697982378994	0.263674319620724	-0.363535316540159	-0.53627020481904	0.507366846509215	1.65705760650338	-1.0567228063444	-1.40436948118332	-0.0753975309553402	-1.21656824103226	-0.829157825213291	-1.57945270716742	0.671594512041997	-0.574242902083837	-0.177209868883697	0.471827757270594	-0.609593727867163	1.21398162866824	1.15687143073547	0.78256198103677	0.526888393511125	1.11863987519958	-1.82206923421209	-0.418991708128389	1.38553144456139	-0.290947498893523	1.50518110370109	0.0524962625356092	-0.703503725384599	1.63741737816283	-0.918459991870095	0.166819068542119	1.80365764206942	0.26846285831782	-0.243085220595816	-1.41704381083371	-0.446070988307033	-0.0169725315901449	-0.581184480135501	0.507933311712422	-2.04129042215442	1.54415636683374	0.247698007678184	1.20218184712406	1.78084026642333	-0.45490279702479	0.114956791562659	0.0673098722912359	0.410174081838655	-0.0615472821411666	0.465942043451568	-1.02799110128115	-0.0441925432755491	-0.838087459675236	-0.126869817681454	2.25736662193748	-0.815832608801181	-2.11828107863545	0.203450643768759	-0.0256548387283615	0.209924029813783	0.423604144244235	-0.473128667202276	-1.56325222875968
0.597323108777792	0.710697408462734	1.22601038800345	0.162563989298998	1.21228216661909	0.26080235161732	-1.54303428959599	-0.595137189823992	-1.32462477086295	-1.57890259771157	1.33025031734769	-1.98637531106459	-1.39637748455654	0.248384320758177	-0.230730514980335	0.805110329871325	-0.523113221620349	-2.32008721099882	0.0621125215368866	0.630584299169014	-1.0442084095117	-2.78781514432647	-1.40238896860023	-1.59146985048401	-1.18940671819165	1.26645169739145	1.06863024347906	-1.35955670512309	-0.0437824664099477	-0.165647039471244	-0.0907562458525791	1.74067171326781	0.500166503681426	1.36643945541926	0.7296310526451	-1.06322559895562	-1.2764815972821	-1.15327930776299	-0.728197503162451	-1.04544544369056	-0.410364228939803	-1.09277036446182	0.0357914618185979	-1.10055084269206	-0.0708425536480492	2.38492008106158	-0.639177872561642	0.549488572865975	-0.563345186817419	-1.44558174056409	0.137003549239205	-0.429099180878052	0.0849885949816851	1.96512389019746	1.53106674583287	0.814797760296675	2.40954576347543	1.65370402614378	-1.47361206930724	-0.609050374200701	-1.17335476576203	-1.44382415692078	-0.65478917317556	-1.97520920429309	-1.87116372020837	0.446953104315038	0.805065643854061	-1.02769370515119	0.0843217498409119	1.13890782168791	1.07161103103291	0.0758818059810461	-0.964326959938483	-0.18754216438511	-0.314101779050267	-1.98802315965623	0.661483519852182	0.369610320959165	0.555409604411696	0.733767428964838	-1.30380366193595	1.03209330109581	0.481043236849799	0.245527686495121	0.350254099053586	-0.291489924927404	0.895612559049387	0.878568515917301	-0.875682287148906	-1.07304788974768
2.26606465698181	2.13574529008637	1.29508283348678	0.844233700579944	-0.167057487103134	-0.427828307899202	2.1623439993522	0.768640843943002	-0.387231607990003	1.07423331993088	2.32663560081026	-0.755309034790713	1.94401577461106	-0.244075136011322	-0.395152246689497	0.0522608168671249	-0.573384262385583	-0.925824692301228	0.522671800362036	1.12273373515422	-0.352431876593225	-1.38838885985387	-0.719043274227802	-0.553457139227798	1.82196868601941	0.602749296866069	-0.305764683898146	0.591613251058549	0.169954020775174	1.89587839810442	-0.012520854485738	-0.703108330851529	-0.398220716210178	0.518104734261234	-0.569045095392403	-2.58643306418379	-1.74099429141003	-1.66937655906893	-0.749259060733764	-0.0983731654052413	0.225147523308351	-1.29155811635902	-0.786841356308085	-0.178882288654313	0.143285953931602	-0.781789977824585	-1.73235872467383	-0.0712102175972076	-0.167507512188166	-0.0608554790660911	0.911307664911395	-0.0635924521689103	-0.522247751539311	-0.187004438916302	0.714087000248824	-0.123746027371414	-1.03548000409185	1.72204056829578	-0.50165761708428	1.77561362101025	2.14300783722249	-0.558503276191753	1.05723882218134	0.158299348009317	0.179219462835932	1.80933676375972	-0.0950602706351363	-0.466719495091023	-1.3086805021414	-0.995000619414441	0.358573612872104	1.03865529391828	0.266774573211106	0.8016800921209	-0.622920627221455	-0.909492291649578	-0.163493485785332	0.389970559739936	1.32835585395199	1.80263283508716	-0.50204957888032	-0.316448231400996	1.84892058896227	0.791388960514064	1.17917215402421	2.00832833414828	1.06198162354313	0.412395482798974	0.251829742539839	0.123524257049887
0.135359557918691	1.42889998342774	-0.411207669577915	-0.0993609004358058	-0.577545131121714	0.155472884864952	0.565013077961939	0.174311219631853	-0.587511199273885	0.211337664836871	-0.655754356838392	0.908420383880418	1.19007631900982	-0.349780698976737	-0.299777445448562	-0.409637143923712	0.881083970314879	0.0228283242874526	0.371077943892774	1.00955031155773	1.44079440876273	0.0458275185038153	-0.51202627020531	-0.634902569636289	1.12271079921295	-0.379854780794024	0.698805947979027	1.48875657603561	0.231776710391889	1.73318858890937	-2.07909429228289	0.97539685840373	-0.307552050921175	0.851517621518716	-0.304855341459977	2.46023532510291	1.97365473503204	-0.605810079097384	1.64885820277824	0.339106118131117	0.112000184249685	-0.0324117310857156	0.325376182912578	1.07648146600457	0.396979541468663	0.653408225222005	0.117669732927591	1.5623757619118	0.476892607650981	1.3068370077254	-0.536214176850846	0.809310681547568	0.0633068305495969	-0.285097981857116	0.243888128457033	1.533090592687	0.643781418316311	0.269378616417799	0.732243344361517	-0.739078174424565	0.538569389960929	-0.0321944331904988	0.534779048375685	-0.492588161577019	-1.58373931342417	-0.768481278330741	-0.854118182933736	1.24030183396172	0.286522979572483	0.115925958708152	-0.840030403040148	1.17393097472537	-2.197863486491	-1.17550015088418	0.326325675615328	-0.396737956266832	1.20081161512472	2.76577820705841	-0.189286772653844	-0.31993298405712	-0.745979347861148	-0.646147431622688	-0.832553053640754	0.165277855561453	-0.556879712320288	0.327004163659844	2.08834311074764	-0.647899993845203	-2.0337231846711	0.103413294617616
-0.589343682060021	-0.941959984689027	-0.576260265259274	1.26589503253498	0.207521796397261	-1.48799518276588	0.593729849181093	1.35637696608052	-0.701372695519809	-1.1289601586351	-1.90654131333869	-0.527417354685886	-1.17022108361642	-0.649186069074738	2.29995852164472	2.09871661173173	-0.782845975781741	-1.32425137777359	-0.409301256171368	-1.55564195613023	0.430322478256774	-0.950173393277475	-0.807977830871199	-0.99383320300146	0.277465684592327	-0.224490420367879	0.0433447546832054	0.119484931208262	-0.430203610990942	-0.555337154190113	0.613716369777317	-2.57383845897125	-1.66297257699272	-1.87127068563714	-0.795814132166574	-1.52485093562284	-1.14659770885036	-1.21391071522956	-0.428005433208265	-0.780110565218452	-0.110495398504727	-1.4651863846327	-0.710487503990939	0.861318835106317	-0.245618630408997	-2.7659765758508	-1.86010516458553	-0.0405606462217558	0.685910201105914	0.1127762629881	-0.0833373120447241	-0.721278428130912	0.257360450715137	0.413166605048487	-1.09774323378616	1.51910510854574	0.0828733378856489	-1.18707888638679	0.949160032164277	0.0792373613397427	-0.415016274232824	-0.887629619157681	-0.961249858844194	-1.40950812908285	0.119977034405074	0.310494732217961	-0.286053443970742	1.31362917972909	1.80013509226575	-0.415194957844929	-0.0647323731626938	1.02004395548814	-0.304229508726017	-1.42496322183765	1.26807395942188	0.693779353620386	-1.00623371504368	-0.154028346638459	0.508003461210828	-0.465665540549364	-1.48948500540288	1.03288928589677	-1.54671479571075	-0.117529645911215	0.352353037570571	1.97511138653856	-0.654158650961306	-0.125113367650585	-0.210927099648112	-0.301491400462818
-0.216371685594215	1.55869893755839	-0.355904107578571	-0.246685176965926	1.29848638683908	-1.89000925271182	1.88408770352713	0.927126603095914	-0.427915251517439	1.3919438533716	0.966382284478444	1.3323167346516	0.117311881505494	0.322344889618308	-2.16876580920675	-1.46736974535557	0.305274071215991	0.377766918807887	0.60998274799524	-0.0805715936522203	-1.21251908011842	1.51482313865774	-1.08130543314604	-0.950326949331028	1.68406189261109	0.83611739423848	2.16643278980797	1.1207055392017	-0.140398861621619	1.63620380420509	0.780664628172639	-0.551194393655681	-1.0921677079076	-0.975060179210313	0.263412281050014	1.34545547149854	0.299840576772917	-1.05886810575954	-1.58571936032835	-0.766749683749854	-1.09025748666097	1.14858502515552	0.819217317222401	0.257869202353767	-0.138189952479006	-0.590261028323922	-0.0914683077352422	-2.17922679496789	-0.244066090052032	-0.577057400306364	1.14102993318147	-0.325323879821951	-0.477416822908227	-1.54482145893903	0.0145893474433115	0.507207862604017	-0.65178276470762	0.0414720347291656	-0.100856348597404	-0.183369249770803	-0.0678208479648796	-1.133569551801	-0.424208185661828	1.14781323746983	-0.70252723382123	0.107342930795355	-1.5625800075622	-0.398182723287532	0.454004115946018	-0.818853669952556	-0.323111198885073	-1.72547987554773	0.0516325476323537	-0.251159723370926	-0.398037781726558	-0.0157123324839805	3.05635946804504	2.43176720965083	-0.800162749002657	-0.84358587013912	0.62084779420527	-1.39830501498481	0.760140916021014	0.722006225736735	0.248001785464543	-0.315793844300617	2.40118937408271	0.325356448265474	0.986643453680719	0.161208033865219
0.757583291260471	-0.0738455832717532	0.238310302084243	2.61612895135875	-0.00982720825543722	-1.93284352271076	-1.55533545175445	0.150770579492432	-1.08934640610305	-1.21936382627037	0.685967389427361	1.86591323297424	-2.11540303432878	2.23499820118839	0.92845341604327	0.0684339461916147	1.49223723686587	1.64610534879496	-1.87499251712816	-2.34058490132424	-0.319863066243682	2.63807586842276	-1.38509206488688	-1.19466987827635	-1.21186238510685	0.241938737212502	0.957392453768848	-0.579067410203865	-0.989235333767622	0.0414712843112703	-2.13537042193585	1.465079822377	-2.20122227061058	-1.4758746741621	-1.67695896329182	0.0558145549604859	0.015663359432265	0.635117263504909	0.327166041361353	-0.0475174065639648	-1.36583927868921	-1.35943517367965	0.740220011524747	0.0764742429881695	2.55916592866376	1.70431512582938	1.27124783842459	0.00616022858221257	0.524504100534104	-1.84774934181964	-1.48318041730079	-1.01386636369608	0.480922702719027	-0.97040789313039	-0.244562832727181	1.6307087341498	-0.614542373844881	0.900782185687383	0.264693855955959	-0.707197974079294	-1.61816471661378	-1.87964749122218	-0.958751988172895	1.64826167611429	-1.09033557193407	-1.22582445339678	0.280495027582001	-0.0870898195683044	0.855920930153021	-0.77632622956069	-0.484775257574245	0.279537017126535	-0.848078760750249	-1.27005267409199	1.95395206942761	0.43400484481087	0.947674872606962	1.94571019644609	0.184609718807227	-0.0659941538628035	-0.364448034778513	-1.18568314390049	0.911038239449472	0.0143464844874898	-0.491465330959514	-1.2578938615632	0.534011608674456	-1.83787627764977	-1.51953057581725	0.610517096244407
0.443931854561682	-1.24679023782637	0.0717365569876973	-0.0399693975586121	0.925637700901173	-0.449467965662035	-0.323781353817754	-1.0088027692805	0.608724172968437	0.576019767691991	0.626658579010772	1.3906993184106	0.411060160920405	-1.45889272481158	0.673704020940824	0.577767893401228	-0.60714031461955	-0.472132141625984	0.735592768240097	0.0879464188944609	-1.07759699759046	1.32180605213571	-1.22744863912215	-2.12981792285409	-0.727402766348843	-2.24337909899196	0.388670945909939	0.248950518371447	-0.121431539811513	-1.07266448113	-1.91234735446613	-0.460156580090489	1.00227916863326	0.216397743410152	-1.51500975251792	-0.282624527393243	-0.448760919707638	-0.545182599993351	1.46088974444507	1.09422810839468	-2.33360469693455	-0.76974632019075	-0.725214749703989	0.11103067329122	-1.9874034954243	-1.40085386839399	-0.412067028704966	0.931122351700031	0.332984850000902	-1.43976372784432	-0.530047417891335	-0.532747730882725	-0.960548753964398	-0.740254037042131	0.657091135747576	-1.08168220273123	-0.707518095819162	1.79458150678557	-0.00977412341031535	-0.344837159354441	0.220378828839015	0.664017021366573	0.550437421654162	0.206163517622457	-0.977203534271046	-0.246369465198749	-0.489611018664087	-0.504575116178859	0.211503827993749	-0.0590441031469335	-0.104223938591536	-1.41366364681542	0.267649081719407	0.260603830207494	-0.0937766130879407	-0.205051271422298	0.2679540324859	-0.465506968486639	-1.13215121610198	1.14141130418976	0.121936733012959	-1.23545231385255	1.21165183027058	0.104910796324043	-0.515946919587595	-0.956076105865194	-0.358680071329146	-1.03925122405652	-1.7715238974924	1.46414829487789
2.49191889806442	3.34017523296904	0.749869837011695	1.70145474821642	0.115499323807858	0.790335210480777	0.303931090068064	0.160324289724679	0.581531484313473	0.0462554632464235	0.218192103045202	1.77916402677877	-0.761222881183212	-1.1529834896503	-0.803608732323621	-1.45922554441333	1.26323219336721	-0.294510130247912	1.09219484586595	0.604235189101238	-1.09054654238624	0.671668136286295	-1.02672863970335	-2.06363681767257	0.120467699536783	-1.43723631806177	0.0784756850098553	1.3194619875249	1.26568468506888	2.92333322766984	-0.874186980602305	0.82013731198181	0.937016439539792	-1.03892838506794	0.640231110140984	0.227402789343319	0.767860400236063	-0.35450979778523	-0.0191143148739363	0.24924380527871	-2.00205749355392	1.34914649602094	-0.0117172496709665	0.474476778023555	-0.236130702451741	0.414532018731825	0.0154248793688536	-0.231451199346774	-1.05160823623814	0.354074026417677	-1.25690189975689	0.541818942221419	1.50986812461981	0.420536579589851	-0.805483304684013	-0.870930720825655	-0.117776178943491	2.58255349076691	-0.0853375796160934	-0.0297770633774503	-0.751189745593164	1.15897496887944	2.27582202285444	0.0556826399243877	-0.37811615452691	-0.804397131946674	1.24804632383593	-0.342729128062014	1.75394127511409	0.722743932843386	1.744909629165	-0.84168384476503	-0.4238755708183	-0.111075860599188	1.80629362971666	0.438471835292518	0.632091716949585	-0.26987857158262	0.396976626697856	1.39467314168403	0.8273613788232	-0.119977297975755	-1.04003135264308	0.0741353638485557	-1.61455879419474	-0.725854725681305	-0.111117589847981	-0.0849588483630932	0.124221282269358	1.61493972695106
-0.788822271456694	0.575580138318399	0.397674824775174	-0.0157342334326904	-0.383183052783655	0.922261793509126	-1.00687180974969	1.77618814219082	1.47485441646038	-0.269985023245219	0.666794887135996	-0.194156934287408	0.444151778084213	0.0394746162834059	0.626643776896806	0.730312229529754	-0.391671394172462	-2.07846188729264	-2.46823842118196	-1.59582973167543	-0.630882716618009	-1.84408136531091	0.340497195546976	-0.606652566435014	-1.29029707734244	1.45545202775433	-0.968982747121742	0.451213834855701	-0.874441913245895	0.211200434291653	0.554178037982475	0.894737276412617	0.626960218167513	1.53461016814378	-0.0125166799964703	1.78446121135523	1.62922281584721	1.17315604040985	0.0280856887412868	-0.584175289486926	-0.243838315180017	0.517754105343619	1.27037358065758	0.377097691317439	-0.790818370297987	0.728026676711115	0.215154887609309	0.405723564896473	-0.172062758572184	-1.41996510317777	1.20464084471177	0.984871997295807	-0.631288390514144	-0.00534088974728282	-0.975544582867198	1.16950275275118	0.32167998436091	0.0961017430464755	0.809832390291657	-1.73003113316819	0.532554471534029	0.191194819250765	-1.10730402028479	-0.779774099433462	0.451293379497969	-1.20087387210471	0.114751993718085	-0.224693665894778	1.9136312859249	0.343014725638534	-1.06487242730303	-0.485363826029206	0.505166738511488	0.779219795689496	-0.270455261220904	1.7671555040537	-0.548675453710991	-0.99001863972609	1.00051064626016	1.62775432030728	0.0954587844378297	-0.441067521858378	0.254977553720421	-0.0780771172522982	0.799955671575804	-0.407109131915588	-0.964917793479742	0.767124769153234	2.09846499520427	1.31834335995563
-1.70166066432418	-0.842155887796555	-0.218366568908966	1.48471813245929	0.0460243802095702	0.490212890795879	-0.646065540541025	2.80712596812889	-2.23182899997571	-0.225503048570079	0.372690685617309	1.16832817786489	0.580156960046967	0.166552972125731	-1.36564736543547	-0.583400180648966	-0.955606013121723	2.17160631769994	-0.324345294925462	0.119928787923414	2.02552691231031	0.585441054715672	0.375593805184256	0.978656104412472	0.459119202672662	1.21298556823266	-0.676256171291023	-1.05153907759355	0.0970252148676167	-1.18154987926642	0.791849330353756	-0.489362119420928	0.164001276229267	0.507545963555989	0.772877169822138	-1.54845512100235	-1.37795042729307	-1.5623167292738	-1.02454058850966	-0.0673738023762387	1.67562547566588	1.04480565840857	-1.33878326317739	2.14309651544561	0.92569515249581	-0.503993894986363	-0.831753690683155	-1.97740837486825	-0.573990333979211	1.18633258279117	1.36817747700925	-1.57437879751644	-1.58225857925091	-0.756984823290304	0.859397608984908	1.08658600685444	-0.644686250353579	-0.999140532351859	0.447797663259326	0.698857324429906	0.691029045587067	0.677784849948258	-0.22459819988253	1.00271310499226	0.720791340822392	1.0613641190406	-0.296822182559765	-0.55267769661168	2.45663637954075	-0.709089094371168	-1.02790725186759	0.966342841755548	0.221882776572077	0.37434651277154	2.01464072187587	0.310424318078177	0.177450489101256	0.495730744212161	-1.25349301963427	-2.45247207075094	1.83886822121057	-1.52973047737846	0.320910960765918	-0.3121576731848	1.09982686095699	0.762395598638469	1.8032383360043	2.16191625340199	1.04588451221323	-0.617906783149792
0.232619377116234	-0.204602974548394	0.0777938311106746	0.290646569766401	-0.691619369487424	-0.762689248250649	0.444712718540936	0.988257514519329	-1.28122724059619	0.0304181453475531	0.31201871604964	-1.04888521712437	-1.64449424172694	0.285237597674369	0.220140345328399	-1.23242661647333	0.377561979823318	-1.67900763213816	-1.17443347111552	-1.37429926214719	0.0173985640801865	-1.76343004377496	0.839944151580377	1.23762309588412	0.241334964763243	-0.384051968876906	-0.562423117318208	0.0244764189182986	-1.27169707431173	0.349476256401778	0.194652825335549	-0.635148090224244	-0.260283742146988	0.372343046501885	-0.755469453328097	-1.27332756155311	-1.52032043941513	0.682376246954695	0.551092633386174	1.55536509877346	0.0390355395385573	-0.224142021712194	-1.49814688130283	0.517941051776474	0.00426399801681385	-1.15016692260557	-1.12308159904915	0.772905064697541	-0.242192084855017	1.03008249786772	-0.60911979900638	-0.968611395261724	0.899519632280713	1.11013249241728	0.262738243093241	1.04645005504471	0.93384415504363	-0.272324335186182	-0.574915970360874	-0.138400184092887	-1.868394080583	-0.884635807837584	0.410940095358363	-2.47710950310212	1.71809971478667	-1.46068993451962	-0.91013778693176	-1.61029373673482	0.792597755216442	1.30483210526427	0.155942605875525	-0.157981025640719	1.11389296454227	-0.224520644379499	0.32753558537851	1.11370208713718	0.670427216053388	-0.0689981830587991	-0.496660913803522	-0.542231090017857	-0.375943194682175	1.10175465193946	0.942712123517001	0.900226637433856	-2.09758577032119	0.224543724988162	0.661153864671431	0.593456906524787	0.666841977800012	0.365322827689794
1.51036861440627	0.606272078686483	1.63650970951117	-0.181162087646398	1.75260133823817	-1.10884492071033	-0.722130375435578	0.16642074013895	2.09648515583776	-0.181176485065246	0.696108363212708	0.0173470811522641	1.82169557379073	0.0696921861702098	1.47272044408207	0.675180955984227	-0.395830635208624	-0.505340611014167	0.314041630535294	0.196898419741505	1.11443327111848	0.2613086994143	0.738134340922101	1.94818383534467	-2.08085711153755	-0.664630058372331	1.0623428348006	1.48411563488305	1.508302760306	0.295464291080314	1.16649834987802	0.109045360189191	0.221487452886367	0.0962224495803364	-0.46111431257532	0.111139456875473	-0.210681111186303	1.00568876270386	-0.224833137751098	0.802115233191177	0.734093412390095	-1.58319164120218	0.251420706340142	-0.985090199294488	0.194439109768271	-0.81791000279026	-0.0897298262535379	-0.284483657525711	-0.530531024939367	1.07782765596503	0.421318327506946	1.36556783814938	-1.04962537030903	-1.52363749658913	0.693801139850815	0.0673629459134946	-0.856774763712944	0.634592343435377	-1.67607356296667	0.094529907753154	1.20689434298114	-0.479963445423252	1.21344058466034	-0.455489529160427	0.208201792768165	-0.404700383746338	0.965876092255238	-2.33904124152143	-2.28560709873894	0.94923547962551	-0.27779673103381	1.39373894522964	0.763461287335324	0.75240369433937	-1.23520793550112	-0.995643705867228	0.360761667561251	-1.16824585484089	2.43300426400813	3.15648636436399	-1.7162066052633	0.233364261405812	0.331749453619533	-0.726084043178187	-1.33554930859715	-0.0779022844357304	-0.812491994005132	-0.125998120060259	-0.50541881570724	-0.573082999576321
-0.132079120200592	-1.30041860686017	0.210569676835538	-0.937900937088069	0.59260262127441	0.693890616483607	2.07279680641622	1.24310526785044	0.617346319157989	2.5489638262817	1.88341970244973	0.944399553889172	0.984150147711422	0.666912525878447	0.485453406003064	0.374642319692248	-1.20412668580927	0.912739245612398	-0.969468458944342	-1.11683908942364	0.344121574116227	0.469939419506065	-0.114593015358629	-0.438576211330315	2.64046283320691	1.49894565714871	-0.202588169371602	-0.260469396296784	-1.6765111349942	-2.1606244620338	1.57910966981078	-0.487607822743055	0.557225528947743	-1.006468945687	-0.404678770272499	0.0160816416084297	0.212637497765315	0.290087751601945	2.15327737151997	1.52937858262516	0.119933441489886	-0.304306821549701	1.26686421707852	0.807757592653454	0.565411165916621	0.800879927966862	1.26725685431013	1.10755394494863	-0.417241117462453	-1.81192535642619	0.62665543068551	1.73300053284031	-1.40053278869795	-0.529761779445151	0.435471942239985	0.137700327299673	0.560645438789144	1.2935231615866	-0.156252179694552	-0.0271712637628981	1.1229459694948	1.85396040312438	-0.966235870379452	0.535048799677759	0.476965551093725	-0.0358235404991924	0.187697462975802	0.0473767938344837	-0.134958024004297	0.83313589876867	1.54852049593185	-0.260843808000535	0.964647132639173	1.176900783809	-0.481449179945009	-0.288955877831015	-1.4283500027879	-1.55254833738126	0.0271266986598398	-0.0628317548932456	-0.634078300054933	-1.1693106753215	1.65996238853251	-0.620772448080352	-0.602054177083427	-0.307802756356847	-0.999177655304281	0.521412150168465	1.13323966171576	0.488952036941555
-0.516705205742656	0.512846618313382	0.608778008282437	-0.661901040800365	1.12116773050072	0.8646422458316	-0.311933412413768	1.10150499138852	2.70704325480147	1.99646797033134	0.927829229305801	0.773791850368725	0.452480626205557	-0.32661372577685	0.978116957598286	1.65582391744622	-0.0166004428935272	1.31776921195387	-0.0299777837919187	-0.372014761240935	-0.304548409416375	1.1197082735216	-0.235861522090331	-0.430882267534934	-0.199169350124469	1.34500129932564	1.62044736762268	0.0261454496321154	0.778612106746162	-0.320478333493885	0.804935013134009	-1.12518815963772	0.806260717260872	-1.0900856724872	0.832896413471611	1.53768451640908	1.5617439501348	-0.32492030090174	-0.189578028592186	-0.584225151041138	0.486520578195381	-0.197167215670605	-0.746867146619604	0.134712456897599	-0.826300833642056	-1.70897131914227	-0.463141689445207	-0.219244853642659	0.0377122745787208	0.100427205814143	0.443052760874843	1.35751362724374	-0.357048573871648	-0.776138609157688	-0.978616128728717	-0.675749383490959	0.496910764093085	-1.11266828448069	-0.495941540023182	-0.987683328783021	0.852981706580951	1.57890038442382	-0.274773231910255	1.46066247625988	0.396550113239038	0.0240185058354837	0.765170622659047	-1.02929520245456	-0.859222799035071	0.860388847058816	-0.881962553238788	-0.0320540295881065	0.445359226525629	0.181002861678017	-0.655680367784224	0.0898120532789299	1.30444152749145	0.929587155328348	-3.13132198048843	-0.840938518702617	-0.564200200438595	1.37178855445465	0.117167499529589	0.936926048388035	2.64395400852867	1.06772284736816	0.720104801100854	0.171379318778826	1.18385759480437	-0.170520077266941
-0.976106272993588	1.11393313644595	0.565310101523056	-1.03164206004888	-1.91782471798281	-0.289710960995438	0.566484975039565	-0.619177073771882	0.909013841388457	-0.508630547969944	-0.0509704115022138	0.399207977733992	1.4913494217228	0.287272380497057	0.376528920382038	-0.0957443327257982	-1.02525451793757	-0.94613174837742	-0.13677222870743	-0.827944243102044	0.276764540181161	-0.555988959409512	1.68655185055942	3.05717153070503	-0.123722343443425	-0.657983038835192	-1.45461265695464	0.196348116629345	1.18585777536669	0.852590687115082	-0.660254514126556	1.19077326549189	-2.10437643867253	-1.9863153575319	-0.484872625265159	-1.93604944230187	-1.77227317217885	0.366637312404036	-0.453662776895811	-0.980914456412822	0.918949042706971	-1.28913157063871	0.273718740743552	-0.0790737268195726	-0.071412314100106	0.754661349023588	-1.15991689483591	0.0326015333929094	-0.488248552162211	1.4747639799126	-0.672361576165564	0.383461716704851	-1.72834717372801	-1.32092922892964	-1.24050944424104	0.844191435551716	-1.05689684819124	-1.67448447544909	-0.603865944785019	-0.0684564873049014	2.17886775953182	0.820031485808946	0.00756083248797713	-0.18987808277698	-0.857380390755885	-0.436093741953627	0.781988266729948	-1.0912400729309	-0.890182649042628	-2.65363827991645	-1.12240265533729	0.518592071894858	-1.39553281544138	-2.13010165288841	-0.788577147908325	-1.28222671415794	-1.50333392498381	0.375048479674838	0.539621489690145	-0.212599746404251	-0.162647745496639	-0.249027884755571	-0.605381162813063	-1.51553793520878	-1.00289572211239	-0.805948047547567	-0.412998778092528	-1.37808963200768	-2.16491490582024	-2.17862652388897
0.804091498507479	1.08501201440746	0.962811588259695	0.45011292947281	-0.157628849132428	1.03331881062688	-0.159436902659273	-1.27007471871891	-0.403329007646721	-0.556984189531908	-0.873060088096864	1.47678199805519	-1.52781829047236	-0.422770379765915	-1.58015987262665	-0.839374806448085	-0.613666750779177	1.70763818840169	0.0197656140918445	0.477368971998956	0.338717039827283	1.42654278618717	0.0481239317658344	-0.93686162454174	-0.199245142807387	0.289864000614298	0.0650077979773013	-1.77720454675672	-0.794879027368945	1.06769384341786	-1.00372397547175	-0.0631335928934478	0.963213551577281	0.95409498157162	2.30440832484973	1.08259203296824	1.50639970810972	0.836740809073027	0.0455603910293317	0.426657433153549	-0.281865566508949	2.56740042609402	0.615652686605354	-0.850278845339709	-0.502774487593142	0.979224881194054	1.35186555155052	-0.653886879222032	0.122076851861274	-0.283407948267641	-0.111549313037525	-0.475650017447857	-0.794547435563137	1.24068146474516	0.281629030835192	-0.0393190623358603	1.90413763470948	-0.573873260436406	0.688746205295304	0.514631006695114	-1.46849387339108	-0.143404024985342	-1.61849690708489	1.08684773695954	-0.130572159903467	0.82972924980121	2.15606232154682	0.642467499738011	0.253441989498684	-0.249411490870236	-1.5454792190148	-0.741806843653345	0.825958780635129	1.28733520262289	0.336654812497363	0.607794264683602	-1.11685818111867	0.217759715362499	0.895040284247507	0.978419252010661	2.36860301134557	1.24553904995205	-1.29806386450647	0.516302165902392	1.58309016866069	-0.494115618731287	-0.0881916467508247	-0.240669485424105	1.99228799384141	2.18031042684074
1.60779029132717	-0.192519199226802	-0.223044142200292	0.998755270118186	1.06170001118904	1.40004994587276	0.854132627770506	-0.0893920369886257	0.0824159044510318	0.33130023417156	-0.750409669941152	-0.509868794529462	-0.622667142500374	-0.545360486084697	-0.744897131107309	-2.0356235159813	-1.31528443635413	0.406800262680014	0.074975480812564	-0.443977576945801	1.55782731859749	0.252413179270388	2.20025185711931	1.11073606786536	0.0840094004167569	-0.528447676068901	0.981601934030419	-0.770803046391214	-0.711622133817019	0.0277532722673311	0.960636002336531	0.953474316829276	0.719771983541577	0.270787712643045	-0.148605305567253	-1.48020796421161	-0.277262898615319	0.189020725415997	1.88450587509555	1.72985995392915	1.28232740772667	1.3688037988605	-0.213020921885048	0.591903733738868	-0.55221577581682	1.61839431466594	-0.0173055690067412	1.8699500799355	-0.0301300177234287	1.47003459786741	1.78397851431793	-0.102725907659229	-0.918540518922936	0.256105612800722	-1.11706034965945	-1.20564381695923	-0.137859564754851	1.08772831149276	0.963115948992209	-0.154097220154293	0.623132153420193	1.43575811934164	0.508536970735692	0.900940295185761	-2.25406922913472	-1.50255418083006	0.787299147842052	1.62524109940176	0.120961952276775	-0.445621023839657	0.444942625976169	0.72862318172107	-2.13678858278522	-1.30554206685735	0.060020965265255	-1.27510640496704	-0.637713445570595	-0.86449745960078	0.202083211125405	1.31429333817772	1.98806028098042	0.41389126064207	-0.590555439702505	-0.463169000477232	-1.01570345269429	-0.695537265331989	-1.45848556391031	0.371624809676576	-0.274906635748457	0.659442042846364
-0.355105526174513	-1.14254684897523	-1.94284792833573	0.062396368647715	-1.79259199204522	-0.0787856641844446	-2.02971262123243	-0.275911878808303	-0.322541123825927	-0.898275816751999	-0.831027086694989	0.100597680493465	1.45277213265201	0.587041353973776	0.323072153033851	-0.537791526567328	-2.44342304625489	0.582768773446696	-0.98716284538926	-0.918483959358752	-1.47715357515032	0.095501803425813	0.381532258067713	1.67069057897145	-1.77129146108088	0.583825076145996	-1.70398413888995	0.345832663412048	0.695714863955098	-0.902010545283981	-0.564209514107515	-1.8530623870452	0.534414389544614	0.754343348056734	0.298542998976552	0.753134077570432	-0.147262481173789	-0.253592780354231	-0.348502073301654	-1.04953762406947	-0.144209940464204	0.788301139464743	-0.0816116476233742	0.291132371971927	1.1639835317229	-1.24467004215805	-0.873452539468627	-0.0994912585495254	-1.00605286308324	0.951106631690932	0.121771407383025	-0.0321638797231586	-1.68656469890695	0.895961594965028	0.155108896695433	0.712374227106646	0.358784357037869	-0.272603843703537	0.665832205808565	-0.691477714536362	0.69509195855506	1.04103249035091	1.01228365122491	1.25059422464414	0.271513264618889	-1.3290045109548	-2.18618062836872	0.972635962958618	-0.430563233844999	-0.764208060776561	0.129084982577125	-1.1333958952551	0.416976024142232	-0.28524950860129	0.287911079724056	0.426194727535216	-0.496069928180084	-0.923649236960106	-0.415234661214748	0.0227127015689677	-0.21982957558076	0.292651380279383	-0.410486273070767	-1.05152776352996	-0.683291538157533	-0.233731901900351	-0.781984302398312	1.04681672188924	0.480539145356752	0.0420047901741079
0.206996711652454	-0.633407615062644	0.805531816181897	1.41117992271006	1.90277894849979	1.57861079333888	-1.54634797580564	-1.06732471038371	2.54710691467576	-0.155664713292515	1.08372665860006	0.938180557453921	-1.12913396985148	1.24847024911523	1.72736933841616	2.13431799046782	-0.130867737048571	-1.29424591392774	-1.94327510070786	-0.136361641605054	0.736317345212107	-0.669812197260742	-0.838920781017785	0.748461327753081	-1.64837761447333	-0.0961499279955385	1.53928766647276	-0.0696266726484897	1.63457438702653	-1.06134245049992	1.2401695005161	0.478364832680719	0.268478621482566	1.0336673092728	0.857543421661999	-0.0950182616579316	-0.746714308371296	0.599439956418712	0.467360065547778	0.648277170250417	-0.00941092447067168	0.696968808635489	-1.35470838816594	-1.72934218197643	1.47143959444573	-0.351834661647587	-1.61631595999353	1.14685402167902	0.179752258884577	0.702489442412768	-0.622332622974034	1.50100160687278	-1.23422518659634	-0.0876409301374487	1.73321860898792	0.707334514626025	1.07001072681271	0.485610234082532	-1.60436842748013	0.105913474105525	-0.999689376004643	-0.0183725125784761	1.6816006188324	0.484779742223632	-0.539508068622752	0.804955184854718	0.304709207094765	-1.12334064036399	0.0635191999210835	-1.25375229370254	-0.964560864233859	1.66907784028487	-0.198995693910745	0.543785820903277	1.06718789438895	-0.143879887591713	2.01756937923682	-0.158023544813348	0.863524411978049	1.34153693745426	0.471943382607182	-2.0665705885187	0.989177221746838	0.110270118184951	0.670041195870585	2.09221534746575	0.172281621153272	0.367735066315605	-0.306961018327943	-0.79005892267893
1.12038159540675	0.853238912071324	1.42684424629556	1.79908787222491	-1.69578930533319	-0.282287830740738	1.78466000806196	0.495565609851064	-0.0439567186912192	-0.590530787259656	1.42865568844829	-0.252677589911885	0.217107343745723	-0.166832380221106	-1.05913704416559	-1.2716083980806	1.31984963271906	0.127447830316172	0.106150617686694	0.434363367335875	0.104222738520558	0.360517078071705	-0.503268063009097	-0.434403698945508	1.51761144712912	0.135867197520361	-1.71055904074261	0.909589822024008	0.0721544449322066	1.0734258405987	1.08880193304724	-0.241360952487128	-0.411442484012964	0.842055213688449	0.927894320439925	0.157489464341417	-0.271596704983546	0.370456815134794	0.363985852964446	0.179773864313226	-1.10895704955793	0.615218213970861	1.65065070575895	-0.689151468662999	1.03006972916582	0.0968282508503532	1.11696961836907	0.850777797621872	-0.159600469577814	-0.637652710856231	2.31233653697723	0.495966686681446	0.666953767184349	-0.402392003732569	1.60036272461364	0.358197613835968	1.19632030127487	-0.746137136001109	-0.501903021069706	-0.3320792146965	-0.246608525071883	-0.47628927052001	-0.13644818803373	-0.0158227203392496	2.249729527897	-0.677290904226555	0.0797399597973026	-0.784738895874147	2.1836118899547	1.01834548998722	-1.38993430433743	0.914703898601217	1.07577514500842	0.896184292327624	2.08616647182783	1.94064787205888	-1.28219249913105	-1.44725793280021	1.22801696469454	-0.00276474543096041	0.477355641775539	-0.0276585211447836	1.61075415287273	-0.328082135405879	-0.505033878508874	-0.886548424477371	-0.820572799079394	1.32622641430565	1.5596530687761	-0.242584264016855
-1.40044672131184	1.30515101910844	1.77652072473356	-1.69898559012411	-0.0957479947672199	-0.149578256295712	2.66203546779533	-1.26947261805882	-2.10655443306723	0.69018886237763	0.682479375286546	-0.671634225064742	1.62373086636395	0.854729238994518	1.99403500571684	0.92867348586109	0.125951254426186	1.24784256724741	0.398874362294904	0.923156228944191	0.840474081584614	-0.0327700173336623	0.268232255124204	-0.992599296515918	2.26271471636471	-1.58459191654651	0.77479032024119	-0.928854142838285	-2.98334388895725	1.95694462575051	-0.867914591546397	-1.06981623605004	0.145330716989555	-0.150812939962787	0.697593833514343	-1.32307584066432	-0.956311654824123	-0.342590696423685	0.276829281261867	0.423235520061853	0.764487047004482	-0.195183674503578	-0.872476867014242	0.438636877552269	-0.567747749275365	-0.865072755097782	0.361531263790088	0.220425883006131	-1.28396820171581	-1.06692317254872	-0.494466747995756	-2.13713631476535	0.349181602177977	-0.167029696951622	0.582598256525622	-0.702659467705317	-0.433882785688359	-0.182268266016757	1.13047470489808	0.992591355459075	1.22777560912347	-0.35225511977478	-0.882490374947589	0.863134582627779	1.11142490034644	0.17522446741885	0.383650309584669	2.15902070556813	0.00565344939815674	1.02873260844366	0.798192355095556	0.603132048734593	1.63142937546388	1.47847289969307	-0.648982599889127	-0.185322111331315	1.28635789167553	0.0338308484376434	-0.984419026173406	-1.45290401896153	-0.0457883525127483	1.16056089560912	1.05733396194473	-0.0552587425147422	-0.990274388657038	-0.033172133755515	-0.311535796652544	0.273549316229443	-1.10301813170031	-0.861177945688586
0.687838639484967	-0.795192998342878	-1.77617054490517	0.996390174138935	0.274197209300574	-1.0013346724991	-1.7695464333652	-0.0370991795758113	1.07986550038819	-0.274737240442379	-1.4184991466645	0.217811960555425	-0.0444088759222591	0.0929413425884865	0.748472867990736	0.0127519438885069	-1.00853834986287	-0.605503691780944	-0.300811702126388	-0.370495278653221	1.90402625626295	0.0685974273859895	1.54163326680556	0.115231282690255	-1.69305181445451	-0.0307246851269328	0.0443121914096957	-1.07231014744563	-1.22095059430066	-0.759082167016141	-0.315768943451494	-0.909700867362235	-1.39172739728445	-0.38958823005793	-0.187383825296362	0.00833298747055438	1.11296196009923	0.0330960234954267	0.410510507691802	0.961204549716331	0.736000467952516	-0.489467581741968	-1.18583843708086	0.216983089516964	-0.840318259148009	-0.894977119257435	-2.18659190619577	0.429261638428133	-0.119087840712967	-0.0331786204554659	-0.600793636099082	0.564313534678227	-0.934573840454584	-0.755259289288286	-0.468497287738533	-0.168145183128506	-0.721155568648174	1.01139906101109	-0.838539894594075	-0.954448024595189	-0.0597508673637989	-1.11834043545859	0.365499165930712	1.44945014885767	1.4805087408121	-1.34407543715314	0.33101559235052	-0.640577271217407	0.0984870425700086	-0.488704906183403	0.678681927506774	1.57441987920383	0.589308926435488	-0.829207687350548	0.108813092152534	-1.08576488534353	0.0450388931437524	-1.48240853760989	-0.135879927529286	0.695443877283775	-1.44557834101029	-0.112056548898153	-1.36788063613273	-0.102977609847319	-0.585460391367791	-1.2450747040703	-1.14207945579669	0.171576760718968	-0.1275017080982	0.0501803485883293
-0.415237139105062	-0.48109962614122	-0.050306327728356	1.18997527178394	-0.511285915302565	-0.655228927888502	0.973975450936844	-2.62312051227812	0.943140941342317	-0.693614810670977	0.0963136249886208	-0.756149754672467	-0.259647221137963	0.329087710196314	0.484551924980922	0.80431365610342	2.38348621813571	-1.09722277321436	0.59976739394222	1.38174565742636	-0.795886824313062	-1.15853373037374	-2.17638682522269	0.228370609325061	0.180379814555647	-1.03246337080235	-0.0894375713432813	0.611055492426394	2.03578734511856	0.382481041419275	-1.75994917581672	0.738205202485488	-1.07878409808603	0.174218514645831	0.652584019136713	0.760324595863055	0.531771293779734	-1.07134821530532	-1.96628573119538	-0.958099458697718	0.346232513364825	0.115773353872652	0.107500413221699	-0.715968376057863	-0.820644005424274	0.676715794261508	-1.29751849045164	-1.98532261534006	0.691946152542764	0.643727779780106	-1.65615275797804	0.265050954429164	1.79695268009409	-1.78067043766116	-1.0587531906419	-0.768109559394601	-1.74406735586703	-0.147051322329106	-0.386513039515191	0.262308854050727	-0.802728565546722	-2.77762777499286	1.32887854314425	0.126795155185929	-0.259319313079805	0.613244704386522	-0.685961581571594	0.361251257496755	0.741767806754268	0.180253490675464	-0.761850853795465	0.065068859307269	-1.42693771451649	-0.359231736373323	0.574905546357107	1.02348853331544	-0.113135093591071	0.0803688996095057	0.694755398470923	1.18412321353328	1.3158131755154	-0.377098703415317	1.06868157362962	0.0466112194420835	-0.0136316294608734	0.793096483918884	-0.167822317123218	-1.73434330986851	-1.19007822324896	-0.691468723642966
1.3266771168657	-2.08560842157308	-1.98496758017615	2.01907238392075	1.57337891350455	1.12109346461375	0.476412163141635	0.395382568920397	-2.04179152579643	1.27013964882989	-2.01061062911979	-0.410493353312651	1.17417676429793	-0.743257967873701	-2.08056347673441	-1.5042572672535	-0.467144329189775	-0.310844866122601	0.457596863225865	0.298076023179788	1.50723390692895	-0.290974961747452	1.10907374672681	-0.131312392515172	1.07835787144746	-0.963236350914018	0.701609299336548	-1.08262065636973	-1.21375629730594	-2.06350096159134	-0.289563909662131	1.80172575898816	0.664899001356059	0.819130923919972	0.814198113052271	-0.9087872802051	-0.180932813168017	0.615684409159675	1.33452852770307	1.47228817109263	-0.69753613114636	1.50581004686655	-0.842838884865088	1.80465535765509	-0.371917016862215	1.75642560299922	0.649349703694219	0.799542897233191	0.214748935496057	-0.299605068959485	0.105617878879467	-1.14915967467867	-0.267287215199673	1.28780892232972	-0.0344825736817482	-0.551478602523325	1.64795152265311	2.86968182845769	2.57683721855233	1.20076937458832	2.67068702491025	1.15463342438733	-1.44727345103218	-1.28752702412276	-1.02162042799609	1.14007234187818	0.141317719420547	2.29917869299288	0.665069155732457	1.45053425555351	2.68957946639186	1.30213620218564	-0.0703451489806448	0.00517195516908476	2.00977558423519	1.7529541105909	-0.26632837574668	0.153947158044508	-0.100832199576639	-0.0531537993144589	0.482025358922221	-0.284683523240339	-1.71232976442655	-0.154579360883237	-0.109950229911436	-0.942912312527648	0.554395333055957	0.337479396820639	0.243770308198149	1.37412820617485
0.824594608974456	0.740216673995866	-0.237925483039783	-0.698780428108665	1.47395423447474	1.45484170472848	-0.563950303126159	-0.587467900734292	-1.01882954486874	-1.15258490474151	-1.22444739096314	1.44402180582397	0.382251748686247	1.0734078603087	-0.832226033867459	-0.40668925545975	0.382059575695921	0.18992223151596	-0.0288752261078971	-0.39845058874104	0.497367140540349	2.08071877761323	0.441308960468166	1.33719949587118	-1.21577745600172	1.02307054571574	1.42326464477837	-0.174385291641104	-0.0331246810926299	0.564673026858358	0.137188254186983	1.55407206202541	-0.201033705756521	-0.0457886097753059	-0.320666522966352	-1.60146768381759	-1.55468778727101	0.678672556222203	0.185466200044438	1.17480466606013	-0.0962693767670804	-0.732623657150697	-1.02506448500267	-1.42947510730906	1.34832913950123	-0.0790208793965404	0.484743404696475	1.26614610114817	-0.162882568043469	-0.201384900135345	1.22765443982009	-0.849557862221417	-0.289972466249977	0.252763995447013	0.903307381211056	2.07854160405762	0.222680209460483	0.100054603388716	-0.0192284724239124	0.272791040315492	1.86574382617034	1.6287260380359	-0.827035503199125	2.52352080007611	0.284643750146154	0.472269268746018	1.0157214317437	0.772923820391114	0.233460405786631	-1.23734217039607	-0.868839860187436	1.70674691378079	0.717663292870421	0.293647798887551	-0.376621420446089	1.01897639612138	1.50205994166931	0.471861963980821	1.61842637417441	0.991958131406318	-1.44662689201898	-1.70360031549384	-1.75859261232326	1.02750498168487	0.424650428655584	-0.552351659889708	0.629286809302917	1.01739270466549	0.549492032180664	0.175891646349076
-0.260538209683312	0.432839875955121	-0.92882473948219	1.19855543622762	-1.07187804411802	-0.330522720283993	-0.266454801478087	-0.881815782670901	0.332259726989428	-0.611915657192913	0.567619780887273	-0.205741941782518	-1.15361699953775	-0.275149184007849	0.300601558473428	-0.685678186124893	-0.457142205065995	0.876901997993664	1.2650692486738	0.244555741063489	0.373581662103654	0.529010758326899	0.597080476816983	-0.591202322322101	-0.110360721792005	0.449730075295282	-1.4892022929184	0.0585804966560267	0.247635847566804	0.38204660648978	-0.387400171561079	0.142252378893642	-0.116269842472164	-0.27855907852141	0.549880232545623	-1.898418195009	-1.79635703269837	-0.847871895169757	-1.1833782919273	-0.850811176495845	-0.384171930729379	0.943205631433	0.468346403054118	0.0604026677435487	0.645025657664624	0.419640513181727	-0.573982918522525	-1.50190865154228	-1.51983981378984	-0.660470844580168	0.0998768248320656	0.081644403799729	0.00616986414601187	0.227986222840439	-0.932434640597591	0.244500687541127	-0.568761544170093	-0.748282991878454	0.234224471173979	-1.50392327182921	-0.21140319802001	-0.794187911998292	1.82007553125856	0.0253715920077973	1.66998370919294	-2.11975151717997	-0.599822336103232	-0.0165883310722526	-0.0396970388354916	0.758041717740058	-0.375716173924027	0.0518122504355311	1.42270633697781	0.586660235615244	0.906939183680287	2.27725293834835	-0.938700371382104	-2.24455124751723	0.772264421212568	0.596381283621888	0.0765922869834176	1.33476548167401	0.481935194600294	-1.62090346309135	-0.774270163553245	-0.672848823998615	-1.01824548682949	0.109651212236856	-0.00680281625836343	-0.637299785896263
0.215772299648982	0.589501448004993	2.35353343153966	-1.07036601933583	0.0675144186043103	0.696246515487006	-0.768678172651672	-0.00231184789015301	-0.0967827542828979	-0.87913232404902	0.483358738975683	-0.890915374889193	-0.05671714946644	-1.41505048431411	0.472646912062528	0.31100160682658	0.273852158557687	-0.366193526895631	0.987319696503739	1.24206015963753	-0.167891833700104	-1.44873743318855	-0.865771203352051	-0.411649506675236	-1.30276455952741	0.480009256963996	0.64523775325743	0.044178601550338	0.195136370003351	0.131726140712409	0.64771033823484	-0.338897241340785	-0.284084835930778	0.643683470413573	0.311456899876781	1.89830576516435	1.27709837464784	1.61968106910097	-0.121815838637016	1.49380263778297	-0.523998687479157	0.388490852267076	0.397679238278676	0.161472980216634	-1.18371350235082	0.194010074186231	-0.700647049562501	-0.155569749098015	1.63441978470298	-0.524629715730299	-0.278867302124397	-0.759379275373408	1.73372422146537	2.04604975862391	1.51247360512974	0.654092177833901	2.05732568319922	-0.15127233355143	0.0016072045594329	2.61206143045072	-0.187697574636787	0.0248696833081862	-0.0642078608230108	0.00982736406153723	-0.306632074245479	2.0783692042098	1.01096003952701	0.527482653173765	0.253662364246479	2.22926465673112	1.35861752438684	0.502943914900916	-1.40275567434901	-0.696439703638414	-1.17950120022247	-2.02258240363444	0.729012371560567	1.18665952248221	-0.256851811546306	0.0926031211985033	0.84105618853252	1.8619772083902	-0.0473219894113385	2.30406286749786	0.1237890549418	0.975065072545766	-0.50917532849842	-0.369799863635062	0.68233621332998	1.50525140012367
0.113821648818526	0.297244713233983	-0.107630595829004	-1.1375581708835	1.13193494920953	0.109779051683177	-0.379710637848	-0.0256921214969979	0.341390402036138	0.0601367832431332	0.303193026864096	-1.86103027508581	-1.6271797664066	0.761889147806311	-1.19677122405214	-0.64028930828338	-0.878476075942481	-0.494904487058855	-0.697912956806625	-0.880911689299095	1.03351918519967	-1.70955850026657	0.945610283027767	-0.664581500105304	0.183878179464274	-0.367472393246217	1.34053444035585	-0.740001064246032	-1.11552429840163	1.68988738447331	0.106515459237269	-0.638360291882596	0.772322629063561	1.15798722353456	0.891922394166678	-1.06363770800921	-0.261042615026808	-0.715443238400818	0.166941550271402	0.703819382549591	0.330757898113022	0.302091410860181	-0.0902352984218971	-0.292628147615647	0.00684677987851626	-0.219194200307581	0.523846132822949	-0.327616277147583	0.0105601279384576	-1.04412944894461	0.404164404275197	1.33365563526181	-0.333179272995072	1.08749914367094	-1.05724257412441	-0.313824925578812	0.469296033334297	-0.517030895259326	-0.318112031470014	0.429721631990361	-1.61861191865226	0.010846544877303	-0.30879439159238	-0.736199202395703	0.0642164672223738	0.656823938764346	-0.645729486783513	0.0104938965157716	0.419095416447774	0.528822249322448	0.663162747701267	0.566784768780149	-0.70857807924642	-0.361161761484248	-0.604219981308288	0.0434331408077954	0.679242590607799	-1.82937846161472	1.65634935677773	1.02502378146155	-0.336857786143513	1.04203734202775	1.60667393473539	0.00632937000335579	0.90744460826099	-0.555605958557827	-2.07451093249657	0.566040041435492	1.2150839781605	0.0343420974343081
-0.320476196136281	-0.262645931741666	-0.902078795359029	-0.245651877885536	-0.763643213297575	1.16242946167266	1.18982655681429	1.11689546578794	0.580586664763598	1.79214031273787	-1.86095107814394	1.17448388134475	-0.621641477510012	-2.20831911162596	-0.699067002236913	-1.71063784929488	1.50680213808817	-0.100048325447604	-0.246799111048541	-0.33881555876675	-0.867782926545243	0.607664770821811	0.765881378354442	-0.125671781346974	2.10597632102504	1.46698198738794	-0.762189151086041	0.0969283739332791	-0.933789444366143	0.351675561080025	1.09691869045178	0.296031949392592	0.642760756021761	-0.122064896563206	1.89325655029784	-1.21465681796681	-0.548850498032993	0.530321443249618	-0.353578825022521	-0.357493718727074	-0.0435160409728259	1.79779454346977	0.108061850773759	0.495680346970273	-2.51355966850106	0.322254877056055	-0.654636202495701	-0.148127132420036	0.27254250334206	0.0946752195554765	0.64662335551438	0.761044544076719	1.3037401900809	-0.923859820345256	-2.10830205486248	-1.81274003853495	-0.837460715797206	-0.471659448039683	-0.501424968111824	0.323966514901243	0.709967185441075	1.05360118333982	-0.400752673622531	0.401495547785016	0.946737162703441	-0.834670124459748	0.230942245866406	-0.454429719889452	0.519551414389706	-0.0786965795740937	-0.531991527083043	-0.609192658489823	0.361960543885908	0.625640681369955	-0.0921277358036126	1.08213343016287	-0.659566805813871	-0.518204066919485	-1.49029983486961	-1.01348499335142	1.64831675134155	-0.254592566409323	-1.45603776153655	0.67521255974818	-2.39458749193665	-1.25184732072525	-0.0043748545983894	0.648156871060546	2.42738823377972	0.155721354799521
0.132901195022761	0.368240799773078	1.20238731307622	-0.943456567382995	-0.323270733597867	0.457305310613428	0.53658623370608	-0.957430555602023	-0.649513818929474	-1.24040981245844	0.0418692457815702	-2.44027123517984	-0.551406755611755	0.128410496024514	1.44454695748307	-0.0564638476494297	-0.316641073814406	-0.226428813228072	0.370159476777054	0.692386450109369	-1.07140925419573	-1.87422581176852	1.35009760857636	0.0100005376931119	-0.159404816068732	0.022120004241604	-0.478233423999312	1.94582658301843	0.562130196603789	0.532071531524182	-0.870190989314287	0.447174298281581	0.401606980184933	-1.17230133049459	0.0343115202266562	1.24275076531376	1.75613055387517	3.15569608620641	0.720799467185187	-0.641541410084712	0.367010217786687	-0.364250881839395	2.61964637894386	-0.962143206213217	0.00592048240741122	1.03529292784402	1.54534986567025	0.7233399847044	0.980697556005028	0.237617777559355	0.30761699808629	-0.217468625744727	-0.238211765751214	-1.96782105165008	-1.9783104769774	-0.593917365985242	-2.23341189888667	-1.25742830753727	-0.347091823792327	-0.244813859025871	-0.320038933936965	-0.170508167190236	0.271785022388562	-2.24936809616235	0.998548093517687	-1.36118084436264	1.48227311646882	0.171808027127776	0.348167450524343	-1.47533610613673	-0.938181228822904	-1.38420153655617	0.484807072827707	1.35767105330253	-0.718352616221109	-1.12763802249286	-0.544314573163781	1.46690406567115	1.46650566973507	0.454975345539819	-0.665915441938475	-0.652541196591799	0.107564560839206	1.5358444089285	-0.568279161076727	0.455857351734394	1.96103818716003	0.633554158926883	0.0384050215962903	0.527740754400005
1.82646281467535	-0.701341158258682	-1.86221093791489	0.716146350776873	-1.20915284855098	0.829153258516524	-1.04106543450979	-0.353001061685659	0.130590344750174	-0.0193433540807609	-0.906336591099904	-1.12064272855377	-2.39749158207932	0.504376692786742	1.30500033393231	0.291134986745934	1.80236231646396	-0.489038282849586	0.702493308897978	0.646064153339004	-0.00866337181915941	-0.0722177658558419	-0.758066793750002	-0.39505497267149	-1.38089364430586	0.0504832150901898	-0.199103630198361	0.0699836630397184	-0.959846297039723	-0.743559629958273	0.116476068025304	0.000400979750030844	0.791303506870345	0.311626206318954	-2.08299327456018	1.25068205050672	1.23173105838054	-0.0673201557427066	0.142530818827916	1.40634079406773	0.748731455366485	-3.35542387224475	-0.863049520637811	-0.213385226650063	-0.0533569119429404	-0.735482309879367	-0.212057396801817	-0.0525394533791548	-1.02487416331348	-0.166457365862446	0.477927333338584	0.318825892784589	2.11111030209424	-0.107640098503487	-0.550173791799791	-0.2315452472691	-0.625723663340338	0.276721424245371	-0.817217562716251	0.383390024581524	-1.55616280496562	-0.50256566136735	-0.195450247016632	-0.511995587865217	-3.35942322713893	-0.406521381173696	0.0374209078611645	-0.281072488866073	0.0924748092719303	0.92815979173262	-0.106866857703943	-0.160980581897176	-2.59934272433771	-0.783541098693961	-0.400644376803876	-1.49393095533224	1.10861724675481	0.833227220967843	0.713014520758636	2.24997133711252	-2.03019938679975	1.32188582027656	-0.885528787032924	1.24181257427679	-1.85558760930099	-1.05796699748669	1.07274278001669	-0.372354802770712	-0.0343774380587091	0.515037251134039
-0.454131167337329	0.526909732701215	-0.000595745122576867	-0.71347352383249	1.97925438287551	0.060606755453201	-0.376227168931012	-0.0229313377747953	2.08757694155796	0.547033644676864	0.0466149557781576	1.00789906725991	1.03344561568297	-0.0292613118453038	0.257236285476829	-0.342053587004546	0.711161551192373	0.484125155763661	0.0433094535664018	-0.156615484269044	0.945646061660134	-0.570515158597913	-2.04220554028995	-0.826592154266469	-0.903280320546338	1.44157973222218	2.10295526470174	-0.283333193393954	0.0753669026706337	0.602544495982304	-0.0346378941819162	-0.823090285351037	0.973993528873665	-0.0467537910537808	0.0943519858841544	0.0843136760955353	-0.676800508564661	-1.53270777431088	-0.654859118435218	-0.15592465703265	-0.979544396794284	-0.351957027021475	0.907712007989852	-0.420042135793325	-0.24675628488104	0.243045863465807	-0.0643277616978444	-0.707747628209796	2.23615287741588	0.462659104327886	0.993568778946647	0.943690946880208	1.54458796619661	1.57456089780995	0.959264400820116	-0.493644907377296	0.730351407953243	-0.897252499193133	-0.924240082537778	0.250067945043247	0.804743338352633	0.799684430525506	-0.52548762776861	-1.24607763299104	-0.225655296785234	-0.318952217916168	-1.29637625834903	-0.417458863734581	-1.14892947427229	0.824641514956258	0.19320534865023	1.7152572363049	0.495694557541533	0.089673563066992	-0.99893618599698	-0.667960818032144	0.410304732856866	0.290970273199883	-1.22207820316959	0.00905768575407939	0.390916698487946	1.10495511013584	-0.0140751377371857	1.7468015951871	-0.551853153362377	0.161917316037913	-0.414649382168384	0.39069395388005	0.197562098839655	-0.00290479138678778
-0.240665937864501	0.10465315543456	1.27658936851155	0.226755069075152	0.199007611829578	0.230388451392631	-0.21711977064731	1.88717518484213	-2.30301910162188	-2.5711581691531	2.10354819596192	1.11656154729143	0.715046448458258	0.142306656042275	-1.05008164214124	-0.150664362148308	-0.797597900721356	-0.826356921512086	0.314278809461574	0.718726963545892	-0.466663418116511	-0.815479346541397	-1.32793857894012	0.109830122435189	-0.475045726343995	1.09292963642989	-0.0910088038506049	1.58514355292636	1.88218907063885	-1.07347374909227	0.451886910029809	0.692538953162927	0.102904081811218	1.07752895023362	-0.501634661875594	0.135607009527421	0.134046604852338	-1.39869974113539	0.380729552672636	0.658999470057627	-0.276698798678493	0.324185198311334	0.87269436944283	0.871564920106535	-0.342511915315909	0.780741590247183	-0.533109800583758	0.83312765756212	-0.0653416535726725	1.75158286188494	1.79846340497833	-1.83058701284396	-0.865130309575218	1.01541928753762	1.69944601752856	-0.488834856487	1.44526761484689	-0.672718459315002	-0.187551264162258	0.679817646980743	0.269783989195808	-0.4461033357349	0.314597597251957	-0.399239622069312	-0.219892345045928	1.21787778681813	0.977984625441897	-0.102383075512789	0.00728757804283208	1.2599138430928	-0.276861474196198	0.162545757078314	-1.40260630622303	0.502227681915504	-0.230169300179984	-0.724772739710612	-1.09707027728431	-1.85829698211952	0.899446945187378	-1.41772806996482	-0.692424342698448	0.167746883331081	1.23122800286076	-0.763243402954348	0.908355758037413	2.01239186359035	-2.14559513605844	2.33602956166309	1.4363783902513	0.125830377196948
1.6691380404038	-0.221941745037677	-1.07400036915507	1.27837264625738	-0.0537560169312201	-0.332426976455614	0.496193137947803	-0.701834905383964	-0.934344949626253	0.614197489069644	0.481757210343204	0.405440007468647	1.04145013535104	-0.313832496088102	0.161738838157165	0.281100724677231	0.982617583633657	-0.940793625752414	-0.253257815467239	-0.273646972931379	-0.829667690289691	-0.867772854976976	0.667445793292291	0.0596618266081319	0.946620423414282	-1.38452033900124	-0.307873561796254	1.40717050815552	1.21874086554779	0.0426670253520583	-2.41997991333405	0.819065309724446	0.242865953059752	-0.877341534883817	-0.160358788367951	-0.253776081629907	0.545733552840199	0.918500904544885	-0.677906148998152	-1.17895304864911	0.516520763215376	-0.890244228133612	0.43490823909919	0.443959056696656	0.610332330891207	0.213208364884864	-0.652595827557689	-0.280433852046022	2.01023733700446	0.324176299776923	-0.189404770635554	0.31680910990027	0.70716622813867	-1.10264236103236	-1.29335416898431	0.2859128225993	-0.975583766073596	0.953771183985568	0.28684557174526	-0.150512079026708	0.76051031833937	0.276381402010198	1.08113864427788	-0.358156589777941	1.9388282352426	0.0214589049515095	0.233045005250358	0.330113053127513	-1.07919571303451	0.238117948055708	0.263279591925396	-0.376083498051905	2.2549350179269	0.627655275089822	0.443200996742675	0.657788089926446	1.05515853071002	0.7301655081868	0.123361137445429	0.155472907004763	-0.99969756345174	0.0514292966413183	0.861758235469707	2.09040810604919	0.854897793426716	1.51742702447265	0.632115189599829	-2.18439576570846	-1.23110142278312	0.11873849657436
-0.913041013847955	-1.13679348868611	1.29157516044342	-0.657843908951357	-1.12158745922984	1.19556880912442	0.838055385064043	-0.194890125504623	-0.425708831974949	-0.633419528012909	0.971887867107389	-0.0959572010444357	0.490159745547525	-1.91040233840553	-0.789189168418395	0.10122468302233	-1.31812128373598	0.0664577541246178	-2.08005106705191	-1.70302712202511	0.252950055947539	0.212088573905306	0.317752280968821	0.746332461682232	0.707976227207968	-0.207181553494026	-1.328682008294	0.60396398135761	0.701203751546109	-0.374614519274498	-0.148894283610389	-0.101161100000706	0.0364914885461916	-0.530232831472912	1.79343724971903	-0.698189979838746	-0.259431977419758	1.408498818864	0.54284276978388	-0.0702437910229167	0.255374443361057	0.534749227870668	0.792752311224846	-0.607935864972461	-0.803514675446498	0.0517612333567406	1.50090911712456	0.48032097258807	0.326173726862959	0.205093599187791	1.11862914432237	-0.330125274882483	-1.55074482022675	-0.418588515917011	-0.578472444960621	-0.0456489335741345	0.212478761712463	-1.45025501974367	-1.49883609300419	0.216245546014068	0.715661094697879	1.06310791331777	-0.107667422163099	-0.566357699252075	0.363085017462078	0.878626680561318	0.321399460253513	-1.18242312479259	1.83285602151403	-2.31442236693384	-1.27690400415432	0.396935915817593	0.493013865558914	0.211562228005782	1.44019964584131	1.12671440507017	0.144932179058984	-0.198826686209221	0.287189536626978	-0.295743361940071	-0.457167240837276	-0.325620721183908	2.14131156779424	0.491025459943844	0.744042082131507	0.592895172502173	0.370192614834823	1.00054179949118	0.158775978503795	-0.726180979027387
-0.576102878593043	1.52125113149026	1.51295609556919	-0.384217793679247	1.05183196536926	0.0655937789303909	0.702857939942754	-1.16824559255042	1.5922121986556	0.185300425721582	-0.565389896852129	0.224098635788656	-1.45521574748441	-0.770506080326345	-1.28431544845317	-1.42980010837203	0.524460566343881	-0.237947321392543	-0.424052162244821	-0.242532147236097	-0.0820066661898249	0.98177399083871	0.397440136197273	-0.0796966739921411	-0.224546239017519	0.664203830206997	0.671638235730383	1.04725845613827	0.681037860550804	2.25281040504254	-1.3234998498878	-1.95367029048109	0.86059603353184	-0.0684743732749684	-0.286627994688637	1.83901046269339	1.90585757453074	2.53881937807201	-0.564313145434404	-0.4926089623835	-0.884187124104267	-0.340786950271914	0.719536104707464	-0.814998513515823	0.179558996523133	-1.9523952878117	-0.522178279206774	-0.64885969230894	0.00435788052289765	0.444612153827886	-1.3229624208623	0.235235318440729	1.05720701136422	0.233748592886208	-1.41378179182	1.30442131889693	-1.25776502056683	-0.98929370424812	-0.129532932330813	-1.15327059893145	-1.35734734341146	-0.532670218904879	-0.290980288033569	0.621194043500865	-0.177770182787015	-1.32981923836487	0.84458572232471	-0.0522043605544142	0.0820867076198605	-0.717213002691215	-0.0375064966549375	0.349688436159358	0.784545715706757	-0.679647333338146	0.705759421338855	0.181525807994348	0.689257811848909	-0.646271050864521	-0.604032202676846	-0.179615250787181	0.382332787663926	0.79966832043087	-0.3429457269675	0.371885895710742	-0.500539122248668	-1.2263594881964	-0.697811969348361	-0.677811894015772	-0.960336410660495	-0.41843140664078
-0.364407009798682	0.890857679164156	0.325175645255485	0.550490150094983	-2.21430106665047	2.22838321343513	-0.260151556647042	-0.373513334188967	0.663167222355717	0.834806830062076	-0.0823721652662499	1.13281510365329	0.806216075197201	0.0747993058012669	1.59277279753747	1.47959195506518	-0.286047961251789	-0.157416138127716	0.820668746286163	2.41215367643557	0.255007993664274	0.602929530868513	0.0390710286023659	-0.203133256979771	-0.515857440170842	0.611312763023713	-0.0380340619376779	-0.282193230660091	-0.6817368028892	1.14628506351304	0.20204479685151	0.896162954386183	2.57441640617611	2.87280250444505	-0.0510128681260965	0.92740052135942	1.1671935543019	0.291495736683155	0.0252609283938739	-0.492227657157132	0.268873034171847	0.281136562037436	-0.356670459350104	0.0181279047973079	-0.532436094388489	0.62576377271608	-0.43733261788757	0.61688502214901	1.00555005353824	0.478922818030829	0.0427526440762497	-0.229292929579278	-0.749863906531002	0.863930851429216	1.11508881568204	-0.193689550158695	-0.200860277228744	1.8989874813224	2.29422607028356	0.00908391752632838	0.519614339210469	0.259639858485806	-1.34338863662883	0.332796753536901	0.0567272730234123	0.202497339398659	0.389898490686595	2.56481955776727	0.718785764411316	0.954395215043537	0.755402638430895	0.584613992172606	-0.121489386908666	1.18970755905226	0.572461706415275	0.498546991812829	1.1842451958494	1.46470447898378	0.208228750878891	1.42278703819604	-0.934628117443811	-0.00728866913090367	-0.084385312223993	-0.296976880924985	1.0487590610607	0.868218529339291	-0.384362468245029	0.397949389158872	0.560385785996352	0.546676434757408
0.030285688078639	-1.03783599770646	0.657189873803886	0.324307197800241	-1.47646516453312	-0.0240925723268448	0.55543887766132	-1.21516835322383	-0.543878169061672	-1.69510497858998	-0.258411177913945	1.00825314005505	-0.46488577287177	0.885443997742057	-0.207108447056231	0.103121724754077	-1.21445844680597	0.00329035307297707	2.19908201774023	1.7225086910713	-0.00865799803499043	0.27588946351752	-0.244002048348787	-0.0157714132303188	-0.377628385585014	-0.603150891017151	-2.62659994729536	-0.28264527841268	0.567949315401469	-1.06750826879568	0.123305269903825	-1.45623092528294	0.383421491085834	-0.931875252721493	-2.12128904053852	-1.02496181247273	-1.12479301883201	-0.415416319955625	0.829876112738325	1.63393034048704	-1.88320471268658	-1.18483745392043	0.210921388928811	-1.52989595278518	-0.398147290793644	-0.859239492976733	-1.06477743357446	0.299199195188016	-0.891210008481917	-1.07269198772776	0.328319828992799	-1.22664673324311	-1.01068805119259	-1.21533827590346	-0.942508578408418	-1.39454670961214	-0.456260817406023	0.0446378092615901	-0.141651152312868	-0.802196436491949	-0.395626342838814	0.0344501510185731	-0.291929233169871	-0.599375741802005	0.152828666221527	-0.400894975040772	-0.435766774193092	-0.362352256350252	2.20321791184762	-0.312445666319247	-0.285287820664911	0.380966638264864	-0.0974193662360184	0.717408599518644	0.723752041597668	1.13752897053285	-2.20762558783139	-0.870846315366916	-0.344638085572139	-0.351538108490502	0.198453763902179	-0.408997981046095	-0.0469593344220881	-0.0173673676842439	0.690893403172816	-1.08615713775041	0.282149387067521	-1.40011443624727	0.508094533273278	1.17886001138885
0.792276967224742	-0.666199709670115	0.958635322739444	-1.06041479495829	0.000419645711032429	0.321497825839964	-0.0773172189453378	-0.159919593294043	-1.09387555040206	-2.23954747362177	1.3431074744417	1.17756708844115	-1.12989535091227	-0.499566209710452	-0.150573389965836	-0.456338280381421	1.61981901274434	-0.299424231931524	0.449299381692762	0.595320184847857	2.81234116884751	0.33770861706235	1.99509279815603	1.64301066221349	-1.42261513729449	-0.665417436666114	-0.398395971038595	-0.856303350968103	-1.2621275783396	-1.52680184745694	0.291881875779295	1.23457149646161	0.802406385771736	-0.779412499667685	0.138015397236038	0.573482853496051	0.51718914044505	1.30073215992125	3.3846839144191	1.97717786536345	2.66953996392304	-0.42620726358248	0.0435305669038711	1.02515060416988	-0.198676240316842	1.22508016674716	-0.0697684288393746	2.00263076652183	0.330433703227455	0.381804615520752	0.238498330415501	-2.25506131296779	1.27227208323	-1.14115861742076	0.453060561153513	-0.0658665742241293	-1.67777710186598	0.54546474925482	0.929767571798486	1.99157357801125	-1.06201894625258	-0.73353014959664	-0.542799366055592	1.20324025747764	-0.222542205555602	1.31283181147521	0.884261357985308	0.79406491051373	-0.0576712480835214	-1.2617806656147	-0.0175962121586585	0.403766180190341	1.00179034722136	0.890716625528602	0.201457631061214	-0.711110439733242	-0.0372250640364487	0.132483180725774	-1.54729060504286	-1.64989249870224	-1.22396757852012	-2.05927937875647	0.876459092399619	0.555042894431803	-0.0934348838929663	-0.095228730713706	0.598945163565934	0.501445519016256	-0.353820167131285	1.88953987497656
-0.0162977136089325	0.136326557214422	0.408462966762079	-1.1604527536286	-0.928788466455825	0.0792074503147398	-0.55699474119418	-1.44400679805458	0.314968419392902	-0.316522755408494	0.624988416398516	-0.588473205990489	0.290285043981252	-0.469724822162361	-0.164109509739888	-0.618766401336361	0.712503207779498	1.20665474692943	-1.10155899958106	-1.13787531108209	0.768909423863436	0.0265623853810907	-0.361337825983803	0.924752452942091	-0.0649310915103504	-0.524106078510474	-1.42114262454655	-1.52641221388783	-1.38455078767932	-0.374347784683522	-2.00668292313197	-1.9266324789785	-0.0046812143506264	-0.334087128655072	-0.289887580738135	-0.384749705639117	-0.465513325281028	0.191567964109966	0.562955244153063	1.27584800334145	1.07750452285355	0.402050839876863	-0.351886492362725	-0.752418906978972	-0.493582249904089	-0.983912862403339	-0.437678875866142	0.531698762443986	0.169788786535132	-1.17491527338722	-0.595190045005063	1.25699494486328	0.27003238901628	1.90288170155423	2.21385785508715	0.29181225037963	1.89992976314152	-1.21801979838787	0.155694681316177	-0.0109849863189256	-0.505332582590534	0.955328768091795	-0.682772504017891	-0.542523846920614	1.34221144479016	-0.475039739270253	0.265243720790581	0.491736292529916	0.125333110019571	0.172917120439455	-1.00874911993756	1.11164837330899	0.225346667516695	-0.276634818186043	-1.09272664530548	-1.05852485000929	-1.38809937140621	-1.76243704885697	1.07637758692147	0.142418939534825	1.57048169735548	-0.579271846593831	0.183223421979377	-0.0931125130230907	-1.48896546570654	-1.00398894406337	-2.20064095126006	-1.63878610568558	-0.657164642403376	-0.0483225313790446
-2.11343924490503	-0.243033572654944	-0.332091489068619	0.604747044122352	-1.7716181439461	-1.06433093718423	-0.0176873795776309	-1.76334406759427	-0.88276510464767	-1.13242317620557	0.124635395066677	-0.638123029544536	-0.12063743025941	1.70770615890603	-0.0657390711589344	0.431387887485536	-0.294700247625909	0.277193710560261	-0.595193806693809	-1.07720992704584	1.06740170198358	-0.90188104395028	-0.984938924959016	-0.566578557655825	-0.113254527190859	-1.12201450777864	-1.48538264890746	2.99250149719764	1.91718355627079	-0.385733282719266	-0.697394921077474	-0.486984870697795	-2.89365701399461	-0.730711840302819	1.04935854951168	1.30099290038293	1.27159435382912	-0.0115932911914608	-0.798454451331415	-0.376364723104962	-0.408900310410386	-0.726429616435603	2.9512768280696	-1.33737073885294	0.494991018076836	0.427555437733235	2.17617709666592	-1.35528683059941	1.34519889941113	1.76211596833498	-0.344943626242365	-1.71664993696272	0.0292427561704598	-0.565087317908108	0.457199598178007	0.564700456485909	-0.265125746583688	-0.415876251345164	-0.400711405189275	0.277546667000444	0.325347026283432	-0.169271700637554	1.07419090064298	-1.44251476669068	-0.0120206748219154	0.690576796474249	0.321683226972248	-0.109940898699588	0.867711275890205	0.541049445596848	-0.45720513898921	1.0040769440231	0.802078656297302	-1.35094325944939	0.953476186481355	1.4298130102751	-0.886397889540248	1.33640262101837	-1.49781312356817	-1.94604999995955	-0.807261196106276	-0.0253642993068911	0.0689591709515495	0.22757110235104	0.540841094219326	1.84658725191601	1.48158567845991	-0.74469615881095	-1.01020088784143	0.0117501087029847
0.461636526033825	-0.890304166301188	-1.38022700780107	-0.820351856542369	-1.12671559158903	-1.080322319933	-1.58164458833357	-0.0728762751465848	0.486895508520722	-0.458799101086063	-0.777574087346686	1.16565090345767	1.52265692673123	0.217156507098259	0.407031728623724	0.616876429818418	0.269772308075882	1.98867852922636	1.81643508568445	1.01416277392716	-0.852895980341886	1.43873884983298	0.99737821929885	1.01527074066392	-1.90974743408044	-0.785566368331896	-0.496035508929292	-0.277382455292776	0.506225680322391	-0.155864011517043	-0.553456152580177	1.72124646315973	-0.636212550102739	-0.546212433937603	1.44737954569056	-0.841688064673693	-0.786638937843205	0.251898810321574	-0.698358431451139	-0.423773994994236	0.965939475311785	0.904491123746344	0.0220047705052856	-0.472213706812649	-0.720704445905226	2.41439257848388	1.101432757157	-1.19426697118421	0.693970406555326	0.559562694990763	-0.229655671668368	0.587461268238754	0.226977564663693	-0.126269425538597	-0.179151162566369	-0.811585259315536	-0.361154779618661	-0.401172476676901	-1.14653101561692	-0.947507158874419	1.60067097916278	-0.463606237490684	0.551883822712246	1.99076623651171	0.886464906076103	-0.49916798983286	-1.05037000178159	-1.74522794415165	0.168865931902173	-0.608320214546671	0.366217329088544	-1.61731954197764	0.718347130488267	0.68938297380562	-0.384024664006612	1.32437700197109	-0.0947768432352578	-0.12460401175515	1.97125188232206	1.44687755011357	0.730820775216671	-0.0670581200008383	0.0588147665908269	0.658615412324732	-0.961175963360458	0.214728962004328	-1.23846657215533	-0.907471674123866	0.205052466894136	0.0561895457361172
0.232676467068859	1.09484956655722	0.53427049149755	2.11278641694968	-0.695359148861859	-1.10213098512457	-1.63202244928042	-0.801132735814028	1.15778985386609	0.966862350897227	-1.34529855806729	1.8251102729194	-0.617698175743774	0.232476357474769	1.41325589766626	1.08498586367837	0.497607586963457	2.31444867246517	-0.984827406129455	-1.33713311218694	1.01415617078558	3.0798451500831	0.468006728438333	1.45559449894355	-0.403059763917941	-0.674461637712323	-1.82969648421535	-0.181325849908308	0.272964434674894	1.2392634947181	0.83974130441466	0.215920018672325	-0.653978464089938	0.883180761045334	-0.094362675388037	0.970445489770863	0.204894638190208	0.654395465075163	-1.67229485491765	0.711850224455333	0.0693928599692485	-0.277154324069188	0.997951625951314	-0.942261350428541	0.654938326592013	1.3526229350097	1.03253367877778	-1.53946396197923	-0.643584781430879	0.180572429910581	0.897772008048732	1.63792618455279	1.25451847493932	0.0670237121749722	-0.109223573145378	-0.448716126163088	0.307761009919427	-0.67923116313319	-2.24046967882942	1.43024225180056	-1.19566854635432	-0.0271033968119425	0.248720657623741	2.53628193169242	-1.29643022255918	1.12855727281615	-0.298610159734379	-1.43905200201854	3.24842833906462	1.2904518447421	-1.14780197675037	1.79645190682897	-0.845834816160842	-2.03417942118085	3.28754169228036	0.715686350028502	-0.770360971778601	-0.814289348633874	-0.798099186872135	0.837065988966752	0.252870924714303	0.729004287158451	-1.68223909690005	0.197196083657652	-1.01406097335804	0.0476056237471975	1.03612256080063	0.166447804354671	-0.0369369591499045	0.0122936883723705
-1.1045534209045	1.71604396955674	0.420119285944479	1.71616912057305	-0.607067348886141	-1.36722531192717	-0.94507741867663	-0.29804458595135	0.38802615810844	0.135857611272427	-1.80903570966714	0.376117186891147	0.0288727076618877	2.86198880595464	-1.45765632312365	0.227737725210289	0.42337531721559	0.458595614356997	-0.7608767589201	-1.30409193669124	-0.175137968386333	1.15312102786306	0.254505185725907	0.149176860307341	-0.480508912062249	-0.366763085846342	-0.941083963907357	-0.789398765421052	1.92882928695428	1.68953502868188	0.871521836948581	-1.55253758926302	-1.417318930422	-2.01084241648441	0.111181675983557	-0.85188123765576	0.354734922857993	-0.115772024619956	-0.0112059015309215	-0.456215018815091	-1.13021487583404	1.75405502014053	-1.35450036857963	-0.650607839241637	1.74601234757803	-2.12718771358954	-0.736094790041361	0.693833974309955	0.0695453409797643	-0.60958503121217	0.648538899914466	0.2299335797064	0.382049990717517	-1.78668634450484	-1.50842327715418	2.58905320314381	-1.91579234047174	0.259558535769527	-0.687088710297325	-1.41627172534178	-0.316409237060381	-0.440127831848009	0.43831791556622	0.405977601786157	-0.425078499223291	0.172241896590011	1.23770521876556	-0.335239691988014	1.19276723944804	-0.704859929998245	0.886263567869115	1.36833275075979	0.265011229702645	-1.71641929121869	1.39563874207155	0.795921949771948	0.135498582260137	1.22683912380712	-1.33424570095063	-1.19874513788804	1.24825497364259	0.395109425174166	-2.53932781299693	-0.563552651641535	3.53105666936355	-0.066903996343311	1.4148176318728	0.774377259744653	-0.265073760705898	-0.554700710088961
0.442278492275463	0.990217814026558	1.37941295161589	0.313142754190402	-0.834095136194377	-0.539534628098383	1.83555177478953	-1.23050471539699	-0.891107833653758	1.24470857402266	0.658172131113517	0.558356257811641	0.917217623267365	-0.890770101092411	0.674196754193123	0.582411425906727	-1.61638101833108	1.20669303672965	0.502727343225527	0.885202189096816	-0.106244376950749	0.134938814558861	2.38535034934057	-1.3060227452711	1.80980192472872	-0.15881386518275	-0.523956839042132	-0.803268330617153	-1.53372304376435	-0.347598918229534	-1.5977787050654	-0.869116929951614	-1.54188012768084	-0.714491541754451	0.754960228977492	1.53179158396531	1.98193579031277	1.56213372704118	0.159594916648447	-0.341619506792827	-0.577776720896324	-0.215717013378038	0.489583269346315	-1.19018698835326	-0.446758477632471	-0.408682519917193	0.434126962804882	-0.502798393130617	1.2295799248793	-1.24640263516294	-1.6960437688564	-0.169889719798217	-1.29295723190506	-1.2783520610072	-0.00334515369351761	-0.529050872945286	-1.06101016115761	0.349981069359785	-0.140155969451002	0.150612675060418	0.557131768117612	0.412106325627792	-1.18564074749434	-0.155323508153058	-0.00920473301425346	0.164163828288353	2.31979337974378	-0.882887793333424	-0.022931734031221	-0.0648092073113929	0.477865352094259	-1.70406135047658	0.26445895977022	-0.0502698290484045	0.831974818356734	0.725644045569829	0.502345701209399	-0.487659512889314	0.139188787020025	0.264640840788284	-0.0727608992992073	0.265421320997404	-0.802046914394891	1.35526816873986	-0.921845374552053	-1.60037470574483	-0.203309028191401	-1.90446654395567	-0.442713879697105	0.0288236154584873
-0.0104209497211391	-0.960138441774407	1.23813822384058	-0.792356674596581	-1.30326615296435	-1.12923753728703	-1.56262652495194	1.13070080986652	1.66772143076105	-0.176199662021344	0.851790536727593	0.0574990961821647	0.117886065130967	-0.352320504698009	-0.798562785993673	-0.947739276728993	0.819309678078967	1.53026432125329	-0.907214206248855	-1.86288608245176	-0.676176412158281	0.369922768353624	-1.54004615705624	-1.04995031533576	-1.02628258907869	-0.222541209965204	-1.95943181016001	0.327284488794326	0.313645745429956	-1.73014096906395	0.100620696016094	-0.560491661595802	-0.0908102973246344	-0.730721232450492	0.983883739262851	1.05397747123432	-0.0491387631519412	0.717756338764053	0.956412522450172	0.119067963286003	-1.52953767451285	1.41986801490796	1.627499950274	0.769885012392104	-0.0875225534639047	0.244641825536159	0.697828852763389	1.31241923114614	2.41718507912288	0.314043650092105	0.274778111995635	1.65771996909862	1.42000284223318	0.974279118503845	1.09034684934658	1.19228600297643	0.97411773846727	-0.0645285980786446	1.23498318364073	0.00202319744739704	0.0753260563232708	0.71894507075561	-1.0923987731878	0.908752299716226	-2.80298322053624	-0.293047961310379	0.978079343075827	1.38151684228086	1.47487102392315	1.42997904788886	1.50246464585459	-0.772156153596768	-1.27862890114543	-1.85119632791848	0.569109743100784	-1.35026812084044	-1.38089433174596	0.739000133503453	-0.401742040158683	-0.501549341183723	1.52413643434564	0.931152580614472	0.482768256071313	1.93982468610865	-0.934102513962313	-0.844170983681115	0.59901366464367	0.801903025832397	2.33294063421666	1.09654065052059
0.449390241135189	0.0484528438415077	-0.372514102281129	0.102824890450173	0.00144907542886618	-1.68435507458201	0.359194419541729	-0.945983479097207	0.482773949548659	1.64280488349368	0.0650850558544855	1.23640696594861	0.633131121238876	-0.084596793905883	-0.83428472516324	-1.9620767553862	-0.422130914103325	-1.32936054936346	-0.905223712625633	-2.07556134603982	2.08995535407431	-1.22445007271318	1.40602266755293	1.97342441963801	1.40174802594004	0.625975156261494	0.109252216762131	0.56310425554197	-0.532250049356694	-0.243694329232835	0.00873184361607911	-0.667158393350643	-0.486382659928471	-1.09546778144126	-1.72659018615771	0.93946784235215	0.262709153233339	0.463452443538036	0.895823276574703	1.39298870850146	1.51848295399728	-1.40884798744938	0.163425794292338	-1.03028227371572	-0.0973602323176446	-0.486323806335537	-1.44649823240657	0.43234446786755	-0.361005408304375	2.20135493808951	-0.0458258700409919	2.18519167907959	-0.725542124339422	0.495100032439004	0.286948891190922	0.397975999221289	1.10502651924575	-1.48375059292069	-1.12529092071322	-0.163120773887433	0.371877599670504	0.285384415228456	1.25331060198973	-0.113966464471723	-0.136954874671588	-1.37116629666893	0.147234120874082	-0.0405818164472803	-1.58797422964096	-1.51236815303527	-2.42800805350202	0.880833973097061	0.743996200411845	-0.681665879028039	-1.08170868567461	0.267851616639082	1.45711509688307	0.703639189537928	0.177959753190197	0.156129144091278	-0.641697622097697	-1.40281871182841	-0.220064344189085	1.05655346608256	-0.753106155990226	-0.584675047593268	1.1977276842901	0.31193031628506	0.437005745979167	1.13733677945808
1.31884226296153	-0.837402569201431	-1.05155306858653	0.798585882939532	-0.306129143723909	1.658033228486	-0.129635369858227	-1.1515862753979	-0.205565686085822	-0.287690192822046	-2.42649326628581	-0.556892475151903	1.15041292195438	0.208851350540779	1.00683171399529	0.532651206296597	2.01431087202769	0.00688271124122024	-0.573891763801048	-0.926342567847866	0.987340982245649	0.79926035389495	-0.335398876195552	-0.247894776542714	-0.00333685757713246	-0.866708770345156	0.402992679951114	1.25500602569534	-0.569649766383094	-0.100669664971513	0.889724478436644	0.30122272556283	-0.292013416481945	-0.994890984972351	-0.865567360319093	0.914593713097661	1.3122257880382	1.39372427210362	0.75402009886686	-0.0981368991377701	1.48193324165897	-0.669931976336901	1.92117889453139	-1.24917023789373	1.14106888333523	0.823729398390632	2.4270414195729	0.209904424419067	1.35606394168344	-0.820573226055344	-0.148695918954971	0.176191672515061	1.2599243792066	-0.814830465461411	-0.899094094757635	0.175943622687412	0.557862642019801	0.770674132442211	-1.04887165826589	1.43521552777189	1.3233983766917	2.32925739899177	0.0651737480777806	-0.423488649393685	-0.00379289538107038	0.91571933831064	0.403215427485594	-0.0288437725861898	-0.339960362326479	-0.256743093018814	-0.305842340801712	0.865047937690248	-1.14564253874162	-0.482770785198257	-0.217323831136292	-0.799080904913261	-0.412408291601402	-0.731849333722531	1.21881185611677	1.1198576413865	-0.231346663042056	-1.09642893270073	-1.82897813805341	-0.133521787646491	0.663710943530809	1.12517028640544	-1.89408588006119	-0.222963951148383	-0.268938081703339	0.635704804322077
-0.491018943837857	0.438837607316227	1.25244639242727	-1.34005743492417	0.373057391061249	-0.550347430098749	-0.194305452362393	-0.573669552637847	0.412148960931263	0.297992350644109	1.08024096469951	-0.934706935283975	-1.19128387969654	0.0217923255253736	1.34175983010101	0.364239424443254	1.79312130326383	-0.953094756340962	0.821036145790274	0.656292258685356	-0.740684021629725	0.553578161330047	-0.368165935550551	-1.2445182623258	0.249945374981867	-1.66877009932729	0.69219154986244	1.15118499515329	0.298678299382469	0.0187636448186388	-0.390001935568854	0.990862487764733	-0.432830895875309	-0.514738567438906	-0.0896823723566515	1.19889807180164	1.38583400048029	-0.249680634512547	1.12272833005046	1.59018957563446	-0.0402182253175202	-0.108772890545062	0.101633174029404	-0.116110635318276	-0.779943321090035	0.400638437649853	0.928023199355199	1.1433232750061	-1.92424465582398	-0.659189927129437	-0.722709806366992	-0.370533819612716	1.45004378000738	-0.977282049103679	-0.825879277074094	0.651458930342941	-0.819023035491553	0.694821623426591	-0.0671705064713303	-0.444038306780608	-1.02578689760097	-1.44636848044447	2.41497219165025	-0.515166517976775	-0.546217726827004	-1.04359346079234	1.29460329075331	-0.536198602066376	-0.8531921643767	1.01343503101997	1.12854565000669	-1.02295524117977	-1.32146446372795	-0.434990793636202	-1.5267851670006	-1.83464782012588	0.262529496554684	0.751051806110073	-1.72195836080438	-1.02755782478987	-0.732849670941623	-0.481678506530985	0.708045453716793	-0.281896091368157	-1.45675253393431	-0.792585537203942	1.0060780517783	-0.488276466833593	1.57453237033048	1.15365547310744
-1.28671133225108	-0.309726034949321	-0.655993557245121	-2.14528061680799	-0.155211571270092	-0.705280848749633	0.477700419737811	-1.42044481820682	2.04971026134936	1.12764134824507	0.500200455013348	-0.0319299540819855	-1.01699479370982	-1.3937704776026	-0.819647018261886	0.324045388944847	1.282782061481	0.325642196177088	0.258290687751823	-0.0843894153265672	0.59397675952632	0.0237171571959888	-0.0598440778582363	0.69453240189079	0.682668784251154	-1.28094976701745	-1.02124292228506	1.25109925366607	1.09353944451852	-1.23569639175707	-0.910365627479484	-0.43230455211129	0.0997497154492818	0.466201779101754	1.00187258079852	0.558969719772644	0.160178334357477	-0.410275595987419	-0.977813676555679	-0.0908853472606516	0.0931673378704139	0.123155152043862	1.27078323148337	-1.22116608787078	-1.84753181869453	-0.253894576304065	0.966510364191408	-1.87353289390387	-0.412634576211141	0.537867790204479	-0.964879926336809	2.04091752791271	1.351459814002	-0.19654673981326	-1.42439901659718	-0.965601659026122	-0.422962053807853	-2.13771537899183	-1.73745741595536	-0.12055118425432	-0.733351325430084	-0.261766053948522	-0.553146496662719	-0.299039309508223	-0.360590790974854	0.83872256790927	-0.288039047587118	-1.80327106016865	-0.391814566311239	0.213895514476249	-0.678420595768687	0.137781729328419	-0.620504946985896	-0.45269990214532	-1.32313613868308	-0.140410084099675	-1.58803654801373	-1.13498338519563	-0.83767553288723	-0.829886859704972	0.489022713553931	1.25355467087108	-0.240094220280728	-0.361937775879634	0.383040601661664	1.04622519026922	0.240345369308192	-0.804751523730241	-1.74386444591566	-1.54295349418441
1.21467644779793	0.0521528981035023	-0.0813956582333283	0.408092058733786	0.945273185533198	-0.853705769784279	-1.26120844551671	-0.268431578852928	0.660969885262346	0.15135918782393	1.17843611063445	0.278630049299862	-1.26060458583459	1.63587405709329	0.757301203725912	0.429940994170667	-0.306832868707498	0.0232526350161749	1.34534511288815	0.31575713634757	-0.727089563850217	0.145269024179998	1.53960758526979	-0.0711381294413435	-1.02128356130494	0.494357769337407	0.0580880076298957	-0.0921085512642964	-1.17735349761899	-0.459122182275724	0.510540911436017	0.240364371408207	-1.05093805639746	-0.773054806280842	-1.18482252608181	0.0199168829451106	0.539336026550321	0.437373759489031	-0.302370615653825	0.992713742627738	-0.266005236419913	-0.937497128157522	0.14300764207478	-0.168136213211291	0.535888856029558	-0.114303729030683	1.55355668712701	0.173785689131821	0.452875376028841	-0.47956877558403	-0.585047654351881	0.369847458199739	0.185097891526317	0.0138265891499359	0.874514937574663	-0.160138911943804	0.803630199561029	1.55563845038977	0.255419922780734	-0.222633511823755	-1.59279273472493	-0.299907878185203	-0.906185605582625	-0.039888244732081	-0.782005763092348	-0.351501659883027	0.59203963250486	-0.468144438121557	-0.869633291937397	1.32141263920291	1.84216584605677	-0.987499216258767	-0.582706677774923	-2.39613363661883	-0.182845885425982	-0.443650713253916	-0.213119405242518	0.263040242256262	-0.825429127194815	-0.710002813080216	-1.58077374960203	0.145679130276403	0.834646979459603	1.33159491127593	-0.791329889347515	-0.549950956481084	0.544946667807709	-0.252345544920398	-0.0697805757425799	0.985209378916097
-0.193671749614729	0.793972990962801	0.566313891859958	-0.51384230728874	-0.872666978409868	-0.459237787207145	-1.06235563461033	-1.3697001301482	0.604134124146338	1.45591171850777	1.21579941869087	-0.825444690251067	-0.482982526088045	0.159997440882513	1.0768755042739	0.79288731729746	-0.389224607367468	-0.537733451033779	0.527453234900664	0.888379651651245	-0.216683519015536	-0.804282121619919	-0.438911321075866	0.0729360244793701	0.0329749002778283	-0.138497010315042	-1.68153830066182	0.262471442967712	0.720864023448121	-0.31661350752687	-0.355876578487819	-0.452798671234802	0.100392872483161	0.548659945103576	-0.835342054748936	-0.978002498027482	-0.438171441376125	-0.16899297935975	-0.639675403203784	0.564306675352431	-1.08471690610852	-0.751257801721025	0.0699298373267224	-1.59797467299	0.478879933213662	-0.107629149630391	-1.13679248285476	-0.871691977239756	-0.906272005963452	1.15436892197702	-0.342133039610546	0.904346253877313	-0.798677842909706	-0.168581002535162	0.662552495306971	0.412546612030511	0.163722907312616	-0.106734874390528	-0.864039145724247	0.978439637784738	-1.28517799961039	-0.890792442505353	0.0189024924902648	0.729948084220059	-0.0382566379178508	0.736191775422205	1.71132892790191	-0.42688660763317	-1.89670113339996	1.12518763550573	-0.165028225158478	-0.0613831148053615	-1.3182246742104	-1.04583938103162	-1.42338711241893	-2.3006711669047	-3.13723105240958	-2.51474994863066	-0.452176026010918	0.0400375492207445	-0.136382333598773	0.456110597213154	0.10322029674503	-2.09234195382641	0.340771411657351	0.665380318684433	-2.00369922588676	-1.54307433788333	-1.25307665994979	-1.1340981887598
0.099962313543594	2.29146957096689	-0.110113361222083	-0.932746136023631	-0.581248159211728	-0.369551226767089	-0.0188803049196048	0.498133479279463	0.67616521955164	-1.066435028559	-0.197085295420679	-1.73103033125552	-0.471179532664539	-0.608238783783209	0.283773102365504	0.808400154413449	0.747754135188545	0.434866207309294	0.822698452870252	0.300504309214237	-0.0406513761857064	-0.75794336154149	-0.628258719865419	0.127501398310661	0.128177502961793	0.875370533786932	-0.414106514473064	-0.660568501974417	-0.199138586528568	2.51281123878143	-0.750197589083213	1.13969784407913	1.20424933719632	-0.0745111665280115	0.573534035416476	1.53728943639457	1.36295509286613	-0.46329048816149	-1.53667019777163	0.0676038185821528	-1.04935587295242	0.312615483035605	0.822302830169347	1.93628729827451	-0.0302506491035194	1.13410100373647	0.902376386930832	-1.31193011461283	0.0339810074388459	-1.11846973123595	-1.19685969364128	-0.17119177721806	0.0514129055271528	-0.365060981622768	-0.972621723479039	-0.984565355126608	0.758887534736932	0.735551709777198	1.04575818008268	-0.602769139175961	-0.967744119034466	-0.244913182236002	-2.25337400656265	0.358219187452862	0.263095228377175	0.0612081186240862	0.0809233642587307	0.266036493189082	-0.962122491992768	0.528432432255756	-0.0858384751948487	0.84975778666144	0.456250428967711	-0.271044512323619	-0.475636537530341	0.0813790205671008	0.0833509130474057	-1.77032321003261	-0.439077379476833	-1.08904021143536	0.753063676575185	0.529393936085685	-0.619637528939387	0.439219753889362	-0.512772823330375	-2.11745083342513	-1.27916580683577	0.530764462750992	0.250631289766291	-0.902511833714159
0.385427923652475	-0.227567663724551	-0.819179955711998	0.43463223176603	0.156985014964687	-0.44665046952522	0.307677227380387	-0.689902123276952	0.675835419604495	-0.278639408399554	-0.351522538029358	-0.729498315665683	0.646737472774601	1.47152601992596	0.245231160512926	0.139336945387298	0.335408933624377	-1.38251703271372	0.235034105280464	0.0989796205539848	0.0832295450601078	-0.600378294166234	-0.255679635195171	-0.0365167981483293	-0.0502823471906019	2.50459997356113	0.449487268843859	-1.54691502682844	-0.00912525429945481	-0.0831467451131063	1.72725856892686	0.815255318198784	-0.124456826541704	-0.0191520502420605	0.73915450785824	-0.442507136553061	-0.840941080379209	-0.837198001861594	1.77736894673895	1.05688785859314	-0.000940481860991968	0.236764267758984	-0.55411490746893	-2.10933149256081	1.93856779879882	1.04606947121251	-0.785350580034183	1.69137684509639	-0.0867076818868468	-0.819970766892989	0.963200566142306	-0.119890024334973	0.20826261076069	0.148297053297373	0.440196242125472	1.06823540966463	0.135521335141662	0.643306809883479	-0.829830075274143	1.59070016182105	0.925219644588772	-0.532771236675425	-0.31238180542498	-2.0572278178408	1.52682384772916	1.25044984084403	-0.931463608479921	-0.862074365995911	-0.327662107656709	0.363414302601816	0.612949331261089	-0.259648084674904	2.49149279109886	1.27873933703613	0.444478236428797	1.1209219946023	0.907416178385797	1.34380480964045	-0.654511665740826	-0.181247228327081	-0.459196934001345	-0.216772476925211	-0.200460818416745	0.575504549567188	1.11351381079679	0.860615586838203	1.65670061601944	0.203082875176594	1.79958890833497	0.529750811008845
-1.99119300280123	0.179867772222158	-0.296793477271185	-1.89309131404038	-1.68943405118897	0.417702766684179	-0.323455953633234	1.99893377850274	1.09330238413643	0.106082058652881	-0.630113758666914	0.328305079716914	1.13033837454554	1.57448429639292	1.24322214811107	1.62340510731201	0.155625213581772	1.11562611830402	-0.87185267818807	-1.22575488750069	0.316933936111082	-0.509979911389347	-0.792605712595239	-0.134722826919163	-0.0802911071738902	1.33484655016881	-0.281838168524835	0.0702929060687511	0.0676955697672457	0.314675264250665	-0.927017571714628	0.369610951613462	0.23148424332049	-0.607301349964828	-0.647989887250252	0.155322467390272	0.0462968271781436	0.00527151139108136	-0.725605774484023	-1.47486882685738	1.36383088959524	0.523977656727623	-0.0739690909409502	2.16706509000014	1.46084856304612	0.543995458907482	0.483047857689273	-1.52077703266827	-0.601325296613203	0.0320551308664838	0.752424045941814	-0.162810492168398	0.123242206202186	0.732999040382537	-0.0705278844503815	0.248467809863468	-0.182046184925453	-1.21607704440363	1.73493318110453	0.286567434060168	1.24728199739104	1.57355518547865	-0.0567354161877555	-0.300968164821672	0.395576660297486	0.835383546599934	0.503798523265687	1.07417642414678	-1.72196515789188	-1.80255395502376	-0.393263736920888	0.000724712450948845	-0.388217198767894	-0.621021866145104	-1.94926383582492	-1.53487965253599	1.05194434644026	1.5085501300345	-2.99581158647245	-2.43398830752443	0.286006229766472	-0.615082607760588	-0.63485884591871	-0.476389731052743	-0.746980569824904	-0.076526367771425	0.879685779468511	1.5324695729237	-0.228367859652816	-0.135932670507775
0.421809881557871	-0.952091164272745	-0.720230256577838	1.28077271239356	0.247579459920165	0.929464692801249	-1.00977784230416	-0.835214090952922	0.305159744457493	-1.72660645867266	-0.719598589336158	0.0716968006853531	0.179964870903447	0.826259929907539	1.5069786197087	1.11290352220171	0.8341842348762	-0.0431176530049653	2.91755509587349	2.78053976445968	0.0402529161239878	0.731845023208086	-0.958974902134479	0.184542000366353	-2.55040231394956	-0.0445816725651324	-0.581139426430424	-3.11696002056719	-1.00327425644637	-1.18828254694658	-0.0514034978739541	0.85114110118374	2.46665777735901	1.41628414154853	-0.455403568487599	1.23891798407456	0.83629408727494	0.538612129231184	0.221397832241454	0.963255598867578	-0.250299931726455	0.906633819658092	-3.90689848188306	-0.991625418612307	-0.0269987399723325	-0.349264624819057	-0.704057693699707	0.890143936433098	-0.455441133860914	-0.0396362556446675	0.671603079128989	-2.35815054879708	0.189334608857932	0.974985893577784	0.329834458116673	0.465110352593222	2.12648993556468	0.354494434953412	0.419751312449874	-1.52263301822392	-0.200092916105348	1.05624965831971	-0.858012149580685	1.42983565228984	1.58900742141088	-1.33908258987911	0.414136739394532	-0.115183196307715	1.71864828746121	-0.748272351747353	-0.946984490442034	0.75326999839262	0.915161657260585	0.601259710679534	0.539823791562498	0.551411477908208	-2.28993831840267	-2.77139481524053	-0.339421163563727	0.623737841843839	0.363057305015062	-1.6622159902127	-0.793226922985227	-0.0551980298701497	-0.291650841016441	-1.52272075756217	-2.52352024564115	0.0311981797826915	1.29480218003997	1.56213764781842
-1.50450190771922	0.130715377092728	-0.406085074686977	-0.351113187841065	0.131336552431736	-0.86530833550308	0.209842982644632	-0.587876734853451	-1.70070650409314	0.365581913742754	-0.485291800720105	-0.197020150608821	0.163786014981016	1.83224954604374	1.67239938341427	1.5723094955154	1.26014156138097	-0.0822803757457056	-1.9285696180732	-1.98940674476295	0.221579344023816	-1.23561326690878	-1.69435451712838	0.142561113016891	0.215362121622373	0.789479989774371	-0.406677106355788	-1.0734820011391	-1.10071691409765	-0.451559912809224	0.932546006644279	0.977427072517781	-0.559591516256616	-0.662683872762914	1.44890561007625	-0.177095256274097	-1.29338880128676	-1.62833823422642	0.122581691298034	-0.0873545011726649	0.821400984441758	0.855699791656313	-0.0870948278544316	-0.712503032676846	0.859259472352694	1.54797885600658	0.04008267916398	-0.465804512552245	0.184768771306767	-1.53651357012829	0.727311293930988	-1.3702550379545	1.15902968388642	-0.784571944070987	-0.303444123318398	1.34169228646076	-0.720322261448919	-1.54462792668816	-0.247677201068854	-1.86479657799588	-0.405550686199128	-0.166940016025461	-0.331344235673796	-0.438087954669418	-0.971566462874172	-1.307165725768	-1.19006817164495	0.558407377226166	-1.29083299919164	-1.07949733817327	-1.55281258082846	0.200071784033604	-0.923661620401995	0.391646211142222	-2.73416996119487	-1.60297413853572	0.340063530804925	0.223605056996054	-0.364764672549675	-0.269946169783133	-0.32163304557836	-0.658857677113892	-1.14736546119014	-0.0648753200892517	-0.17992893274489	0.159112407292832	0.936851227782495	1.5497340055938	1.03781788300045	0.640309920859803
-1.44562960664644	0.145969072326477	0.370974489793859	-0.543266734954223	-1.30797271839325	-1.15554727919251	-0.286474834041598	-0.831427364210137	-0.409581659005479	0.872774584664981	0.43153189618965	0.467845748062923	-0.273189632705533	0.605810305703122	-0.904873489336285	-0.14552742306617	-0.250557400529004	0.311209381986974	-1.92676701885267	-1.70175879017376	-0.801319877182572	0.0602378628441626	-0.159827104835456	-1.44749226613439	0.148017060778493	0.582322824471129	-1.67684443123222	0.994835356555376	0.747676884579333	0.692784869342606	-0.0222114612407316	0.000978869886914075	-0.21233285884692	0.899574276085275	-0.0758700702128923	0.954079820438765	1.09379288245635	0.904930272847574	0.0036003515967185	-1.54215011021229	-1.36657883921424	-0.669803744642292	1.49298273269022	-0.648559710902919	0.399464339643942	0.370064588161869	0.670782476445513	0.112544385618505	0.237783394672955	-0.634427274977259	0.717659972414172	0.513878744472273	0.204683068676821	0.532284661963847	0.33670325244394	0.548424465535126	0.348208969618753	-1.06757472797404	-0.705427594821203	-0.432957001029506	-0.78261433846624	-0.826829512373296	0.67954206734724	1.27835052363556	-0.773321273185626	0.198651939887568	-0.068111402306778	-0.160666877617747	0.459580501954048	-0.371755786315416	-0.232174152661225	-0.494974695927357	0.580639193058477	0.402756942709856	0.459843400392565	0.525045362913111	0.494440180132192	0.421280539971195	-0.119309652896573	-0.554272427705134	-0.199966656669063	-0.991820319011886	0.978594170356647	0.421730228990152	0.56233638719815	0.250789865094496	0.869820264419954	-0.524782442896965	-0.724730102966173	-1.17515299954905
-1.42960195300388	-1.26415369134137	-0.574064342333311	-0.415714647163704	-0.953122320885084	-0.00682142861979256	-0.396568077641346	0.0651278704551421	0.16759573533486	-1.1288623577028	0.101842745264493	-0.550255159253466	-1.98930556693535	-0.948396653608467	0.228669626787941	-0.214957961928202	1.02103524310742	-0.581786611929507	0.338687915098924	0.276271864639233	-1.18646459948468	-1.31588348857444	0.0277431250921676	-1.72750130441551	-0.619528964149346	-0.200064635320025	0.278717549922922	-0.200094567690113	-2.19522467290568	-0.415587364854026	-0.291289011790756	0.475901736007699	1.18608125696354	0.466342213556096	-1.7675085593947	-0.225228386323269	-0.746811188668889	-0.331334186688574	1.59276007912833	-0.68144924804757	-0.296453965267756	-1.70202145698925	0.666009920590331	-0.263912394677759	-0.371955327534143	0.696385282713733	-0.0275484476113654	1.31154089237985	1.28423783564877	-1.54749129338971	-0.737372850695493	-0.154889264950872	-0.213208978415616	0.10402204571389	0.0839365016816611	0.74297873333137	0.403875323010494	-1.09609971976489	-0.570487889182377	0.265230638703778	-2.15077337825343	-1.11393569805866	-0.726592677333333	-0.286173260911551	0.0548068383055226	-0.163095103447211	-1.18442564250195	-0.128195653460296	0.383053331057521	-0.0557519755768022	-1.0436844496321	-2.59191644499171	0.263429537306811	-0.18320638586692	0.73988828791192	1.36759888198498	0.242757160295902	1.21904029086732	0.84799132960586	-0.431947773575341	-1.73591206463638	-0.547640452193147	1.26845720001879	0.00343248184901877	-0.891460134084636	-0.129085041939944	-0.602867006237283	-0.719976955316637	-1.19956432272147	-0.12010353622679
-1.04997956348957	0.807654054514915	-0.0168386989290475	-0.422357378617815	-0.414583573077219	-0.38715063719271	0.468194043624696	0.150723129294588	-0.685696459163291	-0.80403739140257	0.416170002911365	0.536344664537401	-0.498572819391167	-0.0827217934193876	1.5443901387144	2.37490760890712	-0.592931259327013	0.622395897320267	-0.63049194644434	-0.359310253033275	-0.105032407486541	0.536914709694662	0.291896330610831	0.115552224978154	-0.50216525851829	-1.31604845990569	0.231430165924581	0.910117381866145	1.82819780713416	1.20914517556162	0.316909449121972	0.677597596264393	-0.704693336872747	0.496368350031921	-0.231249737591946	-0.237117644880211	-0.270832766522375	-0.541632799165865	-0.160806245620491	-1.20396123431566	0.224851386776978	0.0478433553649946	0.649796924002212	0.712093262187599	-0.0627944265979908	0.795583942350919	-0.024378166459877	0.155739689702095	-0.73194206174133	0.819334122291808	-0.963601071202387	-1.31082721141718	-0.163148484692181	1.1191320532836	1.66496247123998	0.303172831867778	0.870280467743341	-0.864968854332385	0.580305833819637	-0.412079356055425	-0.50689481109328	-1.66467517036155	0.599744091514845	0.233465426430268	0.175995748113169	0.750200631941238	-0.883631515724741	0.378186801923009	1.03979161646208	-0.313074689141435	-0.820067268235686	0.0787258544361653	0.468301601782985	-0.329107533906602	0.850055672653266	-0.498564718126833	1.73987781294943	0.902781502720557	0.932723584273748	0.609776741680803	-0.290992555923823	-0.108053260123546	0.645506292038871	-0.525741872461573	0.503298956172086	0.875140056912507	0.69828533523087	-1.16932604624265	-1.66491199694431	-0.84032640931585
-0.184018804598084	0.820526795012853	-0.43148073296431	-1.10265187040655	-0.368738303597732	0.598203031721195	0.646569046113535	-0.621233303964872	-0.208917875417288	0.120370308597748	-0.180917734886858	0.579145671812888	1.05959776315807	-0.147767127303112	0.119469912909312	-0.358929843538831	0.344787162795652	0.810584093284763	1.00081274526221	1.48542053785599	0.238014107586994	0.810182988935257	0.77413065785536	1.2223551891383	0.615428800578168	-2.22320779058572	-0.756904265573413	0.0614404934840745	0.837688547261822	0.500420718192579	-1.03384827936529	-2.43270483525686	1.84194400738035	1.25118952955251	0.227470303239096	-0.224896894598574	0.0775891311864489	-0.379269000931567	0.244019669276426	-1.10275106922875	1.12967496808974	-0.630060932132714	-0.0168165120415535	1.01343672817611	0.615581974864353	-1.86759128335687	-0.839434122967959	0.562464092794989	0.486857861103054	2.05644579271399	0.644550098583271	0.107008090052687	0.133288937412578	1.56887563004623	1.49115155202813	-0.270431842682185	1.21037027555005	0.584706979625554	1.24299205730814	-0.397826097344072	0.179237074883912	0.539508928284196	0.268328884751115	0.340772754521628	-0.976343874969778	-0.761115515570219	0.41225410548681	1.14264202844889	0.238979737051398	0.648039368136045	0.420354347531528	-0.115297735493408	0.151815988450057	0.840207170059624	0.767928561816584	-0.308055509850137	1.0823699933516	-0.00199805234557609	0.282358687868603	-0.153174962369437	-0.169525712204915	0.0109165204401548	-0.731877180972961	0.930831086221104	-0.48149300563536	0.107807990689764	0.610769322712986	-0.902972899094674	-2.13333442494968	-1.45018091274398
-0.108729265830172	0.0406620925190309	-0.618398804046794	0.68593259868136	0.480724666602266	-0.0495123087105479	-1.22005360778377	0.385735779130189	0.0908273244428774	-0.07270565681343	-0.428249637647912	-0.144402691590409	0.803580675742083	0.315563489921545	0.465753852769396	0.829898252358099	0.558532769685403	1.2493903890154	0.267553672260786	0.854365727655064	-0.550147983466501	0.991609948453509	0.2020860999444	-0.285696703790304	-0.83116115132898	-0.0931449759005038	0.392464360958887	0.290692194458645	-0.166719374628401	1.27693069716413	1.66959379577568	0.919329638956154	0.513496536758577	1.73157659878185	1.05740871924752	-0.0930729194378756	0.569584074363646	0.454595234406263	-0.116726102732626	0.413655752710254	0.92912290490146	1.26837748008775	0.606470231237063	-0.953125555581614	0.450843124984198	0.756607528972866	1.71151174685126	0.0457315305153576	-0.0304944416202317	-1.39119599309048	2.06634203806621	0.625918491139891	-0.872099788960603	-1.1800123522653	0.626194350739833	-0.676757910075727	-1.09457283457966	-0.874784401791472	-0.718205942148335	-0.138938156043713	0.866053823376532	-0.627428114463096	-0.0623816977027679	0.697809623523288	0.679807777243891	0.322922136486359	-0.494695244565685	-0.890653234877854	0.295205682832539	-0.168099014598932	-2.31574809936046	-0.48847212066662	0.20135933150732	1.13133463687058	0.43045562516453	-0.0770710398567628	-0.812376393562228	-0.742708668552274	0.397784918771634	0.303850990455162	1.03487630510334	-0.749799806966923	0.692119070530985	-1.02510493819198	0.35686995212699	-0.809985269901313	-1.09221897592351	0.234526338657458	0.900517386855822	-0.221513680340322
1.21469954958687	-1.56482529866458	-1.8107493685085	-0.706751074976812	0.743304340806133	0.579733673415859	-0.767847983032963	-1.9467705664185	-1.3187388924562	-2.14653406537723	0.0467715032954405	-1.10196325843851	1.11557103898496	-0.538545898420038	-0.263410576484079	-0.0047538620283056	-0.872301198094784	0.317023921699043	-1.12830778712983	-1.43310248718267	-0.280231017667201	-1.35451822817628	-0.417079301523479	0.967003978380683	-1.1771604855184	-0.647741773571891	0.60145075225903	1.05945540689641	1.99745222390956	-0.434680777199389	-0.136933709245435	0.52291358282751	1.04761059911867	-0.709578297844811	1.25173912454832	-2.04318527706002	-1.05614880534994	-1.0155554077654	-0.251805671990903	-0.655451635499883	1.58216175524826	1.76785400747021	0.864502399723892	-1.8133631350461	0.264844207287198	0.97651550506575	0.300059800470002	-0.17943660998852	0.508859482071423	1.9361328435856	-1.72563026937727	-1.35165372331617	-1.25493138678835	-0.17223798346032	0.153889293689697	-0.736260610280416	-0.361715657070723	1.14428079057858	-0.665673895890913	0.947557199620683	1.27830168958212	1.88407755280338	0.873781254304937	-0.755592090957109	0.0689891049048725	0.974574728387552	-0.690752269202037	-0.203721557129535	-0.540888746859352	-1.0906708458746	0.550193715191954	-0.367818258102877	-0.355847453657389	0.0133783883094682	-1.10789941484923	-2.58009528267449	-0.92736587454811	-0.232865607403516	0.460568135655626	-0.915903660785344	1.24695974626282	-1.00236739954022	1.55671602066705	-0.0547263270886764	0.507170500670755	1.24964527100531	-0.318659260591684	-0.96153991409918	0.324947224109241	0.427702668996036
-0.0903694634986477	-0.167445936215579	0.0904991693783205	-0.06440198291582	0.659092429437355	-0.400211204224293	-0.424335374107214	2.18048940174155	-0.0020704549753851	-1.20779721579283	0.374605857658611	-0.182841663205561	-0.131095265022178	1.65527823708469	0.836077309245627	0.910437544143327	-1.12148684241656	-0.861544381304257	0.243007789832558	1.065035765486	-1.17964373111202	-1.35263229940653	1.4051667565683	-0.966113748504845	-1.33977317992635	1.13596665402429	0.948394525031363	0.0527880319120569	0.704438900213269	-0.161177810279532	0.649503960485949	-0.769920653105596	-1.05402521101418	1.25146282930026	-1.06674788538345	-0.44619963584207	0.157956202081215	0.955995733575151	0.685248049021834	-0.406853303677591	-1.3327369404165	-0.912619754495065	-0.600878548478405	2.56012299545796	0.858686645169369	-0.876850551937724	-1.71561591677449	1.00275195127437	0.569079192883833	0.332842492536301	0.71164303368126	-0.650653756690736	-0.453149615542633	1.19281533451074	1.78694543573933	0.326240106737231	0.56295369144042	0.224245278181237	2.05360409175145	1.72162393322463	0.226321057359699	-2.01584237512875	0.813103722083689	-0.570005168135726	-1.52758010045022	1.64273656903849	0.238027496805256	0.912307808642348	-0.194287551755219	-0.187079956485334	0.185044667145839	-1.71835085557528	-1.31450956726431	-0.9847134071502	-0.440366411880181	-1.33571348039838	0.128431583103039	-0.926207108744599	0.632825401184692	0.989482659579045	-0.0188746720935984	-0.386305447673752	0.476683103992688	-0.432540659475135	0.866267032843709	1.25727888290219	-1.0642595605481	0.731380537064259	-1.04441517336814	-1.11416296770469
-2.48206922564537	0.123632156928164	0.410217977813574	-0.427409038165724	0.911949020440623	1.9659068898479	-0.728498841456331	-0.601227961059438	-1.65506161796127	-0.719057268756728	-0.307804983734756	-0.424942022938154	-0.302477169499369	-0.64667879635267	1.19365394748837	-0.346712039313819	-0.346960011315833	-0.283090959100782	-0.63025668106121	0.131386626170881	-1.15809604233612	-1.04512178873345	0.766643763519792	-1.69180068210397	-0.469448125243412	0.263404036924093	0.431045935531266	0.527510566207872	-1.16405532016479	0.441419488891898	-1.07959143653896	0.916409923937424	1.22594283693782	0.902470628389823	0.508800464636767	1.89949125814655	2.33212005667622	1.08695136745308	-1.70278689710735	-1.73077058720658	-0.70408769210516	0.970123644025583	-0.0718758554396279	-1.62508987155275	-1.52051672463248	0.618488383734031	0.275494862536978	-0.629613946555705	0.215559514239316	-0.27248030668542	0.888921723959711	-2.33902211343144	-1.51055121790574	-0.504688475223356	0.0765156254907832	0.577146406026864	-0.939581753440294	-0.465124429670997	-1.20875246690408	-0.54412206425557	-0.0218185667374307	1.16319760946592	0.581299353134677	0.12940216031102	-0.448998028850743	-1.69214194804039	0.502250171335727	-0.954693798349649	0.528009429118649	-2.72421312510394	-1.53512770047568	-0.584281391165048	-0.839015849916904	0.433156854880343	-0.826552841698518	0.295935035248074	0.295590833748436	0.799060805998801	-0.360421763681448	-0.497952184987575	-0.0560004416328752	-2.66748050721664	-0.0770884430008553	-0.383222535164013	-2.24080723113368	-0.883364081708758	0.874717298866558	0.30540687014416	0.957289638849704	-0.115159769196882
0.97154150714002	1.439374474745	-0.299599035500229	-1.22291213813044	-0.954009196599721	0.535554683262997	-0.676350116623439	0.396882728212535	-0.949384335262477	-0.574987557999378	0.536930500820019	0.159526419417176	1.4287675602856	-0.97543611772221	1.90649979691209	1.97287692834879	-1.81949859833014	-0.620317061759497	0.144713396446928	1.08635172665311	1.23495778770361	-0.597123186256275	-0.998856334165184	0.251359800679354	-0.575968676307498	1.53297384313517	-0.536840043490418	-0.469070049101583	-0.55108453925818	0.73980061177869	1.50152213838007	0.944687529466469	-0.4260262835682	-0.0311518100026062	-0.569047698248071	-1.66954182838488	-1.79242737976757	-1.54115206748314	1.15528566490496	1.28647300057976	0.787339737078781	-0.545686998986656	-0.244583382469438	-1.09410721565867	-1.27289008481376	0.606063746132926	0.0025714323639752	0.135989116293541	0.460299928498654	0.51131285634717	1.6405709062496	-0.199915024720908	-1.14429076113195	-0.278572970890014	-0.524448189738114	-2.87593137058283	-0.0895964785174813	0.732648032661539	-0.909417814066297	-0.444711725786811	0.87986530843664	-0.306687412738021	-2.26347369094394	-1.04288248212537	-0.267693801389276	0.0616447270338977	0.422264756718962	-1.12934003316526	0.598503678141926	-0.304982674128391	0.993476827351414	0.131111262443166	-1.03768007727177	-0.028136557030325	0.430063895847302	0.563944155422259	0.215975815168798	1.29711516435975	0.26467230394551	0.0233023712755319	-0.159083045487778	1.29539439081179	-0.444831591223736	0.701599393468622	0.725686076177811	0.393515548884229	0.826149551414648	0.542865927249403	0.202457230530239	1.17675902682878
-0.0967262781285357	-0.0130959537956229	-0.631886100872558	-0.373486844252185	0.974251116944031	0.755356636415593	0.295343660635174	-0.970290533750027	0.786396728557772	-0.783103438591378	-0.0415329782863171	0.0139902099844413	1.03843953211301	-0.387553335312235	0.30362574261888	1.32616700506912	-0.848117971073454	0.834232446910035	-1.37415899284786	-1.02718567740462	-0.660559568446465	1.11360624280023	0.487932115615106	1.17171561249886	-0.266744515554197	-0.987476463185857	1.18689894650335	-1.05503857161688	0.741339187433998	0.430441941817542	-0.955451202117036	-0.0629996767126487	-1.03953318312008	0.229889212760707	-1.10192487970065	-0.00649402723574906	-0.043841520791346	1.00176366495651	-0.188239934675478	0.0485836149922026	0.184906774531588	-0.726635111738213	-0.828558501090094	-0.150732146135256	-0.01616605693768	0.406927141597687	-0.362835527975829	-0.350559974442766	0.706046128882269	-0.238011966848031	-0.536337675554377	-0.668564741038346	-0.548960482014066	-0.0598933515556327	0.294384304285449	-1.28281541425562	-0.222927539760777	0.236411656864993	0.454037576247267	0.513754900403024	0.892281914697451	1.11505548097873	0.285580773919037	1.1153238756131	1.43965516986468	1.45713742383641	-0.451900370428497	0.446630324575505	0.0775154392667112	-0.077015691439925	0.481741760313441	-0.275124098167743	0.35110480715931	-0.572068915105179	0.568567845443468	0.799969739573219	1.19274448107955	0.241757789259655	-0.466329384802113	-0.293485308643282	-0.664313933226493	1.01827383436394	0.383210967728992	0.862662548981851	0.828690742396261	0.131536319078669	-0.794391079349486	-1.08245015102661	-1.59840309750846	0.198446978767183
0.730693780454816	-0.77194004093802	-1.31131275155633	-0.74435318229168	-0.412717711984475	0.892234390634326	1.41645511849685	-0.796496599938082	0.430297166457105	1.60238014519897	-1.73675854681864	-0.575816697727737	-0.361370639950442	0.486739682060274	-0.840343910531049	-1.04075672192608	-1.12291934804655	1.05055184670261	-1.07390124106231	-1.05958234833508	0.606062318997121	0.725459289703677	0.875735205879749	-0.321530600754638	1.91661009917252	-1.29544276868544	-0.161953029232385	-0.690659970957689	-1.89106590297975	-0.644959023222418	-0.525795585056289	1.0055364503939	1.07188848807235	-1.10486109165438	0.378016423611355	0.121308078267253	0.827343002302759	0.254174343977524	0.205588385532687	0.419952591280309	0.856538295016981	0.254385057238125	-0.258599316519006	0.0584300081252616	-0.356761526589076	0.949164703272701	1.44346410793501	-0.94888070828214	1.25656592623489	-0.252741722845951	-1.78618942729329	1.1986633368017	-1.29252737177137	-1.32127118281077	-1.51955659758145	-0.564323821735757	-1.77767485558967	0.712875437862062	0.602692454577013	0.220647567918078	0.204290015683519	1.03495178310432	-0.827516307328965	1.45406521979936	0.357459516721933	-0.170638961909592	0.482850738566229	-0.242396317081226	-0.506520331416939	-2.56770356163598	0.571307879867608	-0.860453142602505	0.784745987353827	0.0324363281321406	-0.296394205327541	-0.301654887603432	-0.390330970994784	0.329471638246009	0.196299087941645	0.0660400673595468	1.15702311376694	-1.63514371199439	-1.64865580729206	0.34016072582862	-0.652705901939047	-0.503796509282426	-0.0466995837518118	-1.18569566061007	-0.489959477695599	0.659292370874348
0.0524396532194299	1.5180047110025	0.291844381951154	-0.400592430464747	-1.48961575158315	-1.03855102711865	-0.321993390756518	0.973177050002235	-1.94687449299596	-1.16964174653078	-0.519769411469583	-1.32082644965343	-0.138727347065367	-2.29248603123838	0.181270514231877	0.194938616619502	-1.17218883251327	-0.689411087835305	-0.125347332503729	-0.839327664981983	-0.573220224758641	-0.852444526143631	-0.799022812940115	0.0839103796702495	-0.19665269644766	1.82214657554875	-1.13414161750969	0.919573937415	1.33630000314619	1.35815213799955	0.170934465738933	-0.209746073988081	-0.796545927477165	-0.688197441511916	-0.200993308202679	-0.183920899128936	-0.947499573719312	-0.17979510379192	-1.26257421952236	-0.569279386932321	0.184416249532966	0.884147703910486	0.361225256862567	0.327959847139642	-0.578364121251733	-0.000649201991353673	-1.40083976083376	-0.959836904322197	0.52100514919151	1.05328854361118	1.83905730306755	-1.7865193685365	-0.76246265607366	-0.572094574664277	-1.11587951265111	0.548099477609794	-0.00797997589179062	0.811768091232075	0.570376484504345	0.80997414016812	0.46288272439299	0.0874928730816202	0.997482387280279	0.823329444975554	-0.888386721108416	0.712093847941385	-0.158966479752576	0.363941962463419	1.08990427585905	0.794573296889889	1.48377890967866	-0.431786337574687	0.015774348503347	-0.244008611208314	1.08704946599358	0.361556296086565	-0.931104338182507	1.31887883880064	-0.81211282726661	-1.72070429841784	-0.408748095434733	0.774481557629704	-1.14832576050668	0.758301365274509	-0.960710840087864	1.05871363213848	1.00654100143973	2.10965745470032	1.88968962571945	1.04855577432503
0.64348972122201	-1.45640097405016	-0.761073843901543	0.280517703640638	-1.15921050137584	0.10806402282794	-0.519832733417413	0.361509780982667	-0.208235206043208	-1.08814282608992	-1.84402603386804	-0.921136295681011	-0.215609109858675	-2.18651873333905	-0.476735315938058	-0.63328429537818	-1.8665116682432	0.414849890776503	-0.587937190540409	-0.425057197910374	-2.40344872167453	-0.464298434488161	0.111174321742151	-2.22675666997397	-0.0743062349333924	1.84279891006292	0.250945675481744	0.193747341096279	-0.744134833275774	-1.30055427758929	0.992219730258867	1.06074319806403	-0.273279205461102	-0.0987958420638388	1.50384452984518	0.016510693464944	1.41602050747871	0.802919710948252	-0.409269885352694	-1.99036666084223	-0.396808218799622	0.0380634177063319	2.00699899286704	-0.829413571922387	-1.04565384153784	1.86142776644533	2.75280291188765	0.265586623541269	0.79129413986105	-1.25134011120495	0.406786460427741	-0.136479431769256	-2.2635502745785	-1.95258827138275	0.529057023472494	-0.693915892010579	-0.898637843093809	-0.309069952187459	-1.1935554195505	0.215829928133112	-0.564968675264021	-0.511720149502274	-0.0931199570360797	-0.630660675612416	-1.22385569235766	-0.0634110583241489	0.873717571527078	-1.29145608951123	-0.49288592813614	-0.907877630039168	-1.161846247307	-2.42896114019766	-0.844954364720187	-0.231914624233093	0.0457072679894975	-0.750713764232502	1.36427529452796	2.02841821896446	0.22361183726375	-0.415867141708741	0.424663223389328	-0.0704167936586972	-1.56114620445887	0.485104062580363	0.75195182173739	-0.168579481720808	1.31885773943456	0.0325340844164819	0.262147750220206	-1.14450896311328
-2.01088469235593	-0.510147506538608	0.432503543294805	-0.438477992938469	0.24903089280301	-1.08822418440458	-1.32250484143265	0.158626738145552	1.55783076374781	-0.769477493758429	0.689391932547588	0.569292054462008	1.12163794255966	1.65551698828757	-0.908382300972736	-0.0468479061041089	1.79849682858291	0.179082559628431	-0.0705516353692273	-1.46251427740469	-0.438653513043912	0.148596599353126	-0.815657223368758	-0.375668769445315	-1.3720366977133	-0.0423333937366288	-0.0919785056640547	1.58945868632421	1.09842020504321	-0.833831898851109	-2.00872872904975	1.84766019249358	-1.09701575409317	-2.24985775641172	2.14168864684771	-0.0461543355185647	-1.24655167456702	-1.27581184053716	0.642878397590126	-0.995516466007294	2.00066779217349	2.46268291921271	1.0076357598367	0.568177317623804	1.1809945056512	0.96185451343016	1.79271555596989	0.900793987475536	0.711882841131659	0.466286825878172	-0.520681798751328	0.58129694701976	2.29302827476449	-0.103180747351364	-0.692013153148692	0.768878284336306	0.764707548188082	-2.01964241963597	-0.0340532423150142	-1.16542183197137	0.794394755234449	0.274865322325439	0.780468821048524	-0.154406316807206	1.01119334777041	-0.305214140647665	-1.01674051577716	-0.432427583332934	-0.457306346004312	0.87080900752183	0.288405142216621	-1.48061862886499	0.959870307517954	-0.469381830750652	-0.614055466785281	-0.520372222846081	-0.833303027780716	-0.629002733848586	0.619129663428882	-0.44643217398059	3.8922748489272	0.291644462664748	0.60817632394365	-0.405577723410362	1.4124359848618	0.830191438301448	-0.766489370529915	-1.30255858570669	-1.02145204511429	-2.30973843974826
0.0362518800656752	0.855958068166874	2.45656381678662	-0.452090663887867	0.369241978581945	0.941980773316803	1.57675169530092	-0.412973188966307	-0.092577706095727	1.3267397175139	0.926087625862784	0.579667485252056	-0.405068547590258	0.101571021203559	-0.665111862335296	-0.398137800140475	0.164576187836167	1.76156205551404	0.584990838223601	0.124131927979972	0.753214275274938	0.79207216890437	-0.416583001213623	-0.765328547898197	1.29646314453235	-0.597132049269468	1.25392526024081	-0.811098017834617	0.059294576002388	1.0954003625084	-0.723675585071883	-0.60182409737078	0.435800679370378	-0.270439713363484	-0.560127611929812	1.70779632854446	0.200832184302991	-0.762267893475418	-0.823812743118826	-1.25095938366586	-0.102378474357939	-1.2953089177309	-0.941529716491583	-0.0733741902516514	0.0343576224928197	-0.701040330524078	0.408089852066794	0.295308190381891	-0.220012241052145	0.268595039537701	0.0973179136503234	-0.0340617809032047	0.031662353839061	0.0261192788944756	0.0198773486502797	-1.00167662453465	0.566794000339797	-0.671328465009905	-0.708531848150065	0.564659596719831	0.207197991129226	1.65329160095714	1.88346417042933	1.76852327106468	-0.328333863291721	0.591909511454131	-0.817257885456651	-0.140197210957734	-0.421732098187181	0.0214661760454418	-0.624964435069839	1.05215082118466	0.489284370972359	-1.0635223533811	0.550102582752257	-1.29814236656615	1.35550366707232	0.569147835553334	0.36916189067666	0.564255054738503	-0.359165828785821	-0.421638524312414	1.05680422433279	-0.216919865439738	-0.268651598625418	-0.261470159060022	-0.327780297446344	0.0911737775960821	-1.1412851233708	-1.54971710865228
0.216904747352795	1.17828532128929	2.11979563182615	-0.833651284770392	-0.859675062276244	-0.580121801223434	1.1350444376161	0.74695843307628	0.863490657055126	1.30828527814272	0.902772291498044	1.44376383036585	-0.232236928271961	0.832528659121819	-0.376605613688496	-0.581012426485125	1.01842431085954	1.54029643715772	0.24136594464757	-0.0440122636753149	0.491633387771103	1.60585524932411	-0.427314368681841	1.6727840972191	1.2555815271627	1.50654396741864	-1.58831483531896	-2.1248945164102	-2.08929538972803	1.0675176574077	0.232454799381621	-0.640655725947623	0.0786299380868544	-0.0779864538446623	0.174496043916431	0.791447905046381	-0.143048368077555	0.196921759343161	0.1258827041396	0.996151148039885	0.786804918934565	-0.262701865483056	-0.312268152943466	-0.134253504366601	-0.366660499834045	-0.480511334516015	0.216265057198786	-0.298088633874524	0.740779478999035	-1.24766195482422	1.0473835260858	1.37932775389287	1.74355843221985	1.52393259939222	0.793322978366956	-0.91110125484124	0.294055745774483	1.12202903697169	0.82003564443646	-0.984217743107458	0.249851504061911	-0.159810687798089	-3.53776830925551	0.538670656154376	0.621206504464102	-1.07463765898839	0.202300767942447	0.883638241266094	-0.340057258324143	2.34696233087977	1.97545252061361	0.219920186606296	1.19085022620375	0.536361027005004	-0.764861500807659	0.0298790845858561	-1.3547674592221	0.367561868843718	-0.702193596291492	-0.4115263750825	0.0576587131791674	1.82744720277586	0.607545074226229	0.631412699560907	0.6296286192291	-0.675720022715158	1.12691349687146	-0.029686986173908	1.06401906289539	0.571894221656828
0.467309584115025	-0.829754687288274	0.218520827459043	-0.339844746493948	-0.179203747899425	0.935382126711222	-1.27034550674372	-0.307799539695051	-0.264675736300301	0.512928244476778	-0.645299839874249	0.0897942809947783	0.735638986772941	0.129753738649752	-0.207282055965084	-0.326934657689535	1.33625612527587	1.24376883318413	1.63980690117966	2.17713842497423	-0.984545805037518	1.31595136990751	-0.216762819141047	1.34689500954847	-0.248146095174701	1.4446740313773	0.430230799325176	-1.19455225452108	0.027712958028609	-1.1477390916656	-0.127423256839948	-0.155966350048639	1.43357830804774	0.273733774614338	0.0474414948200956	2.24812198442874	1.70295255222973	1.21386953201438	-0.190511722597592	0.00199418347339901	-0.329729665450974	-0.0726246260714423	-0.0592247980631574	-0.372856447423342	-0.172144455174022	0.0239429079082627	0.990254937351864	-0.646475344889642	0.64310289391786	-0.391210407916434	1.4048723172463	0.78558632460999	0.703424614854845	-0.00087321914991905	0.629797803692152	-0.420944939335053	-1.40103681754353	-0.234513212844582	-0.347840717799972	-0.726310469148382	0.253346858761942	-0.125062726414358	-0.614560738242205	0.259531336361335	2.30452176876608	-0.749759429246569	0.722771271117214	-0.322856314224164	-1.11237750976262	0.163250133312859	-0.569000603456168	-1.36686331444856	0.917358683911035	2.41090770520143	-1.25797455544315	-0.187399664134789	0.0655206635408007	0.809213474543136	-0.428433233437679	-0.474556826458242	-0.756577141080562	0.604276811469859	-0.819925075573435	0.326123230333753	0.408843387416731	-0.622293669600337	0.154775460934949	0.327839228138262	0.00462815184102041	0.371316444401738
0.526341260829963	0.349837196415115	0.276578418945802	-0.805311798314222	1.09852203934666	1.42873186962346	-2.11411631111982	-0.36952799585618	-0.0627329391200919	-2.31933272893539	0.472998454560366	0.238774112720511	-2.11609705208725	-0.193583240538662	0.791238209849217	1.16515294613294	0.921757617052064	2.22965720921077	0.18712359502031	-0.507453342711162	-1.24222158022046	0.750219819978762	-0.37095863626406	-0.437086530229418	-2.56637706872571	-0.43775502083267	0.62342195019692	0.327828929984047	0.530848343525998	0.332630654251257	0.798798213289615	0.124232629176365	-0.800233449062389	-2.58734738985004	-0.734224611654311	0.0468411702169679	0.131014282671808	-1.03659271677473	0.381988860866403	-0.777153583244996	1.28679104036884	-1.03500449688287	1.69934897355577	-0.765612942788756	0.00559795932971496	1.54309288138315	1.50050693785564	1.66466955316119	0.805448271154336	-0.211577690601004	0.113891896200332	-0.484717256569705	1.23266501840227	-1.26437178190732	-0.820979464166745	-0.448877316885911	-1.46228879934376	-0.538102319599422	-0.832423525222464	-0.679472843059436	-0.121561177339771	2.29945202022548	0.31943553770615	0.409701482556681	-1.29051590441069	-0.0492177166179893	-0.405847746984894	-0.0197741199586176	-2.20681174014621	-0.661069286614262	-0.303464200588568	-0.54096838535209	0.516531563125659	-0.574063066868593	-0.926074990789878	-0.204716852696464	0.622201106391685	0.475873312705895	0.878773987375635	0.893193498197722	-0.769319103777814	1.33708492999031	0.428660376424594	0.950266030143116	0.548164131854451	0.230595298659099	0.590268313289268	-0.623252537778765	-0.222153421498517	-0.647067085779683
0.341121053386374	-0.383895787166714	-0.250318388857503	-0.115154834992013	-1.36346303058587	-0.68500792817625	0.705273697077643	0.66961877296072	0.884639667359426	0.879298249936604	-0.0970664573347888	0.606093754909479	-1.37425843143916	1.16199758774777	-1.02697302825765	-0.752389034172761	2.2029564989316	-0.668858355903545	-0.664061926191221	-1.36448375079547	0.494388674617615	-0.314930444541518	-0.0167864165073142	-0.159690840236928	0.00882663219844963	-1.40153166736122	-1.05917331758843	-0.926101621410521	-0.628823346990277	-0.930290443076527	-0.709809111335736	-0.721552162081461	-1.63256996940913	-0.633127562732111	-0.743560447119134	-0.293955080236716	-0.000185245306397184	-0.668415921931165	0.6025445632544	0.897225445862539	-0.906133489204824	-0.172838705365666	-0.740370681298564	2.09941298461289	1.64155549039234	-0.860359721189461	-2.10150789324828	0.401263266614605	1.79021278984486	-0.49442785219461	-1.24577662644116	-0.360186549245684	2.06578234731573	-0.34667566813129	-0.61135927544168	-0.237754937957409	-0.321204246788368	-0.318971477185511	2.10103325455375	1.18058343363421	-0.663604946352086	0.344927080149288	-1.01437883477212	0.336945167403221	-1.93318542117261	1.03559306023675	-0.183830854387702	1.81649933396278	-0.541213908061491	0.269516737084154	0.170463547058711	0.475972868662695	-2.84651995151722	-2.70046892394879	0.0854869642291066	-1.41686867029371	-0.463399544412686	0.856113982049701	-0.843137719966597	-0.0296769942879078	-2.04366423669423	0.283806552738642	-0.534490927606327	1.40538468946789	0.846677186084858	0.835984923351091	0.465444922615867	0.393495463591691	-0.00976857506826341	1.60165511418536
0.851063436893709	0.504589978508865	-0.17118735076704	-1.4674004201634	0.889787758786531	0.0790017534162619	-2.11937047416485	0.000587964024928516	-1.06149321460872	-1.28377542384671	0.0827156605393408	1.00945053968845	-0.741584351599939	-0.763293696351101	-0.777508867123083	-1.42432994357553	0.0798167189828828	-0.113261004710166	0.684840182758624	0.910057780851625	0.707306617856094	0.671995028153621	-0.222323226860393	-0.0785531936655749	-1.71221158114891	1.04333546455172	0.0292644608483413	0.410298534965957	-0.347414039045711	1.01800418944202	1.78754346528369	-0.181041258543447	-0.232963374067677	-0.0723889872958958	2.71708089827041	-0.013724071898789	-0.140455956638181	-1.26760626258459	1.06440771726789	0.402604967797951	0.643001322637844	2.14948518037645	-0.753332028329732	-0.404870782968391	-0.910747947013732	-0.678286746531293	-0.947283404564009	0.141388791745706	0.339383632310214	0.856727869784492	0.285048429149058	0.298108872681715	-0.807233710875056	-0.697731146668383	-0.369725837175028	-1.13300272765365	0.0446353003656628	0.0320023304217336	-1.41481775314974	0.563946278516958	-0.555677358740577	-1.35750332863189	0.638634427549418	0.0665796564701671	0.22930220748918	-0.303921957748734	-1.01159068726489	-0.868782576149535	-0.121426967746965	-0.136019306846626	-0.6533446866054	-0.317440638011516	-1.19830247114545	-0.0120842567645834	-1.06229101856699	-0.547515937582206	-1.28982929187764	-0.571442229949803	1.96818723918745	0.925192544198116	2.05146153700942	0.0326959017129157	0.454364408774988	-0.133343436613601	-1.2848209951411	-1.03279321284918	-0.309520477543153	0.628104366025585	1.57344524015811	0.768650406081025
-0.0355929171705804	1.12845967490395	-0.11328429767953	-1.16644183289582	0.721017199326626	1.63846593924146	0.694661620657664	0.68677374325707	1.72184139327991	0.477714798739069	-0.74316847148836	-1.21264664462141	0.367790626196119	-1.05195727805316	0.373874450468284	0.594275310685743	0.851317807929169	-1.43647673134407	-3.07421460210328	-1.59227473428278	1.10641870625674	-0.853186793378368	0.624260993011092	1.3345723120849	0.307870997383722	1.79810986548065	-0.548692282093096	-0.97203950658255	0.217715235361804	1.41523242634591	2.5850303526605	-0.0913407918878578	-0.276018049466888	0.0499585086312971	0.871773740643096	0.640156814195604	1.39743570611284	0.999505648604508	1.15207443976918	1.76955999982174	0.346537228285696	0.708336726407101	-1.41424948357218	-0.216798887410253	-1.23616816107088	-0.213111011177454	-0.533377198872089	0.730634383212897	-0.993236728908064	0.87153968473742	1.23009487824599	1.18743401076999	0.834454496991882	0.520523001530776	0.291584738811182	-1.19985441344081	1.02862057631976	-0.368207389616975	0.66103492561504	0.424985052166012	0.833791964883006	0.450752365461638	0.0425740652488916	-0.286892247652534	-0.283283550695305	0.630614428689528	1.06982562323213	1.65025142048397	0.484452818644654	0.752692194441532	0.781113011287708	1.07041307232677	-0.716410603030602	1.47275589104902	-0.321569139663351	0.0642350513586311	-1.05447971052923	-1.20445755914045	0.247613760963757	0.0265789505811127	-0.674373286368046	0.133635192625044	-0.869083391018628	-0.535519276555722	0.0693676985931665	0.830863200699868	-0.421565344738552	1.56300887928835	1.25832160969552	0.333327679315357
-1.33848666203825	-0.793299872743574	-0.255816111317145	-0.558459876045771	1.45681814482046	-1.39019213282232	1.21118970160619	-0.374994519393104	0.125277956303243	0.927188543737749	-0.362865672490386	-0.0604193625089813	0.224311089806919	0.172960320121479	0.924594318487915	0.896324203647267	0.968897294283111	-0.045650433051541	-0.96088928465732	-2.06627782230208	-0.425040612903728	-0.983481803910686	-0.420331564948881	-0.469726058280802	0.993045777643089	0.546884389830255	0.890879156400518	-1.41860232389819	-0.201537874094603	0.699505250473443	-0.0780740885286085	-0.163134989281978	-1.87396005244079	-0.679370040947026	0.16773500817456	-1.40123542845016	-1.37418883153804	-0.833720348176215	0.12451246157787	0.106322745329068	-0.913456064694518	0.0901418917501339	-0.421789934903435	0.0491969745944267	-1.62111892841306	0.167472355464767	-1.4627252596574	-0.135774114674578	-0.772520976775938	0.0763324965879324	0.164767066937992	0.475267727219898	1.16352705584801	0.105296188744652	-1.02716509988948	-1.40206133674959	-0.256850006305124	-1.37068438761813	0.281690935742731	-0.222492438586304	0.201647995726872	0.470919344216995	-0.781257316589677	0.23914639562472	0.00910574665696748	-0.033517718077069	-1.15176271772991	0.346946227754012	0.488957486091781	0.909666107998569	-0.0834197187828777	-1.31207164606964	-0.81760930576411	-3.1359942414952	-0.15216581861252	0.628181555807014	0.177524203716923	0.210872484244844	-0.153123979839838	-0.203860416087495	-0.255602727734435	0.265025022592436	1.23492569537224	-0.116131306089311	-0.0645608719882034	-0.523107995074844	0.975328951749948	0.512976656957076	1.76459000587345	0.33520650945001
0.335942712444076	-0.300610772139887	-0.236961863211221	-0.23792822728978	-0.197656701946763	-1.5976839914008	0.554522647204679	-0.141641834185654	0.333695343980663	0.836411880471516	-0.979131035698833	-0.533117460553762	-0.094138414992268	-1.57519194127677	-0.883915834759561	-0.186972879767652	1.07339762061109	1.39983649136765	1.4513097903495	2.17735331585651	1.2980100320473	-0.376137569758363	-0.892932972580639	-0.96167634639296	0.752945800270646	0.669486794872947	0.37035365111538	0.869941184421171	-0.770964356281876	-0.485752510948272	0.264750130176994	1.45141967349003	1.84135674712131	1.36421917329425	0.782046553079105	-1.54694737324782	-2.00065941267259	-0.654307577278313	0.91838332516718	1.14223851369282	-1.89423676099225	0.369114064825949	2.00594947001448	-0.487628833803338	-0.275067302228259	1.93693262171608	2.3549417565967	0.503182245446245	1.06289938501328	-1.45745408035902	-0.877219560781465	0.64687854699513	0.795587088782746	0.46085463364193	-1.02621465345014	-1.10751514650997	-0.360084658369857	0.285132506317584	-0.971670857453819	0.358532345468357	-1.55563181370226	-2.42530599460177	-1.56036515887102	-0.965250266497954	0.498290865254368	0.792310357187039	-0.284209060690187	-0.763420148243234	-0.825705933514107	0.460714603792686	0.139691265419754	1.76112905022063	0.562223243255035	2.00231536643663	-0.307527798992826	-0.484712195553892	0.261701933505839	0.806884180316909	0.1438207080628	0.304189786206466	0.955307080151137	0.223800718293876	-1.21234885138769	0.902964463587538	1.34630898599713	-0.18595609647863	-0.503997721857115	-0.126749915875963	0.582896646822991	0.886968534777768
-1.90115772630046	-0.890665556972265	-0.161887875894767	-0.744615521225849	0.111248295357095	1.48683835123079	-1.01117018085263	0.760496023608539	1.1461427437029	0.285393863723263	0.164648074491547	0.611569435624053	-0.231703821488386	-0.179853551888012	-1.07831712115398	-0.847130771322202	0.365843079440581	1.13998748311164	-0.13521583904991	0.695229370587716	-0.0161036693240893	1.57413947315133	-0.994918647076765	0.298922084848044	-1.67731511764296	-0.313512128324822	0.614846369479407	-0.520457953614275	-0.719407555656724	-0.299977688759593	-1.16393816544355	-0.443714914233569	0.828717103774823	2.10861303366705	1.19726928219313	-1.24051525379696	-2.10424932554093	-1.58806828763061	0.719238712220564	-0.0274193181846459	-0.757219168192806	0.687524935707128	0.232971554656687	1.24146456055983	1.00671090092821	-0.536417334674974	0.526839631005555	0.357651245074106	-0.104870561835681	-1.1118190253476	-0.169143410596677	-0.952563803875146	-0.298058620697632	1.43509575274355	2.09095837569613	1.61379594361836	0.683051849054616	-2.70977080066799	1.22800593212132	1.0295784484862	0.0775351970255365	0.244924238022298	-2.29312974622751	1.050910745542	-0.700198478531784	0.860430931199754	-2.61076666156735	0.269789816160946	0.524343290363349	-1.23936993447585	-1.56115793284797	0.209813695299967	-0.722078830829283	-0.273083253684049	1.34396707231928	-0.591221492852059	0.336979821438416	0.291185390515479	-0.332080692678093	-0.162170496626961	0.0615236642969045	-1.8426343553563	0.99247623611971	-0.456811644061055	-0.386363754021038	-1.93301192407766	0.030150596472425	-0.962115818784706	-1.24439328163524	-1.72084770549533
-0.762553842838729	0.665947438662874	0.203809148213685	-0.223989573512013	-0.541414902535563	-0.207039062626224	-1.10204584180284	-1.18751048668517	-1.09248780630236	-1.71192023265144	-0.202206890882051	-2.68737934924712	0.708960028989974	0.786237143182388	0.320290775369436	1.06404639406075	-1.0022454427754	-0.997841940507493	-0.588471494449269	0.330782960729672	-0.218560423445188	-0.201586966975832	-1.14059412663525	-2.26600681318003	-0.654207962592393	-1.50833682300993	-0.287215339783909	1.96279186373431	1.57644076205971	0.403250136174564	-1.04449589705675	0.762327884884563	-0.534427820533798	0.431212051825043	-0.281909406143109	-0.969354447005633	-1.04456109195516	-0.369834923253781	0.692190081185242	0.12571349977148	-1.0510183550531	-0.586482449423313	1.21101416422211	-2.04169235269842	0.371645100686172	-0.0690133649027079	1.33055037224756	0.930699988523457	1.09658071643546	-0.666042942735595	0.16086341209733	-1.11061949907344	-0.741651110344826	0.239501547906441	-0.101369376372437	-0.187313918039105	0.110590284533672	-0.238201675760115	-2.5841804516469	0.797665922205533	0.785677577842158	-1.14152086390462	1.7297134280218	0.951108600946188	-0.32908627938407	1.42663555744892	0.537594048222087	-3.18606330565436	0.274561911603951	-0.458908902356022	-0.207993037139741	-0.203575011242787	-1.50867311742024	0.820702325442923	-1.53937326881306	-1.80859138067488	-0.216297091442548	0.509636043796313	-1.4637954103247	-1.64985662354688	1.2728504161259	-0.60504600029768	-0.659782911138711	0.957551751026542	-0.347918584673125	0.469749446978952	0.310731036733968	-2.1700095117375	-2.07561202573004	-1.13340661758514
-0.0766970080347139	-1.59850032591511	-0.284713872197316	-0.636777990454639	0.0912636479960932	1.13972138378957	1.17337289079857	-1.1273595911916	-0.473192463190109	0.950332963458174	0.886030619027754	-0.0598373732363904	-0.670110107015585	0.629296267880377	1.53567608928349	2.06217421691232	-1.31278148890146	-0.0414517257599857	0.589050542336015	0.64972462158039	1.83151702283501	-0.497705806650814	0.370584808840847	0.408892107835491	1.69892149762058	-0.833051098200126	-0.65256258966416	-0.702883807304584	-0.473238241582795	-1.51982106354607	-0.870382443684997	1.14232152106539	0.905797030466971	1.27483899201412	-0.91648164053709	1.23480975893395	0.839429831972881	-0.0655826371083596	-0.428771535706592	0.00707781533075806	1.18553328355276	-1.96428872614641	-0.937215463706948	-1.50478975812848	1.19242595895258	0.830045946036578	-0.303500589244766	-0.459820830902448	0.315256642502124	1.17062674570285	-0.453272589963417	0.544408183345471	-1.32637693748807	0.521171961055893	-0.0476953679482105	0.464204348622852	0.173676386432519	-0.245510685496112	-0.945055204938005	0.518966536204219	-0.0582100937027568	0.0283793148840729	-1.39230233084072	0.336142184897329	0.277911495045371	1.22164936031203	-0.516862315781469	-0.589103818788785	-0.551744959657222	0.0743537970612218	-0.374771477681794	1.09582067700585	-0.053920880877372	0.291399892893644	-0.0967919085905355	-0.184740305327487	-0.115178939783517	-0.181239041194039	0.251789057340427	-0.170856929025516	-2.44840622963859	0.200978131081584	1.50824762547869	-0.0772909003746044	0.293515616587496	1.35811552456934	0.687684581460963	-1.49562749495455	-1.28791525137145	-0.491777987129272
-0.280866832989374	-0.131800656783059	0.601114957064841	0.50083875851953	0.956612176986304	-0.72444926164409	-1.37284582044828	0.85856235599086	-0.0102858704831606	0.309570252117169	-0.137923739260813	-0.996711365702592	-0.806275863295788	-0.497487332124134	0.551401316028428	-0.343221534716563	-0.187678505871404	-2.04810933880211	0.756176585320033	-0.355006002515173	-0.252822559041272	-0.774807703994331	-0.308295871951283	-0.561479225397791	-1.0664721970663	-1.05355555787672	0.965037281184215	1.07088501860373	-0.212023005676417	-0.194586158228033	-0.142233887419838	-0.193055888964335	0.034121177840718	-0.331831023108024	1.06670820864499	-0.0930066846159113	0.676858182664457	-0.428998205331621	0.0618830064044686	0.786633967022865	-0.749397838288253	1.26173726637275	1.4521362580159	1.0493181785867	-0.416582430716822	-0.83498834079754	-0.0172770108836831	-0.73255496295843	-1.53920581602145	-0.326607918208202	-0.0135040367824978	-0.065457356289919	-0.255902165555403	0.923198429503393	0.891345033702038	0.362561230567211	0.313393201909204	-2.09712243820175	1.36761711288103	-0.884473271778768	-1.04182689455725	-0.792964721097483	-1.36076416392036	-0.919749369824606	-0.396951644525998	-1.47614670649484	0.803992219745527	0.628738207070954	-0.308813669485438	-1.02996925586558	-1.65178401415294	-0.813012916491777	-0.264924281581414	-1.48690371755647	0.0426638065261111	0.404675999794881	0.167897721535786	-0.726546394792461	-0.469732413720481	-0.668737584688517	1.99009374642327	-0.299059072643585	-0.182356677318332	-0.791577320165685	-1.33743640728918	-1.43149346915673	-0.310750065715804	0.029711443797129	0.830008858594342	0.00233073320910864
-0.928537996832806	-0.773468923082729	0.140062319754951	-1.03361679110572	1.95823690016931	-0.451145839178078	1.4946285361221	-0.153800104961519	-0.912777115930452	0.658605136023419	0.0752042455699166	0.149028713897541	1.27981080781642	-1.68755842153057	1.23803838668944	0.816826533982555	-0.647761198212269	-0.417292642523543	1.30499701845503	0.543423852843998	1.14701532503388	1.25869557725708	0.558096767024631	-0.362118829658125	1.76908645555841	0.456138194822605	2.13569263222966	-0.32234239193789	-1.43765918112225	-0.790921879362558	0.0199359976752098	-0.917908065778293	0.0918066985547561	0.189876504192495	0.340335305973015	-0.536108912998044	-0.912841241058255	-0.476916687531527	-0.504902943428895	-0.568794689630314	0.281006136076087	1.10484253950479	-0.63715539143054	-0.286434991552784	-1.04571158058319	-1.47559943734936	-0.328936126669425	0.526751693515591	0.757571529085422	-0.692724691156428	-0.362688531165037	-0.0797071766132842	-0.812058773478623	-0.360434440729257	-1.16457141571368	-1.08400642376878	-0.945598251744517	-1.20346537977958	-0.528040264228367	-0.00482083375247455	1.72768902247907	0.667802377039412	-1.10173293445233	1.80273858974764	0.877039716587567	-0.171018858639669	-0.6124325035224	-0.42262750692094	-1.16148809741335	-1.93208340614744	-0.754917141782747	1.79685797671734	1.07647706980271	1.00460257029851	-0.871771433037847	1.34909662400455	1.21367979757371	-0.135117253180493	-0.710772456630712	-1.74379674591808	0.837366859958445	-1.29883302041098	0.274151105191723	-0.320570638122042	0.0426928786245541	0.55420494444979	-0.69719765319024	0.445510288091567	-0.328305653600127	-1.54348745787403
0.536282031400553	0.974438526766558	0.88731430867055	1.09579741867619	1.19978199753889	-0.253267039429398	1.85801127038576	0.884218200025638	-1.49385281006769	1.15276272696285	1.18113433105168	-0.44765401070755	1.81993061258798	0.72660954233473	-0.536048611459987	-1.53901860906863	0.335509740164169	2.14062453630371	1.46089819957216	1.58709544928066	1.28574993973781	0.255080964455374	0.341998085836812	0.949663572619532	1.3437128843093	-0.0546625584682671	1.60241815578713	0.86087465697539	-0.49474604046859	0.449502960476278	-0.470750562286417	-0.061797068589589	1.49330621755251	1.41574741921547	-1.39972577267662	-1.3383083825655	-0.919108588348571	1.36354279803372	-0.856086154120396	0.666146947354011	1.8068567462839	-1.21834398176881	1.18058597548653	1.54609553838136	1.84309098893014	0.543840167564572	1.263685938398	-1.20556660865845	1.23122642461327	0.179264214853867	-0.783457362276897	-1.38121030915764	0.0171994800578221	-0.365973434880377	0.113572280705702	3.24212111605519	-0.237882842348302	1.32384349015574	0.764655577270387	0.294498096316583	0.91654419949081	0.120036904995298	0.844904369491402	0.783136564965643	-0.595551788082945	-0.819581278816089	2.23216996489407	0.185552879296951	-1.15359099426753	0.871797319750452	0.116995220487005	1.42364455048463	0.500600650471888	0.894412471688706	0.0441417952091252	0.149830911548653	2.31968151622379	1.54034009895145	-0.311556861598556	0.423219119488797	-1.3580162336246	-0.0342527892930983	0.579654012737106	1.83726627362805	-1.26324585785128	-0.427243004410067	0.353075575577536	-0.228014629043523	-0.0539848182664829	1.83314306420734
-1.2139526396526	0.244780571856009	-0.662296112700621	-0.891129296378209	0.0585524815415881	0.845468051030051	0.665190036814625	0.299961866641885	-1.2793241777726	0.141724614242427	1.40331654974563	0.00872766676128117	-0.908240279680782	1.20258067817052	-1.20847499295143	-1.03198192697932	-1.37742157422657	-1.23499797340739	-1.70465440617232	-1.54360783329199	0.0864936154095467	-0.926572225138854	1.22387634020668	1.16078634951582	0.431726741920186	-0.836141917681352	0.281683278794727	1.18220248665555	0.546039121626474	-0.196084334679769	-0.110718668393864	1.06102188873445	-0.0202866418676372	-0.249414406524276	1.36236701037238	-0.0888836459799273	-0.128161829916113	-0.198076553794547	-1.40173151561417	-0.234017867603187	1.29760390252467	1.10320364119517	0.825401007298864	0.964734231707687	0.129576424498625	0.537014945613896	-0.605609051570085	-0.806274175096317	-0.602279159586675	0.895859273122428	-1.20903056412292	-1.38158432758268	-1.07206909274181	0.747779082081105	0.2586868287887	0.121503202092889	-0.113268906660789	-0.289514076276939	0.804555684787696	0.15460901291439	-0.0703327121236909	1.02304052220934	0.0768939314457959	-0.403741078008945	0.576459644985652	0.0655152187310416	-0.0146824216637299	0.583829752508763	-0.0133532641141434	0.153253336708966	0.463066667265704	0.0917385197654507	1.21452392665203	0.409317132622137	-0.054195088554804	0.967112362035069	0.756695906086175	-0.787068456634822	-0.108247152161543	-0.782635073039471	1.51735051903318	1.36782681959023	1.10712063155582	-0.367640557933645	0.211767958530696	1.17549991116572	-1.56423316802498	-0.304137451644184	0.151119118808221	-1.06511785862808
-0.310436776797081	-0.052868591545042	-0.595331530575124	0.46095767575706	-0.193733952327212	0.928394073933998	0.462957747336926	0.744928148744999	0.785259614807649	1.9805827990985	0.534946791778019	0.266575138548637	-0.571256834760401	0.441213174321505	-2.34855502487559	-2.27857776324949	-1.01442318148883	0.412709442131033	-0.687344241863328	-0.608399465346151	0.29542158803659	0.205625177348164	0.462243078747163	0.00326726701052968	1.06251135202784	0.354200618367143	-0.562084082798813	0.550932736748843	1.00612648944058	-0.241373476112067	0.475309189616841	-2.07028655381146	1.03536844780188	1.03249220689017	-0.8643031262414	0.999828145934864	1.05654650204473	-0.693905635498764	-0.322878785279539	-1.24889800469261	-0.261434698088817	-1.09579476653702	0.755823113352983	0.675634427544991	0.0580764323995276	-1.28324714197031	-0.41543665137033	-0.736984081960907	-1.97029128131026	0.738759571750713	0.326380615468433	1.43303373810116	-1.37977898660575	0.574956661239922	0.337630938148029	-2.18749158718495	-0.589645168640291	0.942988498597642	0.704821839097542	1.32172518604974	-0.165597749278081	0.116678744427304	0.956091793292891	-0.403091716995577	0.242038659730672	0.70408462763815	-0.635506999100213	0.394395937202387	-1.07995331949238	0.479356121746288	0.696417718444314	-0.239904991527079	-0.908901220038588	0.122538142641781	-0.660080347969157	0.242553149485303	-1.07709390272099	0.231113933248743	1.23040287240946	1.16669263251698	-1.64180153628627	-0.502580414201679	0.441170844747066	-2.34920148483149	-0.597066949607178	-1.45241322258712	1.16758652324176	0.440288532586089	-1.68090998255589	-1.20269122043187
