-1.30238661018998	0.236242601340122	-1.63159945749528	-1.18548416475054	-1.75742365384345	-0.0372582994966139	1.50859893956637	-0.922969872707869	0.535418444902703	-0.348790630842778	-2.52900478899944	-2.27966404664625	-0.78022877898592	-0.180450251805015	-0.418633587804663	-1.28993770144417	-0.809406095903148	-0.228844950451087	-0.446481325153942	-1.81932109009193	1.02092200809775	-0.0368621524482323	0.328461092631379	-0.124068346728097	-1.94777003267044	-0.575567636949022	-0.911600136532367	1.30422676022443	-1.9438044651577	-1.33920675287547	0.797338763017983	2.1647808127711	1.70947781386697	-0.618277555238076	-0.925002867148096	0.167290406952829	-0.0420630815181497	-0.294778238676102	1.75027317344282	-0.197056801565837	0.20830162548094	1.1752534970782	-0.0781596379930047	-0.92506413026029	0.801971766092252	-0.854166328264146	-0.975376253698173	0.584903969784801	-0.427599912868231	0.762173985170268	0.255412143688977	-0.681877283040266	0.945944194866001	0.272821255830014	-0.196355128456932	-1.56139920287882	0.298598153123638	0.1413455071593	0.145053864780661	-0.788430389685919	0.428730791675015	0.491558542877066	0.16031762026296	-0.377578298646761	-0.621338362129252	-0.154927283547894	-1.77603806851815	-0.222251806012878	1.97140154641448	1.16995956789852	0.0560696946096066	-0.135765256916675	-0.500098054197274	-0.40069189725887	-0.191216791538012	0.601874792217479	-0.821236529076973	0.693634387488983	-0.111717267794371	-0.103217689711732	-0.743582876877845	-0.031451649022155	-1.60589761765361	-1.51630811846237	0.380428125932261	-0.0326490500071763	-1.11001736453729	0.344577338309044	0.30733580203206	0.508310661750195
0.362698595290859	-0.972264123996223	0.304039347568364	1.76225417547941	2.78823415024791	-1.11102211096259	-0.813131266145073	-0.994916705227574	-0.346308520271728	1.55772354635068	-0.238331344595363	-1.57890615520328	-1.4397402991163	1.08755646629478	1.825755469724	-0.880846808303272	0.501155529916611	-0.446715584467694	0.868359104430855	-0.0341838375042972	-0.954625142089233	-1.19746943483448	-0.703864164719012	-0.221912053287294	0.517401829183293	0.826999848633849	0.349568342477688	-1.43723117826299	-0.00821926043808389	-0.773312107644407	-1.13807787234699	-1.75193633258865	-0.81339208123405	-1.33529829577132	-1.32209642853424	-1.94569404540869	-0.542038255461929	-1.16100857760703	-0.899781331642031	0.391995380351066	-1.20641840583034	-0.827414448021114	-1.22145857197592	-1.47027975765391	-1.33687778948825	-2.92488749115015	-0.22832591074043	-1.17249424411316	0.325884934769433	-1.58526785396823	-0.719945060731118	-1.90229815308944	-1.43785876044197	-1.48714355559449	-0.0937498017835529	-1.26777087030437	-1.1682360215461	0.100505687504324	-1.67560414436709	-2.23248561474302	-0.113558367607654	-0.170805962330152	0.132516979521904	1.04777176164572	-0.74857689901453	0.303483209545079	-0.336194810514721	0.805389544826014	0.469364153267734	0.1071755191052	-0.698854064067563	-0.293643806228007	-1.49219980310446	0.325314752451879	-0.638694289952135	-0.764147103602103	0.192424342232178	0.403704302136246	-0.173859583417939	1.49847809755995	1.38292734885487	-0.142722570334033	-0.157414099203407	-0.167897524476316	1.2844029897015	1.54764788962596	-0.454358840570114	-0.133245443409557	-0.857258137739344	1.36998743745022
-1.23663431269469	0.273349909484925	0.170493260323416	-0.248068803584345	-0.451572424027196	0.140222629290711	0.55363371715689	-2.2483827510432	-0.85415853779715	-0.14101108448331	-1.15520802978459	-1.53336555813575	-1.48680595758631	0.674011484003419	-1.95609040989269	0.586091007320967	-2.63004026232481	0.934520900584933	-0.663677363546625	0.260437778788554	0.00379917082579513	-0.71855322571982	-1.30246923870107	-2.3480835536199	-0.740067198577683	0.35012581858861	-0.00214778943822203	0.277672679869861	-0.89702048804621	-0.501613007012869	-0.607541674476188	-0.29355655923972	0.424302008245049	0.0552277343565301	-0.601134113260508	-0.126859783582722	-0.416872853085042	0.310797132800417	0.706742911831074	-0.614219870796524	-0.413125260564164	0.552108488348572	-0.874400124854062	0.373332358164082	0.821772689482332	0.497104382285352	-0.688835912923039	0.770872831208765	-0.0971111915969383	0.504905680324495	-0.153753161593109	-0.0143944991987344	0.956602664604773	-0.185828385450328	0.162818697148136	-0.435785563907337	-1.13237190418805	-0.737641149809966	0.686174498499095	-0.760898136741301	0.320076027659995	0.499889429608858	0.736336039916909	0.40588095358873	-0.239720592689014	0.0732275502436378	0.748173982610214	0.161158829717026	0.649126058518296	1.19259167181291	1.3369489466674	0.20098811298086	-1.04486478050842	0.663640823761939	0.480637800915141	-0.399441536621259	0.154778513090377	0.988576806223817	0.0150089206446119	1.07910812984191	0.956986929142112	0.239903992495321	1.00806713876615	0.701165202373148	0.0940078291496595	0.189792285986635	1.00651098459118	0.523858008510557	-0.0261888699941993	-0.262862641540614
0.860748456958892	0.0176102080460292	1.10839864172791	-0.654453938568542	-0.80711457808409	-1.57727967874839	0.332092234945083	0.0460999017397441	2.22156372622517	-0.828248744120036	-0.612502020756341	0.331166476542653	0.42096417115813	-0.570321188673718	-0.598762216299331	1.15805903800744	0.283196516018618	0.392403624402939	-0.135086669045657	0.990165691393699	1.10499673978309	-0.782865251425541	-0.0135174667679001	-0.383574339020016	1.68965332072471	-0.221632504344662	0.924402962605048	0.953151443749673	-0.441404505578734	-1.44648441946156	-0.335981966878238	0.363581739194621	-0.210390035382733	-0.876448047281615	-1.08363509549869	-0.416507131288939	0.359770265181321	-0.892770786898028	0.356984138221148	-0.150193598275959	0.182638032334277	0.0661001212658068	-0.354699047203147	-0.545877620873237	-0.976231352556313	-0.594584368532859	0.268380911699186	-1.10603068823939	-0.36990148610788	-0.953393206927259	-1.15988259976862	-0.251117610363441	-0.280058899129478	-0.0285642963312127	-0.29800765365772	1.99325671413861	-1.76359111815493	-1.53233773431903	0.429070814551755	-0.507526874005346	0.700333278047528	-0.115501456567417	-0.44328354118575	-0.265975389043979	0.128872030326364	-0.267983903145662	-0.85384248822282	-1.02819235502979	1.06271563443524	0.379141982477056	1.62143785000022	1.94627348687106	0.700118149345645	-0.403877515518071	-0.53167655025874	1.35768776155845	1.48665988571564	0.0476864632619959	-0.759437706152776	-1.56840547743895	1.13223057175837	0.663854463475205	-0.999780322054548	-0.163072326484331	-0.815004108863358	-0.0108144817259563	-0.262214780040545	-0.801397550736124	-0.248635801431527	0.773679466888738
2.96504614925317	-2.04215556798837	0.589425208578776	1.0342008728591	0.0855394186085167	-0.207179750302082	-0.742176353400886	0.605134184592627	0.21991508184923	-0.184768588185331	0.545994316134049	1.31191894894544	0.501308146221588	1.10054904814652	-1.82212660464032	-1.66699597872287	-0.0791674776641749	-0.0590603883735208	0.779496468782748	-2.48985118146192	-1.51641563959478	1.40254642092866	1.59554654026298	-0.403844135874889	1.14514002310014	0.967420806249965	0.21054108687929	-0.142694534200925	1.43365323134103	0.982112184896184	1.56580002122956	-0.810124948451695	-0.332023166099517	-0.522272398588211	0.157733219880564	0.433018794084652	-0.265883349576015	-1.18557295323757	-0.180100845177187	0.833316002880391	-0.0592584561206771	-0.742735534056764	0.397420763426808	-0.363863652456882	0.0724901716242973	-0.42732816981341	0.544515984796839	-0.950595360045313	-0.288130890261651	-0.0905714933444693	-0.017920422868455	0.486681763995749	-1.35262910691521	0.048647050444887	0.615400323916832	-0.451367119156949	0.187900185884874	-0.042242777148563	-0.391758387355317	0.639957525912668	-1.18529833997392	-0.456775134788338	-0.225657933165306	0.249585492800794	-0.136970382032817	-0.93154394894335	-0.231884719496328	-0.582490637417361	-1.24071157161682	-0.673147068242401	-0.365373220944753	-0.214047725975217	0.228865979546078	-2.45822014660575	-1.51861643059808	-0.344224054019714	1.73162579643391	1.63977184447223	0.390246166814719	0.708178379087556	-1.20891412912122	0.415701422233974	-1.10814283004174	-1.17911190805049	-0.8632144633314	-1.01775335436882	-2.82528117562108	-1.18320042271149	1.36877710646253	0.930416049372364
-0.992171529064114	0.882630735458065	0.516672667833578	-0.250150044151259	1.608231188775	0.443013229251724	-0.880385521514325	0.226891721214431	-0.193876662345749	0.428419165610954	-0.348673953680692	-1.16276126899442	-0.820684105216433	0.992360962615098	-0.527797157164169	-0.316471554141507	0.399945272773662	1.31252794516395	-1.65027170860368	0.399622992043682	0.653580582149564	-0.46761375037622	-0.178845244432743	1.18612828121003	0.0735906784753928	0.688871511542804	0.455510307079219	-0.387222192647049	-0.620316933395047	-0.52484175613479	0.487945250718524	0.33668828090201	-0.656507616780066	-0.214723098277221	-0.994225751805532	0.0692831964563072	1.21780780283257	-0.983603217364178	1.92456612296275	-1.01586438290919	3.06493413813419	0.450056284512693	-1.52646894345491	0.878187785127472	1.10296067815368	-1.40558269962747	-0.478688081712087	-0.48041984125342	-0.916148536924431	-0.282320934450993	-1.9082599392743	-0.0965560680194438	0.387975836050509	1.84145570758771	1.02279237367807	1.80220886006093	-1.66209689334319	-0.630844906563025	1.23415998961881	-1.22085558423812	-0.499333715177352	-1.9867154795744	1.64694097940464	-0.599870767977427	1.3925710807478	0.925488767447646	-0.181761010821259	-0.585854046614752	1.07492411203707	-0.52842861526402	1.11918609492867	1.27130714886753	1.09431496862329	1.43516809602964	-0.326524236273156	0.929779254731789	0.994031592700476	0.557902984301619	0.525008029195405	0.29530412158483	1.43160064709195	0.891549488713158	0.623074856879245	-1.23899978732391	-0.166590321286617	-1.85100362631739	-1.75560519951164	0.826955365036042	1.00389021240472	0.538271702173555
-1.55090503720173	0.085491721155418	0.324534423658161	-1.28590330808366	-1.46966766030194	0.990691472845248	0.89079940480473	2.50972181261524	-0.106903923854043	-2.20164022232369	-0.600934571196515	1.21473879038768	1.27776088442506	-0.333572699466727	-2.33409484188381	-0.144061318197019	-1.481896520965	-0.211273029538368	1.68252704004728	-0.489073201937703	-0.238968770434096	1.86409795231461	2.12374872068628	-1.89448570721003	-0.984389042682556	-1.20914588745466	-0.10542287763041	1.18711559728297	-1.50769566087598	0.497742202460755	0.593240802908086	-1.1718804846207	-1.64157031351343	-0.739517195150776	-0.634815032566607	-0.968940454216562	-0.526498524833595	-2.2474381466133	-0.346516127052286	0.00348788715969231	-0.0702342249239472	-1.2710439283327	-1.81676800712781	-1.59308424599634	0.869041090384119	0.0411077923772794	1.20720088465102	-0.144908574356306	-1.23676097509046	1.16803141727944	-1.32208375147633	1.40631739485066	-0.724674633042215	-0.283449228766929	0.426987035890023	-0.666355490891173	-0.559987277172226	0.630552704841521	-1.17438103346585	-0.277912154686953	-0.711546637508281	0.248675330985416	0.493995159951557	-0.144833871792861	0.431806792583402	-0.461840475808343	1.65031944031666	-0.70209064716909	1.96218649688604	1.09889773059439	0.245063820685745	-1.40199504260026	-1.09473916517365	0.556769659750705	1.37296709665661	-1.12440055631352	-0.885523362776931	0.4525371810344	0.229914074458243	0.887574302672272	0.272480877189682	-1.67003564562527	2.05319341306712	-0.0533917739699591	-0.818450467957148	1.1463175123914	1.42661581983669	-1.19998544654278	-1.02582054077601	-0.619665058543919
-0.948276927862008	-0.260764772100173	-1.38916401951036	-1.31471359414777	-0.425244859684049	2.08879113687937	1.10965344257572	-0.527080112093245	1.01738343469072	0.0512289624065302	-1.34009805070108	-1.61837829322119	-0.614297209420078	-0.702851791304592	-1.14797702883901	-1.56309576893309	-0.143433450955777	0.242435465948306	-0.258880119204942	-0.479544015731214	1.20009658480341	1.17822230586344	0.568600919259299	-0.246229307398198	-0.00273129356792183	-0.351150585882861	0.250547964266448	0.356860217964829	-0.290624599362495	0.573073335884905	-2.11966802752962	-0.271749005762934	-0.350250964787748	1.04373173613236	-0.274012419376915	-1.14399266166753	-0.305217590831796	0.43773127194204	0.548783239535422	-1.08891533631336	0.692231804610601	-1.05756185568576	-0.582243063169298	0.894608996742668	-1.0825891302934	-0.244517563588031	0.557871486478288	-1.78652539462787	-2.03016293614348	-0.608101489801856	-0.194808886028231	0.973955141822431	0.0737629539202118	-0.118947229036086	0.948715171650912	0.606367524137086	-1.61781626434264	-0.952113181900606	0.512165604537309	-1.16740464784943	0.561527069906163	-0.28420398067332	-0.887859749041015	0.275023404674581	-1.97089828125109	-1.12879738431279	-1.0629546876352	0.478380252751073	1.29856531016926	0.632951367957774	0.995268859179899	-0.0327575904304734	-0.0733896325389307	-0.878664730282042	0.0665804453919155	0.0572686308254782	-0.739093125309928	0.980291084791602	-0.285480580580665	-0.602497653452855	-1.51059910282214	0.285690370557789	-1.45313516258563	-0.909576422353237	-1.30472826386124	-1.2556640947367	-1.8247551637275	-0.144597453004237	-0.526727413918595	-0.681363514962412
-0.553058654966513	-0.713741259982964	0.316568572431532	1.89291133495929	0.529329974393782	-0.22554512020705	-0.478115626143298	0.405694228927187	-0.714913203015744	2.32807408829884	0.710465333802341	-0.510517277924454	-0.988856932444309	-1.69866890334517	1.55775416964736	-0.489701143555493	-1.62570698668797	0.376663623984003	-1.2617503499834	0.0507880429282391	-0.197487482178843	1.4614577581362	1.55578806311601	-1.51380657792794	1.76400126759364	-1.76515562576081	-0.108001443799657	-1.4256203348542	-0.0897932202249646	-0.572437921077412	-1.01564257803997	0.0237191431540741	0.588044310103647	-1.92367595472656	-1.01789015076645	1.80405825373252	0.199369534737727	-0.513536958282019	-1.41472964155863	-0.465813571838217	-0.0490109481838824	0.0472485927463784	1.44211284246426	-0.826187046940425	-0.97772777091396	1.64891927177398	0.125246676538866	1.26053777954276	0.307698238879098	-0.308492897803391	0.0911915596408678	-1.74014922575705	0.233264171530011	0.633072216621987	-1.42256575165789	0.340890644306672	-1.3802863392827	-1.99453586535077	-0.871257487017847	-0.345725343310388	0.298589297389152	-1.45954983778004	-0.549923696273796	0.0238088967735834	-2.16729650375002	0.139560372267463	-1.25894439754012	1.56894032854412	0.152643903143144	-1.38586266589624	-1.2725614990309	-0.528523014696635	0.285459614432593	0.803468613694431	0.586804402309778	-1.14882924763776	-0.376609338507573	-0.891223370995945	0.498920462715426	0.697996836275065	-1.70040684249004	-2.23890633304302	-0.619778731928375	-0.192842148504638	1.47413130994863	-0.740988591900907	-2.07058150071479	1.06893044671096	-0.880889003353583	-0.62767641677387
-0.185015173577693	0.650347131586297	-0.184608094449933	-0.444119621878328	-0.215573575416955	1.60080133393254	0.155689161977776	0.443907015477136	1.27416845006802	0.618810567016791	0.288415676675869	-0.96033815225409	1.00667280910572	0.112988892515111	-0.0220373459172778	-0.0270049706529056	-0.0563793990547918	-0.888811092484036	0.289163858120225	-0.826172290593954	0.882824364006392	1.07774285829657	1.41636960371326	-0.673149065190439	-1.38778553091882	-0.285190086092164	-0.196470437004054	-0.589823214597355	1.26520080129577	0.120741793944267	-2.25523587117721	0.279237805170784	0.747740626983921	-0.581267714813584	-0.632115681112132	-0.589238623809371	-0.676582773184071	0.974115858413113	0.017149345024754	-0.526013647132482	0.292766896233658	-0.761448964024072	-0.421838751008643	1.25774636577158	-0.914558938583978	-0.320759062946579	-1.67763514680102	-0.866152815961398	-0.147757455177347	-0.830118935398328	0.768893757450369	-0.736739516190891	-0.356882109550561	0.0912434926382337	0.337692672547803	0.353729296519528	-1.6014175554301	0.326795545620397	-0.442218113078386	-1.42146468933413	-0.268360721588226	0.240463067287432	-0.15600605625407	1.43993859735916	0.62635488764227	1.5189468998149	0.39851995467056	1.05470646159596	-0.634031965669982	0.441010737822585	-1.50290579901259	-0.0333363407140358	0.372812470654369	-1.54694202539107	-1.65546988570082	0.284190957956057	-0.813869896141666	-0.167371034649603	0.575433396002277	0.2793368018034	0.395575646096969	0.525259215114642	-0.338060212804327	-0.0280333553623505	1.20927373904068	0.997922437147362	-0.545696106697912	-0.212652867871521	0.685327017394676	0.285200020371324
-1.41604692646181	-0.302878745712479	-1.8928114373999	-0.864448425020822	-0.932761717098443	0.26893856377133	0.423118711470113	-0.378545707229631	0.687214129985642	-0.0936414334573774	-0.320871297418368	-0.612246030189234	-0.617290311770945	0.11032015353859	-0.935293160824185	-1.75431213231539	1.47259267288208	0.315608358753093	0.626976384455547	-1.1130249615099	0.562183732660232	-0.774829746274583	-1.06259118268403	1.06336072414535	-0.991755354288221	0.538885450791628	0.875863727058123	0.197192582002598	-0.910057484873293	-0.79948258531822	1.09508107411908	-0.294863297815039	0.549056044596583	1.61337272917457	0.46341225737601	-0.717065798932849	-0.488170277961149	1.96303964856485	0.607814174869319	-0.130600402021979	-1.48989324501828	-0.624722040568025	-1.17815336856633	1.08441864555041	0.105695987640138	0.519775118022717	-0.151857107378077	-0.867972106415303	0.08147300421468	-0.680262136442932	0.0442584726323094	-0.487351849585441	-0.449679138918134	-0.89691334979647	0.987280866536743	-0.246807290899477	0.646764673943013	-1.04015117132028	0.438017347700299	1.50945301884067	-0.233457565349014	-0.877020909308641	0.362381417275183	-0.273455322044084	1.37515752517024	-0.530019998183892	1.21243542249948	-1.83744575077069	-0.923215475611797	-1.12717758808663	-0.678451754212154	0.879145961635349	-0.0159486307720421	-0.0595096035103766	-0.0106911483591739	-0.0152442022767776	1.00320282082217	0.369780691958966	-0.920839237905987	1.52638339748958	0.930877915366244	0.176507032702727	1.49283354624275	-0.409885190866662	0.020151308518554	0.132621070852522	0.0564721552137613	0.430133403065368	0.22272989587843	0.967615245499227
1.57622361087353	1.04720609032259	-1.06386607944588	0.40475449034083	-0.446313100458083	-0.606344119847792	0.411323193380982	1.42939807292022	0.321183472435064	0.843242573510837	0.778781583817536	0.621530777441299	0.620235909468129	0.469763099449134	0.117276570880139	1.15939663997935	0.325647915346926	-1.58998666378314	0.10035638326443	0.490771283700195	0.665427130490836	0.615775167653959	1.83423763025876	0.275914687527938	-1.51895895626614	1.19935220056835	-1.15376612596665	0.4260593730819	0.397021544249073	-0.0840231982626316	-0.665654709793735	1.97525100395423	-1.07137097373853	-0.891350673130432	-0.603798015742126	0.738010592728862	-2.34908379300431	-0.661677803559861	-0.399478240274429	1.38295213771592	-1.30797905684791	-0.719346221514817	-0.955440805476545	0.352965339020906	-0.202575193185749	-0.0489168843439731	-0.801584343715373	-0.336584175424747	-0.163800854550335	0.0658075521046101	0.281801422225553	-0.480481994497587	-0.648477558202696	-2.32358400089217	0.123771771043655	0.115009741904003	0.0212931480208067	-0.484834801426379	-1.38961289638108	1.20472142494866	-0.197229935494517	-0.799488480118048	-0.208275128168978	-0.16299442890395	-0.320121621481085	0.137276954141111	0.0400095277058144	1.71212817716576	-0.654971140965978	-1.04249971222468	-0.664088310811637	-0.0293180098014244	2.27249219648376	1.53056372260474	1.08682920344616	0.320268688522633	1.14333466382367	-0.603841175529628	0.915129024820739	-0.0136740495589899	-1.05450666993089	1.00888398741483	0.739172833097935	1.43516452990881	1.65685555156358	-0.24968547067995	-0.328889972253445	1.57619693568437	0.271815440558335	-0.191409776499501
1.80319423702744	1.42005961113359	0.225959945268462	0.538092808051277	-1.45171666791407	-1.55573702595365	1.38315043383774	-0.575163145345701	2.23374936438381	0.756966945872781	2.79175418239168	1.98736021712031	0.443402849988832	-2.23961237601652	0.777405819531715	-0.513748051607803	0.232185325213951	-1.13762606324746	2.25116983631175	0.213832933055121	2.22014525031607	0.0438095696673874	-0.459343102389308	-0.572800046543187	1.21124038631988	-1.44749746173365	-0.179984516285791	1.64505538081748	1.41901251408464	-0.432095147502345	0.538561203556658	-0.51124433198385	-0.235127037994178	0.441549451823017	-0.385005839120059	-2.22390094940312	1.07959633771151	-0.387363317975075	-1.13663578778696	0.609156208424382	0.678389926820327	-0.0344938233442819	0.50576843842175	-0.611794902939568	0.0102270888872621	-0.886172984798516	1.02832468717916	-0.439584351505549	0.356155177634763	-1.55552134967708	-1.18256316692334	-0.425698798468982	-0.046604364484307	0.37850858960269	0.531597086575937	2.10220610097551	0.590360005238083	-0.939756981583345	1.33332963762966	0.329047153179196	-0.419190418664567	1.42565520427673	-0.252867037208736	1.70692851892012	0.831428396840508	0.455595356361078	1.10984882710798	-0.17449768504872	-0.585386300340879	-0.938966677612641	-0.661654366901054	-1.30660017729272	0.18419139589402	-0.766695257397567	-0.791743490071984	-2.09488429142413	-0.433403441883867	0.0595179514335564	0.347759741807168	-1.03455489789744	-1.04163471617777	0.345961289969898	0.534168961545532	0.829001975372138	-1.33911231267664	0.754533725923723	-0.164017057470511	0.775322979775848	-0.0572047936965008	0.214725848248897
0.897429938184716	2.14163048079935	0.708024652686904	1.08391344142842	-0.104159907545931	0.481951191863859	-2.4470954468392	0.554614796341578	-2.00472102973693	0.499396426784954	1.05949301321187	1.20463423885299	1.45900456431141	0.26241852807146	1.12892058034465	1.51242965410953	-1.19610759830249	-2.03464883873125	-4.16821740355744	1.06465803434057	0.16842162856903	-0.288275411397149	-0.0996479866752791	1.31354299162184	-0.147591864064307	1.05401607721443	-3.94559327029618	-3.09957777985129	1.41510740487258	1.69287084091937	0.896380224445415	-1.5113667753071	-1.29363546539022	-1.07641443494858	0.165008118112408	-0.51617928674533	-1.12904171494236	-0.803812722414785	-0.198311336689722	1.91314710090674	0.786510713986435	-0.0998054024841071	0.840461451605698	0.743353304708835	0.575121516612638	0.840834818845008	0.385108879910042	-0.00414066297781211	1.26773555397647	0.35451901357574	-0.14174498305566	2.16410005224674	-0.607361124861458	0.968787805175726	-0.194749843922451	1.38480619273749	-1.06504556373576	0.357092931123071	-0.313425684931267	1.67529386539832	-0.487933011748864	0.43954411838554	0.126400435674029	-0.450195019871583	1.38431127827971	0.207218456648254	0.856497173376434	-1.21984604974283	-1.08430700734313	0.00863557273884402	-0.967904536334654	1.12711054607957	1.27375923200712	1.19264842232184	-0.0615170976136804	0.162447898348991	0.719725904980879	-0.323025052479476	-0.647206100661945	0.724579887545538	1.60358978834701	-0.369005741906595	1.70514289366721	0.105899270230465	1.53089792912929	1.85227769825589	1.77085954356941	0.584091922252055	0.904415593378895	0.265866559722034
-0.805202329014252	0.000780370060316305	0.867662171341222	0.0638270661303137	0.816250457895014	0.331185043031932	2.2795186074833	0.841299889982817	0.18897389770824	-0.908882998149222	-1.0873282944007	-1.56750250334325	0.11316146337573	-0.0374661069755824	-0.359183675442935	-0.607010890731848	0.234855030006909	0.291022433505278	1.52537507890945	0.0977111872004776	-0.381839900580096	0.809038423462094	2.22474995975696	-0.494808311785372	0.336320025974989	-0.815097174948896	0.887687146516558	1.42778838119371	-0.564188028434254	-0.289520112952771	0.736562084937949	-0.810147188465434	0.187304275677391	-0.551744248262124	0.482446207773601	0.311048437241587	0.468006590118227	0.463348517725236	-1.37314496888019	-1.46612847542414	-0.0439078148964695	0.151241912989822	-0.160080231922184	-0.479114975277666	-0.431163107565299	-0.375272322160949	0.226408268073736	0.37585858933948	-0.328562422389514	-0.764051203039549	0.937050838774164	0.188129938558462	-0.195786514573305	0.657045553945652	-1.04418131797013	-0.593525749629493	-0.511638889073324	0.557458504020498	-0.422656520969862	-1.2603863203954	0.975533979370907	2.51413678417276	0.665168058201998	0.215896564386233	-1.1521638444935	-1.03561649400264	-2.23181496541709	-1.53010599419732	1.12036577571094	0.974612963492769	-0.0781363174970698	-1.21442879782129	-1.33669980095632	-1.84461010506221	-0.689257067899871	-0.0185071841132813	-1.36356416606689	-0.0448372024045712	-1.54038313271833	-1.15384334179365	0.458987506258161	-0.500492154113277	-2.12945378907486	0.99449201436231	0.0969712858714697	1.62071030048023	0.193138838762625	-0.333922288327387	-0.799411967199191	1.07763819029207
0.572995252465887	0.290046121843361	0.395160701661192	-0.492805669193583	0.261059236849491	-0.0804708481678151	-1.822927282114	-0.268831943979577	-0.666541424439832	-1.01901257724895	0.637568943169019	0.595751242923541	-1.10004866970183	1.4403802886653	-1.53141110929195	0.905357253264114	-2.14685633097004	-0.278127201270931	-1.47846481476689	1.00068880401685	0.559500204896745	1.45570827219705	0.741725684223814	-1.57873581962823	-0.398375139761357	1.70876206178688	-1.10899854463875	-1.26154900962803	0.250602650245415	-0.897232039115145	-1.14247360618458	-1.32349616977571	0.562980505583005	-0.783588047372377	-1.74630793195367	-0.551288835695625	0.644936743969341	-0.629960644905145	0.580352315624641	1.66788430827976	0.449775523070544	0.297894836655228	0.57272072132328	-0.901568199222156	0.945724433377867	-1.1477070884928	-0.539066448520561	-0.475313170344651	-0.644932296819141	-0.764546240821778	-1.29900589155911	-0.132143792013386	-0.860206420817724	0.208671892775676	-0.614207678016876	-1.22243057468833	-0.33900857602928	0.445115329519491	-1.29713468360377	0.062510126837874	-1.87737073250698	-1.30212219081173	-0.458316114458475	0.276302046558098	-0.0381377700327243	-0.0696593280527583	2.15445191878962	0.207326475728757	0.895468533538385	1.08450816543481	1.48059258084075	0.386660945514923	-0.685703668862405	0.0151743365395971	0.292555011879648	-1.4009397211399	0.438130600185888	-1.68007550491115	0.281196081407912	-0.315869211532177	-1.02350817721937	-1.49390945333677	1.1009914490283	-0.344989496686814	-0.976885036330404	0.334701371021624	0.855650913515176	-1.2533463633983	-1.21979523416896	-1.51433712174912
0.611968551547436	0.219665812980066	0.543433737915838	-0.811186248876792	0.755397456771074	2.43296201848722	-1.26267155462285	0.84062519078416	-1.08522445396914	0.538168098992924	0.075191582394535	0.347028252672695	1.4874643374156	0.885327388878813	-0.756280798997697	0.334663027311928	-1.44320160293002	-0.048503123013112	-1.92199109637776	0.552349338588573	-0.375126389003467	-1.0396983535748	-0.594751969407189	-1.07671765149282	0.5636226923687	1.54130375282609	-0.623008762147281	-2.19457237454109	1.43533532791478	1.69167621277903	-0.145674096743501	0.771707683250443	0.354021174566114	-0.0998380213337429	-0.753782997174258	1.43316757835421	0.0820206042803105	-0.25146615530762	0.228437339489529	1.32038481372187	0.0577786103000258	0.800400286007277	0.979570994949029	0.588975343464088	-1.14248871144903	1.3534374664439	-0.647291309286276	0.542902135219713	2.25187634148486	1.32386558247745	1.22771413699904	0.913833646911359	-0.868272751621143	0.0307913358177587	-0.273492769651315	0.858418546740478	0.478428533455174	0.398487511140977	0.516935648103415	1.30733048865859	1.44388977949695	0.931433407087143	-0.323680586260702	1.22341983151503	0.564282350723023	0.38305452448405	1.23781283939989	-0.113503973792882	-0.932980359851683	-1.09651974463645	0.658155982437888	1.67606975376148	1.24823737576454	-1.61851052726534	-0.348051016960296	1.27626590428387	0.457890607006227	0.714437502688578	0.61199916411363	-0.216999656121894	1.21218866067242	0.839298760044536	-0.569386945306277	0.545026611801291	0.38462467417672	0.538873275568561	0.776643399535448	0.522458970865489	0.991459677381099	1.35812668770045
1.70732501166153	2.57655031631097	2.17813486009119	0.540776878087373	-0.0437714720792077	-0.238331603738636	-2.39230380242321	-0.649025416917752	-0.173096887987374	-0.410389319910234	-0.192320895700287	0.057683112856103	0.3073389831889	0.428418062080308	-0.513475934855972	1.75482819992621	-2.31827408163642	-1.03987436596112	-1.1874481121996	1.31070218177102	1.3076727457779	-1.40969242797248	-1.22344898306626	-1.24013761386306	0.697833815353388	0.0533927058393747	-2.17262256415237	-1.10526471941344	1.0431463107393	0.497281853242622	1.58990490048163	0.713472259855427	1.09886909812682	1.71191201426491	1.66096720897623	-0.0326972811139155	2.08498471318985	1.80460705389355	-0.393210748656109	-0.567229077006822	0.318014429042243	-0.187600776400929	0.466689746151719	0.522968378390211	-0.288488773203178	-0.316122241948345	0.373618854165912	-0.320124426138149	-0.456254844528782	-1.77669649916922	-0.719792068300406	-0.941048512487771	0.318898405452727	-0.0282509430087269	0.836525468998565	0.138243237277025	1.98138652287435	0.791758804952887	1.13860679935979	0.818748380988141	-2.38395841283574	-0.371519992870146	0.973263174849523	0.433764886046345	-1.60310937115125	0.0567563408301587	-0.59300160891375	-0.218292150418511	-0.716074935492489	0.514841931872648	0.0793798952808414	-1.69474619591549	-1.57821182110305	0.705497018463195	-0.519893148979267	-1.74683518283986	-1.33771753768994	0.122397444993918	0.176079185989671	0.131330631106572	1.25602945446562	-0.652608307998092	-0.236923550713362	-1.70102892662381	-1.37465911675813	-1.24354631195146	-0.902484009274499	-2.32476599193909	-0.640931890344864	-0.252079997401324
-0.280259272962052	-0.335071781932061	0.566629552787101	0.0734109396475751	-0.498767173967449	-0.977714526864746	-0.28983464711043	-2.34306614057171	-1.32244738335296	1.08669543285109	0.274441895539737	0.0550927941173004	-1.97879735684057	-1.01542012333639	0.35189011900739	-0.329168561308537	1.58413328598979	-0.677836330736896	0.410250542154377	0.00387737040308173	-0.958713376257943	-0.0396367212666352	-2.28877650958079	1.74256477388373	1.05267663192647	-1.34303946416992	-0.365136409734126	-1.08257142467494	-0.301317667100944	-1.26113185101631	-0.792656487332983	-0.813083141935051	0.710491171753478	-0.0664897915343378	-1.12222480979221	-0.741585002991507	1.55077302837751	-0.113380936807651	-0.984384751170113	-1.12486681950272	0.943182823429113	-0.988476081829248	-0.26542578417507	-0.236958204935689	-1.33122094146046	-0.598977714541278	-0.626674374645612	-0.239351043252462	0.672202926314289	-1.32921282954389	-1.57221237892201	-2.78188131921129	-2.77043957485676	0.0610408807562749	0.539735280503173	0.85847217538037	0.102227609931273	-1.41022474900888	-1.1217025350935	-0.0071793773777827	1.19090820420022	-0.00541425055855877	0.66250188752013	-0.0463891578519792	-1.04079712373668	-0.236804169968613	-0.690074559876417	-0.34314800990423	0.0592206072836557	0.238049870793653	-0.480096590694111	1.21727961497555	1.67678757151216	1.04760709460937	1.54384951956193	0.775593205244543	0.945509572863248	-0.849653870823884	-0.0906238887771446	-0.174154698784665	0.67977215671397	0.119693777174529	0.224857148778579	-0.331504560142004	-0.708481605364006	-0.288179577945159	-0.547372877053327	0.776047665353613	0.310296065065754	1.19335383325562
-0.656143251985669	-0.0310401010846737	-0.10341875561614	-0.759476611135832	-0.503333906831517	0.638366869242059	-1.06881163924649	1.54866681953725	-1.21448623443785	-2.07076062847518	-0.806902307603095	0.616353930094706	1.58462043061321	0.283092881450008	-0.153713142438022	0.874758366872259	0.0389483421166827	-0.528985314665609	-0.413264245706555	0.428126929762563	-0.84621421067581	-0.800766970828415	-0.118686124927927	0.71598514464446	-0.648713336618266	0.162928727318706	-0.979235805670439	-0.965463570568784	-0.890090499054234	1.53829764713011	-0.594925579917327	-0.839174573600886	1.12607167029437	0.7799527277361	1.49767869290654	-0.0432108672337692	0.662772848166216	1.31569857964036	-0.521495266060808	-0.441800746053616	0.804174958921909	-2.28475067706751	-0.123866375051707	0.743470971276025	-1.25128717498988	-0.635905344528715	-0.403627244224889	-2.12040169809583	0.630958247806687	0.0154327663284127	-0.641290041375467	0.0566915385248201	-0.0453649039296321	0.0938127578122512	0.8795309621754	1.10314507368228	0.861190325387537	-1.15169267567016	0.429076710557161	0.843251571523556	-0.89366268943836	-0.306112572392395	0.564780375626349	-1.37309641930096	0.687017735970983	-1.0857311354143	0.00587153343713242	-0.557155204738291	1.10907930316251	1.56262033862805	0.350061032612045	0.494814175173966	-0.713669053029945	-0.0357679725754735	1.60844876503936	0.812171352655115	0.981943841580533	-1.24983671126309	-1.11977405783923	-1.69635767890535	-2.30228204120223	-0.985753819367795	1.33495755236165	1.32856005389379	-0.536679452038649	1.46427784889646	1.01071673232614	-0.187304873514877	1.23548486321173	-0.209883527944895
-1.0155168067605	-1.33411243852694	0.436748483628591	0.715067474622696	1.54269243863548	-0.00423024799988652	-1.14056246657597	-0.700645512623277	-1.36437685891154	1.18838050197618	0.224862752935944	-0.066909637676121	-0.832681468022184	1.05823438128998	0.461828310650212	-0.663309014515737	0.401229211292066	0.511246366517454	1.69002334028017	-0.157817969236818	-2.14974976434487	0.138917819402511	-0.825997487837517	-0.0992165938399203	0.750308803662235	1.14051620867128	0.901513542874129	-0.193671258434958	-0.886515372929009	0.288846031381263	0.538313039890677	0.924584808169007	-0.161316213472245	0.187627446389361	1.21484482744438	0.810423263457844	0.696783733921099	1.93164933396833	0.472975195526454	-0.564556612179027	2.12557793080492	0.458744896530942	0.594563901738224	1.30585836638797	0.255853348482422	0.797011630911875	0.98220303260579	0.283613474309114	1.54119830904997	1.1041302408936	1.9888649166369	1.25253262664902	1.34171410976538	1.1751441615273	0.88244168788334	2.67910151949532	1.7668676307155	-0.355155093053476	1.81979937358477	1.76952242459214	-0.116890952033228	0.848951132674965	0.23532976786764	1.43872720903969	0.0853177686942312	1.03185832020908	1.34750280455737	0.584938527567378	-0.637942782649298	1.75410706970015	-0.0728550828091248	0.707541006536336	-0.110649691495783	0.572951847847578	-0.601717108072044	-0.538477702837762	0.710518128817011	1.5617881568402	0.64725843239262	1.36133668816447	1.2653795637488	1.94876934060255	0.654702042679628	-0.90594124190809	0.650025856376901	-0.483995978725905	-0.0305439792078772	1.01217505882931	1.793732164354	0.52510799582942
2.00583357907302	1.15128328524183	-2.59612267606304	-0.344928999849223	-1.01776047463521	0.651591707235277	-1.2698687536865	0.201270272261702	1.44667532301441	0.113231856377442	0.256543718342491	0.532200697269585	0.714413384689515	-0.23071586106009	-0.288204961858447	-0.813261867802329	-0.87527028387931	-1.76712636481823	-1.70860429414903	-0.0588647781666837	2.57760815567535	0.0480071831369504	0.246340053300193	-0.365065773402814	-1.19630250180073	1.4274959421024	-1.99438578799148	-1.00777253644098	1.41260494371987	1.53170179722818	-0.81339288599178	0.648849833240422	-1.12359453344736	0.214997513098579	0.900741100727525	0.657300932612954	-0.297529759289034	0.510421066245824	-0.664004179163195	-0.294617315091462	-1.40965021943873	0.104134651067317	-0.660750287770601	0.676924949661286	-1.63247816916911	-0.821814077000636	-1.17905162438958	0.248352784827427	0.128937873012772	-1.24203505222465	0.324237109071723	-1.28299167469283	-0.260687097461603	-1.91886882085118	-0.296384111536624	-0.0142144545386444	0.162353903805719	0.581418898644343	-0.347621714543797	-0.836028522421161	-0.298439398772843	-0.54201845520798	-1.19370215546923	1.66476032380255	-0.241430417266773	0.496146974919778	0.863070881886468	0.308721605777864	-0.831535213518312	-1.14452144549241	0.394443090437111	-0.472332455411894	-0.134988284096947	-0.916992347216816	-1.55926679601096	-1.93218570426818	-0.681533670315044	-1.0049303578837	0.783860234792914	0.258011369844899	-0.27761760735699	-1.79408748995848	-0.949133230866999	-0.324509243677678	-0.772323080403596	-0.225085491085043	-0.970017913318372	-1.79808854997834	-1.47304019451013	-0.918657260135212
0.324598846699659	-2.04573957387881	-0.407785249043816	1.6723648887566	1.54602396727567	1.98862661749585	-0.101183414755724	0.420552171434582	-0.0121028019285941	2.80824944954944	2.42617339156415	0.619155154336984	0.460452030196596	0.985031182340266	0.818835659865168	-0.908400836577459	-0.45970178457981	-0.425177440666203	-1.99404524179962	-0.363202550591378	-0.226198086153438	0.164986739323874	0.511034915552447	-0.561428409303434	0.72028803044672	0.539875444514272	-0.339295172555932	-0.647301327812108	1.95907565962582	1.4813447850319	0.789254010412834	0.323799988602525	-0.10257719329622	-0.523104127763081	-0.524529603573493	-0.340752416877968	0.197075161393168	-0.785001937739742	-0.60092643958196	0.183519774545122	-0.450344409750573	0.152626039747105	-0.369720585758246	-1.08985346401855	0.999651722690075	-0.328886307997503	-1.07939763910057	1.35692321242704	-0.062398778454989	0.602354521798718	-0.754761724894359	-0.695871807305937	1.53020027665732	0.77625322501103	-1.10332794943338	-1.08256927554769	-0.14091838025649	-0.283322729042579	-0.278154068253243	-0.52978738966896	0.279471858254306	0.311864657532838	-0.257383181221755	-1.11215584430667	0.690769108607133	-1.14878141442803	-1.78808643037288	-0.931630189228552	1.08033233992738	1.22163185643857	2.0579109305715	1.29292333822641	-0.275943335794674	0.0855341826947834	-1.20931188409205	1.3868276403153	1.53081813232001	0.195465030742348	-1.59030171068429	-0.0987602790767528	-1.02320579426809	2.03410456928997	-1.33165336840426	0.696594380759161	0.094388724047564	-0.08992161464931	-0.141246996131111	0.327162940716001	-0.18151701499788	-0.207754327663712
-1.03132570484633	-1.06200645355602	0.447052244019783	-0.783548494280381	1.9323000970691	-0.817864488250773	0.0890732996880789	-0.546165747315218	-0.314737199409876	-1.20740428312797	-0.552414863994075	-0.110372998410012	-0.528494078428062	1.53216289487418	-1.09251471970652	-0.112578762012709	1.84392376521882	-2.36660580419049	0.336956129128424	0.015113277615883	-1.05649643123428	0.170610163289948	-0.681003604439652	1.464605802111	0.0985127206845583	0.501204344627507	-1.20015993787463	-1.23479164694389	-1.15464900404706	-0.714389969371019	0.631525783894996	0.0947235402286157	-1.61196397455732	1.16692359651312	-0.686172245090158	-1.05029550458203	-0.871562430193829	0.121634158686837	2.50146022081335	0.267691158016197	-1.10805363028767	1.75464158351959	-1.26171073679601	0.856010547367913	2.0015459262492	-0.349671034374218	0.444481176324981	1.44265629631584	0.601491662221481	1.05044632679865	0.247223532221138	0.375001533918893	0.0468561305847427	-1.32092273977264	2.12387500237376	-0.721007453841604	0.556475943922804	0.373792325089552	0.417325406795759	-0.144323713037199	-0.109455255329683	-0.674252151245983	-0.0475305574065187	-0.503207609239725	-0.938782321147742	0.213362957534931	-1.88609469104205	0.314234345302865	-1.2383085831833	-1.00928935949779	-1.65473085241786	-0.233039610435816	-1.4498319067321	-1.41330673344866	-1.4761788170346	-0.910331626109216	-1.13076908003544	-2.24334945242846	-0.0601433056043599	-0.883348906051522	-1.68110005295006	-1.61542343399236	-2.15376780672044	-0.790765540675865	0.71054436146991	-0.21102990681218	-0.960924483182657	0.446636035430073	-0.0064236059847995	-1.39038880664607
-1.14124213028121	0.801377492838549	-0.266555669768777	-0.436075580377796	0.781476984817793	0.147304865588084	0.811128277849297	-0.730689621594567	1.83864609269454	-0.157784972973113	-0.776210045656792	-1.20946493392432	-0.331576240244288	0.752749768774343	1.39608972197372	-0.470475174313602	2.19300383034505	-0.158131897329627	1.32951565836973	-0.116820288771696	0.684321646306234	0.0509489864627209	0.149690632435472	1.20338218007398	0.706466402397352	2.05243349271961	1.12640840560518	0.205617200572511	-0.290392613635731	-0.615741457487578	-1.02009877451882	-0.898553227819616	0.580835350323006	-1.40884580269058	-1.40602731012355	-0.209525644686472	0.293649499556936	-0.00974434883760537	-0.380659807111192	-1.45165560321742	0.489152813901157	-0.275743278703308	-1.25029900506414	-1.29212443059091	-0.0373777016360246	-2.18338274187773	-0.276848965690828	-0.263361555180679	-0.523037381213998	-0.135311708290508	-0.276967772090919	-0.290620039074774	-0.38581596804415	-0.341925143979087	0.264871723036389	-0.781317988738986	-0.958839131396693	-1.82231950658747	-0.961068394464122	-1.24628587754874	-1.25498649304104	-0.158197797400027	0.610068272331348	-1.28087444882725	-0.356316351014823	-1.13342137574835	-0.594346249043471	-0.665997417704838	0.630139812116716	1.11224534782161	0.0232956206386057	-1.39705271800795	-0.491439547647106	-0.266478692156348	0.0299791998232195	-0.67078192054961	0.0561603457020728	0.652645302208995	-0.363320991855882	-0.249271408869181	-0.738435024042251	0.435294131685951	0.10888736664064	0.13986503473179	-1.17053068621598	-0.138168954753234	-0.918952345308491	-1.67497894565627	-0.801085674145591	-0.0524520507179823
0.417398434197986	0.0851735503104734	-0.691598049797637	0.530504371935297	0.283872526419287	-0.186723190489222	-1.08121711914252	-2.65325616691982	1.02012728928379	2.10564404753583	0.585456675522695	-1.47488759878878	-1.3848570002053	-0.278573486224038	1.16095373516838	1.01885374411497	-0.825594894121294	-1.35329447004429	0.261393744277825	-0.102960510340414	0.5426931773871	-1.21813254629116	-1.60396499567741	-1.27886848740775	-0.971991048491311	-0.0593830052982385	-0.848863925141554	-0.917727811404562	1.34913218429938	-1.18675050540413	0.680300563474354	-0.981115075656403	-0.763914177198791	1.30703106726022	0.776470328540122	-0.258535877078675	0.793389325142056	-0.787973315576892	0.596828942924724	0.231470558868736	-0.102184588683681	0.944628407615156	1.49156496425043	0.649514777941932	0.636631983587979	-0.0335742276595818	2.6689219336739	0.16047265492134	0.765272084621705	0.444504706311232	-0.389229301936946	0.953118077380588	0.881116700324174	-0.822420201933203	0.243823635701194	1.90473997041847	0.362719753423349	0.0765519588791847	2.44186063192466	-1.12599717187872	0.325083507302482	1.203852829382	0.515768508418055	0.82562689106478	-0.299342044510982	0.998802206414617	1.2297079549229	-0.166012809873334	-0.50311010486156	-0.0999685857207468	-1.22525921991044	1.19641314714627	2.00173427197574	0.715180603261213	0.980560076864764	1.09708039238108	-0.252567531353201	-0.268663332927991	1.05442091251119	0.911620050731601	1.68896704707748	1.12202245974195	0.565436300146082	-1.46963463257138	0.482614299352602	0.35157859152993	0.702563625754377	1.94308081140906	0.903834689932356	2.23650270259562
-1.5278954549776	-2.03771271793071	-0.578783263821711	-1.29546231024491	0.645315876362573	0.530417477177844	-0.454251895653467	0.342431373502068	-2.25891072602568	0.667695461277777	-0.0959970027144957	-1.07392732702945	-0.935911859556208	0.528987887540716	0.420036583547511	-1.38799849055067	-0.772982418614854	-0.252029275166741	-1.84287755816231	-1.01946654650589	-1.47736042215572	1.64386543242983	0.641994027222099	-0.12835363863981	0.711123110439245	0.975057921036669	-0.888787915895195	-1.02581046376835	-0.160482941662243	-1.53419018154717	-0.810871043625888	-0.7847961411217	2.13789854007784	0.850579812994512	-1.08361169447667	-0.798379883340167	0.958582288363862	0.214811827276214	0.442890118210961	-0.170803227997532	-0.0659817673560842	-0.209441907611744	0.112107258853479	-0.301165543445713	0.388958545120698	0.361685918171307	0.281020941149976	-0.503087398111706	0.568486900013832	0.705389824663544	-0.0548936459725686	-0.620879554440552	-0.0606709065988416	0.534109085072095	0.461765152099631	0.00109531275598532	0.259407068076576	-0.687765018573301	0.886257083310842	-0.859464911927091	-0.223660025386648	0.49173589658509	-0.447311517808349	-1.12313599494418	-0.818384987674158	-1.34862957837041	-0.75924337222555	-2.10325871986275	-0.538208994740853	0.651511122445633	0.704029630175031	-0.320251566681959	0.171882836464427	-0.382591449720669	-0.177239497989852	-0.234961064246128	1.28245979288814	1.12899649449657	-1.37431974080073	0.0776058999534444	1.02859100529469	1.0191514720935	0.146114279220745	0.421762944558474	0.118763819748438	-0.955687892960711	-0.581281086335207	-0.557534207924237	0.71446349969884	-0.0477889087625952
-0.025480658680383	0.672410335284791	-0.313807705307483	-0.189083655072574	0.285333051973105	0.577043675974037	-0.333653524322264	-0.100536752360723	0.536926515428197	-0.77082096222178	-1.37352423955408	-1.47594955565563	-0.711866553971895	2.58305093076381	0.399703731860268	-1.48811193027675	-1.39653459745045	-0.790813911212919	0.292636033237643	-0.962481843882987	1.97252948026708	1.13613602274766	0.728375730495715	-0.457745142268956	0.128006360855362	3.07093794208656	-1.68165832864975	1.05172012065621	-0.190247436183068	-0.0543124885252278	1.12822326515823	0.801536262999824	-0.325148124453325	-0.138525269717385	0.0546215801629688	0.23754870711054	-0.42652715213676	-0.128764999780605	0.370636435690411	-0.0738139866465999	-0.820398735795934	1.91886997950085	0.601482798176758	-0.911218121712587	-0.240283820541114	0.049837529711457	0.117274479446862	0.779495375388557	0.275831773834299	0.0635969652246127	1.42947669110915	0.664142159525472	0.372033317014579	-0.349800326199191	-0.451721160450142	-1.20933193422274	0.830821495664823	0.715287783882014	0.869366131042918	0.199949942955455	0.19417265357314	-1.75788567611973	0.771750471974972	-1.62178053093874	0.544196682786574	-0.724919327366054	-1.05814425273744	-0.199683786145668	0.699216276385621	0.85578013144842	1.26619258860459	0.715704165954341	-0.739300208590431	1.10239220515136	0.0106185393998626	-0.349801245749174	-0.262306672137409	-1.82255719488055	-1.30360749526297	-3.00905890139485	-1.0114600445433	-0.510666201783308	-0.81376434152851	-0.345796034300432	-0.556184803898886	-0.532473828181973	0.334124759526603	0.21369140532908	1.14457617279204	-0.715875018111624
1.1764122130685	1.56736805103652	0.679901044836534	0.685134256797614	0.408034977966991	0.0433154116863661	-0.117834438340753	-1.11676392904592	-0.826878385366581	1.33011794053661	-0.774101523942147	-0.537693377365933	0.144920788893609	1.34193867978538	-1.10684319469817	1.19875056849131	1.46305500459872	-0.67458225382638	0.237868638577953	1.67434325183285	0.4992229437007	-0.839129215508615	-1.14334375404116	1.90299205236324	-0.464598197094109	0.868113637765615	-0.622047821720015	-0.0611224787633035	0.942550655569889	0.0854934769851509	1.89626879754561	-0.207236024303155	2.00613851524077	0.93691186419594	0.851577371850538	-1.31245334997821	1.32157205481933	1.06286246447098	1.78032304254047	1.36214312363156	0.606285134026385	0.275282739044147	-0.0774726661620669	-0.305743688377618	1.5040831687722	-1.32914721084721	0.456629251416354	-0.980466885114022	-1.12929411558837	-0.113405005960878	-0.33112366303643	1.86607614576946	0.988468812301245	0.853843782932072	0.587857442817244	-0.117228193895776	0.618432205405097	1.44594249706823	1.16766001242202	0.412586856545455	0.728947739443757	-0.216203513833223	0.0401958483819032	-0.612716174395079	0.510701807114864	-0.746181967272269	-0.259664199305488	-0.404707620609384	0.96373519953548	0.923055945569448	0.144091787099814	0.821591976935064	1.36982454146623	-0.105757640459613	-0.183999597199234	1.13248913820163	0.276337727436786	0.513613545023441	-0.399809793319117	1.12183028086719	-0.333671437910989	0.507155472812834	-0.349968862307944	-0.17459692834053	1.49924846856737	0.406135179436728	-0.51152088581722	0.49261304857958	0.622927221795048	-0.310082128124571
1.28351823739435	0.470366050538527	0.522422872701244	1.71282166878453	1.03926858508933	0.391122071960724	0.493132061974118	0.329988927018318	1.03687679165928	1.19803523632232	-0.126681312166158	-0.600980394488064	1.2646197461439	1.07792451812255	1.77079214930629	0.595431124598424	0.758974560851272	0.233573453732063	-0.253591705112626	0.0235870858545832	0.792310833926325	-0.244277497017434	0.8916077729849	1.0261170497704	-0.165546104503165	0.964482044339454	0.106334260169436	1.24431450124988	1.43049375451815	0.994564523437387	-1.08153531852139	-1.67080427774964	-2.20207668247692	0.688929593681224	1.00206517111539	0.047796621866052	-0.635449234911888	-0.212381335904393	-0.967656201093021	-2.09467618708342	-0.211954812331772	-0.692142518157083	-1.08198270952356	0.412713174271691	-0.447931269902784	0.598065592627129	0.105843711814625	-0.024447697830312	-0.862460155726591	0.0727763626537352	0.322713556969879	1.21164163158886	-0.0963142884951482	-0.0299553328400553	-0.0665140931532343	-0.145786101046172	-0.698336799627869	0.13587088410242	-0.00454862347431756	-1.0335564587537	-1.50985993107013	-0.78295788777226	-0.350742760940862	-1.17964872862673	-1.59057617752816	-1.35736094046514	-1.60598100894043	-0.845712807141284	-0.956536386673264	0.198751866812049	-1.55914388362386	-0.28750146826768	-1.32458203243198	-1.91427849253114	-1.97662124442941	-0.922985463289806	0.14961582801659	-0.384073549596005	-1.70204131963858	-0.818567733931386	-1.18830862804678	0.111306269359881	-0.378548379916598	-0.544013992858376	-1.45811795436416	-0.572321457166137	-0.754846903558431	-1.139876574168	-0.689521841896987	-1.81815499385126
0.552119542749868	0.766026731455106	-1.28403588936063	-1.32012634540203	-1.39786352439794	0.894130425104605	-0.94072658716703	0.431806127721717	-1.10639451733496	-1.78784188741497	0.432035191110137	0.93724874116896	2.4010135302887	-0.705381929392354	-0.385319420714961	-0.0851886723992607	-0.846777295461241	0.636411897819211	-0.208527445586525	-0.363925598972158	-0.397279295634038	0.318032610073212	0.472993875389988	-0.221960080695556	-2.62447406171277	-0.63335212719909	-0.183380798751228	-0.832745536191447	0.747431897666251	0.106493916486155	-1.78773506070009	0.864832657460599	0.676686851138842	-1.47775329800224	-1.11010280600575	0.134791603579719	-0.0305105040100594	0.0426031161370021	-0.0757223292688041	-1.0156573479401	0.519782387675527	0.147282996871939	0.212714606852461	-0.688030604763883	-0.330334513972894	-0.144645175859986	-1.41283804269949	0.453856246390506	-0.545409405435359	-0.32447581880076	0.427837209298386	-1.11588267017342	0.371918914654379	-0.0499260705798469	-1.55141886586632	-0.417394849834556	-0.166645068393139	0.398972605872417	-0.567536302321922	-1.03133615848925	0.364505379836216	-1.21601198757359	1.30890313180113	-0.56339776450446	1.14889777236478	0.327823140147684	1.18010776474437	0.5445500317887	0.520459185855541	0.52980318093363	-0.721092622073637	1.18783730414957	0.823359246972333	1.4712538901659	0.174329434563008	-0.567649564706012	0.804198246162757	-0.930406410215396	-0.00101874726780215	-0.0999896966125518	-0.516612193460948	-0.592974344870842	1.26160195031597	-0.337952886326457	0.559990021688422	0.774185991150003	1.08627204972628	1.28021760731195	1.11414312453165	-0.663708691133312
-0.767449128114849	0.724725630119484	1.88306593358922	-1.70947694450603	0.662447613456987	0.955275934656328	0.011009522028249	0.641206403847848	1.95541747528734	-1.4280414271596	-1.66144334468896	-0.307443035271233	-0.00998765937039621	1.0545905667184	-1.90655010450517	1.27166587108968	0.0514516683952836	-1.22599345286901	1.47838888828218	0.497438328598926	0.906051876372844	0.385028638572434	-0.227932049814183	-0.0494719651719856	0.293150197273422	0.912670768012695	-0.87545211489074	1.44783824424694	-1.18416403950402	0.430345204177121	-0.240407149731842	1.29775158091706	-0.870188049007852	0.823957008405087	0.284579285403332	0.0127250267319958	-0.611664659525818	0.303331318586004	1.12347926550258	-0.890662233686882	0.336026043879894	0.478915183103315	0.4548827772329	1.6816271861501	1.52077755146874	1.68014551229419	0.210676965423537	0.722124016077888	1.15042340593242	1.63058610418193	1.09453069288139	-0.124872798093979	0.968080789608554	0.963200853064697	0.616397160982271	1.64892407222932	1.17011704763107	0.640442964672157	1.34079665564989	0.147034757702509	-0.667051856131027	1.14784891196202	0.974196684452966	1.71764144899887	-0.643637124937824	-0.186606034611504	0.209604066870701	0.862109593075355	1.65287016858926	2.19884776252114	1.5169836832016	1.40017191820841	0.0861967168257983	-0.232050652460034	-0.432435714778943	0.719049920532978	-0.0103658561642468	-0.264785141328857	0.630565799713952	0.270351254923965	-0.195011447846176	1.42358234117549	-1.09230744233889	-0.1271699296013	0.616055592671552	1.86712577162457	0.486591641297948	0.327017179544415	-0.0622598231754095	0.532284262965712
-0.245976853943455	-0.217257467844955	0.119266612957178	-0.496070774468991	0.616935100459214	-0.305284922642163	0.161510168861687	-2.02166116702038	0.937942031645099	-0.10443746814615	1.62417183149896	1.10559828587549	0.33594324825065	-1.00020286115751	0.187779134029301	-1.52254134827328	1.05397708936562	-0.574584050387508	1.70051696356427	-0.498667086136224	0.522694794163225	-1.19008173147175	-1.69092021308868	0.454737821390469	0.827816048044842	-0.84520497125475	0.25061478916082	0.913447442911716	-0.197337324374606	-0.875312876030864	-0.368676356302458	0.0495058797891629	1.23486066510115	0.793914214829794	0.645473488716286	2.59973800828294	0.839152106756708	0.850003816624424	1.82304861737788	-1.48719326896402	2.09401596551778	0.382544218520274	1.4939470296763	2.06764788946761	1.2846223984096	3.28637943818761	1.33711734900859	1.16571515676294	0.896344667620047	3.78352025243852	1.92877092286358	2.61128585544934	0.593537626643691	2.32077979354259	0.765747314273184	1.18284067634377	0.204844004144545	0.472372879807444	1.61478014316774	0.200784577761725	-1.84759279198584	-1.47458006412115	0.951078714199172	0.170245573201106	0.116911190334682	0.660973318219552	1.16149813205987	0.791183556286854	0.402657177072528	0.0330852773815561	-0.296654705673257	-1.56010424612051	-1.69545121969671	-1.09538851691676	0.26287481003764	-1.06251671577211	-0.527317280601119	0.262341717154567	0.483929967982148	0.018427913636703	0.280587947712164	-1.97304649098637	0.862922378201876	-0.947671159111354	-0.00671700073920047	-0.40509367267716	-0.969934111813522	-0.854533021093037	1.09228017797568	0.373904367801306
-0.747198388290361	1.92572508780939	-0.40679600394465	-0.456195151613745	0.0892521317516547	0.621007940818716	0.0315900378350963	0.885248386379759	0.141740405548637	0.328340089516691	-0.49074376766865	-0.922180773879094	-0.680028843706262	1.07113868834986	-0.520195244896732	0.972802112203753	-0.852071403341711	1.11385847935494	0.285557964197437	1.81790545718313	0.770493777040878	1.29597463700335	1.55934333591145	-1.40774804403353	-0.290534717302424	1.73775427661956	1.18404094156983	-0.696079039218986	-0.892893175945454	-0.230004782663271	-1.40303706633765	-1.15556658944278	-0.782382964733352	-0.987670400120479	-1.66362001756822	-0.325626072410537	-0.295223046586762	0.371526516113627	0.272580470660708	-0.601051729298736	1.53728991392562	0.635231064028372	-0.715999441504176	0.96865501239295	0.462482366756799	-0.12511303417722	-1.02934723002126	0.852025018767047	0.117074817352611	-0.143926064529259	-0.24617093112987	1.11206518125377	-0.98926061925299	-0.0318556890225721	-0.614224711775051	-0.0985978592733185	-1.00592950545163	0.36780571116718	-0.303934899475413	0.244134473278573	0.258582937399573	-0.0461025166400101	0.772203988384572	-0.273920312681868	-0.402263667971922	-0.924911983765714	-1.27901970875051	0.590465475807229	1.03981637848393	1.59874720018945	1.26044434897233	0.581605173877317	-0.692744048509695	-0.05450529113597	0.274895252458566	0.240018164074471	0.860068606389469	0.421629567099109	-0.702784230584587	-1.25229297513187	-1.60775522127175	-0.707162077045675	-1.3954269390827	0.459943861863552	0.138879294059597	0.454808747343999	-0.940894780558092	-0.992618174352451	1.75056088709516	0.956529385837065
0.359862644066301	0.381297106191992	0.463124843005452	1.12180382272304	0.472855825379206	-0.893701420949572	0.636425086034986	-2.07035746327655	-0.746182695319201	-0.830989548192071	-1.93679234946212	-1.5169735532057	-1.6320773286217	1.01857958667784	0.58698773102325	-0.758375391123769	0.16428682935547	1.82637519147343	0.610067243051647	0.555060652127476	0.295204441649547	-0.1662861494045	-1.278204380448	0.0949156611813159	0.133926115462777	0.155581384128892	1.53481504681559	0.37178612260969	-0.159660436199102	0.0892187093883979	0.861228812541349	0.194095953775816	-0.588892066779838	-1.27920232418975	1.0849866759772	0.379603916248007	-0.737981610658022	-1.18837099651615	0.173092531166508	-0.435046578845817	0.442174499634643	0.353700678649567	0.254292233627921	-1.28324897074315	1.41249455267219	0.150194333485499	0.212717531661546	-0.14025464457696	-1.37434242765202	1.39209023887747	0.738740800474169	2.09383987174604	0.576647518598894	1.95547800562722	-1.06588085322797	-0.0881246550884153	-0.546068097775454	1.21054415955725	-0.732843265067295	-0.0456823933935905	0.443109361594352	0.650331418210257	0.897913984635411	-0.208120530677704	-0.612997300393543	-1.15518476567533	-1.41264883326747	-0.876445270098806	0.737617737214528	0.67852923647011	1.50375536979235	0.785279646763795	0.823985828727797	-2.02458256380066	-1.93590490553603	1.10798407404905	0.950403443366881	0.806720766086778	-1.1117799124365	-0.722302022642628	0.127952068942615	1.8942023744482	-2.37966679422814	-0.54826342789988	0.0813398620445626	-0.327857495979183	-0.279969856941942	1.43801549470371	0.73082071003522	1.14556517651816
0.611156224274435	1.01334644850936	0.479504720035243	2.54164456004049	1.10140213311315	-0.803738607808465	0.532139547401583	0.159780457901031	2.62522262552726	0.867117984558029	0.050127780822202	0.54636652426119	-0.722036302219917	1.45203397405178	1.48612086214146	-0.389556403392303	-0.319155622079528	-1.30904298633323	0.680272585216262	-0.117718732224224	2.08163495439506	-0.439429771682445	-1.08807667616936	-1.05784541482615	-0.310208760832562	1.07618293630321	-0.477098773527531	0.249471114686466	0.0195935884016936	0.781219826015053	0.348047821134916	-0.501364278316088	1.24102061260518	-0.34284961996766	-0.0649367475232787	1.729166397986	0.532567355703062	-0.97046355582748	-0.184733187094949	0.466048639246954	-1.07652698090649	-1.03440734891939	-0.0484397091687405	-0.902405589345671	-0.988239207041658	-0.110378546297445	-1.62986130932686	-0.716521795741661	-0.949830622506932	0.148523622854145	-1.73860856189688	-0.568575749436251	0.640207128413301	-0.417726235828759	-0.514342915432827	-1.92768352685083	-0.248118469028288	-1.20972875669283	0.252997746587953	-0.413980346907239	0.0754839402722618	-0.0480079617817746	0.207399298865064	1.79127414983508	-0.634403687013614	1.13364384969061	0.0757259895301951	1.36366297137393	0.753159331370395	-0.289383389661268	0.334609033501825	-1.23749033932751	1.02183652433716	0.311730973786009	0.288910382207695	0.194982575054198	-0.496018036591292	1.20693114485605	2.13115255361426	2.14299713771645	1.13857495838793	0.399624385855533	0.0170839677806326	-0.204550495748642	1.81753441018243	-1.05318654067851	-1.48006745518004	0.936122005500207	0.259265441034504	-0.202319864792906
-1.12601916316977	0.353366445264853	0.218626767286724	0.930086662040816	1.50744399570138	-1.04623144645708	0.833755221931293	1.37154186323588	-0.923552655131847	1.55125183232231	-0.104251220164697	-0.185380659458788	-0.419909018020141	0.181877754265292	0.837635716480501	-1.1505747643912	-0.256378735550276	-0.0276320203521871	-1.19014672602381	-0.427894268140952	-0.540353194092908	2.64946319884992	1.45091905928042	0.117552505760706	0.0310978522489628	-0.182819611836882	-0.384889044276036	-0.634402493822224	-0.132340226263426	-0.207096898579355	0.815114055082534	1.07489104264235	0.0120635116252538	2.29476946987384	1.13542936073474	-1.29170991057623	1.19300244850421	0.332743820399663	0.759078656818119	-0.57586619981738	0.0191199099612003	0.125940945689409	-0.429556774084792	-0.218954746443322	1.20671826573361	-2.12864363965446	1.66478456219872	-0.0976974953120111	-1.60672832881128	-0.460593886929436	-0.39086342711385	-0.26187227542899	2.16967331092072	-0.612542249839745	1.09738967309437	-0.441433613622889	1.06915291231491	0.415522152184178	1.03752838919466	-2.02147460040713	0.138010297417403	-1.15293039000692	-0.582288480830152	-0.433119734983962	0.982140029745029	-0.000417767291557306	1.39634427759229	0.39266369884817	0.245604207262388	-0.315202430762809	-0.666100618760004	0.215308853911263	0.886875938299682	0.546160483006204	-0.0147809751263361	0.0615011843069766	-1.16428637986634	-0.106899779204924	0.525059488734529	1.7671922996588	-0.496177973859927	0.18416642912125	0.870410722483858	-1.16668972491361	0.287001426779545	-0.476587282710325	0.526465854760623	0.272684002905278	-0.929569581010322	-1.55434653879939
-0.106424356607046	0.307481077635757	0.128781663733229	-1.24947682387428	-1.4578804852315	-0.759781503628859	0.835189661568041	-0.439625885642684	0.149075411199347	-0.279148898783955	-1.5835293012227	-0.496464279675715	0.263496380192393	-1.55660437329837	-2.05434390544498	0.201361309355977	0.72341432172282	1.35690364030477	1.77761285554805	0.0134718195867342	0.0136062006808027	-1.54050212478048	-1.1480963175885	0.23548137658654	-0.180081673785041	-1.78849493175727	1.62196605252846	1.78327867170703	-1.35794694887086	-0.317883929776635	-2.89839717996833	-0.535666786032347	-0.158515569059633	-0.318264783553534	-1.29823282130769	-1.73329282572102	-0.455017333781079	-0.750530600847614	-2.34089962357005	-1.77193189696649	-0.133886505538672	-1.88000171447444	-1.40617405324912	-0.550223068459917	-2.18273851144137	-0.230398508428604	-0.820355988393555	-0.484641242551831	-1.73006457821602	-2.4798563772497	-1.108059728963	-3.3008826104748	-1.84508623173774	-0.65456926260674	-0.743844730531259	0.160190477763394	-2.36853119325993	-1.67198341567413	-1.75787419289382	-1.99818740972223	0.767929738344377	-1.04778057472102	-2.59928683019077	0.285379420397215	-1.89895657751307	-0.0774636083725016	-0.045001361805481	1.60363844981532	-1.33718862069181	-0.787754564628289	-1.05433265188011	-0.921688666636151	-1.832670369484	0.684348629712484	0.373904652997503	-2.34826925177042	-1.19268784954249	0.783366688033235	0.724274383669583	0.124167450279696	-1.35269541743772	0.556587849024065	-0.342176667380022	-1.34337787266904	-1.50428967647515	-2.3090668761205	-1.68089344996065	-1.24260883934053	-0.78465383498395	-1.6676050751049
-0.723368363208731	0.180072581462811	1.01200257574076	-0.424144239649628	-0.109367787590428	0.964472476670201	2.8390391194499	-0.318966311244389	1.20107932062495	0.0299151703527531	0.186242406071565	-0.520787437723209	0.461591129109908	0.657032893571195	-0.949607696282805	0.884657987892917	2.0778278999114	0.484528464697842	0.673317466682691	0.221160173337795	0.0429257689231874	0.0627608092748093	0.488365631937955	0.983082981008647	-0.147822158278118	0.489348864260627	1.7009990174205	2.60185544323179	-0.0110083950240985	-0.413664777501462	0.173049324073554	0.770051345050832	0.192303752461774	0.551285235847492	0.57614237298529	0.102071580981937	0.632088182526703	0.240487577075201	0.786507815842689	-0.192746107609969	0.282538890103497	-0.452145000141647	1.41120108546124	0.33268961619171	-0.569327645915992	-1.0682329362457	-0.529980261267143	-0.315398506108886	0.466776023887954	0.733655867218333	0.88098535187526	-0.998722151257691	1.19196464201579	0.516739957113319	0.124904615939994	-0.538938861622258	1.80500514593533	0.0931129988087851	1.00541610875806	-0.882736282233865	-0.397339101328231	0.561747012147472	0.915554317785348	-0.203972388907737	0.486914444634152	-1.57510938167679	-1.11732029638274	-2.36349156738735	0.990470252125015	0.350091439661551	0.434182980041438	0.178468821245513	0.0182731168370969	-0.0378732180519792	-0.0783531462691265	-0.153117206799033	-0.168697035261995	0.92391486603554	-1.72462171303967	0.00721915943081469	-0.337100913831056	-0.0718952736190868	0.510428233813851	0.404148086663357	0.273804137041303	1.20763625782858	-1.05131951280249	1.16269898176324	1.61084435948327	1.33914094626764
-2.2158243344066	1.73504225180257	1.06402328917337	1.57408037572696	0.821875676638894	0.709501395127529	-1.80047819449785	1.64965236155133	0.330356039828131	1.82340099900642	2.69829879988617	0.964493942119814	1.75324680207802	-0.695065939133834	2.19172493377498	1.20163617278734	0.720205249928156	-0.283033413972705	0.0914638283108105	1.03014174997483	0.977358859647187	2.0331336505485	2.97248401722434	1.20940692318697	1.09003401984764	-0.355980421246935	-0.496209515411031	-0.535155886843711	0.247295677314865	-0.549473236817087	0.966933721286873	-1.16579577820734	-2.59315350764953	-0.433785528076075	-0.0979690971092012	-1.18039921136595	-1.72486566632559	-1.85135271824895	1.35993460798198	-0.582958175575778	-0.823614921989214	0.145874011756158	-1.23129798130164	-0.163195861488269	0.490876126301439	-0.31013792183292	0.375163343038403	-0.924315101000423	0.193487857138207	0.264119134179154	-0.978529251884817	1.05418383467525	-1.02622430002255	-1.9726545604272	0.249592231437156	0.722895497917202	0.807610643034506	-0.23571163762189	1.53381954950636	0.690642342455818	-2.48220641125093	-0.279691939183883	0.18919437666075	-0.717163144112027	2.10537148543207	0.40611160360821	0.309002004737798	-0.874677502290065	0.99324127176393	0.332108882837871	-0.0741822280446343	-0.661477157162349	-1.07226678919591	-0.164295881803913	-2.113914601231	-0.60877321890097	-1.20213029692972	0.207001051511616	-0.13618437041717	-0.296393692545589	0.0234253073695289	0.728454629147646	0.498792779806535	-0.917049190590884	-0.128410777957257	0.66038716192254	0.113469311803863	-0.574510625166085	-0.0908924359914038	-0.595878412232407
0.725342748340726	-0.00662088390150902	-0.104900295079193	-1.08956052949751	-1.12493151194521	-1.00607946798518	1.16877209662785	-0.148098895727369	-0.660388996104498	-0.464616018340994	-0.0730873715428599	0.182394202146102	0.569245909333658	-0.728644773617613	0.0484311143591543	0.834488614573828	-0.426163890185076	-1.4555609195391	-0.44882087299856	-0.113508697504314	-0.89349101243251	-0.508881745956222	-0.108760680519861	-0.771918841551881	-0.513791554548904	-0.233383405312128	-0.943322787836554	-0.222892061025407	0.271926310150021	-0.307979536425366	0.398066238471967	0.614443420948185	1.01914845603526	0.745407836056598	1.6364908595272	0.821792081566173	0.650369481893006	1.69178648940446	1.34300480171318	-0.0949716742349971	0.19532596736091	2.11736257699931	1.00920361054616	0.580279875563235	1.4082203722319	0.737389974985189	-0.251481434669944	2.3182814888538	1.28203028754861	2.24193261358866	1.4717625709658	0.826672592126147	2.97016277047979	1.08449697122551	0.366729358566676	0.416820337075028	1.56137987601776	0.299289563707856	2.11670900214962	0.0481981475945874	-0.597266694694609	-0.555207043442453	0.296453693789698	-2.02490155651647	0.601947216593956	-0.440494524063197	0.00919038270531986	-0.189108767032583	-1.2067231146072	-1.22945642966976	-0.0814375270943412	-1.16319370115794	-1.73970613737092	1.68900660433505	1.77559944096454	-1.47517341735402	0.649834524518326	-1.34191949647715	-0.578369816360699	-1.39545629979819	-1.19966210177024	-1.98774380334891	1.24759295258274	1.51603164010915	-1.09572110519459	-0.352917219435145	1.33492317056289	-0.377800927379449	-0.792645589586527	-0.760011794202797
3.08352812911552	-1.1145585695496	-0.270712379898515	1.36536464083363	1.86010302672223	0.436289143446937	-0.155435795593545	0.930014719488593	-0.794340080969728	0.774054435407767	1.94402333885262	0.812579451551371	1.12610438811579	0.758383974147468	1.90376812664926	-0.378233877720256	-1.64279719540557	0.908178409438236	1.35422316905194	-1.11276457734802	-2.41713819018625	0.622370617005335	0.967587255651754	-3.19353242393186	-0.848968090594454	0.485381732233999	1.70455035553804	-1.52531510181678	3.64187970291487	1.76329826943988	-0.019652486377364	-0.706954523723616	-0.0710816157847256	0.193727650502477	0.551984215705805	-0.404477244836816	0.705515365581731	1.24302655864517	-0.540596469020641	-0.734361169148621	-1.26290185881377	0.110716957417447	-0.734919466813635	-0.757204963389698	0.188649681877773	-1.31250160792209	-0.842976297739287	0.1563679677705	-0.799482778905116	-1.24562665288784	-0.406530368520432	-1.09463884397453	1.61394745482134	-0.465756430490193	-1.00029570049499	-0.952970015248134	0.788246331944128	-0.476180148575229	0.443645929224072	-0.658415958312667	-0.285756812271664	-0.152470765746533	-0.275077222208126	-1.41191444378636	-0.827093015671	-1.5944623831424	-0.364973009353889	-1.18967783857543	0.336406286587009	-0.122358592531296	0.147722780374658	-1.19753016323686	-0.617950158995974	-0.0901750303755281	0.862502909652045	-0.38201809773411	-1.09054095475788	-0.578424699302825	-0.671136841421898	0.409009122974467	0.193337478392736	-1.28948367241007	-0.535295086764674	-1.05063745895318	0.0517444678411405	-0.559084439686014	0.679529248070576	-0.594426213104003	-1.19523115750811	-0.751451712486331
-0.085804031974313	1.65470388256976	-0.231245055171088	1.70995956487411	-0.340900688620706	1.78427284822207	0.0454236941756649	-1.43297451627069	1.88272801268456	0.929725201386333	1.90921815519555	0.62998192418468	-0.215684191500806	0.28563344259025	2.16089105655696	2.29917485421665	-0.66920174283777	-1.66393339631008	0.260179936373219	1.03465933841324	2.56512317345752	-0.900828277277356	-0.638506620188394	-0.743114516546908	-1.66689402195313	-0.0892318090623664	-1.38298177779314	0.328576277928562	0.478061218109281	0.351777159722679	-0.720337378146021	-2.18696121981831	-0.741376840415083	-0.4432874807841	0.0628276071566652	0.684471278676114	0.294225497541237	-1.3496344526086	-1.59903035722891	-1.16632640315253	0.208018092874808	-2.28542974312895	0.256869647339365	-1.09966240756197	-1.19208437743865	0.0918828102894297	-0.259201446088055	-0.689507720098258	-0.685145029566762	0.6173360065794	-1.2965805719903	0.0810580811090773	0.451077955231993	-0.212471837180138	-1.08541181908827	0.235388458261667	0.0495676754209695	-3.35531979041748	0.336066208442164	0.260960565763757	-1.80875273564037	-1.85036995123378	-1.93331500629233	-0.971046585306486	2.29932742846121	0.116093442248176	1.50325490274409	0.416352856437736	0.568172845722497	-2.36032366930528	1.66041678826509	0.882773464661477	0.182094312975696	-0.0990854557302234	0.0519340963398585	1.90383802318414	0.221633539630793	-0.791210276449467	0.746392274267997	1.25688869764031	-0.435419810912396	-0.0229171536479069	0.778822848799984	0.770940804564764	1.02605023072163	-0.321033531715178	0.0914211800134599	-0.985414979084758	-2.02056284032007	-1.442819558889
0.194678896504615	1.32100644117611	1.49934573424946	0.580528287063635	-0.128012107467468	-1.19254819475253	0.434701107681586	0.368021509267228	0.549594636288267	0.55548477410137	0.124100601533226	-1.02230004827555	-0.896008295254584	-0.187140670417921	-0.0345683030759346	0.17175047974158	-0.390299179390684	1.34547078542474	0.546153975186947	0.573711663337278	1.0300200082076	1.29170014073274	1.53694033388427	-0.401907992704707	0.392084960742453	-0.630699250739117	0.999367422421451	1.23697194496193	-0.290220993180129	-1.08246220485914	0.320635922615046	-1.11951439924126	-0.220654032917868	-0.651630925639046	-1.17209787087234	0.68149045169383	-0.507853191744084	-1.41779899400209	0.301739159966378	0.451695211876971	-0.440060301363572	0.170798504120073	-0.167168820607691	-0.803960002342817	0.539086731136953	-0.860428165863035	0.641365602091138	0.342489160226813	0.00488813826557469	1.1580046424758	-0.168371339335044	1.23415293989831	-0.449336344686801	-1.02289600532286	0.0169386545992541	-1.54637472221724	-0.853007177048937	-1.19413120775249	-0.64592592677766	-0.586227800284621	0.589304591055157	0.0270860273463571	-0.0819653587304118	-1.00814786448431	1.24644065495307	-0.246075184512827	-0.355216755233102	-1.24239119131636	-0.197784235387108	-0.203883427885367	1.32877468593808	0.319735925733951	-0.412225576329144	1.46433120306511	0.473350366116385	0.676649072528935	0.27665137199804	0.0793178697361687	-0.811995525633874	-0.188172313463068	0.732475201937383	-0.0700773445935302	0.421543868139959	1.32053449969313	0.257587317314456	-0.311784288813268	1.47243854094092	-0.427119441359534	-0.866524287608888	-0.694331099687787
-1.04115976116299	0.126204105918283	-0.417791314171938	-0.154894864507652	-0.664815663355512	0.0542768890471563	-0.436003719856556	1.22465396967675	-0.838423632188634	-0.793842743857059	1.03088074820916	0.991803949412165	0.540072146232664	-0.682750100664509	0.296720985728345	0.0214489499588305	0.921905831213636	0.959873800598767	-0.369156010287412	-0.13261890398238	-0.947513825706493	-0.406308619905476	0.155591727496405	0.648625267519729	-1.18576506050506	-0.908658484936336	1.16580063018885	-1.04228332664533	-0.584117755918809	0.472005950079848	-0.806386161124329	0.155117805185744	-0.348093607450354	-0.194036061163166	-0.115829329585382	-0.213421306172954	0.332728756175279	1.45106158547346	-0.0352636779914003	0.119810206414946	0.71039248979121	0.710901697174694	0.384609304586938	0.745389475881437	0.0849440071775831	-0.0722616178800061	-0.754493617336234	1.34436476238896	0.595854209221756	-0.133455607208608	1.30631992203218	-0.284333772269079	-0.203264241771264	1.44317001273558	0.761444702381832	-0.9211025881813	0.0398601379584078	2.01750009300789	-1.58473266403387	-0.338062963748685	0.428918451468427	-2.11954367597713	1.38838667017235	-1.57973082157887	1.75261910151275	-2.07039950221195	1.69070548152803	-2.10757632112586	1.41920356844011	0.553128241093321	1.46260387587652	0.558354736781564	-0.0388706340942911	-0.44798120219573	0.280326473449944	0.025455347517833	0.644145858042666	0.242945180006624	-1.87457707546898	0.826861441218727	-0.641536513521351	0.919628849265838	1.44133614865072	0.120664058858356	0.140346171237463	0.704019822306606	0.666885561636006	1.36300562620067	1.21770578804438	0.728011189763806
-0.0856393637821437	-1.80284180261785	0.0172972678851007	-0.303066303640432	-0.381601452573116	-0.807502002342672	-0.837214635888166	-0.137491429842551	-1.35891181845214	0.343008553605384	-0.521458342945657	-0.856783082319891	-0.456433837387506	-0.0267059593263894	-0.0250676233815153	-1.23344389636583	0.0453094805656182	1.4088531746557	-0.166045274982051	-1.23215480721365	-1.33430398016159	0.503895128950628	0.398846594293907	0.851655967226812	0.628227837655699	-0.170366510418576	0.446717231791403	0.055059890591087	-0.193093155172133	-1.21216547288578	-0.676565884979333	-0.460612871847079	-0.850761966410865	0.63570851250189	0.696939943226973	0.802671242800029	-1.43794253900525	0.221105933327847	-0.817336709733347	0.321510445701444	-1.1681032393665	0.791750720061872	1.9143701310657	1.78582356093767	-0.899398101395726	2.42236177079277	0.646003878352837	1.35588537339402	2.6942536544879	1.46838348874575	2.20241252699665	0.211949819722703	0.99607071064357	-0.342901314819992	-0.772220421467843	1.39592136678717	0.389985892205342	-0.868789408578432	2.12818296024304	-0.000143725386561557	1.74492626286219	1.70127592662558	1.83664989771463	0.0963264675796876	-0.319756852028061	-0.244902689723868	0.245809742380246	-0.338129688760556	0.505178909535836	1.21130595909164	0.843650065705426	-0.303120702444345	0.696744607943202	0.317398929954364	1.54740488996687	1.57864004448866	1.172097299342	0.176822154886727	-0.190030781083569	1.49081463384493	1.20344708006597	0.891416479672597	0.406339604736802	1.67679668040073	1.16975217473356	0.493574155263245	1.90006070308913	1.69426182334861	0.918808581827932	0.947540643216822
0.655877064691313	0.835934087201392	0.492866801928818	-0.166056270026322	-0.968713637933079	-1.43360030534669	0.0803063612779749	0.291926523408194	-0.184241532648387	-0.471309968078228	-1.32775653082522	-0.0443177578869449	-0.365672078317531	-0.955529385854735	-1.02003158758887	2.11622384501273	-0.716382590539994	-0.539234752184997	-0.51277692465187	1.80304037778245	0.693829523168792	-0.55332568327843	-0.529088607011549	0.147161515597684	-0.0991814973914016	-0.995127521198578	-1.28887754285726	-0.142652086511032	-0.616940360556921	0.00840713400685217	2.17621521506753	1.75347342071249	-0.0176254077992258	0.51633009016096	2.08729671267145	2.43775849911693	0.285100647745834	1.63107333444583	0.396427496230521	0.889198598319636	1.93103782391376	1.92335995858002	2.06176813510062	1.79052885652603	0.831027481876406	1.37576733085995	1.65175617307395	1.23509384726607	0.835412201581781	1.27994429624563	3.24232158533719	2.29352732842959	1.37720324358664	2.61151302951311	0.9532081737556	0.682754182970355	0.517971167254151	1.18119502385704	0.739587954575849	1.47780912979959	0.187849372131211	1.33555681490906	-0.704917241671063	-1.94894728072923	-0.268386649653882	-1.88993753945073	-1.62691783640998	-2.00556407877562	-0.490359815507548	1.99098802399912	-0.595209571576304	-1.153609214819	-0.244986468196884	-2.05491098017979	-0.909185918558631	-0.514458247135193	0.0177324492579215	-0.144239000635249	-1.81473161825954	0.0285189772758946	-0.346580277868551	-1.04523169095219	-1.45653679893046	-0.473258299112307	1.21443495952615	0.523570296509565	1.19022687258137	-1.4409530894045	0.715981928005989	-0.670018270986055
-1.65976746896248	-1.37116945680459	0.147085042999785	-0.693421305618156	0.410934764689206	-0.122427301707929	0.523610035170155	0.0429719545851982	0.632918912122195	-0.519425634245098	-2.24084629632898	-1.0327784108873	0.108842210761258	0.655892797759298	0.828970628657384	-0.743514447924369	0.128417862499403	-0.463945720265767	0.908917416825292	-0.703498671426238	-0.137930603180112	-0.316655459435994	-0.593807103952165	-0.0649803840634418	0.366817376152164	0.508011083898172	-0.180126079877536	0.692069880181622	-1.27907755620413	-0.205115842046287	1.11718062959806	0.718832387352184	1.11471114231774	0.225159426675242	0.062572774721861	0.908653217473434	0.372983543974824	0.62328397326114	1.35318547523239	-0.223803755116635	1.17922342906571	0.633270787202429	-0.0298809636378034	0.82944607941817	2.52878109417454	0.652638322780802	0.270971077120659	0.829616402634036	-0.702413832612546	1.4113777872113	0.169794234397534	1.356864840664	0.754998714014158	0.902959123569484	-0.358787694529049	0.69845288609726	0.584262029439918	0.14759613047374	0.960207154477091	1.00079327587744	-2.35271387254643	0.423826714321386	2.46948540955393	-0.222618041313378	0.683368823251629	0.533076666623158	1.00867006785835	0.500886601677131	0.967005159187816	1.28395062221044	-0.0830662227526342	-2.22473479425275	-0.422610971866001	-0.0952662858794149	0.408917656087209	-1.02857528067743	-0.289857607570957	0.663981381028939	1.07389706421032	0.323861295143845	0.703887074767147	-1.67247359601973	1.01034102549043	-1.159529274137	0.566222545947007	1.30962432452964	0.63478340544612	0.838682801036989	1.99839379281761	1.64648712623559
-0.10746411927876	-1.50189828001798	-0.720529631901656	-0.664562766149633	0.568925097580676	-0.185468464067195	-0.668671582319524	1.33472506276384	0.725403979436481	-0.664840059149385	0.437624623791245	1.14120212060731	1.75792258544556	0.732398128171721	-1.66594487254442	-1.01011107804016	0.588612389520792	-1.23072162692277	1.51373540334064	-1.04145502027289	-0.667198304457924	0.596732808367293	1.43774759133171	0.119489211691115	-1.13303924753871	0.175379897767717	-0.467070215510893	0.903593544348301	-0.292105476285401	0.59117998188556	0.0277691591501725	-0.42393790644869	-0.995977593146434	0.629027796098872	1.80416265254558	1.57533372302704	-0.254107670999796	1.08550421483867	0.148658631465849	-1.10008769110456	0.942417893698204	0.328992416886779	1.58597042961428	2.38544639317346	-0.333196436446942	1.80603734658697	1.77075213892115	0.74183649354064	1.60056117903644	1.41943914652311	2.29423111543936	1.81001215851885	0.421161687457451	0.367443112041413	0.613909328538856	1.88478293584073	-0.283926056748702	0.0828229960384067	1.09390613586558	0.166678185677701	1.02746466057569	1.08054993461385	-1.54601392432967	0.827096344213405	-0.532244134624695	0.671212968061901	-0.10815628247261	0.994511529697461	-0.627478944810504	-1.38192230148501	-1.52876792021782	-0.772166312415165	0.299748215178958	0.129861026888068	1.29973905889099	0.377752829538075	-1.12831760677676	-1.29674866747041	0.625777261147447	-0.0503628251693597	-1.35509323733435	-0.00766278641561535	-0.263223188775168	0.861671743983762	0.564289336890765	-0.400403376703993	0.157955506860868	0.653765458381752	-0.709689680045566	-0.345508663742722
-0.21538622629568	-0.43675586185031	-0.787194257092758	-1.31878777608141	-1.4253199197412	0.615663013981793	0.676374396414342	-0.451865709353705	-1.27833366237587	-2.03055834000638	-1.63584017161553	-0.684238114050419	0.490984568415545	-0.752114362353595	-1.8712221556415	-0.0716797003403426	0.88163967036998	-1.86095819697751	-0.69791903765939	-0.351236647971707	-0.805989219397266	-1.95554593588183	-0.567008472982611	1.18601539910351	-0.777296739237526	-0.945862878349157	-1.55858883719049	-1.23188103570549	-0.532919132757334	0.499659873016072	1.0721738362916	0.879112915413826	-0.922026380047285	3.27381852412352	2.87935229475626	-1.23661543813936	0.562081596837517	0.488182996240173	-0.353241132577023	0.338830418797237	0.889584952590536	-1.79284791830197	-0.24005863574674	1.42473339462384	-0.0256815328629934	-0.82384277347093	0.962884723514047	-1.12306612203877	-0.347220864053517	-0.510359290452631	-1.26076686195846	1.01179304299393	0.106163156904241	-1.0978791473528	2.31356875804004	0.124381019611725	2.10667592409878	2.35368088467812	-0.12033049442129	0.744063398427683	-0.906037461194033	-0.7168530651263	0.156187573153139	-0.800907547955327	1.41185601538348	-0.365580101183099	0.746382869817936	-0.391415889658589	-0.161181573852262	0.853227330642496	0.287572027074541	-0.245961570400206	-0.278983520880738	-0.517078281757331	-0.700431397902292	-0.316019598708961	1.20072476230294	-0.180566027044938	-1.12814209555002	-1.31244003926591	-0.466462997477528	0.515829717795909	1.21560956978723	1.10019548740149	-1.59348347484626	0.64921507574269	0.631013020365834	-0.945735092759291	-0.130438189263	-0.0300021563207849
-1.89063835371648	-0.127880815629319	1.14388395660886	-1.96805792736463	-0.370290622159569	0.88014852161558	0.048592437168299	0.426650240144944	-1.03549833851163	-0.345870003355763	0.29553996118818	0.136685754528961	0.803061484981769	0.293747165041567	-1.3658361476025	2.13821402016912	2.24388133800537	-1.83931428217678	0.0704284303794288	1.6036509196778	-1.47787613458118	-1.0893614574437	-0.601762589409059	2.30898848232286	0.9431453641172	1.1274788654766	-1.07913446175483	-0.824324775008025	-1.1389193640717	-0.330872941484633	1.63331369379288	1.55366853634768	0.109163798987494	0.552542324994482	1.47329117403014	0.675652622810631	0.261448047408636	0.0278342645409429	2.13700366339723	1.21119283516421	2.04724903615621	1.15457457043269	1.47220860600935	0.993687911543021	2.78362127212263	-1.32472369769599	0.56561733198826	0.0158214236065261	-0.73308393131817	0.912284095348308	0.964819274795361	0.607141776951844	0.468909917121987	1.6538303948166	2.83642658988784	-0.555366631538542	1.77172665385036	1.47642652401755	0.0916723609726466	0.682221268869038	-0.0629394362794531	1.15359938614717	1.00554758567975	-0.128369858068373	-0.60958294910097	-1.59731479581511	0.408325309363612	-2.05165867806393	-0.203558562922847	0.526217886245275	-1.66310929535242	-0.394611172260815	1.29987740172224	0.164953496009801	0.570792158450548	-0.0698919012956595	0.99495157697582	-0.28778310272474	-0.86367092997628	2.11446746962496	-0.284220286331108	0.120703762272179	0.620349134534178	0.827574049540207	2.10601317110166	0.58951779793811	-0.173239541749249	1.3239865201229	1.21632358227741	0.890040980968394
-1.3937141148949	0.692567363119847	-0.194672064426125	-2.06543969450599	-1.23801684759828	1.13522609381786	-1.24561885582199	0.29150536456553	1.53596838794873	-1.23441522520052	-0.183782293203011	1.0452051578067	0.975100123925912	-1.3194598107498	-1.76696934122317	0.918430165699523	-0.393684585024756	-0.434645725838429	0.89572540993417	0.979985998621402	0.883974707275383	-0.0503470058311493	0.157081292323284	-1.00586223506078	0.326740134063802	-0.971437676238004	0.0942602499439752	-0.443986609236286	-1.89713320538608	0.139521113820623	0.871058566138805	1.22537851564535	0.521383395561417	0.467031986519469	0.955657656665025	0.177643777041062	0.0460563688442033	1.98442136198788	1.38919493532014	1.92055473760968	-0.768869665207446	1.04319145856237	-1.05498850978896	0.56398808465564	0.534881722251676	-0.753913326219616	-0.722865373187152	-0.282612257063855	0.76590056713411	0.21518220505289	1.36953024903955	1.09961323251207	0.98424647121649	-0.200183431493504	1.27158321537739	-0.625453539523283	0.918424718644917	2.30279496903635	-0.0664160316710896	0.82117236183851	-0.754719219313785	-0.880457457994984	-0.179072821894068	1.03415421012373	0.892121743786626	0.00652254304591819	2.32681137632392	-0.894148253340078	-0.680858731168102	-1.51119315557795	-0.932972862279401	0.83206062268734	0.41967457586284	0.359784713348406	-0.521275938388819	-0.0366394444357804	0.36195143755728	0.101151640127094	-0.227633287158473	0.232907682316811	1.24721588595798	1.34065935405724	1.42779199802999	-0.248080143524854	-1.19217499149458	-0.295543624096285	-0.191761023422518	-0.699462938573555	-0.810851936743521	-0.168126471848447
-0.527412093644782	-0.368914915495928	1.75560268590543	0.321923097052582	-0.0486123516742712	-0.615070497795889	-1.50438482837345	0.974194005177453	0.604344469937373	-0.39484026296923	-0.00527430839840947	0.478180368752148	-0.10924003632239	1.10738573970436	-0.187363288906502	0.820612674307033	-1.24137462027641	-1.35466341029178	-0.133542468002232	-0.115458517968816	0.150062877941909	0.823157681790804	0.264405350324761	-1.91938153508138	0.589245213712741	-0.240837476664865	-0.741174822327489	-1.45143070423394	-0.831753425839739	-0.357440130233543	0.131703529905497	-0.69570196602602	0.63141570072333	1.02011685998916	0.0329160535749578	0.491624783374118	1.3537702549257	-0.223765427081541	1.08144043013027	-0.499774891156648	1.27372461743581	0.570009251523953	0.435321984271207	0.646677756712853	1.39657408797931	1.41604136582859	1.6629765612033	0.67685698799796	0.507716219511349	2.38498642391121	-0.18560844302876	1.31232181295628	0.841740511728419	1.75859768360038	1.58851452835189	1.1660453581911	-0.128854508119252	-0.137279433950361	1.76028378238086	-0.659773875929723	-0.0388839136449137	0.833312255936582	-0.256406740374909	2.12592534063217	-0.0754231935567377	2.099817550045	1.02760075805925	1.73392549898167	-0.940632142916243	-1.21688421343822	-0.237309503704435	-2.10033067136103	0.727365400379353	0.761611694839617	0.00655781661419718	-0.753853793538053	-0.668210437407192	-0.341688891442027	2.08959026951355	-1.23367287101719	1.50599475674948	0.47619997604769	0.354660922421844	0.158841869788254	-1.65725080054245	-1.22365098565328	0.601043891323579	-0.0886959416962559	-0.243982879450041	-0.000415948335023141
1.45094109407893	-0.984374131705974	1.16034398428372	-0.0783824844634097	0.620363572160595	2.15759744088068	-1.25436504459413	-1.05807236514138	-0.353442746205844	-0.992230638610271	-0.585377270229607	-0.732073482400083	-0.452448803023746	-0.0492263747410475	0.558193715443559	0.393834589929086	-0.480793100142545	-0.693391970207967	-0.751113569342463	0.287199626971127	-0.218699412807852	-0.635940741572201	-0.659672923373563	0.558313053511008	2.48036522982511	0.420458200864321	-1.51295112231455	-0.153867865363462	1.11937392244409	1.59499356886024	0.0492137079412071	-1.15983432564399	1.93646105349694	-1.23023329580097	-1.85021640413949	0.0804729679429049	1.68972426346933	-0.0615641481777632	1.31593106626526	1.26506711957431	0.600297494290459	1.29808782181212	0.133835765634586	-1.02601031267529	-1.11277117390936	0.300406974233831	-0.0156779668221879	-0.44765253253875	0.0791751628146117	-0.85165623521244	-1.09025031481286	1.20844707281599	-1.82737175227527	0.143125314834833	0.0522185778204838	0.294065038874228	-1.40476611101599	0.445707618887219	0.346587685786983	0.753135355537822	-0.32022787153477	1.74333872027839	1.77821555150627	-0.34430985221922	-0.816296873964877	-0.265264195622421	-0.717343171009803	-0.266772712427934	0.573463347913575	2.10477523251042	-0.00540980257364653	-1.19256185988762	-0.229856379010066	0.57233364972867	0.369959318071699	-1.07813038637168	0.767072096670572	0.182675712856606	0.483379223646638	-0.724009520332589	-0.839635987258878	0.785491408823357	0.12518441122421	0.948938204185043	-0.662551654253733	1.31522845573602	-0.0340940752235795	0.862578337639409	1.20817729449154	1.27987425257992
0.891065889285936	0.334049160396057	0.702482069122246	0.272563030352311	1.2777569899457	-1.05714637073096	0.359978031772503	-0.28452949312414	1.36954718441227	1.1040745520816	1.17450071092842	0.814929492239889	1.812993068997	1.9840865652895	-1.24444876564496	0.964309653538704	1.85552230414408	-0.453690693127829	-0.414755867772648	1.15647216549054	1.88601136442117	-1.83564810181968	-0.536570541629305	1.95133311491253	0.523216693232399	2.07436701451896	-0.0831337984559729	1.23487436758393	1.38385077435755	-0.597096316346128	-0.253166260614131	0.600787068514085	1.00428935541867	-1.20659632097631	-1.10792805965773	0.495378275386604	-0.347606305555003	-0.715640732257696	1.46246039963095	0.295688433078676	0.296244008991792	0.685291163414975	0.616519091556587	0.208970620732315	0.986955085090881	1.3661167810739	-0.893478428984332	0.335159625106584	1.03299804154115	1.58072115255712	0.226286857238054	0.178277786775363	-1.09999316779126	0.652766666483976	1.29455851066738	0.809284926010993	0.553155301428853	0.748878425468453	0.53126937095666	0.75025624684012	-1.12240274881546	-1.15300853680594	0.0157097377052517	-0.277621039380203	1.34778744171317	0.944538366563675	1.52570155639183	1.26535325593624	0.505058415452645	0.158806807771998	-0.395808203459901	-1.06429011953617	0.564550044939707	0.0925821642840955	-0.165482100867057	-1.45021023639613	-0.391183406445744	-1.26130333594873	1.4176466286452	-1.27385204680115	-1.39663205376646	-1.98881550955465	0.7903795881946	-0.842662792911786	-1.31938124792209	0.62682804060167	0.651908511962476	-0.778699603485605	-0.0841440884197923	-0.744194463879685
0.593597968823372	1.5354745663696	-1.71347909610083	1.18762601668966	-0.354019901265936	1.74287253341724	0.881289985206862	0.703126698131733	2.33098609807178	0.00411252900844324	1.49841177683134	1.67758153018954	1.11682758246286	-0.725382707198084	1.51387464606508	0.106306927035005	0.765710900525727	0.26292117249971	1.60244798838033	0.877565544333962	2.80546971893739	-0.669688691933785	-0.206153119972584	-0.251813604068194	-1.25517646447806	-0.330074245606196	1.20894516499413	2.04224098540116	0.89515604080174	1.69100439651001	0.420538730224405	-0.700165177847727	-0.173563834624074	-0.536267837540967	0.607641791240836	-0.0662442909828545	-1.09195687921778	1.29391033236163	-0.565454738798362	0.468566348564534	-0.0342563566870992	-0.708783683543227	-0.259805311147769	1.26781177689723	-1.10345132152392	1.00551897454261	-0.519924844511281	-0.67778166725182	1.0491383022475	-0.802552291185046	0.6540471270296	0.944785801417699	-0.925290905198639	-0.346531703626368	-0.108245082856977	0.493150639035263	-0.423618960894184	0.348563638803739	-0.184978145232617	1.9148375003689	-1.71474651832545	-0.554571404047607	-0.833697097366102	0.406004872026984	-0.0910967583328958	-0.450665568613048	0.392254449623829	1.06379030523615	-0.143213897806132	-0.400837118416243	-0.632056011320936	-1.73722777464303	-0.886579479894207	0.530205322813466	-0.430418664250363	-1.62836820153294	-1.98174254236343	-1.7961442162257	0.115572897408273	-0.762484217499688	-1.92954278267161	-1.43696636575658	-0.347116206076229	-0.426496769214195	-0.466250863781397	-0.270961898830242	-0.216874644170343	-0.117864604589387	-0.732552040811438	-1.4927357303663
0.0932317370282403	0.300799783705463	0.952393222585229	-1.0320247396011	-0.046149905194404	-0.150216778088894	-0.00636343727560145	1.6421084064422	0.101498428799731	-0.522198574954954	0.136053854271917	0.813092519480075	1.2260987950552	-0.3970643129517	-0.251058149249712	-0.579695828355565	0.91418878808918	0.184229082167989	0.957159764191246	0.578950737967326	0.363934668827325	0.915565539813038	1.3044955637483	0.900369267640666	1.56936311974064	0.495752787326644	0.332875839332543	1.9672958985502	-0.20785773760801	-0.14869521799222	-0.426052527241185	-0.0894971050332773	-0.663297237250333	-0.878673683523408	-0.357639434844132	1.04392627336761	0.517407233487439	-0.998439758792858	-1.15423099239707	-1.30382590174642	0.826619057027864	0.314261760143169	-0.327106795484484	-1.62427575804072	-0.768698495969091	0.298274256141306	-0.176334225857384	0.918400799973032	-1.86250243884617	-0.0246801768126976	-0.0365129169836704	0.226477792094133	1.49407934642009	0.9162942820979	-1.94941139545368	-0.631370332012957	-1.21957758936915	-1.67790617625447	0.214640539104707	-0.612378630129776	-0.607859564896831	0.910817136225134	0.957449409497802	0.181536028710548	-1.47185337495001	-1.74013118803916	-1.86255636677403	-1.31657679850453	0.233597572315289	0.106890828996203	0.13605306908872	-1.33590750970093	-1.26290778737461	-2.28132141552421	-1.0892802198243	0.010737275881754	-1.08746023792912	-0.449947978103335	-1.6290498805047	-1.32604693016047	-0.656083394546869	0.37035417451414	-2.06541324951052	0.596838564417546	-0.39865417168089	0.846717496068442	-0.731513117785572	0.313584611676935	-0.592444682015877	0.824531283814031
0.510309545292568	0.685405937498611	-1.13033262453182	0.355030785645908	-0.943508311664566	0.960893838839902	0.354958232109772	-0.330679775849336	-0.830248877918872	-0.837735538842303	-1.01358393969279	0.242154000026618	0.519925953537927	0.149270936958696	0.311800616639756	-0.517854364393102	-0.172190882344438	-0.157648359974212	-0.356878251488289	-0.0922497542114821	0.950646660799385	-1.24826050180056	-1.2928986236663	0.452114971661274	-1.57801485697118	-0.199815781786227	-0.681712274665348	0.151634827452725	0.374120489805654	1.71521517714844	-0.919485110219183	-0.599635352557564	-0.899136294264513	-0.155883232731854	-0.480236952619924	-0.49279350959537	-0.964760647388974	-0.956110162137549	-0.667992584775142	0.0284020203233961	-1.86006764075425	-0.904999937729117	0.224328500263086	-0.539641406972959	-0.16220308202457	0.00218275617608546	-1.09726546213565	-0.490569915507537	-0.225314844318897	0.252929174402314	-0.644648735837552	-0.451255081926945	0.172487714412586	-0.848799825802654	-0.825714612536062	-0.638828579535235	0.42179786713341	-0.443160960908819	-0.0252953296178264	-0.257378292049108	-0.154255420263799	1.03840392376634	1.71790492813335	0.438314192867208	-1.5394613358199	1.1521706146116	-0.835940057276428	0.711331653637074	-1.06556072778437	1.90860899427798	-1.59649544460436	-0.0970207900459403	-1.20065274578695	0.653946000551927	-1.28607060637165	-1.82952297178047	0.793182452667038	-0.200356871408305	0.132691416826355	0.103115249716049	0.679489682848545	-0.957417535707555	-0.702045813275282	-0.8575840483942	0.054794826045614	-0.340609330347042	-0.228074542447434	-0.326684647817337	1.32812855290772	-0.27410748660293
-1.36965761680071	0.653103909768783	1.45336967781082	0.276574536779939	1.85598803398578	-0.299622872295078	-0.0384269095263	-1.02884171662239	-0.274476702249628	0.570090683945944	-0.436711046830018	-0.845100588425321	-1.05501453422316	0.669229876808646	1.42662594431247	0.775005333423697	1.39182865446254	0.0694193949876446	-1.17434680442546	1.40753374019181	0.488067850460667	0.55222632017881	-0.0795405529386237	1.67811847453835	0.786009950567292	-0.420057280385454	0.0818849266408177	-0.269163863133358	-1.38024302632184	-1.6538322573691	-1.87916698311996	-1.66169976152122	-0.679195899040712	-2.5634017818887	-1.3372598377637	-1.79259158634768	-1.41371281415992	-2.54088669663855	-0.885566555791551	-0.899076913567626	-1.14375927515214	-1.93053182696476	-1.04162626308963	-2.88757079819818	-0.236430564338434	-2.62526984368893	-2.85720464941274	-2.73182730931547	-2.40430065722338	-0.717987764249582	-2.01574428476321	0.404284882572483	0.453755854608706	-0.699875717068602	-2.52533697589939	-1.31345638815035	-1.11501734524055	-0.603801684808465	-0.637349940364542	-1.87936724864551	2.61890378423942	0.369831316501859	0.147701109758802	0.145226371733431	-1.42762503984627	-0.141811835899185	-1.30227267437302	0.996751672485903	0.137283774620326	-0.260393441422154	1.36712949248834	1.44414618579322	1.27029451169107	-1.23880202241852	0.613904631793182	1.4295110782298	1.61770348679869	2.35671863021658	0.70229774122135	-0.103097128723744	0.199781483296799	1.46618047224968	-0.846162215368281	1.18961885563767	0.323310063730301	-0.6093905700287	-2.09877424542749	1.85330618660749	2.90024339567024	2.3503628600166
0.667490633613827	1.17233012100219	-0.781005412619	0.215326725472526	-0.072567901210767	0.0958693410360104	0.228571660871251	1.14351459440711	0.292123755004917	0.570276673682713	1.55466380575208	1.21874546849088	1.80839915781664	-1.13411813693917	0.0413164852038508	1.17489065225245	-1.04112381549687	0.399680377518082	-0.273838363047237	1.22325816578595	0.542515197831877	-0.371787336080137	0.399439898384057	-1.20136921588333	-0.872836286041269	-0.789286850776614	0.250828593164474	-0.422314246928932	1.32406564643051	0.493470622122923	0.627015412035295	2.10446348658833	0.349229500827114	-0.210365408162548	0.156765480813705	0.00746476847424587	-0.738514003213423	0.552624631147301	0.0491244867170772	-0.209950961923315	-0.807355217192166	-0.509771376046783	-0.6983966539802	-0.582996442156471	-0.655047308659838	-0.216071098079355	-0.32422387207394	-1.08629589392875	-1.43286682605799	-1.34647353871768	0.720893786170914	-0.546223091091358	-1.29265727442887	0.0452209735909948	1.44451334135385	-1.63108322914235	-0.842844097508135	0.811154837202542	-2.54181630500624	0.469931337190046	-0.677245854148668	0.748814622775664	0.573531647776164	0.561721867746424	-0.54727087484118	0.618296413380212	0.22229666847263	-0.529050662835222	-1.33043037458279	0.265146056514426	-1.81806703384037	0.525666720452929	-0.4559228660389	-0.572397215258378	-0.584376972060867	-0.524120622973547	0.300563425810783	-0.584745968283622	-0.208273393251677	-1.97161068872368	0.0622084170329245	0.762114695846464	0.872452743941991	-0.127733043966968	-3.14078216948599	0.78526677871555	0.17841913279793	-0.798624291305149	0.231670976266417	0.911142384298611
0.541063241160207	-0.580363762929524	2.41493468502048	0.297186412993003	2.11741419286828	-0.571487094708777	-0.851873248169498	1.15363376399993	-0.346166551204047	0.292453456960829	-2.11003855641236	-1.42687724155859	-0.169015269291203	1.05865410996958	-0.664406429085682	0.343770871074747	-0.447604185309845	1.67311169641642	-1.37505896403163	0.572124803411252	-0.437743887641159	-0.897495552623794	-0.673953812979731	0.0420500490163547	1.53765310829622	0.034611319789411	0.826938513443787	-0.0447214334751065	0.910836586889352	0.417752172307349	-0.0423131384335692	-0.47478414249233	-0.546061677926495	0.331026097318745	-1.49330331243997	-1.04538426971566	-0.30564016144787	-0.172907705401172	0.93549258958505	1.28705602617324	-0.182489337312332	0.287621021008593	-0.850163174101078	0.0092823808994811	0.820824470941875	-0.0465550941281125	0.39479704492767	-0.5449145112765	-0.369027300811338	-0.313208269806461	-0.694713307043069	0.581767167726748	-1.11332761753725	-0.501807937964629	1.04219025494535	-0.383377786237671	-0.0187105303116792	0.269334488160359	-0.359430616579301	1.17140132068162	2.70842990136252	1.95290507814626	1.43951618244674	0.689559316877016	1.91944927350001	1.24515215097858	2.06738207180746	1.14483490863716	0.512915555714745	1.40784013096419	0.780072520183154	1.78163306131685	1.17943136536762	1.18692401739942	3.34692112276595	3.22984750333753	3.18639720127719	-0.545644324741923	1.86514615551629	0.834472861346652	-0.245228933754848	0.652737466323633	2.31962432291677	3.80879310947342	-0.789857169079093	1.81554985318875	3.14652737375591	-0.080840157256177	0.71742953047757	0.431701511744405
0.40510417706885	0.221961329918003	1.04064523541425	-0.00989410712204473	-0.954759047784158	0.520817398091281	-1.39753133211934	-0.945116843940279	0.260297810668899	-0.691094991308049	-0.0558020692668265	0.448257628062359	0.66054547971348	-0.230045660832832	-0.600169242221244	-0.655105467448627	0.0177273156158507	0.0122054266173973	-0.328792944191411	-0.23964346896677	0.494679075956001	-1.713324540158	-1.54483329885775	-0.353452420465123	0.458789276513969	-1.03471678020655	0.324555951247631	-0.217231984173225	0.267244760007965	0.495534530115776	1.17053797314477	2.1935840519422	1.55484347550133	1.17147231837809	1.19790461620167	3.122328002351	1.02398220172912	1.44767107674465	0.889385891071417	1.86694615827578	0.687369031702176	1.03770488304312	2.08987607143396	1.82706979980138	0.395601178980277	1.6393726766701	-0.0638880774168946	0.940925681937453	1.16508626302874	0.804306180938489	1.53002142232697	1.02340042183492	1.25901256741358	0.527708550070481	0.224894835072159	0.413789379441794	1.78530087248003	1.22912334233148	1.30014708759569	1.82486557015323	0.751445745231064	0.158569974015246	-0.230810686693438	1.02029995135557	1.55753775310314	0.711559569824234	0.347701720676892	0.55026122456145	1.08525495762498	0.0401387160358517	0.866005165764427	-0.196312924553635	0.189401850931982	-0.00808615619871348	-1.40336935511412	0.738305877273438	-1.0116750103297	2.03744267499617	-0.272036502224211	1.82886960250668	1.40557571374613	0.431049796953505	-0.49224854356232	-0.784216357223046	2.44218226256718	0.25169266766151	0.568248230761205	2.0266767172327	0.0963669838179269	0.354652485750614
-0.227817090081157	-0.602712740103064	0.146405090694166	0.103036615205068	-0.458309983779824	0.224430390926931	-0.453459165266707	1.00901481831969	-1.34887294902163	-0.165595196767179	1.62229506417662	1.43774157438777	0.349270257216075	-2.36103433774327	0.0776744229554987	0.290271365293569	0.574295316017336	-0.351817693988837	-0.278428397094293	-0.0330998416807616	-1.75284655257797	1.03209678604272	0.545628306478533	1.16692682236436	-0.18880600751239	-3.07844628434437	-0.665444417323648	-1.10915421024486	-0.13576217766731	0.262734002149998	-0.993540174298387	-2.19201142654428	0.00726061013252284	0.473255646893466	0.0404555041602418	-1.15799989623566	-0.133585941951973	-0.564815408334861	-2.15505047984074	0.881454130969008	-1.12218161493307	-1.29788738789431	1.04972452949156	-0.418726487125189	-0.822875454198743	0.44030390065593	1.57725084904889	-0.466774523271259	0.57171015473029	-0.976999001760674	-0.91636001580029	-0.521952250630773	-0.680549225547477	-1.13122325971843	-1.05438541927756	0.100113317605274	-0.344825233087337	-0.670718113932379	-0.549293629563971	-0.191034065855833	-0.417138190430513	-0.184993294642022	1.8632319456443	0.742200313806735	0.607016543928627	-1.1790418888828	1.11439039028189	-0.0914241877370646	-0.0708216136454384	0.500774606680189	-0.536518036596588	0.209857286362166	0.774407746857218	-0.633178097168326	-0.683536831283586	-0.335429632080691	-0.950278473014689	0.516932325405101	-0.216059762224286	1.06029819416455	-0.220092235145782	-0.400274772939225	-0.617350208694875	-1.28046929908107	1.52885675861988	2.36606297496619	-0.161104967327029	1.01295119020592	2.26577992192874	2.10575954780023
-0.787906630358477	-0.115291636243901	-0.0785313493962629	0.323519391388452	0.0692935372258703	-0.492807020457424	-0.447445893729418	-0.0774100203288679	-0.605741762610482	0.526553539694266	-0.146670404119313	-0.314307528212121	-0.23796389520889	0.73738304386394	-0.304499639764981	-1.37359093713688	1.31034877722754	0.486941376735373	-0.365918156007474	-1.32461375171545	-0.68052861183691	-0.173753976283654	0.0344101300021597	2.07504635347974	-0.15860743308379	0.732613671407369	-0.00488968139842291	-0.600257766227069	-0.427897364591689	-0.919924151995493	-1.02309354671072	1.432667622585	0.475894830596461	1.1287917976701	-1.34366563251197	-0.0239771424385503	0.169136586719275	-0.563196583645801	0.418310296140333	1.65871377045461	-0.476016203460452	0.0169974189941584	0.76330359101324	0.340874333715349	-0.268642976058026	0.968004356482668	0.1689958259762	-0.443370119625156	0.351551110263143	1.0107603020006	0.313394178287313	0.139490145859118	-0.542042260865397	-0.44481393179643	-0.289016907086342	0.951754415412015	1.1603328454316	0.163453397705254	0.434352057511179	0.959171658285445	0.433008303960455	0.0482638340986481	-0.0471998393785458	-0.103935478575498	1.69690059728361	0.657359069027604	1.53068991122616	-1.01091657339719	-1.36841715616512	-0.578325358203078	-0.206311938027482	0.272137320113335	1.35434775924922	0.240340089184341	0.131106695245527	-0.0286153035699313	2.15856847951001	1.6019687047685	-0.37641577215208	-0.317758393411248	1.47403735066984	0.550223948843502	2.26229067801928	0.591463026922774	0.0866873771360318	0.0998561132209878	1.11705465545827	0.935497828375909	2.44685081107855	1.07634382494018
0.769616276177882	-0.380896219448475	1.26515152879466	2.43958751801168	3.04222268853359	-0.566420582140779	1.03917603060859	0.653603913944818	-0.452383893647309	3.33372327843819	0.928251772642062	0.561958695602036	-0.106534392336102	1.71756551200804	1.10522943531583	-0.741572365320471	-0.371337295694725	1.05235097803703	0.209199889999612	0.590880874943767	0.200127017713229	0.440071849448423	-0.130258331679608	-0.1912949529277	1.45210171761955	1.05471323652075	0.61025243280909	0.960543253034733	1.2170009725485	0.805360471722838	0.645315480831048	0.822555576966039	0.82453860830882	1.47524957351458	1.24506045391447	1.16332853022213	-0.108005356092799	0.138126954257599	-0.755389040052145	0.587266909329497	-0.825721594895763	-0.845596876340182	1.76490535987187	0.687746427287308	-0.476113309678948	2.19165279125557	0.324871560930679	0.277368058423056	0.632828757310767	1.05952228415284	0.60598090403003	-0.429898714943391	0.466453015887134	0.324672699884454	0.189802233479443	-0.0579233977424852	1.52826939748431	-0.425147930561704	0.641724983875017	1.04325351488238	-0.370284508713207	-0.689619281788393	-1.55170447492484	-1.65341232125894	1.90539378794478	-0.455676240353243	0.717600837826652	-0.702206278660571	1.05844455848694	-0.510807942312995	0.668437603859215	-0.895592859913325	-0.689868417720484	0.0144439719513916	0.351850496852061	-0.323957919613713	-0.452260388228581	-1.29853378463151	-1.16090780601434	-1.72887236364182	-1.12799720225649	-1.60205099499618	1.71744203954522	1.56744099613456	-1.96275154007963	1.23024067808817	2.33523917936297	-2.00607718864307	-2.15717393322616	-1.44922414885044
-0.82419198388252	0.324964321713632	1.82734702585878	0.00197544246243439	0.738790204700125	-1.31669680395096	0.446897671689821	-0.532073958004538	0.222118340923404	-1.192824319167	-0.434176350731329	0.855414449729096	-0.79539792976208	0.0935899498657553	-0.739832709379931	-0.380000688073546	0.490539693904267	-0.941568730730951	0.953688608473627	0.20451785134374	0.10251266921839	-0.512576340856172	-1.21568042894923	0.2743312792786	1.56225075289592	-0.830823242301202	-0.46936358929884	0.963387769044451	-1.83220046463709	-0.796613382886174	0.643054043588903	0.689486740523624	-1.38615179270173	1.22099040752798	2.17788329616828	0.296905635294076	-0.984047299282568	1.13568589651369	1.44637171475831	-0.997826071743187	1.23180051380732	1.82556396966422	1.64040657090863	1.70543429981958	1.08571751716767	1.59767184312342	1.90705350139194	1.13152837861122	0.563205634156769	1.34286850772871	2.4673443344393	1.64250473556582	2.16605276896991	1.55649498023571	0.441123834209301	1.27582346099705	0.423237977536221	0.0868220878974346	1.82674942170738	0.352146993846213	1.56365061497269	1.06227759785612	0.175456478674944	1.41710697440991	-1.89127678607207	1.07821658911736	-1.93589766124765	0.169881331343529	0.216938038939036	-0.0665719855935162	-0.163639683987034	0.0941506966493043	-0.987131308628776	-1.43193147867105	0.0112946537333319	-0.468627291687171	-0.414815316197629	-0.780227111714991	0.577335275436834	-1.14946525213956	-0.754834301460053	-1.23691396313094	-1.83005565593943	0.45922264465583	-0.435844367794901	-0.424887218199966	-1.88006050588301	-0.0334865423105102	0.13738347640491	0.0553019136359847
0.683850554930358	-0.749783328625861	-0.0789257977254778	0.930383160366823	0.100963293769264	0.779028236418011	0.0936938941916333	-0.0471262569575045	-0.121100099703796	-1.62596043359879	0.605876180038497	1.26392645206297	-0.828562678249057	1.60465401708435	-0.941766911737337	0.0381901162027356	-0.199561911616278	-0.228931756755646	-0.477857511040347	-0.208462833862904	-0.962254439395386	0.47792840561991	-0.316141063463029	-0.575197298137282	0.212272931046257	1.78702246384606	0.0957865747938348	-1.08323799448488	-0.0678519243642971	1.39423891012156	0.230170811995723	-1.155088091034	1.37382493155671	-0.346716110601283	-0.182688196493511	-0.588384347702725	0.117513149649967	1.32312867913548	0.0699992686762608	-0.334335494176127	-0.637580034242677	-0.205034454268817	-1.82263966483965	-0.856454767703817	1.0764676760656	-0.680538600964853	-0.462364471086426	-0.202064976376569	-1.51650136506793	-0.5306431500483	-0.178041959446058	0.407600370617669	1.61408185906703	0.360352494328601	1.04348289745752	-2.19377862308971	-1.5087367486886	-1.10714293210558	-0.376264759001407	-0.801218615651188	1.14794718071579	0.592582765468707	0.923574732502029	0.91925511100294	0.956154500535311	0.60065494665557	0.71118072692217	0.682216324240406	-1.31738526902913	-0.736165758301574	0.00929091703811628	0.301986040505957	1.31112403160568	0.418044887881205	0.133264110346429	0.634577497240918	0.665701386901098	0.721146203863266	0.636332864331102	0.0793435881017241	1.09284504502422	0.764331195192379	0.974029438648134	1.76189254438835	-0.175755723399155	1.47991926377208	0.922229339907485	0.78877222039659	1.22189614169433	1.63119440087687
-0.0849850412490271	-0.535788797861697	-1.15898191738676	-0.947183385747627	-0.83956260597672	0.962457663069646	1.73265143601326	0.188001636574871	-0.349552883941955	-1.72046314611268	-1.01609825311922	1.34255293749669	2.05969684339978	0.497442537386183	-1.3800688695215	-0.355028077576345	1.08058802340713	0.8014701203916	0.0270300909386896	-0.82859099967453	-1.3963910332862	-1.12914572502013	-0.668430093203197	0.454010391556667	-2.48377610862355	0.268258930555686	1.36742238610998	1.08271988948785	-0.603089449656495	1.15193844479845	2.55898465094518	-0.0445550486837427	-0.175450048939308	-0.134258007829173	-0.388580601485722	-3.01119908433995	-0.418583266891135	-1.68580808942919	0.88948037321285	3.13413697690949	-2.25934980479037	-0.00659869706609811	-1.66505957067384	-3.17024327909477	2.04959073297029	-2.28868178018485	-0.196256988839052	-1.85834596380348	-1.45998955614155	-1.61979597817696	-2.87874686254879	0.22491567068461	0.293340408641079	-2.03917223666058	0.634578982165652	-1.44722205784221	1.42115230379662	0.713984615516677	-0.379229081934874	1.82756232091821	-0.379334085972802	0.0214480107440636	-0.651895970320718	0.902490656619255	0.544510577024497	0.583326887746378	1.00591510099612	1.21190455676635	-0.74975390410777	-0.827948258523622	-1.08518596040502	-1.24328237878114	-0.862632246772876	0.788676123165512	1.38903476963759	-0.612626416767909	-0.119676958013952	-0.479367756322433	1.10224195103372	0.0464333168634113	-0.660351989676729	-2.23838429752366	1.22267386362612	0.752215039553596	-0.378358632866665	0.86388768745594	1.24584568762533	-1.12123034213717	-1.05115721341722	-0.817837943102819
0.210991556424867	-0.651304071773582	0.248928907878175	-0.353371672001178	1.06692557839163	0.925880253355864	-0.0265679623175599	0.104179654528335	-0.781798117441844	-0.332706237625481	-1.61322880015671	-2.11086377927814	-0.156224287919753	0.963080632028813	-0.547008276037363	-1.64587956022083	0.350147449934311	-0.495379555483355	0.728718386554211	-1.40052521119202	-1.69428067633675	0.136959214885951	0.904933242914256	0.18566114006633	0.535379711534525	1.03159551815282	-0.186690578345702	-1.27676316835868	0.622067865994037	-0.0492651678245009	-0.943230776290698	-0.203272712292861	-0.421110824336017	-1.65526295793552	-1.29754762100959	-0.160263865754485	-0.677277734973883	-0.233753915851078	0.163966091720059	0.303872640974217	-0.59920346003905	0.194546910781578	-0.79792228993155	-0.567007113872647	-1.69000944431986	0.783350247947801	-1.29092972152149	-0.360421674129522	1.26780152768651	-0.390886207548921	0.0499195179378581	-0.264477032933063	0.117011232384924	-0.566245470640741	-0.842115814539111	0.978945129820023	-1.2639074962565	-0.836265641451395	0.394658472346698	0.470954908561063	-0.487066069787573	-1.24239830080348	-1.68104295621682	-0.0120212004031865	-0.00983830602066345	0.469134060963095	-0.104232611138877	0.981775898129477	-1.15790887057812	-2.10171062653897	-0.663675663081727	-0.618418959430454	1.20783358170451	-0.617274652918383	-0.681206857993996	-0.403777481418485	-1.59398748392357	-0.904916629794923	1.26267116225975	0.652008480675825	-1.33233354017217	-0.754275314560653	-0.680403536801197	-0.360286615611558	0.81852170243184	-0.952838720390441	-1.14802742613098	-0.127900927868326	-1.74620815088813	-2.02643747932369
-0.382940898559186	0.666027908074842	-1.02166701201253	-1.0524205468873	-0.977988731284733	1.34487104008372	-0.68893176598557	1.10084175531682	0.210359049432799	0.245948460537651	-0.5691142920399	0.102393180573535	1.27792341401924	-0.506128722594515	-0.913288814279927	1.15567463752077	0.228173695097581	0.0468886369260293	0.319214826423822	-0.211963791293531	0.300253834832859	0.434283055996514	0.508854155145887	0.78793363817906	-1.57978609526048	-0.512979864584511	-0.388846889047033	0.44191426429124	0.33019745935557	1.47772485442367	-0.685416758419231	-1.77670879601667	-1.13328375715458	-1.82673568899729	-0.508471185129294	-1.38431403987693	-1.76409784448224	-1.90088596391167	-1.50689614898433	-0.659881392640843	-1.96188068457867	-1.82427130997679	-1.27079680703255	-2.00361346857723	-0.77880372719506	-0.681905475714179	-1.23462560046984	-1.35460893058213	-0.256566178088423	-0.144371659991998	-0.866967711450669	0.261248918478726	-1.4513286376433	-1.93877530593408	-1.49111745088427	-0.277081721774756	0.151920906117785	-0.368353253079224	-0.776294269873558	0.171144562237624	-2.09696436760843	0.47454056519011	1.00231989699589	0.750333668269826	-0.054290672025131	-0.716917510123734	0.158801061950152	-0.0750856821589838	0.130030379018689	-0.28154433109517	-0.21116726166241	-1.90261243970772	-1.49438978893618	-1.64767803010741	-1.94197242476311	-1.76046406962477	-1.63714152797716	-0.723734042415599	-0.180691330572392	-0.619637161613285	-1.42542931629806	-0.584841778123666	-1.13592898168202	-0.360271253439632	-0.941451341868747	1.27981916398285	0.102014747696445	0.28518599664517	-1.4743709731461	-0.710733657358608
-1.5225429030494	-0.184398397256927	-0.364534066945446	-0.328468100250361	-0.65019877219542	0.129702677873746	1.89187098481436	-0.821436585732205	0.630641862230525	-1.11615605889803	-0.45969696075046	-0.0382035057374634	0.433642354947695	-0.0911621287372239	-0.856633221923028	0.255080619871002	1.48584417952995	-0.306420379830673	0.176507317885076	0.572734976864232	-0.21880072656489	-1.05503927077137	-0.736065818260333	0.304529733525225	-0.361300484726233	-0.460520505365819	1.03418317700351	0.222018044734043	-1.32782309183055	-0.819638382084088	-1.81227908984282	1.14938082264811	-0.152214455641042	-0.571782064010994	0.372830262604991	0.377108273591714	-0.0721589569626113	-0.966439650635961	-1.37963010601172	-0.620330863337457	-0.617942179076862	0.148315094852562	1.11153204322155	-0.969961202364746	-0.327109776061466	0.136761858993887	-0.645155847770019	-0.0637662674680007	-0.839175159009282	-0.0468435826313132	0.473677369885749	-0.558381351800676	0.934659708852017	0.584488440824001	-2.38904817861093	0.0734483899464848	0.329609334502998	1.89750601734816	-0.0896629440241752	-1.81229448595439	-0.18089554437912	-0.288539112465855	-0.905450833681466	0.29665612223039	-0.760923946387757	-0.147591510406069	-0.453549607670656	-0.846865858761229	0.55638746438056	0.181253669594796	-0.263995063728879	-0.184864736588874	-0.462900314395641	2.42791308610633	1.15901611673899	-0.779938111843283	0.178554038665223	-1.6727938410276	-0.682363471654027	-0.993200081359655	-0.338454400622773	-0.731377042134868	1.36382505379302	1.35598423149721	-0.321622719489722	-0.486490737722758	0.341192281301356	-0.639597365356468	-1.45777055933272	-2.16511086845099
-2.14096632162174	-0.85448286257062	-0.38411649726434	-0.46744902441039	-0.113184327471964	0.467481043149299	0.0864121225772938	-1.26286373764957	-1.36212903584317	0.577280091314499	-0.959516608979176	-0.376467061348834	-0.729763039400988	0.271437714964433	-0.580057449492415	-0.0726986287923643	-2.55155299955752	0.0965509922396102	-1.71047410883849	0.00499881051833621	-1.01576469115355	-0.240995130159343	-0.903588568365406	-2.43716088490413	-0.168636922462262	-0.0515941128212588	-0.5094735934269	-1.9069952174098	-1.84806285798404	-0.438247405149559	0.797372224465846	-0.251575281673052	-1.20122366781888	-0.0506485691672119	-0.392397714366574	-1.172132642205	-2.11488870284247	0.160290523199479	1.17053150849389	-1.42597873369568	-0.842669093412583	-0.400138057332605	-3.40237374663117	0.925040331131789	-0.748687513412869	-1.8645578987287	-0.990283604192987	-1.63028637198404	1.33665872411474	-0.302177487253938	0.150466016431777	0.678642057088893	-1.20848445023271	-3.11373665972201	-0.076122310794392	-0.268617563684917	-0.0805194153376847	-0.259906013135054	0.928120181870202	-0.217623659603699	-1.15978186659636	0.122304153541012	-0.7072720712584	-1.2426100091897	-0.367184300169795	-0.2349312881316	-1.03957454321402	-0.9633464885716	-0.472702692124582	-0.241400008180692	0.123328228853054	-1.72303724538288	-1.08645044314839	-0.88484836653821	-0.445824629056987	-0.868530935648211	-0.936603089056487	0.687474182226001	-0.137930964366051	-0.92080128953437	0.795125828888662	-1.04729086007863	-0.609292143034463	-0.810722784845182	0.601077759654505	-1.58600208465313	-0.480605634195312	-1.09362267928434	0.855731297591655	-1.2832351425975
0.647335131115897	0.0418822884910677	1.31364743415765	0.837315094317684	1.00186526477684	-0.827349771749821	1.47556956978289	-0.939867388445737	1.62327089415198	-1.04035868327506	0.086325535717455	0.541100781331225	0.0864333296343978	3.11165945010813	-0.823346901357052	-0.991387902263596	-0.989829014057384	-1.29071986757449	1.64451995478793	-1.84071222690123	0.374532114447556	-1.72467459103024	-1.33850438941095	-1.96348147825431	-0.807612365097799	2.04283625757351	-0.394181059973854	1.65355634775989	-0.333781914652037	-0.64611527515667	0.0855595249541257	-0.714570939278793	-1.11742635043621	-0.954282874686055	-0.068718034745523	-0.527304259296366	-0.693781152068218	-0.861507511042844	-0.195034756863055	1.30828461464916	-1.02247951775971	-0.104268443462568	-0.0327603175641081	-0.684643683341463	-0.319263195000662	-1.67771912607349	-1.33007431229185	-1.32115421235208	0.535854824566016	-0.524851637579542	-0.282810710591436	1.43137228356736	0.764400674380175	-1.21064412081656	-1.24009970583862	0.241881675993753	0.221750174468036	0.441391651395344	0.67678671594559	0.156165448425495	-0.689606855059811	0.380704907949268	-0.740087029293167	-0.523112884086536	-1.58975330292969	-1.39552202422253	-1.14665916741239	-0.863918117119559	0.961367665332873	0.481645329295162	0.603416119547037	-1.27412027353471	-0.957724510190374	-0.638122004094723	1.30996106076066	0.0303780182677056	-0.964022872590224	2.12936574930628	-0.215738149241845	0.481420170367687	-0.256608731992519	-0.509299059396216	-0.213457182168365	-1.30818486080277	-0.895545955742456	-2.03693482746292	-1.59852022709175	-0.889774776090048	-0.23446597710482	-0.761700321066148
1.49529335250523	-1.77617773939468	-2.47213651583025	1.08508465678336	-0.0736745993017239	-0.0292183872531056	-1.2947009896677	-0.574992850867952	-0.682391852003544	1.10565481906318	0.0525533971895984	-0.165560226558528	0.768547993374716	0.502724551590301	1.13284080401341	-1.41632239033375	-1.00810117860551	0.122848721048649	-0.656863682442343	-2.88151299046271	-0.96039789269687	0.301154816864887	0.529354767451531	-0.10722749864496	-1.80314689460805	0.968133610524268	-0.852360100926216	0.0842338389622824	1.90840176270775	0.868834223632919	1.51200246200347	2.02649172533463	0.0847205098140967	0.0796948194007275	0.457578848610448	0.738030876891966	-0.122803059214503	-0.243746739597937	-0.343466691924689	0.752450686402358	-0.547613124108056	1.14168578021837	0.691474735085118	-0.495378811559353	0.264766391693572	0.732473835697096	0.450979840650328	0.926555207714889	0.819561079702889	0.425564781054144	0.105597095055057	-1.22905185313932	0.685297554055492	0.843938800580219	-1.17377220358555	0.161363928193304	0.935806238448346	0.0924928867898093	0.152952170410281	0.669502571848558	0.0885316010190189	1.52228354420909	0.346734110134037	2.47357020243326	0.72940892410849	2.12848233383526	1.21165080651422	0.619195345256265	1.66899896260699	0.71210659392735	1.888402314498	0.667684795439596	0.654906415540768	3.42659812882607	2.02725304267938	0.712757710122079	0.0720674021546795	0.319399386876137	2.07263409222668	2.49160835615886	2.1025239722274	-0.295464009737165	2.2149093545227	0.738242696886225	1.42239186211772	0.935348716436311	1.38699278789253	1.12833337571085	-0.633265984091397	-0.313439435634234
-0.0168054950238413	-0.181599103292221	0.170581667254466	0.10453311993029	0.2224295802324	-0.375586390724232	0.449181043477611	1.34524673369079	1.03343390391638	0.655655035837072	1.09784779911664	1.43794656268219	1.11688772214907	0.74517928781276	0.275936072407465	-0.00636754920698662	1.16679418278362	-0.3472057264234	-0.60178375991972	-0.419182166927046	0.556614681939373	-0.210744135711867	0.140570098482253	1.5033561962564	0.748216232473673	1.15245401158809	-0.333148125790955	0.371127563099646	-0.358149400767125	0.00883254657013444	-0.180101002243966	0.612808754934205	1.59647759105114	1.29310849810981	1.361708476846	0.432917400562741	0.583106834141884	1.505183506662	0.758841766082484	0.633128297874453	0.205832825902993	0.672475036852669	0.329930992601548	0.954880754189891	-0.2086208142303	0.765552997903149	1.46484999761771	-0.655002612873744	-0.0165894081712398	0.297991071972475	0.500125273538073	1.22893711206013	0.854278871803191	0.315407954952805	0.283457178356527	-0.181465177803254	-0.024447842879732	2.29645669625877	1.02440229306144	-0.579759132478331	-0.86033061606154	0.022008957841077	0.846690012749108	-0.217525698894397	-0.0749072779591183	0.0935078468370903	0.589248639892697	1.09388183459511	1.33520488779583	0.953120519492234	1.38504575470501	0.10168280232226	-0.285079498401288	1.56091043959779	1.50857827563541	0.333558630316066	-0.583668906740428	0.419380044427436	0.871984283682094	0.882448910156162	0.955152919763654	-0.654814856881854	0.777858299104527	-0.0800117591288831	0.941869880830511	1.39884925535556	0.669360756814698	0.405936251316199	0.131006255728241	1.76638664087175
0.415368337940428	0.152467204906537	0.634980008945944	0.0797054914689915	0.610330500948474	-2.81497148393027	0.925180251189441	-1.70402656630383	0.642559577728595	1.06565208538666	0.0672911311490947	-0.755763523558716	-2.75596039537524	-0.188955245650663	-1.27518195247075	0.746628168768712	0.181705841191448	-0.293824571371378	0.141894700083209	-0.100433891393879	-0.378012936903284	-0.0138012661232671	-1.53966994303118	0.207370108085601	0.0171025312742881	-0.355678422680991	-0.219130892349985	0.569375518495601	-0.525401711623963	-2.83905962525503	-0.294117230991356	0.382401701549802	-0.817712304462765	0.0129535071220705	0.530468438182528	0.332569954915298	-1.22466386551282	-0.515440449285024	-1.88079648065211	0.0509166512375862	-1.90161759970528	-1.03122506198676	-0.124213089678963	-0.388938848058381	-1.24391282351204	0.780030092508315	-1.16144822648709	0.577498294900687	0.916049053635538	0.20884032143138	0.544063621236392	-0.671111411866701	-0.360055121468604	-1.84812595896492	-0.654606033703021	-0.950290394956002	0.980770848770905	0.273016975875503	-0.841408467514395	0.495590369618085	-2.62889958473525	0.0602013474828799	1.50701103166828	0.224956910911173	-1.14068980351591	0.0984345457285629	-1.20885418348833	0.346849354809325	-0.53853033480593	-0.0640251832989302	-0.0636719589611486	-0.687210704707367	-0.0528543156377174	-2.03303614372936	-1.88761881497217	-0.45222062019789	-1.76420857603623	-0.255080452306977	0.973180530962221	-0.775397601788789	-0.497709272067425	-1.11070724609402	-2.37141573526382	-2.26981634212424	-0.432601366308529	0.783942872319894	-1.59554131115134	0.526809393895298	0.0928782223539979	1.89787614876438
-1.06653256582363	-0.432278247461913	-3.1334748565762	-1.64788687952477	-2.11020908804982	0.141687114979623	-0.119527103015387	-1.07306526784321	1.31019978704995	-0.184612937358616	-0.66387852204755	-0.280682313313379	-0.588237460105648	-1.9326821776253	0.000366989961423309	-1.92502243355651	-0.197330975512366	0.294739090213448	0.763179855915181	-2.07887237964895	0.659190828398062	-0.677667144914583	-1.19559395054943	-0.59433392206583	-1.77561875871255	-0.577178170535838	0.528483406006047	0.0586983374484716	-0.983031986200916	-0.497717892211164	0.148225489354286	0.0538466500037674	2.26961929565505	0.871640303249406	0.558365814029667	0.125917609614293	2.13898214378118	2.09459502140556	-0.32750549447369	0.410849590609457	1.06750986786659	-0.316159413290612	0.665932239519849	0.134809935703727	-0.471378872818804	-0.835532042886767	-0.367101520282139	0.0993669992943058	0.838887768390521	-0.307236429700948	0.151959359118873	-0.0633023092056466	0.600947326060404	0.355967935271751	1.70606223479011	-0.301330444341506	1.01403914738788	-0.371943437469546	-0.198852725565964	0.503176641829913	1.67839981541907	1.54054762950687	-1.09158260711873	1.30394013485976	-1.52412311660746	-0.754089392807722	0.0157971908420632	-0.287081618648801	-0.44273263553401	-0.227121990335978	-0.831759223220735	0.653715437665821	-0.770614087353552	-0.490005755926585	0.987946613555654	-0.331559724864674	-0.675127716483689	-0.332909609017696	-0.10061609991728	-0.87902811186346	-0.938918462143299	1.09795778583451	0.0645329078114922	1.00382029533146	-1.71030509692946	1.52693648969543	0.643395421540287	0.00607337752043113	-1.05059568305388	-0.37079417896916
0.452490761742747	0.72134411504636	-0.177639445995751	0.320330529288845	-0.310845210239184	-0.761307629452174	0.195465036328808	-0.0638401294938528	-0.359243858116821	1.08953691771401	0.495482135309933	0.340386194571224	-0.485595756184256	-0.898526951451178	0.430447786374897	0.607243144042688	-1.16606369058316	1.54282574682472	0.0999311736791902	-0.346109188102614	-0.00421260488828343	-0.536128105137924	-0.697214277557238	-1.17025568059446	-0.81739357367821	-1.2395823210032	1.00035599751715	0.920162440384039	0.0472104834668767	-0.322508225903444	1.58523726040539	0.406560776579596	1.28411522186756	1.54350384833342	1.87414647936412	0.976150301243103	2.52178753169374	1.73361941105576	-0.166781973844801	-0.294977933031705	1.76213731783369	0.375635992268306	1.50867629792673	1.00491234574515	0.975409836413119	-0.653281279472752	1.48012640370758	1.88619026181446	0.818189469486155	0.555819315149662	0.722923377836817	-0.545618207580542	1.03494402206835	0.95571238837036	1.09622855913308	0.429489370460765	1.84252860618817	0.291492026662476	0.264582807640714	-0.172072407357486	1.57990641119135	0.72800131488175	-0.368723153407256	0.535405044882296	0.907832749432172	-0.347514291583978	1.44931520024338	-0.980316045233818	-1.13050832603418	-0.907268869841464	1.34692723128795	0.75772829326421	2.96288966509853	-0.974672982771367	-0.486557008093583	0.621238293169911	0.914856130375691	1.18088285260908	0.217394530067472	0.923309930168871	1.15690701335673	0.83044279147902	-0.253086501938863	1.28804705791161	1.57319723903249	-0.187625805450059	0.189383786299926	1.44877117221671	0.896057072629964	0.473234977736275
0.173982702100212	1.35516479946646	0.219035600402001	0.8888230819873	0.0504425164090163	0.810363967963692	1.49274700402486	0.319766135151678	0.399781896747454	1.11687581477415	0.492020388041286	-0.484619902961419	0.804764813774546	-0.152636924862584	1.12995705122803	0.807530970303543	0.263879904713156	-1.17799132412298	0.400979231521122	0.801548270160059	-0.309313546829867	-1.78314521881599	-0.646886140730213	-0.5255728023036	-0.0833924619981086	0.019858217403069	-0.218872243193449	-1.28900179130954	1.09308288369518	0.63072409474342	-0.85990928536098	1.56286690954265	0.83338998721	-1.75997622838335	-0.582199881241073	0.31289167212647	-1.06060191784636	1.69362011544041	1.24725729382224	0.145219761035696	-1.14520349059088	1.96388411161792	-0.957462273991251	0.108270237004708	-0.709458502237984	0.25856036285945	-0.661552505630585	1.04017196590313	2.07591077368911	0.472279729539613	1.91672728870815	-0.8012714629408	0.113376437197742	-0.685695210496114	0.450732353274237	0.470044883011961	-0.83219792390284	1.12034704694358	-0.766474090128041	-0.435039300051584	-0.894125837739199	-0.203293299087773	-1.19331234613293	-0.67401074789008	1.2991529374833	-0.303320640472055	0.607556205236103	-0.934240971950963	-1.22195977683814	-0.186951886300234	-0.458112544051498	-0.941165466250547	-0.270642449466626	0.0210545948311656	-1.84318857136515	-1.39293856863179	-0.562688077758375	0.198271768871578	-1.09315296278649	0.18114147605208	0.301317802660563	0.14231786167177	0.314979645295965	-0.732736787709679	-0.133045184283762	-0.425965349584633	1.00454004034759	-0.101111466092999	-1.01926681169934	-1.39056540676841
-0.165463626982676	0.553405792156411	-0.968670877150982	-0.863800112519471	-1.33906259122658	-0.284021983507164	0.566383020169096	1.1434780254107	-0.801349803718855	-1.56876818642403	-0.215747394269888	0.648315124021777	-0.163034778551806	-1.73649229658553	0.500498952089443	0.15521735526532	-0.246321960112342	-0.730280433547106	0.2611641525889	0.833166704174203	-0.140553538607211	0.857986039709939	1.01957010677757	-0.318825065038842	0.0750103168398404	-1.20509074559837	-0.564255640807468	-0.147857468355096	-0.925983048671692	-0.278884013259058	0.0106353305805709	0.917984878133746	-0.786469907102959	-0.452915600219901	1.34479139322327	1.29365597731997	-0.942671512481838	0.186871117322598	-0.527380920996238	-1.51305114534219	-0.565846115139371	-0.753305742156492	0.331630343757997	-0.177712846143776	-2.25259794475354	-0.76507007668514	-1.28657436308144	-1.01497077311276	-1.20013523416162	-0.741430692866009	1.24597911020863	-0.272847354766805	0.169507524698792	-0.296064693783435	-0.705846961878672	-0.738260992938503	-0.160591810545797	-0.883065291026144	-0.351134800228527	-0.406471980382305	-0.245009364740323	0.810644585609244	0.543495738233092	-0.00342321234174205	0.404148516998806	-0.126739573476222	0.189633334274132	0.19456052389231	0.252274501774614	0.375815910061951	0.846825684940611	0.51854136469276	0.616613104831066	-0.340693684121687	-0.651265807093072	0.357375350970338	-0.410873320649377	-0.398908058066992	0.143966023768735	0.320519921865271	-0.763120536145782	0.756297371157515	-0.925862285218536	0.0989749194364796	0.201132716594604	0.593602127102098	0.573427046086942	0.650525780228539	-0.405882625170874	0.40449163742291
-0.542015525833728	0.715471647979456	-0.728036066096503	0.0866121894094145	-0.324887737063562	1.37997550406166	-0.157583508601745	0.533823936931471	-0.867953336304166	0.292643213142005	0.092360904711615	0.289095193717627	0.959257582878063	-1.1831567684698	1.03746826741503	-1.08456053090308	0.524178890953182	-0.0754782403713861	-0.251730259183569	-0.479081004019253	-0.271408527779495	-0.446114256990586	-0.466341535577029	0.604320068435994	-0.770640328393519	-1.39630533635985	-0.0263382141127375	-0.803465350120687	0.83357363852699	1.45922961081441	-1.09710358555101	0.789947200732818	1.58826269630491	-1.31217775507904	-0.993797036351694	-0.0309686382031274	0.664731021553636	0.303878726556013	0.22344954000008	-0.619813035752478	0.10509493487871	0.253093416606693	-0.143510521064328	-0.945348138835176	-0.913349882189236	0.107056535998764	-1.1493500286158	-0.25999262302601	-0.605944768473581	-0.899083538602912	0.073047638413896	-2.19561086566	-0.640643729157521	0.822400166240634	-0.219123679537508	-0.0765693633009858	-0.0901782962847122	0.420632170204335	-0.237096810415653	-0.746156649214938	-0.584525878407244	0.864619626483007	-1.50849420909571	-0.603053440314219	-0.306349003588032	0.0677021580270543	-0.622608378618648	-0.165440240899518	-1.71764531105404	-0.442415644430309	-1.86445184475776	0.152310126550752	0.814742706314899	0.281329554242839	-0.625385153535193	-0.422005567329436	-0.150991469976013	-1.44051906942841	0.351900961535827	-1.1432813715168	-0.5554319714644	-1.0496905691419	-1.16522453345166	-1.31783505390583	0.300110940962581	0.350344495522105	0.269769434120247	-0.330392492852432	0.641844616875482	0.0532575781253393
-0.101790416936912	-1.81142211195412	-0.756284087898018	-0.262423793138873	1.99253336001549	0.885927703489183	0.0420757874401918	-1.0634271432799	-0.0184193726723136	-0.442767753670367	0.11511692766984	-0.682990910043203	0.0700246361801921	1.05926497081714	1.11624278015564	-1.49699051205117	-0.580060754750212	-0.260214202077285	1.10034996410639	-0.796349568968916	-0.217532898954954	-0.536319889677812	-0.419823286435777	-0.337474593269314	0.659104689745945	1.12949906816147	-0.520829652859852	0.996383029273558	0.816109330562997	0.00232271496147073	0.339637661837386	0.459697346588827	-1.88670871183013	0.871491288786857	1.24956968651325	-0.785592017583259	-1.12968322697221	0.377808771500655	0.972052127878423	-0.173355437078271	-0.560703587903682	1.55994370420019	0.443403036742937	0.737248812023639	0.184801758543575	0.212063161130506	1.27655878495935	0.555679518312399	0.18793447109843	-0.969329229560257	1.10415285093407	-0.67972139644404	0.324878124263378	-0.712552165034514	0.232968457454171	0.435561368774156	0.288085535815346	1.08636854266129	0.413762746612567	-0.188106672983264	-0.307156878722178	-0.0675495884917873	0.495334784052488	0.735187292201649	-0.397416095899864	0.683159938008923	-0.582853275811872	-0.0607907346941147	1.38217170908692	0.890058480089114	-0.106785541168663	0.00350149185122752	0.419370585554344	2.10956669401076	0.110575180755559	-0.615613599231316	-0.700412165156032	0.44676697510893	0.210538142746079	0.267954211508099	1.77527120747591	-0.225980709643305	0.655781702785901	-0.847259058559877	0.541412184147022	0.75131412571561	-0.7740475518296	0.181222743501816	0.108650976273529	1.195091861266
-0.901679643936337	-2.76871301637057	-0.910895569938854	-0.440491770433563	-0.625120539587361	-0.0478191520766924	-0.388695875022091	1.07488325381973	-1.89614670287543	-1.13301282758489	0.861072442071665	0.675689029665892	1.40604032935403	-1.09764881617841	0.138268751440606	-1.45910934155879	0.245050186064641	0.188136157394616	-2.19046770217635	-1.22484884345019	-1.73361868818695	1.1490199845452	1.35924855223559	1.10426404401479	1.12886860752147	-0.788816811942506	-0.525152312088551	-0.208655857063991	-0.0614254817136061	0.271162025271293	-1.92192722091357	0.0758954550446594	1.0216618361999	-0.190912533154857	-0.61332954071824	0.574146882050071	0.41934701399743	0.00800536372789111	-1.59313800478257	0.110948141365593	-1.73796693304468	-0.539483080422944	-0.105406782608049	-0.868086244147751	-1.78897968159985	-0.53945738109259	-0.887096049492709	-0.91861388794853	-1.1438707264839	-1.87196563988144	-0.402590202130267	-1.40206462770915	-1.60708530282737	-1.30700715100994	-0.965785058500155	-0.8070761681479	-0.713877778009462	0.45687943562481	-1.43315234602276	-0.918009776407897	0.0165120030498449	-0.550311212169278	-0.65960094311677	-0.961768207995192	2.19075674392985	-0.450973639917439	-0.382094000907956	-1.30848474067229	0.714907900953038	-1.26834121891948	-0.215495278926902	-0.696927622852597	-0.0545479815581325	0.171526835095164	-0.905795131685605	-0.270396366876358	-0.197113371266202	0.964151217947953	-1.24889368818245	-0.975717458823842	-1.01353000206578	-0.557628560366624	0.106509475727854	0.187229111770635	0.4292689389499	-0.963825692181876	-0.576981404471179	0.673388222996908	0.159507107377708	-1.1890076877841
-1.18877345147144	1.74738597235488	1.66983989187048	-1.20687217381115	-0.175931205035637	0.191668937527059	1.45563325741941	-0.487710466546191	0.656218322318179	0.015408176644357	-0.328977784895163	-0.15982176143824	-0.2721933341182	-1.23491133820591	0.309325289018748	0.820912451064445	1.63938050815675	1.48179263490081	1.6268219471676	1.44638028525887	0.362660440555647	-1.40348811699604	-1.67197649325353	1.27113600493874	1.83309312956122	-0.675111687023566	1.79619193273863	2.42208237165272	-0.995500146587525	-0.139541427181812	-1.16116929728263	-0.273644150006009	-1.34224015548757	1.5745106241073	-0.27916336270704	0.0540140456465465	0.549573585089911	-1.10337116976868	1.01220278688138	-0.0291056584414583	0.339921152444926	0.985344226551653	0.955567756164019	0.251789172560001	1.51883618475283	0.652896469836169	1.41409544462487	1.28552489329433	-1.53951799571734	1.27656031684709	-0.719488484522877	-0.199653292714604	1.03311463990223	1.25444548356735	-0.691570555877196	-0.126182502399414	-0.287449703022426	-0.350932478361587	0.290579346843371	-1.10661404680531	0.412309893113916	1.8898454984492	0.34801609426246	1.35304043541118	-0.661152267310369	0.612382648219405	-0.46699114094513	0.068645299318283	1.69909643621825	0.726606549244971	-1.3025281691369	-0.419274492399244	-0.593089340323592	-0.484375174194214	0.806997515428254	1.32015786672473	1.40276830289897	0.687358823207292	0.300680798579742	-0.634660575442663	0.572773930291951	0.271602105294953	0.192952244919689	0.925783597709033	-1.5616106833037	0.503156682259906	-0.573545647860261	-2.16138490787362	-0.380550640571995	0.85117850201687
-1.16382115549206	-1.0263126582582	-0.326600542607122	-0.295720506740229	-0.265463450924665	1.30596979842849	-1.10420840565105	0.374854991170199	0.0660736056934676	0.769234475185278	1.16975645456897	1.15000356577019	0.861728629728242	-1.03512843058983	0.444363939280964	0.851117636156414	0.752232106723778	0.607502874174344	0.731947543355307	0.17646041927951	-0.284462831870411	0.486931901762075	-0.253300132543151	0.901275265791602	0.377025279828001	-1.13863566653155	0.50000813883067	0.535742023658104	0.369184292310188	0.507181544954691	-1.65996467398856	0.033122816433822	0.244445232142338	0.480970466176635	-1.09076224881712	0.69834642850074	-0.198860444083883	-1.51642748017022	-0.122174386659289	-1.67294994740897	-0.759053044097438	-0.871949580036633	-0.571679139639609	-0.597779201144523	-0.710983510719962	-0.36040468396531	-0.621056032256318	-1.18279893549803	-2.13332116831874	0.296034224739022	-1.05521665809958	-0.110371975592717	-0.782618225934183	-0.796947136185584	-0.999655161752416	-1.41909673288555	-0.791753012143446	-0.410566463505808	-0.114137383099247	-1.86193120613531	0.571559629620538	0.999686993122102	1.0226950418305	1.059859781823	1.05890123315035	0.749419691567557	1.57114880840462	1.35053058203111	1.48974113372895	1.32783592037293	1.46240129565314	-0.23660477253575	0.350653600013023	0.530339368496362	0.6694645883727	0.187110408138042	-1.42066345149287	0.978308921581178	1.70878155147935	0.814004747533917	0.351544530928049	0.379646496100812	0.587117937051125	1.17909295270313	-0.533543236471575	2.2270605936826	1.23516484237863	-1.13277655493533	-1.41047666874106	0.435908885075738
0.668191256655682	0.631083170373184	-0.843555982660552	1.00977903828124	-0.375457386478516	-0.0196062279637014	0.670493778127529	0.602499826496889	-0.151728345282858	1.20021096896725	1.37893923397656	1.46879003410937	0.192895198954278	-1.2404684283602	1.9093184502869	0.290877345595462	-1.28565088196622	-0.873130858009593	-0.255235450409629	0.326407008789274	0.575744186663713	0.19148810218117	-0.50645302428264	-1.33919168374764	-1.13282700143997	-1.49138118112161	-0.892733289833471	-0.313781739916184	1.00846027525217	0.548447425654054	-0.366223500775974	-0.635841652363585	-0.308407173222814	1.76094266931201	0.377935356266126	-1.20520420909418	-1.30322661306473	-0.91596307610324	-0.98490500723197	-0.338629952250365	-0.280961534712828	-1.95673319273266	-0.25954089219433	0.347569074446845	0.335891130625356	-0.887531841890397	0.394260891657534	-1.36583278909832	-0.29412394089074	-0.614649015135234	-1.00174080955445	-1.64771442330877	-0.873036980183052	-1.29670977153286	0.886772107970692	-1.27581527254445	0.871911309965491	-1.6000176842094	-0.662895270006025	-0.295627439933462	-0.920805079584548	1.2972184189605	0.00931401863163392	0.543857396977028	2.08413324766103	0.970231430115506	0.0918274086348589	0.283359049451276	0.722093697046752	-0.302401998155261	1.09972119862985	-0.690081988340712	-1.2087819584742	0.464334563805115	-0.561167878629691	-0.404163012740525	-0.724761307156185	1.15883276173742	0.272754719778427	0.108101172439513	0.600763197965617	-1.04014045745465	0.56601054422258	0.744909192578362	1.56108534375148	1.52017398542533	1.41244724206125	1.42103669818173	0.0642000037484389	0.0164167737223859
0.875000600284315	0.364077971858586	1.40823030035434	0.272540088309927	0.97717138156731	0.299349523631591	-0.162023754363855	1.82505541863121	-0.642355657093061	-0.894479067022623	1.41229972183286	2.55065819189697	1.61794997354947	1.34264167299176	-0.518250796174668	0.619358315088876	-0.717018823223508	-0.486178755308151	0.512800605669631	0.547980773665561	-0.62769187058259	0.959459962372408	0.808695597986652	-0.398223187764918	0.677385104090348	1.57874318629941	-0.789866034208049	0.0821027942242274	0.406893123157713	1.64489161903832	-0.336054750728589	0.873958726400065	-0.130329489843463	0.51466203584104	1.39162334411123	0.10835126993341	0.226745699470023	0.621389818094415	1.19273531282231	-0.940947531191596	0.964447405019462	-0.0295842119050973	0.439850274937129	1.13093002126669	0.300652847110348	0.0853663602592534	-0.452823683636541	-0.433404147795506	-0.0193528210959154	0.434052589018271	0.456503352606595	0.30249080167105	2.20388920096591	0.69574605566997	0.763311290075297	1.51922566716702	0.507210714679178	0.290171081371733	2.0852918467465	-0.652953197264185	1.1796924810612	0.88236858965883	1.22443642252513	-0.686776736008793	1.03003915941404	0.755065863564929	0.366394773878901	0.714070253080887	0.725475865250661	1.55420246018822	0.613640244484913	0.568536557568828	-1.459385505344	-0.461405731254071	1.25930737941672	1.21929512979954	0.485463266572906	-0.154276811020448	0.761690025863306	-0.140902148113892	-0.249712973096593	-0.740203495385745	0.450943859242346	1.37554804760087	-0.995865703541052	1.429304158888	1.97616500356253	-1.61297463252109	-0.252291310636093	-0.474700387793044
-2.05878918060826	-2.1955078146242	-0.253725778893896	0.620140312418234	0.60273397688543	0.344619036192634	0.0314792329757452	-0.209855999193162	-0.0383270690427291	1.45627305622615	1.08108450027834	1.05537370616524	0.367029142520361	0.601392148917012	0.364856215626987	-2.26705390142416	1.31672680826752	-1.39625410125122	-0.403364555241329	-2.28488301679319	-1.13193334777388	-0.375504742110734	-0.637056970673631	1.66265636442728	-0.0511262490032674	0.0995238762261101	-1.14224803085678	1.05558128231169	-0.976999005749642	0.0890155280782146	-1.24066162300749	-0.388161728283438	-0.447125355947615	0.442824706570462	1.18024420512927	0.72464114602313	-0.0186306469713885	-0.203323451128977	-0.330586089469024	-1.67471328795971	0.209764190624016	-1.31460714686312	-0.209891975205931	0.608592371379365	-0.193876518077175	-0.578772686772936	-0.704516282672505	-1.39118527565373	-0.898706067477273	0.124509751308145	-0.0120544997022563	0.121483146490612	1.09967924266532	0.0377983775607602	0.197112214631172	1.01858831315321	-0.526241342627022	-1.22039600369066	0.792263427135097	-1.41056611470482	-0.445908647529454	0.262582916841852	-0.230541937457462	1.64395853950181	0.173869809076353	1.16749263139853	0.259125593581263	1.79781637921767	-0.0726897070458054	-0.598611429977254	0.0442500123168706	-0.914161161742617	0.36970103777035	-0.24471785813489	-0.179570648788056	-0.143296262507545	-0.461163405135533	-0.733935396531714	1.68583109862268	-0.0529407886860744	-0.666623344731126	-0.812680850866569	-0.49735232046101	0.555843040658392	0.585010547279743	0.495057758554902	-0.365224418349931	0.316843259083461	0.0293097546539538	0.322106821627242
0.346756524892096	-0.305973427443101	0.261644796717295	1.03181671369163	-0.0579300367819937	-0.416905037200421	1.5901569941896	0.926631946281587	-0.456590204244788	0.268457305672593	0.604517319735174	1.11427820592141	1.74349076494316	0.546322371902381	1.02054088503614	1.93278992314022	1.61343638045223	-0.174030812305839	-0.899755457700542	0.711721097988828	-1.37591857196467	-0.0671849719115634	0.450037708680215	0.99659268985372	-0.482658331855342	0.166361893162227	0.689722208687193	-0.395130745332662	0.205903911104971	0.541424123276142	-1.26036275170418	-1.10272230945042	1.74097123139331	-2.0004055614677	-1.94950043988691	1.04596339591071	1.34159072483933	-0.44453007478876	0.659485696583526	-0.0853120740626076	0.816210605342744	2.17327276892417	0.683675694681484	-1.56626288713622	1.14465756233995	0.58619461591005	0.223219261760065	1.8381425064236	-0.206001637666193	0.89421874672274	0.201735893912873	-0.220692382681584	0.528280733608296	2.08918649103271	-1.00799703849772	-0.314754307151606	-2.10105097428394	-0.345436210117626	-0.395930457252477	-1.51939341679892	1.27169029998292	0.554374851366026	-0.86064416036219	0.695128756336685	-1.33292443280787	0.141656318575853	0.835690803335117	0.911904980337269	-1.33226222648461	-0.675239185332508	-1.02489390332162	-0.669584519420017	-0.0222538442887352	0.491473487217422	1.85671410805446	-1.30185851328002	-0.472660167650216	-0.55548709743108	1.40844557023584	1.3169699301324	-0.110955056022078	-0.259992291048608	1.08288225121495	0.891007235357659	0.418197392626193	0.465225986384885	0.397021456719909	0.439326993086483	0.0102789600134671	-0.254126403974889
-0.232986673632905	-0.96953231395308	-1.21571056415851	-1.05591727674531	0.334155336326011	0.628984498513749	-1.22076908758683	-0.124024023664193	-0.22419875339707	-0.91029747943584	-1.00775539457556	-0.112827075826059	0.683893237895928	-0.0203759951605656	-1.27294165247025	-0.631815225160465	-0.893974402595686	0.951588648321197	-0.359851219379315	-1.01694772742037	-0.804302711924619	0.470052475307109	0.107861055982652	-0.574967170457319	-1.05230037929947	-0.025378258072605	0.31356767248443	-1.1971110372025	0.260011993134591	1.18131267603464	-0.465975341850883	0.330084965136796	0.487197945136125	-0.0501866235878007	0.056815646488554	0.805062430639129	1.24421964990545	-0.131510646719753	-1.78920150184611	-1.61041541327285	-0.145322161556688	-0.463775339477029	-0.175920299340731	-0.92058427451958	0.0670983511236967	0.620192882807588	-0.0962994310403659	0.537166012919181	-1.48918485736941	0.115024260525094	-0.464003139567923	0.261893283364583	0.781121041853868	0.520742301489469	-1.2890491291891	-0.101333630628728	0.329522673839445	0.217245883652315	0.281333991591729	-0.763354064377033	0.26613835699568	-1.12459426990785	-0.532763651726587	-0.533194347376478	-1.28742708491371	-0.755281759652719	0.0401953981698557	0.021154124210737	-0.204826300396734	-1.17510682825115	-1.187500575018	0.777640366733947	1.79189920497971	1.08256296995507	0.817593238645648	0.15588696690047	0.314992427929361	-2.26748832131375	-0.0653212265763883	-0.860945721469437	-1.0790127525096	-0.366049687800518	-0.204381960882197	0.133579069036783	0.0747812770490363	-0.418540432059161	0.0861175459532308	0.399053858937604	-1.77424771364022	-1.37964864845071
-0.212843246224271	0.780378670530278	-0.35798068039479	-0.684638197181079	-0.366163499027787	-0.12480972494655	-0.520740563590344	-1.30188055879684	0.474452780696495	-1.78732130830329	1.19230105673567	1.62251979151685	1.09146669929424	-0.0947257908772949	-2.33787155581615	0.0141547284670402	-1.02902836799446	-0.721513467162362	-1.28838479959948	0.0127303702230827	1.40320262352835	-0.903767620531332	-0.917829672844946	-1.00332504017058	-0.706638926509804	-0.617340998864197	-0.79000464893937	-0.97880769392998	-0.41764164523551	0.0999347883488591	-1.1002873030103	0.694926314331603	1.82360500877451	1.05261138774108	2.10405863629554	1.18420291564582	1.74107920596151	2.27557244887728	-2.6338809106886	-0.727830518226626	0.532236398685371	-0.236702635665614	1.22008324912409	0.411515628835918	-0.762283427346775	0.786150019110264	-0.346031645310068	1.8321486277525	0.233595169268501	-0.477144905186735	1.38613259159522	-1.58298484038839	0.987602813444277	0.580515617542577	-0.500662411349769	-0.110556528592497	1.29048103837459	0.343526758470447	-0.633699857389617	-0.202549493465821	0.720303783956599	1.42104627736176	-0.804784202267791	1.91575378175167	0.719467778534212	1.75715887430164	1.0221988862458	0.470180652170267	-0.0578471308856105	0.348213359335872	1.70534878478207	1.96188731867517	0.307919298698398	0.127936328019934	0.117178398228245	1.22205351749003	0.382308914538434	1.653769254471	1.67697671123755	0.172658168540545	1.39665422980895	2.06488804179954	-0.131006317412953	-1.10616029449136	-1.19252584212237	-1.56744336719617	-0.238525805724741	-0.0237494486491607	1.27948741347498	0.470182599160235
-0.383814208583696	-1.51696708322731	-1.32981003112054	-1.51196436646825	1.0938152391981	-0.235983540699909	-2.22567691734157	0.871029884525434	-2.84883836562717	-1.36339107819563	-0.167506781843928	0.908955396988926	0.413210350863956	1.76438631388655	-0.0833513998105683	-0.526994658544647	-1.24447542976903	0.469026152412079	-0.680864352304469	-0.817494558559443	-2.0456738239629	-1.26673209184142	-1.61046377340227	-0.120861249497303	-1.49062780345259	2.12812140478418	-0.810764658966111	-1.72642715390944	-0.714348479630213	1.01719219175713	-0.926910217698901	2.37503533200545	0.395549007375404	0.544105724802082	-0.843800157084034	-0.298819988905198	-0.579448449314467	-0.0665465709028146	-1.42229162780407	0.975641460311138	-0.266686803273133	-0.478343442430851	0.488299874658639	-0.0165167729532853	-0.108294761245927	-0.18573614929534	-0.674684181145251	0.157796829056992	-2.32960128738818	-1.90715142950655	-0.269567831823145	-0.531567295441486	-0.547819513092995	-0.684110379673428	-2.24108788163432	-1.75589158922678	-0.536153258145923	1.66799334879879	-2.67786583946215	-0.073306994127642	-1.20724626989931	0.287900595969925	-0.212885926702583	1.42607554793323	-0.411731066557027	1.46594462508417	0.200419337090986	2.02008934937554	0.650323681105468	0.0423840219131274	0.329038959650056	-0.703561602835082	-0.805459840891675	0.120509457447528	0.846938340986799	-0.500064262065587	0.577262813896562	0.794429028659785	1.49984707572396	0.0275118947646464	-0.247394102070072	-1.17053321545214	0.606801303174034	-0.262466842845117	0.522179983879405	0.130898460746029	-0.470233772725321	0.978670204819659	0.79189596101198	1.48809157333663
-0.555004866220506	-0.732878877399709	0.569893394625547	-1.05338874629222	0.314620055759301	1.56456483720357	0.239146905811237	-2.81893821144168	-1.2045657388078	-0.89363057470416	-1.3062511009526	-1.09166452923763	-0.520403680898956	0.588210144577225	-0.0883093815328981	0.869433830582471	-0.457516964453018	1.34333353212185	0.239363262180999	0.117182387825957	-2.0401018804001	-1.30789526784755	-2.54058291657468	-0.512668365373119	-0.0985810571615373	0.574868803444574	1.02131247139138	-0.0757542109877514	0.760423985062218	0.655325999327946	-0.190927749362834	0.220590468814688	1.47226227746186	1.56492109405132	1.08654606079271	0.944895114526476	2.4726313453631	0.657734703080176	-0.871578174958891	-0.592733621750441	0.155268134209961	-0.0411242920041257	0.404759491360548	-0.735893792285209	-0.633169288021695	0.462946419747837	1.46881671843039	1.28825153318662	0.388854529554965	1.25678897811638	-0.604795561922032	-0.231677446931787	0.800613288112555	0.152008398223068	0.850342283086379	-0.600450884106523	1.3903553904218	0.183861006416997	0.223231230643176	-0.725896467988378	0.155159102451978	1.06157161069621	-0.481939909370972	0.690440046218284	-0.144747611110974	-0.81921581754328	0.391083437908628	-1.68346535344699	-1.71137374730145	0.161085436390777	-1.05393967667032	0.430048897284542	-1.18960423641696	-1.03678318749311	-1.24275976007021	-0.800080267991523	0.405267850644053	0.780515653960782	-2.15631083858774	-0.109487615350488	2.06166739934774	1.28381981135118	-0.0761231790836679	-0.184755256482656	1.09718629112316	0.302772789530537	0.862080596442448	0.022198280811969	1.25100460854747	0.452257004264093
1.09517977142395	1.24315800245204	0.676022598804853	1.0555793281589	0.800860373054153	0.764922110276749	-0.11188974047809	-0.116310819283798	0.332656925704927	1.70470582206341	0.856552262899151	0.0838961557868029	1.44938940089779	0.390740186789812	-0.388047536732881	-0.340380515389167	-1.5528341703898	0.239880936512172	-1.22731101175956	-0.038921375413808	0.904005764644612	-0.886451505797405	0.122232973481388	-1.47467728688462	-0.001792759713118	-0.281735850117484	-0.173917694197211	-1.33732298276558	1.45278599451237	0.481019826874743	-0.340905388316684	0.497923638408166	-1.50805525787488	-0.312999007917993	0.769481589693795	-0.792929184285535	-0.355011575261078	-0.684152095368881	-1.0871098699319	-0.980559810270783	-0.191650832820293	-0.754886259340277	-1.05542909721947	-0.472519619884823	-0.15017227653389	-0.75730963081748	-0.655470029111048	0.00507346145261475	-1.12696344247763	-0.952345455192723	-1.23253403689075	-0.605246376857094	-0.799489111357495	-0.499953820576734	-0.366680663413769	0.548826992493242	-0.608296263811126	0.638793776653667	-1.73205333089735	-0.159456028223263	1.28148512502199	-1.64747965343699	1.32089231513944	-0.662128793563071	-2.42454740454675	-0.868349200578907	-0.617046337619209	-0.936478966526947	-0.219756752227919	-0.514972711166124	-1.25872613126734	1.18658225429306	0.99510530348732	-0.376568999984971	0.847301601923759	0.229729750848973	0.113786803231594	-1.77981401773577	-0.684882429662206	0.920174146224158	-0.525108346671881	-0.678370624170263	-0.101715442048731	-0.253186388911457	0.734298136524561	-1.50967703674633	-1.16627155799453	1.39803152937319	0.0988988927677845	-1.31575768954172
-1.00431678846596	0.584168084870812	-0.503937519248114	-0.84478667194855	-0.73509506839346	0.189798243408872	0.626728772772142	-2.62908792481584	0.530524786258545	-1.00729466675947	-0.487634028825115	-0.651184693030268	-1.04038893148048	1.23627093168305	-0.872251224542016	-0.0517461769231183	0.0956553719857202	-0.299464751209203	0.589497650657302	-0.127796870391549	0.17141536941253	-1.1646370438373	-1.78923569622137	-0.731153633652847	-1.52799942687376	1.55204479223023	0.47528450983587	-0.244197171825859	-1.25269555551232	-1.54746158740673	1.44319294944309	0.0603908572781054	-0.74144974625835	-1.828940753004	0.128100933427355	1.10533012979456	-0.0102099551331265	0.595788246629393	0.0932808447971491	2.18475409685206	1.46631488192789	1.56037564212629	0.875479736137625	0.127551519176946	-0.0302793740670197	0.264718985406922	-0.530991326415877	1.43146150537949	1.80490076164066	-0.272048079531292	1.3452858140477	1.11782458405895	-0.510589764083274	0.952960197551102	1.04086097005569	-0.303496253549589	0.608772143843462	1.75020503811101	-1.0127982091016	2.27319185526827	0.107061715794785	2.41090019647487	-1.29490735998806	1.21151489168648	0.486172599217612	0.864283495552185	0.0198095336492376	0.342309725507743	-1.5952975043241	-0.157125311501486	-1.21831869958833	0.69678304219499	0.256611460621356	-0.751932697455126	-0.963583531205961	-0.090522131881186	-1.31051910136972	-0.692160506827048	0.20727419744306	-1.74759882196286	-0.979215190653731	-0.780098712998215	-0.941803833222375	0.138007254525576	-0.0208043895611468	1.01470338523519	1.48057974002177	0.479502587694898	-0.0687332536038585	-1.15296610583398
0.678274172215683	-1.06364092699505	-0.0627140092808734	1.58101923190817	1.19022882937319	0.301316309873118	-1.55243013148839	-0.672009229484512	-0.893325458046336	0.737744837905951	0.30518721266174	-0.0551737955771958	-0.43687049725892	1.47536374497739	1.01964865915711	0.0100560949794186	-0.626819610227301	-0.357864189051899	-0.908824466764643	-0.368162738299301	-0.460631333511279	-0.568341066439093	-0.117210145836603	0.252227139149781	-0.819883101251103	0.905293792856474	-1.1411890820547	-0.27610162640617	0.344426952853944	0.518293744722047	0.334364945914234	-1.13804480145166	0.249813446237843	-0.0811002764309253	0.0365567159440514	-0.794321611518296	0.0543743562105696	-0.0962072483583599	0.329510911991407	0.49543385023417	0.243903494800993	-0.751027192276484	0.28481905013052	-0.952871213097254	-0.0731688244027032	-0.513771895839375	-0.283097049032899	-1.05874722200166	-0.204959118926904	-0.720920553484713	-0.29048569177264	0.4066490701815	0.249681720413096	-0.603452177130817	-0.742755173382965	-0.700634614564475	0.972671448085234	0.27015348731115	0.117267971526282	0.882940519784104	-0.507887765966444	0.0697976608739047	3.50773857530569	0.295585417485077	0.542418203576495	1.46242167217176	0.654663556833737	1.53533888208118	2.56106570687703	2.57296610867148	0.719336227740265	-1.35635511632868	0.26739384037762	-0.204642348014277	-0.478197509916784	-0.745536230967204	0.721060741978369	1.36256834680927	1.1395383970193	-0.662755162227618	0.387331891367547	0.587093475035856	0.209939792024488	-0.363662612693687	-0.333582126036312	0.379124603812396	-0.49350815839651	0.7995322014779	1.95459044450625	1.99732980184729
0.680409128229964	0.774366846011797	-0.957774424472554	0.585255205584332	-0.422225472274144	0.647698922552469	0.29517291401449	0.167524039375602	-0.423238640163379	-0.97616163519385	-0.315785573618124	-0.345679347552228	-0.536499112063279	1.46364279844267	-0.145020434030112	-1.59349177396319	-0.988574984762011	-0.69210750191878	0.250801089138986	-1.38933311037108	-0.167764014381301	0.361787298486782	0.172730917563483	-1.73226705850941	-1.25430995689795	1.16485581972994	-0.113292181872467	-1.98800691488098	0.964892256921397	1.23424329120329	-0.264968417389529	-1.88595110050516	-0.346049252270703	0.0577523610712119	-0.635483751089325	-0.409080074802452	-0.103570626593737	-1.22189236220177	-0.413408498456331	0.115152567937585	-0.31229705228842	-1.81101044130704	-0.476941061903725	-1.22406897214938	-0.622724690438736	-1.73142362222333	-0.59956578065273	-2.34732975159912	-0.761804136086975	-0.17621283103524	-0.935701472220829	0.972259972865725	-0.589529252408209	-0.83980550781125	-0.424981046713523	-2.41388025217503	0.341053313892599	-0.377613878676633	-0.660722791359125	-0.378880148416082	0.272852520668523	-0.920797280692753	-1.17493444255561	-1.87128921933343	-0.30944587404696	-1.69810383070053	-0.287375752209872	-1.02032579875837	-1.37789268725539	-0.591997030605661	-0.329862543548632	0.614209826432202	0.576317850918745	-0.447569241837379	0.150220580393682	0.829009925114086	0.505187250699662	-0.014913553104405	-1.92390547446989	-0.682554546489037	0.547352226577664	0.77056888778104	-0.258917533435466	-0.2486410140857	0.0103051735566122	-0.483515156680898	0.246736690611332	-0.548218740083692	0.0648131412319718	0.736327745334673
-0.499935936205753	-0.481680092457158	1.67542779314974	-0.0568793839857009	-1.66310663720606	1.19948632057376	0.830244070989891	0.348250138418327	-1.60800068258294	-0.701832148709374	0.500554525416829	1.20594412859158	1.3894113426061	-1.11987900727023	-0.587924102141634	0.516131885659979	-1.16277987026702	-0.385811790950808	-1.01981628451437	0.893348747194955	-0.815257733401141	-0.0275517008831661	0.517127698766828	-0.895062771324418	2.08848741059033	-1.41829995217227	-0.753169637247612	0.438745014008872	-0.537586146595319	1.58453053132337	-0.712703301413129	-0.248447004548036	-1.45716749976239	-1.19263452546125	-0.913315849521728	0.417341781763547	-1.09128276045646	-0.359581081635471	0.75895476498127	-0.249297792249459	0.203262832737255	1.17364412057486	-0.554751060631169	-0.122390562020486	0.813052371214241	-0.0580677433396172	-0.493911996897148	1.17396506584231	0.431544491446037	0.448221116923188	0.410715032148776	0.62266558810057	1.19330144473396	-0.440904688991442	0.269710850752886	-0.993214229844947	-1.05631963396689	-0.33548122113935	-0.50883201428746	-0.523371065829615	-0.246183829833523	-0.805053356957974	0.167514958968239	1.04614626486294	0.827371950018189	1.0408517279076	0.370490293134973	0.62715476779398	0.127923673720849	-0.296506454842089	1.46775408638633	0.43864280792669	0.309104502324403	1.03970910363803	-0.722425636004162	-0.288656929531096	-1.0335466213653	1.1156510610009	0.859371988589836	-0.510821876846584	1.89218774816617	0.804211167030259	0.0489875820611564	-1.03231839948693	-0.287225102955799	-0.827740627054036	-0.380205954557201	-0.00275006954093384	0.370071726871281	0.0429976647941695
-0.395797799715023	-0.294324036997214	-1.29801845463085	-0.937506591711873	-0.862067440327569	-0.876815311898378	0.913089451543539	2.04840344123643	-1.01434828596566	-0.763867853856363	0.0621531572078872	1.16429066525485	1.01427507404349	-0.744683944976762	0.00991913083855093	-0.774779765015637	1.55039217469189	-1.04150439697946	-0.339552583269223	-0.0845825377401131	-0.669547893203014	0.171070366936468	1.01205686557725	1.89174946513036	-0.0182637346503406	0.102537396273621	-0.812866318144517	0.555661807698698	-1.15169687296739	-0.0930314348435337	0.244612651166629	1.52914756132529	-0.433427175164812	-1.07954612899234	-0.473879570171863	0.70786863559257	-0.0993097993967601	1.11688300560992	0.810462514289819	2.26849364438987	0.0568455245623015	1.88118797122022	0.261718888389881	0.163089023714458	0.00180097476227244	-0.681538672171329	0.122578643362276	0.241210738669809	0.732088933269578	-1.36563470254025	1.31897581449265	0.934913041414512	0.156808730131803	-0.906577756178492	-0.362999772002149	0.722846042480782	0.116264317924952	1.93594292778308	-0.751307843893388	1.38665348264515	1.06738186651023	0.0692240142762684	-1.79471195531531	-0.0406057025730526	-0.434049071614421	1.41249308724792	-0.71702960757846	0.930078073140785	-1.52747244258296	-1.34435306191225	1.20657470442508	1.08515513928525	0.550121743566431	1.87372888063758	0.947090953716561	0.822879592897663	1.56417694164405	-0.086326725587382	1.11925707764046	0.0318734445768556	0.788628269231997	1.1086342936568	-0.0825120941724604	1.42177981500162	0.634974747366311	-2.84036825761582	-0.408616054688784	0.277114925508054	-0.782871509355272	-1.32671292642267
0.149943640231247	-0.111020920987003	0.162544577658283	0.0154229445047018	0.952094450862892	1.25585984217169	-0.315542567445194	-0.0181869210952903	-0.200242402920616	1.18125303752114	-0.137851519996181	-0.283196076095325	-0.5460327559117	-0.104091221936285	0.741437458117919	0.073104781426382	-0.178764634488502	-0.509736089243856	0.613887249629622	0.642476431222153	0.519001111706989	-0.595067159359701	-1.13880118162436	0.194776061138505	-0.0567487451478468	-0.0924000633964051	-0.751108788430738	1.28313209734405	0.115350097686353	0.97150773374511	-0.159307698217867	-0.133960140013291	0.713696470197741	-1.01095038437447	0.271188708344324	1.48469554052976	0.193203250449357	0.373108820277229	-0.664918732672329	-1.67449850875717	0.100232324463057	-0.138695996260702	-0.0403531058297308	0.140774692717958	-0.506688479395861	0.430386196727964	-0.738158426116934	1.07556123533606	1.46182704366613	0.722117859966262	1.01772281185911	-1.37731423947433	-0.437948725186341	0.262750779816446	-0.313485364246934	-0.194146030152206	-0.0961973242293928	-0.779067010342518	-0.451412918609743	-0.780398713309749	0.00221592069328412	1.09468232525747	-0.704563338478771	1.04282356317705	-0.523602546736174	0.820571136024222	-0.901231881131809	0.488014584561266	-0.330944441811542	-1.28614749051437	-1.27297157104448	-0.321552071485066	-0.557812279119933	-0.407105291816154	-0.627974590194902	0.36949730932618	-0.463222511500074	-0.94968942473341	0.105814031342069	-0.447563877185081	0.539833227001881	0.272827061013665	-1.10444326066775	-0.0950063599597504	0.557263931735585	-0.192967069800723	0.126672335470432	0.402351245359566	-1.00097380676361	-0.32479506846942
-0.00951524052673711	0.875279853852187	0.791355072802319	0.188771741256957	0.368071578893538	0.002351005902554	0.482601280096983	-0.906569308699939	1.666462829838	-0.526554857754879	-1.32191803888506	0.377446930384165	-0.627470359540294	1.32071494742138	-0.736664230226738	-0.216211063434863	-0.690794127143699	-0.423890529265732	-0.738022982627269	0.531057527453499	1.47952832401377	-0.957130813903352	-1.44755028301105	-1.29031600212201	0.929268793534501	1.27456237141011	0.0351076422088243	-0.977189187730253	-1.18625401753269	0.470489044786767	-0.375026769117359	0.957199357204488	0.43573996356972	0.367973232379441	0.953374669962546	1.10057263341869	-0.95067046202972	0.77512796166571	0.14885345607608	-1.85283115412965	-1.62979223687083	-0.558480762318031	-0.649361992058333	0.435903959262061	-1.77005604430521	0.0658023566031787	-1.74730475856122	-0.972180415752791	-0.399447667981538	-0.186933365936225	0.996823122321835	-0.699107039313295	0.253736136628565	-1.42441225654357	0.00803498084061751	-0.798033343176118	0.873738151797217	-0.470909603433554	1.31178461251992	-0.50447927976025	1.93796252221922	0.112021041808088	-0.960782330754227	0.591049272155352	0.666203695777403	0.288468270001754	0.149676736601051	-0.4367706755586	1.18771408070278	0.244330289994761	2.23014549339404	1.93165528378042	0.895601800917706	2.53908454906416	1.20897912256449	0.909679564434481	1.42163045256865	0.707445641673211	-0.143734769482088	0.802470844633309	1.20240874205946	0.487092487079953	0.566006253491397	0.697341533662319	0.875688262100071	-0.778384769423382	0.654986173232592	0.483984783906028	-0.206261712724332	0.226161922580923
-0.233410737042131	1.60779998145416	0.934335872525712	0.987902719387367	-0.147987938093604	0.734240327474688	-1.17618759067289	-0.643487197605569	0.558947810241065	1.34060737574359	0.306452362797663	-0.548046445860085	-1.04668106696075	-0.67555759442923	0.031780032460274	0.650235299877988	-0.6235064931248	-0.672378132266853	-0.747609423788056	0.311012939377965	1.48025021339506	0.765615452565744	0.181417733719566	0.155219644103482	0.191664026128189	-1.10879199497579	-1.30521206214952	-0.141767591468345	0.436183747862105	0.554103674325238	-1.23901963386653	0.586754005941847	0.00261744505260389	-0.0538006226632621	-0.836795885279804	-0.327064042048312	0.579662279325487	0.0864174041707329	-0.994794681914959	-0.0885735942009841	0.966012725551966	-0.596354407826079	-0.390280735075369	0.214382412670657	-1.18872793328451	-0.812240559961665	0.0863657562699655	-0.589707990854979	-1.09045528687944	-1.4815756152679	0.0826937509357636	-0.630136267373247	-0.979984863183254	0.562706668480195	-0.817470529605043	0.483864766647472	-1.59113599378001	0.261942801736794	-1.23950500231182	-1.10085270580989	-1.12060826091563	-1.53452294790851	-0.414338210349924	0.295571032599466	0.92117573166207	-0.262908249380545	1.65101913868981	-0.449353203760577	-0.451773060739807	-1.41143451209743	1.24735427949385	-0.714973168883825	0.658680641079947	-0.266995396924469	-0.248646871901303	-0.364787608628793	0.0472927121914446	-1.17021237193674	0.385348805856644	0.769880335985475	0.149259414558895	-1.37897432614695	0.487659113098084	0.753719098275208	0.732130906442552	-0.699452961268324	-0.193532739586606	-1.07186637971658	-0.381592256984677	-1.24181219516052
0.344080707654319	-0.410671999020253	-0.75598214987186	-0.621584630989562	0.07267133068944	1.2589227933814	-0.505296131710657	0.981886804370374	-1.39426776006821	0.722253250574082	0.930088912080074	1.6807644350143	1.16634856024114	-0.95674762478234	-0.362752705820594	-0.445268545708228	-1.05588323173303	0.372113641043364	-1.6864135883474	0.393172228498543	0.694587180437634	-0.0425730668785899	-0.663318400205873	0.159850081748252	0.192247745018679	-0.446998614614972	-0.928542634076231	-0.579528203646825	0.581479301176266	1.42799775699946	-0.68985756594423	0.79115097066729	-0.327766936598065	0.0156895783433767	-0.754292719833007	1.60107684336944	0.0707362463365518	-0.708233184204848	-0.371916143216993	0.208483302357469	-0.398866457985833	0.646624406485148	1.03708387369319	0.388465629325256	-0.526168065919492	0.985776002255774	0.399707549405716	0.96910021414135	0.8862018479347	-0.161898105464513	0.504038787263021	-0.927465011139842	-0.981942013495934	-0.0291383659424534	-1.84281858331691	-0.529195368619365	-0.819539578059629	1.33074372662896	-1.56556584006368	-1.0207261817705	-0.0242384361165835	-0.768468423678304	-0.691914704200187	-0.47344246764303	-0.651955258227982	-0.902806817983937	-0.900253885322726	-0.119191194352185	-0.942534713984598	-1.03550895630225	0.105914919754082	-0.0859316853942444	2.47548954260901	0.370710472630214	-0.542342705973539	-0.255791383110757	0.0352282325409038	-1.65665601563426	0.414674573755915	0.0328172498127917	-1.47850782446724	1.32449054156279	-1.23070860268773	0.52571049041385	0.590838003502045	-0.642273585071023	-1.78916209610784	1.32531822418613	-0.644890320729789	0.276984512647983
-1.15273534312043	0.338976308127796	-0.00717720088673966	-1.29760602463274	0.743972887748214	-1.28298375345846	0.179320728091871	0.956648685898093	-0.165178372373024	0.47737250396424	-0.482595347709971	-0.708496606019745	-0.282078301299759	-1.23680031807063	0.214294127897586	0.0569716921477358	-0.44536081476571	0.720879152607808	0.46778931188618	0.578176815938839	0.456380355519041	0.648334151921672	0.737206389309214	-0.0173739830233111	-0.171706780478108	-1.27729123736375	0.125699042607963	1.3276173647814	-0.737330886292718	-0.770919961323066	0.719984675980178	-0.612540549214358	1.18445687097869	0.299084816005047	0.719266008013439	0.402791280389894	0.579063883102613	0.621503553946127	-2.12108158815845	1.49868790588049	-0.36982553832878	-1.25548499709123	1.62622011291789	0.166473844366625	-0.369036301913517	2.25174336573158	-0.0977359850347761	0.208206481007447	1.87364155359343	0.447284975741268	-0.194805137560316	-0.253961199314728	0.498312824788687	0.742920617241529	-0.292550667529056	1.34901076908814	1.22715853626983	-1.21752202506137	0.577925774471982	2.58570530673681	-0.338984550397686	-0.21203322695168	0.9866702418584	-1.3952742421394	0.504770362773807	-1.34536633776883	1.6056093472535	-0.918550696606239	-0.181626181177197	0.333868624081477	-0.244570575707432	-1.95825231867149	-0.668285706880602	-0.179432215081089	1.53837092737647	-0.284250463231927	-1.28390854299637	-0.526804835855409	-0.876371016278098	0.62754162109854	0.930875374012801	-1.29543783283189	1.45436917124636	0.49507127301654	0.743193529708133	0.0970949069078531	2.38955275195744	-0.513376223923281	0.283412971744945	-1.52358939557906
-0.847448209041841	0.0156857002916402	-0.232588405965882	0.119886569961061	-1.3399194294018	0.0187431165275499	-0.714683705735509	0.00559531060864017	1.44330187696962	-0.0493760645103025	-0.0428934681547819	1.10892778644849	0.1913244285847	-1.16336681123516	0.020550623425586	-0.513261509827131	0.554632459048808	1.57047106360508	0.421634971376392	-0.267778754776582	1.29237233086711	-1.22343515423275	-0.707911589968264	0.560987556433182	0.982792012713323	-1.1906201399102	1.34373157937566	0.0487899113771019	-1.30963788016554	0.328125976272523	0.0393368672485722	-0.258761933946558	-0.998283810529047	0.528698297372526	0.700357510815175	-0.401491368198244	-0.683047392478475	-0.0473961971785024	0.132315477517586	0.0256381720026715	0.23303637836015	0.505926297168929	0.214733199231533	0.609408830261954	-0.512175603649541	-0.334713246614032	0.886731024243527	-0.948171259113866	-0.828885594487357	-1.10673242619127	0.661270190917605	1.06120301004503	-0.518717742815693	-0.401770617822108	-0.942797055917715	0.622527699314582	0.070911215041589	0.923218586373323	0.974561259853369	-0.0876960894417126	0.0882392252481059	1.5394147106951	0.0107508103516012	1.99775960324183	-0.526366261711925	2.16019347467634	-0.130895441887757	2.03801767214948	1.04811240762197	1.42959365475926	0.828594998385815	-0.45471885298813	0.244103526216261	-0.226666793280713	-0.426729595012881	-0.683132495659	0.136764690044677	0.495554497506481	2.4303766380524	-0.51843440686255	0.0500945647781313	-0.282067430772699	-1.19233385977754	-0.555945797857161	-0.0905221016473145	0.478466096746883	-0.918831591691205	0.13521187209808	0.837742314798123	1.48447450381274
-1.10939907793098	1.26862050814792	-0.339365720220923	-0.317957787702111	0.195509637476953	1.8827019321173	-1.31509563088162	-0.270437271740687	-0.000707135789974993	1.00673438840848	0.26801302455747	-0.352331893240797	0.583520145994531	0.476492654920491	-1.6041726153172	0.661451977038743	1.19342908631164	-0.301113162051612	-0.66032915728577	0.373110763749645	0.504895083507208	-0.36414038333487	0.217146282649586	2.20835532148191	-1.11261718207284	0.792713902742374	-0.860851088151619	-0.480154741957625	-0.0513305700318331	0.931582663345625	-0.527489640146309	-0.285053360493141	0.157150034720802	-0.81665190417348	-0.255946191371302	-0.433236264203573	-1.35348194473131	-0.472220809569739	-1.19330631630618	-1.36009807430365	-2.24617718229488	-0.551799590633365	-1.38635508646505	-1.38105916443672	-1.35307778610505	0.764180588573284	-0.779931620018285	-0.236562741629185	-0.74933164120794	-0.346789384409354	-0.972253320378118	-1.43154662672971	0.267458458284787	-0.910034417148051	-1.52254148872015	-1.34397713857522	-1.28273910050768	-1.44429336851067	-0.218638288235471	-0.861529615219368	0.379006357101258	1.2362875851881	-0.874975093081028	0.0731558704689425	-1.63046230906119	0.0137990473696444	-1.51491874093575	0.225745852997685	-1.01433632547557	-0.176726157335351	-1.68636548165531	0.554154364737401	0.271399931501165	-0.712070650768283	-0.583335714018134	0.777627691439699	-1.20114702947667	-0.876179224884981	-0.306530033451048	-0.216383606194359	0.248713473860044	-0.138324886487348	-1.32750945371037	-0.252418952634783	0.739123636030823	1.16797101016565	-0.09131149917702	0.102500002240272	-0.216485828719368	0.14560515030738
0.016460942467073	-0.608756722563785	-1.11296543805685	0.416896895779519	-0.486632287325392	-0.893105544852205	0.452071099227856	-0.132067697205837	-0.667894996618796	0.193709015465972	-0.208855029241181	-0.445429767981139	-0.999117077560039	-0.643848296038522	0.848162482346461	-1.1727103760739	-0.25084776609981	1.8751677709882	0.407975039354579	-1.11784899169623	-0.635243317496404	-0.691404554801721	-0.622356536520481	-0.140790616535004	-0.479005905353499	-0.422228914454306	1.34314268707963	0.859334053342456	-0.0379315311981221	-0.822605151618032	0.0574030496835388	0.477471680732257	0.44241147278688	-0.0575320727358082	0.57134804302636	0.417457890709307	-0.0382074042828978	0.0700763161701549	0.274710472646248	-0.129663423669134	0.0815421119090346	0.743268052002128	1.88234631362824	0.124914913235676	1.21854725084615	-0.643263653856083	-0.325579657506231	0.403503162607337	-1.41580084389735	-0.485429261926794	0.386031047700532	-0.448890074405587	1.03111196046964	1.49387781491155	-0.772109518874539	-1.53139506366139	-0.643974284852258	0.828294801812707	-0.585513498533971	-1.32747220777545	1.14740380156291	-0.0524560473354179	-1.78949033193053	-0.831771982371759	-0.792918872574801	-2.14435745841467	-1.34117601454698	-0.732106670028113	-1.23372031539575	-0.691971004615525	0.310567874993944	0.712712534796375	0.904738088484667	-1.27845427006766	-0.29529858003646	0.3944426207592	0.0515885288003499	-1.24848749345904	-1.15477088078911	-0.47327132923925	-2.22000596862075	-0.419962614691752	-1.45696022931738	1.58299523262225	-0.64501481714317	0.72010390878658	-0.176940438080084	-0.987352334137406	-1.73155928938891	-0.58017057906515
0.27721728567516	0.246476824909356	0.43574416880177	2.19235894529608	0.599833120059164	0.760632164611856	-0.769613195360815	-0.40139378601133	1.17767596689228	2.87682166360719	-0.717861100914702	-0.892457037076327	-0.276685734408326	1.30995614279822	-0.162796061112248	-0.781934112758336	-0.147973467185994	-0.345164131083831	-0.900849571580496	-1.21944294734467	0.857505768858303	-0.0880011365358809	-0.588983699351986	-0.160125858065766	-0.447079188861204	0.0525935664207352	-0.291310228984263	-1.04322020127291	0.998394499030054	0.286488444272337	0.0560055449410597	1.8830105023254	-0.076498618392492	2.29513472888913	1.70987790865897	0.171538158296815	-0.955585380183264	0.942116354472508	1.59135981705407	-0.187176005715306	-0.234262460500317	1.12782098253433	-1.12267610859479	1.67340564809721	1.13561976343733	-0.872992761817925	1.31506087310012	0.367586622843373	-1.40629672894004	0.572872332737877	1.45111583482268	-0.133064086534413	0.934878031369565	0.10027323729215	1.22517107191993	-0.735756013765599	-0.80249319197266	0.816418161937031	-0.0374797970012639	-1.98157334229844	-0.0307544451975199	0.88607808231739	0.0886955050563104	-1.18253777424863	-1.38171569161177	-1.59256442504367	-1.72285901535609	-1.97902200000889	-0.808683098748131	-0.671652492508608	-0.0842407777299888	-1.31185815708086	-0.334620163276161	-0.158883882802027	-0.374795885450151	-1.89599961390618	-1.1065635661175	0.674400607578128	-0.895984568415127	0.130859832257194	-0.0751869525567181	-0.708945419429699	-1.36354326364859	-0.497317948509548	0.0324655046654074	-0.979280573880475	-1.0158381718901	0.535729114448632	-1.19162264729616	-0.100228109298498
-1.03953657981184	1.66131679898865	1.03113165877681	-0.612076013541006	-0.591322528040838	-0.0067296376462397	-0.666949054947496	-0.101901789701193	-1.22726623958946	0.983543321041792	-0.185854247833693	0.0607778717840464	0.053312827097686	-0.0593102208149153	-0.632763195647541	-0.0152115340545022	0.193222751598074	2.68030289163699	-0.773547788607068	0.680577862727899	0.700449025846356	-1.18834220778121	-0.953844334249703	1.00557343970233	0.755052730230338	0.129124516340963	1.47606751737679	0.0365454699084857	-0.957315057080254	-0.547626819236287	0.435005013936436	-1.37140828559276	0.354794718095077	-1.06350142140301	-1.17508734523099	0.480262570725532	-0.12869727803312	0.200069536151363	1.02020499932782	0.0102434642657073	0.489164130525708	0.183446180390132	-0.658924641582558	0.453971562089491	0.812451670868399	0.373229383924862	-0.160117481435321	-0.384311968755222	0.0615870466363532	0.45690902253233	0.104539451951338	0.76128192036125	-1.49716338988405	1.38492000095202	0.813714059315381	-0.804410752732446	-1.15506583822954	0.395278939115443	-0.728480334168785	0.12954699937203	0.636095059158561	-0.840703393262919	0.497083569086763	-1.32381937872758	-0.301926096992946	-0.649653797170131	-0.168465507257121	-0.133481781859112	0.945462601032096	0.710133702853775	1.54162239146689	0.40501142804838	1.37293798608191	-0.225033970514744	0.94105590133203	1.14175525872726	1.27977833822337	1.44433821673534	-0.0973149837138501	1.18915275193433	0.883107166265693	0.494324365616427	1.04352224039424	0.788143862112325	0.959134549670221	0.0953058872059021	-0.241999252984232	0.84990590622883	1.1210926217436	1.18941833639748
-0.403588070659246	-0.0116159224513633	0.917643783198628	0.869312593110481	-0.22071764313114	-0.742782005243865	0.246933458595047	-1.76934426460714	0.726287703608221	-0.280376351251911	-2.02786525061718	-2.25380644947519	-2.92292762262572	-1.01138224304913	0.138423258748109	-0.928329983154638	-0.416168507545733	0.173177582213433	0.119447218166782	-0.46247617984568	-0.0528534393118192	0.77670557900329	0.214179969639458	-1.1755981855918	1.08394790464834	-1.06993655935964	0.694437603202875	-1.22956892882913	-1.85092200055502	-1.58242941715621	-0.416117718030287	-0.0591166165492076	-0.412305944654817	0.696157928495997	0.164569548302391	0.971460577827615	0.45266209068851	0.999886761479415	-0.239047343921096	-0.509612846794173	1.76413321869655	0.0120696266945872	0.648951686073664	2.00432116254135	-0.745406261353262	0.946989236991463	0.932425419050009	1.48122754428062	0.0612845568547097	-0.263088412944315	0.647876758850291	-1.61552284083065	-0.877078551200619	1.21860009245178	0.563894681102909	0.378369971297902	-0.79337841853174	-1.30162928745166	-0.654823871593797	-0.0584404427819718	-1.95095296382622	-1.4084703927231	-1.94634612901965	-0.446790325566687	0.889680067837167	-0.17855870586437	1.6282891592856	-0.0845242554417694	1.22083754742848	0.236563919547345	1.9154157086852	-0.73662163646208	-0.481526491061793	-0.975219780025007	-0.469244726701257	-0.520898518406801	-0.496789377161184	0.754648863769738	0.217668877776322	0.382107905741417	-0.408385204199009	0.0759179390169777	0.888148380267503	-1.87212895039929	-1.10110709904576	-1.08464167105195	0.273280644845069	-0.918590022639768	-0.77774881100341	-1.20336448394828
1.34127101084943	-1.4611728711318	-0.828417201701232	1.33998885233909	0.589787552646254	-0.646762563016826	-1.48755023321107	-0.349064384860723	-1.89574139255404	0.234373635027696	0.12007222731497	0.0536590205943717	-0.846216404961049	0.52934952805903	-0.89059216612999	-0.583620529115876	-0.852223039341952	0.834765325334374	-0.39519028540723	-0.931750290835641	-1.34534423211396	-0.761411020377095	-0.273229378600515	-0.106307894443913	-1.81110795436707	-0.0557907092870113	-0.129111724143741	0.453749200106015	0.548014604555841	0.426224160810781	1.41321033304054	0.546275672969443	0.889356452327231	0.475755088307207	0.850251673926082	1.26806803659592	0.198927598564072	0.314210290053624	-0.96846610544144	-0.265650268442058	-0.223551056822999	0.599998686386487	0.641247505167175	-0.254455164538999	0.485096272841508	-0.106754170918487	1.40783540127434	1.12739041014308	-0.668751614516385	-0.116346186693565	0.445103592153401	0.00274712544966608	0.607537216091888	0.0733029753341072	-0.510178996679166	-1.51103917132175	-0.524124511924818	-0.173386760396292	-0.660399733911987	-0.58199828558423	-0.316759853535698	-0.208397808190185	1.16625988228301	0.664341263657507	-0.478597401609321	0.823438759233199	0.15099228124203	0.982755563691786	0.471807983493733	-0.162513860802216	0.0574927112754458	-1.67986290749083	0.828640916162263	0.440252394867067	-0.496460538137302	-0.809503087388275	-0.680793877664446	0.417858314739319	1.62255541390394	2.3157359729006	1.03202508362562	-0.921078627975091	-0.110743586368644	-0.0504605047254546	0.777519673764741	0.137873281025006	-1.17084284012679	-0.293438057508949	-0.849868085804017	0.521899947304355
1.32202193646094	-0.635083648541625	0.00160049344098419	-1.87435465606466	-0.202871509322268	0.217406146776089	0.00106186522370028	-0.953298834501557	-0.93341625343485	-1.11720024935056	-1.21924442388925	-0.983740667855265	-0.508901705293363	-0.164193997516912	-2.23121086935361	-0.901031646612804	-2.07165900040958	0.314181108222251	-1.57376956698341	-0.687629564506925	-0.148277683544184	-0.768600560253389	-0.957295927746638	-1.24355268668896	0.584220971397849	-0.226704626292469	-0.844098732446648	-0.796261695015511	0.0381395162978544	0.307633313409327	1.91024830007333	-0.073036176754707	1.25071324961809	-0.54885686266921	-0.911350768130707	0.0568520513379129	0.822368054144472	0.409721552542905	-0.373902424683571	1.7069244916386	-1.91727416839546	0.400130516664305	0.283698041294693	-1.74620479161537	-0.774511223949046	-0.0331163848175093	-0.0593041713934443	-0.617860984769172	0.0450881083788474	0.065488812940449	0.558137982038086	-0.256850702027429	-0.124148483697752	0.90007710761616	0.101803313633182	-0.954500778977656	1.48513280918521	-1.068862607825	1.02585719379058	1.71206390228639	-1.94482014089143	-3.10001878803093	-0.290223216828111	-0.623339081485672	-0.914009286803887	0.310152621311772	-0.253299271971897	0.415427979232342	-0.299953148578203	-1.42814351921091	-1.77270423000448	-0.39012584137974	-0.580280081324383	-0.0568127588856758	-2.38528289149563	-2.59693591936702	-2.90406612563555	-1.16120334781055	-0.272449757824608	-0.889181638403512	-0.403771703363863	-0.722275617613875	-0.53393712967785	-3.67139165834968	-1.04100364148885	-1.0835377708895	-1.70302463175023	0.382826474623652	-1.68897752652649	-1.77470005401229
-0.144053666909406	-0.0435791221306697	-0.202059472797152	-0.401855503838231	-0.939183604827239	-0.607735426662288	-1.75822891772595	0.047899854358261	-0.115291505214204	-0.502439648857651	-0.0777017640088171	-0.85014366865297	0.409738180000012	-0.275220214142037	2.30752188698049	-0.97568329410544	0.108606058340687	1.20546269312438	0.269190674268743	-1.1514224387691	0.271665312596313	-0.808061496478141	0.125179364570603	0.825107665274565	1.30512844950854	0.273320170843791	0.373341761559733	-0.20974685220933	0.533297970854625	-1.03916543891606	1.07662225719838	-1.58775449020435	0.148278331913995	1.39482603270155	1.82638416419681	0.245277466571207	0.520134058324537	1.26207418040129	0.310939432978877	-0.177618594180522	0.00461819636049347	0.224534362899006	0.719172183273432	1.19218701207169	-1.67002241963365	-1.38155759888692	1.87493796175997	-0.911996406530345	0.687849686271253	-0.888684468496399	0.729046761858834	1.02961820388095	-0.232316498562259	-1.37875533860923	0.512685773488129	0.0713635267177346	0.0502974877147765	-0.503527879199075	1.66057478717339	-0.632788569910119	0.248240786439984	0.291642366162881	-0.202402919065163	0.99033347468794	-0.408982551114136	-0.0413886361537671	1.03833262959436	0.0188711001653647	-2.27777467900393	-0.437041751545732	-1.16409859195059	0.255386622192763	1.23531983171569	-0.367435382728881	0.597626176652461	0.176425602456635	0.397321483600159	0.654060429738813	0.535802055691044	-0.574318118741441	0.723649105876631	1.10496331587893	0.141084722506555	-1.28377081387297	-1.99305020179631	-1.73395074503701	-0.0746584934464698	-1.39520902510771	1.28798204417585	0.694741179477589
-0.532221340396868	-0.635645372557823	-1.33020342259828	-0.440365600862144	-0.643392918828489	-0.434229311571011	-0.90315138825561	0.311632482668569	0.272807809527376	-0.15522304295417	0.842995223007273	1.10670061494991	0.85729835210333	-1.6555881699021	0.0185060868827972	-0.663493021591019	0.268059628998369	0.356653348269298	-0.244783763855888	0.160127208131593	0.641421447449204	-0.640447430877453	-0.442779683891872	0.312325491751145	0.0683205055275816	-1.01704218800263	0.296506062866171	0.0406229275005592	-0.0925280815380412	0.733668866418252	-0.351926879538833	-0.443090383612228	0.945831651327568	-0.0295033074576118	-0.0264439611917868	-0.772305802835958	0.790881090110284	0.693827010129835	0.72376447958277	-0.864394376355808	2.58225172099677	-0.694585535316593	0.519505170598222	0.955444867315814	-0.742752284959417	-0.992872039828692	-0.300021268353311	-2.12857959407853	0.11006853152363	-0.769221048013558	-0.0905707715358355	0.0771718948414828	-1.05032793408644	1.63207171930312	0.819399493196939	2.00423102137669	-0.436762946793433	-0.875310070004263	0.788691606667366	0.0831279094067218	-1.19541831483076	-0.760881288831483	-0.0821540856240056	-0.239622039679282	-0.994388800123999	-1.34250687476159	-0.317517476036004	-0.671699091321005	-0.0587439477826784	-0.463650678354458	-0.583228121844724	-0.537718694349662	0.0133345969166129	-0.971700123528817	-0.388466639875509	-0.201786478148768	-0.627882716460088	-1.58409381205841	-0.98982724750173	-0.277411561825241	-0.0491948182785983	-0.915460668735725	-0.586100054733014	-0.320663243517947	0.336120907062149	0.905446009991606	-0.196211906121356	-0.372682732883914	-1.18872275771692	0.208625534410514
-0.815376048589364	-0.305906198394062	1.0753045201549	-1.83121993344783	-0.857042443570488	-0.0691048028370891	-0.381142133928502	-0.38757748183691	1.02738435281853	-1.45156294204199	-0.800891797954089	-1.07992034329251	-0.931604905478496	-0.645910457815776	-0.179485590417077	0.686865269496161	0.150268572754098	0.538833667193951	-0.945677110401491	0.293944757465744	0.268118873917786	0.702588800144161	0.990111016932134	-0.234797755989027	1.18180887370142	-0.10960585897281	0.778332705721943	0.978741834988196	-1.50335917606845	-2.12381908058366	-0.0699677397140427	-0.357179991835704	-0.883364485325809	-1.25408664782616	-2.10930498974246	-0.392361430947156	-1.1987700454423	-1.7554604154714	0.0881374050996333	0.787076018990687	-0.0114752995271444	-0.00238723297179936	-0.39985882307878	-0.455540479899428	-0.575471218630444	-0.0285113126942892	0.0312403195786487	-0.0301080604031428	0.0571954350767101	-1.09177971828709	-0.487827471679912	-1.22254028682627	-2.29317297341005	-1.31820538340467	-0.874879728294904	-0.220316885112625	-1.14841084670742	-0.753153605932144	-1.17600061319754	0.53978132474001	-1.35453477349707	1.22035835730418	-0.013582304383076	2.8691708928533	0.21165790646158	2.93187890521647	0.897446768334626	2.85481274779101	-0.0581296150192932	-0.0445972483798334	1.62112018798339	-0.475009347155875	-1.95847505723027	0.363020494706265	-1.34823339794655	-1.66697364792648	0.149171939252501	-0.319318508357153	3.11891065180067	0.627776235704107	-0.40674013459304	0.642058016394541	-0.95180889327459	0.0934869036455033	-0.14072676603724	0.52144295916585	-0.481333517667735	0.404513323877846	-0.636038046301104	0.503980796992686
1.52817539755783	-1.16824602796547	-0.834160762590949	-1.86239496780521	-0.443257742616003	-1.054662309718	-1.32112843416572	0.325461520067667	-1.08597735247142	-0.87318579224915	-0.376772651825851	-0.212991632464347	-0.165146156591249	-0.695578491545684	-1.5703769098981	-0.310065314064075	-1.24076911951908	-0.047838615605711	-0.290241838487514	0.401510330976419	-0.587008497170079	2.2180058693763	1.91403159260473	-1.31821119466077	0.844357917356408	0.184601969969005	-0.2110740110174	-0.852530484981779	0.635544699713555	-0.904765147734004	0.309003557399255	-0.354802685545267	1.25507637039305	-0.0492059493681758	0.00295103349699822	-0.752526216330094	1.65079989274451	0.662282111938995	-0.0180628740331167	0.679910856545333	1.08187366870018	-0.688248460125391	-0.477467466925044	-0.881194724053633	-0.0283958123594604	-0.564716651610386	-0.431013267950765	-1.17833442884477	0.0676569177245792	0.0256106728817042	0.0656891906342069	1.46592532890237	-0.376926575918011	1.08211103961028	1.51618078894066	-0.0748522341991133	0.977208877339727	1.78091999657668	-0.347432224159508	0.708286790500704	-0.919113581469588	0.203010422128261	0.553997960903549	-0.117778990935791	0.258966886679185	-0.868921464355523	0.693606245984325	-0.423738469940386	1.59869890614834	0.671818494783978	0.156052331013106	-0.950484429414869	0.805760399541951	1.22645698941261	1.16987483257281	0.557819675093158	-0.287322387893379	0.413234325707956	-0.330447597942021	1.19925036645329	0.583530421868601	0.683903144219978	1.33778172929825	-0.0264400728322788	0.568333094265252	0.691941569344115	0.712875609402895	0.56756643258778	-0.322611716782844	0.739939036467582
-1.53691786899664	-0.289524214310144	-1.02042071495811	-1.78899758624853	-1.15387467165274	3.29155847680052	-0.040573758819156	-0.568825327310446	0.402441183454195	-1.03526003986668	-1.5897507097692	-1.13591400368726	-0.583520324669022	-0.881876350046405	-1.76280115624708	-1.13586180491699	0.405251307950331	0.586099911305848	0.184359081372861	-1.0435961587023	-0.0325120615914188	-0.636825689841296	-1.23411755627938	0.0377094041716323	-1.20665329924715	-1.05731188142372	0.849977626402109	0.24277305685667	-1.06804009941835	1.07533791547396	-1.06012915253586	-0.968939884547391	-0.384752894851904	-0.0815682343041075	-1.36625280145332	-1.25009143832724	-0.714792395745164	1.15606502422779	1.32726806506121	0.152695146047308	-0.109795682125064	1.34010643130647	0.318155356962114	0.613510952683374	0.826218236799928	0.601276415506011	0.00915185052442507	0.981993616197705	0.455067943212378	-0.167251601936443	0.184642966178138	0.0811447296554335	0.759324246838787	0.403223209846049	-0.211041806280703	-0.61125227305717	-0.93387600786156	-0.55688513612354	0.137628980351439	0.209029501508381	0.92615215438143	-0.925183885744491	1.63303201188761	-0.615367606967551	0.0120381392356289	-0.958855603140041	-0.932176487620506	-0.408957254158046	1.93982411886824	1.32068247934567	1.41398154534212	1.28898586621741	0.614618556247801	-0.398292146894852	-1.04039685495099	0.569361288652397	0.698144591630971	-1.18975886245393	-1.36554421197318	-1.04885880178079	-1.85445723131678	0.971834628782432	-1.56119064804546	0.880040375429431	0.731269126876579	0.613082067158863	-0.600617172432069	1.12289789697633	0.719716142406032	-0.00994337253762194
0.697657106241904	0.00543166025183228	0.313020683632167	-0.0977454767983411	0.0193167267546934	1.18926855402537	0.932964976003513	0.479308151208427	-0.0647576750939352	-0.267147304820929	1.15273604237628	0.599271762299078	0.939840056895185	-0.656452950259107	1.27779344098101	1.24353543225772	0.514132089613107	1.24569067922548	0.170374172469035	0.807902690313505	-1.07681993034052	2.46216155019215	2.2965677914332	-0.0915760349935411	0.956718784483024	0.0110000356745922	1.59263021715122	0.306785388680649	1.13569053970176	0.578695952298311	-0.740518434470429	0.0434315958394817	-0.330441459978043	-0.0732593494056573	-0.924918855404287	0.963663846003281	-0.0727855856482382	-0.977532645915693	-0.169588801139112	0.307361331899039	-0.932033630665119	0.680045022510065	-0.192073764881321	-0.692977540899352	-0.330841181539331	0.576829679241101	-0.342696717504347	0.79062359229944	1.03362506703021	0.831312329237402	-0.272469803363914	-0.692734326148673	-0.492702993268595	-0.785140714921579	-0.652208549923796	-1.37972907361628	0.606847903636673	0.588921239123965	-0.596076726169841	-0.32444512782242	-0.289141463841064	1.31364878371939	0.662706216086004	-0.132941113275834	0.793235326515266	-0.38094881496522	0.123623720354871	0.0805313277464521	2.22907227474852	1.95129468976171	1.60491787612192	-1.66581091246659	-0.727692434682375	-0.778736255257584	0.0129206005380017	0.794093966552329	-2.30570797573935	0.777309068255914	-0.129603017016304	-0.223939495904854	0.467477311886544	-0.329719814268288	-0.30239787425001	0.0370442103269897	-1.29788166339369	1.71568908010724	1.85013829054669	-1.73622042739557	-1.51321886841089	-0.0493695502273339
-0.315615219336714	-0.598979627329941	0.907501884155551	0.50993981632837	-0.462027240744563	0.0673050992305421	0.460560265944999	0.0414306560691968	-1.34788234044036	-0.57129111362503	1.31450262915102	1.47567045089067	0.385439937476687	-0.813147799370445	-0.0679919891257114	1.12709077079314	0.118496482534812	1.01410683249694	0.61727484419735	0.150113295821669	-1.83883347217149	0.0245320162524233	0.201607046066954	0.172157978200258	-0.0676249046263214	-1.22157043493575	0.780094612241024	0.679573758017419	-0.794459384211926	0.115147478445851	-1.253714773467	0.69783650252457	-1.59239376784887	-1.21404261768684	-0.144140651904899	-0.234145495902876	-2.40917022293242	-0.746871303284765	0.114280333799578	0.54061384328437	-0.718495201691852	-0.29819602464437	-0.623681208310187	1.23678483856179	0.139472940915018	0.258874538300925	-1.31346272178606	-0.229777861743909	0.718129734129615	0.424910172060257	0.695590620758975	0.673082160416133	0.0475076178164035	-1.17076793213716	-1.40057764348461	1.52348679833589	-0.640984606290953	1.24281925625606	-0.0594483452164615	-0.282511643780904	0.120362258422197	0.630896978637315	-0.367093048015454	-1.22946190690655	0.759405824363919	-0.896190678114584	-1.22941030720904	-0.683964259830905	0.247433553460225	0.122497534536211	1.91604182788126	-0.331805125505713	-0.0758896953741525	1.42001916074634	0.387761226231578	0.66907281563743	1.28505626420807	0.6152815814217	-0.786722595061683	0.36280981532323	-0.626801209466586	-0.468201970453049	-0.931939262279798	1.02591080673992	0.725136003072211	-1.37616284801748	0.420405641752937	-0.591267716483755	-0.411809352008224	-0.172842247713853
0.271250832312428	0.568452702867248	1.14974514171692	1.04920727225749	0.191414311014555	-2.05065068323663	-0.304452839207241	1.13055891729529	0.204846321937975	0.588918672401237	-0.127843065606162	-0.311755253574707	-2.08349004147072	-0.622566464624496	0.922562049113124	-0.653144687671057	0.108143067370614	-1.33905101092419	-0.284110483084885	0.0514051883649531	0.23766854255001	0.605962818593449	0.356111877031848	-0.525522172963944	0.313335969990163	-1.38206924345168	-0.506942294908887	-1.91500986254214	-1.0920194277325	-1.1012215233969	0.573947848517123	0.481865327042588	0.87770068418923	0.675892745405601	-0.256575024563615	0.368031820217533	1.70024099529195	0.30255035486882	0.574675880298628	1.38053805807232	0.890563626310434	1.58757483802812	1.04271168690633	-0.638321861828528	0.782291464080647	0.798505951276537	-0.705058889149598	2.03270009469122	-0.22784639433614	1.00954056508052	-0.395695700650097	1.31131982757808	1.32851688327989	0.853305348531337	-0.502536550631565	0.304628316289993	1.95969963524058	0.0708961043504544	1.46512197514502	1.9314040565216	0.837151451533471	-0.755859081327359	0.165363811867617	-0.881590671405436	0.0416376039879082	0.544926113733917	-0.882769645538324	-0.531502150210035	0.0752087384077017	0.0770160350250953	0.106803960402634	0.972278748780189	0.346780098813988	0.146924565612111	0.649443419047016	1.78686572446655	1.08536485927759	-0.779390009107653	-0.645930447309692	-1.42883079971945	0.887033497638726	-0.0264958140024473	-0.832378891897632	-0.804366769302906	0.372451266496185	-1.6716424719596	-0.196904716865908	-0.162886166810546	1.64407979898406	1.17098101564063
0.682217773271839	0.0105552857896161	0.222113788734284	0.454374353203627	-0.21908165221532	-0.0488195175838802	3.10807064532484	-0.355140595584778	1.7942781144614	-0.266202800517541	-0.284513538602633	-0.188457809859464	-0.646553022540166	0.885463783540213	0.138318086989116	-1.37353033596382	2.18709447137976	0.06989971628878	1.52167663292289	-1.76178680572313	-0.539375372904078	0.306918068682196	-0.101523737036605	0.204362328519899	-0.434912988578377	0.610591399632537	2.13911809633709	1.26871248924617	0.142646483642666	-0.0277239983235575	1.59595206260217	-0.0792784346069082	0.0769136498021726	0.773858454120021	-0.225193534666622	1.25084964265013	0.815058240775404	0.649304395216794	1.9380606754892	1.27229801619222	0.62851638131333	0.537970978932895	0.409498975059297	1.3681785236672	1.38388240634419	1.48359699734726	1.1418049252708	0.850380490834544	0.778555760404412	1.79716608696522	-0.206417404036668	1.55548611787468	0.502571667724523	0.0873812688480212	0.561149015482228	1.60471001412278	1.39950432494083	-0.681979414534493	1.72481355883357	2.26316479530416	0.146735124368588	0.322277335445695	1.10019952576738	0.0297105591140534	-0.635053002311623	-1.3340090075108	-1.84321058088793	-0.939481158545006	-0.38096803237877	0.0636836845355741	-0.292267470570061	-1.00447204542473	-1.39351101245653	-0.962036182325849	-1.60227166396406	-0.289042877632962	0.689416666780592	0.507471966893825	-1.82015343831002	-0.359991063901119	0.734079442270818	-0.548864789982194	-1.11170560221141	1.02634539188918	-0.371458842426486	0.466862784424541	0.126303084505337	-0.737684349730034	-1.08598449274554	-0.64495881310059
-1.76359553265797	-0.422967270982674	-0.86214011504446	0.428499381033776	-0.0494973513170938	-1.02997966215261	0.82653830773224	0.688165491760622	0.669297567534842	0.320948568301992	1.74549960184997	1.67850095726814	0.904020376479469	0.634930613731585	0.0894563120941951	-0.512576658632185	1.52707858544569	-0.258863963066686	1.57812862067743	-1.11184047307346	0.168071590435198	0.15391321752313	0.211159309841705	1.50735928927361	-1.43909320088935	-0.0264167201415966	0.104912214762297	1.24903042573603	-1.15774253752581	-1.3726276496492	0.423099686500962	0.54254626565676	1.56213562701197	-0.00917697911274386	0.371466242683364	2.40079226531611	0.878731840337191	-1.11054275919439	-0.806234232107781	-0.503510683776706	0.285883135129408	-0.401110306127988	1.78962003985811	0.358414348850942	0.577595872416281	1.57424517280407	0.188556674019744	1.28182946654958	0.181692615863274	1.97124955467006	-0.547861219807128	0.325374107265686	0.600984778909072	0.762925814953295	-1.21481542880367	0.0463034148123422	0.317071086822814	-0.206937919365855	0.859851563567972	-0.71127315114406	0.638443994331114	1.64631308208929	-0.379085313952547	0.348952218979599	0.391917566210646	0.851671608023611	-0.818254742614199	-0.0571242462433528	0.405680703168677	0.545634313358709	0.492859809888613	0.138454017260792	-0.827958923970993	0.509636188354715	-0.104300942383555	0.630513829403625	0.342190111235372	0.60518924915558	-0.361184459066275	-0.289143900218134	1.42664563619511	1.07199621670149	0.151505768872186	1.39335121912534	0.49236407348253	0.422531594297206	0.94832981071667	-0.0749644343870785	-0.0220699934880068	0.464054039988017
-1.12492557015388	-1.7697002589093	-0.502187459854468	-0.395716963138766	-0.16379426586826	-1.3550059694297	-1.46742269715513	-0.732832436152437	-1.06249519880245	0.578080057169741	1.00853232455405	-0.481484866546055	-1.18230150274769	-1.25871446430563	-0.262158583479214	-0.687428872108384	-1.60176656378695	-0.396895687056102	-0.843171777998212	-0.742165909329574	-0.946316763423221	0.179789436218956	-0.245812069215164	-1.01442558412516	0.368822308976715	-1.26011381248127	-1.11444917404091	-0.63880623155928	-0.692231503120428	-2.35175124784703	-0.594540809453888	-2.11670772746292	0.224709736962666	-1.18842960356256	-0.537371747817433	0.00704722510765742	0.554654851043192	0.172080527608642	-1.49338866991893	-0.938039990400248	0.479480880911834	-1.07211416781631	0.689908434413881	-0.734369509687514	-0.942982698854829	0.909962443862005	-0.419812903745754	-0.272227795626704	-0.000256207936892318	-1.04094843438571	-0.285054077135347	0.372711164933384	-0.477844485579414	0.816851189594727	-1.39738036349003	0.967874755715499	-1.09320988499266	-1.72831531925233	-0.101331755482738	0.840737062575189	0.782401661868758	-0.459122285059578	-1.26810505727779	-1.41301731164627	0.451365576695634	1.13115326023922	-0.0307381933940694	0.905923631696079	0.205988879828651	-0.102423145888124	-1.34053916687999	-0.359860604563477	0.488065692122973	0.65717358530953	0.213161041144192	-0.226532879214242	0.0617799906742615	-1.92020431322683	0.529505192186774	-0.0960290541940025	-0.603248712557693	-0.839526683189128	0.141689672512752	-0.0782653573453945	1.97773624282352	-0.0910664596352939	1.08090257883902	1.14167906349481	0.0673927524655867	-1.34026735918086
-0.186624744724655	-0.908968324496974	0.664073552152872	0.927496592418823	0.684969554504897	-2.06150235510926	0.873415439271951	-1.50594870862544	0.59974630931265	0.369194095378864	0.424929686663949	-0.0705847580894717	-1.35637758262221	-0.558091864787981	0.982641804641021	-0.151155067229799	0.860436076193648	-1.52852764311373	1.79203093082232	0.202750298877795	-0.436353281995845	-0.342267369543674	-0.503486714775024	0.639836654416159	1.78833993990055	-0.318735983841044	-0.859074225200668	1.65591221037825	-0.810781148680974	-1.80991045821753	-1.29886040972478	-0.870746139084207	0.0706483594893819	-0.00588873418973712	0.352132768928846	-0.607352664128081	-0.356680894934512	-0.794619208175238	-1.87453737272386	-1.11803234421069	-1.2639171125373	-1.53586226639701	-0.0302798349820226	-0.950924868147546	-1.82449506117324	-1.20595307116234	-1.22760572374406	-1.10165841958091	0.544537843700638	-1.07577973487297	-0.283781874169156	-1.96592857050134	-0.892841825676083	-1.37391756471681	0.0185550171836606	-0.912973812365661	0.363381551101621	-0.785675749056235	-0.547895496640826	-1.43037349226541	-1.12242813303366	-1.29635732719317	1.43072624601918	-0.889499146748799	-1.24739452969101	0.230545743146302	-0.60334564215925	-0.564266148463611	-1.18467188615335	-1.09051899182033	-0.818962762636588	0.449856822642636	-0.85939188171912	-0.371957395497191	-0.259710725713478	-0.326825646636118	0.0683433810916547	-1.47006388123291	-0.264684565924524	-1.44565171914672	0.426129337831346	0.770018614521419	0.386851553626395	-0.2243094312872	-1.83732691946691	-1.52443526171725	-0.628862767321132	-0.075059391096936	-0.494751812438741	-0.825000884256937
-0.0203310407732559	0.95187749830479	0.922928844118445	1.54380915829336	1.00520346322421	0.473326993537445	-1.13312976063549	0.327915909550063	0.518167778900121	-0.0296658582639019	-0.181031332827516	-0.0321121130734643	0.51379424271805	-0.162781888081563	1.41223903492542	-0.0614274516847928	0.345034625594697	1.55823838046959	0.589855248475732	1.56518326020673	1.91179202123825	-0.673719306405891	0.189919286524769	0.486983637829632	1.73867470235683	-0.406779260132958	1.18002167073042	0.503755446254329	0.473041279260833	0.752785051374516	1.45579558673421	-0.660166399794602	-1.54329096586908	0.756268215509552	0.591817120652302	-1.81996383616165	-0.26697359437427	-0.750382796305067	1.52336544750434	0.0697375412202873	0.143446373471869	-0.046985217800527	-1.02215143394507	0.685253724481704	2.07992476990919	-1.73321150569319	-0.0262359388820999	-1.23314831669806	0.106533736080381	-1.19716920506693	-2.17196599867434	-0.812850839982524	-0.589149986248725	-0.414205477935391	1.26919609415227	0.293988805739737	0.795629888466388	1.34706751304269	0.40631530587024	-0.0982387848109023	-1.717997915789	-0.295927127469368	-0.122190376625246	-0.502031533069317	-0.285710768498843	-0.717484192370731	-0.09451617017051	-0.392218107991662	-0.681113090451075	0.162240642281982	-1.44209808881806	-0.910491444901054	-1.1988281564579	-1.28040586196644	-1.51868202340627	-0.757748103439182	-0.326658593360901	-0.732208939829316	-1.17973693846392	-1.271917774197	-1.58563733894618	1.12597685301764	-0.409248875582495	-0.110187146107847	-1.2469039227911	-0.2687907419366	-0.337925317730941	-1.66724857120217	-0.902883407935229	-2.00906211950641
-0.650481639279169	0.921167105750406	0.37552039969226	1.40334802481963	-0.377835341486147	-0.0385541264738209	0.0828808341835175	1.34402903853506	1.3329365442423	1.27795477206752	0.749723772212236	1.054323312892	0.793690817186417	-0.751852904033984	0.425806817031454	-0.183760401675173	1.01450560481812	1.41889928735315	0.677112311759203	-0.761776640561791	0.791388230641788	0.00740596328862405	0.434042395212161	0.793976756639729	-1.05968148898213	-1.72805931372451	1.50249759661995	1.68005407559567	-0.392108601289059	0.243411503401379	0.574088342092443	0.257915347010975	-1.57437074925199	-1.60509913788087	-0.836519986537511	0.387355824253965	-0.843267375720543	-0.69459955699591	-1.24119336378528	-0.649504392814005	-0.0352721560728439	0.657939078811358	-0.869510363992521	-0.704039128724615	-1.05719296215533	-0.350418102508731	-1.30024349750657	1.72342260007483	-0.213814603741807	-1.13808811468009	-0.141827837390491	-0.489947190349305	0.15133684049313	0.0834820238976324	-2.22247260027991	-1.15838001369797	-1.84862219197963	-0.743590886001074	-1.20463445709661	-0.447810010403292	-0.0234025261143364	0.950080246039705	-0.517422416851285	-0.587001475701253	0.736019536267594	0.595902136629602	-0.630170917661351	0.47423081114743	0.530828738885901	0.207070179128475	0.98955890847236	1.37579264328111	-0.0228549570168296	1.01395109319736	0.749191808617599	0.330702301269409	1.00658478668365	0.743444526291194	0.743247133131668	-1.60139588544937	-1.73436605632851	-0.0940298201540711	-0.386993674503385	-0.551406478363262	-1.17987773220976	0.0848547974869539	-0.00878728008627371	0.569016238014033	0.398539561249427	0.365245352254704
0.673066531083562	-1.44432205943295	-0.0645739314308296	0.42120051480707	0.180907550394058	-0.669376045709199	-1.27436620259504	-0.257198056689056	-0.820012949041689	1.6085791343784	-0.157409158724103	-1.05553832608997	-0.608875155664608	-0.168594300698106	0.72723960949752	-1.46346878686128	0.402761088067786	0.242268115586434	-0.588164225032931	-1.97497250363693	-1.71382229104422	-0.859032728505297	-0.562320631205372	0.18736149027326	0.301681434968732	-0.354661714579483	0.449775917912132	-0.583230013864844	0.757407169174974	-0.943257818696031	-0.442906184184966	-0.935475813799478	0.911922729124688	0.884526561104514	-0.672208970106714	-1.40432319848411	-0.205595340523283	-0.362320041747547	1.12310474203006	0.164051053539507	0.253024928624291	-0.682678187039475	-0.802939627402807	-0.782323436487855	1.52416387921523	-0.164576437408483	0.674361618060467	-0.954620290333908	-1.05071377869709	1.20034514691303	-1.39914400385553	1.19715244626304	1.00368337130176	-0.047399118645342	0.734323038644301	-1.00558155683902	-0.430593793796411	-1.10766792597069	0.199509653392025	-0.112211298680606	-0.37512130785395	-0.385637067587793	0.0283954938268844	0.474259921252678	-0.465793215754501	-0.678023791015781	-0.468611195332552	0.0960831838151337	-0.0996907056580743	-0.493449964998579	0.180340553306353	-0.00371895220944236	0.347342650487804	-0.0439604288968689	-0.57850912993905	-0.193598303718238	-2.06940629956785	0.441704745354012	-0.258979552410775	1.22045691963365	0.796887688639068	-0.237232627024975	-0.538362554892521	-1.36211243579097	1.49228901044548	0.186654241763277	0.114427250777756	0.809860674920521	-0.0142808126280925	-0.700657737982161
-0.425952106733436	0.504835578306864	-0.972326695702357	-0.876078917091361	0.763862703697829	0.359776720408809	1.10044199530677	0.0427520774698721	1.65797409488813	0.254624528928048	-0.209019594590785	-1.15557780126506	-0.386716792408468	0.987786557434289	-0.674142110963453	-1.23292700578632	0.822858763539677	-0.535797443655654	-0.375735487420841	-0.914790796687669	1.10386148101252	-1.22309111827912	-0.334456509625693	-0.0241924353729558	-0.60677374324307	1.62128122942788	0.444896064356388	0.0329060262527112	0.175229900319404	-0.263114600762289	-0.178594037184156	0.451502587354478	-0.0910331946458873	0.413692583116933	-0.0697133986120855	-1.59924182489862	-0.515267195621077	0.261308723430365	-0.768432649251078	0.662260771788537	-1.34337698834844	-0.143206947497159	-0.264717994932429	0.253726706318717	0.474025641717893	0.657161646610506	-0.594892251712391	0.330193248574292	-0.39395772275785	-0.527804090757634	-0.983236305900694	-0.48979905750722	-0.334394442437346	0.320047644754487	-0.617486710684654	0.390188148332626	0.0948191484606686	1.55635021804148	-0.288535518599102	0.243877923686607	-1.56338239417816	-0.472804173180326	1.51366018419599	-0.438368324295473	1.00028755030256	-1.15946736263719	0.866442916908313	-2.23217343505169	0.906264220583952	0.271403992643032	-0.335407507002578	-1.11994719086068	-0.394236115162156	-0.0663068838630549	-0.35090162579572	-0.489911273863817	-1.50463791173531	1.72892954828201	-1.26597727559646	1.11157236269516	1.44280975404189	0.628004919779869	1.01963930674457	-2.4568032744003	-0.131457274494987	-0.315531537410686	0.241989780297611	0.903930882744133	0.239214574960193	0.542324698588748
-0.359669104625008	-1.81044839324355	0.180433353092153	-1.28017211706176	-0.643477604985885	0.197474957639966	-0.343103693312425	-1.49542561009755	0.257962469794447	-0.611739617802654	-0.519326558130545	-1.36305714769788	-1.2962469566834	-1.31140583811256	-0.314989802262398	-0.514668593400026	-0.432425106376773	0.293822809415517	-0.4158191808435	-0.978971015700792	-1.21231582994017	-1.46921341214585	-1.32679681187215	-0.78890502987706	1.23673811806394	-1.39740009433083	0.448616067680728	0.0174720105436158	-0.404894289937211	-1.50048211858538	-0.917677718482485	1.12356482669286	0.341215601472093	0.563472787585653	0.779658724653897	0.324015858720233	-0.601693912221733	0.855319580375399	-1.44118825799434	-1.12227156891917	-0.838963171840529	-0.754078189187205	-0.387010604613572	0.373226256641839	-1.55865717634423	-0.328768117636031	0.493069585766605	-0.905416270335879	-0.647398924486119	-0.887238723450081	0.195007950771885	-0.425090080996945	-0.799557703988193	-1.08820826146126	-1.39303179621771	0.00596113114548732	-0.486828657471158	0.147233797978648	-1.16010238883855	-0.594915235243142	-0.374860998670041	0.102069655927136	-0.23109682362674	-0.0719654875054777	-0.351776331305828	-0.694933875571694	0.25552355792767	-1.61459038725572	-0.817880565319041	-2.068827162007	-0.55862882577445	-0.544137445028936	0.198994262058256	-0.0474475584398309	0.129700488674386	0.0949329611668397	-1.48089355834405	-1.85512909200528	0.0161095398549479	-0.304494446560658	1.10347865757961	-0.980031493936586	-0.929388305495606	-1.12855461692746	-0.834003514575227	-0.844095935538904	0.418126225596164	-0.666937809887499	-1.68262612324859	-0.248331329931256
-0.763679405575213	-0.125675401136211	-0.836764384596586	-1.53175465988602	-2.33044100144223	-1.27597953147688	-1.5839441328882	-0.990892627214056	-1.12265495734564	-0.4711662584071	1.0600857164839	1.89003231520218	-1.16629722012075	-2.09143271747634	-0.937201374270973	0.876585218503235	-0.52597372870734	1.79053119090673	0.107352615631712	1.16373232631125	-0.595505881575224	-0.575785185548186	-1.71419252198436	0.222259421537759	0.88212164846585	-0.473131710354104	0.687796309089807	-1.05263584213208	-1.27815780069093	-1.40292818005409	0.70855018169142	-0.0451473491966586	0.432969994974546	0.226098956675637	0.701820070043287	0.207388574225646	-0.0217716593346735	0.194722529402105	1.04578333668121	0.958611851249425	-0.0748543495367983	-0.676878391010207	0.533480847250889	0.0598200264687744	0.239572252442205	-0.265798775756963	-0.129571135996941	-0.737174892861649	0.132653403639625	0.844586950329797	-0.0593889221064376	0.0505930496798496	1.30516401472232	0.372771093607169	0.210356350189166	0.420863779738947	0.0444000685251688	-1.78807401169266	0.0950054806790107	0.717171216629308	-0.65106511125987	-2.15953339518252	2.06464901240999	-0.316365892915164	0.887423454981005	0.241902326824818	1.51346510297135	0.137836266299862	-0.875860217975168	-1.08014479703067	-0.0993790484661722	0.317450359496297	-0.940826939839226	0.777465722389341	0.408190596593719	-0.675079195937598	1.70130234575654	-0.935207492390814	-0.602206021141356	-0.505560641231702	1.36346362238201	-0.301464612843755	1.87278473164243	0.646885902382301	-0.328067719986362	0.471011867676909	1.13420319616195	0.639744666893655	0.776198327024087	1.31392547221574
0.816419993883144	-1.63918173490544	-0.00363451168114549	-0.254696784522298	-0.472155846496282	-0.473375865362222	-0.191409905070625	-0.23874567212537	-1.09525893626853	-0.280158148508495	-0.161943301779728	-0.511129777041864	-0.535557931038088	-1.25807574882288	0.787420762013549	0.817540554057394	-0.277479487703252	-2.02643100820563	0.164375747259253	-0.446981179649477	-2.42816804903339	-0.50653625178512	-0.823796462871693	-0.130783142267636	0.301645455176443	-1.20318649572503	-1.77972564427096	-1.00305553306281	1.05393717820759	0.780396408470258	-0.474114945242728	1.24195364778535	0.0828414581168776	0.318275235009724	-1.26298651178613	-0.550234535152661	0.202520190152246	-0.532859261053334	-0.292132410866148	-0.496144651453597	-0.473330694502841	-0.933010388267049	-1.4691057922801	-0.772226070009624	0.369518936806263	-0.787372399595231	-0.157271745187115	-0.0124636494129023	-1.93733382118756	-1.25800103142331	-1.34602245663353	-2.31011601074308	-0.217849692655064	-1.00723146540185	1.16599054868169	-1.08312554368642	-0.996092375360142	-1.5782194092902	-1.93333488182387	-0.629405817457196	1.01821162410867	-0.479675871471909	-0.90069228544631	0.328610259428235	-1.23271825075187	0.239208339443204	-2.01603377025028	1.52974395462827	-0.723470289052987	-1.98412957877285	0.0798892140716964	2.18130993171986	0.152541060475878	-1.48911587982186	-0.264309456972338	3.2895800204169	1.73483035469815	-1.48418615064758	0.279933674516415	0.0136702490908118	-1.73604482379247	1.10548924446665	-1.85520697987331	2.4369522152275	0.432514212345242	0.124378923714911	-1.56977710262819	-0.0634014899668539	-1.42744124852185	0.0967475110752424
-0.194614609374563	-0.347815745511467	-0.135729662030044	-1.31298421962935	-1.52080139552193	-1.2258139147686	0.0996492673122612	0.807078272221876	0.0172136469035216	-0.54623777112237	-1.45295840910545	-2.27019909575173	-0.492274101179797	-1.73536356074322	0.800178521742303	-0.411150725224827	0.335503876238207	-1.09632090275863	-0.546980405030089	-0.308312035406014	-0.194813249458197	0.561624945733541	1.32954441395298	0.0271368709251577	1.1829799818792	-0.600426094465977	-0.544231211956926	-0.660802865273193	0.0604539388892035	-2.11483472789778	0.912429793142411	0.384700961866219	-2.14975237329729	0.586849888895631	1.43043592108375	-1.54594611562277	-2.62612297996268	-0.51101298316396	1.04003134618282	-0.432498546786532	-2.02989616971585	0.228417095703197	-1.01857608726972	1.12867337266715	-0.694049067367767	-1.19073093901607	-0.6350790620728	-0.658138810174011	0.610731980168562	-1.01039289273136	-0.522587965592179	-0.17175299304495	0.100514159998493	-2.70766176176756	-1.04591146083255	0.724934905203946	0.156443398733841	0.857400224658017	1.35168505030671	-0.842425656375115	-1.19377423141185	-0.459584067454845	-3.14978877840904	1.15650050757034	-0.664546347898946	1.40646136842907	-1.31635294227197	1.3365032946669	-0.748066414076252	-1.88690659846213	0.0175408956961304	-0.359164561495303	-0.818215692959091	-1.09702295322461	-2.67211113975169	-0.722777493625583	-0.894043285809236	-0.423061174580163	0.779600836462825	0.311618936683681	-0.0598414424235751	-1.54166146146674	-1.81494268712426	-0.58590135397994	-0.00677477156180781	-0.134921176829506	-1.58170146000368	-1.99500846029861	-3.56009048999052	-1.10459056794426
1.51405118929001	-0.912073592543143	-0.6339622482392	0.23302715988676	0.319797512974319	-0.0476563318079421	0.925080873182589	-0.673169821082622	-0.251751323529723	-1.04523851411638	1.30744737251017	0.0925985577407862	-0.203803066495889	0.524466888445277	0.63413175916686	-0.41051186046115	1.15416796264326	1.34805677981475	0.904115912824382	-0.536938351496898	-1.23424217737475	-0.111322566558113	-0.0335731979323884	0.504834433792848	-0.440360571579628	0.55149881548422	1.83311383863927	-0.482295088576183	1.37031724045781	-0.0902983147123488	-0.860660911644574	-1.74730820272829	-2.21645329521137	-0.463694382722727	-0.973426331238502	-2.57068442878549	-1.81054479992568	-2.64036932871394	-0.963467858302197	-0.336920663434779	0.00378872635237896	-1.15232975706863	-1.41322807278897	-0.306060670030792	-0.596554861311759	-1.14921670712995	-0.0642672941121409	-0.453905116427709	-0.279727308660521	-1.26358645258355	-2.32498037624078	-0.837426648623618	-2.22722081892344	-1.5913986609937	-0.525623271189046	-0.58484055959955	-1.81534137616024	0.414141585821056	-1.42436621795953	-1.52588923438218	1.10519660106461	-0.188440171072813	0.873565879101858	0.274445698356795	0.486207318944419	0.896136771168861	0.416682758641257	-0.51856922967811	0.940533534737133	1.27920933141787	0.50433736509139	2.25773882614858	0.806113546904729	1.49408845374477	-0.117725072497988	0.799194450764464	1.1623259429404	-0.0942624645203019	-0.287075830135467	2.65550412169315	2.02617620699705	1.51833072999941	1.16687092963775	0.457042975012302	3.0902732066108	0.446110570144064	0.60541219288851	2.26495084733467	0.300048797789172	-0.614957925642854
0.189154079734821	0.030468206512617	-0.000396440399493411	2.23500857838443	1.12989871114784	-0.148621245989829	1.12609659530117	-0.644277258463755	0.157009808768349	0.134626669406098	0.666149255350064	-0.0398059301749366	-1.56056857691876	1.88406192027327	1.24157089520303	-0.672255426181237	-0.235061573726861	-0.580273439213465	0.597396059085666	-0.265201567126779	0.884572502716136	0.793857797761434	0.0873465746434091	-0.693062683547868	-0.552044363641801	0.952218250077345	-0.119894506864933	0.259807016587449	-0.187505157368087	0.398410322364363	-1.10975765134189	-2.2660800126855	-2.03212274182048	-1.53772213831745	-2.17826996712376	-0.918885362824699	-1.07828018346435	-1.22116510411629	-0.847871336548377	-1.41525363802887	-0.84821505892709	-0.327606506609135	-1.37381071959519	-0.680011762818127	-1.27574503897515	0.486480379661925	-0.672782894891319	0.253933785306863	-0.513883296931833	-1.60826698435308	-1.53676368614145	-2.01765880810893	-1.98147001241779	-0.624660524049294	-1.27297375932994	-1.07628621401953	-1.74032743758495	-1.19118187624964	-0.868333191212015	-0.559900288254453	0.705306079692272	1.03643739436561	1.8113094385174	0.333875448394899	0.623868935731194	-0.182439932354073	1.02559527123164	-0.0461740730568641	0.50595516869715	1.47064898984012	0.292589098591113	1.89072354604086	-0.859576840776615	-0.89123145811758	0.636551239328746	1.40677468086647	0.735207195919272	0.40770537067349	-0.416802037826459	-0.279864825069979	-0.0582288958914518	1.61098480685478	1.06632277258095	1.66997861366246	-0.133881398013445	2.03979768402417	1.75987592708112	0.483010299594543	1.43314580220168	0.276716136060499
-0.597807260172644	-0.893966045263618	-0.826114016706079	-0.783685421540685	-1.85514141023171	-1.2473052893516	1.05972627885951	-0.209165002716184	-0.604750875519567	-0.0379742474916468	-0.123489582972037	-0.35746605663413	-1.35296767961577	-1.44099229148003	0.0786009318082533	0.491645205844903	0.414813681118305	0.580433136344854	0.206466702570215	-0.230732205012596	-0.733029231125116	2.27313692942324	0.975833325701133	0.310554480739223	-0.623324203173427	-1.49273141763078	0.626382041840641	1.03093123598576	-0.819656098094116	-0.72211129463937	0.530057182263418	0.453175793133376	-1.38864542920969	0.531294641812094	0.612710007496167	-0.029339532288213	0.402358134633471	-0.324794837632583	-0.012854651207523	0.771065965204583	-0.255886856593552	0.710309728058544	0.420051131835672	-0.42966251776572	-0.00710267051316836	-0.803482128914379	0.102668660874983	-0.761085776077326	-0.520272364642994	-1.1023141118017	0.163067522860671	0.196720541180342	0.359361930385378	-0.0338810589358583	0.157504540712596	0.736967423828635	1.71147931466539	0.73049902917136	1.08475221993747	0.679117726002497	0.677600178895204	-0.453670626479986	-0.610659640289235	-1.16756399217088	-0.666790444416032	-0.961364482076317	-0.447827580057668	-0.509055040720224	-0.125446875457572	-0.858702187725875	-1.38334334505717	-0.175456946596746	0.079212573544269	-0.215175498609238	0.662577914244059	0.58558250695697	-0.265511101668837	1.00995882331277	-1.26810019786174	-0.608899727408421	0.193310676563176	0.932454105185703	1.12337217016894	0.700201081959922	-0.188892174848946	0.253310036784626	0.20234694123988	0.499548986447644	-0.0569141671230511	0.347262490395396
0.386446180563371	-0.990960952422398	-1.78746817703331	1.6472972379186	-0.48305043393094	-0.255175842516856	0.220083768729477	1.68822343411024	1.14595286362354	0.065272458448678	0.0236504538981923	0.755591839511043	0.0426267023052308	0.463837405188845	-0.868574060064299	-0.875131687869433	0.0600943791905283	0.330550805907455	1.2714736545529	-1.03341884372339	0.0275621046287513	0.205128709074791	1.46564393547932	-1.19635905885716	-0.226638057171984	1.17733023156579	1.32749481854846	-0.327541292017177	-0.79278435106568	-0.123054261516132	2.34595763863011	1.58405295880389	-0.0604547774894025	0.167946909193923	0.951607508475122	0.91651838537445	0.530467772496925	1.52029213126687	-0.271364598369117	2.8719185038729	1.00735470556121	1.21145320743762	1.20553414657105	0.854873233916179	0.910925448559309	1.61047611356242	0.237139145635735	1.9002048632473	1.86307619541677	0.690572620631024	0.995295177212997	1.41782442682177	1.03899922934612	1.31957115765637	1.28280890291757	0.530060886613025	1.54983259189586	0.952217965338748	-0.44048714274328	3.56510295741678	-0.643983447686883	0.0568961136232093	0.703780941721801	-1.05359143576236	-0.684054415361761	0.352612929265481	-0.43833125218291	0.257820529650547	0.551465720368962	0.426221584031215	-1.00967225589322	-0.627906989381267	0.66153162419486	0.452048655940276	0.347823226758195	-0.576987740968847	-1.06406832132245	-1.71060352522887	0.471604052242964	-1.35336819737038	-0.816834708707514	-1.00251004708365	-0.462349528316277	-0.738970565300366	-0.224884147530376	0.76078711888188	-0.173020010108848	0.488192701949201	0.26293384536454	1.32824400920362
-1.05364978529863	-0.139106060281054	-0.670410780170583	-0.766958461489121	-0.844959981515895	0.427406983644161	0.162995287100004	1.6891541119565	0.585222976625426	-0.289275652818607	-0.0324934521896274	0.794002487566087	0.58615420207583	-0.29845951765668	0.281375130308394	-0.54730151535594	0.505574322541313	0.0515041237334038	0.689298877820566	-0.579606286409349	0.381634274239071	-0.956559490125621	-0.493168067114296	0.324070851796918	-0.0925429081843989	-0.0782845728212428	0.290133556308115	0.488123409097151	-1.32460268878078	0.488057978045977	-0.328245973628619	-1.40183323206193	-0.415937232988089	0.479354362811261	-0.0191863083418638	0.858160529487538	0.74342807807926	-0.777236281424185	-0.0322930724074836	-0.408256069130236	0.726498297014536	-0.113005517430726	1.83949291351606	0.650008471256024	0.266880963150159	1.44461254726866	0.0658371642572364	1.27614678249133	0.778590370415631	0.888254016284136	-0.235023329996508	-0.0754091559672297	0.46318682756293	-0.200866321854645	-1.21907516673996	0.647412367211339	1.22003766814593	-0.63971486583856	1.53766911762107	0.271198368747634	-0.141500846548058	-0.904885536854494	-0.194792550571771	-0.884227107052016	-1.21341043195246	0.180725912714015	-1.57664214621969	0.875751709100946	-0.158776352844803	-0.157461145026319	-0.210928516889671	-0.296458754319738	-0.308783964678223	0.329587973071982	0.00781380298413969	-1.03042445642312	-0.40309292259255	0.930064733670869	0.460714383442755	-0.946447776526742	-0.768589759245795	-0.114824054964943	-0.795246744096129	-1.06728816300491	-0.78862417594423	-0.919502927025246	-1.86939295871208	-0.69438613984022	-0.298378717232911	-0.102408548226727
0.648558436312955	-0.310174180477558	-0.439813584618725	-0.187569336173283	-0.641340135129912	-1.55692127086017	-0.0457826468314736	-0.174498480809404	-0.257578348682487	-0.594581964004003	0.00226526631485931	0.576168942706303	0.524040266072935	0.299723130538317	-0.0849482107826221	0.115022685623676	0.279132688510654	1.88273739202044	-0.181094000078276	-0.287958134567242	-0.821598409946471	-1.61234752422256	-0.639961743673222	0.0861247256811901	-0.512739612243446	0.775250205792121	1.70521522063637	-0.032920942537983	-0.101055851797577	-0.539548119183795	-0.778823346118958	-0.660159370890834	0.458815958618874	0.968348245693168	0.482923000816287	-0.544810716733021	-0.465409541889284	-1.31181235601855	-1.26527253213651	-0.535156710313478	-0.344260490785022	-0.851479620584305	0.901303976985348	0.0507989282649035	0.304647648757585	0.979580413508131	0.221289583293433	0.320315527787839	-0.488452529564355	1.25613487331348	-1.37721981702128	0.26373779689605	0.992313224219489	0.357007421186312	-1.68689199428311	0.618249214846022	-0.244529216024088	-1.22810518960937	1.37866716684331	-1.05689897227791	1.07109852731808	0.154565939384655	1.64529008415013	-1.7815043652084	0.910774475019576	-1.10928901590163	-0.410225858345781	-1.00770226576953	1.09892265448476	1.80566487243184	-0.136015829634129	-0.693448199359932	0.827206350238903	-1.21177555140926	0.145271226581334	0.298384426092637	-0.104644158758081	-0.21121318535976	-0.775694507203296	-0.35558254910229	-1.57705305078399	-0.854043720273545	-0.243947990188474	0.590224263692049	0.441049183625016	1.1461103333122	0.832560295522418	0.156047116795847	1.54653885991025	-0.155573013996395
-0.292675266891759	0.00853701981137794	0.0602334060716092	1.35212152528776	1.61309480276914	-1.50674818579456	2.38263833144078	-0.114313389538966	2.09885960121548	2.05247876767551	0.964243040968037	-0.651105414831998	-1.82627165524736	0.125569170513191	2.0100464793013	0.576309903675639	2.38389826203548	-0.779433344528355	1.99103985240983	0.984699799729517	0.815982274350573	0.424525386730189	-0.265008809955524	0.864815855572178	0.549327063521286	0.645764806968715	1.11579959260319	1.4009276621857	0.842602273587627	-1.1603453756171	1.42404487609898	0.936378820677382	-0.293594035609135	0.102158032932015	0.647263677403782	0.376599612677588	0.230301038583287	-1.29705308992683	-0.101419380361422	1.19085827684333	-0.0646930219420236	0.0923555027458074	0.936323569580898	-0.747549953749055	0.424959165627494	0.298702846042316	0.549142331316398	0.682322446248965	0.644826971707896	0.515559025997327	-0.138154217314683	-0.372034718160917	0.0510726258725906	-0.256488420288898	0.508991768275146	0.136877135747437	1.24911261707928	0.556071368108693	-0.205417347278248	0.880944147303538	0.698852745616154	-1.23324497423525	2.13000588826015	-0.0390718739841364	1.71668155988876	0.959902122339063	1.63568266874323	0.353342097604873	-0.799814097381206	-0.936702039332476	-0.866762137015493	0.454672969018586	0.762965013321633	-0.969808125160859	-0.390764917459424	1.55591405420424	0.813203488822485	-0.943468652122826	0.428883182836486	0.8172153057325	0.610428581928446	1.09637992983091	0.681388549455786	0.755357091932831	-0.226207804565949	0.042058994429357	0.511692889142853	0.321193142712046	0.674554184184312	0.698982906004772
1.20356383574323	0.184769022270731	1.39450317278436	1.31037184844252	1.68308467489797	-0.969358377555393	0.299407472841019	0.215066841068527	-0.826002240661834	0.426663826970501	-0.274086579853175	-0.891106409359588	-0.671258719383799	1.79051300356173	1.22086122337227	-0.263793516655294	0.0786917563160166	1.38013412756924	0.417811651290385	0.0128045943117275	-0.184808454542022	-0.71736698553142	-0.312252838725278	0.203678294444186	0.655706899262187	0.719615994535716	1.00220301375492	1.23140829119279	0.680055224452852	-1.02026922241137	-0.407742138739838	1.51692902879519	-0.858130137661006	-0.109687096480211	-0.390555225530137	0.978397112339816	-0.878612943567714	0.00910732464201877	0.129631180845378	0.36012634306849	-0.0309133840628843	0.949678106783535	-0.023696017163849	0.426645868981575	0.829004531287901	0.937373049788799	0.044439910281027	1.57169216308984	0.772023840555763	1.45120506425185	1.38290151459296	-0.359378260844892	-1.50291022495613	0.199022249844421	0.976749427503923	-1.23665850716099	0.959869672782991	1.65442503660725	-2.28790381349708	0.89366252044127	0.0490542392376832	-0.39606216112951	-0.328334378356785	0.209490098790148	2.40619567938079	0.0525405577057122	1.56119318053764	-0.230571058167576	1.8778038498139	0.734685439283337	0.996796271709586	-0.565145967906665	-1.21807480890191	-0.0764501147982278	-1.14883574753954	0.00804408337922181	-1.37344088944324	2.23862989387339	-1.05580387233677	1.46455624861617	1.13426459994313	0.207003165572524	0.013901362775793	-1.41022209330913	1.148319965292	-0.188593025350431	0.959091885099154	-0.233981798202654	-0.853645625363448	-0.599606981414599
0.813035456541494	1.05775043821658	-0.560314459617644	-1.54723269352749	-2.89487326867269	-0.818627965443876	-0.217452840025797	0.0664901598706294	0.999913821995367	-1.45011398170075	-3.05796849953173	-2.55762443578413	-1.20907066300372	-1.42967255386711	-1.2259858846042	1.53878942005495	-1.5453007891313	-1.66367845134487	0.0170251430806563	1.01278910051455	1.155262417828	1.70930578281509	1.24880722033637	-1.93931571864097	-1.07403552152311	-1.40552801746915	-1.28234982501679	-1.1390985635243	-0.744089513811056	-0.320682814850405	0.501952047560268	-0.17810155910085	-0.290901285465872	-0.538301610498318	-0.636940873764849	-0.146584640464447	-0.931711798582727	-2.21860806841159	-0.25725651268185	0.870149754290927	-2.17934081258615	-0.0870311828824534	-0.171222129982023	-0.605009084352601	0.276504385255286	0.503145322348861	0.286092648769861	0.574327550932242	0.555236004040656	0.395409714669339	-0.892828867566466	-1.25468437197828	-1.50832441045527	-2.11982099116169	-1.39367729277125	-0.0641048506590158	0.424279551168891	1.2032947059745	-0.0404392920863335	-0.640023501111702	-1.60053220826464	-0.0824171974636807	1.10679126367142	1.33798272696254	-0.67729492947133	1.54781957274789	-0.29955167841171	1.88489921581395	-0.97021773529118	-0.353734926660434	-1.02414457788473	-0.727517106337349	-1.23434182600384	-0.344288469184999	-0.351993383520873	-0.967122516988679	-1.24079326066605	-0.378823490445648	1.59209162911779	-1.30807732802168	0.23528100939895	-1.68427576403023	-0.718115118023854	-1.14200975510748	-1.26607133962377	0.307323557850675	-0.949036534222307	-1.72812567782711	0.0165294815495492	0.374849436160689
0.400844081310179	0.983445158070058	-0.716205172466299	1.20408002325954	-0.372474937932801	-0.276414648507565	1.42881547262799	0.734707826273205	1.18750436107263	0.238786339619824	-0.000189720457580636	0.774577750149117	0.70422107221912	1.45896477744665	1.1198953248044	0.429354028173942	1.88567752637416	1.43965820679822	0.484373089320434	-0.420880367614173	0.582881552136227	0.236820359167317	0.0279724529182967	0.945262188237387	-1.59766115134776	1.52917871210244	2.29030846122148	1.04162132008113	0.424995679902237	1.00337153734142	1.41816555823551	0.256050214452923	-0.414204135856846	0.738178688895386	-0.224701638231525	-0.966092482303513	-0.874140355552378	0.0789516616808556	1.47271689067926	-0.0985925389438317	-0.564207528249001	1.53913415927291	-0.200777403307543	0.588235932641355	1.92635517156427	1.11335770765313	0.420349136043012	1.1700786472233	0.660310887158189	0.800874362046108	-0.146418056246303	0.481361541788802	1.02989569654548	0.217595448157858	-0.422054385412149	0.4118916479399	0.133712112513875	-0.175114854140084	1.49569855599664	0.420286261775859	0.75752479827038	0.320778698761874	-1.72994129874806	-0.388257692590551	1.25860353341863	0.656708476875737	0.279795129870514	-0.373357731631982	-0.443835505670861	-0.671606210102191	-1.47631092443374	0.25526230304338	0.980453558216381	0.52152731852003	0.1874034440378	0.875506171815484	-0.553527862336401	-1.21037247868534	-0.550006925920452	-0.415669488150234	-0.0516606625258056	-0.684678074231693	0.199265249470164	-0.0855623582846871	0.957606887581595	0.320491198807361	0.834639841102763	-0.228187723105086	0.412799862665588	0.0554286345103919
0.0771020145464099	0.808735630698925	-0.132614739243662	0.843513095088961	0.658159931006039	2.50962094856631	0.138316329316584	-0.605436488364999	0.0227159342462339	1.11628550295275	-0.115790314384807	-1.08473738735428	-1.0640075147958	-0.27502625765395	0.674035786486822	0.814609332422127	-0.4990886968572	-0.581300109700523	-1.38680765222594	0.990858875461268	0.665909442545	-0.145032521093791	-0.476605048010147	-0.207362962453343	-0.101862195666132	-0.235162665520132	-0.800570410020615	-1.33318420787905	0.842793846441593	0.606464461723258	-1.76535802190658	-0.741514106571301	-1.56817731163482	-0.514635957578113	-1.47801521656988	-1.55795294600415	-1.57007625642884	-0.0922213095152374	-0.950853756390799	-0.691231035235853	-1.00793398274725	-0.987236969993833	-3.00285449549766	-0.604865838351163	-0.450213528913505	-0.965231382168436	-1.26902889732171	0.237605710655197	0.637154875632502	-0.303207327713015	-0.68595176592449	-0.690523312352094	-1.63696921498949	-2.83885628314208	0.960963575666458	-1.28631048788477	0.612474332713886	-0.321495068536194	-1.7918184316035	0.359658592338416	-1.0308828587186	-0.811360919564479	0.091914037496196	-0.798726809059994	-0.768000922189704	-1.05367029398306	-1.30555482164324	-1.46488865586715	-0.327816685170352	-1.17107799674083	0.117545044041294	-0.98215084165936	-0.910377111331345	-0.719307632831174	0.344008409622985	-0.227596195983684	0.417994777743684	0.143570976599485	-1.04662206099924	-0.603358362038148	0.312975737220721	-0.547654154991296	-0.00888253207732202	0.0511267304576922	-0.461610837875225	-1.37259443866327	-1.32912874594521	-0.184035958828941	-0.231371175112936	0.348639478860488
1.87262033675416	0.304074068629844	-0.211587917830542	-0.473910237802293	-0.031980452346237	-0.528257887787969	-0.100802623520246	-0.0721736239550954	1.50434068394185	-1.45771582741827	-0.684781324753658	-0.870542369286014	-0.638121694107483	0.33844520164608	-0.256112961575051	-0.622359335567355	-0.107947698795157	0.780689499353607	-1.15914070270175	0.0390558602854648	1.53297870540338	1.28479057278723	1.10043549663375	-0.122238266612186	0.991060064389396	0.692193669381792	0.608962083446326	-0.421586787394097	0.803033148417026	0.0167592504269074	1.00643254538612	0.250632935223101	-0.709973278085584	1.77410707675565	0.773784902874679	0.955433217364549	0.74180988697658	-0.187750701166216	0.216429556962427	1.19773591099692	1.5927292159113	0.973559680634301	0.416048239317185	1.40675271868615	0.386541516150629	1.07889244033798	3.39396105317219	1.09806545933228	0.951707887529865	1.28256268488089	0.442170795314047	2.04613547256139	0.0579607669978955	-0.213576879917902	0.517483347796308	1.81055437690828	0.176949602241006	0.355906512810854	1.25773401571514	0.785308280267813	1.01403990435046	-0.626772575964361	-0.458327411342304	-1.20723612123125	-0.665264687876027	-0.310001698074936	-0.63316771890614	-0.82701357095098	-1.29652576690314	-0.372216078493262	-2.04224080164188	0.143500897466286	-0.293948595547367	-0.688911833659509	0.0391167386037293	0.236457705022687	-0.687980170835097	-1.18968126707181	-1.30087015135009	-0.46594085229562	-0.146381748713626	0.282769904780416	-0.264340461143134	-0.414230449669861	0.0476300730711159	-1.85309491037958	-0.0865552248680958	0.0213155913288951	-0.32114437089542	-1.9458541769334
0.230411964018862	-0.376793163035319	0.541283693301622	-0.184315365754858	-0.452289973835763	-0.0620918486498771	0.180107019715143	0.0571080889894512	0.185306411230844	-0.199948013269554	0.471177198360405	-0.65611641392638	-0.28225988446411	-2.40790804386322	-0.169810071409864	0.13219879971615	-0.110824668740606	0.934798830157819	2.05803873721114	0.293923667430089	-0.467719026927565	0.0976138739334404	0.416405816867314	-0.590449355035022	0.743048395430787	-2.78449850071933	1.12085360396309	0.993097653116222	0.281459426464161	-0.00344104180052564	1.4050827490352	1.82455543346616	1.10937194814389	1.41243552100512	2.03554471933151	1.67594365652335	1.229485258451	0.696205254786114	0.408214120893903	0.422270179985978	0.459630913356962	0.247272814359921	1.18217044614219	0.609272937218814	1.42269167310105	0.566721765872015	1.19659339070279	0.843664033560204	-0.896054064570378	0.229467380933374	-0.031101259879464	0.301504103728444	2.30516804601348	0.829110771387727	0.499677560605838	-0.0555295394578785	-0.325942445425905	0.623710505897932	-0.153078119080738	-0.276754276913543	0.757900843070391	0.866700940168096	-0.487748832600992	2.56585326945825	0.599877868834409	2.21164153386834	2.72261465620783	1.69120458437785	-2.01970065966842	-0.714322228379441	-1.40350806664375	0.363736576242713	1.3199456902831	1.24755605713333	0.357365698953876	-0.384877353255003	0.509278082492312	1.00539176651374	1.7269984794564	0.812173153872871	2.0866010220764	1.23627634362961	2.09313202649385	0.526375743426834	-0.397221485747357	0.729947525744084	0.960401926674593	-0.160229553388625	0.703388702369583	0.716913179586271
1.81151004607394	-0.846865210653318	0.458094133086253	0.797988793257215	0.220588043835005	-0.784331139712325	1.48330431923765	0.893398484314795	2.00135730016824	0.0258012286474821	0.228782776507124	1.39531980283753	0.909914181691522	0.415637889826781	-0.470552821719274	0.17618209047396	1.08439161259709	-0.258013693961265	0.453237517397091	-0.337441112893395	0.261453029488245	-2.19936914592764	-1.17245200147658	0.890850298129804	0.19957831159388	0.083648373588735	0.166466367275763	1.64603434726165	0.464580179533349	0.763137086775447	1.36734482470629	1.01184684645583	-1.33972498589769	1.0834906763782	0.313113495473935	1.03200377343404	1.67182489889758	1.11642327741478	1.27980310743141	-0.183749806788472	2.09725432604951	2.24361301855281	0.779877377253713	1.24181650570013	1.68349250868906	-0.0951523639645295	1.5982100258439	1.90879222268356	-1.04225220722434	-0.399992407512212	1.11519603630897	0.646723988384751	0.992415154458061	1.97969862040333	0.700702299819876	-0.178642498319876	-0.389885042409764	1.10421239923996	-0.0862209523497754	0.0178312831163742	0.55179935736865	-0.219825225082536	0.00827427915352514	0.116633473442704	-1.82258295908347	-0.442291221481169	-1.01889664620252	0.392393525612286	-0.590601906314893	-0.396641267264071	-0.115235137714694	0.0296781174418449	0.269417704427077	-0.617720431674462	-0.410123529242974	0.171567803043188	0.60035445606319	0.315826626810462	0.483104816113521	1.63456196901522	-0.228139674943483	0.48272433839629	-0.46935268924322	0.688670455706088	0.257535683419938	-0.948568601086057	-1.14739704040365	0.282763575355077	-0.796409932920081	-1.19290972472109
-0.222276330812802	-1.59196825501295	-0.629839551941612	-0.589728833981451	1.45456077608117	-1.2221242148122	-0.7757324590201	-1.16345612491225	-0.465747436099494	-0.627885145097536	-1.38246647561348	-2.15595929814309	-1.31844415132325	1.61888402043236	-1.15809740003114	-0.436509618039959	-0.207963528022153	-0.683527274909287	-0.310150276330335	-0.277504392692076	-0.157305643182164	-0.355157345646445	0.0798894828964914	0.220086666930596	-0.639034846866956	0.881147863475327	-0.939965578158909	-0.98267003803339	-0.397284150436719	-1.3911601497254	0.446898536131294	-0.296662145575161	0.608239099578236	0.188353773043332	-0.830765628544023	0.299169370270835	2.33308084560681	-0.437076355999937	0.586560186157537	-0.742823103717932	2.21942689417825	0.180225353067531	0.416909481912814	-0.380312741549265	0.328586691140383	-0.358255193250902	2.10071625844491	-0.579316058875782	0.221241532181762	0.149455170990368	-1.15084220862501	0.183795008153676	-0.131701095376247	0.9828611299996	1.02377702000974	1.97906596213543	-0.195654031661484	-1.59536411472478	0.94664496797099	-0.0753713591097093	0.0575973977005274	-2.8270036355971	0.667971592465165	-0.516340447122934	-0.176469989827905	-0.160935210091696	0.0491502750408311	0.192458231154797	-0.808465728856788	-1.65995188419125	0.0694165434129912	1.1581021553193	-0.511545511909444	0.817309619316478	0.768036903811838	0.743981491571445	0.0905335392308855	-0.182166300166268	-0.234893673979479	1.93636660982651	0.894626067302376	-0.151701917911039	0.72024037366357	-1.07348828361877	-0.0166460200830454	-1.54360470076635	-1.05208868453567	0.208023487197145	-0.485661753293631	0.334716935044315
0.912344396007202	-1.74086319691951	0.14542096065205	0.76983226889894	-0.396641328839629	0.145951213737359	-1.05977771870567	-0.895723031817092	-0.409191017752776	0.572389968777141	-0.262368943783514	-0.476229274100904	-0.377057662323095	0.525942791175135	1.21219918082342	-0.894246047746894	-2.4274536019115	1.03371897927002	2.19544388512584	-2.48314819347447	-1.82028811911645	0.525926988505582	-0.467994497192096	-3.07733338330648	-0.358508382912449	-0.0138376128423101	0.897234144173752	-0.390549443936681	1.49597502663432	0.821970561470519	0.182794115712004	1.32900195584165	0.388950527952588	-0.363588993150331	0.374634521488472	1.32336341155976	0.267195697813964	0.875207405179705	-0.279221886219757	1.51982028927458	0.627523075809643	0.058237942946411	0.542730958131806	0.0488858459161044	-0.116203448669085	-0.984918668237175	-0.299789259402345	0.226714306359706	-0.649945651207275	-0.65584715771143	1.01083967650333	-0.220853852981585	1.99247376778216	0.540007445999291	-0.0169832196339232	-0.72546660850429	-0.713296402850915	-0.83472788996362	-1.13167324885425	0.0262326884105673	1.42088856504925	0.93744076030333	0.34489176833868	0.372164357430241	0.180288640858931	0.62743687471687	-0.143923936972695	0.379702934843519	1.80538550023909	0.939809953904676	0.612822085463499	0.565620430541038	1.19737569406821	0.669828790056101	1.04063013840388	1.82749200176882	0.12253368094	-0.142883370114174	1.070974905506	0.815283203775067	1.48958410361618	-0.0461298150112779	0.00524736844181474	0.55760309061895	1.33118794662753	1.60269141293674	1.0396876299642	0.388593444692781	-0.171731380879357	0.715692168961273
-0.868833414008324	0.0872468393860588	-0.287716502965836	-0.360747600264279	0.0386140328459209	-0.339076729123622	-1.42239921680867	0.797681390612341	-0.46544553548256	1.13323114146618	-0.824050275418789	-2.00800047732648	-1.65873792452384	-0.161086130550165	-0.122061784385598	0.805255298097107	0.262015392927554	-1.99049518434612	-0.605369865537864	0.342589752803579	0.135123671782709	1.89507696806547	1.96184611926811	0.841497006003716	-1.33719362054185	-0.230392787896454	-2.01091097775676	0.011927238556969	-1.02835450868758	-1.56404644047251	-0.312773284457996	-1.96427203370857	-0.688961888180868	-2.54778804111944	-1.50947204170716	1.13875700153374	0.182737121335281	-1.10688125559778	-0.589683902093429	-0.652162931164888	0.889818039732569	0.0344741468852015	-0.793233259409868	-0.355289019732471	-1.47774054529527	0.272739971502781	-0.135098976028423	-0.274466217310591	0.784698582742382	-0.296804646160412	-0.247784275895615	0.624242724576436	-1.27185435171425	0.34399412909194	-1.1688675369417	1.23803637723716	-1.98440942524225	-0.711920444491143	0.683215066763682	-0.415618774444062	0.553072380407358	0.85108785089162	0.417046675896456	-0.116220279559246	-1.68921008890983	-0.588941018417691	-0.810871049185169	0.561472670384023	-0.712929435784493	1.09018281527001	-0.623467040913914	0.014714791723457	-0.447343753775551	-0.54826129296892	0.308871655369526	0.196184019692469	0.912250596408384	0.766044139716617	-0.184962771760527	0.267843743422081	-0.0979164130712127	0.948234667984734	-0.743203901469723	0.444273398919765	0.22324533511614	0.0610065271348235	-0.510284175886313	-0.265409944626975	1.15036231468484	1.57476213150378
0.473197330434405	-1.30053762463399	-0.141425407825353	1.07505555409028	1.43285121286129	-0.132891709427794	-1.57608275696652	0.600428914465208	-0.954889489894956	0.401567250691329	0.449688239417595	-0.214215026006163	0.656546177877474	0.853028406204351	0.674320199809535	-1.17359244706592	-1.55452113449841	1.19873345179596	-1.46012643498499	-1.14198303369795	-0.508366561626158	0.377401324785363	1.52692633481936	-0.489590050996952	0.755708757037474	0.842875558080349	-0.243686566625668	-0.776559777953539	0.185258850323202	0.176955304440298	0.336353574190008	0.598877610962518	-1.17107391431718	0.670190832410261	-0.483693585401691	-0.982788698005579	-0.666336025025451	-1.54660608073725	-0.33626320857195	1.28333889947004	-0.098886528161459	-0.804828539660177	1.05702325826511	-0.304608491562377	-0.904755107517797	0.430280935085069	0.703764966864224	-1.87858060729133	-0.442486419474816	-0.632055259498531	-0.0889449799908198	0.642699039829689	-0.843767378634682	-0.050338290848412	-0.855936757234238	0.668074665913708	0.825784988310757	0.372680813757315	0.467776294201632	1.27335780714701	-0.436509341969764	-2.7284586742802	1.05919693668387	-1.89461038980375	0.419108123114223	-0.53956554507587	-1.58621720395229	-0.0614254510358402	0.808262856415718	-1.07994508542509	0.186305706836787	0.221766067361464	-0.82733606966258	-0.911968405966853	-2.08610267393967	0.0674228163710499	0.494639988786609	-0.628573167715057	-1.80041198006013	-1.53649383791293	-1.64930708038108	-0.65599754663168	-2.00435879510882	-1.11229474906931	0.856075361488669	-1.73286181364307	-1.35495988278686	1.53024573829622	0.794221851949333	-0.216151905631981
0.439983856900212	-0.994793308908512	1.2152157410771	1.73016890498626	1.0494829572776	0.701699962536886	1.47559868625858	-2.13614124682688	1.15054703500664	-0.089034014849363	0.61997132170587	0.464808290839757	0.200179092194057	0.402231700139952	1.04324360055582	-1.65806138730706	0.80757496457338	0.569057439235037	1.34207444817849	-0.996883823653332	-0.165596947271311	-1.4260357479495	-1.81218495745238	-0.049616281130081	1.65762143331577	-0.476403588504592	1.32465024582132	1.79258024136203	1.08741240879636	1.20606360092455	0.0450770225791318	-0.197795221838422	0.179034189181987	0.196283799331088	0.652939312781254	0.201470074496729	-0.414588420341501	1.01483775176479	-0.133022493949892	-0.203273318606175	-0.165131209918501	-0.935971266678585	0.256525105314008	0.532116290695598	0.883130401630973	0.0930867666295257	-0.306109194007042	0.151029814854812	-0.464275146944856	-0.122193477635998	0.145419326401028	0.222786505564001	0.617764329723351	-0.580706429636976	0.79253481468531	-0.704940762802885	0.613462956465433	-0.666851853942095	-0.686246605278106	0.863862585222567	0.817326456934833	-0.884207275317368	-0.356579504883776	-0.0169714282487037	0.337295057301733	-0.816597062707173	-0.0102508887521818	-0.234088045676658	0.647367115511075	-0.795959737384028	1.15605701955468	1.25688859283578	0.315966659070901	-1.54976995623358	0.184930587498342	0.506829353276888	0.721336402978007	-0.816174958256671	0.227422884871198	-1.02470283118857	-1.87667122772587	-0.3342851298814	-0.053982459366131	1.56985219753878	-1.73013165988344	1.52900124713642	-0.894492287933613	-0.363782471130055	-0.498411147389182	1.06808827609576
-0.214422664551629	0.239253651522801	-0.712109994228077	-0.115649920016233	-0.843348086100173	-0.57614845403798	-1.54876278694809	1.02508952723498	0.3150193293516	2.01577404677557	0.0985842853071628	-0.0313331796626996	1.26313132474084	-1.61549317093414	1.92157947656898	0.674630127498799	-1.11513551548179	-1.66619526135623	-0.90818423938342	-0.373226704358209	0.598986909020373	-0.705476106059763	-0.0923683819234358	-0.615659045725871	-0.0266950957548774	-0.53369336777684	-1.95157575585846	-1.23525797980632	0.497011714330983	0.0630225547474942	0.753350076813285	0.240998976110512	-0.681334885190094	0.505655423796141	-0.190307533242442	-0.858470947999677	-1.13729000144552	0.194114317768604	-0.282704007312593	1.70895148276067	0.0320364710476948	1.67644383803699	0.893616309041222	0.813031945478773	0.879101060974333	1.13268426087028	2.05878231309218	1.67638289833796	1.08765532483808	-0.302086445553442	1.28361413869305	0.487712228353362	-0.722139571538261	-0.281951467332042	0.692978881983071	0.167318224907892	-0.652533235309333	0.886334446471347	-0.620825708178307	0.919349577104413	-0.422336804295253	-0.200066599513928	-0.50532132076665	0.823045257267546	0.590449653560264	1.33336309622205	0.0706363784919058	1.1768771185439	-1.21746560580966	-0.282587124027778	-0.967795973544667	-1.82065219786559	-2.08447481025039	0.52508190812458	-0.261185282295173	-2.68988653193825	-0.18033576825618	-1.25452617650767	0.87064172088489	-1.0743311697547	-1.13245145385504	-2.74225479376489	-0.0700825859672314	0.203983906664861	0.403027358100181	0.329663589473831	0.218731033990757	-0.759665527556573	0.574910676522931	-1.17921761710567
-1.38711721168768	-2.15783617260488	-0.212494895031865	1.11941735683971	1.64236393177662	-0.996343182575778	0.537614331706749	0.0564478000776371	-0.852270107276447	-0.377003195685972	1.16367148514777	1.69680934775792	-0.872734006565402	1.50705008955093	0.236452155689079	-0.205178388228823	0.899167194792588	0.842445340792727	0.0328945158489963	-0.353464738593901	-1.8887860223329	1.07032305315529	0.153384662284603	0.888159023663545	-0.0384747401300904	1.18146564182465	0.848423850399079	0.650565537094687	-1.65333232099729	-0.641886588859995	0.595164264174221	-2.43503770756192	1.60364175193512	-0.328705501562936	0.370334008638139	-0.884096551725338	1.04288608458064	-0.117759428798968	-0.886684162460637	-2.07359771867449	-0.504687961931052	-1.24335287463085	-0.525221921412447	-1.25371942204446	-0.879693110076548	-1.82763695240711	-1.13342972307932	-0.122197916802173	-0.651972458882632	-0.243411705055679	-2.16226469859548	-0.884997724629099	0.158828815331064	0.255292306978716	0.193637585801853	-1.57378278408952	-0.60583475110316	-2.03970878805722	0.562569123399201	-1.97983606347232	-0.427841616893877	-0.646143556604873	-0.448728871337483	-1.11698893712795	-0.478572392206767	-2.37186701612514	-0.766859250902682	-1.6460253587827	0.15127570482694	-0.248668405854674	0.717681033670137	0.640552683098635	-1.06250466489995	-1.67442175433696	-0.400325694863171	0.352306545874893	0.207992397094025	0.71933270623027	-2.43859039148457	-1.74788749837012	-1.12940125857523	0.746375636406479	-1.12212593982896	-0.884157163578902	-1.81861625810136	-0.541432794894581	-0.627486956375434	-0.757357345616428	-0.189384130191681	0.829435996922767
1.24565579124639	1.12099332056966	-0.0869107892372357	-0.326939113028233	-0.513919944708237	0.943882838042027	-1.05492589408366	1.49761952239991	-0.299394127558159	-0.395996041911585	0.897655612572219	0.065787886557969	1.67483644249764	-0.967562113722527	0.455883850804926	0.839557357543236	0.265453523553912	0.488148585380665	-0.70740732408017	0.443796358949331	1.00980570000147	2.07079461758615	1.72039449836964	1.51053027388827	-0.0292230351136884	-0.89185485858553	-0.607678006606613	0.560337476529405	2.74768995076061	1.56828686160437	-0.326787154978192	-1.11167960770487	-0.717716026212325	-1.62005553697434	-1.18241357293335	-0.681775579949226	-1.30230103867108	-0.477046606493953	-1.00777433697621	0.603316259641266	-0.335678550899853	-0.420108576797388	-0.556568054559949	-0.710168744389931	0.451433828742998	0.827159904040184	-0.92927014018192	-0.319030943073096	0.0546243416733836	-0.475649365126558	0.614925521976804	1.22037610505466	-1.22813093852162	0.105193542909923	-1.59250179092936	0.435892859534736	-1.05099395470236	-0.000219613815715736	-1.38440928356304	1.78456738583626	-0.421888387461218	-0.424917649669962	-0.737920450031235	-1.18318115646894	-0.522990307488253	-0.588889154048329	-0.997665604891654	0.111196512185527	-1.40927306061918	-0.808634488523734	-2.69566531534235	0.595795898823532	0.755731226712428	0.263892248678343	-1.08533135710534	0.883967520044355	-0.74112365252444	-2.68419180347368	-0.535831395799484	0.250638123514688	-1.49976885296669	-0.469625004926509	-0.484088046473333	0.157300210364545	-0.17206745656193	0.359362419884138	0.428987719341312	-0.464784974617322	-2.07230406996231	-2.43293303870006
-1.21913348856865	0.887468997206089	1.58620137063274	-1.34778706087663	-0.209087234598078	-0.0622358165247451	0.21679225003973	0.618792724475744	-0.224971996873799	-0.670297650728731	-1.0140199756595	-0.102738316355725	0.542725357831728	0.403104847795446	-2.28018593370047	1.35150667703897	0.254705368683928	0.256028611205971	0.54348002657401	1.01978952179429	-0.255567569367347	1.29626498080801	1.59876596086168	0.518615518383918	1.89158600195472	0.670769422757952	0.0300000091457413	0.695894552859116	-1.52812764563203	-0.508285280056813	0.76650356918576	-0.711878064433476	-0.0303018988795434	0.0890322170134325	-0.54540607647904	-0.676079699904885	0.953636173048557	-0.330353014941969	0.0340928552433368	0.99259027913651	0.998832340618788	0.67656495749408	1.66455724067843	0.0311873942483061	0.579716563230231	0.325237411468603	0.84591158285491	0.544688934835367	0.785116034970211	-0.152784703483063	-0.400004975222712	-0.377508214189676	-0.661961563740638	1.40689977977803	-0.219763491351699	1.12516319734649	0.573035601389068	-0.293558389393841	0.413208718699329	0.923156943532476	1.40427531830985	0.927503519697198	-1.12016946936652	1.72272393617107	-1.06805457572323	-0.596089492057888	-0.108497789643811	-0.757435352789913	-0.868632050090447	-0.568806667168446	-0.137588455496479	-0.358029388116484	0.48331037422365	-0.167435253732219	1.1370316545395	0.443162188570486	0.460729695827714	1.67420625334443	-0.279077494898447	1.25122627466212	0.831095261238618	1.15635383354676	0.813019351824668	1.32645349474543	0.126903145639896	-1.10948183202059	-1.55475426525827	-0.130133880477193	1.35250966521421	0.636323054095573
-2.00305132333816	-0.659683510115179	1.2902455300752	-0.889401252480671	-0.0684628688619421	1.09787386907044	2.86028622397721	-0.261805248057241	1.28635559562573	-0.0669193720031775	-0.213321183385568	-0.328249976305772	-0.213051368646248	0.540127178762214	-0.253514070952508	-1.10837088676073	1.24455227347231	-0.670329279124099	1.85296591231322	-0.78508234509022	-0.392612420623006	0.960675954149278	0.84546401802316	-0.348313019400302	2.23532132633477	0.481733532271777	1.04530238864175	1.26079767593603	-1.27978681348506	-1.38054418117508	-0.885728643265731	-1.53104126002572	1.28326233562309	-0.0971284041644848	-0.0946347131466633	0.00615522561733383	1.04376865245947	1.18997325393903	0.278708923666036	-1.58164290759289	1.37538668161265	-0.836914674336625	-0.291121050518304	1.19535475419521	0.320090856494652	0.428721627938048	-1.2920834907091	0.681396868249443	2.18455297767021	1.6157596371109	-0.679807544619545	-0.129746189807425	-0.282613043357359	0.162171503063846	1.30237096236418	1.0831030477962	1.32462685309257	-0.783313977831336	1.27689849517008	0.492094976322351	-0.29384561807971	-0.87336721532232	-0.576407761003818	-1.04436129191233	0.147000534142305	-0.468135535455637	-0.758792742169854	-0.942158541141067	-0.899004441164781	-1.00927794881439	-0.161347393012446	0.0298162585159661	-1.52185490544904	0.369408318565042	-0.494541641389171	-0.54035632821287	0.534293814387209	0.807044766867305	-1.89957310082179	-1.03879916228392	0.0518431657789795	0.711027292167407	0.365666355621197	0.563056071719256	0.0759714997587014	-1.18603532665124	-0.705879860209769	0.289247329742436	0.454303901192419	0.00197487467738967
0.346279881446145	-0.155514098678703	-1.41963544756684	-0.359590328378591	-1.42295132821298	0.383694987338579	-0.206798928052383	0.828255193314698	-0.224564019504428	-0.136231228788073	-0.112934733580295	1.77825020983773	1.71800931243396	-0.676041728457076	-0.868656543867095	-0.434570560448717	-0.909269445834622	-1.00098420419312	-0.133377650516065	-0.405875211651181	-0.534103696323488	0.883248225732026	0.213716291668893	-1.60947771899259	-0.645529048374614	-0.303312955389928	-0.378946426889146	-1.85989810845104	0.803580490044858	1.59411296720027	1.83608647961407	1.38367114594189	1.86746688851599	1.69320049814026	1.24359764434007	1.00760731466964	1.37570805359353	0.345544549368066	0.389752591342555	0.191823057825548	0.191534259200641	0.295013382014208	0.439923547499421	0.151465501223946	0.248351384409268	0.541267028386691	2.00801732426105	-0.066794232471059	0.370291302967948	1.58893365073459	0.367060109004606	1.16842284532543	0.573944369559627	0.38690872249686	1.32911953438903	0.237439278075791	0.95251967673032	0.659241721207832	1.28903901478306	-0.0959175090857039	-0.469904752149186	-1.0101208849901	0.716151941785435	1.72234840301609	-0.832744014570188	1.26957626949487	1.57320896283549	1.43694152184593	-0.961051666150483	-1.41153059617196	-0.502277684576269	0.0339995936806516	-0.615548013278842	0.397585756747707	1.45401630161557	-0.544561772295828	0.967876593233168	0.758653755128259	1.41947599224903	0.449722032444579	0.708798584166714	-1.85996726588617	1.57628808883171	0.582967175246851	-0.680085596727504	-0.137566239646652	-0.922244621696952	-1.28100623577132	0.428266611826898	1.00629005058761
-0.253858318914749	1.82568669490495	2.16625771725542	0.832954623328717	0.878321893459751	1.40966521160833	-0.219831082634488	-0.397342779465011	0.923260454994883	-0.262176933765994	0.867168267154811	0.338690290828857	0.200075589154526	-0.749697705950517	1.53165586299166	1.94584399520207	0.508536650694972	0.788655178158314	0.449420700351621	3.27927581203899	1.33051126655053	-0.631297882914942	-0.246649027744636	0.287603045451416	2.24713286695765	-0.402344273581109	0.90703795281016	0.909164460772383	-0.0867841929257743	0.679326013128641	0.583608395699005	0.246694579069241	-0.545065950895031	0.578208787330506	-0.073999112149934	-0.0989318298618313	-0.476845026883984	0.223605700810052	1.78766785778645	2.36851327526348	0.215158279577448	1.8076774953591	0.785407129556889	0.583505820312539	0.976558071771282	1.31949647125534	0.511139791942136	0.686996245353142	1.48241026347889	1.21695627232342	0.103222271531964	1.37119614545442	0.230621361184046	0.106748074776978	0.314245019695089	0.999604629544474	1.08790586673801	0.230875296203397	0.979388753172077	2.7531145782232	-0.75050113927255	1.03924243810497	-1.63685071691045	0.114759246928183	0.895805192304943	1.18388403825123	-0.601913859195367	0.143563926101932	-0.723440705345325	-0.862451069639468	0.0102851485514806	0.947151200000193	-0.188273922236276	0.246500796579697	-0.759341410297214	0.277087369349071	-0.756082647264274	1.17349073146739	0.469395109209524	-0.447763272408007	0.268527149397268	-0.0599790054950833	-0.260281928209025	-1.35236910574481	-0.286483924372593	-0.566115601635279	-0.107183293272431	0.870641370597973	-0.113450785868637	0.15614308311784
0.705391823091416	0.108289950331957	-1.72499215631619	-0.914162479772824	-1.21176402594712	0.758376277081965	0.25198345827258	0.680842811065024	-0.391912276125367	-1.36092843631056	-1.38781807033186	-1.19496627526014	0.281403485298532	-0.399732405550927	1.37858873685369	-0.154762950735813	0.0110545002141419	0.821890350995712	-0.352586093942851	0.00395162786128402	0.376726460085187	1.42568928851669	1.33996426240429	0.135394224150104	-1.11692454918893	0.107555888844207	0.548068828326559	0.0741599233637445	1.08339283651299	0.612738744605697	1.0327457557472	0.746357514314377	0.694033771709334	0.347739166777935	0.784897616087481	-1.07499628108448	-0.608900757626049	-0.659354402681755	-0.251956171561818	-0.438667098299903	-2.49070971839068	-0.950767560569704	-1.06584790696245	-2.33458733978629	0.329923812358318	-0.377128623906752	-0.0601700545423574	-1.12186843048813	-1.79668514935145	0.221458222836647	-0.22214775314123	-0.848592051484817	0.601844421400857	-0.186796693269236	1.04062295760485	-1.59703339316357	0.264495751620432	-0.660291647707089	-0.795769589799225	-0.38527788435108	0.608552508577118	0.851714421760927	-1.96586569829343	0.279322643007464	0.572641761143778	2.0905235307712	0.613208959633869	1.18052256443877	0.34847226567358	-1.15349227282021	0.480324788667833	0.683481462790427	1.3687939602384	2.34814432599194	1.40124284555545	1.71020689592806	-0.264940419649138	0.438881051025553	2.49198090265831	1.15030596312183	1.46237062065487	-0.287600398650256	-0.15277974068135	-1.042298768216	0.0283927083235212	-1.63643960989678	0.39150216330402	-1.36232937567268	-1.8344385495166	0.073359956042662
-0.54028232882556	-0.0795823161308129	0.951170783741998	0.377240984324684	0.871925067883135	-0.83011182795626	0.312806001150074	-0.394889811568995	-0.364515303433802	0.138789640118376	1.66567598633629	1.83609188862203	0.314446910953055	0.450862808778986	1.39026632129213	1.16109922472228	1.72258469108839	-2.24143346788371	-0.693637708756287	0.29710085201297	-1.33064101614286	-0.934339382620958	-1.36881180634574	1.79630910829854	0.751385902546868	0.540606873150147	-1.50461205890157	-0.588240054852585	-0.452146592390619	0.0486615199429196	-1.11543578538902	-0.314762911619679	0.00949709530888593	0.755379654788435	-0.210553794596827	-0.890202609867133	0.545127755702359	0.856199331995766	0.246080416391745	0.437810251943757	0.483171821645501	-1.24205846171019	0.724665989815429	1.29780330024101	-2.13568959148091	-0.599844486882966	-1.03114631739346	-1.36610583603972	0.757550777636981	-1.40394270605788	0.601832180744253	-0.841847633758482	-1.24351037455691	-0.446436300421076	1.46107176875561	1.06272521268784	0.00776014746927057	-0.368522885823605	-0.000618329198603102	0.221541208146844	0.602168697044634	-0.0538093367554858	-1.5207332712151	0.63358263835432	-1.42539017522464	-0.737445591903688	-0.757883820879492	-0.392898204688055	-1.14066266587498	-1.85168464198475	-0.702087856372451	1.07734688317053	1.28941308166558	0.15508462442635	1.08060058419806	0.633542869279169	0.726240841835156	0.6109687517759	-0.0812981391413753	0.521425541938822	0.558988436563779	0.254101847594554	0.311546287432112	-0.489735517256317	0.61236845946144	-0.431255436524158	-1.05911179749545	1.49556516639827	0.720936278388545	0.988999709554949
-0.56587219637115	0.687525842747664	-0.539550913516665	-0.0409385339536478	0.302525274668149	-1.49019772368241	0.190201764430999	2.23183213289652	1.61783824760442	0.407302609158405	1.00072824189578	1.95426171444544	2.5609834060749	-0.15682806167039	-0.214931935394695	1.04575036029253	1.5775888881741	-0.930662436873099	0.802558541967514	0.883824051581821	1.14744837673793	-0.930686426674886	0.40729839663605	1.43409300040647	-1.24584485056479	0.0948128219100576	-0.313054378449089	1.54950494126284	-0.230316529853501	0.406487930318975	0.592114880270008	0.233879732459981	-0.307140175902699	-1.37076284174067	-0.46021451354668	-0.844616078001262	-0.419972201867259	-0.644578092325957	0.601727240040702	-1.07778258783664	-0.630065440177051	0.993450755047893	-1.65299257326338	-2.20938154933835	1.23432854809009	0.624231870412242	0.00589009717752996	0.820513296998347	-0.366464764530205	0.24786302483717	-0.839921370241349	-0.615934635879292	0.558324670601184	-0.109939258993234	-0.398608821850606	-0.183058882515211	0.0578268578522689	-0.161235675420736	-0.288283752216115	0.475867252696344	-0.788356579302212	-0.849560373000951	0.538528650233936	-0.0541511602557174	2.28783624200363	1.64848761035794	0.233675642003382	1.83824094456194	0.315087038095678	0.472614082755939	0.751900251368552	-0.832926377533205	-1.96552060107314	-0.544644308734004	-1.87016990154007	-0.46540968419398	-0.523270338767622	1.43493898257698	-0.0745762678530892	-2.18293863649308	0.139910042392347	0.0773668033904367	-0.731568094409143	-1.50667799262595	-1.18739093621301	-0.138519009357665	0.611458515023964	-0.352243534831731	0.985849350682096	0.940984411177772
0.977541055407379	-0.635671127957565	-1.4970325860616	-0.536162307815077	-0.272320267461018	-1.24598115054847	-0.544939940343521	-0.923602071133902	-0.744395791815448	0.514902751681985	-0.772042108231109	-0.913367279602828	-0.281748107151824	-0.212340492269549	0.0240372306149417	0.215939521158074	-1.42482570764279	-0.270677015802223	-0.0633485815686395	0.228712572844649	-0.64050066385008	-1.16200116466607	-1.05277068631951	-1.73781210807777	-0.693964637471495	0.220681915308961	-0.225054364786712	-1.56534681814465	0.630271528954254	0.0468643493914502	-0.522376843247958	0.376423502196554	0.573321042554533	0.512547515881543	-0.234944308639744	0.446716606558343	0.225481341375752	-1.13762067636097	-1.12345022424434	-0.356632107145138	-0.798156618538102	-1.4125858395205	-0.100417221380978	-0.520579395651753	-1.86112592014982	-1.21563672702094	-1.39197704413019	-0.713437460261246	-0.703949503024246	-0.774590316692984	-1.42362106002346	-1.21617665693429	-0.300695137630897	-1.80145710175036	0.0458535405099629	-1.0233633917313	0.00869134642080484	-1.594096157667	0.0024627430841161	-0.934978149315527	0.534364862313699	1.1130787132299	0.346505360677133	0.591663077516957	2.07975359756062	1.04598582837829	0.165358380339337	-0.116639032376486	1.41426437617522	0.650031404722008	0.435218584487814	0.292827939632711	1.19179850772885	1.97074818956076	-0.144331042809427	0.617058043321453	0.00909778741239588	-0.292630777694267	-0.0465109105891577	-1.22214663229065	0.594050158551162	-0.145005986538659	0.91584995889068	1.54278457842469	-0.0344818804504433	1.53272968455537	1.32863266769799	-0.585092558575854	0.174124666866264	-0.425373757021154
0.46161937900632	-0.29274907600098	0.925468203099615	-0.476409329772578	0.0228208194198239	-1.16055361281341	-0.434319595085475	-0.128967219980619	0.213092409927553	-1.37437113531872	-1.25649162516732	-0.533800546626273	-0.208376925111205	-0.136288795250988	-1.9147627187722	0.0352854693879226	0.175306709798544	1.32244641429133	0.312797752104167	0.74264118319335	-0.399050073661695	0.576441227987064	0.777339174913616	-0.667994765463018	0.46006626422059	-0.432753204836084	1.78769932564766	-0.717711024837431	-0.805534167506546	-0.286603086517058	0.270009137386876	0.343122040975959	0.191061563981873	-1.6251241562069	-0.251019603076503	-0.824067569436333	-1.27691708414077	0.449170279527327	-0.188960185687399	-0.214713388450143	-1.06309303646351	-0.968911686151165	-2.940698674435	-0.667554586377656	0.966791017278956	-0.117565703961198	-0.3854860986108	-0.377326685645941	-1.02741145828478	-0.684794517536521	-0.551717060974928	-0.694042651495148	-1.05053745567876	-0.422410823079588	1.00673724201039	-0.459937785181587	-1.87288955712344	0.244433877091553	-2.44261231273846	0.389606304431873	1.44190017778873	-0.845268161846839	0.265196818200665	-0.735898930555967	-0.311179778057541	0.0405264075714328	-0.410109390153902	0.709314137221957	0.64096716467654	0.670826636827538	0.856154653628489	0.812361743097043	0.532295128730876	-0.564470323681977	0.536662527955573	0.362388241763349	0.645950459261617	0.197956216034156	-0.0990043606007363	-0.00974090336068462	-0.72615469630568	-1.07129672247723	-1.08285458551155	-0.491455064665799	2.18274093989384	-0.432998573336791	-0.387697835674032	1.60114648659473	2.02682866056145	0.70148356504133
0.143721860078762	0.369303336753415	-0.988300664054254	-1.09515580312371	-0.733473445303266	0.215600361341399	-0.44599571844988	-0.378448459887457	-1.41783919356483	-0.711075615181237	0.828200666884765	0.0715046510012168	1.24313244350158	-1.61800780186562	0.857527727597475	0.693761130108971	0.634158275521463	0.488098463204622	-0.736548345167286	1.48839960353527	0.131370139458709	-0.667329353358632	-0.0759907312047601	1.27538415139421	0.187575111731718	-0.340121662174803	-0.030176857171656	0.0532057344695273	0.992823166840498	-0.0973528711557916	-1.67780039361459	-1.52492677490773	-0.370439516452546	-0.913699545187676	-0.706803764223187	-1.14691716030979	-0.529495308221525	-0.0216816627929426	-0.667087542518124	0.431869482936421	-1.30254431490611	-1.25437467829799	0.266358638376203	-0.217217902507481	-0.804349565656324	-0.320277540727865	-1.30044848911191	-0.688949356511095	0.365991706666417	-0.559976138486377	0.131016216705309	-0.405401326883303	-0.848375183148464	-0.801789609846693	0.113977473987856	-0.872819143952674	-0.0567414712928426	1.1234652546961	-1.26984944043918	-0.732876341072964	-2.28105107917621	-0.60680549500315	-0.947961348099723	0.208807231617474	0.406063478944652	1.11464370902005	-0.0730010153137725	0.888573887213681	0.54430128333199	0.778738289866695	-1.24016303831695	-2.628760036856	-1.49918937451215	-1.19221634773388	-2.53616330267304	-2.04056775088196	-1.42684631981926	0.108156227826978	0.0745652926273887	-0.66511284239919	-0.10351562294036	-1.05410228923399	-0.430427949753868	-1.28649948986517	-1.02396659693212	0.638239463971183	-1.06449974135054	-3.02963865012328	-1.65162608319969	-0.500381689520985
-0.952157162549522	-0.0713932628930802	0.56470993428682	-0.555343919412543	0.509683137046192	1.69435634753923	0.31944211598943	0.312780224336828	-0.298663106556105	-1.15588976556428	0.342261700042296	0.444160272179823	2.10084846357183	0.110933906844921	-0.0455233013295679	-1.68245755994962	0.581170637956382	1.20970218501271	1.11938250137221	-0.706664442558761	-0.590336535095049	0.236322392579447	0.353710456994399	0.213480199962899	0.30887144274477	-0.273461911937023	1.37728084162255	0.906152647288953	0.0856194035550314	0.725471957701831	-0.369437935073665	-0.288185652574389	0.542391475804518	-1.09906570847641	0.114189067197905	0.600926089134571	0.831134838703009	0.605843114413996	-1.6025290690158	-0.806120026521153	0.132137701886907	-0.547234839454086	0.0847709250150837	-0.638911624421683	-1.0915109296774	1.26979638183964	-1.41455930444367	0.908111649703417	2.09532379879814	0.989127583624164	0.300511819066594	-0.214505646684855	0.192955152089352	0.75157040767202	-0.163909139936086	0.907530260931154	0.581215862758636	-0.549992447478808	-0.285005845358703	0.856562407353448	-1.17745523141782	-0.134550851782814	1.89326879258027	-0.103805558618	-0.693285272122782	-0.925122906863706	-0.230128608098851	0.394262830173923	0.369922964450597	1.79851491830409	0.477682054152237	-0.282658720824408	-0.827057108495894	-1.84754347792676	-1.47428570437508	-1.10326936566507	0.208665276932187	0.00748118753706918	-0.444874869488971	-1.3735846577688	-1.55170420411986	2.03229216095073	-1.11339734202229	-0.577590461135335	-2.06773100417476	0.242422987212117	-1.03644653331512	0.0197657648295887	0.912970398113883	1.02609564187301
1.49960628867081	2.04284805136437	1.59771956946446	2.12917484499641	2.30866976685168	-0.629612882845778	-1.26031245636895	1.56839803058082	0.608299871930284	2.19458827051572	2.52989954167736	1.78316469397741	0.942992609521752	1.18527920812572	1.51909611206616	2.5610463869279	-1.2937779059576	0.703155588318783	-1.74297563602183	2.77364663972795	2.39066730198193	0.220244358967886	0.706021943421766	-0.482615404421426	0.553928273161726	0.987398622823275	-0.372772594957376	-0.585851171284036	1.8117067816456	0.46488392385551	-0.553566297643639	1.11388162185378	-1.75818569894764	1.89076232322215	0.675844578590991	0.326689991211952	0.637452025431835	-0.337168600960037	1.72435638702706	-1.1489416909701	1.58112980958985	1.54176910508011	-0.191038009516328	1.45357473435398	0.60892095569156	0.244126002680852	2.13051951731165	-0.0434405556446871	0.0141549873601438	0.654507726813872	0.710660379999389	0.441265870541401	-0.245975449150674	0.259283304455476	0.664016457779515	2.04672618656735	0.983306301845726	1.49731001493456	1.75503166498693	-0.722135721797602	-0.355742451527467	0.412598646051332	0.730132156489188	-1.73641901118223	0.422116561825902	-0.598432764780588	-1.08609984000488	-1.98211082337088	-0.0315937715517441	0.147234780314133	-1.07954426658838	-0.784434462252108	-2.03640207351841	0.58454851929753	0.872416443951319	-1.11800654880057	0.234592502774375	-0.515354908212181	-1.06182345929883	-0.463674854597294	-1.28907159239149	-1.48608122490446	0.742100941288079	0.483127326723119	-0.978545215015376	0.138542459349433	-0.217832186196881	-0.554711694973591	-0.037109044170443	-0.0537983932731541
0.831532847289869	-0.581411204201966	0.195833292503903	-1.46693356415903	-1.42951368572827	0.101539182065873	0.161309360139434	-0.329266207846508	-0.40143781870774	-1.51174773043709	-1.32158663629418	-0.699781882745184	-0.889146745022234	-0.793414441189989	-1.25414826548114	-1.61358850645626	-0.846506983535792	0.422861310993159	-0.751831775300124	-1.25506961538415	0.106779914337576	0.441336451105191	-0.130846044731704	-0.469437930194965	1.38944407662394	-0.88306424207846	-0.144382396126105	-0.32113465344408	-0.219352798799786	-0.0376199980814636	-0.0166100537561714	0.73537395547333	0.31881747737667	-1.31547363563478	-1.61761714378758	-0.710985934428718	-1.4088426236113	0.32024385777013	1.53510866161512	-0.674274221971842	0.418228692902007	1.2494695130338	-1.80700969183098	0.635504641863444	1.10071899535635	-0.0561320123937949	-0.288472318456433	1.18980594126375	-0.270522000420128	-0.171715950042325	0.0321142241572229	-0.466587698991269	-1.0659996926133	-0.0957232844729519	-0.882806540944785	0.484683119788932	-2.65812266068625	-0.404649938222463	-1.25417595271455	-0.381131857195843	1.26186026021566	-0.302516057473937	1.1093896099344	1.85133181041521	1.02302693219643	1.29527945115678	1.08161269074161	1.5274954701687	1.60693144231085	0.57673494028936	-0.847152912570184	-0.0522367428684619	1.03480089354987	1.62907508854091	0.653970067868048	0.821918849317853	0.541321589544481	1.09071732106151	0.823782788786888	2.02498576289794	0.715460107856982	1.50968022636027	2.03823003434713	1.22817563945644	0.503295138327243	0.659627151505613	-0.44243961257332	0.209846157309802	0.333962710769024	-0.100884708394884
0.975821762368288	-0.23254569580088	-1.42067777056481	-0.347044123202207	-0.740164999383994	-0.309652868840035	-0.305872443858718	2.31472209611947	-0.282354825718336	0.653460908640993	-0.685151609341137	-0.867808183574322	-0.0758821794230018	-0.805255682530421	0.348381016072114	-0.960073723224247	-1.54430428508557	-0.548399873440266	0.40356378582653	-0.695956282442791	0.046029340810545	1.78334556507533	2.34555152424153	-1.44243280454948	0.662941835284844	0.583821408796516	-0.815881868945829	-1.40468709862606	0.753965806578761	-0.0827497071517642	0.579144989823887	-0.386187083472134	1.20776366299339	0.826498320752536	1.22131774824446	0.795629430714024	1.91554115545717	1.26620548899646	-0.637542963811191	-0.128475110130906	1.34278106903406	0.263335285687492	0.394149154965773	0.35838288422084	-0.0234424724489078	-0.267062287958054	1.60283966481165	-0.23050427980186	0.186900964030446	-0.313356869431151	0.0635155985545943	0.896594866662663	-0.206378703746421	0.534382701981841	1.16921029957482	0.411907446481412	0.666938637333602	1.09063659957202	0.456435488557037	0.122927883039726	0.716288365127154	-0.761149256366625	-0.741886397692809	-0.195544490301477	-1.14226763420456	-1.71734898356275	0.131792137678212	-0.897998182731956	-0.201488982978589	-1.27742709261286	-0.164295972844238	1.50027220836041	0.640514214556642	-0.386305836575717	1.67904178432207	1.65393954743903	2.15663966683298	1.02568980101535	-1.07851095932939	1.26028763393921	-0.691167148252792	0.605585517605305	1.23532805407154	1.2235697174864	-0.105047573819104	-1.44569296791138	-1.24293523839891	0.336743458228019	0.259181769024353	-0.141295068209189
1.125584143971	0.895939000032739	2.02625472328745	1.73771450093972	1.50616862752779	-1.04310903569207	-0.768789690481361	0.124539056886168	-0.277307014573489	0.186139292840042	0.868753636856992	1.34398253457743	-0.0986684446146037	-0.0251030254613758	1.30323614624363	1.30456541176027	-1.05907127875492	-1.15189183937584	-0.79263056682982	1.14575767037841	0.121726136376553	-0.457345661680811	-0.524410059492437	0.266757973399535	0.69818476870208	-0.76998421817521	-2.22736522399248	-0.825867804219396	1.02408164664262	0.491693875029637	-0.420097589951021	0.145188732939501	-1.37270732488638	-1.02310674854594	-0.943297305329202	-1.25670344924082	-1.47414010666299	-1.22937783741764	-2.61263597350075	0.548354562697572	-1.20593896471079	-0.946999207891232	-1.34024841649992	-0.69731715915381	-1.88754302226974	-0.207104475919547	-0.601608971916884	-0.349951372223083	-0.0900978094052006	-2.40473237153046	-1.01896964620314	-1.2276899241237	-2.07185713772372	-2.21025132525861	-1.36993848076603	0.585873875293349	-1.10278167834804	-0.103868511980512	-1.43733114596971	0.632988861193484	0.580640423231614	-0.33044601244797	-0.0224215514530537	-1.12040093460501	-0.639234371240818	-1.71323591378741	-0.581286570176211	-0.672750090472401	-0.0928623994912409	0.117534460145786	0.666681170200709	-0.120484816795092	-0.18665903788538	-1.00004085727558	0.166436290371868	0.956833389740333	-2.23559795303985	0.184073031542394	-1.24843502235605	-0.530408863388349	1.15710215684303	0.0152113051265511	-1.85442293512661	-1.5702870086664	0.985821895736852	-0.489468523878875	0.936467088858416	-0.243909419456772	0.094213518949848	-0.199731611902987
-0.573138888464543	-0.588650056593156	-1.28930637427495	-0.58324161749682	-0.706051551322352	-0.774667502998142	-0.7576139207024	-0.0320381085704182	-0.0159808259741918	-0.6970077131876	-0.365809854395052	-0.378849436088724	-0.354246454317784	-1.28456098713709	0.210645099040979	0.964262488861956	-1.00283878685159	0.0877922955946105	0.350142604365453	0.385062549328644	-0.680121260394323	1.75603826996432	1.22060730546148	-1.07108808169383	-1.17934181886104	-1.35301050604334	-0.0657954598338241	-0.633876344799901	-0.561750652916201	-1.08366441353699	-0.0968514659929938	-0.411565911089833	-0.281692505719919	-0.670784160647307	-0.675027562373838	1.44125647695712	0.421817278999052	-0.252027790880972	-0.461414447637506	0.742786566909921	1.06831318524561	-0.176191323484757	0.846862613671787	0.518122535709542	0.176956954866735	0.881748319739615	0.303880338936584	0.362978340194885	0.00815045782608989	0.88001773199677	0.0522846491948808	1.57005192537894	-0.574018479308001	1.1863876485671	-0.975111169203417	0.802691862067177	-0.300134419128564	0.00554279775091808	-0.315883827576111	1.15647316613828	0.925999248553775	0.219421600516139	-0.823473404429785	2.21708757674918	1.03973165822731	1.50615078939652	1.96389447239191	1.6427111762889	1.17673097287588	0.45106679218306	1.03742643755851	1.13818997560696	0.39734783315831	2.3668466626513	0.206785507443674	-0.458367460193028	-0.155956511638768	1.24602864562074	1.13885829034631	0.810434214215152	0.591071664118783	1.76728001741064	1.0737373757504	-0.394862725676457	-0.315623537663159	0.29649754639944	0.622126689854764	0.326969226493138	-0.502923856771466	-0.211315832182909
0.538427772656698	-0.567104686610711	0.0734350459038173	-0.685978781106663	-0.388756123509015	1.49109405609169	0.570911829933706	-0.443641738424792	0.0500296000447797	0.0481264135043123	0.0214995269495238	-0.442140280288008	0.217712956637664	-0.789221723101661	-1.1471470000034	-1.03682723908657	-0.00246435137554535	0.338846156442847	0.462020288842062	0.499450626778599	1.02536778797992	1.11641847932114	0.99783910104598	-0.097889280217652	1.1062318423866	-1.09184492468208	0.347708342012543	1.12028680673618	0.860518001183648	0.048672168012229	-1.94287295881664	-0.622995911342635	0.853614668613918	0.228739213629079	1.45204392903642	0.807256381368447	-0.0576417430450252	1.62231605475516	-1.41075114877527	-2.99755243024001	-0.22655949509671	-2.64003764708703	-0.40326585876008	0.0891602115929462	-2.85568785947136	-1.78538720987353	-1.76458860025973	-1.60949958785721	-2.0001215123608	-0.872135416920265	0.343576568151817	-0.278996032303941	0.138084541150777	-1.16994283020525	-0.212811910060899	-1.81411563953845	-0.474873062251442	-1.86434876843395	-1.10299410818819	-1.46358971279217	0.0280051225778742	0.028792056411494	0.650505789967955	-1.62011475227188	1.43182182987647	-1.83451487579708	0.294483903149666	-2.00959696492972	1.98196052465494	2.33279899300355	0.799629326972744	-0.175742849521917	2.25867081339719	-0.584770114446011	-0.970254245532537	0.00369788503425901	0.62119571503268	2.18273345987914	-1.42925029963915	0.208043247297304	0.0182755656607201	1.23406515318188	0.659194809404121	-0.699631321485033	-0.70347576995171	1.4755315241396	0.105457702436982	0.0530997255822927	0.454816750219465	1.0755096007045
-1.73756758885532	1.59239218802576	0.75023160785818	-0.733092305096653	0.607615006951113	-0.914329727721209	0.761668934356019	-0.766119050147535	-1.74493259900331	-0.626834550401385	0.650494616092658	0.220118750447497	-1.5081940723948	0.0974227005490385	0.130672914664684	3.7453850794508	-0.786283125148572	0.7234125011673	-1.21337320463726	3.56614395334351	-0.39886303074779	-0.944929853432149	-0.821111549264651	-0.553472495719956	0.170741996372933	0.711982680903226	0.226042995692523	-1.15870131764579	-1.63099174883365	-2.17635900735655	-0.123384456538701	-0.210993395320341	0.171418635556467	0.769423210611256	1.21451331531881	0.545563440246744	0.30726441150651	0.237243266256099	-0.697005203485975	0.556621145168653	0.505092630553254	-0.325385795779822	0.674757517283419	0.70996234947151	-0.22406416211395	-0.390428661816017	0.184232697351826	0.518060759661679	0.514752280303307	-0.614802818776667	-0.417321326110686	-0.453886033245273	0.539094210928493	-0.447384765219901	-1.11816723762934	-0.362869289360772	-0.334504124724502	0.368924717560169	-0.587840647441283	-0.540134178019703	1.15026069575668	0.499731055075647	1.09277912393751	-0.939784864715005	-0.466856597813661	-1.07577591476267	0.107085377383492	-0.597563375515321	0.936048440155466	0.730967875561534	0.68391655285989	0.895445604016635	0.824126133934696	-0.435997064328007	1.36697925973774	0.746527672453955	0.811873941660079	-0.726773002870039	-0.724377212178349	0.934617877505657	-0.935421617797942	0.091269172868449	0.403305292111617	1.69338763236458	1.2341389214232	1.50984906269806	1.28480435611315	2.00636068232742	-0.793462321113509	0.248312215592907
-0.510166048284247	-0.513733085541517	-0.558011204689929	-0.9383057578582	-0.995172077149768	1.40358783474313	-0.422191977255194	-0.137046454847916	-1.20496489373277	0.903408651798765	-1.64409468705439	-1.25844983614572	0.196915588028487	0.310448288429341	-0.849256776566841	0.0119627518933598	-0.993375890856951	0.288066178056212	-1.67232231391838	-0.345880616431564	-0.717288268878447	-0.451111409410966	-0.356146317504893	-0.624988408715291	-0.982409738895693	0.353223443728515	-0.271945957591775	-0.631275834017132	0.233988355428934	0.926941865119886	0.0416556505390407	0.485074397791767	0.0725218172606246	0.441377449946682	-0.85763191117201	0.219999722039993	1.20051553720938	1.0572365928986	1.14754635622483	0.498007365790575	-0.177246198928216	2.47723774474481	-1.4559189003613	-0.485335216225152	1.44639753889441	-0.548760226305145	1.76580206279163	0.907817593618587	0.651464862481742	0.967619084658484	1.703770135956	0.672025702356158	0.111084961997015	-0.268480087863359	1.51972109785729	0.145070403371664	1.15583386663542	1.18146772515581	0.557307324411709	-0.0654822638897516	-1.06442949777887	0.610117396513683	-0.640764233375337	0.702313512395931	0.738805700139756	1.90305594640573	-0.0294259464214542	2.03042392587903	1.03833116937206	0.791611748642129	0.565538552833171	-0.34368176487139	-2.27137878535469	-0.389680293943092	0.014551293020836	0.579056905333187	-0.128569254881826	1.61516260787784	1.25943575377943	-0.176844422924933	-0.172055912513616	-1.11055927655357	0.348492055533104	-0.563962201244254	-0.266350729056736	0.556684809452124	0.508073449065079	-1.39429121381158	0.576379522379151	-0.136020033217142
1.73362816487192	-1.0041391393933	0.369294095729546	2.23165621492391	0.961935491058823	1.89293293206318	-0.849485041329297	-0.683249089634338	-1.07873158349242	0.854516318650896	1.56564659804461	0.948942269504629	1.28455999586042	0.217034295708087	0.952006558164447	-0.341513745480042	0.341607015268722	1.26108962491875	-1.20477142965327	-0.238776708679504	-0.850473286820415	-0.528369918453616	0.021727397474422	1.28408043884747	0.552080250716625	-0.109325504427758	0.272451740601887	-0.5759581192233	2.27366936512558	2.0407797898492	1.02642989658328	-0.592407113970069	2.10142704703439	-1.33853144247521	-1.14059642216197	-0.346323842658659	1.2883591694484	-0.0844672888729287	0.228372271505137	1.14663963050346	0.341531038406459	1.08595000523859	0.523411383446322	-1.3341294052054	-0.565610972509088	0.577253123075415	1.39400077436102	-0.105051591196087	1.93701815464142	0.000952291361615522	1.09054533411417	-1.43523777377896	-0.814519762676486	1.3758572835949	1.47842854983847	0.921305042332528	-0.0174395398336844	-0.440311002606406	1.10415818817086	-0.0327912651050251	0.518068748058243	-1.31704861474632	-0.940437120191662	-1.17844982101519	-0.645627427263406	-1.98513113094068	0.10855654989773	-0.746008999923498	0.0467585783785126	-0.853197773732992	-0.447215087875959	0.107593801009592	0.117751508705183	0.557344457636428	0.354752299654936	0.102223999522928	-0.445921290446043	-1.208265608562	-1.68223726080488	0.666832038419694	-0.698493896595615	0.512888595943312	-0.213424576526596	0.352455025363223	1.62551109298408	-0.245187503838957	0.219820660243524	1.06919111711096	-0.87748656316943	-0.737639199707358
0.720570410461677	1.23822368742278	-1.6560467593843	0.00113745737973809	-1.53078213405084	1.25991006648313	-0.794902372640092	0.488024551097973	0.511066022593333	-0.31428799635233	0.92846563406453	0.434443935671644	1.4845044683562	-1.27635187324092	-0.351181467320696	-0.992854086848773	-0.150057563506541	-0.909730329517879	1.26872375250739	-1.59364089282939	0.913037433424016	-0.564854434181526	0.289734606473159	0.334761751732143	-2.16444424059964	-1.27673989655838	-1.15546465947704	0.555695931775546	1.17519504308271	1.13550729244759	-0.479704963824423	0.629227392905147	1.18587598180392	0.564460074660897	1.16326412160191	-0.64804259664041	-0.850803401572998	1.51337355746984	0.776273228164017	-0.783114577699839	0.667299969329717	-0.221794668906715	0.504382071484178	2.05422909711712	-0.224415116594824	1.05553365076134	-0.207848475884537	-0.331710059629813	0.191427731954533	-0.239111853614055	-0.0548970262088382	0.115315133551567	-0.450598107778093	0.648751414518776	0.594183244102024	0.748605819773698	-1.27116159008269	1.01272033136658	-0.186407496967286	-0.279477026346754	-1.87640363550855	0.903719729659392	0.839974847766556	0.514880485380757	-2.56143975771936	0.560754143135162	-1.10864887720261	1.50485325232738	-1.29061230728969	1.31886743791193	-1.12076321300164	-1.28059209692453	-1.41706854336975	0.431648515978792	0.000196706365917909	-2.17774285548566	-0.919472191422154	-0.740127434608971	0.989544346988719	0.110290134465271	-0.246454576934116	0.0542394968688159	-0.0316690051352879	-0.257751007254342	-0.593461805512567	0.807400205106432	-0.775822800503764	-0.371643646110697	-0.348205303798866	0.411401499387419
0.0187216770246877	0.568564473787846	0.533299163937453	0.37471772636456	0.481882126819294	-0.936877111599422	-0.562777583498617	2.04401601564138	0.745821512527984	-1.12093874926275	-1.64430950273346	0.417292231075133	0.312552794646942	-0.0685243819956811	0.624901608910508	0.470441145613746	-0.669190335224826	-1.75906605790494	-0.0910787406546733	1.64096054065393	1.11786506511741	1.70386598737099	1.48569790616225	-1.10941225049669	0.149220949278714	-0.730467800168784	-1.1508421112071	-1.00355897516401	-1.11163903127644	0.575051468686741	-0.272017863192159	-0.563237053322309	1.29175600432256	-0.512609260875688	-1.70186914309127	1.52425044664855	2.35635369700775	0.947900496005023	1.62787304486384	-0.385419235986856	2.49841586037477	0.684687525822034	1.62211157895477	0.0118606991037172	-0.701533123790688	1.14915593152413	0.943160246914161	0.533521600851147	1.70218107401747	1.73456400556629	0.982802830343088	0.444047225215808	-0.510303842430243	2.00532582864446	1.13890633004093	0.781995356250852	1.19553979302853	-1.28239838680302	0.951528726029578	1.19670866471336	0.266723592697252	0.241202123845608	-0.835453011316659	-2.06814122708103	-0.123788880177542	-0.852650986104668	-0.460545526495323	-0.749025906650481	-0.718947230162341	1.07173956563402	0.444937222897257	0.535318637964519	-0.646330547670806	-1.47667258757069	-0.221109277744117	0.64030725568376	0.505056904227209	0.228842219998899	-1.10632870111285	0.0741443314287064	-0.203688458844415	0.673317871154846	-0.597968853744617	0.0176580860469983	0.0634410885941487	-0.109523484691493	0.575669307894472	-1.47296410823426	0.266201580664729	-0.418810291873699
-0.295047304023569	2.60395985714419	1.70457191527763	0.0417796457544382	0.556520311465546	1.34095752743449	-0.110416449320991	0.204649296245969	-0.145679250437284	0.996391061251384	-0.562287901649929	-0.608735866265603	0.127917152268808	0.199831050233388	-0.302723534936399	1.41855708666639	-0.639920684017789	0.850339713775906	-0.0241457396114646	1.90514992292421	0.721811091422475	1.2638972423332	0.566005528632874	-0.601969180060934	0.586537965799892	0.0982797033763872	0.518096190849397	-0.838477263173552	0.0989486110139447	0.991950537602859	-0.711079482573646	-0.770550222521218	-0.863570348931267	-0.0477735187242517	-0.692709522597858	-1.55337117040405	-0.563450597215095	-0.26031644129326	-0.512397072339161	0.00751702232275544	0.148208335881217	-0.485120734515365	-1.17375251958871	-0.00207066456057413	-0.44129825659366	-0.618940965297777	-0.111650850304392	-1.13218457859764	-0.180091094005905	-2.00493658851811	-1.1597111877501	-0.110156696744867	-1.48128327293491	-0.997406869929192	-0.0604347438331096	0.442542041491926	-0.921248376390526	0.411952507073583	-0.890655658056147	0.27354364551991	-0.452965218465885	-1.19730554389671	-1.01649035556507	-0.812760439978179	-0.182127304725083	-0.592647376606333	-0.11025560012058	-0.448754763841555	-0.31250098110067	-0.943788516987359	-0.0699314429387406	-0.0237213162290738	1.60490970216466	-0.646990193765191	-0.837617997746931	0.00746016709689339	0.234144866840506	-0.685841347230052	-0.128066430489815	1.06056407194506	0.165154958777194	0.230448100967885	-0.476431775856045	-0.434499307016867	1.45083792638187	-1.17443980167896	-1.31338658626736	0.451081570579617	-0.281588007309636	-0.435938748168659
1.58319518536824	-0.351882381859715	-1.06807102151546	1.0731892896423	-0.219751355915766	0.797612470458409	1.26136096726492	-0.488887555461872	0.849086475753018	-0.378688814563329	0.7928229173592	0.543394912740812	-0.378278607602653	-1.07551092130916	-0.342075778110348	0.340462086261437	0.785961215576655	-0.0385451500115287	0.732612110221623	0.402489142550874	0.163935984524514	-0.664998009911079	-1.13166465174671	-0.532379222394983	-0.775405876059416	-1.28526492631887	1.22675381765148	0.118951408935349	1.70889767652048	1.37884650250024	0.265404353214473	-1.00224400846091	-1.73901043650629	0.336768225474854	-1.00017517133999	-1.3966165408844	0.386473398468393	-0.882381559797199	1.00421743388033	-0.391242334422282	-0.0469408589197283	0.00222113475434601	-0.234467768000835	0.0676735012117358	-0.34690357304401	-1.59051192577187	1.2745895527909	-1.13073584566171	-0.655634984854371	-1.42027102137807	-1.34093209234258	-1.00326123822676	-2.33273794974922	-0.0962329817986755	0.913954848632811	0.0875658951226103	0.260715336005136	0.569393292201603	-0.185630667405179	-0.754769036471232	0.425510797424356	0.154101182961332	-0.95742211994393	1.20025444016951	-0.790709123012274	-0.332506183267389	1.31669428887056	-0.138999526151357	-3.0284443155134	-2.14216619397656	-2.38200294574053	-2.01639480100527	-1.19261323197378	-1.09501895834701	0.816935193289632	-0.286755451429387	-2.11226945404019	-1.47818218498321	0.296298049297613	-0.0195801361396467	-0.168870219742726	-0.286992009252506	0.589833414069711	0.957326169926187	-2.85930814787484	-0.641492494566348	0.585496153205016	-3.2598872559201	-1.66861202928881	-1.34148853450044
1.35631018382305	-0.29169491595889	0.262265799147365	-0.991117735468694	1.36217576350552	0.197141604372231	-1.54363022064199	-0.0731408444004859	-1.00816636284209	-0.697888384103294	0.691140305192949	0.0653861982163051	-0.222770282721968	-0.0233277118341781	-1.12948407513996	1.23498923481661	-0.618924861672007	0.848565397021208	-0.604490364653323	0.909031507118534	-0.32098975780892	1.61514808059456	0.849825277012056	0.546145018176845	-0.693798478504364	-0.275878867991126	-0.425158574427212	0.000817212909726798	1.32333187493733	0.353698108887295	-0.14931379576592	-0.716571836991713	-0.461504202573433	0.186151036768006	-0.63207244365022	-0.618311482330158	-0.793281956325276	0.132154924071834	-0.333625782523771	-0.119999222418795	-0.221679926204983	-0.465565171089138	0.0109275035103712	1.01181859651772	0.382667359691454	0.297760023103344	-2.34743228162393e-05	0.293560856148702	0.500403319820646	-0.021748754555928	-0.410047060428881	-0.716969425317583	-1.06652365840243	-0.21921762244608	0.729980032251424	0.486561131319473	-0.20552398873824	-1.60425051559266	-0.22921784246364	0.58642444136682	0.295711422330196	2.51190917393471	-0.888985190626913	1.05976783048977	-0.521158278147122	0.67846908770949	0.216826917020468	0.794193979640403	-0.51420744788845	1.1519392790983	-0.124241495927962	0.859627430320316	0.867475366945411	-0.0397385844708349	-0.766678651547553	0.0103628268342117	-0.578140269385072	-0.0292203236320895	1.06798497096375	1.42392024711543	-0.480500216409896	1.76001642223635	-0.455647928026147	1.11041369389343	0.668765553777932	1.74690034786805	0.656425512984489	0.0657986908616593	-1.43812585541157	-0.5929847319506
1.21860042071884	-0.0741445120732089	0.619655967388497	0.619900317630202	1.94814607527747	0.513781174801805	0.416565677901203	-0.0204237785010812	0.202514536355457	1.60486748196368	0.286532019892727	0.0483821587090943	0.979144980994344	1.38553885240781	0.853307804771337	-0.725388797897632	-1.16961390867865	0.490566375556071	-0.858462338979929	-0.545105904551594	0.290774410392292	-1.10142247605544	-0.731884185589082	-0.633200988027831	0.829632745511189	1.67176426463713	-0.286567725331432	0.166944506705727	1.64176836056462	1.11678174653512	-1.3102894300983	-0.315531078740562	-0.836852735883589	-0.143592040012451	0.433931090247887	0.0610255892872059	-1.25298442150422	-0.865320129796929	-1.08549861869248	-1.47074691650635	-0.679297634823928	-2.28770339464901	-1.00073884989212	0.232438903384526	-1.43394306641078	0.705198441602691	-0.564258927083902	-1.89548226183346	-0.499250315775049	0.0250731539186278	-0.515470783645178	-0.10894562865562	-0.0892251995535688	-0.738743737431928	-0.754567210569583	1.02026433935782	-1.06863454533412	-1.06379136908038	0.27135097627305	-0.506445212048664	0.284703844240759	0.490061027946416	-1.43384946126185	-0.155701356473621	0.878665534299692	-1.28886929216867	1.89944594353011	-1.67521713738954	0.71037803036804	1.73111071810224	1.84736862096301	-0.434649826211207	-0.901569509309906	-0.207230805970995	0.485641974047834	-0.686614965183465	-1.36742547322756	3.45170835929219	-1.12847160203364	2.21732604021253	2.05362852157269	1.60530896426176	1.22576845945403	-1.52963878412671	-0.164114531113921	-0.695458217404729	0.854758443670421	-1.70950224107389	0.284078720316313	0.339026630579139
-1.59959643270741	-1.19246207107197	0.141050356805261	0.495650970988118	1.12589890307218	-2.98132418397792	-0.513694679420569	0.0253998390110828	-1.12069488296997	-0.228122670513622	0.185866214470354	-0.290388842267565	-1.474901372686	0.776024637705815	0.724768123208399	0.104229957655606	0.319982651258008	0.581521131291051	0.653254631008776	-0.295415364685916	-1.47986148591624	-1.04767114672212	-0.384094385762793	0.972839018733889	0.635041478345272	0.583281522868756	-0.0263376983007161	0.772494102707671	-2.4417233785798	-3.01529461485467	-0.67658512692152	-0.707720876659467	0.192597488293724	0.48073473074835	1.08864136289057	-1.57022918661401	-0.747536470927846	0.218986017129479	0.0490539038972252	0.326836603605528	0.863043540148768	0.1915977201816	1.44399623003416	0.669846330817332	1.02690151361289	1.16313620534177	0.788175441500386	0.237707634658768	1.23121604379752	1.59460195254764	1.12209668692714	1.43871208514369	0.521414081122014	1.29661891514137	-0.238804221342313	2.29934102703822	0.548843626783417	0.210421387803189	0.985922734587988	0.601778443387088	1.06559790732941	-0.110884178311937	-0.922927855785513	0.250628517940547	0.610563225470776	1.14684400572426	-0.39989568953712	2.11078157825682	-1.11140843336271	-0.646428635178397	0.560133904492216	0.370219770246758	0.159535232423131	1.44346933530096	-0.367624327142722	-0.293856196893398	0.47770082284845	-0.0201337798430417	1.25027420257691	-0.351796963130141	-1.56775199549053	1.00117400042005	-0.697497585778961	0.956479720089474	-0.452796584244319	-1.54132059018119	-0.404009490375785	-0.420389716156874	-0.0726403704223959	-1.58782950009697
0.186243511734972	-0.410404168229867	-0.156349393085316	-0.231372509584971	0.123829815698403	-0.212534314077266	0.120100238844083	0.947254889878514	-0.226469186097505	0.279543420905053	-1.04728915694702	-1.44505609201431	-1.57889909631504	-0.157197794764258	0.0107141449983013	-0.782135011654106	1.06287476039743	-0.0354535821401079	1.11609157867204	-0.939152746704405	-0.33604371838473	1.34988389143342	1.48038822862206	1.31887937399536	-0.927835812680478	-0.565804645372393	-0.0388320599261578	1.93432051403344	-0.360103970222797	-0.151005625186943	3.31739072407116	-0.0637875982426301	-0.795851729943202	-1.15882003866111	0.0264902073044825	0.742332614121264	-1.01210935887378	-1.38209852906575	1.50600235654657	2.02484822120723	0.548815275600219	0.803496467330356	0.384815142064235	-0.223748133237536	2.51129860096677	-0.30468300075083	0.234591737331532	0.339953888914469	-0.137759338935193	0.743099586104332	-0.908718376474545	1.92468841566229	0.178683347878831	0.844658938284884	0.219558546862369	-1.94099169034317	-0.189243897502136	1.26054992180467	-0.880291371494068	1.42731683729312	0.783578456560452	2.09299901368384	1.11315621273149	0.238888310136151	0.728112941490523	0.488626651319589	0.889863646489164	0.14105062219231	-0.393218121252736	1.61596072247287	-0.0146411997842819	0.199553727972164	-0.215519354321199	-0.486121824941553	0.482280850791735	0.433565827349229	1.64679677007348	0.40494296259021	-0.405406010104365	-1.52046275779659	0.441852414608826	0.489041949143545	0.195664189080228	0.190325931392686	-1.10015542632484	1.33093998192551	2.73967339036066	0.676076442687813	1.77448069871645	2.14760644388081
0.319184747358375	0.44892472170172	1.31939037432468	1.18666081050938	1.3388152205283	0.839616595847037	0.267174913746847	0.412405599698116	0.150193064541681	0.732265177759313	1.42702935820145	1.00500721966576	0.43683769055143	0.0579925223080966	1.34548215596436	1.53268654630042	1.2665378148562	0.610808658508728	1.76183200029296	1.44956924209078	-0.475140625719825	-0.742658572217281	-0.609741636128923	0.506859726685756	1.19627026143407	0.234664133119833	1.36396652502099	0.67014822979477	1.02441458850106	1.61269917888562	1.07190247307462	1.81807177021824	-0.0531714301813704	-0.375116542100312	0.324105138784105	1.4578673253472	-0.861052559374965	0.744627315401758	0.948657218985467	1.41654545037934	-0.578881095514047	0.573252472449042	0.877746325921461	1.03690209004115	0.348682932239343	0.255972915690847	-0.992432638203383	0.574879134995238	-0.103180356990003	0.517816309224907	0.529767504110033	1.58291078999392	1.32896665812705	-0.13784230977386	-0.274813195569359	-0.852063284398826	-0.155750341258226	0.876123405769225	-0.255298078581686	0.832818678909859	-1.4868196660885	0.432936571034151	-0.586266545920814	0.567711318833284	-1.00416855135658	0.295718189838249	-0.156183770988442	0.201085252108338	-1.92691785704198	0.11151762318932	-1.41112556480158	-1.3459719889459	0.0301712574107287	0.208664890207205	0.401733369124894	-1.46797112886727	0.142639979438708	0.117876029112318	0.470051638370496	0.618685720484068	0.659135406313413	-1.21808722285467	0.194351869230825	-1.82984395697809	0.758481262722298	-0.901285094066004	-0.345214409260281	0.680574346518991	1.13169568888193	0.758259583860527
1.13106301142837	-1.9341569506427	-1.62028697712686	-0.370507011797862	-1.67955070131097	-0.562472139239115	0.62373202181873	-0.416057699569012	-0.581957777388448	-0.363534777532915	-0.587471131181028	-0.807403450554301	-0.587504298611568	0.344114893443785	0.276323346241416	-1.61647834068612	0.127619669321528	1.63212530597198	-0.407551426187403	-2.01353812163677	-1.06475060713854	0.342383323301958	-0.205864994874927	-0.278177457951658	-0.649056306648976	0.782421816459775	1.65641164721195	0.345994180313925	0.698240848768399	-0.877889267100101	0.539964282269768	2.11031154319358	0.908985621356917	0.917214205544284	1.20044609068948	2.05120560472129	0.784513531296943	0.510195676936389	-0.912300426190674	-0.170386171526537	-0.969250239348833	1.40226801343103	0.503766621967442	-0.0492805544970128	-0.173046233277042	2.10417656830922	1.16860570244203	2.11393170556092	-0.269165845024557	0.860280818142016	2.08417224942221	-1.03301021625079	1.09229446457428	1.05852994939715	0.0328054959051613	0.192396794258644	0.119115540491121	0.304222391113063	0.324122473053156	-0.624299327112429	1.14632774894774	-1.06445368964367	-0.821816629398266	-1.31413493823322	-0.503469446523813	0.553409124101806	-1.81266875722947	0.641657427947055	0.654166237505296	-0.523952311686293	0.910873281768005	2.10220964526081	-0.173317331418448	0.521988227641375	1.04058026887649	1.57022264030507	1.04172037338872	-0.247544681924267	0.102328459238952	-1.60523759037791	-0.975616247450762	0.831239668253343	-0.82436011634179	0.388269250393412	-0.041075773611114	-1.20066799046864	-1.4904815129926	0.389478657390868	0.312030322927762	0.82805133223086
-0.140995879821603	-0.323638561592964	0.0360834125615639	-0.150768672616247	0.0300522107732107	-0.013381118550504	-0.787996582592656	-1.31641754391533	-1.02250588347926	-1.6330172635073	-0.785693242690771	-0.79173867010144	-1.1139422190363	-0.416439039334394	0.11289470186632	0.36431439369872	1.24018174241586	0.117271777897028	-1.84109953051312	0.754722966881951	-0.22972896088727	-0.229643197952291	-0.759816962448124	2.23717080896141	-0.314275799826523	-0.870017765820894	-0.505789310430522	-0.0170199164392375	-0.531218259954105	-0.316571769953859	0.56752878413494	-1.2517767345903	-1.44602889778438	0.166961996291242	0.548838162003061	-1.00350804511661	-1.56081348726385	-2.01019227330422	-0.539794349123814	0.214800191262999	-2.60823963340363	-0.96977723880043	-0.210438577459466	-1.68127884216445	0.220352383576674	-0.504199210173037	-0.701903739148072	-0.197154996367989	-0.679039983035312	1.14453823823551	-0.0486452242107284	0.290735224860359	0.823671308789247	-1.01278887367091	-1.05141222547853	-2.33179112252556	0.854423028610911	-0.406003461665493	0.0976043487629366	-0.637931663997622	0.127869959836641	0.764921239383619	-0.743878464547385	0.904538155847205	0.0970848163881091	1.36413246643426	0.240111476331274	0.98459761179552	0.0127584402004054	-0.179185925621617	-0.123846399775508	0.0468858206204772	-0.74018593996967	0.967472937717817	1.28178032512693	0.834670912484963	1.25046600595172	0.554067097197442	0.833579414452813	0.250638846991545	0.465131150243921	0.46418243467152	1.21738556298231	1.17572550271161	0.077792254236035	-1.28771857103186	0.234089448492996	-0.172925838465305	0.0177793185801446	-0.898180457840757
-0.105596064736969	-0.403322009614643	-0.76302599804621	0.823825968165574	-1.30677046707371	0.735116179653333	-0.231302204343964	-1.45518875338686	-0.21368105571867	0.289684822065711	-1.25793762753223	-0.555084973428855	-1.41524723428342	0.73582792432867	0.736804679084013	0.800404052772181	0.781502646680337	0.426611741105901	-0.0898212938199524	-0.62765742935134	-0.680426343212206	-0.385841922515552	-1.41688337366577	0.920111234629578	-1.14821586525677	0.93830804914432	0.371260497165385	0.210032678409783	-0.611110258401397	1.14996405155154	-0.867962762084636	0.470126223500967	-0.466644233556255	-0.890411512797758	-0.357842201863168	-1.6758144058381	-1.57761496680967	-0.325247417834632	0.275572485725409	-0.202143851192277	-0.652695590327383	-0.473565631558353	-1.56347304488889	-0.713437603498401	0.640803465292762	-1.85986893499383	-1.71917037826782	-1.04467799903894	-2.23999055566993	-1.30368719064506	-1.0522324065156	-0.541606520200934	0.901872157640992	-0.599825769548402	-1.21623721047067	-0.322287282431062	-1.45538613178863	-0.869916743383942	-0.917684321945587	-0.772290180558245	0.466887700930062	0.276488055059211	0.189461959786689	-0.182483621573752	-0.943307289880735	-0.495670244949468	-0.123250041509486	-0.170055183935376	0.42256845913301	0.488624950242471	-0.889529090410052	0.339602089244738	0.72941884106913	0.194665093003051	0.413890321710887	-0.0033870068322666	-0.0348133461699442	0.207622390026683	0.125507460840582	1.24667325730191	-0.943054846697843	-0.0946885674506712	-0.125438627933334	-0.407756355728714	0.189763473711655	-0.166868931657504	-0.791498006172416	0.0363296248467899	-0.389664073653061	-0.30504879390207
0.162402960142496	1.27513104696023	0.231540191698883	-0.746777219487307	-2.06014201952755	-1.32495152270988	1.53394767519405	0.380559816524879	0.27459411451004	-0.71639038817576	1.3307895009757	1.66465618028959	0.0911026348852335	-0.479681213432265	-0.350744287162787	1.05505087364895	-0.281958870842303	0.475526229561099	1.0725948052354	-0.281081874174519	-0.310601806792006	0.375629639584241	0.0617189198734514	-0.966204773353777	-1.28896673068262	-0.0487178033915244	0.896332873544334	1.18113607251512	-0.651172331105009	-0.787124721494298	0.976070421826082	0.00908232797467238	1.68819165547258	-1.00740236453199	0.132116718285403	0.25530571197315	0.369635312551707	0.953475460964803	0.149779750789095	-0.941732872344012	-0.765053233051718	-1.05791619986936	-1.22634540969772	-0.948597264794682	-0.327676250206496	0.790106742428882	-1.36771093478529	-1.20201675844199	-0.746629224023934	0.55720939642142	-0.062946946942566	0.257826762381716	-0.294336337815808	0.762343836981364	0.402639680939286	-0.0563145601852116	0.621573703966402	-0.477656560006666	0.398904526258616	1.38935008397944	-0.496853765270059	-1.21858645970416	-0.849250442541912	-1.89679021822236	0.791783646835895	-0.728451634994365	0.118215548731692	-0.231341590997368	0.117602998162496	0.27357072876429	1.94422377326024	0.399480208414356	-1.7439529456926	0.525058821110562	0.320451118745685	-1.24981453433774	-0.758590655354306	-0.254897989459267	-1.22557932447488	-1.35501886761037	-0.640181982650815	-2.23350029464056	-0.307945958721551	-0.780369323278	0.226295217014265	-0.0765963394412463	1.60097676364064	-0.258115507505716	-0.781266022132341	-0.783229802538488
0.713116592302904	0.654750607858994	-2.22164180656182	-1.0375916572044	-0.948198693693857	-2.34000635269772	-0.805432603454807	-1.62267230804621	-0.243654558366194	-0.715541102122402	0.073028063565638	-0.947720601514432	-2.15343539830089	-1.49145514958474	-0.299710745288946	0.504193765247052	0.759586555361711	0.112924068509132	0.39466644167124	0.0866695302479452	0.190326859572252	-2.05095720792084	-1.84409494716283	1.50648093836099	-2.41874254784405	-1.33465409409594	-0.391617512391255	0.9002889022494	-0.696353843904783	-3.06865376911142	1.76983755155106	0.398163621614687	1.86204475001047	3.17063885949064	1.5826193243477	-0.0642368870186145	3.37164215698807	2.20996338644589	-0.198672713965913	0.570634068740011	1.17787706604784	0.691850997352256	1.52217551896188	1.12325324022974	1.41365929059629	0.0167575458299722	2.83539469281804	0.656119138687298	1.37073117794185	-0.15677893785805	0.556088677976	-0.11398717514259	0.607661716991949	0.98205457446908	2.87193626154422	1.81770020260076	2.74172392125997	0.627513099999804	1.76065854351089	0.700516260813222	1.27592167671161	-0.284374752503475	-0.0117290882837143	-0.567755047330144	-0.408803201327972	-0.08317220057537	-0.425308732360254	0.283005851987822	0.188469828305752	-0.536483056142659	0.705338358123165	0.213865678930017	0.591814819773644	0.835845937161867	1.58958229066173	1.3114102827603	0.784858692925213	0.226768132293975	0.515063904633252	0.876517323544553	1.01470752509735	-0.136045012308231	-0.0916992661766561	0.323602107259658	0.665452044897738	-1.33311909281141	0.134140483751898	-0.259643111011115	0.179984081566939	0.534274952681654
-0.161673888044083	1.93348697903464	-0.188398370409539	0.756343028268234	-1.16247688288747	-1.76222438689538	1.40853916923577	0.175957085042628	0.634691337921527	0.0209023788155878	1.27376871941923	1.33415313015617	-0.0787758616309992	-1.63159999939493	0.0473543098813072	-0.234366454108646	0.41867657783279	0.437795983183163	-0.562052199373045	0.76581948491	2.02678870431206	-0.517695496199853	0.0836259229666119	0.634435724751266	0.0398920318775847	-1.74085441233747	0.245706303332308	-0.14847250279927	-1.05315415962081	-1.02531680030189	0.18171319860215	1.56063965345678	0.364668369821934	-1.40183645984373	0.745681177940497	-0.39753752664213	-0.669259593643574	-0.778664231731267	-0.998804132877142	0.551879419087596	-0.638966901496059	-1.0573569041713	0.168013802580411	-1.65736882433952	0.0481993578545587	0.183342891344825	-1.78108744147264	-0.691849570339631	-1.00131591376366	0.434353488966766	0.0533369245376545	0.401085248002039	2.6304876875639	0.866272672936365	-1.67350534553298	0.456394803160194	-0.109236568242243	-0.167351970860459	0.179139799791783	0.340987498676846	-0.618995875676109	-1.74039521659158	1.46245057877547	0.192194784136157	0.330883248308084	-0.643611714078145	-0.55567827561393	-1.09224728796061	0.481344370499862	-0.876493329462896	1.3136996131962	-0.384788608200242	-0.529373018273247	-0.67957772788106	-1.40362640648694	-0.546802586365139	-0.19282074699353	-0.131736193761743	-0.736775583396733	-0.388506563505369	0.57467274516687	0.812520535692012	-0.819101050518603	-0.648508007426103	-0.736286737388188	-1.35129165369191	-1.66464499233106	0.2020657177728	0.76640904091361	1.23522718994191
-2.63475561362356	0.0148734312534824	0.594587542325867	-0.481429304447888	-0.936687390421515	0.991287713272589	1.15236861467615	-0.979946403104026	1.48969267336062	-0.557743617978248	-0.0018598806495321	0.0410080640017581	-0.283726453560488	0.407794720273971	0.21595906160023	0.239647699991491	0.841668100599054	2.30881570987408	0.596903639395678	0.0737915662955331	0.895729667291073	0.958779692067171	-0.0631784268723898	-0.281374074551538	0.312182098929754	0.0957273863082378	2.93082347545046	0.425708199349704	-1.46531989773788	-1.01015256976414	0.991771492781769	1.52505615232768	-1.20162005560123	-0.542932824962868	1.17974622744349	1.84918868616428	-1.20929760228352	0.732440311178392	0.57950983519562	-0.331285053887726	0.068812429161496	1.46522777275594	1.43212123902989	1.87838337309249	-0.306361749746711	1.75470960990564	1.40309046086924	1.86885825419991	2.80227089296213	1.82558072093042	3.21451970639555	0.310100188181719	0.630937332252261	0.282902600651956	-0.310469185366544	1.77828224699753	0.0874305313999074	0.758995674836748	0.365339315537301	-0.0161622877306364	2.69414663602569	1.29484171284369	-1.16386242808144	0.229102379518467	-1.06765765240203	0.337609276802594	0.866985566293827	0.907662855006083	-2.23758166114098	0.0895890832223523	-0.580365708567318	2.31723108948795	1.64975264874335	0.394653128219182	2.1333590680087	1.612838727153	1.69809270724319	-0.442868362685381	1.27539269882123	-0.315996667034431	-0.847714056244564	1.44825238474109	-0.116170078535817	0.463469913300055	-1.68626471475024	-0.815876950399704	1.12057614629597	-0.298558016341809	0.248063825773847	-0.252680854693229
-0.392380908171959	0.366364426270811	0.382050336062852	0.154458176836815	1.1627051951445	-0.932449678977266	-1.98804644632457	1.43963993021621	-0.912046378305778	0.902274283419844	-0.534683266084822	-0.377747448350606	1.05938544364762	1.2681535658187	-0.948275974342887	0.022970990295953	-0.717979911019031	0.691879005617228	-1.82135757465528	0.497293888017628	0.236005959870298	-1.58454123019841	0.0222916101128866	0.198322624024703	0.222264814293161	1.32523667195452	-0.359382299878347	-1.24232053711827	0.224081194161642	-0.237750386279976	-0.069802237502652	0.209952276799628	-0.272133411603757	-1.3412572304978	-1.80828801087168	-1.02241293745788	0.217828787164278	-1.67512850331493	1.72342494036866	-0.0712914493994408	0.238112534246705	1.56811374299542	-1.13982897314658	-1.66116395470801	1.59980793167435	-0.381947711674673	-0.486030994211364	1.18354433597653	-0.804350955971725	0.667290010952736	-1.01889100134724	-0.895129974130267	0.915281492698984	1.20307473454305	-0.558963786924272	-0.439324130150341	-1.25951698304868	0.421588143856453	0.120435426870947	-1.73099917921924	0.966835530062463	0.117557401061532	-0.0347199329327345	-0.258246870650348	0.480181043915273	-0.203014120086161	-1.10799701997865	-0.168627853365905	0.828591312592553	-0.267989429293019	0.153691085445721	-0.548471779763264	0.349039695542693	-1.46370911618633	-1.35591571385046	0.487319495134014	-1.55120569146985	0.823594414764744	-0.745515075260399	-0.770622095900609	0.00645701090059294	-0.704969524281139	-1.75193473734089	-1.0241194324975	-0.172348992116086	0.715591834346625	-0.147590762123522	0.701188982665246	-0.0747664219479061	2.0021852423363
-0.558479665015447	1.18234780378043	0.688232930766552	-0.763429513931837	0.597256199420488	-0.0389754211277275	1.5556932526383	-1.89581005948929	2.28709881282611	-1.05982519530496	0.421054443969385	-0.360930820006725	-1.36668828656025	0.314742136145519	-0.315560137172039	1.72228193026363	0.962675616203136	-2.65432916437936	0.49919755835112	1.4312964895163	1.34744261298862	0.543544749101578	-0.78975256903937	-0.340138728663834	-0.00967861870357085	-0.196609226752556	-0.821998979032479	-0.979866250131086	-0.32358929384919	-1.40612702067922	0.230135153453292	-0.512720439846909	-1.17750043870244	-0.687932136188161	0.482145922015824	-0.431235622505712	-1.27983137756969	-0.246197749334169	-0.339218599736561	-0.934485015625899	-1.06596202082006	-0.530515276554837	-0.886841181427242	-0.616411828558054	-0.274106263958294	-1.03258504465731	-0.992683421705976	-0.564043917789353	-0.513408173713665	-0.673942140023726	-0.317581888904751	-1.40371996177595	0.00253869864789508	-0.48036505970389	0.0728222874265195	-0.611936289580901	0.404121300500065	-1.76042164290467	0.0633020176861524	0.185666626643035	1.37416269654112	0.216297133182019	-0.468310226332521	-0.620910889287968	1.39770215416457	0.711096663974817	0.838613286848309	0.0162211526012821	0.729950785259738	-0.000235683130393358	0.528264683616748	-0.0847188713212485	-0.732379916766958	1.54367971967192	2.4401488407905	0.603927165656111	0.53905361121796	0.194534171785558	0.994674145380126	-0.271798793961423	-0.0468265965638503	-0.531302525124362	1.37041290247366	0.57555840175452	-1.18871605095654	-1.09651846531004	1.53784940887611	-1.96964387791981	-0.262022682799345	-1.76132347301728
0.748813640557276	1.36180645998296	0.68909242018052	0.0226375358607697	-0.47365661327308	-0.577530051267357	-0.330571565832926	1.35466461758401	-0.331957104576334	0.011369487921542	-0.70683141336076	-0.459793744405041	0.787155981309489	1.03244873075697	0.719473747116261	0.741677149370721	0.135773303949035	-0.800128722186431	-0.536555654526441	-0.374908708158475	0.199297962996168	0.491078269178587	0.824694038361003	0.979270889570327	-0.746279030555898	0.807133875799446	-1.31487407156724	0.697056447206411	0.620320083408359	-0.0833721439157057	0.470767807156666	0.854583064427485	1.00007988890017	-0.44660379312304	0.0407014367249708	0.491763942510874	0.573350120896695	0.209182008016176	0.555378836558962	0.468102205265493	0.774065957155131	0.887581862864821	0.165456754742173	-0.6461290051859	0.532445231230609	0.157174383656779	0.214302769370912	-0.067580232995471	1.05594715084681	0.049074457443205	0.424726009412126	-0.0766699684819305	0.0521066041900208	0.856715787936919	0.972319559243965	-0.505152172456817	0.26619023716362	1.64153940331088	-0.68018133247166	0.186573278254345	0.588900183210036	0.469315836057119	0.497682145948863	1.48052308135086	0.325327951069345	1.68064180935874	0.736507079019592	1.0008590955561	-0.842776894989149	-0.0404493447414827	-0.908227139042413	2.47729117487733	2.17119831991984	1.24256773845475	0.0839568544752388	0.825654889275455	1.47516387907983	-0.795358731733269	1.55696790798736	-0.396282435055379	-0.38270806628333	2.11839537273514	1.54551301282594	1.85484299858217	-0.347488271730025	1.28864084785326	-0.176322983072995	1.5239864825641	0.710910774380716	-0.0862899036800848
1.49306358752155	1.09750814610994	1.35654170329817	0.158529350821497	-0.384109666245914	-0.135416035925349	0.0181024017837399	0.383111844298687	-0.960447924154007	-0.956994146539739	-1.73139742279336	0.370570475659234	-0.143932323517776	0.348220625935556	-1.17080595101978	1.76886884045173	-0.385158837231374	-1.42967435287628	0.673415138612253	2.01699025886772	-0.386795904565337	0.60769230873707	0.216203912912761	0.00586314501588364	0.312110180795254	0.101014095306939	-1.53327432190476	-0.376847870604982	-0.428505682783313	1.45120018665557	-0.232109684770852	0.34310219216888	-0.813917598735804	-1.83938776169287	-1.70840795392707	-0.216425273916527	-0.731091195658308	-2.83378085025712	-0.59902691596082	0.823887799926876	-0.925326027629146	-0.210345763663943	0.291847790983379	-2.45437254608715	0.143280010155727	-0.123909892829197	-0.470951463299209	0.307542994755952	-1.57742963796785	0.176143794825456	-0.241388123932039	-1.05379583426906	-0.627790186238297	0.208521479048619	-0.893084211276382	-0.879464134934553	-0.762387914374141	-0.493788377059744	-1.67064511868639	-0.533129100467002	0.784152193053203	-1.31235885617981	-1.1444900426851	-0.143651864006723	-0.520217713160818	0.817565221537318	-0.347244513915486	-0.379950229699677	-1.04860366208675	-2.40655159758094	-0.854211224247418	-0.814254226522616	-0.344877892752414	-1.18398505484403	-0.933162890031213	-1.11318298137137	-2.64884728670383	-1.61634285265385	0.237416675228959	-0.0543893135000583	0.424275093624503	-1.83523618505312	-1.04233136507676	-1.50715042576477	1.14731932608995	-2.21920394705551	-0.396034679328053	2.0943818853035	-0.803993834989673	-2.10932692687642
-1.96766217944645	-1.12672547877325	-1.59301887905252	-2.08717822495244	-1.6609541158849	-0.398820619822543	1.70073765947831	0.0633616463905055	-0.929720388242518	0.14283427437746	-1.62902609030531	-1.95342017217832	-1.38419780035779	-1.68444602415996	-1.12278449684196	-1.01684966035967	0.190169333062386	-1.34484753440944	1.33386130794923	-1.034390302086	-1.43343645583675	1.48776154022319	1.32810607270783	0.122555781158852	-0.135855830077898	-0.496029051830102	-0.970813163137369	1.27146986361438	-2.02004433347317	-1.31157095659949	-1.63959624485717	-1.28185622903881	0.916426401418616	-0.0273823324110635	-0.395580575680901	-1.53408834287608	0.475368633930835	0.172145358411954	-0.0684401144451912	-0.896742596014429	-0.296244832083991	-1.57307050459386	-1.41995830002972	-0.189209309922612	-0.686168662223697	-2.14486843483685	-0.350392160462971	-2.2568658635724	-1.51194404760618	-2.03179970632662	-2.55345919477581	-1.27806919554897	-0.831839735409716	-0.189633073422119	-0.99046899607494	-0.356071681860043	-2.85041030482276	-0.20867662388157	-1.65647144407815	-2.5312332948544	1.5611165658286	-0.171953745401653	-0.475484277456438	-0.680960059877552	-0.002776501264218	-0.372522209482912	-0.193530711322879	-0.31650411657133	0.824325091919774	-0.101291519927654	-1.38538063329423	0.541802729373325	1.82911604968901	0.605344560725927	0.45493887108026	0.394568565330258	-0.74565646923395	-0.635735415195039	-0.427363015353932	-0.497090264358465	-1.08801589288677	-0.55591911326097	0.393042141911105	0.37373309773219	0.419690896957967	0.391536325970241	0.185726946299928	1.27423504997305	-0.568935023807515	-1.68964913142343
1.50448451299152	0.146753210685578	0.743278960148332	-0.317857051891004	0.83308293131326	0.389645568209484	0.668222713690443	0.19562651583733	0.435356665073232	-0.998068762795539	-0.0706671462814894	0.386736984226182	-0.0471881127071688	0.0306447610299146	-0.599474699813897	-0.550404233619251	0.0533665324388696	2.19825604578539	-0.356764503658601	-0.11476164443307	-0.229631735650186	2.13936696017823	1.37256081988863	-0.140230335508392	1.62355849347279	0.697272707587398	1.91200842486219	0.607624044941288	1.38090390883676	1.71346684881366	-0.535418915684199	0.40772844343887	0.929095160535786	0.763485333989737	1.14586329082853	-0.0905733609899187	0.564400919664725	1.8881394330306	1.12084100167472	0.74456088248754	0.699307273598978	0.913114757517915	0.694558846578131	1.11573403621481	-0.400076156253105	-1.22011261622455	-0.393768155592341	-1.14434870408529	-1.20384409078804	-1.85187501138911	-0.411881661415267	0.0327520551321632	0.151922505537816	0.565120768073956	-0.307414406312442	-0.343449079753484	-0.255651167321897	1.58653678157961	0.196122623800165	-0.0165995511696248	1.64351854206801	-0.420385241451381	1.00056564148104	0.199935697531571	0.388201012313095	0.577715413903262	0.635747673302863	0.6080424709837	-0.386257791122706	-0.205495878819775	0.151981183526526	2.42861198506925	1.85633247835277	2.21511775297708	0.692049407577343	1.09996685215048	1.95576208048975	-0.639644187979769	-0.160772656193803	0.317664983341277	0.324615083841184	0.94208706736716	0.474765660070511	1.05086274606982	1.55784529685683	0.299472682993133	0.557717665933852	2.05378615447243	1.46996600238693	1.1025258623872
0.563708874656988	1.08741469771609	-0.0637682831621617	1.33077954946945	0.106592312749658	-0.215795416950639	-0.104113971075976	-1.77820176853286	-0.416880898140285	0.656690312466755	0.910551024791292	0.625173935601975	-0.932640608900221	-0.0950357854455973	-0.0632474284524374	1.50168589181902	-0.920253129002177	1.25975261126313	-1.74763594815144	1.69131616355507	0.815829107674954	0.999645034401679	-0.396374194128739	-0.428762149937015	-0.432127758398206	-0.398461692962107	0.407597755154795	-0.733561478452954	0.600334766378407	-0.0124849361829167	-1.62182960427552	-1.13898545639986	0.948146914361207	-0.522129030124141	-1.91615132154251	-0.647015528988884	0.708172860335628	0.0127879838978431	-1.15888249504278	-0.119722710386405	1.20001059125248	-1.76879730789759	-1.39036915269122	-0.727802314022843	-1.06088416116881	-0.36521515625021	-0.943930005985197	-1.05837059937782	0.360032706676464	-0.185714060695831	-0.99238401039398	-0.41876746034443	-1.40808881970477	0.253094166334661	1.43092689467978	-0.548221429167676	-0.767673386950383	-1.7693741223548	-1.36636718094976	0.432218815963884	-0.233376450930488	-0.505902968836449	-0.396285758107198	-1.44250197147963	-0.851152813054441	-0.67024075611553	-0.788924166971806	-0.509922913392049	-1.24686572518124	0.366303978620083	-1.24939267321257	-0.610524285822715	-0.359501346528981	0.597116250869843	0.169671177123465	-1.16656677775615	0.53933425525627	-0.111182597383478	-0.644289857420233	1.79155348140954	0.489195730252475	0.23454066117865	0.840465845321076	0.120149352708722	1.63053487435255	-0.63837045671032	-0.127790447154911	0.0105077632899109	-0.0129263779022878	-1.0617338442397
0.315115222510318	-0.240340008365698	-3.03758434993496	-0.893379798615833	0.385087727958593	-0.550704190295095	1.21682907415744	2.36314783375478	1.87409954698482	1.32834524339754	-0.0224050764732901	-0.0747155587812958	0.130363821982116	0.994139859423254	-0.0124410244680084	-0.681089362508808	1.24988697825487	-0.150125503072833	0.926669436788171	-1.46947677725786	0.638277299561445	1.60676318169691	2.19478199887231	0.971239730017986	-0.830689760353993	3.23043956333945	0.355023599713813	1.21017174871154	-0.0390688579545712	0.441167584412401	-0.0342693992728817	0.304095859230925	0.23843354264246	0.99089355959556	0.410421342385255	-0.182564097491339	0.622777338066088	0.783131423130663	0.229361652848579	0.864709188914655	0.51392843714284	0.12399134878057	0.596670709559522	1.28605958353761	-0.262610419517577	0.0996481676332185	0.754123721345696	-0.59750333093231	0.75760465021924	-0.987500944397382	0.235435322950538	-0.694206138893801	-0.912641900993472	-0.0536846469957704	1.82526813388415	1.37291511235392	1.16116185160967	0.763289689994805	1.0960383132695	0.766094778392391	-0.903290799957922	-1.34286484817588	-0.823760880689085	-0.214462095114938	0.671110201635614	0.120002917858478	0.508237664862033	-0.666099609364234	-0.984501268341209	-1.64225547303544	0.624903960153896	-0.224912901083772	0.019494772192765	-0.334346583474349	-0.421787773146857	0.753783032608086	1.03156108873909	-0.590772185042241	-0.0858508644080287	0.563728069926698	0.75609991869444	-1.16838021203261	0.578099851824921	0.709630053989916	-0.0813757350105783	-1.35699993019232	0.257904290246254	-1.69154012936233	-1.43797508670052	-2.09242377437516
-0.465511036552541	0.329777061937552	1.43611292446559	0.554024414879802	-0.321770698119047	0.300752102762178	0.448075245276017	-0.297566593771168	-0.530641621672208	0.839644222014722	0.690917768255045	0.127079988126539	-0.235726976901426	-0.172456443196293	0.420571165510182	0.616114083839948	0.201474084665329	-0.318551342501239	-0.450735253553721	1.274936426301	0.354287587675532	-0.140062804567641	0.216442400732839	0.477876042802495	1.83812723409875	0.131325462061292	-0.44531982562079	0.437020066260892	-0.481463913208957	-0.758595919905298	0.721161934208755	-0.0286273087618542	0.0475886310593513	1.0655519195759	0.412079825073714	0.694805491176111	0.699073306865641	0.687942663632882	0.800182847844705	1.94068417716259	0.921644001224914	-0.370306335774137	0.529761938155929	1.37775783301163	-0.0190419144987324	-0.208584883974539	1.22917789886139	-1.41456537532937	0.505019948409661	-0.231340772330776	0.649373602884305	1.14791359563188	-1.72629242961171	-0.0551350612788302	1.80629045384638	-0.459356330038562	0.979426681895572	2.01612000275132	-0.681685425473544	1.33018540957978	0.245716140620769	1.02021137600706	-0.481554482469054	0.962519367048112	0.633962706654359	1.40001890205074	1.41056103771806	0.647000526189628	0.048121056765496	-0.543163532778904	-0.149586625323566	0.690448853951527	-0.232080797671566	0.480320159684928	1.49730784996504	2.54415403161185	-0.562201461160571	0.682917175748604	1.52288063892932	1.25682287432636	1.31900839442552	0.700985480737967	0.872753141247457	-0.482040615552738	-1.58579228657142	-0.76642181545271	0.92401581404076	-1.71599042545898	-1.22995931428666	0.149310842047814
1.57607292868005	-0.66869365108978	0.170947440812391	0.840528881084996	-0.776361656865224	-1.0724274691239	1.2347525646129	-1.08773914116223	-0.925903783790855	-1.4566656529497	-0.0137125622577168	0.180336228818201	-0.124864271494899	-0.669534585952356	0.301888532242952	0.283961035001989	-0.33143973118219	-1.06143886207712	0.625549284860101	0.111694119022415	-1.19578213609415	0.398743900270742	0.06155665950927	-0.742277663495833	-0.583298482190031	-1.46437266700057	-0.558683293519592	0.403396993792745	0.745996617546983	-0.280837652052222	-0.351463915487187	-0.633606373348334	0.489700293819429	-0.506484311894522	-1.34869750884497	-0.0181823855432784	0.121304234317002	-0.614830824853622	-0.77612901952378	-0.488723573766997	-0.807316126970774	-0.577322252037205	-1.80518452919321	-1.45766152396391	0.476343015499782	0.175166702521706	-0.439797867838926	1.31523855573935	-0.58278418800614	0.95596374066022	-0.682851069620473	-0.520500562037085	-0.223549857807591	-0.810210797277031	-0.712946107158085	-1.43216269232028	-0.115878102848885	-0.894270275180464	-1.07217027502769	-0.319587301854026	0.812803450827196	1.49221071811009	0.0686466584389887	-0.642322462841528	-0.719380390544293	-0.8954219875892	-1.56981534754647	-1.23733238628095	0.6941393586074	1.37614270900193	1.10431506245788	1.87266039449166	0.250817842292731	-0.265049148884116	1.07301572480469	1.67680433116051	0.945285477446398	0.879719291923958	-0.0677978445191095	-0.047480577488777	-0.301318660637055	0.779012963465329	-0.949343404689282	-0.241829994982079	-0.126769392933638	0.782399005966166	-0.172256438342257	-0.450464523903728	0.848170841646771	1.07019409083746
